method,protein,pose_file,rank,eff_rank,rmsd,pb_rmsd,pb_valid,centroid_dist,bestfit_rmsd,n_copies,rmsd_ref_re,rmsd_refcopy,rmsd_nearest_copy,nearest_copy_is_ref,cd_ref,cd_min_alt,rmsd_min_alt
autodock,6WTN_RXT,/home/manndo/master_dev/posebusters_results/benchmark/dock/converted_pdbqt/6WTN_RXT_protein__6WTN_RXT_ligand_vina_out_model1.sdf,1,1,3.775249954293266,3.775249954293266,True,1.2343071841939308,1.0734375160546328,1,3.7752499542932654,3.7752499542932654,3.7752499542932654,True,1.2343071841939308,,
diffdock_smina,6WTN_RXT,/home/manndo/master_dev/posebusters_results/_benchmark_staging/diffdock/6WTN_RXT_ligand__6WTN_RXT_protein/optimized_smina/rank1_confidence0.38_smina.sdf,1,1,0.6763739826071269,0.6763739826071268,True,0.1748306521683686,0.4306315938055883,1,0.6763739826071269,0.6763739826071269,0.6763739826071269,True,0.17483065216836868,,
autodock,6XBO_5MC,/home/manndo/master_dev/posebusters_results/benchmark/dock/converted_pdbqt/6XBO_5MC_protein__6XBO_5MC_ligand_vina_out_model1.sdf,1,1,1.0018276934047723,0.6569563428140688,True,0.0705610338935947,0.6132829252342136,1,1.0018276934047725,1.0018276934047725,1.0018276934047725,True,0.07056103389359474,,
diffdock_smina,6XBO_5MC,/home/manndo/master_dev/posebusters_results/_benchmark_staging/diffdock/6XBO_5MC_ligand__6XBO_5MC_protein/optimized_smina/rank1_confidence-0.42_smina.sdf,1,1,10.71226331615058,10.71226331615058,True,8.964362072374593,0.8822583254511904,1,10.712263316150581,10.712263316150581,10.712263316150581,True,8.964362072374593,,
autodock,6XCT_478,/home/manndo/master_dev/posebusters_results/benchmark/dock/converted_pdbqt/6XCT_478_protein__6XCT_478_ligand_vina_out_model1.sdf,1,1,9.022691199731613,9.02269119973161,True,0.6521829397789973,1.4953630283010315,1,9.022691199731613,9.022691199731613,9.022691199731613,True,0.6521829397789973,,
diffdock_smina,6XCT_478,/home/manndo/master_dev/posebusters_results/_benchmark_staging/diffdock/6XCT_478_ligand__6XCT_478_protein/optimized_smina/rank1_confidence0.51_smina.sdf,1,1,1.551180408868402,1.551180408868402,True,0.2760858061974069,1.328877869893753,1,1.551180408868402,1.551180408868402,1.551180408868402,True,0.27608580619740697,,
autodock,6XG5_TOP,/home/manndo/master_dev/posebusters_results/benchmark/dock/converted_pdbqt/6XG5_TOP_protein__6XG5_TOP_ligand_vina_out_model1.sdf,1,1,2.4906887075857624,2.4906887075857624,True,1.6195199066054118,0.8864529599026778,1,2.4906887075857624,2.4906887075857624,2.4906887075857624,True,1.6195199066054118,,
diffdock_smina,6XG5_TOP,/home/manndo/master_dev/posebusters_results/_benchmark_staging/diffdock/6XG5_TOP_ligand__6XG5_TOP_protein/optimized_smina/rank1_confidence-0.11_smina.sdf,1,1,0.5875930710473508,0.5875930710473508,True,0.2631541576774894,0.4904615688331096,1,0.5875930710473508,0.5875930710473508,0.5875930710473508,True,0.2631541576774894,,
autodock,5SAK_ZRY,/home/manndo/master_dev/posebusters_results/benchmark/dock/converted_pdbqt/5SAK_ZRY_protein__5SAK_ZRY_ligand_vina_out_model1.sdf,1,1,0.4444999687539045,0.4444999687539045,True,0.4638457814532667,0.134771697806223,1,0.4444999687539045,0.4444999687539045,0.4444999687539045,True,0.4638457814532667,,
diffdock_smina,5SAK_ZRY,/home/manndo/master_dev/posebusters_results/_benchmark_staging/diffdock/5SAK_ZRY_ligand__5SAK_ZRY_protein/optimized_smina/rank1_confidence-0.40_smina.sdf,1,1,4.253085843896824,4.253085843896823,True,1.5790870301780633,0.1462330887743817,1,4.253085843896824,4.253085843896824,4.253085843896824,True,1.5790870301780633,,
autodock,5SB2_1K2,/home/manndo/master_dev/posebusters_results/benchmark/dock/converted_pdbqt/5SB2_1K2_protein__5SB2_1K2_ligand_vina_out_model1.sdf,1,1,0.4476968468357426,0.4476968468357425,True,0.3166155572790265,0.2708528331860861,1,0.4476968468357426,0.4476968468357426,0.4476968468357426,True,0.3166155572790265,,
diffdock_smina,5SB2_1K2,/home/manndo/master_dev/posebusters_results/_benchmark_staging/diffdock/5SB2_1K2_ligand__5SB2_1K2_protein/optimized_smina/rank1_confidence0.62_smina.sdf,1,1,0.4851983189033806,0.4851983189033806,True,0.3494478658620713,0.2687466247898092,1,0.4851983189033806,0.4851983189033806,0.4851983189033806,True,0.3494478658620713,,
autodock,6TW7_NZB,/home/manndo/master_dev/posebusters_results/benchmark/dock/converted_pdbqt/6TW7_NZB_protein__6TW7_NZB_ligand_vina_out_model1.sdf,1,1,1.0297028195317932,1.0297028195317932,True,0.6964600904219492,0.5180721064627102,1,1.0297028195317932,1.0297028195317932,1.0297028195317932,True,0.6964600904219492,,
diffdock_smina,6TW7_NZB,/home/manndo/master_dev/posebusters_results/_benchmark_staging/diffdock/6TW7_NZB_ligand__6TW7_NZB_protein/optimized_smina/rank1_confidence-0.46_smina.sdf,1,1,1.2199993096380193,1.2199993096380193,True,0.6449644905285968,0.686397685496163,1,1.2199993096380193,1.2199993096380193,1.2199993096380193,True,0.6449644905285968,,
autodock,6VTA_AKN,/home/manndo/master_dev/posebusters_results/benchmark/dock/converted_pdbqt/6VTA_AKN_protein__6VTA_AKN_ligand_vina_out_model1.sdf,1,1,8.749308178364734,8.749308178364736,True,1.8370788160146871,2.8713458965547964,2,8.749308178364734,8.749308178364734,8.749308178364734,True,1.8370788160146871,39.826970154532226,40.521162074896125
diffdock_smina,6VTA_AKN,/home/manndo/master_dev/posebusters_results/_benchmark_staging/diffdock/6VTA_AKN_ligand__6VTA_AKN_protein/optimized_smina/rank1_confidence-1.92_smina.sdf,1,1,39.84708201658874,39.84708201658874,True,39.195545697738496,1.633208433192091,2,39.84708201658874,39.84708201658874,7.530476959446195,False,39.195545697738496,3.75690534205098,7.530476959446195
autodock,5SD5_HWI,/home/manndo/master_dev/posebusters_results/benchmark/dock/converted_pdbqt/5SD5_HWI_protein__5SD5_HWI_ligand_vina_out_model1.sdf,1,1,4.417925859105348,4.417925859105348,True,1.0608108479707463,2.706674831383649,1,4.417925859105348,4.417925859105348,4.417925859105348,True,1.0608108479707463,,
diffdock_smina,5SD5_HWI,/home/manndo/master_dev/posebusters_results/_benchmark_staging/diffdock/5SD5_HWI_ligand__5SD5_HWI_protein/optimized_smina/rank1_confidence-0.29_smina.sdf,1,1,1.6755183381208667,1.6194345579819542,False,0.8160610645327823,1.220145317660243,1,1.6755183381208667,1.6755183381208667,1.6755183381208667,True,0.8160610645327823,,
autodock,5SIS_JSM,/home/manndo/master_dev/posebusters_results/benchmark/dock/converted_pdbqt/5SIS_JSM_protein__5SIS_JSM_ligand_vina_out_model1.sdf,1,1,8.490863192279098,8.490863192279098,True,5.920674660834931,2.69117702653729,1,8.490863192279098,8.490863192279098,8.490863192279098,True,5.920674660834931,,
diffdock_smina,5SIS_JSM,/home/manndo/master_dev/posebusters_results/_benchmark_staging/diffdock/5SIS_JSM_ligand__5SIS_JSM_protein/optimized_smina/rank1_confidence-0.15_smina.sdf,1,1,1.126830156622994,1.126830156622994,True,0.072260178646122,1.1167455348881916,1,1.1268301566229941,1.1268301566229941,1.1268301566229941,True,0.07226017864612208,,
autodock,6XHT_V2V,/home/manndo/master_dev/posebusters_results/benchmark/dock/converted_pdbqt/6XHT_V2V_protein__6XHT_V2V_ligand_vina_out_model1.sdf,1,1,1.7702628668214948,1.6791659081397596,True,0.4602531883701062,1.584955718885597,2,1.7702628668214948,1.7702628668214948,1.7702628668214948,True,0.46025318837010626,89.0767543902147,89.38486054449504
diffdock_smina,6XHT_V2V,/home/manndo/master_dev/posebusters_results/_benchmark_staging/diffdock/6XHT_V2V_ligand__6XHT_V2V_protein/optimized_smina/rank1_confidence-1.26_smina.sdf,1,1,58.82022359559328,58.82022359559328,True,58.18944964706737,3.049385468466759,2,58.82022359559328,58.82022359559328,35.179775815177905,False,58.18944964706737,34.60850256274725,35.179775815177905
autodock,6XM9_V55,/home/manndo/master_dev/posebusters_results/benchmark/dock/converted_pdbqt/6XM9_V55_protein__6XM9_V55_ligand_vina_out_model1.sdf,1,1,1.054991426074595,1.054991426074595,True,0.8268621158800809,0.3746451294103403,1,1.054991426074595,1.054991426074595,1.054991426074595,True,0.8268621158800809,,
diffdock_smina,6XM9_V55,/home/manndo/master_dev/posebusters_results/_benchmark_staging/diffdock/6XM9_V55_ligand__6XM9_V55_protein/optimized_smina/rank1_confidence-0.36_smina.sdf,1,1,8.162735969580964,8.162735969580964,True,7.062568673900005,0.5683096273558025,1,8.162735969580964,8.162735969580964,8.162735969580964,True,7.062568673900005,,
autodock,6M2B_EZO,/home/manndo/master_dev/posebusters_results/benchmark/dock/converted_pdbqt/6M2B_EZO_protein__6M2B_EZO_ligand_vina_out_model1.sdf,1,1,0.815081272021386,0.815081272021386,True,0.5535303207594016,0.3762870333616896,1,0.815081272021386,0.815081272021386,0.815081272021386,True,0.5535303207594016,,
diffdock_smina,6M2B_EZO,/home/manndo/master_dev/posebusters_results/_benchmark_staging/diffdock/6M2B_EZO_ligand__6M2B_EZO_protein/optimized_smina/rank1_confidence-0.09_smina.sdf,1,1,9.08187374922158,9.08187374922158,True,2.3983649930800857,2.0372970228871115,1,9.081873749221579,9.081873749221579,9.081873749221579,True,2.3983649930800857,,
autodock,6M73_FNR,/home/manndo/master_dev/posebusters_results/benchmark/dock/converted_pdbqt/6M73_FNR_protein__6M73_FNR_ligand_vina_out_model1.sdf,1,1,0.8105241036395182,0.8105241036395184,True,0.296376934326598,0.7282511877325003,1,0.8105241036395182,0.8105241036395182,0.8105241036395182,True,0.296376934326598,,
diffdock_smina,6M73_FNR,/home/manndo/master_dev/posebusters_results/_benchmark_staging/diffdock/6M73_FNR_ligand__6M73_FNR_protein/optimized_smina/rank1_confidence0.12_smina.sdf,1,1,0.4493340333742665,0.4493340333742665,True,0.2155929463650712,0.3245473286745795,1,0.4493340333742665,0.4493340333742665,0.4493340333742665,True,0.2155929463650712,,
autodock,6T88_MWQ,/home/manndo/master_dev/posebusters_results/benchmark/dock/converted_pdbqt/6T88_MWQ_protein__6T88_MWQ_ligand_vina_out_model1.sdf,1,1,1.128829260783046,0.5954906380456367,True,0.3292935013024191,0.2793326022060229,1,1.1288292607830461,1.1288292607830461,1.1288292607830461,True,0.32929350130241913,,
diffdock_smina,6T88_MWQ,/home/manndo/master_dev/posebusters_results/_benchmark_staging/diffdock/6T88_MWQ_ligand__6T88_MWQ_protein/optimized_smina/rank1_confidence0.33_smina.sdf,1,1,4.625999843925635,4.6259998439256345,False,0.5894009195785108,0.2870579815480363,1,4.625999843925635,4.625999843925635,4.625999843925635,True,0.5894009195785108,,
autodock,6TW5_9M2,/home/manndo/master_dev/posebusters_results/benchmark/dock/converted_pdbqt/6TW5_9M2_protein__6TW5_9M2_ligand_vina_out_model1.sdf,1,1,0.7400270047382961,0.7400270047382962,True,0.5387792218970033,0.3535289458254546,3,0.7400270047382961,0.7400270047382961,0.7400270047382961,True,0.5387792218970033,63.73218548304591,64.00625219208995
diffdock_smina,6TW5_9M2,/home/manndo/master_dev/posebusters_results/_benchmark_staging/diffdock/6TW5_9M2_ligand__6TW5_9M2_protein/optimized_smina/rank1_confidence-0.38_smina.sdf,1,1,0.6699484395182242,0.6699484395182241,True,0.4514849522661655,0.3162895479024657,3,0.6699484395182242,0.6699484395182242,0.6699484395182242,True,0.45148495226616553,63.741762504559105,64.00895897638584
autodock,6YQV_8K2,/home/manndo/master_dev/posebusters_results/benchmark/dock/converted_pdbqt/6YQV_8K2_protein__6YQV_8K2_ligand_vina_out_model1.sdf,1,1,2.84874249450525,2.84874249450525,True,1.663987289614914,0.1312185542241593,1,2.8487424945052506,2.8487424945052506,2.8487424945052506,True,1.663987289614914,,
diffdock_smina,6YQV_8K2,/home/manndo/master_dev/posebusters_results/_benchmark_staging/diffdock/6YQV_8K2_ligand__6YQV_8K2_protein/optimized_smina/rank1_confidence0.53_smina.sdf,1,1,0.6127610341723769,0.6127610341723769,True,0.2736903836454623,0.4259174705296394,1,0.6127610341723769,0.6127610341723769,0.6127610341723769,True,0.2736903836454623,,
autodock,6YQW_82I,/home/manndo/master_dev/posebusters_results/benchmark/dock/converted_pdbqt/6YQW_82I_protein__6YQW_82I_ligand_vina_out_model1.sdf,1,1,0.6100527547977826,0.6100527547977826,True,0.3676272141654397,0.2708159982854973,1,0.6100527547977826,0.6100527547977826,0.6100527547977826,True,0.3676272141654397,,
diffdock_smina,6YQW_82I,/home/manndo/master_dev/posebusters_results/_benchmark_staging/diffdock/6YQW_82I_ligand__6YQW_82I_protein/optimized_smina/rank1_confidence-0.16_smina.sdf,1,1,0.5067389412167318,0.5067389412167318,True,0.3341323583440594,0.1226123998700771,1,0.5067389412167318,0.5067389412167318,0.5067389412167318,True,0.3341323583440594,,
autodock,6Z14_Q4Z,/home/manndo/master_dev/posebusters_results/benchmark/dock/converted_pdbqt/6Z14_Q4Z_protein__6Z14_Q4Z_ligand_vina_out_model1.sdf,1,1,5.90435041116106,5.90435041116106,True,2.2022363423137388,1.2777423188654615,1,5.90435041116106,5.90435041116106,5.90435041116106,True,2.2022363423137388,,
diffdock_smina,6Z14_Q4Z,/home/manndo/master_dev/posebusters_results/_benchmark_staging/diffdock/6Z14_Q4Z_ligand__6Z14_Q4Z_protein/optimized_smina/rank1_confidence0.08_smina.sdf,1,1,1.579783671196084,1.5797836711960842,True,0.904641061109015,1.0061136752286666,1,1.579783671196084,1.579783671196084,1.579783671196084,True,0.904641061109015,,
autodock,6Z1C_7EY,/home/manndo/master_dev/posebusters_results/benchmark/dock/converted_pdbqt/6Z1C_7EY_protein__6Z1C_7EY_ligand_vina_out_model1.sdf,1,1,4.645208455054422,4.645208455054422,True,0.8664675948788914,1.1706524042796214,1,4.645208455054422,4.645208455054422,4.645208455054422,True,0.8664675948788914,,
diffdock_smina,6Z1C_7EY,/home/manndo/master_dev/posebusters_results/_benchmark_staging/diffdock/6Z1C_7EY_ligand__6Z1C_7EY_protein/optimized_smina/rank1_confidence-0.12_smina.sdf,1,1,0.7320877589593903,0.7320877589593903,True,0.3893615601530186,0.4944860375278322,1,0.7320877589593903,0.7320877589593903,0.7320877589593903,True,0.3893615601530186,,
autodock,6YR2_T1C,/home/manndo/master_dev/posebusters_results/benchmark/dock/converted_pdbqt/6YR2_T1C_protein__6YR2_T1C_ligand_vina_out_model1.sdf,1,1,10.713495175756249,10.713495175756249,True,3.199492980046222,1.9017059543485144,1,10.713495175756249,10.713495175756249,10.713495175756249,True,3.199492980046222,,
diffdock_smina,6YR2_T1C,/home/manndo/master_dev/posebusters_results/_benchmark_staging/diffdock/6YR2_T1C_ligand__6YR2_T1C_protein/optimized_smina/rank1_confidence-1.58_smina.sdf,1,1,10.321224501551576,10.321224501551576,False,1.6161438222389075,1.5389822114014176,1,10.321224501551576,10.321224501551576,10.321224501551576,True,1.6161438222389077,,
autodock,6YRV_PJ8,/home/manndo/master_dev/posebusters_results/benchmark/dock/converted_pdbqt/6YRV_PJ8_protein__6YRV_PJ8_ligand_vina_out_model1.sdf,1,1,1.0390466784509738,1.0390466784509738,True,0.1941910200012749,0.9761642754961868,1,1.0390466784509738,1.0390466784509738,1.0390466784509738,True,0.1941910200012749,,
diffdock_smina,6YRV_PJ8,/home/manndo/master_dev/posebusters_results/_benchmark_staging/diffdock/6YRV_PJ8_ligand__6YRV_PJ8_protein/optimized_smina/rank1_confidence-2.65_smina.sdf,1,1,5.875312646649738,5.875312646649738,False,3.0685575671319527,1.5518729279069574,1,5.875312646649738,5.875312646649738,5.875312646649738,True,3.0685575671319527,,
autodock,6YSP_PAL,/home/manndo/master_dev/posebusters_results/benchmark/dock/converted_pdbqt/6YSP_PAL_protein__6YSP_PAL_ligand_vina_out_model1.sdf,1,1,1.461797844265751,0.2670796931629206,True,0.0775542904599781,0.2516450966539231,1,1.4617978442657513,1.4617978442657513,1.4617978442657513,True,0.0775542904599781,,
diffdock_smina,6YSP_PAL,/home/manndo/master_dev/posebusters_results/_benchmark_staging/diffdock/6YSP_PAL_ligand__6YSP_PAL_protein/optimized_smina/rank1_confidence0.55_smina.sdf,1,1,1.2294026905879936,0.283250817518678,True,0.1009013853736061,0.238753027494101,1,1.2294026905879936,1.2294026905879936,1.2294026905879936,True,0.10090138537360614,,
autodock,6YT6_PKE,/home/manndo/master_dev/posebusters_results/benchmark/dock/converted_pdbqt/6YT6_PKE_protein__6YT6_PKE_ligand_vina_out_model1.sdf,1,1,2.3428092662580355,2.3428092662580355,True,0.3796298281900584,2.2565316767915613,2,2.3428092662580355,2.3428092662580355,2.3428092662580355,True,0.37962982819005847,44.91457391599246,45.296209635984965
diffdock_smina,6YT6_PKE,/home/manndo/master_dev/posebusters_results/_benchmark_staging/diffdock/6YT6_PKE_ligand__6YT6_PKE_protein/optimized_smina/rank1_confidence-0.40_smina.sdf,1,1,45.67543282952219,45.675432829522194,True,45.25278060762592,1.7412692341639189,2,45.67543282952219,45.67543282952219,1.9906976382098296,False,45.25278060762592,0.6876581074993403,1.9906976382098296
autodock,6YYO_Q1K,/home/manndo/master_dev/posebusters_results/benchmark/dock/converted_pdbqt/6YYO_Q1K_protein__6YYO_Q1K_ligand_vina_out_model1.sdf,1,1,1.4059633333543384,1.4059633333543384,True,0.5741690394584004,1.0530068512039163,2,1.4059633333543384,1.4059633333543384,1.4059633333543384,True,0.5741690394584004,8.23472782045699,10.015988229352425
diffdock_smina,6YYO_Q1K,/home/manndo/master_dev/posebusters_results/_benchmark_staging/diffdock/6YYO_Q1K_ligand__6YYO_Q1K_protein/optimized_smina/rank1_confidence0.58_smina.sdf,1,1,6.937829758687245,6.937829758687244,True,5.414624294026049,1.0040937336703522,2,6.937829758687245,6.937829758687245,6.937829758687245,True,5.414624294026049,9.371778349973123,11.564614405590875
autodock,6Z0R_Q4H,/home/manndo/master_dev/posebusters_results/benchmark/dock/converted_pdbqt/6Z0R_Q4H_protein__6Z0R_Q4H_ligand_vina_out_model1.sdf,1,1,0.2936534238406443,0.2936534238406443,True,0.2694963523883347,0.0250523277285591,1,0.2936534238406443,0.2936534238406443,0.2936534238406443,True,0.26949635238833475,,
diffdock_smina,6Z0R_Q4H,/home/manndo/master_dev/posebusters_results/_benchmark_staging/diffdock/6Z0R_Q4H_ligand__6Z0R_Q4H_protein/optimized_smina/rank1_confidence-0.14_smina.sdf,1,1,18.920660004432545,18.92066000443254,True,18.84963865876609,0.0253785022083124,1,18.920660004432545,18.920660004432545,18.920660004432545,True,18.849638658766086,,
autodock,6ZAE_ACV,/home/manndo/master_dev/posebusters_results/benchmark/dock/converted_pdbqt/6ZAE_ACV_protein__6ZAE_ACV_ligand_vina_out_model1.sdf,1,1,4.769705367385564,4.769705367385564,True,3.4282881866355632,1.690774878080782,1,4.769705367385564,4.769705367385564,4.769705367385564,True,3.4282881866355632,,
diffdock_smina,6ZAE_ACV,/home/manndo/master_dev/posebusters_results/_benchmark_staging/diffdock/6ZAE_ACV_ligand__6ZAE_ACV_protein/optimized_smina/rank1_confidence-0.62_smina.sdf,1,1,3.8838591814392553,3.8319021505317705,True,1.431326782395781,2.3980743878357917,1,3.8838591814392553,3.8838591814392553,3.8838591814392553,True,1.431326782395781,,
autodock,6ZC3_JOR,/home/manndo/master_dev/posebusters_results/benchmark/dock/converted_pdbqt/6ZC3_JOR_protein__6ZC3_JOR_ligand_vina_out_model1.sdf,1,1,0.5626368870476469,0.5626368870476469,True,0.173461670437914,0.3001517716332545,2,0.5626368870476469,0.5626368870476469,0.5626368870476469,True,0.17346167043791408,20.949170110107517,21.511949696234726
diffdock_smina,6ZC3_JOR,/home/manndo/master_dev/posebusters_results/_benchmark_staging/diffdock/6ZC3_JOR_ligand__6ZC3_JOR_protein/optimized_smina/rank1_confidence0.11_smina.sdf,1,1,4.045407363748015,4.045407363748016,True,1.3855898657250674,1.2477001218000223,2,4.045407363748015,4.045407363748015,4.045407363748015,True,1.3855898657250674,19.72777165483556,19.981089388519337
diffdock_smina,6YJA_2BA,/home/manndo/master_dev/posebusters_results/_benchmark_staging/diffdock/6YJA_2BA_ligand__6YJA_2BA_protein/optimized_smina/rank1_confidence-0.79_smina.sdf,1,1,6.135806638754339,6.135806638754339,True,1.6749844654423338,2.752831886974281,2,6.135806638754339,6.135806638754339,6.135806638754339,True,1.6749844654423338,14.539704914395488,15.879531626765777
autodock,6YJA_2BA,/home/manndo/master_dev/posebusters_results/benchmark/dock/converted_pdbqt/6YJA_2BA_protein__6YJA_2BA_ligand_vina_out_model1.sdf,1,1,4.492162869932479,4.492162869932479,True,2.48523109271436,1.7953060444763915,2,4.4921628699324785,4.4921628699324785,4.4921628699324785,True,2.48523109271436,11.615609794751443,12.78371518591311
autodock,6YMS_OZH,/home/manndo/master_dev/posebusters_results/benchmark/dock/converted_pdbqt/6YMS_OZH_protein__6YMS_OZH_ligand_vina_out_model1.sdf,1,1,1.403461526776868,1.3251145395237134,True,0.4917581859708881,1.0688025497647289,1,1.403461526776868,1.403461526776868,1.403461526776868,True,0.4917581859708881,,
diffdock_smina,6YMS_OZH,/home/manndo/master_dev/posebusters_results/_benchmark_staging/diffdock/6YMS_OZH_ligand__6YMS_OZH_protein/optimized_smina/rank1_confidence-0.51_smina.sdf,1,1,2.731162083802424,2.69363167213761,False,1.2599472267211989,1.9428610621936933,1,2.731162083802424,2.731162083802424,2.731162083802424,True,1.2599472267211989,,
autodock,6Z2C_Q5E,/home/manndo/master_dev/posebusters_results/benchmark/dock/converted_pdbqt/6Z2C_Q5E_protein__6Z2C_Q5E_ligand_vina_out_model1.sdf,1,1,2.93157016211187,2.922691778270372,True,1.1148687308298932,2.1802364343840277,3,2.93157016211187,2.93157016211187,2.93157016211187,True,1.1148687308298932,45.28776972558325,45.629590480554135
diffdock_smina,6Z2C_Q5E,/home/manndo/master_dev/posebusters_results/_benchmark_staging/diffdock/6Z2C_Q5E_ligand__6Z2C_Q5E_protein/optimized_smina/rank1_confidence-0.99_smina.sdf,1,1,45.68889723783685,45.68772827191211,True,45.4484690792557,2.549846536739269,3,45.68889723783685,45.68889723783685,4.233805725939725,False,45.4484690792557,1.9524354613923505,4.233805725939725
autodock,6Z4N_Q7B,/home/manndo/master_dev/posebusters_results/benchmark/dock/converted_pdbqt/6Z4N_Q7B_protein__6Z4N_Q7B_ligand_vina_out_model1.sdf,1,1,0.3341059712127281,0.3341059712127281,True,0.2160954997217715,0.2369504986632893,2,0.3341059712127281,0.3341059712127281,0.3341059712127281,True,0.21609549972177156,33.706854172593744,34.13524109992487
diffdock_smina,6Z4N_Q7B,/home/manndo/master_dev/posebusters_results/_benchmark_staging/diffdock/6Z4N_Q7B_ligand__6Z4N_Q7B_protein/optimized_smina/rank1_confidence-1.26_smina.sdf,1,1,13.550681276987516,13.54165298036026,True,12.25651239997026,1.2894958306596056,2,13.550681276987516,13.550681276987516,13.550681276987516,True,12.25651239997026,45.16557202224527,45.3621823548041
autodock,6ZPB_3D1,/home/manndo/master_dev/posebusters_results/benchmark/dock/converted_pdbqt/6ZPB_3D1_protein__6ZPB_3D1_ligand_vina_out_model1.sdf,1,1,4.391922497292299,4.391922497292299,True,3.142355934802362,0.9302089322895498,1,4.391922497292299,4.391922497292299,4.391922497292299,True,3.142355934802362,,
diffdock_smina,6ZPB_3D1,/home/manndo/master_dev/posebusters_results/_benchmark_staging/diffdock/6ZPB_3D1_ligand__6ZPB_3D1_protein/optimized_smina/rank1_confidence-0.70_smina.sdf,1,1,8.8361151438602,8.8361151438602,False,6.497025446048739,0.6089587990530553,1,8.8361151438602,8.8361151438602,8.8361151438602,True,6.497025446048739,,
autodock,7A1P_QW2,/home/manndo/master_dev/posebusters_results/benchmark/dock/converted_pdbqt/7A1P_QW2_protein__7A1P_QW2_ligand_vina_out_model1.sdf,1,1,4.662918003535158,4.586764135070521,True,1.0416989707022537,0.8491016805432621,1,4.662918003535158,4.662918003535158,4.662918003535158,True,1.0416989707022535,,
diffdock_smina,7A1P_QW2,/home/manndo/master_dev/posebusters_results/_benchmark_staging/diffdock/7A1P_QW2_ligand__7A1P_QW2_protein/optimized_smina/rank1_confidence0.22_smina.sdf,1,1,1.3552125144163811,0.5583861133109072,True,0.2381224538294336,0.4975672210708443,1,1.3552125144163811,1.3552125144163811,1.3552125144163811,True,0.23812245382943364,,
autodock,7A9E_R4W,/home/manndo/master_dev/posebusters_results/benchmark/dock/converted_pdbqt/7A9E_R4W_protein__7A9E_R4W_ligand_vina_out_model1.sdf,1,1,3.240843305890202,3.240843305890202,True,2.0354001381109814,0.4296893411181284,2,3.240843305890202,3.240843305890202,3.240843305890202,True,2.0354001381109814,2.948643256746323,3.2520283414099174
diffdock_smina,7A9E_R4W,/home/manndo/master_dev/posebusters_results/_benchmark_staging/diffdock/7A9E_R4W_ligand__7A9E_R4W_protein/optimized_smina/rank1_confidence0.47_smina.sdf,1,1,21.874262877675825,21.874262877675825,True,21.833498528745285,0.7566956930360677,2,21.874262877675825,21.874262877675825,20.488742013806835,False,21.833498528745285,20.30084013133584,20.488742013806835
autodock,7A9H_TPP,/home/manndo/master_dev/posebusters_results/benchmark/dock/converted_pdbqt/7A9H_TPP_protein__7A9H_TPP_ligand_vina_out_model1.sdf,1,1,1.6480392779113189,1.6250827907903884,True,0.3111764325737943,1.526987962316194,2,1.6480392779113189,1.6480392779113189,1.6480392779113189,True,0.31117643257379435,29.94900624617011,30.465564593488168
diffdock_smina,7A9H_TPP,/home/manndo/master_dev/posebusters_results/_benchmark_staging/diffdock/7A9H_TPP_ligand__7A9H_TPP_protein/optimized_smina/rank1_confidence-0.82_smina.sdf,1,1,2.2938749895520263,2.2938749895520263,False,0.5790128212139877,2.0466690800409286,2,2.2938749895520263,2.2938749895520263,2.2938749895520263,True,0.5790128212139877,30.09123041489067,30.559922530585457
autodock,6ZCY_QF8,/home/manndo/master_dev/posebusters_results/benchmark/dock/converted_pdbqt/6ZCY_QF8_protein__6ZCY_QF8_ligand_vina_out_model1.sdf,1,1,3.1282891732567104,3.12828917325671,True,0.7838586703352132,2.918107903664749,1,3.1282891732567104,3.1282891732567104,3.1282891732567104,True,0.7838586703352132,,
diffdock_smina,6ZCY_QF8,/home/manndo/master_dev/posebusters_results/_benchmark_staging/diffdock/6ZCY_QF8_ligand__6ZCY_QF8_protein/optimized_smina/rank1_confidence0.11_smina.sdf,1,1,0.613806804320629,0.613806804320629,True,0.3596990695734033,0.4505870246009409,1,0.613806804320629,0.613806804320629,0.613806804320629,True,0.35969906957340336,,
autodock,6ZK5_IMH,/home/manndo/master_dev/posebusters_results/benchmark/dock/converted_pdbqt/6ZK5_IMH_protein__6ZK5_IMH_ligand_vina_out_model1.sdf,1,1,2.8479061190913395,2.8479061190913395,True,0.6000532294024785,1.6332101553671252,2,2.8479061190913395,2.8479061190913395,2.8479061190913395,True,0.6000532294024785,36.486546682312294,36.93789235787696
diffdock_smina,6ZK5_IMH,/home/manndo/master_dev/posebusters_results/_benchmark_staging/diffdock/6ZK5_IMH_ligand__6ZK5_IMH_protein/optimized_smina/rank1_confidence-0.39_smina.sdf,1,1,1.9012233171247788,1.9012233171247792,True,1.3185999779733637,0.8191658102555366,2,1.9012233171247788,1.9012233171247788,1.9012233171247788,True,1.3185999779733637,36.484128823404056,36.90577819196081
autodock,7BCP_GCO,/home/manndo/master_dev/posebusters_results/benchmark/dock/converted_pdbqt/7BCP_GCO_protein__7BCP_GCO_ligand_vina_out_model1.sdf,1,1,2.034364860248866,2.006989421611768,True,0.4248571844972563,1.3840740873498707,1,2.034364860248866,2.034364860248866,2.034364860248866,True,0.42485718449725635,,
diffdock_smina,7BCP_GCO,/home/manndo/master_dev/posebusters_results/_benchmark_staging/diffdock/7BCP_GCO_ligand__7BCP_GCO_protein/optimized_smina/rank1_confidence-0.21_smina.sdf,1,1,0.5338859435958498,0.53388594359585,True,0.1453713081007891,0.5040624432894675,1,0.5338859435958498,0.5338859435958498,0.5338859435958498,True,0.1453713081007891,,
autodock,7BJJ_TVW,/home/manndo/master_dev/posebusters_results/benchmark/dock/converted_pdbqt/7BJJ_TVW_protein__7BJJ_TVW_ligand_vina_out_model1.sdf,1,1,3.0142129652697065,3.014212965269707,True,1.2306335929105792,0.0532017961584881,1,3.0142129652697065,3.0142129652697065,3.0142129652697065,True,1.2306335929105792,,
diffdock_smina,7BJJ_TVW,/home/manndo/master_dev/posebusters_results/_benchmark_staging/diffdock/7BJJ_TVW_ligand__7BJJ_TVW_protein/optimized_smina/rank1_confidence0.49_smina.sdf,1,1,0.5444832991010836,0.5444832991010836,True,0.3213891365618939,0.0532866349921557,1,0.5444832991010836,0.5444832991010836,0.5444832991010836,True,0.32138913656189394,,
autodock,7BKA_4JC,/home/manndo/master_dev/posebusters_results/benchmark/dock/converted_pdbqt/7BKA_4JC_protein__7BKA_4JC_ligand_vina_out_model1.sdf,1,1,1.0352150340227229,1.0352150340227229,True,0.1456993670389643,0.7525843514108135,5,1.0352150340227229,1.0352150340227229,1.0352150340227229,True,0.14569936703896438,18.80716870914298,19.455323451007782
diffdock_smina,7BKA_4JC,/home/manndo/master_dev/posebusters_results/_benchmark_staging/diffdock/7BKA_4JC_ligand__7BKA_4JC_protein/optimized_smina/rank1_confidence-0.62_smina.sdf,1,1,58.52454479741101,58.52454479741101,True,58.36460313983779,0.7561508043810059,5,58.524544797411004,58.524544797411004,27.652966831080413,False,58.36460313983779,27.396396354390752,27.652966831080413
autodock,7BMI_U4B,/home/manndo/master_dev/posebusters_results/benchmark/dock/converted_pdbqt/7BMI_U4B_protein__7BMI_U4B_ligand_vina_out_model1.sdf,1,1,0.2872551800430049,0.2872551800430049,True,0.1240128357548087,0.2030044247125543,1,0.2872551800430049,0.2872551800430049,0.2872551800430049,True,0.12401283575480873,,
diffdock_smina,7BMI_U4B,/home/manndo/master_dev/posebusters_results/_benchmark_staging/diffdock/7BMI_U4B_ligand__7BMI_U4B_protein/optimized_smina/rank1_confidence0.29_smina.sdf,1,1,2.254908820602458,2.254908820602458,False,0.6733885734756556,0.5577810720242576,1,2.254908820602458,2.254908820602458,2.254908820602458,True,0.6733885734756556,,
autodock,7AFX_R9K,/home/manndo/master_dev/posebusters_results/benchmark/dock/converted_pdbqt/7AFX_R9K_protein__7AFX_R9K_ligand_vina_out_model1.sdf,1,1,0.7500828287595979,0.2664489632180992,True,0.1821225480274201,0.1635773885498977,2,0.7500828287595979,0.7500828287595979,0.7500828287595979,True,0.18212254802742014,14.35812817788239,15.489168081275377
diffdock_smina,7AFX_R9K,/home/manndo/master_dev/posebusters_results/_benchmark_staging/diffdock/7AFX_R9K_ligand__7AFX_R9K_protein/optimized_smina/rank1_confidence-0.04_smina.sdf,1,1,15.192282493983583,15.192282493983582,True,14.01372993832121,1.5915692683398532,2,15.192282493983583,15.192282493983583,1.6888986964883357,False,14.01372993832121,0.4979001166900844,1.6888986964883357
autodock,7AKL_RK5,/home/manndo/master_dev/posebusters_results/benchmark/dock/converted_pdbqt/7AKL_RK5_protein__7AKL_RK5_ligand_vina_out_model1.sdf,1,1,0.3336922628947059,0.3336922628947059,True,0.1875687131711063,0.1950068019466493,1,0.33369226289470594,0.33369226289470594,0.33369226289470594,True,0.1875687131711063,,
diffdock_smina,7AKL_RK5,/home/manndo/master_dev/posebusters_results/_benchmark_staging/diffdock/7AKL_RK5_ligand__7AKL_RK5_protein/optimized_smina/rank1_confidence0.56_smina.sdf,1,1,0.3655395262665282,0.3655395262665281,True,0.2199574086195953,0.1996885702741054,1,0.3655395262665282,0.3655395262665282,0.3655395262665282,True,0.21995740861959537,,
autodock,7AN5_RDH,/home/manndo/master_dev/posebusters_results/benchmark/dock/converted_pdbqt/7AN5_RDH_protein__7AN5_RDH_ligand_vina_out_model1.sdf,1,1,0.8552147098828456,0.2936452508271387,True,0.153981485178505,0.197040000225794,2,0.8552147098828456,0.8552147098828456,0.8552147098828456,True,0.15398148517850502,40.86362463963383,41.04292261117215
diffdock_smina,7AN5_RDH,/home/manndo/master_dev/posebusters_results/_benchmark_staging/diffdock/7AN5_RDH_ligand__7AN5_RDH_protein/optimized_smina/rank1_confidence-0.65_smina.sdf,1,1,5.387820686882591,5.383045109167611,True,0.589207003088805,1.3800210881000534,2,5.387820686882591,5.387820686882591,5.387820686882591,True,0.589207003088805,40.55887157805771,40.85319433606957
autodock,7B94_ANP,/home/manndo/master_dev/posebusters_results/benchmark/dock/converted_pdbqt/7B94_ANP_protein__7B94_ANP_ligand_vina_out_model1.sdf,1,1,1.3782593744378475,1.219798343989694,True,0.2231494695131807,1.164092204542753,2,1.3782593744378477,1.3782593744378477,1.3782593744378477,True,0.2231494695131807,25.98015582925921,26.97273694952715
diffdock_smina,7B94_ANP,/home/manndo/master_dev/posebusters_results/_benchmark_staging/diffdock/7B94_ANP_ligand__7B94_ANP_protein/optimized_smina/rank1_confidence-0.21_smina.sdf,1,1,2.089203487981376,2.039508274386334,True,0.8596371622723306,1.7579402120220426,2,2.089203487981376,2.089203487981376,2.089203487981376,True,0.8596371622723306,25.462461755974907,26.52247117533454
autodock,7CNQ_G8X,/home/manndo/master_dev/posebusters_results/benchmark/dock/converted_pdbqt/7CNQ_G8X_protein__7CNQ_G8X_ligand_vina_out_model1.sdf,1,1,0.3994761847998214,0.3994761847998215,True,0.3458430565344423,0.1199939106236155,4,0.39947618479982144,0.39947618479982144,0.39947618479982144,True,0.34584305653444236,53.482328520967485,53.54435873387804
diffdock_smina,7CNQ_G8X,/home/manndo/master_dev/posebusters_results/_benchmark_staging/diffdock/7CNQ_G8X_ligand__7CNQ_G8X_protein/optimized_smina/rank1_confidence-0.21_smina.sdf,1,1,20.925440517731307,20.92062629652585,True,20.708971839197297,0.1201978139580884,4,20.925440517731307,20.925440517731307,20.925440517731307,True,20.708971839197297,33.366096129278766,33.451667866988835
autodock,7CNS_PMV,/home/manndo/master_dev/posebusters_results/benchmark/dock/converted_pdbqt/7CNS_PMV_protein__7CNS_PMV_ligand_vina_out_model1.sdf,1,1,0.8999973412659144,0.8999973412659142,False,0.2976587640166463,0.775319925204756,1,0.8999973412659144,0.8999973412659144,0.8999973412659144,True,0.29765876401664637,,
diffdock_smina,7CNS_PMV,/home/manndo/master_dev/posebusters_results/_benchmark_staging/diffdock/7CNS_PMV_ligand__7CNS_PMV_protein/optimized_smina/rank1_confidence-0.03_smina.sdf,1,1,5.423778599437322,5.423778599437322,False,1.378327694404808,1.3350522496885942,1,5.423778599437322,5.423778599437322,5.423778599437322,True,1.378327694404808,,
autodock,7CIJ_G0C,/home/manndo/master_dev/posebusters_results/benchmark/dock/converted_pdbqt/7CIJ_G0C_protein__7CIJ_G0C_ligand_vina_out_model1.sdf,1,1,4.942803137607531,4.930637735241809,True,0.9663846855906904,2.0978681094390303,2,4.942803137607531,4.942803137607531,4.942803137607531,True,0.9663846855906905,26.95088896884265,27.245947183982814
diffdock_smina,7CIJ_G0C,/home/manndo/master_dev/posebusters_results/_benchmark_staging/diffdock/7CIJ_G0C_ligand__7CIJ_G0C_protein/optimized_smina/rank1_confidence-0.36_smina.sdf,1,1,26.757480502922647,26.757480502922647,True,26.185365127097004,0.5419931604695198,2,26.757480502922647,26.757480502922647,0.9731755371927898,False,26.185365127097004,0.20982705312285588,0.9731755371927898
autodock,7CL8_TES,/home/manndo/master_dev/posebusters_results/benchmark/dock/converted_pdbqt/7CL8_TES_protein__7CL8_TES_ligand_vina_out_model1.sdf,1,1,0.2657245261723573,0.2657245261723573,True,0.1836403983832704,0.0700026416900722,1,0.2657245261723573,0.2657245261723573,0.2657245261723573,True,0.18364039838327045,,
diffdock_smina,7CL8_TES,/home/manndo/master_dev/posebusters_results/_benchmark_staging/diffdock/7CL8_TES_ligand__7CL8_TES_protein/optimized_smina/rank1_confidence-0.78_smina.sdf,1,1,22.11513167418785,22.115131674187843,True,21.733037208259717,0.0700461367572137,1,22.11513167418785,22.11513167418785,22.11513167418785,True,21.733037208259713,,
autodock,7BNH_BEZ,/home/manndo/master_dev/posebusters_results/benchmark/dock/converted_pdbqt/7BNH_BEZ_protein__7BNH_BEZ_ligand_vina_out_model1.sdf,1,1,3.85175462181415,3.780389912282712,True,2.4279614499553195,0.5310466815017667,1,3.85175462181415,3.85175462181415,3.85175462181415,True,2.4279614499553195,,
diffdock_smina,7BNH_BEZ,/home/manndo/master_dev/posebusters_results/_benchmark_staging/diffdock/7BNH_BEZ_ligand__7BNH_BEZ_protein/optimized_smina/rank1_confidence-0.43_smina.sdf,1,1,16.46019185084629,16.429065721390785,True,16.234914721794834,0.0512867454431033,1,16.46019185084629,16.46019185084629,16.46019185084629,True,16.234914721794834,,
autodock,7BTT_F8R,/home/manndo/master_dev/posebusters_results/benchmark/dock/converted_pdbqt/7BTT_F8R_protein__7BTT_F8R_ligand_vina_out_model1.sdf,1,1,6.732470891136478,6.732470891136477,True,2.865750602154696,1.4183060294830696,1,6.732470891136478,6.732470891136478,6.732470891136478,True,2.865750602154696,,
diffdock_smina,7BTT_F8R,/home/manndo/master_dev/posebusters_results/_benchmark_staging/diffdock/7BTT_F8R_ligand__7BTT_F8R_protein/optimized_smina/rank1_confidence-0.48_smina.sdf,1,1,1.08766047011464,1.08766047011464,True,0.4873331761805794,0.8029124243089018,1,1.08766047011464,1.08766047011464,1.08766047011464,True,0.4873331761805794,,
autodock,7C0U_FGO,/home/manndo/master_dev/posebusters_results/benchmark/dock/converted_pdbqt/7C0U_FGO_protein__7C0U_FGO_ligand_vina_out_model1.sdf,1,1,0.7990677416927516,0.7990677416927516,True,0.367620214294344,0.7053375147913162,2,0.7990677416927516,0.7990677416927516,0.7990677416927516,True,0.367620214294344,58.869468286707466,59.732944290828016
diffdock_smina,7C0U_FGO,/home/manndo/master_dev/posebusters_results/_benchmark_staging/diffdock/7C0U_FGO_ligand__7C0U_FGO_protein/optimized_smina/rank1_confidence-1.32_smina.sdf,1,1,6.239406291504435,6.239406291504435,False,1.9256853553008988,3.816405994935498,2,6.239406291504435,6.239406291504435,6.239406291504435,True,1.9256853553008988,60.02848465889656,60.530470293054655
autodock,7C3U_AZG,/home/manndo/master_dev/posebusters_results/benchmark/dock/converted_pdbqt/7C3U_AZG_protein__7C3U_AZG_ligand_vina_out_model1.sdf,1,1,2.6427185383099863,2.6427185383099863,True,0.8039154389970672,0.0674156951677807,2,2.6427185383099863,2.6427185383099863,2.6427185383099863,True,0.8039154389970672,21.580480345683064,21.696959506303685
diffdock_smina,7C3U_AZG,/home/manndo/master_dev/posebusters_results/_benchmark_staging/diffdock/7C3U_AZG_ligand__7C3U_AZG_protein/optimized_smina/rank1_confidence-0.44_smina.sdf,1,1,37.92415564881379,37.92415564881379,True,37.90285777544184,0.0674752648097825,2,37.92415564881379,37.92415564881379,17.700809879853725,False,37.90285777544184,17.53185492993296,17.700809879853725
autodock,7D5C_GV6,/home/manndo/master_dev/posebusters_results/benchmark/dock/converted_pdbqt/7D5C_GV6_protein__7D5C_GV6_ligand_vina_out_model1.sdf,1,1,0.4039482160999386,0.4039482160999385,True,0.0888640357931164,0.3858643332332835,1,0.4039482160999386,0.4039482160999386,0.4039482160999386,True,0.08886403579311646,,
diffdock_smina,7D5C_GV6,/home/manndo/master_dev/posebusters_results/_benchmark_staging/diffdock/7D5C_GV6_ligand__7D5C_GV6_protein/optimized_smina/rank1_confidence-0.21_smina.sdf,1,1,1.1691389734992323,1.1691389734992323,True,0.4591461998997848,0.9759497159697452,1,1.1691389734992323,1.1691389734992323,1.1691389734992323,True,0.4591461998997848,,
autodock,7DKT_GLF,/home/manndo/master_dev/posebusters_results/benchmark/dock/converted_pdbqt/7DKT_GLF_protein__7DKT_GLF_ligand_vina_out_model1.sdf,1,1,1.240090050493644,1.2400900504936443,True,0.5120296351015355,0.8918568844217885,1,1.240090050493644,1.240090050493644,1.240090050493644,True,0.5120296351015355,,
diffdock_smina,7DKT_GLF,/home/manndo/master_dev/posebusters_results/_benchmark_staging/diffdock/7DKT_GLF_ligand__7DKT_GLF_protein/optimized_smina/rank1_confidence-0.25_smina.sdf,1,1,0.9564824937411736,0.9564824937411734,True,0.3354607860217349,0.6945135388350524,1,0.9564824937411737,0.9564824937411737,0.9564824937411737,True,0.33546078602173496,,
autodock,7CTM_BDP,/home/manndo/master_dev/posebusters_results/benchmark/dock/converted_pdbqt/7CTM_BDP_protein__7CTM_BDP_ligand_vina_out_model1.sdf,1,1,2.891556554468944,2.860576690109881,True,0.5576885251861108,0.9423469619559308,1,2.8915565544689437,2.8915565544689437,2.8915565544689437,True,0.5576885251861108,,
diffdock_smina,7CTM_BDP,/home/manndo/master_dev/posebusters_results/_benchmark_staging/diffdock/7CTM_BDP_ligand__7CTM_BDP_protein/optimized_smina/rank1_confidence-1.12_smina.sdf,1,1,6.917807974573805,6.917807974573804,False,6.170283807926098,0.8612727231532552,1,6.917807974573805,6.917807974573805,6.917807974573805,True,6.170283807926098,,
autodock,7CUO_PHB,/home/manndo/master_dev/posebusters_results/benchmark/dock/converted_pdbqt/7CUO_PHB_protein__7CUO_PHB_ligand_vina_out_model1.sdf,1,1,3.3547372326308933,3.32881409814366,True,1.7662052513793458,0.3087704437320734,2,3.3547372326308933,3.3547372326308933,3.3547372326308933,True,1.7662052513793458,39.22717896573752,39.36436021199887
diffdock_smina,7CUO_PHB,/home/manndo/master_dev/posebusters_results/_benchmark_staging/diffdock/7CUO_PHB_ligand__7CUO_PHB_protein/optimized_smina/rank1_confidence0.17_smina.sdf,1,1,4.336426905990691,4.295123147361434,True,1.249724236501795,0.2195366692547611,2,4.336426905990691,4.336426905990691,4.336426905990691,True,1.2497242365017953,38.071653771977125,38.09326019351717
autodock,7C8Q_DSG,/home/manndo/master_dev/posebusters_results/benchmark/dock/converted_pdbqt/7C8Q_DSG_protein__7C8Q_DSG_ligand_vina_out_model1.sdf,1,1,1.83530266955859,1.6665380950408009,True,0.7804404027356733,1.2872017777015323,2,1.8353026695585901,1.8353026695585901,1.8353026695585901,True,0.7804404027356733,36.14791420258618,36.201137531237265
diffdock_smina,7C8Q_DSG,/home/manndo/master_dev/posebusters_results/_benchmark_staging/diffdock/7C8Q_DSG_ligand__7C8Q_DSG_protein/optimized_smina/rank1_confidence-0.07_smina.sdf,1,1,35.74702265477659,35.74702265477659,True,35.601190182305224,1.1065897191064242,2,35.74702265477659,35.74702265477659,4.109759513510357,False,35.601190182305224,1.8207042116434895,4.109759513510357
autodock,7CD9_FVR,/home/manndo/master_dev/posebusters_results/benchmark/dock/converted_pdbqt/7CD9_FVR_protein__7CD9_FVR_ligand_vina_out_model1.sdf,1,1,5.9889570245932005,5.9889570245932005,True,3.431341248015213,2.660697780016866,2,5.9889570245932005,5.9889570245932005,5.9889570245932005,True,3.4313412480152126,2.6503217272691444,10.997982170297504
diffdock_smina,7CD9_FVR,/home/manndo/master_dev/posebusters_results/_benchmark_staging/diffdock/7CD9_FVR_ligand__7CD9_FVR_protein/optimized_smina/rank1_confidence-1.45_smina.sdf,1,1,16.279725658007877,16.279725658007877,True,12.077600370874556,2.2190701101010677,2,16.279725658007877,16.279725658007877,9.48152823204949,False,12.077600370874555,7.9217888826853065,9.48152823204949
autodock,7E4L_MDN,/home/manndo/master_dev/posebusters_results/benchmark/dock/converted_pdbqt/7E4L_MDN_protein__7E4L_MDN_ligand_vina_out_model1.sdf,1,1,1.478907780161502,0.882864403833089,True,0.5339634703369894,0.3466128298468683,2,1.478907780161502,1.478907780161502,1.478907780161502,True,0.5339634703369894,38.78929086872774,38.866659476843246
diffdock_smina,7E4L_MDN,/home/manndo/master_dev/posebusters_results/_benchmark_staging/diffdock/7E4L_MDN_ligand__7E4L_MDN_protein/optimized_smina/rank1_confidence-0.29_smina.sdf,1,1,38.41891389670226,38.41828639943339,False,38.32200144406943,0.488272671993872,2,38.418913896702264,38.418913896702264,2.8992991800701695,False,38.32200144406943,1.3676543405804833,2.8992991800701695
autodock,7EBG_J0L,/home/manndo/master_dev/posebusters_results/benchmark/dock/converted_pdbqt/7EBG_J0L_protein__7EBG_J0L_ligand_vina_out_model1.sdf,1,1,0.4482096129523079,0.4482096129523079,True,0.2884596141223051,0.2907680292453543,1,0.44820961295230793,0.44820961295230793,0.44820961295230793,True,0.2884596141223051,,
diffdock_smina,7EBG_J0L,/home/manndo/master_dev/posebusters_results/_benchmark_staging/diffdock/7EBG_J0L_ligand__7EBG_J0L_protein/optimized_smina/rank1_confidence0.06_smina.sdf,1,1,2.2755894156396987,2.2755894156396983,True,1.9792821411268515,0.0531685805228679,1,2.2755894156396987,2.2755894156396987,2.2755894156396987,True,1.9792821411268515,,
autodock,7DQL_4CL,/home/manndo/master_dev/posebusters_results/benchmark/dock/converted_pdbqt/7DQL_4CL_protein__7DQL_4CL_ligand_vina_out_model1.sdf,1,1,2.5481256728121644,2.5481256728121644,True,1.2678739957644858,0.0353602048614553,2,2.5481256728121644,2.5481256728121644,2.5481256728121644,True,1.2678739957644858,42.36529073573622,42.458743731088205
diffdock_smina,7DQL_4CL,/home/manndo/master_dev/posebusters_results/_benchmark_staging/diffdock/7DQL_4CL_ligand__7DQL_4CL_protein/optimized_smina/rank1_confidence0.10_smina.sdf,1,1,11.330259964213823,11.330259964213823,True,11.22312606192463,0.0352175000204823,2,11.330259964213825,11.330259964213825,11.330259964213825,True,11.22312606192463,46.921445522914965,46.991125942517655
autodock,7DUA_HJ0,/home/manndo/master_dev/posebusters_results/benchmark/dock/converted_pdbqt/7DUA_HJ0_protein__7DUA_HJ0_ligand_vina_out_model1.sdf,1,1,4.24305137330692,4.24305137330692,True,2.4398858475265333,1.299458522948943,2,4.24305137330692,4.24305137330692,4.24305137330692,True,2.4398858475265333,29.561889801549253,29.804671263586098
diffdock_smina,7DUA_HJ0,/home/manndo/master_dev/posebusters_results/_benchmark_staging/diffdock/7DUA_HJ0_ligand__7DUA_HJ0_protein/optimized_smina/rank1_confidence0.48_smina.sdf,1,1,0.5115789917330547,0.5115789917330545,True,0.3495853886403829,0.3084666296069705,2,0.5115789917330547,0.5115789917330547,0.5115789917330547,True,0.34958538864038297,31.660389835228177,31.95591828937101
autodock,7ECR_SIN,/home/manndo/master_dev/posebusters_results/benchmark/dock/converted_pdbqt/7ECR_SIN_protein__7ECR_SIN_ligand_vina_out_model1.sdf,1,1,1.671720221807465,1.671720221807465,True,1.0954297244688969,0.3474248769720786,3,1.671720221807465,1.671720221807465,1.671720221807465,True,1.0954297244688969,35.93871794892662,36.00296785335898
diffdock_smina,7ECR_SIN,/home/manndo/master_dev/posebusters_results/_benchmark_staging/diffdock/7ECR_SIN_ligand__7ECR_SIN_protein/optimized_smina/rank1_confidence0.09_smina.sdf,1,1,37.29444295426264,37.29444295426264,True,37.22595626586752,0.5675035969921196,3,37.294442954262635,37.294442954262635,2.2351608652958284,False,37.22595626586752,1.7884706006896642,2.2351608652958284
autodock,7ED2_A3P,/home/manndo/master_dev/posebusters_results/benchmark/dock/converted_pdbqt/7ED2_A3P_protein__7ED2_A3P_ligand_vina_out_model1.sdf,1,1,1.804222598568476,1.6091405573576645,True,0.5247833363099395,0.9136587667239136,2,1.804222598568476,1.804222598568476,1.804222598568476,True,0.5247833363099395,16.397795978651402,17.76692030463105
diffdock_smina,7ED2_A3P,/home/manndo/master_dev/posebusters_results/_benchmark_staging/diffdock/7ED2_A3P_ligand__7ED2_A3P_protein/optimized_smina/rank1_confidence-1.15_smina.sdf,1,1,17.748798742815325,17.748798742815325,True,16.336695333246467,1.7031287444031369,2,17.748798742815325,17.748798742815325,7.200058818561189,False,16.336695333246467,4.560265988146687,7.200058818561189
autodock,7FB7_8NF,/home/manndo/master_dev/posebusters_results/benchmark/dock/converted_pdbqt/7FB7_8NF_protein__7FB7_8NF_ligand_vina_out_model1.sdf,1,1,0.5724216588805459,0.5724216588805459,True,0.5240412173969369,0.0418655470217758,2,0.5724216588805459,0.5724216588805459,0.5724216588805459,True,0.5240412173969369,37.72280938080098,37.78495747134184
diffdock_smina,7FB7_8NF,/home/manndo/master_dev/posebusters_results/_benchmark_staging/diffdock/7FB7_8NF_ligand__7FB7_8NF_protein/optimized_smina/rank1_confidence-0.23_smina.sdf,1,1,50.44234192663277,50.44234192663277,True,50.3488631569047,0.0420330208454817,2,50.442341926632764,50.442341926632764,14.076184738731191,False,50.3488631569047,13.771268544637364,14.076184738731191
autodock,7FHA_ADX,/home/manndo/master_dev/posebusters_results/benchmark/dock/converted_pdbqt/7FHA_ADX_protein__7FHA_ADX_ligand_vina_out_model1.sdf,1,1,1.9310762974742008,1.884199043900892,True,0.5879997118874286,1.6303814485326216,2,1.9310762974742006,1.9310762974742006,1.9310762974742006,True,0.5879997118874286,45.92319867713235,46.41185937244281
diffdock_smina,7FHA_ADX,/home/manndo/master_dev/posebusters_results/_benchmark_staging/diffdock/7FHA_ADX_ligand__7FHA_ADX_protein/optimized_smina/rank1_confidence0.28_smina.sdf,1,1,46.5310944874301,46.53011839823432,True,45.97111958934008,0.6380965032273717,2,46.5310944874301,46.5310944874301,0.8860302258450958,False,45.97111958934008,0.17679931742509522,0.8860302258450958
autodock,7FT9_4MB,/home/manndo/master_dev/posebusters_results/benchmark/dock/converted_pdbqt/7FT9_4MB_protein__7FT9_4MB_ligand_vina_out_model1.sdf,1,1,2.677610368540256,2.6229014741040397,True,1.956613158245753,0.6050301564334171,1,2.677610368540256,2.677610368540256,2.677610368540256,True,1.9566131582457535,,
diffdock_smina,7FT9_4MB,/home/manndo/master_dev/posebusters_results/_benchmark_staging/diffdock/7FT9_4MB_ligand__7FT9_4MB_protein/optimized_smina/rank1_confidence-0.31_smina.sdf,1,1,44.1375290063181,44.13533403858928,True,44.01707133216229,1.0137382747982209,1,44.1375290063181,44.1375290063181,44.1375290063181,True,44.01707133216229,,
autodock,7JG0_GAR,/home/manndo/master_dev/posebusters_results/benchmark/dock/converted_pdbqt/7JG0_GAR_protein__7JG0_GAR_ligand_vina_out_model1.sdf,1,1,1.7143676676839184,1.4843235458918276,True,0.8151270653806291,0.72459161099877,1,1.7143676676839184,1.7143676676839184,1.7143676676839184,True,0.8151270653806291,,
diffdock_smina,7JG0_GAR,/home/manndo/master_dev/posebusters_results/_benchmark_staging/diffdock/7JG0_GAR_ligand__7JG0_GAR_protein/optimized_smina/rank1_confidence-0.11_smina.sdf,1,1,9.698311172942544,9.667086815380893,False,8.787021068614647,1.5425696306779235,1,9.698311172942544,9.698311172942544,9.698311172942544,True,8.787021068614647,,
autodock,7ELT_TYM,/home/manndo/master_dev/posebusters_results/benchmark/dock/converted_pdbqt/7ELT_TYM_protein__7ELT_TYM_ligand_vina_out_model1.sdf,1,1,0.8748891358337926,0.8748891358337926,True,0.3924272103367873,0.7583498909001339,1,0.8748891358337926,0.8748891358337926,0.8748891358337926,True,0.3924272103367873,,
diffdock_smina,7ELT_TYM,/home/manndo/master_dev/posebusters_results/_benchmark_staging/diffdock/7ELT_TYM_ligand__7ELT_TYM_protein/optimized_smina/rank1_confidence-0.52_smina.sdf,1,1,6.605747028402105,6.594312049277259,True,3.668367432657038,3.7532800850544144,1,6.605747028402105,6.605747028402105,6.605747028402105,True,3.668367432657038,,
autodock,7EPV_FDA,/home/manndo/master_dev/posebusters_results/benchmark/dock/converted_pdbqt/7EPV_FDA_protein__7EPV_FDA_ligand_vina_out_model1.sdf,1,1,13.55438202623814,13.547587113717832,True,9.714904305224282,5.739080158456483,1,13.55438202623814,13.55438202623814,13.55438202623814,True,9.714904305224282,,
diffdock_smina,7EPV_FDA,/home/manndo/master_dev/posebusters_results/_benchmark_staging/diffdock/7EPV_FDA_ligand__7EPV_FDA_protein/optimized_smina/rank1_confidence-0.48_smina.sdf,1,1,1.1353091201526957,1.1353091201526957,True,0.5271455000843329,0.8516396996973262,1,1.1353091201526955,1.1353091201526955,1.1353091201526955,True,0.5271455000843329,,
autodock,7ES1_UDP,/home/manndo/master_dev/posebusters_results/benchmark/dock/converted_pdbqt/7ES1_UDP_protein__7ES1_UDP_ligand_vina_out_model1.sdf,1,1,0.6106947846510564,0.6106947846510564,True,0.1693409956271675,0.4923452592425452,1,0.6106947846510564,0.6106947846510564,0.6106947846510564,True,0.16934099562716753,,
diffdock_smina,7ES1_UDP,/home/manndo/master_dev/posebusters_results/_benchmark_staging/diffdock/7ES1_UDP_ligand__7ES1_UDP_protein/optimized_smina/rank1_confidence0.31_smina.sdf,1,1,0.7837961773318367,0.7314252659021291,True,0.187026749787297,0.575724713804108,1,0.7837961773318367,0.7837961773318367,0.7837961773318367,True,0.18702674978729705,,
autodock,7F51_BA7,/home/manndo/master_dev/posebusters_results/benchmark/dock/converted_pdbqt/7F51_BA7_protein__7F51_BA7_ligand_vina_out_model1.sdf,1,1,1.274896484211383,1.274896484211383,True,0.5776756584124951,1.125245416044743,1,1.274896484211383,1.274896484211383,1.274896484211383,True,0.5776756584124951,,
diffdock_smina,7F51_BA7,/home/manndo/master_dev/posebusters_results/_benchmark_staging/diffdock/7F51_BA7_ligand__7F51_BA7_protein/optimized_smina/rank1_confidence0.15_smina.sdf,1,1,0.9655269276175292,0.9655269276175292,True,0.3991620598785502,0.8314666831914244,1,0.9655269276175293,0.9655269276175293,0.9655269276175293,True,0.3991620598785502,,
autodock,7F5D_EUO,/home/manndo/master_dev/posebusters_results/benchmark/dock/converted_pdbqt/7F5D_EUO_protein__7F5D_EUO_ligand_vina_out_model1.sdf,1,1,5.914948170283731,5.91494817028373,True,1.8722430718743228,0.5882345260141802,1,5.914948170283731,5.914948170283731,5.914948170283731,True,1.8722430718743228,,
diffdock_smina,7F5D_EUO,/home/manndo/master_dev/posebusters_results/_benchmark_staging/diffdock/7F5D_EUO_ligand__7F5D_EUO_protein/optimized_smina/rank1_confidence-0.52_smina.sdf,1,1,6.684891872687532,6.684891872687532,True,2.3268233508047707,1.6862253664174884,1,6.6848918726875315,6.6848918726875315,6.6848918726875315,True,2.3268233508047707,,
autodock,7F8T_FAD,/home/manndo/master_dev/posebusters_results/benchmark/dock/converted_pdbqt/7F8T_FAD_protein__7F8T_FAD_ligand_vina_out_model1.sdf,1,1,4.074488438778032,4.020054655593909,True,0.900997437873423,3.480549099671619,1,4.074488438778032,4.074488438778032,4.074488438778032,True,0.900997437873423,,
diffdock_smina,7F8T_FAD,/home/manndo/master_dev/posebusters_results/_benchmark_staging/diffdock/7F8T_FAD_ligand__7F8T_FAD_protein/optimized_smina/rank1_confidence-0.37_smina.sdf,1,1,1.5805275157722525,1.5805275157722527,True,0.7329531484028691,1.1857597979483978,1,1.5805275157722525,1.5805275157722525,1.5805275157722525,True,0.7329531484028691,,
autodock,7JHQ_VAJ,/home/manndo/master_dev/posebusters_results/benchmark/dock/converted_pdbqt/7JHQ_VAJ_protein__7JHQ_VAJ_ligand_vina_out_model1.sdf,1,1,1.4613124048075563,1.4613124048075563,True,0.5187942662951667,0.6651422615782632,4,1.4613124048075563,1.4613124048075563,1.4613124048075563,True,0.5187942662951667,28.768571779111255,29.067039424215338
diffdock_smina,7JHQ_VAJ,/home/manndo/master_dev/posebusters_results/_benchmark_staging/diffdock/7JHQ_VAJ_ligand__7JHQ_VAJ_protein/optimized_smina/rank1_confidence-0.20_smina.sdf,1,1,28.32331998589384,28.32263382979533,True,27.48398063358066,0.5127109017983068,4,28.32331998589384,28.32331998589384,5.694099819696408,False,27.48398063358066,2.8846119983863656,5.694099819696408
autodock,7JMV_4NC,/home/manndo/master_dev/posebusters_results/benchmark/dock/converted_pdbqt/7JMV_4NC_protein__7JMV_4NC_ligand_vina_out_model1.sdf,1,1,0.3906672613502545,0.3906672613502545,True,0.2895562863679663,0.2086337962621238,1,0.39066726135025454,0.39066726135025454,0.39066726135025454,True,0.2895562863679663,,
diffdock_smina,7JMV_4NC,/home/manndo/master_dev/posebusters_results/_benchmark_staging/diffdock/7JMV_4NC_ligand__7JMV_4NC_protein/optimized_smina/rank1_confidence-0.28_smina.sdf,1,1,1.9961333099041985,1.996133309904199,True,0.1462514945886769,0.1743643973749072,1,1.9961333099041985,1.9961333099041985,1.9961333099041985,True,0.14625149458867692,,
diffdock_smina,7JXX_VP7,/home/manndo/master_dev/posebusters_results/_benchmark_staging/diffdock/7JXX_VP7_ligand__7JXX_VP7_protein/optimized_smina/rank1_confidence1.13_smina.sdf,1,1,0.585050183488561,0.585050183488561,True,0.305508211686688,0.3086442451872581,1,0.585050183488561,0.585050183488561,0.585050183488561,True,0.30550821168668807,,
autodock,7JXX_VP7,/home/manndo/master_dev/posebusters_results/benchmark/dock/converted_pdbqt/7JXX_VP7_protein__7JXX_VP7_ligand_vina_out_model1.sdf,1,1,0.6283877465387108,0.6283877465387107,True,0.2824599398144637,0.3097947103253551,1,0.6283877465387108,0.6283877465387108,0.6283877465387108,True,0.2824599398144637,,
autodock,7JY3_VUD,/home/manndo/master_dev/posebusters_results/benchmark/dock/converted_pdbqt/7JY3_VUD_protein__7JY3_VUD_ligand_vina_out_model1.sdf,1,1,6.555583455684507,6.555583455684508,True,4.459384799512536,1.7300173988800889,2,6.555583455684507,6.555583455684507,6.555583455684507,True,4.459384799512536,3.883155873477508,7.361270952562271
diffdock_smina,7JY3_VUD,/home/manndo/master_dev/posebusters_results/_benchmark_staging/diffdock/7JY3_VUD_ligand__7JY3_VUD_protein/optimized_smina/rank1_confidence-1.26_smina.sdf,1,1,38.95070530997886,38.95070530997886,False,38.68647656464594,2.050746555579957,2,38.95070530997886,38.95070530997886,35.85486677834633,False,38.68647656464594,35.486083300943406,35.85486677834633
autodock,7L03_F9F,/home/manndo/master_dev/posebusters_results/benchmark/dock/converted_pdbqt/7L03_F9F_protein__7L03_F9F_ligand_vina_out_model1.sdf,1,1,1.354953068627035,1.354953068627035,True,0.3862056307929771,1.1646091282061506,1,1.354953068627035,1.354953068627035,1.354953068627035,True,0.38620563079297715,,
diffdock_smina,7L03_F9F,/home/manndo/master_dev/posebusters_results/_benchmark_staging/diffdock/7L03_F9F_ligand__7L03_F9F_protein/optimized_smina/rank1_confidence0.31_smina.sdf,1,1,0.8747592448003259,0.4268044794005371,True,0.1028402691090103,0.4027510488437241,1,0.8747592448003259,0.8747592448003259,0.8747592448003259,True,0.10284026910901037,,
autodock,7L5F_XNG,/home/manndo/master_dev/posebusters_results/benchmark/dock/converted_pdbqt/7L5F_XNG_protein__7L5F_XNG_ligand_vina_out_model1.sdf,1,1,2.29051960383568,2.248169143992508,True,1.110332931663207,1.9322162511606935,1,2.29051960383568,2.29051960383568,2.29051960383568,True,1.1103329316632067,,
diffdock_smina,7L5F_XNG,/home/manndo/master_dev/posebusters_results/_benchmark_staging/diffdock/7L5F_XNG_ligand__7L5F_XNG_protein/optimized_smina/rank1_confidence-1.79_smina.sdf,1,1,2.9290688348764413,2.9290688348764413,True,1.9895577139944456,1.7738498082146728,1,2.9290688348764413,2.9290688348764413,2.9290688348764413,True,1.9895577139944456,,
autodock,7KQU_YOF,/home/manndo/master_dev/posebusters_results/benchmark/dock/converted_pdbqt/7KQU_YOF_protein__7KQU_YOF_ligand_vina_out_model1.sdf,1,1,1.953022017285006,1.7863084040237027,True,0.0870121384917049,1.233646305141137,2,1.9530220172850061,1.9530220172850061,1.9530220172850061,True,0.0870121384917049,27.818846841701408,28.00551458960487
diffdock_smina,7KQU_YOF,/home/manndo/master_dev/posebusters_results/_benchmark_staging/diffdock/7KQU_YOF_ligand__7KQU_YOF_protein/optimized_smina/rank1_confidence-0.16_smina.sdf,1,1,23.503911633203284,23.503911633203284,True,22.94660009437396,1.1583919760070254,2,23.503911633203284,23.503911633203284,23.503911633203284,True,22.946600094373956,25.385691742177865,26.000784137983224
autodock,7KRU_ATP,/home/manndo/master_dev/posebusters_results/benchmark/dock/converted_pdbqt/7KRU_ATP_protein__7KRU_ATP_ligand_vina_out_model1.sdf,1,1,0.760053542256576,0.7600535422565758,True,0.1765602219263664,0.721814624447586,2,0.760053542256576,0.760053542256576,0.760053542256576,True,0.17656022192636645,25.63856033791352,27.202057389576375
diffdock_smina,7KRU_ATP,/home/manndo/master_dev/posebusters_results/_benchmark_staging/diffdock/7KRU_ATP_ligand__7KRU_ATP_protein/optimized_smina/rank1_confidence0.24_smina.sdf,1,1,1.0804532973441918,0.9508811458580873,False,0.3864802895278891,0.6522912260847262,2,1.0804532973441918,1.0804532973441918,1.0804532973441918,True,0.3864802895278891,25.60851088346428,27.176912292724715
autodock,7L7C_XQ1,/home/manndo/master_dev/posebusters_results/benchmark/dock/converted_pdbqt/7L7C_XQ1_protein__7L7C_XQ1_ligand_vina_out_model1.sdf,1,1,0.4744810699219579,0.4744810699219579,True,0.1976214801915642,0.3946853718143067,1,0.4744810699219579,0.4744810699219579,0.4744810699219579,True,0.1976214801915642,,
diffdock_smina,7L7C_XQ1,/home/manndo/master_dev/posebusters_results/_benchmark_staging/diffdock/7L7C_XQ1_ligand__7L7C_XQ1_protein/optimized_smina/rank1_confidence-0.10_smina.sdf,1,1,2.105671267926556,2.015196784199404,True,0.5933705150392162,1.8913744060995556,1,2.105671267926556,2.105671267926556,2.105671267926556,True,0.5933705150392162,,
autodock,7LCU_XTA,/home/manndo/master_dev/posebusters_results/benchmark/dock/converted_pdbqt/7LCU_XTA_protein__7LCU_XTA_ligand_vina_out_model1.sdf,1,1,10.611723106171365,10.6109884142904,True,0.6600576937706555,1.9926379833534733,1,10.611723106171365,10.611723106171365,10.611723106171365,True,0.6600576937706555,,
diffdock_smina,7LCU_XTA,/home/manndo/master_dev/posebusters_results/_benchmark_staging/diffdock/7LCU_XTA_ligand__7LCU_XTA_protein/optimized_smina/rank1_confidence-0.79_smina.sdf,1,1,9.475837502205549,9.475837502205549,True,3.999533631175474,4.040684820817655,1,9.475837502205549,9.475837502205549,9.475837502205549,True,3.999533631175474,,
autodock,7K0V_VQP,/home/manndo/master_dev/posebusters_results/benchmark/dock/converted_pdbqt/7K0V_VQP_protein__7K0V_VQP_ligand_vina_out_model1.sdf,1,1,0.7518299342271495,0.7518299342271494,True,0.2160209724699746,0.6566596159815173,4,0.7518299342271495,0.7518299342271495,0.7518299342271495,True,0.21602097246997462,34.78998127628272,35.65812557512313
diffdock_smina,7K0V_VQP,/home/manndo/master_dev/posebusters_results/_benchmark_staging/diffdock/7K0V_VQP_ligand__7K0V_VQP_protein/optimized_smina/rank1_confidence0.48_smina.sdf,1,1,39.330173665885965,39.330173665885965,True,38.78639203247823,0.4320116780619569,4,39.330173665885965,39.330173665885965,0.41485698740650373,False,38.786392032478226,0.08558018797723757,0.41485698740650373
autodock,7KB1_WBJ,/home/manndo/master_dev/posebusters_results/benchmark/dock/converted_pdbqt/7KB1_WBJ_protein__7KB1_WBJ_ligand_vina_out_model1.sdf,1,1,1.072252980665223,0.7521911628399698,True,0.4793006397927999,0.3311706716039013,3,1.072252980665223,1.072252980665223,1.072252980665223,True,0.4793006397927999,29.526013444828862,30.28515797683443
diffdock_smina,7KB1_WBJ,/home/manndo/master_dev/posebusters_results/_benchmark_staging/diffdock/7KB1_WBJ_ligand__7KB1_WBJ_protein/optimized_smina/rank1_confidence-0.04_smina.sdf,1,1,0.3825878859223661,0.3825878859223661,True,0.0909021912154415,0.3513560575046263,3,0.3825878859223661,0.3825878859223661,0.3825878859223661,True,0.0909021912154415,29.53028822333789,30.272841817971255
autodock,7KZ9_XN7,/home/manndo/master_dev/posebusters_results/benchmark/dock/converted_pdbqt/7KZ9_XN7_protein__7KZ9_XN7_ligand_vina_out_model1.sdf,1,1,5.591076128325144,5.591076128325144,True,1.1003478450768625,1.2043834222852632,2,5.591076128325144,5.591076128325144,5.591076128325144,True,1.1003478450768625,53.31797461023056,53.440226118023254
diffdock_smina,7KZ9_XN7,/home/manndo/master_dev/posebusters_results/_benchmark_staging/diffdock/7KZ9_XN7_ligand__7KZ9_XN7_protein/optimized_smina/rank1_confidence0.81_smina.sdf,1,1,0.6413615183909361,0.6413615183909362,True,0.2084576824487405,0.5617757199112939,2,0.6413615183909361,0.6413615183909361,0.6413615183909361,True,0.20845768244874058,53.71079331570206,53.91469720718765
autodock,7L00_XCJ,/home/manndo/master_dev/posebusters_results/benchmark/dock/converted_pdbqt/7L00_XCJ_protein__7L00_XCJ_ligand_vina_out_model1.sdf,1,1,0.8339315630505016,0.8339315630505016,True,0.2716492887471232,0.7707822994654948,4,0.8339315630505016,0.8339315630505016,0.8339315630505016,True,0.27164928874712324,31.758715185686302,33.16635280309337
diffdock_smina,7L00_XCJ,/home/manndo/master_dev/posebusters_results/_benchmark_staging/diffdock/7L00_XCJ_ligand__7L00_XCJ_protein/optimized_smina/rank1_confidence-0.76_smina.sdf,1,1,5.821673851158209,5.821673851158209,False,3.176974999094214,1.4848230774645657,4,5.821673851158209,5.821673851158209,5.821673851158209,True,3.176974999094214,30.003456000623625,31.519851470667863
autodock,7KC5_BJZ,/home/manndo/master_dev/posebusters_results/benchmark/dock/converted_pdbqt/7KC5_BJZ_protein__7KC5_BJZ_ligand_vina_out_model1.sdf,1,1,0.949235624210485,0.794176541065258,True,0.4708727749586113,0.544079308239896,2,0.949235624210485,0.949235624210485,0.949235624210485,True,0.4708727749586113,50.5344200385353,50.7947289439218
diffdock_smina,7KC5_BJZ,/home/manndo/master_dev/posebusters_results/_benchmark_staging/diffdock/7KC5_BJZ_ligand__7KC5_BJZ_protein/optimized_smina/rank1_confidence-0.38_smina.sdf,1,1,1.3712739808442875,1.2712426016155065,True,0.6762924295796802,0.8820014806662952,2,1.3712739808442875,1.3712739808442875,1.3712739808442875,True,0.6762924295796802,50.6731905671326,50.936648640175605
autodock,7KM8_WPD,/home/manndo/master_dev/posebusters_results/benchmark/dock/converted_pdbqt/7KM8_WPD_protein__7KM8_WPD_ligand_vina_out_model1.sdf,1,1,1.1004025282313428,1.014613668620586,True,0.2437689887112621,0.9218126011518258,2,1.1004025282313428,1.1004025282313428,1.1004025282313428,True,0.24376898871126218,17.49927577689472,19.112145724823694
diffdock_smina,7KM8_WPD,/home/manndo/master_dev/posebusters_results/_benchmark_staging/diffdock/7KM8_WPD_ligand__7KM8_WPD_protein/optimized_smina/rank1_confidence-0.95_smina.sdf,1,1,1.8721118185179224,1.8539427991213195,True,0.5886701242700281,1.6647233835675372,2,1.8721118185179226,1.8721118185179226,1.8721118185179226,True,0.5886701242700281,17.386993553606754,19.033671211258113
autodock,7LEV_0JO,/home/manndo/master_dev/posebusters_results/benchmark/dock/converted_pdbqt/7LEV_0JO_protein__7LEV_0JO_ligand_vina_out_model1.sdf,1,1,0.9767727961189824,0.8127694278558606,True,0.2106116941536856,0.6721697439250596,1,0.9767727961189825,0.9767727961189825,0.9767727961189825,True,0.21061169415368566,,
diffdock_smina,7LEV_0JO,/home/manndo/master_dev/posebusters_results/_benchmark_staging/diffdock/7LEV_0JO_ligand__7LEV_0JO_protein/optimized_smina/rank1_confidence0.14_smina.sdf,1,1,1.3914942468611284,1.0453778086687813,True,0.4292166309466304,0.9092737666175948,1,1.3914942468611284,1.3914942468611284,1.3914942468611284,True,0.42921663094663043,,
autodock,7LJN_GTP,/home/manndo/master_dev/posebusters_results/benchmark/dock/converted_pdbqt/7LJN_GTP_protein__7LJN_GTP_ligand_vina_out_model1.sdf,1,1,4.873117501918048,4.840324692104859,True,3.463385120678996,2.134533061162984,4,4.873117501918048,4.873117501918048,4.873117501918048,True,3.463385120678996,41.337976012730735,41.6387850188229
diffdock_smina,7LJN_GTP,/home/manndo/master_dev/posebusters_results/_benchmark_staging/diffdock/7LJN_GTP_ligand__7LJN_GTP_protein/optimized_smina/rank1_confidence-1.44_smina.sdf,1,1,45.6163484705833,45.61155808614673,True,45.30932296759818,2.5078335550511013,4,45.616348470583304,45.616348470583304,4.0706835016907785,False,45.30932296759818,1.8583648993433246,4.0706835016907785
autodock,7LMO_NYO,/home/manndo/master_dev/posebusters_results/benchmark/dock/converted_pdbqt/7LMO_NYO_protein__7LMO_NYO_ligand_vina_out_model1.sdf,1,1,2.0375784780111053,2.0375784780111053,True,0.7220691536643086,1.8088005959394804,1,2.0375784780111053,2.0375784780111053,2.0375784780111053,True,0.7220691536643086,,
diffdock_smina,7LMO_NYO,/home/manndo/master_dev/posebusters_results/_benchmark_staging/diffdock/7LMO_NYO_ligand__7LMO_NYO_protein/optimized_smina/rank1_confidence-1.25_smina.sdf,1,1,11.22294182062748,11.222941820627476,True,7.851901306467211,3.0128719643976525,1,11.22294182062748,11.22294182062748,11.22294182062748,True,7.851901306467211,,
autodock,7LOE_Y84,/home/manndo/master_dev/posebusters_results/benchmark/dock/converted_pdbqt/7LOE_Y84_protein__7LOE_Y84_ligand_vina_out_model1.sdf,1,1,2.6220042646106365,2.6220042646106365,True,0.698581478887487,0.0244580339829049,1,2.6220042646106365,2.6220042646106365,2.6220042646106365,True,0.698581478887487,,
diffdock_smina,7LOE_Y84,/home/manndo/master_dev/posebusters_results/_benchmark_staging/diffdock/7LOE_Y84_ligand__7LOE_Y84_protein/optimized_smina/rank1_confidence0.25_smina.sdf,1,1,2.6286169977592952,2.6286169977592952,True,0.7008223953575622,0.0243930066408358,1,2.6286169977592952,2.6286169977592952,2.6286169977592952,True,0.7008223953575622,,
autodock,7LOU_IFM,/home/manndo/master_dev/posebusters_results/benchmark/dock/converted_pdbqt/7LOU_IFM_protein__7LOU_IFM_ligand_vina_out_model1.sdf,1,1,1.569179753884175,1.569179753884175,False,1.0036962737800788,0.2153377594403522,2,1.569179753884175,1.569179753884175,1.569179753884175,True,1.0036962737800788,44.33045882798868,44.48126279457452
diffdock_smina,7LOU_IFM,/home/manndo/master_dev/posebusters_results/_benchmark_staging/diffdock/7LOU_IFM_ligand__7LOU_IFM_protein/optimized_smina/rank1_confidence-1.12_smina.sdf,1,1,21.540999928810173,21.540999928810177,True,21.2720976240544,0.5926764551538339,2,21.540999928810173,21.540999928810173,21.540999928810173,True,21.272097624054396,25.773391153228154,26.02095129953938
autodock,7LT0_ONJ,/home/manndo/master_dev/posebusters_results/benchmark/dock/converted_pdbqt/7LT0_ONJ_protein__7LT0_ONJ_ligand_vina_out_model1.sdf,1,1,6.286321720829899,6.286321720829899,True,1.4731516232470647,2.27376024405613,1,6.286321720829899,6.286321720829899,6.286321720829899,True,1.4731516232470647,,
diffdock_smina,7LT0_ONJ,/home/manndo/master_dev/posebusters_results/_benchmark_staging/diffdock/7LT0_ONJ_ligand__7LT0_ONJ_protein/optimized_smina/rank1_confidence0.12_smina.sdf,1,1,1.448682011602526,1.4486820116025256,True,0.1791207751352445,1.4032791662670685,1,1.4486820116025259,1.4486820116025259,1.4486820116025259,True,0.1791207751352445,,
autodock,7LZD_YHY,/home/manndo/master_dev/posebusters_results/benchmark/dock/converted_pdbqt/7LZD_YHY_protein__7LZD_YHY_ligand_vina_out_model1.sdf,1,1,1.259968924083119,1.259968924083119,True,0.1868667904793846,1.013134516608409,1,1.2599689240831187,1.2599689240831187,1.2599689240831187,True,0.18686679047938468,,
diffdock_smina,7LZD_YHY,/home/manndo/master_dev/posebusters_results/_benchmark_staging/diffdock/7LZD_YHY_ligand__7LZD_YHY_protein/optimized_smina/rank1_confidence-0.82_smina.sdf,1,1,2.179991076460699,2.179991076460699,True,0.2523936930710087,1.99591249946826,1,2.179991076460699,2.179991076460699,2.179991076460699,True,0.2523936930710087,,
autodock,7M3H_YPV,/home/manndo/master_dev/posebusters_results/benchmark/dock/converted_pdbqt/7M3H_YPV_protein__7M3H_YPV_ligand_vina_out_model1.sdf,1,1,0.5808993386695038,0.5808993386695038,True,0.2931393564359235,0.3759688053618845,2,0.5808993386695038,0.5808993386695038,0.5808993386695038,True,0.29313935643592354,33.724728676658565,34.30298481850134
diffdock_smina,7M3H_YPV,/home/manndo/master_dev/posebusters_results/_benchmark_staging/diffdock/7M3H_YPV_ligand__7M3H_YPV_protein/optimized_smina/rank1_confidence-0.58_smina.sdf,1,1,33.415552995692245,33.41488304532752,True,32.9353476582982,1.2506627981227718,2,33.415552995692245,33.415552995692245,2.8379109231821684,False,32.9353476582982,1.6576348346939869,2.8379109231821684
autodock,7MGT_ZD4,/home/manndo/master_dev/posebusters_results/benchmark/dock/converted_pdbqt/7MGT_ZD4_protein__7MGT_ZD4_ligand_vina_out_model1.sdf,1,1,1.7154949827132364,1.590135764644014,True,0.1806361032177952,1.53041012442278,1,1.7154949827132364,1.7154949827132364,1.7154949827132364,True,0.18063610321779522,,
diffdock_smina,7MGT_ZD4,/home/manndo/master_dev/posebusters_results/_benchmark_staging/diffdock/7MGT_ZD4_ligand__7MGT_ZD4_protein/optimized_smina/rank1_confidence-1.03_smina.sdf,1,1,11.87189735973151,11.871840636805832,True,9.418972542977134,1.556265723445528,1,11.87189735973151,11.87189735973151,11.87189735973151,True,9.418972542977134,,
autodock,7MGY_ZD1,/home/manndo/master_dev/posebusters_results/benchmark/dock/converted_pdbqt/7MGY_ZD1_protein__7MGY_ZD1_ligand_vina_out_model1.sdf,1,1,3.088197617015326,3.088197617015326,True,1.3990750441652515,1.659846388687947,2,3.088197617015326,3.088197617015326,3.088197617015326,True,1.3990750441652517,70.90348818310146,71.16377997481828
diffdock_smina,7MGY_ZD1,/home/manndo/master_dev/posebusters_results/_benchmark_staging/diffdock/7MGY_ZD1_ligand__7MGY_ZD1_protein/optimized_smina/rank1_confidence-0.19_smina.sdf,1,1,72.03102528487292,72.03102528487291,False,71.78204914316824,0.8461705027255816,2,72.03102528487292,72.03102528487292,0.9211465674341156,False,71.78204914316824,0.314238710059458,0.9211465674341156
autodock,7MWU_ZPM,/home/manndo/master_dev/posebusters_results/benchmark/dock/converted_pdbqt/7MWU_ZPM_protein__7MWU_ZPM_ligand_vina_out_model1.sdf,1,1,0.6235222530110687,0.6235222530110687,True,0.3301702714710479,0.3559893473005773,1,0.6235222530110687,0.6235222530110687,0.6235222530110687,True,0.33017027147104794,,
diffdock_smina,7MWU_ZPM,/home/manndo/master_dev/posebusters_results/_benchmark_staging/diffdock/7MWU_ZPM_ligand__7MWU_ZPM_protein/optimized_smina/rank1_confidence-0.28_smina.sdf,1,1,4.2575153708304025,4.2575153708304025,False,3.8240276202198182,0.0941191525359185,1,4.2575153708304025,4.2575153708304025,4.2575153708304025,True,3.8240276202198187,,
autodock,7MY1_IPE,/home/manndo/master_dev/posebusters_results/benchmark/dock/converted_pdbqt/7MY1_IPE_protein__7MY1_IPE_ligand_vina_out_model1.sdf,1,1,1.6594086296027268,1.5205682208588058,True,0.7711405083857695,1.1976548045191215,1,1.6594086296027268,1.6594086296027268,1.6594086296027268,True,0.7711405083857695,,
diffdock_smina,7MY1_IPE,/home/manndo/master_dev/posebusters_results/_benchmark_staging/diffdock/7MY1_IPE_ligand__7MY1_IPE_protein/optimized_smina/rank1_confidence-0.77_smina.sdf,1,1,3.162290325290924,3.0406082570527144,True,1.6762509016875045,1.2831802618728778,1,3.1622903252909236,3.1622903252909236,3.1622903252909236,True,1.6762509016875045,,
autodock,7N4N_0BK,/home/manndo/master_dev/posebusters_results/benchmark/dock/converted_pdbqt/7N4N_0BK_protein__7N4N_0BK_ligand_vina_out_model1.sdf,1,1,8.806353374127113,8.806353374127113,True,1.1710725052275843,1.562536719347668,1,8.806353374127113,8.806353374127113,8.806353374127113,True,1.1710725052275845,,
diffdock_smina,7N4N_0BK,/home/manndo/master_dev/posebusters_results/_benchmark_staging/diffdock/7N4N_0BK_ligand__7N4N_0BK_protein/optimized_smina/rank1_confidence0.30_smina.sdf,1,1,1.3814277482916,1.3814277482916,True,0.6752606967202773,0.9347633303494716,1,1.3814277482916,1.3814277482916,1.3814277482916,True,0.6752606967202773,,
autodock,7N4W_P4V,/home/manndo/master_dev/posebusters_results/benchmark/dock/converted_pdbqt/7N4W_P4V_protein__7N4W_P4V_ligand_vina_out_model1.sdf,1,1,2.347815023509175,2.347815023509175,True,1.418542792391604,1.0063205169963605,1,2.347815023509175,2.347815023509175,2.347815023509175,True,1.4185427923916039,,
diffdock_smina,7N4W_P4V,/home/manndo/master_dev/posebusters_results/_benchmark_staging/diffdock/7N4W_P4V_ligand__7N4W_P4V_protein/optimized_smina/rank1_confidence-0.71_smina.sdf,1,1,1.7247547798945888,1.7247547798945886,True,0.9168283368872988,1.1120294253087883,1,1.7247547798945888,1.7247547798945888,1.7247547798945888,True,0.9168283368872987,,
autodock,7MSR_DCA,/home/manndo/master_dev/posebusters_results/benchmark/dock/converted_pdbqt/7MSR_DCA_protein__7MSR_DCA_ligand_vina_out_model1.sdf,1,1,1.8481495057880684,1.82611162297776,True,0.8720435083692312,1.4018073413369896,1,1.8481495057880684,1.8481495057880684,1.8481495057880684,True,0.8720435083692312,,
diffdock_smina,7MSR_DCA,/home/manndo/master_dev/posebusters_results/_benchmark_staging/diffdock/7MSR_DCA_ligand__7MSR_DCA_protein/optimized_smina/rank1_confidence-1.09_smina.sdf,1,1,1.5261024619124757,1.437668886212322,False,0.1902712208005075,1.341038987621683,1,1.5261024619124757,1.5261024619124757,1.5261024619124757,True,0.19027122080050754,,
autodock,7MWN_WI5,/home/manndo/master_dev/posebusters_results/benchmark/dock/converted_pdbqt/7MWN_WI5_protein__7MWN_WI5_ligand_vina_out_model1.sdf,1,1,0.857034676953039,0.857034676953039,True,0.4884062629966779,0.6927678530610986,1,0.857034676953039,0.857034676953039,0.857034676953039,True,0.48840626299667794,,
diffdock_smina,7MWN_WI5,/home/manndo/master_dev/posebusters_results/_benchmark_staging/diffdock/7MWN_WI5_ligand__7MWN_WI5_protein/optimized_smina/rank1_confidence-0.72_smina.sdf,1,1,3.879056101440788,3.879056101440788,True,0.696279516556231,2.0272094061971218,1,3.8790561014407876,3.8790561014407876,3.8790561014407876,True,0.696279516556231,,
diffdock_smina,7MMH_ZJY,/home/manndo/master_dev/posebusters_results/_benchmark_staging/diffdock/7MMH_ZJY_ligand__7MMH_ZJY_protein/optimized_smina/rank1_confidence0.56_smina.sdf,1,1,1.3385599921020126,1.3385599921020124,True,0.6500806981489932,1.0515651300757234,1,1.3385599921020126,1.3385599921020126,1.3385599921020126,True,0.6500806981489932,,
autodock,7MMH_ZJY,/home/manndo/master_dev/posebusters_results/benchmark/dock/converted_pdbqt/7MMH_ZJY_protein__7MMH_ZJY_ligand_vina_out_model1.sdf,1,1,1.2616389299136597,1.26163892991366,True,0.6545428406570976,1.0110943316828087,1,1.2616389299136597,1.2616389299136597,1.2616389299136597,True,0.6545428406570976,,
autodock,7MOI_HPS,/home/manndo/master_dev/posebusters_results/benchmark/dock/converted_pdbqt/7MOI_HPS_protein__7MOI_HPS_ligand_vina_out_model1.sdf,1,1,0.6754514315357073,0.6754514315357074,True,0.4442645608193389,0.2961142052426893,2,0.6754514315357073,0.6754514315357073,0.6754514315357073,True,0.4442645608193389,29.10040291036285,29.152808451954737
diffdock_smina,7MOI_HPS,/home/manndo/master_dev/posebusters_results/_benchmark_staging/diffdock/7MOI_HPS_ligand__7MOI_HPS_protein/optimized_smina/rank1_confidence-0.34_smina.sdf,1,1,32.75539647652804,32.75539647652804,True,32.57965434302633,0.5824829331923106,2,32.75539647652804,32.75539647652804,28.16283060586321,False,32.57965434302633,27.880167217688655,28.16283060586321
autodock,7MYU_ZR7,/home/manndo/master_dev/posebusters_results/benchmark/dock/converted_pdbqt/7MYU_ZR7_protein__7MYU_ZR7_ligand_vina_out_model1.sdf,1,1,1.8912231793962648,1.8912231793962644,True,1.2276359218981447,1.2101559222969938,2,1.8912231793962646,1.8912231793962646,1.8912231793962646,True,1.2276359218981447,50.54592000168091,50.68533571246929
diffdock_smina,7MYU_ZR7,/home/manndo/master_dev/posebusters_results/_benchmark_staging/diffdock/7MYU_ZR7_ligand__7MYU_ZR7_protein/optimized_smina/rank1_confidence0.50_smina.sdf,1,1,1.4390930231026966,1.4390930231026966,True,0.5309644527399798,1.0757889545263648,2,1.4390930231026966,1.4390930231026966,1.4390930231026966,True,0.5309644527399798,49.04682539915437,49.20277548493145
autodock,7N03_ZRP,/home/manndo/master_dev/posebusters_results/benchmark/dock/converted_pdbqt/7N03_ZRP_protein__7N03_ZRP_ligand_vina_out_model1.sdf,1,1,1.1392963994124994,1.1392963994124992,True,0.4550723843522109,0.9881312275246374,1,1.1392963994124994,1.1392963994124994,1.1392963994124994,True,0.4550723843522109,,
diffdock_smina,7N03_ZRP,/home/manndo/master_dev/posebusters_results/_benchmark_staging/diffdock/7N03_ZRP_ligand__7N03_ZRP_protein/optimized_smina/rank1_confidence0.44_smina.sdf,1,1,1.6786109895642034,1.6786109895642034,True,0.851707123343514,1.1713808501454914,1,1.6786109895642034,1.6786109895642034,1.6786109895642034,True,0.851707123343514,,
autodock,7M6K_YRJ,/home/manndo/master_dev/posebusters_results/benchmark/dock/converted_pdbqt/7M6K_YRJ_protein__7M6K_YRJ_ligand_vina_out_model1.sdf,1,1,1.0401724944362918,0.8465909355297938,True,0.2687795649699817,0.7313284493151218,2,1.0401724944362918,1.0401724944362918,1.0401724944362918,True,0.2687795649699817,32.92662808103739,33.61882371934996
diffdock_smina,7M6K_YRJ,/home/manndo/master_dev/posebusters_results/_benchmark_staging/diffdock/7M6K_YRJ_ligand__7M6K_YRJ_protein/optimized_smina/rank1_confidence-1.34_smina.sdf,1,1,30.190108928241564,30.190108928241564,True,29.32917044233422,2.255842320840185,2,30.190108928241564,30.190108928241564,15.270236143785391,False,29.32917044233422,11.423649538214429,15.270236143785391
autodock,7MFP_Z7P,/home/manndo/master_dev/posebusters_results/benchmark/dock/converted_pdbqt/7MFP_Z7P_protein__7MFP_Z7P_ligand_vina_out_model1.sdf,1,1,7.841503716762494,7.833280557978248,True,3.959408839763823,4.005741756061108,4,7.841503716762494,7.841503716762494,7.841503716762494,True,3.959408839763823,30.487657460697108,32.43085276091272
diffdock_smina,7MFP_Z7P,/home/manndo/master_dev/posebusters_results/_benchmark_staging/diffdock/7MFP_Z7P_ligand__7MFP_Z7P_protein/optimized_smina/rank1_confidence-1.22_smina.sdf,1,1,50.69550498093889,50.69314810260259,True,50.68667783570811,0.7459208623897791,4,50.69550498093889,50.69550498093889,0.9364500031501951,False,50.68667783570811,0.3235176698481876,0.9364500031501951
autodock,7N7H_CTP,/home/manndo/master_dev/posebusters_results/benchmark/dock/converted_pdbqt/7N7H_CTP_protein__7N7H_CTP_ligand_vina_out_model1.sdf,1,1,1.4459529968036715,1.300024243805769,True,0.489491905758031,1.0859275736039553,1,1.4459529968036717,1.4459529968036717,1.4459529968036717,True,0.489491905758031,,
diffdock_smina,7N7H_CTP,/home/manndo/master_dev/posebusters_results/_benchmark_staging/diffdock/7N7H_CTP_ligand__7N7H_CTP_protein/optimized_smina/rank1_confidence-0.52_smina.sdf,1,1,4.487706705718604,4.487706705718602,False,2.4246517756917068,1.703840451727812,1,4.487706705718604,4.487706705718604,4.487706705718604,True,2.4246517756917068,,
autodock,7NF0_BYN,/home/manndo/master_dev/posebusters_results/benchmark/dock/converted_pdbqt/7NF0_BYN_protein__7NF0_BYN_ligand_vina_out_model1.sdf,1,1,1.1812053852578568,1.0444426420021504,True,0.1177547624343362,1.024229423288528,2,1.1812053852578568,1.1812053852578568,1.1812053852578568,True,0.11775476243433623,48.90260930720695,49.52997545685599
diffdock_smina,7NF0_BYN,/home/manndo/master_dev/posebusters_results/_benchmark_staging/diffdock/7NF0_BYN_ligand__7NF0_BYN_protein/optimized_smina/rank1_confidence-0.75_smina.sdf,1,1,49.787204198924506,49.7844547788955,False,49.12625796656005,1.0100116809451145,2,49.787204198924506,49.787204198924506,1.2984548091294328,False,49.126257966560054,0.6174880232053455,1.2984548091294328
autodock,7N6F_0I1,/home/manndo/master_dev/posebusters_results/benchmark/dock/converted_pdbqt/7N6F_0I1_protein__7N6F_0I1_ligand_vina_out_model1.sdf,1,1,2.286501938635656,2.2865019386356566,True,1.1081047235719022,1.5395918467396148,1,2.286501938635656,2.286501938635656,2.286501938635656,True,1.1081047235719022,,
diffdock_smina,7N6F_0I1,/home/manndo/master_dev/posebusters_results/_benchmark_staging/diffdock/7N6F_0I1_ligand__7N6F_0I1_protein/optimized_smina/rank1_confidence-1.69_smina.sdf,1,1,19.027956865612644,19.02795686561264,True,17.421037805723472,1.324564261087911,1,19.027956865612644,19.027956865612644,19.027956865612644,True,17.421037805723472,,
autodock,7N7B_T3F,/home/manndo/master_dev/posebusters_results/benchmark/dock/converted_pdbqt/7N7B_T3F_protein__7N7B_T3F_ligand_vina_out_model1.sdf,1,1,3.7258620747418982,3.725862074741899,True,1.949515976558576,2.8157531645615843,2,3.7258620747418987,3.7258620747418987,3.7258620747418987,True,1.9495159765585757,38.310952458959456,39.12676573432273
diffdock_smina,7N7B_T3F,/home/manndo/master_dev/posebusters_results/_benchmark_staging/diffdock/7N7B_T3F_ligand__7N7B_T3F_protein/optimized_smina/rank1_confidence-0.90_smina.sdf,1,1,37.97872201197101,37.978722011971016,True,37.15115560606667,1.6186721677806586,2,37.97872201197101,37.97872201197101,2.0550662442572785,False,37.15115560606667,0.8572667801227558,2.0550662442572785
autodock,7NF3_4LU,/home/manndo/master_dev/posebusters_results/benchmark/dock/converted_pdbqt/7NF3_4LU_protein__7NF3_4LU_ligand_vina_out_model1.sdf,1,1,1.210230969691323,1.0555150927917192,True,0.158574012980033,1.007328417554026,1,1.210230969691323,1.210230969691323,1.210230969691323,True,0.158574012980033,,
diffdock_smina,7NF3_4LU,/home/manndo/master_dev/posebusters_results/_benchmark_staging/diffdock/7NF3_4LU_ligand__7NF3_4LU_protein/optimized_smina/rank1_confidence-1.11_smina.sdf,1,1,1.5567085586797118,1.513295301651333,False,0.6372488798308538,1.304463349449212,1,1.5567085586797118,1.5567085586797118,1.5567085586797118,True,0.6372488798308538,,
autodock,7NFB_GEN,/home/manndo/master_dev/posebusters_results/benchmark/dock/converted_pdbqt/7NFB_GEN_protein__7NFB_GEN_ligand_vina_out_model1.sdf,1,1,7.029399675647985,7.029399675647986,True,0.6036749994823363,0.3244477728981771,2,7.029399675647985,7.029399675647985,7.029399675647985,True,0.6036749994823363,29.300873787525514,29.8333571652605
diffdock_smina,7NFB_GEN,/home/manndo/master_dev/posebusters_results/_benchmark_staging/diffdock/7NFB_GEN_ligand__7NFB_GEN_protein/optimized_smina/rank1_confidence-0.78_smina.sdf,1,1,36.81726637663367,36.81726637663367,True,36.57414366945725,0.6412097713625404,2,36.81726637663367,36.81726637663367,13.507952213714706,False,36.57414366945725,13.20559214441367,13.507952213714706
autodock,7NGW_UAW,/home/manndo/master_dev/posebusters_results/benchmark/dock/converted_pdbqt/7NGW_UAW_protein__7NGW_UAW_ligand_vina_out_model1.sdf,1,1,0.8912625545687817,0.8912625545687816,True,0.7265312525278242,0.4554153779681495,1,0.8912625545687817,0.8912625545687817,0.8912625545687817,True,0.7265312525278242,,
diffdock_smina,7NGW_UAW,/home/manndo/master_dev/posebusters_results/_benchmark_staging/diffdock/7NGW_UAW_ligand__7NGW_UAW_protein/optimized_smina/rank1_confidence-0.48_smina.sdf,1,1,0.9595268000426044,0.9595268000426044,True,0.7722704531462846,0.4998843493781781,1,0.9595268000426044,0.9595268000426044,0.9595268000426044,True,0.7722704531462846,,
autodock,7NLV_UJE,/home/manndo/master_dev/posebusters_results/benchmark/dock/converted_pdbqt/7NLV_UJE_protein__7NLV_UJE_ligand_vina_out_model1.sdf,1,1,0.49904117589443,0.4990411758944301,True,0.1485914974235566,0.3988006808268673,4,0.49904117589443003,0.49904117589443003,0.49904117589443003,True,0.14859149742355662,19.300688121860425,20.54737794417946
diffdock_smina,7NLV_UJE,/home/manndo/master_dev/posebusters_results/_benchmark_staging/diffdock/7NLV_UJE_ligand__7NLV_UJE_protein/optimized_smina/rank1_confidence-0.18_smina.sdf,1,1,29.614729394267886,29.614729394267886,True,28.96316781111812,0.2986739829962989,4,29.614729394267886,29.614729394267886,1.0733857294960254,False,28.96316781111812,0.3253443236197091,1.0733857294960254
autodock,7NU0_DCL,/home/manndo/master_dev/posebusters_results/benchmark/dock/converted_pdbqt/7NU0_DCL_protein__7NU0_DCL_ligand_vina_out_model1.sdf,1,1,0.5022490666989833,0.5022490666989833,True,0.2549111671249415,0.4188217498187268,1,0.5022490666989833,0.5022490666989833,0.5022490666989833,True,0.2549111671249415,,
diffdock_smina,7NU0_DCL,/home/manndo/master_dev/posebusters_results/_benchmark_staging/diffdock/7NU0_DCL_ligand__7NU0_DCL_protein/optimized_smina/rank1_confidence-0.64_smina.sdf,1,1,0.2541824221892622,0.2541824221892622,True,0.1670748770200059,0.1818966566085816,1,0.25418242218926224,0.25418242218926224,0.25418242218926224,True,0.16707487702000598,,
autodock,7NUT_GLP,/home/manndo/master_dev/posebusters_results/benchmark/dock/converted_pdbqt/7NUT_GLP_protein__7NUT_GLP_ligand_vina_out_model1.sdf,1,1,5.380832724820574,5.336452713413658,True,0.5806256761298537,1.4315432821202343,2,5.380832724820574,5.380832724820574,5.380832724820574,True,0.5806256761298537,30.389701709239638,30.48946153386445
diffdock_smina,7NUT_GLP,/home/manndo/master_dev/posebusters_results/_benchmark_staging/diffdock/7NUT_GLP_ligand__7NUT_GLP_protein/optimized_smina/rank1_confidence-0.65_smina.sdf,1,1,26.16478573769285,26.14930578570634,False,25.57553491466733,0.93184176041375,2,26.164785737692846,26.164785737692846,6.258093318805257,False,25.57553491466733,5.57421786002796,6.258093318805257
autodock,7NP6_UK8,/home/manndo/master_dev/posebusters_results/benchmark/dock/converted_pdbqt/7NP6_UK8_protein__7NP6_UK8_ligand_vina_out_model1.sdf,1,1,0.3637542955072835,0.3637542955072835,True,0.1232906325643854,0.328732823640365,1,0.36375429550728355,0.36375429550728355,0.36375429550728355,True,0.12329063256438545,,
diffdock_smina,7NP6_UK8,/home/manndo/master_dev/posebusters_results/_benchmark_staging/diffdock/7NP6_UK8_ligand__7NP6_UK8_protein/optimized_smina/rank1_confidence-1.19_smina.sdf,1,1,15.232473649010934,15.226171001529323,True,14.804335007627872,2.213253039344527,1,15.232473649010934,15.232473649010934,15.232473649010934,True,14.804335007627873,,
autodock,7NPL_UKZ,/home/manndo/master_dev/posebusters_results/benchmark/dock/converted_pdbqt/7NPL_UKZ_protein__7NPL_UKZ_ligand_vina_out_model1.sdf,1,1,2.1941208397121748,2.1941208397121748,True,0.1537273921951162,2.106713070438431,1,2.1941208397121748,2.1941208397121748,2.1941208397121748,True,0.15372739219511627,,
diffdock_smina,7NPL_UKZ,/home/manndo/master_dev/posebusters_results/_benchmark_staging/diffdock/7NPL_UKZ_ligand__7NPL_UKZ_protein/optimized_smina/rank1_confidence-1.16_smina.sdf,1,1,25.455907208449386,25.455907208449386,True,24.54717802036152,2.523741035881876,1,25.455907208449382,25.455907208449382,25.455907208449382,True,24.547178020361518,,
autodock,7NR8_UOE,/home/manndo/master_dev/posebusters_results/benchmark/dock/converted_pdbqt/7NR8_UOE_protein__7NR8_UOE_ligand_vina_out_model1.sdf,1,1,0.9562000488042935,0.9562000488042935,True,0.2228454327860129,0.9112544157594864,1,0.9562000488042935,0.9562000488042935,0.9562000488042935,True,0.22284543278601296,,
diffdock_smina,7NR8_UOE,/home/manndo/master_dev/posebusters_results/_benchmark_staging/diffdock/7NR8_UOE_ligand__7NR8_UOE_protein/optimized_smina/rank1_confidence0.03_smina.sdf,1,1,0.87216828332865,0.8721682833286502,True,0.1194436997392592,0.840116496953301,1,0.87216828332865,0.87216828332865,0.87216828332865,True,0.11944369973925925,,
autodock,7NSW_HC4,/home/manndo/master_dev/posebusters_results/benchmark/dock/converted_pdbqt/7NSW_HC4_protein__7NSW_HC4_ligand_vina_out_model1.sdf,1,1,0.9526486323228872,0.2829165071182659,True,0.0894686087096746,0.1404308298957777,2,0.9526486323228873,0.9526486323228873,0.9526486323228873,True,0.08946860870967469,38.58949348934097,38.858418442254354
diffdock_smina,7NSW_HC4,/home/manndo/master_dev/posebusters_results/_benchmark_staging/diffdock/7NSW_HC4_ligand__7NSW_HC4_protein/optimized_smina/rank1_confidence-0.65_smina.sdf,1,1,16.706864161550484,16.694706639506027,True,16.21312275405713,0.3055210739182895,2,16.706864161550484,16.706864161550484,16.706864161550484,True,16.21312275405713,50.819017305757185,51.12508744128627
autodock,7O1T_5X8,/home/manndo/master_dev/posebusters_results/benchmark/dock/converted_pdbqt/7O1T_5X8_protein__7O1T_5X8_ligand_vina_out_model1.sdf,1,1,1.2060386063472432,1.2060386063472428,True,0.3262851611704088,1.0086119606645898,1,1.2060386063472432,1.2060386063472432,1.2060386063472432,True,0.3262851611704088,,
diffdock_smina,7O1T_5X8,/home/manndo/master_dev/posebusters_results/_benchmark_staging/diffdock/7O1T_5X8_ligand__7O1T_5X8_protein/optimized_smina/rank1_confidence-1.83_smina.sdf,1,1,2.544305144435313,2.544305144435313,False,0.18508536780632,1.413245004737598,1,2.544305144435313,2.544305144435313,2.544305144435313,True,0.18508536780632004,,
autodock,7ODY_DGI,/home/manndo/master_dev/posebusters_results/benchmark/dock/converted_pdbqt/7ODY_DGI_protein__7ODY_DGI_ligand_vina_out_model1.sdf,1,1,0.9010838329889588,0.6394187175054357,True,0.1027141544815717,0.6190712631677907,4,0.9010838329889588,0.9010838329889588,0.9010838329889588,True,0.10271415448157173,18.46533752812103,20.172504179919976
diffdock_smina,7ODY_DGI,/home/manndo/master_dev/posebusters_results/_benchmark_staging/diffdock/7ODY_DGI_ligand__7ODY_DGI_protein/optimized_smina/rank1_confidence0.26_smina.sdf,1,1,20.086679257897,20.076544151543832,True,18.36445140040712,1.1297584903890532,4,20.086679257897,20.086679257897,1.433428974328496,False,18.36445140040712,0.3392420666030225,1.433428974328496
autodock,7NXO_UU8,/home/manndo/master_dev/posebusters_results/benchmark/dock/converted_pdbqt/7NXO_UU8_protein__7NXO_UU8_ligand_vina_out_model1.sdf,1,1,1.4863969365351828,1.486396936535183,True,0.2878398021992384,1.4435482695388642,2,1.4863969365351828,1.4863969365351828,1.4863969365351828,True,0.28783980219923844,35.65424041464046,36.962505117865526
diffdock_smina,7NXO_UU8,/home/manndo/master_dev/posebusters_results/_benchmark_staging/diffdock/7NXO_UU8_ligand__7NXO_UU8_protein/optimized_smina/rank1_confidence-1.77_smina.sdf,1,1,31.88041748553583,31.88041748553583,True,31.34321426045447,1.9731220807502865,2,31.88041748553583,31.88041748553583,26.966703383971826,False,31.34321426045447,25.865426077113664,26.966703383971826
autodock,7O0N_CDP,/home/manndo/master_dev/posebusters_results/benchmark/dock/converted_pdbqt/7O0N_CDP_protein__7O0N_CDP_ligand_vina_out_model1.sdf,1,1,1.7411864116170908,1.594863743396282,True,0.913948778433454,1.228669339841986,2,1.7411864116170908,1.7411864116170908,1.7411864116170908,True,0.9139487784334539,9.634360477623838,11.849374699113874
diffdock_smina,7O0N_CDP,/home/manndo/master_dev/posebusters_results/_benchmark_staging/diffdock/7O0N_CDP_ligand__7O0N_CDP_protein/optimized_smina/rank1_confidence-1.15_smina.sdf,1,1,2.207698889069793,2.105279312775386,False,1.3296500657361017,1.5664535919244391,2,2.2076988890697935,2.2076988890697935,2.2076988890697935,True,1.3296500657361017,9.30090465115905,11.955650581411286
autodock,7OPG_06N,/home/manndo/master_dev/posebusters_results/benchmark/dock/converted_pdbqt/7OPG_06N_protein__7OPG_06N_ligand_vina_out_model1.sdf,1,1,0.8975425514029666,0.8975425514029665,True,0.6373009830027634,0.6116153476434601,3,0.8975425514029666,0.8975425514029666,0.8975425514029666,True,0.6373009830027634,41.06234110609834,41.28361800112919
diffdock_smina,7OPG_06N,/home/manndo/master_dev/posebusters_results/_benchmark_staging/diffdock/7OPG_06N_ligand__7OPG_06N_protein/optimized_smina/rank1_confidence0.77_smina.sdf,1,1,4.964162017002732,4.964162017002732,True,1.413960537607524,0.6273418813181326,3,4.964162017002732,4.964162017002732,4.964162017002732,True,1.413960537607524,41.7466768744873,41.92081975022736
autodock,7OSO_0V1,/home/manndo/master_dev/posebusters_results/benchmark/dock/converted_pdbqt/7OSO_0V1_protein__7OSO_0V1_ligand_vina_out_model1.sdf,1,1,2.6175637255170794,2.6175637255170794,True,1.950009026666704,0.547971068441044,1,2.6175637255170794,2.6175637255170794,2.6175637255170794,True,1.950009026666704,,
diffdock_smina,7OSO_0V1,/home/manndo/master_dev/posebusters_results/_benchmark_staging/diffdock/7OSO_0V1_ligand__7OSO_0V1_protein/optimized_smina/rank1_confidence-0.36_smina.sdf,1,1,2.930876031642612,2.930876031642612,True,1.57791744830757,1.1054022622728978,1,2.9308760316426117,2.9308760316426117,2.9308760316426117,True,1.57791744830757,,
autodock,7OZ9_NGK,/home/manndo/master_dev/posebusters_results/benchmark/dock/converted_pdbqt/7OZ9_NGK_protein__7OZ9_NGK_ligand_vina_out_model1.sdf,1,1,0.8674039003346657,0.8674039003346657,True,0.3418903657032038,0.7912376797501404,2,0.8674039003346657,0.8674039003346657,0.8674039003346657,True,0.34189036570320386,75.20195174791205,75.40516304220192
diffdock_smina,7OZ9_NGK,/home/manndo/master_dev/posebusters_results/_benchmark_staging/diffdock/7OZ9_NGK_ligand__7OZ9_NGK_protein/optimized_smina/rank1_confidence-0.78_smina.sdf,1,1,76.29169623765023,76.29046338240518,True,76.17427992845168,0.7183176853624543,2,76.29169623765023,76.29169623765023,4.912943470487984,False,76.17427992845168,1.1375555815953986,4.912943470487984
autodock,7OZC_G6S,/home/manndo/master_dev/posebusters_results/benchmark/dock/converted_pdbqt/7OZC_G6S_protein__7OZC_G6S_ligand_vina_out_model1.sdf,1,1,1.4074249091869877,1.1262803270056707,True,0.2967098224696944,0.9364595109502925,1,1.4074249091869875,1.4074249091869875,1.4074249091869875,True,0.29670982246969446,,
diffdock_smina,7OZC_G6S,/home/manndo/master_dev/posebusters_results/_benchmark_staging/diffdock/7OZC_G6S_ligand__7OZC_G6S_protein/optimized_smina/rank1_confidence-1.18_smina.sdf,1,1,32.29369859867208,32.28758369666853,False,32.11551829841488,1.1301221044778085,1,32.29369859867208,32.29369859867208,32.29369859867208,True,32.11551829841488,,
autodock,7OEO_V9Z,/home/manndo/master_dev/posebusters_results/benchmark/dock/converted_pdbqt/7OEO_V9Z_protein__7OEO_V9Z_ligand_vina_out_model1.sdf,1,1,0.8366338244716142,0.8366338244716142,True,0.4009400733062366,0.6693638024832325,1,0.8366338244716142,0.8366338244716142,0.8366338244716142,True,0.40094007330623666,,
diffdock_smina,7OEO_V9Z,/home/manndo/master_dev/posebusters_results/_benchmark_staging/diffdock/7OEO_V9Z_ligand__7OEO_V9Z_protein/optimized_smina/rank1_confidence-0.25_smina.sdf,1,1,5.47438468785534,5.47438468785534,True,1.308077051117462,1.6448731590390049,1,5.4743846878553395,5.4743846878553395,5.4743846878553395,True,1.308077051117462,,
autodock,7OFF_VCB,/home/manndo/master_dev/posebusters_results/benchmark/dock/converted_pdbqt/7OFF_VCB_protein__7OFF_VCB_ligand_vina_out_model1.sdf,1,1,6.595455492090606,6.595455492090608,True,2.5759565243010543,0.3082718495606757,1,6.595455492090606,6.595455492090606,6.595455492090606,True,2.5759565243010543,,
diffdock_smina,7OFF_VCB,/home/manndo/master_dev/posebusters_results/_benchmark_staging/diffdock/7OFF_VCB_ligand__7OFF_VCB_protein/optimized_smina/rank1_confidence-0.85_smina.sdf,1,1,2.726925444457481,2.726925444457481,True,1.9700762206815576,0.3898480212746635,1,2.726925444457481,2.726925444457481,2.726925444457481,True,1.9700762206815576,,
autodock,7P1F_KFN,/home/manndo/master_dev/posebusters_results/benchmark/dock/converted_pdbqt/7P1F_KFN_protein__7P1F_KFN_ligand_vina_out_model1.sdf,1,1,5.210642920701709,5.210642920701709,True,3.125732816498939,1.0940047638095294,2,5.210642920701709,5.210642920701709,5.210642920701709,True,3.125732816498939,42.705588411279784,42.97356561819343
diffdock_smina,7P1F_KFN,/home/manndo/master_dev/posebusters_results/_benchmark_staging/diffdock/7P1F_KFN_ligand__7P1F_KFN_protein/optimized_smina/rank1_confidence-0.16_smina.sdf,1,1,46.233125836581465,46.233125836581465,True,45.97835225204744,0.3502435513752717,2,46.233125836581465,46.233125836581465,5.427413515500297,False,45.97835225204744,3.1420534562618347,5.427413515500297
autodock,7P1M_4IU,/home/manndo/master_dev/posebusters_results/benchmark/dock/converted_pdbqt/7P1M_4IU_protein__7P1M_4IU_ligand_vina_out_model1.sdf,1,1,0.4747773162230897,0.4747773162230896,True,0.2448025777710159,0.2781004798531642,2,0.4747773162230897,0.4747773162230897,0.4747773162230897,True,0.24480257777101597,46.827418722494265,47.63236906768338
diffdock_smina,7P1M_4IU,/home/manndo/master_dev/posebusters_results/_benchmark_staging/diffdock/7P1M_4IU_ligand__7P1M_4IU_protein/optimized_smina/rank1_confidence-0.25_smina.sdf,1,1,2.509374021627041,2.509374021627041,True,1.18212534293376,1.7185788767103107,2,2.509374021627041,2.509374021627041,2.509374021627041,True,1.18212534293376,46.18079732755862,47.01780452407098
autodock,7OMX_CNA,/home/manndo/master_dev/posebusters_results/benchmark/dock/converted_pdbqt/7OMX_CNA_protein__7OMX_CNA_ligand_vina_out_model1.sdf,1,1,1.1721493854531433,1.172149385453143,True,0.4932295483815786,1.0068956651211445,1,1.1721493854531433,1.1721493854531433,1.1721493854531433,True,0.4932295483815786,,
diffdock_smina,7OMX_CNA,/home/manndo/master_dev/posebusters_results/_benchmark_staging/diffdock/7OMX_CNA_ligand__7OMX_CNA_protein/optimized_smina/rank1_confidence-0.97_smina.sdf,1,1,1.7187556416436331,1.685992016116651,True,0.4643092079907558,1.5034251965258438,1,1.7187556416436331,1.7187556416436331,1.7187556416436331,True,0.4643092079907558,,
autodock,7OP9_06K,/home/manndo/master_dev/posebusters_results/benchmark/dock/converted_pdbqt/7OP9_06K_protein__7OP9_06K_ligand_vina_out_model1.sdf,1,1,4.66122040203675,4.661220402036749,True,2.4649442251413745,0.0657347492640615,12,4.66122040203675,4.66122040203675,4.66122040203675,True,2.4649442251413745,25.937413064356935,26.05788650293803
diffdock_smina,7OP9_06K,/home/manndo/master_dev/posebusters_results/_benchmark_staging/diffdock/7OP9_06K_ligand__7OP9_06K_protein/optimized_smina/rank1_confidence-0.08_smina.sdf,1,1,40.84508658691676,40.84508658691676,True,40.74537607305129,0.065765091346871,12,40.84508658691676,40.84508658691676,3.4305889531470477,False,40.74537607305129,0.6679565585666668,3.4305889531470477
autodock,7P2I_MFU,/home/manndo/master_dev/posebusters_results/benchmark/dock/converted_pdbqt/7P2I_MFU_protein__7P2I_MFU_ligand_vina_out_model1.sdf,1,1,3.1658771691270644,3.1658771691270644,True,0.6315016330145079,1.1639002053839675,6,3.1658771691270644,3.1658771691270644,3.1658771691270644,True,0.6315016330145079,17.162782684812825,17.37181733920394
diffdock_smina,7P2I_MFU,/home/manndo/master_dev/posebusters_results/_benchmark_staging/diffdock/7P2I_MFU_ligand__7P2I_MFU_protein/optimized_smina/rank1_confidence0.01_smina.sdf,1,1,3.1497384265734403,3.1497384265734407,True,0.589797912718605,1.1711270234857258,6,3.1497384265734403,3.1497384265734403,3.1497384265734403,True,0.589797912718605,17.209964942102648,17.420294705864382
autodock,7P4C_5OV,/home/manndo/master_dev/posebusters_results/benchmark/dock/converted_pdbqt/7P4C_5OV_protein__7P4C_5OV_ligand_vina_out_model1.sdf,1,1,2.3950553359995665,2.3950553359995665,True,1.6996298896285356,0.9574524074591668,1,2.3950553359995665,2.3950553359995665,2.3950553359995665,True,1.6996298896285356,,
diffdock_smina,7P4C_5OV,/home/manndo/master_dev/posebusters_results/_benchmark_staging/diffdock/7P4C_5OV_ligand__7P4C_5OV_protein/optimized_smina/rank1_confidence0.10_smina.sdf,1,1,1.4769775895388533,1.4769775895388533,True,0.8268502113631222,0.9550406663210153,1,1.4769775895388533,1.4769775895388533,1.4769775895388533,True,0.8268502113631222,,
autodock,7PIH_7QW,/home/manndo/master_dev/posebusters_results/benchmark/dock/converted_pdbqt/7PIH_7QW_protein__7PIH_7QW_ligand_vina_out_model1.sdf,1,1,2.205013643192864,2.2050136431928635,True,0.7881980349893648,1.789556246227107,1,2.205013643192864,2.205013643192864,2.205013643192864,True,0.7881980349893648,,
diffdock_smina,7PIH_7QW,/home/manndo/master_dev/posebusters_results/_benchmark_staging/diffdock/7PIH_7QW_ligand__7PIH_7QW_protein/optimized_smina/rank1_confidence-0.53_smina.sdf,1,1,1.92887990122074,1.92887990122074,True,0.93146435294036,1.4892421156958109,1,1.92887990122074,1.92887990122074,1.92887990122074,True,0.93146435294036,,
autodock,7PJQ_OWH,/home/manndo/master_dev/posebusters_results/benchmark/dock/converted_pdbqt/7PJQ_OWH_protein__7PJQ_OWH_ligand_vina_out_model1.sdf,1,1,1.819733414541812,1.819733414541812,True,0.4757706275086793,1.24996772910132,2,1.8197334145418116,1.8197334145418116,1.8197334145418116,True,0.4757706275086793,39.94013207401798,39.994033238722
diffdock_smina,7PJQ_OWH,/home/manndo/master_dev/posebusters_results/_benchmark_staging/diffdock/7PJQ_OWH_ligand__7PJQ_OWH_protein/optimized_smina/rank1_confidence-0.31_smina.sdf,1,1,18.251519384369075,18.251519384369075,True,17.8111874232068,0.4564528020030316,2,18.251519384369075,18.251519384369075,18.251519384369075,True,17.8111874232068,28.47534588363414,28.801470859627983
autodock,7P5T_5YG,/home/manndo/master_dev/posebusters_results/benchmark/dock/converted_pdbqt/7P5T_5YG_protein__7P5T_5YG_ligand_vina_out_model1.sdf,1,1,1.4036187702413765,1.4036187702413765,True,0.7545255472893425,1.1313171312801993,1,1.4036187702413763,1.4036187702413763,1.4036187702413763,True,0.7545255472893425,,
diffdock_smina,7P5T_5YG,/home/manndo/master_dev/posebusters_results/_benchmark_staging/diffdock/7P5T_5YG_ligand__7P5T_5YG_protein/optimized_smina/rank1_confidence-1.38_smina.sdf,1,1,25.247462815249204,25.247462815249204,True,24.55718786273948,1.102852790913563,1,25.247462815249204,25.247462815249204,25.247462815249204,True,24.557187862739482,,
autodock,7PGX_FMN,/home/manndo/master_dev/posebusters_results/benchmark/dock/converted_pdbqt/7PGX_FMN_protein__7PGX_FMN_ligand_vina_out_model1.sdf,1,1,2.0352026292080807,1.9865710610610332,True,0.6277933771980214,1.6803810770349548,1,2.0352026292080807,2.0352026292080807,2.0352026292080807,True,0.6277933771980214,,
diffdock_smina,7PGX_FMN,/home/manndo/master_dev/posebusters_results/_benchmark_staging/diffdock/7PGX_FMN_ligand__7PGX_FMN_protein/optimized_smina/rank1_confidence0.10_smina.sdf,1,1,0.6099245426623979,0.6099245426623979,True,0.2501695667606157,0.5075107447127728,1,0.6099245426623979,0.6099245426623979,0.6099245426623979,True,0.25016956676061575,,
autodock,7OFK_VCH,/home/manndo/master_dev/posebusters_results/benchmark/dock/converted_pdbqt/7OFK_VCH_protein__7OFK_VCH_ligand_vina_out_model1.sdf,1,1,0.3020246442168017,0.3020246442168017,True,0.1220006724638573,0.2547402406406072,1,0.30202464421680175,0.30202464421680175,0.30202464421680175,True,0.12200067246385739,,
diffdock_smina,7OFK_VCH,/home/manndo/master_dev/posebusters_results/_benchmark_staging/diffdock/7OFK_VCH_ligand__7OFK_VCH_protein/optimized_smina/rank1_confidence0.02_smina.sdf,1,1,0.9733740969285286,0.9733740969285288,True,0.0571845232380159,0.8568662134195503,1,0.9733740969285286,0.9733740969285286,0.9733740969285286,True,0.0571845232380159,,
autodock,7OLI_8HG,/home/manndo/master_dev/posebusters_results/benchmark/dock/converted_pdbqt/7OLI_8HG_protein__7OLI_8HG_ligand_vina_out_model1.sdf,1,1,4.5489282803755,4.5489282803755,True,2.0012528213596577,0.903014063146202,2,4.5489282803755,4.5489282803755,4.5489282803755,True,2.0012528213596577,40.127661393638434,40.4161232622576
diffdock_smina,7OLI_8HG,/home/manndo/master_dev/posebusters_results/_benchmark_staging/diffdock/7OLI_8HG_ligand__7OLI_8HG_protein/optimized_smina/rank1_confidence0.07_smina.sdf,1,1,41.711967788525634,41.711967788525634,True,41.49658132278791,0.3300971825142419,2,41.711967788525634,41.711967788525634,0.7571192449013562,False,41.49658132278791,0.461219971109232,0.7571192449013562
autodock,7PK0_BYC,/home/manndo/master_dev/posebusters_results/benchmark/dock/converted_pdbqt/7PK0_BYC_protein__7PK0_BYC_ligand_vina_out_model1.sdf,1,1,5.5863409264409,5.569533404091021,True,2.0899381179962293,4.729402549827616,1,5.5863409264409,5.5863409264409,5.5863409264409,True,2.0899381179962293,,
diffdock_smina,7PK0_BYC,/home/manndo/master_dev/posebusters_results/_benchmark_staging/diffdock/7PK0_BYC_ligand__7PK0_BYC_protein/optimized_smina/rank1_confidence-2.71_smina.sdf,1,1,12.15868861119194,12.15177758400274,False,10.547509448342598,5.00462770470082,1,12.15868861119194,12.15868861119194,12.15868861119194,True,10.547509448342598,,
autodock,7PL1_SFG,/home/manndo/master_dev/posebusters_results/benchmark/dock/converted_pdbqt/7PL1_SFG_protein__7PL1_SFG_ligand_vina_out_model1.sdf,1,1,6.059780084018451,6.042765726853029,False,4.962776884571339,2.4989896773755933,1,6.059780084018451,6.059780084018451,6.059780084018451,True,4.962776884571339,,
diffdock_smina,7PL1_SFG,/home/manndo/master_dev/posebusters_results/_benchmark_staging/diffdock/7PL1_SFG_ligand__7PL1_SFG_protein/optimized_smina/rank1_confidence0.35_smina.sdf,1,1,1.414714921681972,1.2789646269686412,True,0.6432007694504757,0.8069152113404457,1,1.414714921681972,1.414714921681972,1.414714921681972,True,0.6432007694504757,,
autodock,7POM_7VZ,/home/manndo/master_dev/posebusters_results/benchmark/dock/converted_pdbqt/7POM_7VZ_protein__7POM_7VZ_ligand_vina_out_model1.sdf,1,1,1.51868561591924,1.51868561591924,True,0.7483556105453515,1.0956877517352897,4,1.5186856159192401,1.5186856159192401,1.5186856159192401,True,0.7483556105453515,27.121517657069404,28.03820574193849
diffdock_smina,7POM_7VZ,/home/manndo/master_dev/posebusters_results/_benchmark_staging/diffdock/7POM_7VZ_ligand__7POM_7VZ_protein/optimized_smina/rank1_confidence0.07_smina.sdf,1,1,34.320096086158934,34.320096086158934,True,33.978329398505245,0.6089372920729137,4,34.320096086158934,34.320096086158934,0.8731298609547775,False,33.978329398505245,0.367202694296138,0.8731298609547775
autodock,7PRI_7TI,/home/manndo/master_dev/posebusters_results/benchmark/dock/converted_pdbqt/7PRI_7TI_protein__7PRI_7TI_ligand_vina_out_model1.sdf,1,1,2.0223377314385447,2.0223377314385447,True,0.6265744289388127,1.784087287454317,2,2.0223377314385447,2.0223377314385447,2.0223377314385447,True,0.6265744289388127,51.78347616095793,52.04391890077072
diffdock_smina,7PRI_7TI,/home/manndo/master_dev/posebusters_results/_benchmark_staging/diffdock/7PRI_7TI_ligand__7PRI_7TI_protein/optimized_smina/rank1_confidence-0.19_smina.sdf,1,1,51.73814097882239,51.73814097882239,True,51.48565863822978,1.719544035004105,2,51.738140978822386,51.738140978822386,5.034396189663662,False,51.48565863822978,0.7434775106383418,5.034396189663662
autodock,7Q27_8KC,/home/manndo/master_dev/posebusters_results/benchmark/dock/converted_pdbqt/7Q27_8KC_protein__7Q27_8KC_ligand_vina_out_model1.sdf,1,1,7.34797730185467,7.343230801220946,True,4.942763682270832,3.506327615097108,1,7.34797730185467,7.34797730185467,7.34797730185467,True,4.942763682270832,,
diffdock_smina,7Q27_8KC,/home/manndo/master_dev/posebusters_results/_benchmark_staging/diffdock/7Q27_8KC_ligand__7Q27_8KC_protein/optimized_smina/rank1_confidence-0.47_smina.sdf,1,1,9.8891079048329,9.8891079048329,True,1.1638681759318494,1.9874308620842505,1,9.8891079048329,9.8891079048329,9.8891079048329,True,1.1638681759318494,,
autodock,7Q2B_M6H,/home/manndo/master_dev/posebusters_results/benchmark/dock/converted_pdbqt/7Q2B_M6H_protein__7Q2B_M6H_ligand_vina_out_model1.sdf,1,1,4.467550979004045,4.467550979004045,True,2.065949205100541,0.7591631649428698,1,4.467550979004045,4.467550979004045,4.467550979004045,True,2.065949205100541,,
diffdock_smina,7Q2B_M6H,/home/manndo/master_dev/posebusters_results/_benchmark_staging/diffdock/7Q2B_M6H_ligand__7Q2B_M6H_protein/optimized_smina/rank1_confidence-0.39_smina.sdf,1,1,17.49202303489603,17.49202303489603,True,17.014575285427263,0.8429005945835828,1,17.49202303489603,17.49202303489603,17.49202303489603,True,17.014575285427263,,
autodock,7Q5I_I0F,/home/manndo/master_dev/posebusters_results/benchmark/dock/converted_pdbqt/7Q5I_I0F_protein__7Q5I_I0F_ligand_vina_out_model1.sdf,1,1,10.322929483005836,10.322929483005831,True,3.3799307839440087,1.0560992979128003,1,10.322929483005835,10.322929483005835,10.322929483005835,True,3.3799307839440087,,
diffdock_smina,7Q5I_I0F,/home/manndo/master_dev/posebusters_results/_benchmark_staging/diffdock/7Q5I_I0F_ligand__7Q5I_I0F_protein/optimized_smina/rank1_confidence-0.28_smina.sdf,1,1,0.8878823103525803,0.8878823103525803,True,0.1091116396356335,0.7418101462980774,1,0.8878823103525803,0.8878823103525803,0.8878823103525803,True,0.10911163963563357,,
autodock,7QE4_NGA,/home/manndo/master_dev/posebusters_results/benchmark/dock/converted_pdbqt/7QE4_NGA_protein__7QE4_NGA_ligand_vina_out_model1.sdf,1,1,5.0591798808370765,5.0591798808370765,True,1.0515428749117932,1.0469143359810833,2,5.0591798808370765,5.0591798808370765,5.0591798808370765,True,1.0515428749117932,119.60841391243716,119.68904317772785
diffdock_smina,7QE4_NGA,/home/manndo/master_dev/posebusters_results/_benchmark_staging/diffdock/7QE4_NGA_ligand__7QE4_NGA_protein/optimized_smina/rank1_confidence-0.90_smina.sdf,1,1,64.9822221413262,64.9822221413262,True,64.95925726440639,0.9285317695340232,2,64.9822221413262,64.9822221413262,64.9822221413262,True,64.95925726440639,67.39644667254761,67.48747599822751
autodock,7PRM_81I,/home/manndo/master_dev/posebusters_results/benchmark/dock/converted_pdbqt/7PRM_81I_protein__7PRM_81I_ligand_vina_out_model1.sdf,1,1,10.630229742343298,10.6302297423433,True,7.709514125594034,1.4178208857628691,1,10.630229742343298,10.630229742343298,10.630229742343298,True,7.709514125594034,,
diffdock_smina,7PRM_81I,/home/manndo/master_dev/posebusters_results/_benchmark_staging/diffdock/7PRM_81I_ligand__7PRM_81I_protein/optimized_smina/rank1_confidence-0.03_smina.sdf,1,1,1.830993660215677,1.830993660215677,False,0.4919993826017134,1.753697999733402,1,1.830993660215677,1.830993660215677,1.830993660215677,True,0.4919993826017134,,
autodock,7PT3_3KK,/home/manndo/master_dev/posebusters_results/benchmark/dock/converted_pdbqt/7PT3_3KK_protein__7PT3_3KK_ligand_vina_out_model1.sdf,1,1,1.6713801903638623,1.6713801903638623,True,0.6824604497200636,1.3905031478363896,2,1.6713801903638623,1.6713801903638623,1.6713801903638623,True,0.6824604497200636,53.375941250195375,55.31261022922685
diffdock_smina,7PT3_3KK,/home/manndo/master_dev/posebusters_results/_benchmark_staging/diffdock/7PT3_3KK_ligand__7PT3_3KK_protein/optimized_smina/rank1_confidence-1.68_smina.sdf,1,1,2.4385190326872124,2.3340904395899456,False,0.9813013972262604,1.9802640600633172,2,2.4385190326872124,2.4385190326872124,2.4385190326872124,True,0.9813013972262604,52.88908057840201,54.90160192989885
autodock,7QF4_RBF,/home/manndo/master_dev/posebusters_results/benchmark/dock/converted_pdbqt/7QF4_RBF_protein__7QF4_RBF_ligand_vina_out_model1.sdf,1,1,0.7875221572426696,0.7875221572426696,True,0.1542163383443713,0.7266990064138364,1,0.7875221572426696,0.7875221572426696,0.7875221572426696,True,0.15421633834437137,,
diffdock_smina,7QF4_RBF,/home/manndo/master_dev/posebusters_results/_benchmark_staging/diffdock/7QF4_RBF_ligand__7QF4_RBF_protein/optimized_smina/rank1_confidence0.23_smina.sdf,1,1,0.4002587565840654,0.4002587565840654,True,0.0514440675398838,0.380381860422148,1,0.40025875658406546,0.40025875658406546,0.40025875658406546,True,0.0514440675398838,,
autodock,7QFM_AY3,/home/manndo/master_dev/posebusters_results/benchmark/dock/converted_pdbqt/7QFM_AY3_protein__7QFM_AY3_ligand_vina_out_model1.sdf,1,1,0.8400198807171162,0.4419847282429541,True,0.1940047550963557,0.3125182376509319,1,0.8400198807171162,0.8400198807171162,0.8400198807171162,True,0.19400475509635576,,
diffdock_smina,7QFM_AY3,/home/manndo/master_dev/posebusters_results/_benchmark_staging/diffdock/7QFM_AY3_ligand__7QFM_AY3_protein/optimized_smina/rank1_confidence-0.38_smina.sdf,1,1,7.205098184584303,7.205098184584303,True,2.421389462565899,1.886167072351077,1,7.205098184584303,7.205098184584303,7.205098184584303,True,2.421389462565899,,
autodock,7PUV_84Z,/home/manndo/master_dev/posebusters_results/benchmark/dock/converted_pdbqt/7PUV_84Z_protein__7PUV_84Z_ligand_vina_out_model1.sdf,1,1,2.0726818275686534,2.0726818275686534,True,1.1069049199168448,0.9596706488709056,4,2.0726818275686534,2.0726818275686534,2.0726818275686534,True,1.1069049199168448,36.794049066929055,37.013267436600806
diffdock_smina,7PUV_84Z,/home/manndo/master_dev/posebusters_results/_benchmark_staging/diffdock/7PUV_84Z_ligand__7PUV_84Z_protein/optimized_smina/rank1_confidence0.58_smina.sdf,1,1,36.377764329417865,36.377764329417865,True,36.140831214320656,0.4785691461938575,4,36.377764329417865,36.377764329417865,0.7540327125971836,False,36.140831214320656,0.4209022021206345,0.7540327125971836
autodock,7Q25_8J9,/home/manndo/master_dev/posebusters_results/benchmark/dock/converted_pdbqt/7Q25_8J9_protein__7Q25_8J9_ligand_vina_out_model1.sdf,1,1,8.37530722186393,8.36045520183071,True,4.532022765814686,4.622799626830801,2,8.37530722186393,8.37530722186393,8.37530722186393,True,4.532022765814686,54.137959066399205,54.51691383136952
diffdock_smina,7Q25_8J9,/home/manndo/master_dev/posebusters_results/_benchmark_staging/diffdock/7Q25_8J9_ligand__7Q25_8J9_protein/optimized_smina/rank1_confidence-0.06_smina.sdf,1,1,1.657702271948809,1.4798275712413458,True,0.363003412192678,1.3687669071829958,2,1.657702271948809,1.657702271948809,1.657702271948809,True,0.36300341219267807,53.10418069947143,53.77907605885059
diffdock_smina,7QGP_DJ8,/home/manndo/master_dev/posebusters_results/_benchmark_staging/diffdock/7QGP_DJ8_ligand__7QGP_DJ8_protein/optimized_smina/rank1_confidence0.64_smina.sdf,1,1,0.2278069991399363,0.2278069991399363,True,0.1112498203988362,0.1711236158521983,1,0.22780699913993638,0.22780699913993638,0.22780699913993638,True,0.1112498203988362,,
autodock,7QGP_DJ8,/home/manndo/master_dev/posebusters_results/benchmark/dock/converted_pdbqt/7QGP_DJ8_protein__7QGP_DJ8_ligand_vina_out_model1.sdf,1,1,0.5276246772090936,0.5276246772090936,True,0.2982354048980218,0.4125871460043069,1,0.5276246772090936,0.5276246772090936,0.5276246772090936,True,0.2982354048980218,,
autodock,7QHG_T3B,/home/manndo/master_dev/posebusters_results/benchmark/dock/converted_pdbqt/7QHG_T3B_protein__7QHG_T3B_ligand_vina_out_model1.sdf,1,1,0.4438770207206151,0.4438770207206151,True,0.2172065722102898,0.3654802401038717,2,0.4438770207206151,0.4438770207206151,0.4438770207206151,True,0.2172065722102898,34.71449537711851,35.41719720633439
diffdock_smina,7QHG_T3B,/home/manndo/master_dev/posebusters_results/_benchmark_staging/diffdock/7QHG_T3B_ligand__7QHG_T3B_protein/optimized_smina/rank1_confidence-1.78_smina.sdf,1,1,35.0801638845299,35.0801638845299,True,34.37853693075495,1.1983260981735582,2,35.0801638845299,35.0801638845299,1.4991165807298137,False,34.37853693075495,0.8383042096515535,1.4991165807298137
autodock,7RC3_SAH,/home/manndo/master_dev/posebusters_results/benchmark/dock/converted_pdbqt/7RC3_SAH_protein__7RC3_SAH_ligand_vina_out_model1.sdf,1,1,1.137715693835679,1.0589335346324769,False,0.3543175580643214,0.8831997409165274,1,1.137715693835679,1.137715693835679,1.137715693835679,True,0.35431755806432147,,
diffdock_smina,7RC3_SAH,/home/manndo/master_dev/posebusters_results/_benchmark_staging/diffdock/7RC3_SAH_ligand__7RC3_SAH_protein/optimized_smina/rank1_confidence0.32_smina.sdf,1,1,0.9493216685531916,0.7263658537276783,False,0.1963343659160194,0.6498091470111179,1,0.9493216685531916,0.9493216685531916,0.9493216685531916,True,0.1963343659160194,,
autodock,7RH3_59O,/home/manndo/master_dev/posebusters_results/benchmark/dock/converted_pdbqt/7RH3_59O_protein__7RH3_59O_ligand_vina_out_model1.sdf,1,1,5.5686409816357285,5.55204324074109,True,1.182642301802978,2.759754938157951,1,5.5686409816357285,5.5686409816357285,5.5686409816357285,True,1.182642301802978,,
diffdock_smina,7RH3_59O,/home/manndo/master_dev/posebusters_results/_benchmark_staging/diffdock/7RH3_59O_ligand__7RH3_59O_protein/optimized_smina/rank1_confidence-2.19_smina.sdf,1,1,4.548660556723717,4.548660556723718,True,2.7571638386120294,2.650373958020943,1,4.548660556723717,4.548660556723717,4.548660556723717,True,2.7571638386120294,,
autodock,7QHL_D5P,/home/manndo/master_dev/posebusters_results/benchmark/dock/converted_pdbqt/7QHL_D5P_protein__7QHL_D5P_ligand_vina_out_model1.sdf,1,1,2.590166564785619,2.5901665647856182,True,1.461882118290578,1.8040270218492915,2,2.590166564785619,2.590166564785619,2.590166564785619,True,1.461882118290578,51.09723950044226,51.726234035545254
diffdock_smina,7QHL_D5P,/home/manndo/master_dev/posebusters_results/_benchmark_staging/diffdock/7QHL_D5P_ligand__7QHL_D5P_protein/optimized_smina/rank1_confidence0.37_smina.sdf,1,1,51.66926113653714,51.66926113653714,True,51.10623768759488,0.9804011452944924,2,51.66926113653714,51.66926113653714,1.243779407960538,False,51.106237687594884,0.6518806017549886,1.243779407960538
autodock,7QPP_VDX,/home/manndo/master_dev/posebusters_results/benchmark/dock/converted_pdbqt/7QPP_VDX_protein__7QPP_VDX_ligand_vina_out_model1.sdf,1,1,0.7577036579912577,0.7577036579912578,True,0.3346539987642271,0.5875411066916968,1,0.7577036579912577,0.7577036579912577,0.7577036579912577,True,0.3346539987642271,,
diffdock_smina,7QPP_VDX,/home/manndo/master_dev/posebusters_results/_benchmark_staging/diffdock/7QPP_VDX_ligand__7QPP_VDX_protein/optimized_smina/rank1_confidence0.26_smina.sdf,1,1,0.7967414865144989,0.796741486514499,True,0.3829608113545497,0.5563320139469192,1,0.7967414865144989,0.7967414865144989,0.7967414865144989,True,0.3829608113545497,,
autodock,7RKW_5TV,/home/manndo/master_dev/posebusters_results/benchmark/dock/converted_pdbqt/7RKW_5TV_protein__7RKW_5TV_ligand_vina_out_model1.sdf,1,1,1.0201403628913035,1.0201403628913033,True,0.2371027692794806,0.9187836276741153,1,1.0201403628913035,1.0201403628913035,1.0201403628913035,True,0.2371027692794806,,
diffdock_smina,7RKW_5TV,/home/manndo/master_dev/posebusters_results/_benchmark_staging/diffdock/7RKW_5TV_ligand__7RKW_5TV_protein/optimized_smina/rank1_confidence-1.75_smina.sdf,1,1,10.771611804312297,10.771611804312297,True,8.55286864230335,1.1775545947528752,1,10.771611804312297,10.771611804312297,10.771611804312297,True,8.55286864230335,,
autodock,7RNI_60I,/home/manndo/master_dev/posebusters_results/benchmark/dock/converted_pdbqt/7RNI_60I_protein__7RNI_60I_ligand_vina_out_model1.sdf,1,1,8.124551614426725,8.124551614426725,True,1.2884305398364877,1.7993814586900343,1,8.124551614426725,8.124551614426725,8.124551614426725,True,1.2884305398364875,,
diffdock_smina,7RNI_60I,/home/manndo/master_dev/posebusters_results/_benchmark_staging/diffdock/7RNI_60I_ligand__7RNI_60I_protein/optimized_smina/rank1_confidence-1.26_smina.sdf,1,1,5.023885747044299,5.023885747044298,True,3.07629724151762,1.8114580394694049,1,5.023885747044299,5.023885747044299,5.023885747044299,True,3.07629724151762,,
autodock,7R59_I5F,/home/manndo/master_dev/posebusters_results/benchmark/dock/converted_pdbqt/7R59_I5F_protein__7R59_I5F_ligand_vina_out_model1.sdf,1,1,0.8837509656180124,0.8837509656180123,True,0.259063230498752,0.0521337833950341,1,0.8837509656180124,0.8837509656180124,0.8837509656180124,True,0.259063230498752,,
diffdock_smina,7R59_I5F,/home/manndo/master_dev/posebusters_results/_benchmark_staging/diffdock/7R59_I5F_ligand__7R59_I5F_protein/optimized_smina/rank1_confidence0.59_smina.sdf,1,1,0.3512711586838249,0.3512711586838249,True,0.2691395859875731,0.051919288414634,1,0.35127115868382497,0.35127115868382497,0.35127115868382497,True,0.26913958598757315,,
autodock,7R6J_2I7,/home/manndo/master_dev/posebusters_results/benchmark/dock/converted_pdbqt/7R6J_2I7_protein__7R6J_2I7_ligand_vina_out_model1.sdf,1,1,7.298021381916409,7.298021381916409,True,4.3967558222319525,3.2415531396607262,2,7.298021381916409,7.298021381916409,7.298021381916409,True,4.3967558222319525,43.54577974576486,44.0890019237946
diffdock_smina,7R6J_2I7,/home/manndo/master_dev/posebusters_results/_benchmark_staging/diffdock/7R6J_2I7_ligand__7R6J_2I7_protein/optimized_smina/rank1_confidence-1.58_smina.sdf,1,1,44.28289320173608,44.28289320173608,True,43.57109019207602,3.041106840666526,2,44.28289320173608,44.28289320173608,3.925163112765911,False,43.57109019207602,1.6812969100006092,3.925163112765911
autodock,7QTA_URI,/home/manndo/master_dev/posebusters_results/benchmark/dock/converted_pdbqt/7QTA_URI_protein__7QTA_URI_ligand_vina_out_model1.sdf,1,1,0.9738969023826846,0.9738969023826844,True,0.1210181146896834,0.725718835808422,2,0.9738969023826846,0.9738969023826846,0.9738969023826846,True,0.12101811468968343,35.97983433208127,36.21337684678217
diffdock_smina,7QTA_URI,/home/manndo/master_dev/posebusters_results/_benchmark_staging/diffdock/7QTA_URI_ligand__7QTA_URI_protein/optimized_smina/rank1_confidence-1.64_smina.sdf,1,1,9.052253830790365,9.052253830790365,True,8.846379292412513,0.8758381539156223,2,9.052253830790365,9.052253830790365,9.052253830790365,True,8.846379292412513,28.94356648630508,29.252291710213267
autodock,7R3D_APR,/home/manndo/master_dev/posebusters_results/benchmark/dock/converted_pdbqt/7R3D_APR_protein__7R3D_APR_ligand_vina_out_model1.sdf,1,1,6.007514153587618,5.978064655704032,True,4.72304299705245,2.900811438102713,2,6.007514153587618,6.007514153587618,6.007514153587618,True,4.72304299705245,46.18043997922045,47.347612581487844
diffdock_smina,7R3D_APR,/home/manndo/master_dev/posebusters_results/_benchmark_staging/diffdock/7R3D_APR_ligand__7R3D_APR_protein/optimized_smina/rank1_confidence-0.82_smina.sdf,1,1,10.727956858756158,10.715537665102122,True,9.790612537577625,2.1149477883191845,2,10.727956858756158,10.727956858756158,10.727956858756158,True,9.790612537577623,43.21983505213385,44.57277050237934
autodock,7R7R_AWJ,/home/manndo/master_dev/posebusters_results/benchmark/dock/converted_pdbqt/7R7R_AWJ_protein__7R7R_AWJ_ligand_vina_out_model1.sdf,1,1,0.7456748824407523,0.7456748824407523,True,0.2093491115458843,0.6212194799680633,1,0.7456748824407523,0.7456748824407523,0.7456748824407523,True,0.2093491115458843,,
diffdock_smina,7R7R_AWJ,/home/manndo/master_dev/posebusters_results/_benchmark_staging/diffdock/7R7R_AWJ_ligand__7R7R_AWJ_protein/optimized_smina/rank1_confidence0.15_smina.sdf,1,1,0.5473559575289412,0.5473559575289413,True,0.2262135300043401,0.420996629991359,1,0.5473559575289412,0.5473559575289412,0.5473559575289412,True,0.22621353000434016,,
autodock,7R9N_F97,/home/manndo/master_dev/posebusters_results/benchmark/dock/converted_pdbqt/7R9N_F97_protein__7R9N_F97_ligand_vina_out_model1.sdf,1,1,2.2950638405626247,2.2950638405626247,True,0.8856021972765659,1.4685961121542523,2,2.2950638405626247,2.2950638405626247,2.2950638405626247,True,0.8856021972765659,58.06864474441141,58.68557787356991
diffdock_smina,7R9N_F97,/home/manndo/master_dev/posebusters_results/_benchmark_staging/diffdock/7R9N_F97_ligand__7R9N_F97_protein/optimized_smina/rank1_confidence1.02_smina.sdf,1,1,0.7340380365023738,0.7340380365023738,True,0.43021618451823,0.5699280163514969,2,0.7340380365023738,0.7340380365023738,0.7340380365023738,True,0.43021618451823,58.16216139154104,58.73602531029773
autodock,7ROR_69X,/home/manndo/master_dev/posebusters_results/benchmark/dock/converted_pdbqt/7ROR_69X_protein__7ROR_69X_ligand_vina_out_model1.sdf,1,1,0.8368397183963694,0.8368397183963695,True,0.3986351377653847,0.6397548719968814,2,0.8368397183963694,0.8368397183963694,0.8368397183963694,True,0.39863513776538473,41.39730288045741,42.43186610959807
diffdock_smina,7ROR_69X,/home/manndo/master_dev/posebusters_results/_benchmark_staging/diffdock/7ROR_69X_ligand__7ROR_69X_protein/optimized_smina/rank1_confidence-0.10_smina.sdf,1,1,42.5506733592112,42.5506733592112,True,41.51747492255829,0.4969188691360474,2,42.5506733592112,42.5506733592112,0.60157685365807,False,41.51747492255829,0.2647142772955033,0.60157685365807
autodock,7ROU_66I,/home/manndo/master_dev/posebusters_results/benchmark/dock/converted_pdbqt/7ROU_66I_protein__7ROU_66I_ligand_vina_out_model1.sdf,1,1,2.7226955158068766,2.7226955158068766,True,0.5847742789016563,2.127108719003953,1,2.7226955158068766,2.7226955158068766,2.7226955158068766,True,0.5847742789016563,,
diffdock_smina,7ROU_66I,/home/manndo/master_dev/posebusters_results/_benchmark_staging/diffdock/7ROU_66I_ligand__7ROU_66I_protein/optimized_smina/rank1_confidence-1.06_smina.sdf,1,1,1.1617284022149157,1.1617284022149157,True,0.5569410029461432,0.954623433583101,1,1.1617284022149157,1.1617284022149157,1.1617284022149157,True,0.5569410029461432,,
autodock,7SIU_9ID,/home/manndo/master_dev/posebusters_results/benchmark/dock/converted_pdbqt/7SIU_9ID_protein__7SIU_9ID_ligand_vina_out_model1.sdf,1,1,1.3135738249327242,1.3135738249327245,True,0.6609904638799761,0.9529271865567888,2,1.3135738249327242,1.3135738249327242,1.3135738249327242,True,0.6609904638799761,46.100564515607054,46.81603800601504
diffdock_smina,7SIU_9ID,/home/manndo/master_dev/posebusters_results/_benchmark_staging/diffdock/7SIU_9ID_ligand__7SIU_9ID_protein/optimized_smina/rank1_confidence0.39_smina.sdf,1,1,0.3584134011571449,0.3584134011571449,True,0.2087026620199961,0.2663283797561016,2,0.3584134011571449,0.3584134011571449,0.3584134011571449,True,0.20870266201999615,46.34052927263947,47.06826180406975
autodock,7SUC_COM,/home/manndo/master_dev/posebusters_results/benchmark/dock/converted_pdbqt/7SUC_COM_protein__7SUC_COM_ligand_vina_out_model1.sdf,1,1,3.837149481432427,3.837149481432427,True,1.1192376869995015,0.3817476871088957,2,3.837149481432427,3.837149481432427,3.837149481432427,True,1.1192376869995015,52.420802014631,52.512286117495535
diffdock_smina,7SUC_COM,/home/manndo/master_dev/posebusters_results/_benchmark_staging/diffdock/7SUC_COM_ligand__7SUC_COM_protein/optimized_smina/rank1_confidence-0.00_smina.sdf,1,1,14.904748721560424,14.855979624235967,True,14.732469925158997,0.1724668630552634,2,14.904748721560425,14.904748721560425,14.904748721560425,True,14.732469925158997,41.732030908753806,41.82331762984786
autodock,7RZL_NPO,/home/manndo/master_dev/posebusters_results/benchmark/dock/converted_pdbqt/7RZL_NPO_protein__7RZL_NPO_ligand_vina_out_model1.sdf,1,1,4.144842023527555,4.144842023527555,True,1.019457924585418,0.2350505300470304,2,4.144842023527555,4.144842023527555,4.144842023527555,True,1.019457924585418,33.663278189742606,33.80011427791332
diffdock_smina,7RZL_NPO,/home/manndo/master_dev/posebusters_results/_benchmark_staging/diffdock/7RZL_NPO_ligand__7RZL_NPO_protein/optimized_smina/rank1_confidence-0.82_smina.sdf,1,1,30.31054587457969,30.310545874579688,True,30.127568957632477,0.0753669295745517,2,30.31054587457969,30.31054587457969,23.692211309099033,False,30.127568957632473,23.57041945975718,23.692211309099033
autodock,7SCW_GSP,/home/manndo/master_dev/posebusters_results/benchmark/dock/converted_pdbqt/7SCW_GSP_protein__7SCW_GSP_ligand_vina_out_model1.sdf,1,1,1.1957985041385528,1.1957985041385528,True,0.3145783108732607,1.111454151294333,1,1.1957985041385528,1.1957985041385528,1.1957985041385528,True,0.31457831087326077,,
diffdock_smina,7SCW_GSP,/home/manndo/master_dev/posebusters_results/_benchmark_staging/diffdock/7SCW_GSP_ligand__7SCW_GSP_protein/optimized_smina/rank1_confidence0.72_smina.sdf,1,1,0.6474893319584503,0.6474893319584503,True,0.2997126627535861,0.5429326400461586,1,0.6474893319584503,0.6474893319584503,0.6474893319584503,True,0.2997126627535861,,
autodock,7SZA_DUI,/home/manndo/master_dev/posebusters_results/benchmark/dock/converted_pdbqt/7SZA_DUI_protein__7SZA_DUI_ligand_vina_out_model1.sdf,1,1,2.2923053352465943,2.2923053352465943,True,0.1563299795304852,1.7389408766702277,2,2.2923053352465943,2.2923053352465943,2.2923053352465943,True,0.1563299795304852,49.76743213756864,49.81778988825177
diffdock_smina,7SZA_DUI,/home/manndo/master_dev/posebusters_results/_benchmark_staging/diffdock/7SZA_DUI_ligand__7SZA_DUI_protein/optimized_smina/rank1_confidence0.28_smina.sdf,1,1,50.08396013443825,50.08396013443825,True,49.70267483839325,0.2530154268333435,2,50.08396013443825,50.08396013443825,6.141618784815612,False,49.70267483839325,1.686034119331518,6.141618784815612
autodock,7T0D_FPP,/home/manndo/master_dev/posebusters_results/benchmark/dock/converted_pdbqt/7T0D_FPP_protein__7T0D_FPP_ligand_vina_out_model1.sdf,1,1,4.965485982425754,4.936258649861586,True,3.77838529063857,2.153682762408819,1,4.965485982425754,4.965485982425754,4.965485982425754,True,3.7783852906385706,,
diffdock_smina,7T0D_FPP,/home/manndo/master_dev/posebusters_results/_benchmark_staging/diffdock/7T0D_FPP_ligand__7T0D_FPP_protein/optimized_smina/rank1_confidence-0.58_smina.sdf,1,1,1.774820081257064,1.62148578085039,False,0.6256913238514981,1.4679126253685366,1,1.774820081257064,1.774820081257064,1.774820081257064,True,0.6256913238514981,,
autodock,7RSV_7IQ,/home/manndo/master_dev/posebusters_results/benchmark/dock/converted_pdbqt/7RSV_7IQ_protein__7RSV_7IQ_ligand_vina_out_model1.sdf,1,1,0.3226607351383181,0.3226607351383181,True,0.1587885622455141,0.2062961103733624,2,0.3226607351383181,0.3226607351383181,0.3226607351383181,True,0.15878856224551416,26.60061174508023,27.230712922176682
diffdock_smina,7RSV_7IQ,/home/manndo/master_dev/posebusters_results/_benchmark_staging/diffdock/7RSV_7IQ_ligand__7RSV_7IQ_protein/optimized_smina/rank1_confidence0.81_smina.sdf,1,1,27.20010571442692,27.20010571442692,True,26.563557930340394,0.206444960975299,2,27.200105714426922,27.200105714426922,0.32890078443202275,False,26.563557930340394,0.15427136172990852,0.32890078443202275
diffdock_smina,7RWS_4UR,/home/manndo/master_dev/posebusters_results/_benchmark_staging/diffdock/7RWS_4UR_ligand__7RWS_4UR_protein/optimized_smina/rank1_confidence-1.23_smina.sdf,1,1,4.091228138971367,4.086249586193516,True,1.9900918884387333,1.5654439712692303,1,4.091228138971367,4.091228138971367,4.091228138971367,True,1.9900918884387335,,
autodock,7RWS_4UR,/home/manndo/master_dev/posebusters_results/benchmark/dock/converted_pdbqt/7RWS_4UR_protein__7RWS_4UR_ligand_vina_out_model1.sdf,1,1,0.717731967922411,0.7177319679224112,True,0.224247800545249,0.6583596716323505,1,0.717731967922411,0.717731967922411,0.717731967922411,True,0.22424780054524907,,
autodock,7SDD_4IP,/home/manndo/master_dev/posebusters_results/benchmark/dock/converted_pdbqt/7SDD_4IP_protein__7SDD_4IP_ligand_vina_out_model1.sdf,1,1,2.126386967537726,1.8117002767723869,True,0.8208078718555273,1.2482080021129425,1,2.126386967537726,2.126386967537726,2.126386967537726,True,0.8208078718555273,,
diffdock_smina,7SDD_4IP,/home/manndo/master_dev/posebusters_results/_benchmark_staging/diffdock/7SDD_4IP_ligand__7SDD_4IP_protein/optimized_smina/rank1_confidence-1.21_smina.sdf,1,1,5.771330523588127,5.709626997292755,True,1.6571684884909703,1.2759636068872375,1,5.7713305235881265,5.7713305235881265,5.7713305235881265,True,1.6571684884909705,,
autodock,7SFO_98L,/home/manndo/master_dev/posebusters_results/benchmark/dock/converted_pdbqt/7SFO_98L_protein__7SFO_98L_ligand_vina_out_model1.sdf,1,1,0.3918060744807308,0.3918060744807308,True,0.3019360409093278,0.187348008330683,2,0.39180607448073085,0.39180607448073085,0.39180607448073085,True,0.3019360409093278,28.975381094494686,29.568748739167166
diffdock_smina,7SFO_98L,/home/manndo/master_dev/posebusters_results/_benchmark_staging/diffdock/7SFO_98L_ligand__7SFO_98L_protein/optimized_smina/rank1_confidence-0.27_smina.sdf,1,1,1.3623716253651204,1.3623716253651204,True,0.1326702934043643,1.3049179981954833,2,1.3623716253651204,1.3623716253651204,1.3623716253651204,True,0.13267029340436437,29.047721627744096,29.68120151054536
autodock,7THI_PGA,/home/manndo/master_dev/posebusters_results/benchmark/dock/converted_pdbqt/7THI_PGA_protein__7THI_PGA_ligand_vina_out_model1.sdf,1,1,1.5508134066425348,0.8503183717486835,True,0.3807638521592075,0.4268491428519788,2,1.5508134066425348,1.5508134066425348,1.5508134066425348,True,0.3807638521592075,47.69342636420688,47.89251357525052
diffdock_smina,7THI_PGA,/home/manndo/master_dev/posebusters_results/_benchmark_staging/diffdock/7THI_PGA_ligand__7THI_PGA_protein/optimized_smina/rank1_confidence-0.00_smina.sdf,1,1,0.9457248360678482,0.752067342581617,True,0.1652605608212667,0.480625922171196,2,0.9457248360678482,0.9457248360678482,0.9457248360678482,True,0.16526056082126672,47.91516344634547,48.10076216281124
autodock,7TM6_GPJ,/home/manndo/master_dev/posebusters_results/benchmark/dock/converted_pdbqt/7TM6_GPJ_protein__7TM6_GPJ_ligand_vina_out_model1.sdf,1,1,1.4143443003738514,1.0072954879279463,False,0.1744848417485033,0.6799517750811109,2,1.4143443003738514,1.4143443003738514,1.4143443003738514,True,0.17448484174850332,54.69195283997455,54.87106465980043
diffdock_smina,7TM6_GPJ,/home/manndo/master_dev/posebusters_results/_benchmark_staging/diffdock/7TM6_GPJ_ligand__7TM6_GPJ_protein/optimized_smina/rank1_confidence0.89_smina.sdf,1,1,1.6227626791986562,0.601153635105037,False,0.2852128498157125,0.4947490919293782,2,1.6227626791986562,1.6227626791986562,1.6227626791986562,True,0.2852128498157125,54.52039403791667,54.71357517648614
autodock,7T1D_E7K,/home/manndo/master_dev/posebusters_results/benchmark/dock/converted_pdbqt/7T1D_E7K_protein__7T1D_E7K_ligand_vina_out_model1.sdf,1,1,1.4014245588392005,1.4014245588392005,True,0.555950275184305,1.239927290576298,2,1.4014245588392003,1.4014245588392003,1.4014245588392003,True,0.555950275184305,30.08277612147423,32.17813280145751
diffdock_smina,7T1D_E7K,/home/manndo/master_dev/posebusters_results/_benchmark_staging/diffdock/7T1D_E7K_ligand__7T1D_E7K_protein/optimized_smina/rank1_confidence-0.38_smina.sdf,1,1,11.297165309114964,11.297165309114964,True,1.8711929234880549,2.085463128974268,2,11.297165309114964,11.297165309114964,11.297165309114964,True,1.8711929234880547,30.473798965444452,31.108753238924475
autodock,7T3E_SLB,/home/manndo/master_dev/posebusters_results/benchmark/dock/converted_pdbqt/7T3E_SLB_protein__7T3E_SLB_ligand_vina_out_model1.sdf,1,1,0.8263632891859887,0.446384416864038,True,0.319738463133938,0.2668033959075545,2,0.8263632891859887,0.8263632891859887,0.8263632891859887,True,0.319738463133938,35.67310017534475,35.832659337404415
diffdock_smina,7T3E_SLB,/home/manndo/master_dev/posebusters_results/_benchmark_staging/diffdock/7T3E_SLB_ligand__7T3E_SLB_protein/optimized_smina/rank1_confidence-0.18_smina.sdf,1,1,0.3351623977374884,0.3351623977374884,True,0.2275434373821619,0.2245654367206993,2,0.3351623977374884,0.3351623977374884,0.3351623977374884,True,0.22754343738216193,35.67860797244295,35.83643047985693
autodock,7TB0_UD1,/home/manndo/master_dev/posebusters_results/benchmark/dock/converted_pdbqt/7TB0_UD1_protein__7TB0_UD1_ligand_vina_out_model1.sdf,1,1,8.701763424289796,8.701763424289798,True,0.7499558807974404,3.0283539744942742,4,8.701763424289796,8.701763424289796,8.701763424289796,True,0.7499558807974404,24.542467828757104,25.113131067232537
diffdock_smina,7TB0_UD1,/home/manndo/master_dev/posebusters_results/_benchmark_staging/diffdock/7TB0_UD1_ligand__7TB0_UD1_protein/optimized_smina/rank1_confidence-1.22_smina.sdf,1,1,26.877172550082776,26.871820663170364,True,25.26462669721948,1.348905644401568,4,26.877172550082776,26.877172550082776,1.5084517601050764,False,25.26462669721948,0.6023630406121758,1.5084517601050764
autodock,7TBU_S3P,/home/manndo/master_dev/posebusters_results/benchmark/dock/converted_pdbqt/7TBU_S3P_protein__7TBU_S3P_ligand_vina_out_model1.sdf,1,1,7.46470032469489,7.464700324694889,True,6.661375077698391,1.2064580389316746,2,7.46470032469489,7.46470032469489,7.46470032469489,True,6.661375077698391,47.71542728850093,47.78092799891501
diffdock_smina,7TBU_S3P,/home/manndo/master_dev/posebusters_results/_benchmark_staging/diffdock/7TBU_S3P_ligand__7TBU_S3P_protein/optimized_smina/rank1_confidence-0.83_smina.sdf,1,1,37.34087291414061,37.328232095694005,True,37.17479313055357,1.20980883834466,2,37.34087291414061,37.34087291414061,9.05055692775312,False,37.174793130553574,7.304327409910642,9.05055692775312
autodock,7TOM_5AD,/home/manndo/master_dev/posebusters_results/benchmark/dock/converted_pdbqt/7TOM_5AD_protein__7TOM_5AD_ligand_vina_out_model1.sdf,1,1,0.5854977939041848,0.5854977939041848,False,0.1805022485411196,0.3665237300040609,1,0.5854977939041848,0.5854977939041848,0.5854977939041848,True,0.1805022485411196,,
diffdock_smina,7TOM_5AD,/home/manndo/master_dev/posebusters_results/_benchmark_staging/diffdock/7TOM_5AD_ligand__7TOM_5AD_protein/optimized_smina/rank1_confidence-1.88_smina.sdf,1,1,12.073092250998132,12.07309225099813,True,10.859240389836632,0.8583194328685978,1,12.073092250998132,12.073092250998132,12.073092250998132,True,10.859240389836632,,
autodock,7TS6_KMI,/home/manndo/master_dev/posebusters_results/benchmark/dock/converted_pdbqt/7TS6_KMI_protein__7TS6_KMI_ligand_vina_out_model1.sdf,1,1,2.6026788349020435,2.6026788349020435,True,0.4983675114517277,2.1618684312354555,4,2.6026788349020435,2.6026788349020435,2.6026788349020435,True,0.49836751145172775,35.40074269640042,35.971137944190765
diffdock_smina,7TS6_KMI,/home/manndo/master_dev/posebusters_results/_benchmark_staging/diffdock/7TS6_KMI_ligand__7TS6_KMI_protein/optimized_smina/rank1_confidence-0.61_smina.sdf,1,1,77.64979535132686,77.64979535132684,True,77.6325846076632,1.1807684291295382,4,77.64979535132686,77.64979535132686,21.724949707854872,False,77.6325846076632,21.059861602369768,21.724949707854872
autodock,7TE8_P0T,/home/manndo/master_dev/posebusters_results/benchmark/dock/converted_pdbqt/7TE8_P0T_protein__7TE8_P0T_ligand_vina_out_model1.sdf,1,1,0.8517942954370681,0.8517942954370682,True,0.1977218502258221,0.7982793422152119,2,0.8517942954370681,0.8517942954370681,0.8517942954370681,True,0.19772185022582217,33.345560320596185,34.01264316269825
diffdock_smina,7TE8_P0T,/home/manndo/master_dev/posebusters_results/_benchmark_staging/diffdock/7TE8_P0T_ligand__7TE8_P0T_protein/optimized_smina/rank1_confidence-1.09_smina.sdf,1,1,34.4937886518655,34.4937886518655,True,33.902833013871344,2.1343395916742325,2,34.4937886518655,34.4937886518655,2.7487054840098977,False,33.902833013871344,0.9788297766534938,2.7487054840098977
autodock,7TH4_FFO,/home/manndo/master_dev/posebusters_results/benchmark/dock/converted_pdbqt/7TH4_FFO_protein__7TH4_FFO_ligand_vina_out_model1.sdf,1,1,3.632378324750555,3.629619790491755,True,0.403591868344456,2.061669011729946,2,3.632378324750555,3.632378324750555,3.632378324750555,True,0.40359186834445604,50.99933989228648,51.202172847103924
diffdock_smina,7TH4_FFO,/home/manndo/master_dev/posebusters_results/_benchmark_staging/diffdock/7TH4_FFO_ligand__7TH4_FFO_protein/optimized_smina/rank1_confidence-1.18_smina.sdf,1,1,15.382070750160434,15.378854120416737,False,11.865483111236042,2.609496268452756,2,15.382070750160434,15.382070750160434,15.382070750160434,True,11.865483111236042,48.490417721851735,49.27574497408615
autodock,7TXK_LW8,/home/manndo/master_dev/posebusters_results/benchmark/dock/converted_pdbqt/7TXK_LW8_protein__7TXK_LW8_ligand_vina_out_model1.sdf,1,1,1.7998329737320995,1.758032859002735,True,0.4603166687787258,1.2276836540306093,2,1.7998329737320997,1.7998329737320997,1.7998329737320997,True,0.4603166687787258,36.31127640420014,36.496800046944756
diffdock_smina,7TXK_LW8,/home/manndo/master_dev/posebusters_results/_benchmark_staging/diffdock/7TXK_LW8_ligand__7TXK_LW8_protein/optimized_smina/rank1_confidence-0.06_smina.sdf,1,1,37.21611794926135,37.21538049427056,True,36.97371632241356,1.6196817434550057,2,37.21611794926135,37.21611794926135,3.768096883043215,False,36.97371632241356,1.8745597069060003,3.768096883043215
autodock,7TYP_KUR,/home/manndo/master_dev/posebusters_results/benchmark/dock/converted_pdbqt/7TYP_KUR_protein__7TYP_KUR_ligand_vina_out_model1.sdf,1,1,0.6561013435232187,0.6561013435232186,True,0.1865128496837444,0.578849000247374,2,0.6561013435232187,0.6561013435232187,0.6561013435232187,True,0.18651284968374446,22.42573882344146,23.498266217238584
diffdock_smina,7TYP_KUR,/home/manndo/master_dev/posebusters_results/_benchmark_staging/diffdock/7TYP_KUR_ligand__7TYP_KUR_protein/optimized_smina/rank1_confidence-0.86_smina.sdf,1,1,4.175957014670814,4.175957014670814,True,1.0392047315781534,1.5706912152066308,2,4.175957014670814,4.175957014670814,4.175957014670814,True,1.0392047315781534,22.416021717984044,23.189931272796542
autodock,7TSF_H4B,/home/manndo/master_dev/posebusters_results/benchmark/dock/converted_pdbqt/7TSF_H4B_protein__7TSF_H4B_ligand_vina_out_model1.sdf,1,1,0.2879431112114295,0.2879431112114295,True,0.1619911036046683,0.1423319944456504,2,0.28794311121142957,0.28794311121142957,0.28794311121142957,True,0.16199110360466834,16.4065670035151,17.331142518599286
diffdock_smina,7TSF_H4B,/home/manndo/master_dev/posebusters_results/_benchmark_staging/diffdock/7TSF_H4B_ligand__7TSF_H4B_protein/optimized_smina/rank1_confidence-0.56_smina.sdf,1,1,18.928782755541118,18.928782755541118,False,18.01138805774882,0.5745762582050009,2,18.928782755541114,18.928782755541114,6.802927291679836,False,18.01138805774882,6.665794296622047,6.802927291679836
autodock,7TUO_KL9,/home/manndo/master_dev/posebusters_results/benchmark/dock/converted_pdbqt/7TUO_KL9_protein__7TUO_KL9_ligand_vina_out_model1.sdf,1,1,0.8665439592619254,0.8665439592619253,True,0.2198236692341281,0.8302998833071925,2,0.8665439592619254,0.8665439592619254,0.8665439592619254,True,0.21982366923412813,26.608216299773947,27.553762188371547
diffdock_smina,7TUO_KL9,/home/manndo/master_dev/posebusters_results/_benchmark_staging/diffdock/7TUO_KL9_ligand__7TUO_KL9_protein/optimized_smina/rank1_confidence-2.13_smina.sdf,1,1,11.936891966127533,11.93689196612753,True,0.7061500774780254,1.3967012337743496,2,11.936891966127531,11.936891966127531,11.936891966127531,True,0.7061500774780254,25.994269754935743,27.270946518428726
diffdock_smina,7U0U_FK5,/home/manndo/master_dev/posebusters_results/_benchmark_staging/diffdock/7U0U_FK5_ligand__7U0U_FK5_protein/optimized_smina/rank1_confidence-3.27_smina.sdf,1,1,7.581405131474234,7.581405131474234,False,2.0422403016852866,3.076942153243723,1,7.581405131474234,7.581405131474234,7.581405131474234,True,2.0422403016852866,,
autodock,7U0U_FK5,/home/manndo/master_dev/posebusters_results/benchmark/dock/converted_pdbqt/7U0U_FK5_protein__7U0U_FK5_ligand_vina_out_model1.sdf,1,1,12.50245157994111,12.50245157994111,True,8.917701265337522,3.5005762548149253,1,12.50245157994111,12.50245157994111,12.50245157994111,True,8.917701265337522,,
autodock,7U3J_L6U,/home/manndo/master_dev/posebusters_results/benchmark/dock/converted_pdbqt/7U3J_L6U_protein__7U3J_L6U_ligand_vina_out_model1.sdf,1,1,8.889217070787446,8.889217070787446,True,1.8869814502976197,3.3354103119757,1,8.889217070787446,8.889217070787446,8.889217070787446,True,1.8869814502976194,,
diffdock_smina,7U3J_L6U,/home/manndo/master_dev/posebusters_results/_benchmark_staging/diffdock/7U3J_L6U_ligand__7U3J_L6U_protein/optimized_smina/rank1_confidence-1.36_smina.sdf,1,1,18.67335139453942,18.673351394539424,True,17.730357442178963,3.1842763200884225,1,18.67335139453942,18.67335139453942,18.67335139453942,True,17.730357442178963,,
autodock,7UJ4_OQ4,/home/manndo/master_dev/posebusters_results/benchmark/dock/converted_pdbqt/7UJ4_OQ4_protein__7UJ4_OQ4_ligand_vina_out_model1.sdf,1,1,3.359955667997584,3.359955667997584,True,0.5853269941516825,2.019304934152243,2,3.359955667997584,3.359955667997584,3.359955667997584,True,0.5853269941516825,33.07854063325855,35.22568049571738
diffdock_smina,7UJ4_OQ4,/home/manndo/master_dev/posebusters_results/_benchmark_staging/diffdock/7UJ4_OQ4_ligand__7UJ4_OQ4_protein/optimized_smina/rank1_confidence0.14_smina.sdf,1,1,34.95704566069426,34.95704566069426,True,32.88885118594718,1.9429022558540563,2,34.95704566069426,34.95704566069426,2.269333476686292,False,32.88885118594718,0.8458740349673985,2.269333476686292
autodock,7UJ5_DGL,/home/manndo/master_dev/posebusters_results/benchmark/dock/converted_pdbqt/7UJ5_DGL_protein__7UJ5_DGL_ligand_vina_out_model1.sdf,1,1,1.0676987871117969,0.3767992834388095,True,0.250644549112878,0.1687335583863527,4,1.0676987871117967,1.0676987871117967,1.0676987871117967,True,0.25064454911287803,19.464839122376535,19.935733515474166
diffdock_smina,7UJ5_DGL,/home/manndo/master_dev/posebusters_results/_benchmark_staging/diffdock/7UJ5_DGL_ligand__7UJ5_DGL_protein/optimized_smina/rank1_confidence0.15_smina.sdf,1,1,19.894908940580752,19.87082819547288,True,19.38350582902381,0.9218389843481016,4,19.894908940580752,19.894908940580752,1.8735469126765953,False,19.38350582902381,0.46311918530762736,1.8735469126765953
autodock,7UMW_NAD,/home/manndo/master_dev/posebusters_results/benchmark/dock/converted_pdbqt/7UMW_NAD_protein__7UMW_NAD_ligand_vina_out_model1.sdf,1,1,2.424676281110908,2.424676281110907,True,0.3524805171627773,2.2564232228714234,2,2.4246762811109077,2.4246762811109077,2.4246762811109077,True,0.35248051716277734,34.41091702624755,34.96794147988854
diffdock_smina,7UMW_NAD,/home/manndo/master_dev/posebusters_results/_benchmark_staging/diffdock/7UMW_NAD_ligand__7UMW_NAD_protein/optimized_smina/rank1_confidence-0.53_smina.sdf,1,1,34.72302339779564,34.71942849160775,True,34.13817958965842,0.9879693771057084,2,34.72302339779564,34.72302339779564,1.099696849652832,False,34.13817958965842,0.32301498779449195,1.099696849652832
autodock,7UQ3_O2U,/home/manndo/master_dev/posebusters_results/benchmark/dock/converted_pdbqt/7UQ3_O2U_protein__7UQ3_O2U_ligand_vina_out_model1.sdf,1,1,4.459848474630802,4.459848474630801,True,0.1643533414121389,0.3217346632023546,1,4.459848474630802,4.459848474630802,4.459848474630802,True,0.16435334141213895,,
diffdock_smina,7UQ3_O2U,/home/manndo/master_dev/posebusters_results/_benchmark_staging/diffdock/7UQ3_O2U_ligand__7UQ3_O2U_protein/optimized_smina/rank1_confidence0.80_smina.sdf,1,1,1.8441692734580144,1.6067730266489628,True,0.4803515161808336,0.5844154151365066,1,1.8441692734580146,1.8441692734580146,1.8441692734580146,True,0.48035151618083366,,
autodock,7UJF_R3V,/home/manndo/master_dev/posebusters_results/benchmark/dock/converted_pdbqt/7UJF_R3V_protein__7UJF_R3V_ligand_vina_out_model1.sdf,1,1,4.3050976760115445,4.3050976760115445,True,0.5699582341469355,2.634044332406946,4,4.3050976760115445,4.3050976760115445,4.3050976760115445,True,0.5699582341469355,30.60318054120036,31.651781408694045
diffdock_smina,7UJF_R3V,/home/manndo/master_dev/posebusters_results/_benchmark_staging/diffdock/7UJF_R3V_ligand__7UJF_R3V_protein/optimized_smina/rank1_confidence-0.67_smina.sdf,1,1,31.28855681964654,31.28855681964654,True,30.228696717722563,1.8531290787666133,4,31.28855681964654,31.28855681964654,2.1141269548563058,False,30.228696717722563,0.7596380361699133,2.1141269548563058
autodock,7ULC_56B,/home/manndo/master_dev/posebusters_results/benchmark/dock/converted_pdbqt/7ULC_56B_protein__7ULC_56B_ligand_vina_out_model1.sdf,1,1,1.577825363843501,1.577825363843501,False,0.4700882212104749,1.4255857910211949,2,1.577825363843501,1.577825363843501,1.577825363843501,True,0.4700882212104749,49.86275553512417,50.46833032104331
diffdock_smina,7ULC_56B,/home/manndo/master_dev/posebusters_results/_benchmark_staging/diffdock/7ULC_56B_ligand__7ULC_56B_protein/optimized_smina/rank1_confidence-1.43_smina.sdf,1,1,41.971620196537856,41.967266280252,True,41.66771010580818,2.2271600052939453,2,41.971620196537856,41.971620196537856,23.769807861336375,False,41.66771010580818,22.89532008946068,23.769807861336375
autodock,7UAS_MBU,/home/manndo/master_dev/posebusters_results/benchmark/dock/converted_pdbqt/7UAS_MBU_protein__7UAS_MBU_ligand_vina_out_model1.sdf,1,1,0.600150897691572,0.6001508976915721,True,0.2416406086526047,0.3889925199295501,2,0.600150897691572,0.600150897691572,0.600150897691572,True,0.24164060865260478,56.37362960914216,56.866257600179736
diffdock_smina,7UAS_MBU,/home/manndo/master_dev/posebusters_results/_benchmark_staging/diffdock/7UAS_MBU_ligand__7UAS_MBU_protein/optimized_smina/rank1_confidence0.11_smina.sdf,1,1,56.77606718866674,56.77606718866674,True,56.30298162605123,1.0611430162315032,2,56.776067188666744,56.776067188666744,1.0695848339425915,False,56.30298162605123,0.11798065026732561,1.0695848339425915
diffdock_smina,7UAW_MF6,/home/manndo/master_dev/posebusters_results/_benchmark_staging/diffdock/7UAW_MF6_ligand__7UAW_MF6_protein/optimized_smina/rank1_confidence-1.74_smina.sdf,1,1,38.13424291049788,38.13424291049788,True,37.41695225055573,3.098929964297124,2,38.134242910497875,38.134242910497875,16.320859869233082,False,37.416952250555724,15.505119750855433,16.320859869233082
autodock,7UAW_MF6,/home/manndo/master_dev/posebusters_results/benchmark/dock/converted_pdbqt/7UAW_MF6_protein__7UAW_MF6_ligand_vina_out_model1.sdf,1,1,0.9064817861222744,0.9064817861222744,True,0.4335888516150962,0.7482712004397459,2,0.9064817861222743,0.9064817861222743,0.9064817861222743,True,0.4335888516150962,32.27806950003329,32.74441768738168
autodock,7V43_C4O,/home/manndo/master_dev/posebusters_results/benchmark/dock/converted_pdbqt/7V43_C4O_protein__7V43_C4O_ligand_vina_out_model1.sdf,1,1,0.5185174780082148,0.5185174780082148,True,0.3220416073661856,0.0467664559328885,1,0.5185174780082148,0.5185174780082148,0.5185174780082148,True,0.32204160736618564,,
diffdock_smina,7V43_C4O,/home/manndo/master_dev/posebusters_results/_benchmark_staging/diffdock/7V43_C4O_ligand__7V43_C4O_protein/optimized_smina/rank1_confidence-0.08_smina.sdf,1,1,3.870135792998742,3.870135792998742,True,1.3741315626264623,0.0467458362306974,1,3.870135792998742,3.870135792998742,3.870135792998742,True,1.3741315626264625,,
autodock,7VB8_STL,/home/manndo/master_dev/posebusters_results/benchmark/dock/converted_pdbqt/7VB8_STL_protein__7VB8_STL_ligand_vina_out_model1.sdf,1,1,5.624267309143998,5.624267309143998,True,4.231119871473981,0.4240871214788477,2,5.624267309143998,5.624267309143998,5.624267309143998,True,4.231119871473981,27.196961565802987,27.280700744622507
diffdock_smina,7VB8_STL,/home/manndo/master_dev/posebusters_results/_benchmark_staging/diffdock/7VB8_STL_ligand__7VB8_STL_protein/optimized_smina/rank1_confidence-0.51_smina.sdf,1,1,29.384099432616317,29.384099432616317,True,28.7139398972564,0.2797449188503726,2,29.384099432616313,29.384099432616313,9.372933563379686,False,28.7139398972564,6.1379116051862175,9.372933563379686
autodock,7V3N_AKG,/home/manndo/master_dev/posebusters_results/benchmark/dock/converted_pdbqt/7V3N_AKG_protein__7V3N_AKG_ligand_vina_out_model1.sdf,1,1,0.992828383961703,0.992828383961703,True,0.2853061864033085,0.9192579114543428,1,0.992828383961703,0.992828383961703,0.992828383961703,True,0.2853061864033085,,
diffdock_smina,7V3N_AKG,/home/manndo/master_dev/posebusters_results/_benchmark_staging/diffdock/7V3N_AKG_ligand__7V3N_AKG_protein/optimized_smina/rank1_confidence0.17_smina.sdf,1,1,3.833502098603836,3.833502098603835,True,2.3182409775085926,0.8557485630079714,1,3.8335020986038355,3.8335020986038355,3.8335020986038355,True,2.3182409775085926,,
autodock,7V3S_5I9,/home/manndo/master_dev/posebusters_results/benchmark/dock/converted_pdbqt/7V3S_5I9_protein__7V3S_5I9_ligand_vina_out_model1.sdf,1,1,2.503284778887637,2.5032847788876373,True,1.1159316822236889,1.5491810286931444,1,2.503284778887637,2.503284778887637,2.503284778887637,True,1.1159316822236889,,
diffdock_smina,7V3S_5I9,/home/manndo/master_dev/posebusters_results/_benchmark_staging/diffdock/7V3S_5I9_ligand__7V3S_5I9_protein/optimized_smina/rank1_confidence0.32_smina.sdf,1,1,0.8554977941464686,0.8554977941464686,True,0.1850112463078606,0.816852546484834,1,0.8554977941464686,0.8554977941464686,0.8554977941464686,True,0.18501124630786064,,
autodock,7USH_82V,/home/manndo/master_dev/posebusters_results/benchmark/dock/converted_pdbqt/7USH_82V_protein__7USH_82V_ligand_vina_out_model1.sdf,1,1,7.378264310172769,7.378264310172767,True,2.2305900219793533,1.638141842463034,1,7.378264310172769,7.378264310172769,7.378264310172769,True,2.2305900219793533,,
diffdock_smina,7USH_82V,/home/manndo/master_dev/posebusters_results/_benchmark_staging/diffdock/7USH_82V_ligand__7USH_82V_protein/optimized_smina/rank1_confidence0.59_smina.sdf,1,1,1.4577790528482282,1.4577790528482282,True,0.9205710217708668,0.6376082919042093,1,1.4577790528482282,1.4577790528482282,1.4577790528482282,True,0.9205710217708669,,
autodock,7UTW_NAI,/home/manndo/master_dev/posebusters_results/benchmark/dock/converted_pdbqt/7UTW_NAI_protein__7UTW_NAI_ligand_vina_out_model1.sdf,1,1,11.087128254503876,11.087128254503876,True,2.2133047419372165,3.8735808662291,2,11.087128254503877,11.087128254503877,11.087128254503877,True,2.2133047419372165,40.26618718870598,40.91424352671862
diffdock_smina,7UTW_NAI,/home/manndo/master_dev/posebusters_results/_benchmark_staging/diffdock/7UTW_NAI_ligand__7UTW_NAI_protein/optimized_smina/rank1_confidence0.02_smina.sdf,1,1,1.0946541908292315,1.0946541908292318,True,0.4394988767802803,0.989702821538464,2,1.0946541908292315,1.0946541908292315,1.0946541908292315,True,0.4394988767802803,38.68368728732138,40.216544499149165
autodock,7VKZ_NOJ,/home/manndo/master_dev/posebusters_results/benchmark/dock/converted_pdbqt/7VKZ_NOJ_protein__7VKZ_NOJ_ligand_vina_out_model1.sdf,1,1,3.587743783291312,3.5877437832913124,True,0.9161048426051512,0.9461881962762408,2,3.587743783291312,3.587743783291312,3.587743783291312,True,0.9161048426051511,6.198832912014517,6.9841410872971865
diffdock_smina,7VKZ_NOJ,/home/manndo/master_dev/posebusters_results/_benchmark_staging/diffdock/7VKZ_NOJ_ligand__7VKZ_NOJ_protein/optimized_smina/rank1_confidence-0.48_smina.sdf,1,1,1.5742935656697234,1.5742935656697234,True,0.5503310347132805,0.8915341172317249,2,1.5742935656697234,1.5742935656697234,1.5742935656697234,True,0.5503310347132805,5.793415204528848,6.417406616808267
autodock,7VQ9_ISY,/home/manndo/master_dev/posebusters_results/benchmark/dock/converted_pdbqt/7VQ9_ISY_protein__7VQ9_ISY_ligand_vina_out_model1.sdf,1,1,1.814470741408792,1.524702992154772,False,0.2092077743706996,1.397645911351382,2,1.8144707414087922,1.8144707414087922,1.8144707414087922,True,0.20920777437069965,26.68744053943574,27.328824146206614
diffdock_smina,7VQ9_ISY,/home/manndo/master_dev/posebusters_results/_benchmark_staging/diffdock/7VQ9_ISY_ligand__7VQ9_ISY_protein/optimized_smina/rank1_confidence-0.10_smina.sdf,1,1,31.91494054703399,31.90003499224457,False,31.390485385319696,1.396989954059653,2,31.91494054703399,31.91494054703399,6.187834540970578,False,31.390485385319696,5.696247500700324,6.187834540970578
diffdock_smina,7UXS_OJC,/home/manndo/master_dev/posebusters_results/_benchmark_staging/diffdock/7UXS_OJC_ligand__7UXS_OJC_protein/optimized_smina/rank1_confidence-0.93_smina.sdf,1,1,3.0542394403283346,3.0180823928921674,False,1.6263420270192193,2.106689069610279,2,3.0542394403283346,3.0542394403283346,3.0542394403283346,True,1.6263420270192193,15.463112700188356,17.325814184752517
autodock,7UXS_OJC,/home/manndo/master_dev/posebusters_results/benchmark/dock/converted_pdbqt/7UXS_OJC_protein__7UXS_OJC_ligand_vina_out_model1.sdf,1,1,5.913647583586389,5.911252598706494,False,2.7722530951688977,1.6565736403012823,2,5.913647583586389,5.913647583586389,5.913647583586389,True,2.7722530951688977,17.494008244854026,18.356770241132132
autodock,7UY4_SMI,/home/manndo/master_dev/posebusters_results/benchmark/dock/converted_pdbqt/7UY4_SMI_protein__7UY4_SMI_ligand_vina_out_model1.sdf,1,1,0.4973010908896136,0.4973010908896136,True,0.3352107364736676,0.1715482554814604,2,0.49730109088961366,0.49730109088961366,0.49730109088961366,True,0.33521073647366767,40.42268042254749,40.825705587391056
diffdock_smina,7UY4_SMI,/home/manndo/master_dev/posebusters_results/_benchmark_staging/diffdock/7UY4_SMI_ligand__7UY4_SMI_protein/optimized_smina/rank1_confidence-1.15_smina.sdf,1,1,48.11618088791701,48.11618088791701,True,47.78986150842011,0.253412414694625,2,48.11618088791701,48.11618088791701,26.91027912552655,False,47.78986150842011,26.80742888767839,26.91027912552655
autodock,7VBU_6I4,/home/manndo/master_dev/posebusters_results/benchmark/dock/converted_pdbqt/7VBU_6I4_protein__7VBU_6I4_ligand_vina_out_model1.sdf,1,1,0.5907502209304808,0.5907502209304808,True,0.4876715774720136,0.1374835049214904,1,0.5907502209304808,0.5907502209304808,0.5907502209304808,True,0.4876715774720136,,
diffdock_smina,7VBU_6I4,/home/manndo/master_dev/posebusters_results/_benchmark_staging/diffdock/7VBU_6I4_ligand__7VBU_6I4_protein/optimized_smina/rank1_confidence-0.10_smina.sdf,1,1,27.122766359256637,27.122766359256637,True,26.69244608604728,0.1365102416147968,1,27.122766359256634,27.122766359256634,27.122766359256634,True,26.692446086047276,,
autodock,7VC5_9SF,/home/manndo/master_dev/posebusters_results/benchmark/dock/converted_pdbqt/7VC5_9SF_protein__7VC5_9SF_ligand_vina_out_model1.sdf,1,1,1.3522686661512735,1.3522686661512735,True,0.9748458555837216,0.8472835945009947,1,1.3522686661512737,1.3522686661512737,1.3522686661512737,True,0.9748458555837216,,
diffdock_smina,7VC5_9SF,/home/manndo/master_dev/posebusters_results/_benchmark_staging/diffdock/7VC5_9SF_ligand__7VC5_9SF_protein/optimized_smina/rank1_confidence-0.13_smina.sdf,1,1,1.6930643309208202,1.6930643309208204,True,0.4511841551283022,1.6200663394244312,1,1.6930643309208202,1.6930643309208202,1.6930643309208202,True,0.45118415512830223,,
autodock,7UYB_OK0,/home/manndo/master_dev/posebusters_results/benchmark/dock/converted_pdbqt/7UYB_OK0_protein__7UYB_OK0_ligand_vina_out_model1.sdf,1,1,1.2553825274881676,1.2553825274881678,True,0.8616305851979615,0.8919335533802563,1,1.2553825274881676,1.2553825274881676,1.2553825274881676,True,0.8616305851979615,,
diffdock_smina,7UYB_OK0,/home/manndo/master_dev/posebusters_results/_benchmark_staging/diffdock/7UYB_OK0_ligand__7UYB_OK0_protein/optimized_smina/rank1_confidence-0.11_smina.sdf,1,1,1.3058139818371108,1.305813981837111,True,0.9255400573742674,0.9056730367216654,1,1.3058139818371108,1.3058139818371108,1.3058139818371108,True,0.9255400573742674,,
autodock,7V14_ORU,/home/manndo/master_dev/posebusters_results/benchmark/dock/converted_pdbqt/7V14_ORU_protein__7V14_ORU_ligand_vina_out_model1.sdf,1,1,0.7914676421505987,0.7914676421505986,True,0.0799600206225541,0.750662301534159,1,0.7914676421505987,0.7914676421505987,0.7914676421505987,True,0.0799600206225541,,
diffdock_smina,7V14_ORU,/home/manndo/master_dev/posebusters_results/_benchmark_staging/diffdock/7V14_ORU_ligand__7V14_ORU_protein/optimized_smina/rank1_confidence0.68_smina.sdf,1,1,1.3983745421023654,1.3983745421023657,True,0.2630073618275909,1.3532672156925576,1,1.3983745421023654,1.3983745421023654,1.3983745421023654,True,0.26300736182759094,,
autodock,7VWF_K55,/home/manndo/master_dev/posebusters_results/benchmark/dock/converted_pdbqt/7VWF_K55_protein__7VWF_K55_ligand_vina_out_model1.sdf,1,1,1.4183125590473762,1.3363610812179247,True,0.8629221379485047,0.9421161146022392,2,1.4183125590473762,1.4183125590473762,1.4183125590473762,True,0.8629221379485047,51.15651615288036,51.92497877445183
diffdock_smina,7VWF_K55,/home/manndo/master_dev/posebusters_results/_benchmark_staging/diffdock/7VWF_K55_ligand__7VWF_K55_protein/optimized_smina/rank1_confidence0.13_smina.sdf,1,1,51.91548556213378,51.91548556213379,True,51.12797654258514,0.8184608668523754,2,51.91548556213378,51.91548556213378,1.2268633326372163,False,51.12797654258514,0.7871363852592924,1.2268633326372163
autodock,7VYJ_CA0,/home/manndo/master_dev/posebusters_results/benchmark/dock/converted_pdbqt/7VYJ_CA0_protein__7VYJ_CA0_ligand_vina_out_model1.sdf,1,1,8.282956662745681,8.278743090218837,False,0.7701033531651449,1.3973765762472714,2,8.282956662745681,8.282956662745681,8.282956662745681,True,0.7701033531651449,35.671835192093695,35.80695908028107
diffdock_smina,7VYJ_CA0,/home/manndo/master_dev/posebusters_results/_benchmark_staging/diffdock/7VYJ_CA0_ligand__7VYJ_CA0_protein/optimized_smina/rank1_confidence-0.64_smina.sdf,1,1,38.354662436768514,38.3497284468372,True,37.495592732645214,1.3964231802203992,2,38.354662436768514,38.354662436768514,4.860259097240361,False,37.495592732645214,3.0762099684562467,4.860259097240361
autodock,7W05_GMP,/home/manndo/master_dev/posebusters_results/benchmark/dock/converted_pdbqt/7W05_GMP_protein__7W05_GMP_ligand_vina_out_model1.sdf,1,1,1.1707401291490782,1.170740129149078,True,0.527548284520003,0.6832392332509571,1,1.1707401291490782,1.1707401291490782,1.1707401291490782,True,0.527548284520003,,
diffdock_smina,7W05_GMP,/home/manndo/master_dev/posebusters_results/_benchmark_staging/diffdock/7W05_GMP_ligand__7W05_GMP_protein/optimized_smina/rank1_confidence0.02_smina.sdf,1,1,0.97033682219114,0.97033682219114,True,0.2225783131282106,0.8384988047236055,1,0.97033682219114,0.97033682219114,0.97033682219114,True,0.22257831312821066,,
autodock,7W06_ITN,/home/manndo/master_dev/posebusters_results/benchmark/dock/converted_pdbqt/7W06_ITN_protein__7W06_ITN_ligand_vina_out_model1.sdf,1,1,2.479256877910529,2.3917128683110027,True,2.0471637591531624,0.7132793110388026,1,2.4792568779105295,2.4792568779105295,2.4792568779105295,True,2.0471637591531624,,
diffdock_smina,7W06_ITN,/home/manndo/master_dev/posebusters_results/_benchmark_staging/diffdock/7W06_ITN_ligand__7W06_ITN_protein/optimized_smina/rank1_confidence-0.36_smina.sdf,1,1,4.005816807954264,3.8752591954890216,True,1.201175762829845,0.6282276879813793,1,4.005816807954264,4.005816807954264,4.005816807954264,True,1.201175762829845,,
autodock,7WCF_ACP,/home/manndo/master_dev/posebusters_results/benchmark/dock/converted_pdbqt/7WCF_ACP_protein__7WCF_ACP_ligand_vina_out_model1.sdf,1,1,2.8382029980367003,2.711703809118373,True,1.3792680598249527,2.3070225595225,1,2.8382029980367003,2.8382029980367003,2.8382029980367003,True,1.3792680598249527,,
diffdock_smina,7WCF_ACP,/home/manndo/master_dev/posebusters_results/_benchmark_staging/diffdock/7WCF_ACP_ligand__7WCF_ACP_protein/optimized_smina/rank1_confidence-0.25_smina.sdf,1,1,1.4652392489877528,1.2031225309652087,True,0.327418956650007,1.1446565292862163,1,1.4652392489877528,1.4652392489877528,1.4652392489877528,True,0.327418956650007,,
autodock,7WDT_NGS,/home/manndo/master_dev/posebusters_results/benchmark/dock/converted_pdbqt/7WDT_NGS_protein__7WDT_NGS_ligand_vina_out_model1.sdf,1,1,1.5757676324823238,1.382846130649622,True,0.6580117853772005,1.098656317378657,1,1.5757676324823238,1.5757676324823238,1.5757676324823238,True,0.6580117853772005,,
diffdock_smina,7WDT_NGS,/home/manndo/master_dev/posebusters_results/_benchmark_staging/diffdock/7WDT_NGS_ligand__7WDT_NGS_protein/optimized_smina/rank1_confidence-0.97_smina.sdf,1,1,1.5348116627130508,1.3277020544019498,True,0.4366021449374573,1.135916274158704,1,1.5348116627130508,1.5348116627130508,1.5348116627130508,True,0.43660214493745736,,
autodock,7WJB_BGC,/home/manndo/master_dev/posebusters_results/benchmark/dock/converted_pdbqt/7WJB_BGC_protein__7WJB_BGC_ligand_vina_out_model1.sdf,1,1,3.652759288081636,3.652759288081636,True,1.0407626377111805,0.6973050652429712,1,3.652759288081636,3.652759288081636,3.652759288081636,True,1.0407626377111803,,
diffdock_smina,7WJB_BGC,/home/manndo/master_dev/posebusters_results/_benchmark_staging/diffdock/7WJB_BGC_ligand__7WJB_BGC_protein/optimized_smina/rank1_confidence-0.56_smina.sdf,1,1,2.027781364776127,2.027781364776127,True,1.1028630806148607,0.8889247756775153,1,2.027781364776127,2.027781364776127,2.027781364776127,True,1.1028630806148607,,
autodock,7WKL_CAQ,/home/manndo/master_dev/posebusters_results/benchmark/dock/converted_pdbqt/7WKL_CAQ_protein__7WKL_CAQ_ligand_vina_out_model1.sdf,1,1,0.1883178828470627,0.1883178828470627,True,0.0945533083768081,0.0568406017845989,4,0.18831788284706272,0.18831788284706272,0.18831788284706272,True,0.09455330837680812,33.39711340094568,33.50640490824105
diffdock_smina,7WKL_CAQ,/home/manndo/master_dev/posebusters_results/_benchmark_staging/diffdock/7WKL_CAQ_ligand__7WKL_CAQ_protein/optimized_smina/rank1_confidence-0.22_smina.sdf,1,1,27.6034149676041,27.6034149676041,True,27.487233722365893,0.0566320707342517,4,27.6034149676041,27.6034149676041,27.6034149676041,True,27.487233722365893,27.918068216129658,27.949695031855892
autodock,7WL4_JFU,/home/manndo/master_dev/posebusters_results/benchmark/dock/converted_pdbqt/7WL4_JFU_protein__7WL4_JFU_ligand_vina_out_model1.sdf,1,1,1.0384028176794908,1.0384028176794908,True,0.3746059267363778,0.5911663456963167,4,1.0384028176794908,1.0384028176794908,1.0384028176794908,True,0.3746059267363778,11.195419568312463,12.695942560519088
diffdock_smina,7WL4_JFU,/home/manndo/master_dev/posebusters_results/_benchmark_staging/diffdock/7WL4_JFU_ligand__7WL4_JFU_protein/optimized_smina/rank1_confidence0.03_smina.sdf,1,1,1.0902886223381405,1.0902886223381405,True,0.4121256439712111,0.7215179589608861,4,1.0902886223381403,1.0902886223381403,1.0902886223381403,True,0.4121256439712111,11.278908536893796,12.795730513500105
autodock,7WPW_F15,/home/manndo/master_dev/posebusters_results/benchmark/dock/converted_pdbqt/7WPW_F15_protein__7WPW_F15_ligand_vina_out_model1.sdf,1,1,5.147857469803507,5.147857469803507,False,2.050549602248202,1.7252287496599843,1,5.147857469803507,5.147857469803507,5.147857469803507,True,2.050549602248202,,
diffdock_smina,7WPW_F15,/home/manndo/master_dev/posebusters_results/_benchmark_staging/diffdock/7WPW_F15_ligand__7WPW_F15_protein/optimized_smina/rank1_confidence0.29_smina.sdf,1,1,1.5900920267485816,1.4434920100025412,True,0.3981912977260731,1.1950860053687142,1,1.5900920267485816,1.5900920267485816,1.5900920267485816,True,0.39819129772607315,,
autodock,7WQQ_5Z6,/home/manndo/master_dev/posebusters_results/benchmark/dock/converted_pdbqt/7WQQ_5Z6_protein__7WQQ_5Z6_ligand_vina_out_model1.sdf,1,1,0.4896379236704365,0.4896379236704365,True,0.2311194947434712,0.4084437668897101,1,0.4896379236704365,0.4896379236704365,0.4896379236704365,True,0.23111949474347124,,
diffdock_smina,7WQQ_5Z6,/home/manndo/master_dev/posebusters_results/_benchmark_staging/diffdock/7WQQ_5Z6_ligand__7WQQ_5Z6_protein/optimized_smina/rank1_confidence0.31_smina.sdf,1,1,0.7025780317806274,0.5013821729313216,True,0.2671330063590408,0.3518947153973714,1,0.7025780317806274,0.7025780317806274,0.7025780317806274,True,0.2671330063590408,,
autodock,7WUX_6OI,/home/manndo/master_dev/posebusters_results/benchmark/dock/converted_pdbqt/7WUX_6OI_protein__7WUX_6OI_ligand_vina_out_model1.sdf,1,1,3.2504353373591277,3.105964300389514,True,1.4795581099409558,2.215342244997673,2,3.2504353373591273,3.2504353373591273,3.2504353373591273,True,1.4795581099409558,64.95776121157023,65.18130702442046
diffdock_smina,7WUX_6OI,/home/manndo/master_dev/posebusters_results/_benchmark_staging/diffdock/7WUX_6OI_ligand__7WUX_6OI_protein/optimized_smina/rank1_confidence-1.08_smina.sdf,1,1,36.93337109159428,36.93078832405924,True,36.5748629771103,1.8516771882347467,2,36.933371091594275,36.933371091594275,28.582756677265483,False,36.5748629771103,28.18979846851397,28.582756677265483
autodock,7WUY_76N,/home/manndo/master_dev/posebusters_results/benchmark/dock/converted_pdbqt/7WUY_76N_protein__7WUY_76N_ligand_vina_out_model1.sdf,1,1,2.1059455200297403,2.1059455200297403,True,0.4160895977230521,1.9825502778961683,1,2.1059455200297403,2.1059455200297403,2.1059455200297403,True,0.41608959772305215,,
diffdock_smina,7WUY_76N,/home/manndo/master_dev/posebusters_results/_benchmark_staging/diffdock/7WUY_76N_ligand__7WUY_76N_protein/optimized_smina/rank1_confidence-1.59_smina.sdf,1,1,39.80672574806507,39.80672574806507,False,38.963221727858375,2.3648855346933786,1,39.80672574806507,39.80672574806507,39.80672574806507,True,38.963221727858375,,
autodock,7WY1_D0L,/home/manndo/master_dev/posebusters_results/benchmark/dock/converted_pdbqt/7WY1_D0L_protein__7WY1_D0L_ligand_vina_out_model1.sdf,1,1,1.3265212747286377,1.3265212747286377,True,0.285854842751098,1.1295571106805815,2,1.3265212747286377,1.3265212747286377,1.3265212747286377,True,0.28585484275109807,65.33421530289901,65.59250389452934
diffdock_smina,7WY1_D0L,/home/manndo/master_dev/posebusters_results/_benchmark_staging/diffdock/7WY1_D0L_ligand__7WY1_D0L_protein/optimized_smina/rank1_confidence-0.59_smina.sdf,1,1,65.33503136022465,65.33224608081844,True,65.0082292979835,0.6780363310571291,2,65.33503136022465,65.33503136022465,0.9917678830483238,False,65.0082292979835,0.5179432087451318,0.9917678830483238
autodock,7XG5_PLP,/home/manndo/master_dev/posebusters_results/benchmark/dock/converted_pdbqt/7XG5_PLP_protein__7XG5_PLP_ligand_vina_out_model1.sdf,1,1,1.151863951384885,0.7449519699282634,True,0.4682856741949785,0.5029225107376153,2,1.151863951384885,1.151863951384885,1.151863951384885,True,0.4682856741949785,31.095668721830265,31.53266636957617
diffdock_smina,7XG5_PLP,/home/manndo/master_dev/posebusters_results/_benchmark_staging/diffdock/7XG5_PLP_ligand__7XG5_PLP_protein/optimized_smina/rank1_confidence-0.22_smina.sdf,1,1,1.109805253749504,0.6604956387062677,True,0.4131060004140837,0.2804210604034927,2,1.109805253749504,1.109805253749504,1.109805253749504,True,0.41310600041408374,31.17701299452126,31.621804080037084
autodock,7XI7_4RI,/home/manndo/master_dev/posebusters_results/benchmark/dock/converted_pdbqt/7XI7_4RI_protein__7XI7_4RI_ligand_vina_out_model1.sdf,1,1,0.7168236184724943,0.7168236184724943,True,0.4001650222095875,0.5372840738875906,1,0.7168236184724943,0.7168236184724943,0.7168236184724943,True,0.4001650222095875,,
diffdock_smina,7XI7_4RI,/home/manndo/master_dev/posebusters_results/_benchmark_staging/diffdock/7XI7_4RI_ligand__7XI7_4RI_protein/optimized_smina/rank1_confidence0.31_smina.sdf,1,1,1.2445935812545394,1.2445935812545394,True,0.3723359145650599,1.0055469748539767,1,1.2445935812545394,1.2445935812545394,1.2445935812545394,True,0.37233591456505993,,
autodock,7XJN_NSD,/home/manndo/master_dev/posebusters_results/benchmark/dock/converted_pdbqt/7XJN_NSD_protein__7XJN_NSD_ligand_vina_out_model1.sdf,1,1,1.7338191947259096,1.7338191947259096,True,1.0330626706456305,0.6019340504913738,4,1.7338191947259096,1.7338191947259096,1.7338191947259096,True,1.0330626706456303,43.42361098711729,43.497926499751436
diffdock_smina,7XJN_NSD,/home/manndo/master_dev/posebusters_results/_benchmark_staging/diffdock/7XJN_NSD_ligand__7XJN_NSD_protein/optimized_smina/rank1_confidence0.38_smina.sdf,1,1,50.889426154086486,50.889426154086486,True,50.83945358397755,0.4943573490995082,4,50.889426154086486,50.889426154086486,0.980434406554337,False,50.83945358397755,0.43617800350401026,0.980434406554337
autodock,7XPO_UPG,/home/manndo/master_dev/posebusters_results/benchmark/dock/converted_pdbqt/7XPO_UPG_protein__7XPO_UPG_ligand_vina_out_model1.sdf,1,1,8.271589125837107,8.263629556341716,True,5.092257014482192,4.028155946670271,2,8.271589125837107,8.271589125837107,8.271589125837107,True,5.092257014482192,40.0683876168257,40.64735979980058
diffdock_smina,7XPO_UPG,/home/manndo/master_dev/posebusters_results/_benchmark_staging/diffdock/7XPO_UPG_ligand__7XPO_UPG_protein/optimized_smina/rank1_confidence-0.48_smina.sdf,1,1,18.529137197615423,18.52483414003573,False,16.627095400421865,2.4255995768557184,2,18.529137197615423,18.529137197615423,18.529137197615423,True,16.627095400421865,41.660603269136686,42.41185854529171
autodock,7XBV_APC,/home/manndo/master_dev/posebusters_results/benchmark/dock/converted_pdbqt/7XBV_APC_protein__7XBV_APC_ligand_vina_out_model1.sdf,1,1,3.844208136085817,3.794421661061865,True,1.6715068173904457,2.4864003344037253,1,3.8442081360858165,3.8442081360858165,3.8442081360858165,True,1.6715068173904455,,
diffdock_smina,7XBV_APC,/home/manndo/master_dev/posebusters_results/_benchmark_staging/diffdock/7XBV_APC_ligand__7XBV_APC_protein/optimized_smina/rank1_confidence-1.34_smina.sdf,1,1,4.12381604756972,4.086443637277428,True,2.025789722126323,2.3192364925891726,1,4.12381604756972,4.12381604756972,4.12381604756972,True,2.025789722126323,,
autodock,7XFA_D9J,/home/manndo/master_dev/posebusters_results/benchmark/dock/converted_pdbqt/7XFA_D9J_protein__7XFA_D9J_ligand_vina_out_model1.sdf,1,1,8.273478337729426,8.273478337729424,True,3.589729282112762,2.76711624226738,1,8.273478337729426,8.273478337729426,8.273478337729426,True,3.589729282112762,,
diffdock_smina,7XFA_D9J,/home/manndo/master_dev/posebusters_results/_benchmark_staging/diffdock/7XFA_D9J_ligand__7XFA_D9J_protein/optimized_smina/rank1_confidence-1.50_smina.sdf,1,1,2.8777292186892014,2.8777292186892014,False,0.6269139955929448,2.727614627499607,1,2.8777292186892014,2.8777292186892014,2.8777292186892014,True,0.6269139955929448,,
autodock,7XQZ_FPF,/home/manndo/master_dev/posebusters_results/benchmark/dock/converted_pdbqt/7XQZ_FPF_protein__7XQZ_FPF_ligand_vina_out_model1.sdf,1,1,0.905484886676746,0.5538118091915339,True,0.1751663803359545,0.4878476030406956,1,0.9054848866767461,0.9054848866767461,0.9054848866767461,True,0.17516638033595458,,
diffdock_smina,7XQZ_FPF,/home/manndo/master_dev/posebusters_results/_benchmark_staging/diffdock/7XQZ_FPF_ligand__7XQZ_FPF_protein/optimized_smina/rank1_confidence-1.93_smina.sdf,1,1,2.68033046701335,2.5851457638593613,True,1.3164379051789723,1.9452954201640893,1,2.68033046701335,2.68033046701335,2.68033046701335,True,1.3164379051789725,,
autodock,7XRL_FWK,/home/manndo/master_dev/posebusters_results/benchmark/dock/converted_pdbqt/7XRL_FWK_protein__7XRL_FWK_ligand_vina_out_model1.sdf,1,1,2.6322610552826813,2.632261055282681,True,1.2267159444265177,1.8871871244150067,2,2.6322610552826813,2.6322610552826813,2.6322610552826813,True,1.2267159444265177,52.22128967325973,52.42756773271502
diffdock_smina,7XRL_FWK,/home/manndo/master_dev/posebusters_results/_benchmark_staging/diffdock/7XRL_FWK_ligand__7XRL_FWK_protein/optimized_smina/rank1_confidence-1.15_smina.sdf,1,1,44.83213156698524,44.83213156698524,True,44.79320572913922,1.3623246349080824,2,44.83213156698524,44.83213156698524,32.686855850752835,False,44.793205729139224,32.304303105281846,32.686855850752835
autodock,7X5N_5M5,/home/manndo/master_dev/posebusters_results/benchmark/dock/converted_pdbqt/7X5N_5M5_protein__7X5N_5M5_ligand_vina_out_model1.sdf,1,1,0.7250979014358444,0.7250979014358444,True,0.128860635313266,0.6801359167720642,2,0.7250979014358444,0.7250979014358444,0.7250979014358444,True,0.12886063531326608,37.09931608562496,37.56663532222886
diffdock_smina,7X5N_5M5,/home/manndo/master_dev/posebusters_results/_benchmark_staging/diffdock/7X5N_5M5_ligand__7X5N_5M5_protein/optimized_smina/rank1_confidence-0.28_smina.sdf,1,1,0.7534797365114291,0.7534797365114291,True,0.2001351791498562,0.6253911013402714,2,0.7534797365114291,0.7534797365114291,0.7534797365114291,True,0.20013517914985623,37.00288284315966,37.47497062787375
autodock,7X9K_8OG,/home/manndo/master_dev/posebusters_results/benchmark/dock/converted_pdbqt/7X9K_8OG_protein__7X9K_8OG_ligand_vina_out_model1.sdf,1,1,0.8555547907644492,0.4471370036129867,True,0.0886586971668987,0.4120214004587913,1,0.8555547907644492,0.8555547907644492,0.8555547907644492,True,0.08865869716689871,,
diffdock_smina,7X9K_8OG,/home/manndo/master_dev/posebusters_results/_benchmark_staging/diffdock/7X9K_8OG_ligand__7X9K_8OG_protein/optimized_smina/rank1_confidence0.48_smina.sdf,1,1,1.032505871855781,0.7483744943208578,True,0.3976128882983678,0.5885321594506319,1,1.032505871855781,1.032505871855781,1.032505871855781,True,0.39761288829836783,,
autodock,7YZU_DO7,/home/manndo/master_dev/posebusters_results/benchmark/dock/converted_pdbqt/7YZU_DO7_protein__7YZU_DO7_ligand_vina_out_model1.sdf,1,1,4.463988323237417,4.434826208545269,True,0.4835404181012141,1.1471066909845198,1,4.463988323237417,4.463988323237417,4.463988323237417,True,0.4835404181012141,,
diffdock_smina,7YZU_DO7,/home/manndo/master_dev/posebusters_results/_benchmark_staging/diffdock/7YZU_DO7_ligand__7YZU_DO7_protein/optimized_smina/rank1_confidence-0.72_smina.sdf,1,1,1.435179622251166,1.435179622251166,False,0.568465362188243,1.1126277476177098,1,1.435179622251166,1.435179622251166,1.435179622251166,True,0.568465362188243,,
autodock,7Z1Q_NIO,/home/manndo/master_dev/posebusters_results/benchmark/dock/converted_pdbqt/7Z1Q_NIO_protein__7Z1Q_NIO_ligand_vina_out_model1.sdf,1,1,9.030167188067145,9.03016718806714,True,8.401151071191835,0.4810160991688005,2,9.030167188067143,9.030167188067143,9.030167188067143,True,8.401151071191835,13.53451752755538,14.03781996766038
diffdock_smina,7Z1Q_NIO,/home/manndo/master_dev/posebusters_results/_benchmark_staging/diffdock/7Z1Q_NIO_ligand__7Z1Q_NIO_protein/optimized_smina/rank1_confidence0.44_smina.sdf,1,1,1.5770195500091655,1.2494513796062652,True,0.4209954858853034,0.1052495232880821,2,1.5770195500091657,1.5770195500091657,1.5770195500091657,True,0.42099548588530344,6.042480552004948,6.581333079669768
autodock,7Z2O_IAJ,/home/manndo/master_dev/posebusters_results/benchmark/dock/converted_pdbqt/7Z2O_IAJ_protein__7Z2O_IAJ_ligand_vina_out_model1.sdf,1,1,0.4362267595119372,0.4362267595119373,True,0.3284049034534133,0.0850822960293995,1,0.43622675951193723,0.43622675951193723,0.43622675951193723,True,0.32840490345341333,,
diffdock_smina,7Z2O_IAJ,/home/manndo/master_dev/posebusters_results/_benchmark_staging/diffdock/7Z2O_IAJ_ligand__7Z2O_IAJ_protein/optimized_smina/rank1_confidence0.55_smina.sdf,1,1,3.0149409053673244,3.014940905367325,True,0.2686036570708519,0.245399044867059,1,3.0149409053673244,3.0149409053673244,3.0149409053673244,True,0.2686036570708519,,
autodock,7Z7F_IF3,/home/manndo/master_dev/posebusters_results/benchmark/dock/converted_pdbqt/7Z7F_IF3_protein__7Z7F_IF3_ligand_vina_out_model1.sdf,1,1,0.2350711138601009,0.2350711138601009,True,0.1357401103249176,0.1119695939880673,1,0.23507111386010096,0.23507111386010096,0.23507111386010096,True,0.13574011032491762,,
diffdock_smina,7Z7F_IF3,/home/manndo/master_dev/posebusters_results/_benchmark_staging/diffdock/7Z7F_IF3_ligand__7Z7F_IF3_protein/optimized_smina/rank1_confidence-0.32_smina.sdf,1,1,18.26497228649495,18.26497228649495,True,17.9395575309759,0.5348165564743842,1,18.26497228649495,18.26497228649495,18.26497228649495,True,17.9395575309759,,
autodock,7ZTL_BCN,/home/manndo/master_dev/posebusters_results/benchmark/dock/converted_pdbqt/7ZTL_BCN_protein__7ZTL_BCN_ligand_vina_out_model1.sdf,1,1,2.55302416040984,2.55302416040984,True,0.5250988572805674,0.8852181952833951,1,2.5530241604098394,2.5530241604098394,2.5530241604098394,True,0.5250988572805674,,
diffdock_smina,7ZTL_BCN,/home/manndo/master_dev/posebusters_results/_benchmark_staging/diffdock/7ZTL_BCN_ligand__7ZTL_BCN_protein/optimized_smina/rank1_confidence-1.26_smina.sdf,1,1,16.064656516204643,16.050550450543884,True,15.604200200459909,1.1041907403179827,1,16.064656516204643,16.064656516204643,16.064656516204643,True,15.604200200459909,,
autodock,7ZU2_DHT,/home/manndo/master_dev/posebusters_results/benchmark/dock/converted_pdbqt/7ZU2_DHT_protein__7ZU2_DHT_ligand_vina_out_model1.sdf,1,1,0.6167130613178221,0.6167130613178221,True,0.3686573327969282,0.3764957290812208,1,0.6167130613178221,0.6167130613178221,0.6167130613178221,True,0.3686573327969282,,
diffdock_smina,7ZU2_DHT,/home/manndo/master_dev/posebusters_results/_benchmark_staging/diffdock/7ZU2_DHT_ligand__7ZU2_DHT_protein/optimized_smina/rank1_confidence0.87_smina.sdf,1,1,0.6127190737469601,0.6127190737469601,True,0.3716854563750414,0.3765375299405783,1,0.6127190737469601,0.6127190737469601,0.6127190737469601,True,0.3716854563750414,,
autodock,7ZL5_IWE,/home/manndo/master_dev/posebusters_results/benchmark/dock/converted_pdbqt/7ZL5_IWE_protein__7ZL5_IWE_ligand_vina_out_model1.sdf,1,1,0.6927456713812008,0.6927456713812008,True,0.4625056010492007,0.2890219095804547,2,0.6927456713812008,0.6927456713812008,0.6927456713812008,True,0.4625056010492007,48.765310312992945,49.236794241440144
diffdock_smina,7ZL5_IWE,/home/manndo/master_dev/posebusters_results/_benchmark_staging/diffdock/7ZL5_IWE_ligand__7ZL5_IWE_protein/optimized_smina/rank1_confidence0.29_smina.sdf,1,1,49.60386445091096,49.60386445091096,True,49.12436697055091,0.997197316838888,2,49.603864450910955,49.603864450910955,0.6556502673251023,False,49.12436697055091,0.34332604205493056,0.6556502673251023
autodock,7ZOC_T8E,/home/manndo/master_dev/posebusters_results/benchmark/dock/converted_pdbqt/7ZOC_T8E_protein__7ZOC_T8E_ligand_vina_out_model1.sdf,1,1,1.6673456350339202,1.6673456350339202,True,0.5615060066958795,0.7331516666856555,1,1.6673456350339202,1.6673456350339202,1.6673456350339202,True,0.5615060066958795,,
diffdock_smina,7ZOC_T8E,/home/manndo/master_dev/posebusters_results/_benchmark_staging/diffdock/7ZOC_T8E_ligand__7ZOC_T8E_protein/optimized_smina/rank1_confidence0.50_smina.sdf,1,1,1.146821857133879,1.1468218571338789,True,0.3819052330385368,0.9673009476835902,1,1.146821857133879,1.146821857133879,1.146821857133879,True,0.3819052330385368,,
autodock,7ZCC_OGA,/home/manndo/master_dev/posebusters_results/benchmark/dock/converted_pdbqt/7ZCC_OGA_protein__7ZCC_OGA_ligand_vina_out_model1.sdf,1,1,0.8849816947259421,0.8849816947259421,True,0.6134998777506175,0.5786685747033862,4,0.8849816947259421,0.8849816947259421,0.8849816947259421,True,0.6134998777506175,40.37421650038549,40.46264521011942
diffdock_smina,7ZCC_OGA,/home/manndo/master_dev/posebusters_results/_benchmark_staging/diffdock/7ZCC_OGA_ligand__7ZCC_OGA_protein/optimized_smina/rank1_confidence0.50_smina.sdf,1,1,40.04932907846272,40.033340152615295,True,39.92798125982456,0.6198692713494237,4,40.04932907846272,40.04932907846272,2.637718103778339,False,39.92798125982456,1.299013055708062,2.637718103778339
autodock,7ZDY_6MJ,/home/manndo/master_dev/posebusters_results/benchmark/dock/converted_pdbqt/7ZDY_6MJ_protein__7ZDY_6MJ_ligand_vina_out_model1.sdf,1,1,2.543820230212104,2.543820230212104,True,0.8834453731118471,1.0121219286583971,2,2.543820230212104,2.543820230212104,2.543820230212104,True,0.8834453731118471,48.081986386718285,48.205462325342346
diffdock_smina,7ZDY_6MJ,/home/manndo/master_dev/posebusters_results/_benchmark_staging/diffdock/7ZDY_6MJ_ligand__7ZDY_6MJ_protein/optimized_smina/rank1_confidence-0.50_smina.sdf,1,1,49.45844492008142,49.45844492008142,True,49.29272865010341,0.8993401455898804,2,49.45844492008142,49.45844492008142,4.597291916691034,False,49.29272865010341,4.432054217024495,4.597291916691034
autodock,7ZF0_DHR,/home/manndo/master_dev/posebusters_results/benchmark/dock/converted_pdbqt/7ZF0_DHR_protein__7ZF0_DHR_ligand_vina_out_model1.sdf,1,1,4.088202038682887,4.088202038682887,True,3.301422845024998,0.6622443258413648,1,4.088202038682887,4.088202038682887,4.088202038682887,True,3.301422845024998,,
diffdock_smina,7ZF0_DHR,/home/manndo/master_dev/posebusters_results/_benchmark_staging/diffdock/7ZF0_DHR_ligand__7ZF0_DHR_protein/optimized_smina/rank1_confidence-0.77_smina.sdf,1,1,24.34860775426203,24.34860775426203,True,24.16628251078161,0.1838825933509523,1,24.34860775426203,24.34860775426203,24.34860775426203,True,24.16628251078161,,
diffdock_smina,7ZHP_IQY,/home/manndo/master_dev/posebusters_results/_benchmark_staging/diffdock/7ZHP_IQY_ligand__7ZHP_IQY_protein/optimized_smina/rank1_confidence0.54_smina.sdf,1,1,0.5911104293020292,0.5911104293020291,True,0.1638410880280006,0.5474161624700901,1,0.5911104293020292,0.5911104293020292,0.5911104293020292,True,0.16384108802800068,,
autodock,7ZHP_IQY,/home/manndo/master_dev/posebusters_results/benchmark/dock/converted_pdbqt/7ZHP_IQY_protein__7ZHP_IQY_ligand_vina_out_model1.sdf,1,1,0.3856137484101967,0.3856137484101967,True,0.1659194897891928,0.1412117493794301,1,0.3856137484101967,0.3856137484101967,0.3856137484101967,True,0.1659194897891928,,
autodock,8AAU_LH0,/home/manndo/master_dev/posebusters_results/benchmark/dock/converted_pdbqt/8AAU_LH0_protein__8AAU_LH0_ligand_vina_out_model1.sdf,1,1,2.622696011811199,2.622696011811199,True,1.893212094738821,1.1157567568007822,1,2.622696011811199,2.622696011811199,2.622696011811199,True,1.8932120947388207,,
diffdock_smina,8AAU_LH0,/home/manndo/master_dev/posebusters_results/_benchmark_staging/diffdock/8AAU_LH0_ligand__8AAU_LH0_protein/optimized_smina/rank1_confidence0.27_smina.sdf,1,1,0.7067025467830363,0.7067025467830362,True,0.2938299833612642,0.4784607806387633,1,0.7067025467830363,0.7067025467830363,0.7067025467830363,True,0.2938299833612642,,
autodock,8AEM_LVF,/home/manndo/master_dev/posebusters_results/benchmark/dock/converted_pdbqt/8AEM_LVF_protein__8AEM_LVF_ligand_vina_out_model1.sdf,1,1,0.4484608721462323,0.4484608721462323,True,0.2443323350292141,0.0890010305894958,1,0.4484608721462323,0.4484608721462323,0.4484608721462323,True,0.24433233502921414,,
diffdock_smina,8AEM_LVF,/home/manndo/master_dev/posebusters_results/_benchmark_staging/diffdock/8AEM_LVF_ligand__8AEM_LVF_protein/optimized_smina/rank1_confidence0.67_smina.sdf,1,1,15.434931648947856,15.434931648947858,False,15.066504894805815,0.851231978588497,1,15.434931648947856,15.434931648947856,15.434931648947856,True,15.066504894805815,,
autodock,7ZXV_45D,/home/manndo/master_dev/posebusters_results/benchmark/dock/converted_pdbqt/7ZXV_45D_protein__7ZXV_45D_ligand_vina_out_model1.sdf,1,1,1.8519380389203088,1.8519380389203093,True,0.3675449630815537,1.8106445958644055,1,1.8519380389203088,1.8519380389203088,1.8519380389203088,True,0.36754496308155377,,
diffdock_smina,7ZXV_45D,/home/manndo/master_dev/posebusters_results/_benchmark_staging/diffdock/7ZXV_45D_ligand__7ZXV_45D_protein/optimized_smina/rank1_confidence-0.43_smina.sdf,1,1,0.977609469938935,0.977609469938935,True,0.3209632236051791,0.9151970646713488,1,0.977609469938935,0.977609469938935,0.977609469938935,True,0.32096322360517915,,
autodock,7ZZW_KKW,/home/manndo/master_dev/posebusters_results/benchmark/dock/converted_pdbqt/7ZZW_KKW_protein__7ZZW_KKW_ligand_vina_out_model1.sdf,1,1,10.26668802486956,10.26668802486956,True,6.429556990025862,2.0710676765190223,3,10.26668802486956,10.26668802486956,10.26668802486956,True,6.429556990025862,48.79421575182769,49.307493421910266
diffdock_smina,7ZZW_KKW,/home/manndo/master_dev/posebusters_results/_benchmark_staging/diffdock/7ZZW_KKW_ligand__7ZZW_KKW_protein/optimized_smina/rank1_confidence-0.24_smina.sdf,1,1,54.87282027548667,54.87282027548668,True,54.09186392236726,1.666056337007405,3,54.87282027548667,54.87282027548667,2.2232298901559324,False,54.09186392236726,0.9801400957581101,2.2232298901559324
autodock,8AIE_M7L,/home/manndo/master_dev/posebusters_results/benchmark/dock/converted_pdbqt/8AIE_M7L_protein__8AIE_M7L_ligand_vina_out_model1.sdf,1,1,6.2920706517772444,6.215416244062543,True,1.2087788249456797,2.1110220254941603,1,6.2920706517772444,6.2920706517772444,6.2920706517772444,True,1.2087788249456795,,
diffdock_smina,8AIE_M7L,/home/manndo/master_dev/posebusters_results/_benchmark_staging/diffdock/8AIE_M7L_ligand__8AIE_M7L_protein/optimized_smina/rank1_confidence-0.60_smina.sdf,1,1,5.52965069979462,5.4922725256966025,True,0.463277847402765,1.893397820552436,1,5.52965069979462,5.52965069979462,5.52965069979462,True,0.463277847402765,,
autodock,8AP0_PRP,/home/manndo/master_dev/posebusters_results/benchmark/dock/converted_pdbqt/8AP0_PRP_protein__8AP0_PRP_ligand_vina_out_model1.sdf,1,1,3.2555858431038462,3.068974110498342,True,0.8678454584022589,2.628168295803935,1,3.2555858431038462,3.2555858431038462,3.2555858431038462,True,0.8678454584022589,,
diffdock_smina,8AP0_PRP,/home/manndo/master_dev/posebusters_results/_benchmark_staging/diffdock/8AP0_PRP_ligand__8AP0_PRP_protein/optimized_smina/rank1_confidence-1.14_smina.sdf,1,1,6.000658040733382,5.926519204082919,True,3.096265931604533,1.7519421161856037,1,6.000658040733382,6.000658040733382,6.000658040733382,True,3.096265931604533,,
autodock,8A1H_DLZ,/home/manndo/master_dev/posebusters_results/benchmark/dock/converted_pdbqt/8A1H_DLZ_protein__8A1H_DLZ_ligand_vina_out_model1.sdf,1,1,0.7553023868969128,0.7553023868969128,True,0.1989070752252735,0.7185192138596005,1,0.7553023868969128,0.7553023868969128,0.7553023868969128,True,0.19890707522527357,,
diffdock_smina,8A1H_DLZ,/home/manndo/master_dev/posebusters_results/_benchmark_staging/diffdock/8A1H_DLZ_ligand__8A1H_DLZ_protein/optimized_smina/rank1_confidence0.32_smina.sdf,1,1,1.2136401105047927,1.2136401105047927,True,0.370329700573244,1.1045659281801972,1,1.2136401105047927,1.2136401105047927,1.2136401105047927,True,0.370329700573244,,
autodock,8A2D_KXY,/home/manndo/master_dev/posebusters_results/benchmark/dock/converted_pdbqt/8A2D_KXY_protein__8A2D_KXY_ligand_vina_out_model1.sdf,1,1,2.071872154475221,2.071872154475221,True,0.7107165231369612,1.6743995265838147,1,2.0718721544752214,2.0718721544752214,2.0718721544752214,True,0.7107165231369612,,
diffdock_smina,8A2D_KXY,/home/manndo/master_dev/posebusters_results/_benchmark_staging/diffdock/8A2D_KXY_ligand__8A2D_KXY_protein/optimized_smina/rank1_confidence-1.46_smina.sdf,1,1,15.06148516144299,15.061485161442988,False,8.692107850498758,1.7471361507075318,1,15.06148516144299,15.06148516144299,15.06148516144299,True,8.692107850498758,,
autodock,8AY3_OE3,/home/manndo/master_dev/posebusters_results/benchmark/dock/converted_pdbqt/8AY3_OE3_protein__8AY3_OE3_ligand_vina_out_model1.sdf,1,1,0.3569779825143283,0.3569779825143283,True,0.2495842751456954,0.2157486202384748,1,0.35697798251432833,0.35697798251432833,0.35697798251432833,True,0.2495842751456954,,
diffdock_smina,8AY3_OE3,/home/manndo/master_dev/posebusters_results/_benchmark_staging/diffdock/8AY3_OE3_ligand__8AY3_OE3_protein/optimized_smina/rank1_confidence-0.17_smina.sdf,1,1,0.636963943092542,0.6369639430925421,True,0.1292218241629478,0.5427093298041653,1,0.636963943092542,0.636963943092542,0.636963943092542,True,0.12922182416294786,,
autodock,8B8H_OJQ,/home/manndo/master_dev/posebusters_results/benchmark/dock/converted_pdbqt/8B8H_OJQ_protein__8B8H_OJQ_ligand_vina_out_model1.sdf,1,1,2.131644766158495,2.1316447661584954,True,1.6992239775947895,0.9993820908591708,1,2.131644766158495,2.131644766158495,2.131644766158495,True,1.6992239775947895,,
diffdock_smina,8B8H_OJQ,/home/manndo/master_dev/posebusters_results/_benchmark_staging/diffdock/8B8H_OJQ_ligand__8B8H_OJQ_protein/optimized_smina/rank1_confidence-0.07_smina.sdf,1,1,37.94056012831722,37.93372860356119,True,37.38264970704689,0.5701944368622878,1,37.94056012831722,37.94056012831722,37.94056012831722,True,37.38264970704689,,
autodock,8BOM_QU6,/home/manndo/master_dev/posebusters_results/benchmark/dock/converted_pdbqt/8BOM_QU6_protein__8BOM_QU6_ligand_vina_out_model1.sdf,1,1,1.1277662878451362,1.1277662878451362,True,0.4343309995186254,0.8393148391107912,1,1.1277662878451362,1.1277662878451362,1.1277662878451362,True,0.4343309995186254,,
diffdock_smina,8BOM_QU6,/home/manndo/master_dev/posebusters_results/_benchmark_staging/diffdock/8BOM_QU6_ligand__8BOM_QU6_protein/optimized_smina/rank1_confidence0.29_smina.sdf,1,1,1.8711045904949912,1.8711045904949912,True,0.8870281884115615,1.485705729190741,1,1.8711045904949912,1.8711045904949912,1.8711045904949912,True,0.8870281884115615,,
autodock,8BTI_RFO,/home/manndo/master_dev/posebusters_results/benchmark/dock/converted_pdbqt/8BTI_RFO_protein__8BTI_RFO_ligand_vina_out_model1.sdf,1,1,5.437883926675892,5.437883926675891,False,2.076752265758561,0.7473613714834839,1,5.437883926675892,5.437883926675892,5.437883926675892,True,2.076752265758561,,
diffdock_smina,8BTI_RFO,/home/manndo/master_dev/posebusters_results/_benchmark_staging/diffdock/8BTI_RFO_ligand__8BTI_RFO_protein/optimized_smina/rank1_confidence-0.15_smina.sdf,1,1,2.389578296966503,2.389578296966503,True,0.1886578544467462,0.3268403613605625,1,2.389578296966503,2.389578296966503,2.389578296966503,True,0.18865785444674624,,
autodock,8AQL_PLG,/home/manndo/master_dev/posebusters_results/benchmark/dock/converted_pdbqt/8AQL_PLG_protein__8AQL_PLG_ligand_vina_out_model1.sdf,1,1,0.8042452051457935,0.3992842972118985,True,0.1908630988431146,0.2608014078112545,4,0.8042452051457935,0.8042452051457935,0.8042452051457935,True,0.19086309884311464,25.89815391861938,26.708077496330578
diffdock_smina,8AQL_PLG,/home/manndo/master_dev/posebusters_results/_benchmark_staging/diffdock/8AQL_PLG_ligand__8AQL_PLG_protein/optimized_smina/rank1_confidence0.26_smina.sdf,1,1,26.697617383654293,26.697617383654293,True,25.894490201916497,0.2903119635894707,4,26.697617383654293,26.697617383654293,1.1445121205124917,False,25.894490201916497,0.16086186978274797,1.1445121205124917
autodock,8AUH_L9I,/home/manndo/master_dev/posebusters_results/benchmark/dock/converted_pdbqt/8AUH_L9I_protein__8AUH_L9I_ligand_vina_out_model1.sdf,1,1,1.1256365068060583,1.1256365068060583,True,0.4219205302948597,1.0251528726708856,2,1.1256365068060583,1.1256365068060583,1.1256365068060583,True,0.42192053029485976,44.937556247209024,45.063547451450056
diffdock_smina,8AUH_L9I,/home/manndo/master_dev/posebusters_results/_benchmark_staging/diffdock/8AUH_L9I_ligand__8AUH_L9I_protein/optimized_smina/rank1_confidence-0.44_smina.sdf,1,1,40.5564193533807,40.5564193533807,False,40.49542897002427,1.292035625160166,2,40.5564193533807,40.5564193533807,5.9841088927258,False,40.49542897002427,4.570746917659003,5.9841088927258
autodock,8C3N_ADP,/home/manndo/master_dev/posebusters_results/benchmark/dock/converted_pdbqt/8C3N_ADP_protein__8C3N_ADP_ligand_vina_out_model1.sdf,1,1,1.80409544380844,1.6736352981193698,True,1.1303962777964072,0.7801824838533199,1,1.8040954438084398,1.8040954438084398,1.8040954438084398,True,1.1303962777964072,,
diffdock_smina,8C3N_ADP,/home/manndo/master_dev/posebusters_results/_benchmark_staging/diffdock/8C3N_ADP_ligand__8C3N_ADP_protein/optimized_smina/rank1_confidence-0.69_smina.sdf,1,1,1.194089456447883,0.9977191657494126,True,0.8193394590793042,0.5510557310015987,1,1.194089456447883,1.194089456447883,1.194089456447883,True,0.8193394590793042,,
autodock,8C5M_MTA,/home/manndo/master_dev/posebusters_results/benchmark/dock/converted_pdbqt/8C5M_MTA_protein__8C5M_MTA_ligand_vina_out_model1.sdf,1,1,3.0456385291101107,3.045638529110111,True,1.027438478693477,0.8433072079130631,1,3.0456385291101107,3.0456385291101107,3.0456385291101107,True,1.027438478693477,,
diffdock_smina,8C5M_MTA,/home/manndo/master_dev/posebusters_results/_benchmark_staging/diffdock/8C5M_MTA_ligand__8C5M_MTA_protein/optimized_smina/rank1_confidence0.02_smina.sdf,1,1,1.2070992024270415,1.2070992024270415,True,0.6580808917412833,0.9134552694677353,1,1.2070992024270417,1.2070992024270417,1.2070992024270417,True,0.6580808917412833,,
autodock,8CNH_V6U,/home/manndo/master_dev/posebusters_results/benchmark/dock/converted_pdbqt/8CNH_V6U_protein__8CNH_V6U_ligand_vina_out_model1.sdf,1,1,0.8280932073142492,0.8280932073142491,True,0.1789839456487657,0.8012199050254377,1,0.8280932073142492,0.8280932073142492,0.8280932073142492,True,0.1789839456487657,,
diffdock_smina,8CNH_V6U,/home/manndo/master_dev/posebusters_results/_benchmark_staging/diffdock/8CNH_V6U_ligand__8CNH_V6U_protein/optimized_smina/rank1_confidence-0.31_smina.sdf,1,1,0.2667500950327851,0.2667500950327851,True,0.1438005384690758,0.206875078192689,1,0.26675009503278513,0.26675009503278513,0.26675009503278513,True,0.14380053846907587,,
autodock,8CSD_C5P,/home/manndo/master_dev/posebusters_results/benchmark/dock/converted_pdbqt/8CSD_C5P_protein__8CSD_C5P_ligand_vina_out_model1.sdf,1,1,1.1547468698088486,0.9772934686211328,True,0.3040630789968859,0.844349616139545,2,1.1547468698088486,1.1547468698088486,1.1547468698088486,True,0.3040630789968859,57.005187925442065,57.2229290844151
diffdock_smina,8CSD_C5P,/home/manndo/master_dev/posebusters_results/_benchmark_staging/diffdock/8CSD_C5P_ligand__8CSD_C5P_protein/optimized_smina/rank1_confidence-0.01_smina.sdf,1,1,57.06218108142663,57.06218108142664,True,56.84387659607653,0.7808148950843758,2,57.06218108142663,57.06218108142663,1.161153206740527,False,56.84387659607653,0.3983645815312803,1.161153206740527
autodock,8D19_GSH,/home/manndo/master_dev/posebusters_results/benchmark/dock/converted_pdbqt/8D19_GSH_protein__8D19_GSH_ligand_vina_out_model1.sdf,1,1,7.367628115614957,7.359043127336596,True,6.42157856157659,2.515868747367347,2,7.367628115614957,7.367628115614957,7.367628115614957,True,6.42157856157659,36.5450591787043,36.77404392910847
diffdock_smina,8D19_GSH,/home/manndo/master_dev/posebusters_results/_benchmark_staging/diffdock/8D19_GSH_ligand__8D19_GSH_protein/optimized_smina/rank1_confidence-0.64_smina.sdf,1,1,38.70197362791722,38.697574472258594,True,38.37349690259608,0.8226157375292826,2,38.70197362791722,38.70197362791722,1.4547405150060269,False,38.37349690259608,0.5805261906666952,1.4547405150060269
autodock,8D39_QDB,/home/manndo/master_dev/posebusters_results/benchmark/dock/converted_pdbqt/8D39_QDB_protein__8D39_QDB_ligand_vina_out_model1.sdf,1,1,0.5594687080562396,0.5594687080562396,True,0.2366248326331907,0.2857152780399031,1,0.5594687080562396,0.5594687080562396,0.5594687080562396,True,0.23662483263319078,,
diffdock_smina,8D39_QDB,/home/manndo/master_dev/posebusters_results/_benchmark_staging/diffdock/8D39_QDB_ligand__8D39_QDB_protein/optimized_smina/rank1_confidence-0.43_smina.sdf,1,1,25.810827604070717,25.80231581229962,True,25.187945053287,0.5387252299692336,1,25.810827604070713,25.810827604070713,25.810827604070713,True,25.187945053287,,
autodock,8DKO_TFB,/home/manndo/master_dev/posebusters_results/benchmark/dock/converted_pdbqt/8DKO_TFB_protein__8DKO_TFB_ligand_vina_out_model1.sdf,1,1,2.084013015794286,2.084013015794286,True,0.1917626299621468,0.5745788096984267,2,2.084013015794286,2.084013015794286,2.084013015794286,True,0.19176262996214682,27.010025601906136,27.107205995362193
diffdock_smina,8DKO_TFB,/home/manndo/master_dev/posebusters_results/_benchmark_staging/diffdock/8DKO_TFB_ligand__8DKO_TFB_protein/optimized_smina/rank1_confidence-0.08_smina.sdf,1,1,29.192342672330184,29.18309662499424,False,29.1491196004726,0.1909145237983991,2,29.192342672330184,29.192342672330184,3.855418634694552,False,29.1491196004726,2.5114962319862735,3.855418634694552
autodock,8DP2_UMA,/home/manndo/master_dev/posebusters_results/benchmark/dock/converted_pdbqt/8DP2_UMA_protein__8DP2_UMA_ligand_vina_out_model1.sdf,1,1,1.1288211839375282,1.1288211839375282,True,0.2522244047550088,0.9827468276646214,1,1.1288211839375282,1.1288211839375282,1.1288211839375282,True,0.2522244047550088,,
diffdock_smina,8DP2_UMA,/home/manndo/master_dev/posebusters_results/_benchmark_staging/diffdock/8DP2_UMA_ligand__8DP2_UMA_protein/optimized_smina/rank1_confidence-1.62_smina.sdf,1,1,25.18854734718596,25.18209033574765,False,24.07032188464597,3.348247903166896,1,25.188547347185956,25.188547347185956,25.188547347185956,True,24.070321884645974,,
autodock,8D5D_5DK,/home/manndo/master_dev/posebusters_results/benchmark/dock/converted_pdbqt/8D5D_5DK_protein__8D5D_5DK_ligand_vina_out_model1.sdf,1,1,1.1492751338706204,0.7089613163975509,True,0.4678701962204868,0.6575918343969985,2,1.1492751338706204,1.1492751338706204,1.1492751338706204,True,0.46787019622048687,31.280592231032916,32.629505324226166
diffdock_smina,8D5D_5DK,/home/manndo/master_dev/posebusters_results/_benchmark_staging/diffdock/8D5D_5DK_ligand__8D5D_5DK_protein/optimized_smina/rank1_confidence-0.52_smina.sdf,1,1,32.785670802863,32.77716137474837,True,31.57960460976249,0.6906436954845917,2,32.785670802863,32.785670802863,0.9879422203452692,False,31.579604609762495,0.23297693844532327,0.9879422203452692
autodock,8DHG_T78,/home/manndo/master_dev/posebusters_results/benchmark/dock/converted_pdbqt/8DHG_T78_protein__8DHG_T78_ligand_vina_out_model1.sdf,1,1,0.6159678794965111,0.6159678794965111,True,0.4142737387431706,0.426853694586652,1,0.6159678794965111,0.6159678794965111,0.6159678794965111,True,0.4142737387431706,,
diffdock_smina,8DHG_T78,/home/manndo/master_dev/posebusters_results/_benchmark_staging/diffdock/8DHG_T78_ligand__8DHG_T78_protein/optimized_smina/rank1_confidence-0.23_smina.sdf,1,1,1.9628534737541088,1.9628534737541088,True,0.7162733861267454,1.8258305407355897,1,1.9628534737541088,1.9628534737541088,1.9628534737541088,True,0.7162733861267454,,
autodock,8EYE_X4I,/home/manndo/master_dev/posebusters_results/benchmark/dock/converted_pdbqt/8EYE_X4I_protein__8EYE_X4I_ligand_vina_out_model1.sdf,1,1,0.9754968275735504,0.9754968275735504,True,0.2292071414294832,0.8472663122111873,1,0.9754968275735503,0.9754968275735503,0.9754968275735503,True,0.22920714142948323,,
diffdock_smina,8EYE_X4I,/home/manndo/master_dev/posebusters_results/_benchmark_staging/diffdock/8EYE_X4I_ligand__8EYE_X4I_protein/optimized_smina/rank1_confidence-0.58_smina.sdf,1,1,7.679985613504517,7.679985613504518,False,0.8028239035264608,1.592726017905028,1,7.679985613504517,7.679985613504517,7.679985613504517,True,0.8028239035264608,,
autodock,8F8E_XJI,/home/manndo/master_dev/posebusters_results/benchmark/dock/converted_pdbqt/8F8E_XJI_protein__8F8E_XJI_ligand_vina_out_model1.sdf,1,1,1.04326787646748,1.0432678764674803,True,0.1130919569435771,0.8559985331956254,2,1.04326787646748,1.04326787646748,1.04326787646748,True,0.1130919569435771,43.4293900002692,44.015456530475824
diffdock_smina,8F8E_XJI,/home/manndo/master_dev/posebusters_results/_benchmark_staging/diffdock/8F8E_XJI_ligand__8F8E_XJI_protein/optimized_smina/rank1_confidence-0.99_smina.sdf,1,1,40.595668044607066,40.59566804460706,True,40.09947588203136,2.7875197409579755,2,40.595668044607066,40.595668044607066,21.741427154445702,False,40.099475882031356,21.552981575958704,21.741427154445702
autodock,8FAV_4Y5,/home/manndo/master_dev/posebusters_results/benchmark/dock/converted_pdbqt/8FAV_4Y5_protein__8FAV_4Y5_ligand_vina_out_model1.sdf,1,1,0.6436426403563149,0.3391261050870534,True,0.1709246366237459,0.2795573771963528,2,0.6436426403563149,0.6436426403563149,0.6436426403563149,True,0.17092463662374596,70.47306988169343,70.8414362654479
diffdock_smina,8FAV_4Y5,/home/manndo/master_dev/posebusters_results/_benchmark_staging/diffdock/8FAV_4Y5_ligand__8FAV_4Y5_protein/optimized_smina/rank1_confidence0.59_smina.sdf,1,1,70.92562561752254,70.92458586974298,True,70.55908642239385,0.2400828022112754,2,70.92562561752254,70.92562561752254,0.37810006772297877,False,70.55908642239385,0.21389558084290902,0.37810006772297877
autodock,8FLV_ZB9,/home/manndo/master_dev/posebusters_results/benchmark/dock/converted_pdbqt/8FLV_ZB9_protein__8FLV_ZB9_ligand_vina_out_model1.sdf,1,1,0.914584397794788,0.914584397794788,True,0.2566341682510538,0.8339651872122814,1,0.9145843977947881,0.9145843977947881,0.9145843977947881,True,0.25663416825105384,,
diffdock_smina,8FLV_ZB9,/home/manndo/master_dev/posebusters_results/_benchmark_staging/diffdock/8FLV_ZB9_ligand__8FLV_ZB9_protein/optimized_smina/rank1_confidence0.27_smina.sdf,1,1,2.378181174836103,2.3781811748361026,True,0.325562432372308,2.286340281075563,1,2.378181174836103,2.378181174836103,2.378181174836103,True,0.32556243237230803,,
autodock,8G6P_API,/home/manndo/master_dev/posebusters_results/benchmark/dock/converted_pdbqt/8G6P_API_protein__8G6P_API_ligand_vina_out_model1.sdf,1,1,3.4845519742914526,3.468108174162436,True,2.357187389778879,1.1137584387115498,1,3.4845519742914526,3.4845519742914526,3.4845519742914526,True,2.357187389778879,,
diffdock_smina,8G6P_API,/home/manndo/master_dev/posebusters_results/_benchmark_staging/diffdock/8G6P_API_ligand__8G6P_API_protein/optimized_smina/rank1_confidence-0.64_smina.sdf,1,1,37.42351007876445,37.414464144642906,True,37.34927198402515,1.6235302563949936,1,37.42351007876445,37.42351007876445,37.42351007876445,True,37.34927198402515,,
autodock,8GFD_ZHR,/home/manndo/master_dev/posebusters_results/benchmark/dock/converted_pdbqt/8GFD_ZHR_protein__8GFD_ZHR_ligand_vina_out_model1.sdf,1,1,7.5621949779555,7.5621949779554996,True,5.339033069190086,2.9454076844036963,1,7.5621949779555,7.5621949779555,7.5621949779555,True,5.339033069190086,,
diffdock_smina,8GFD_ZHR,/home/manndo/master_dev/posebusters_results/_benchmark_staging/diffdock/8GFD_ZHR_ligand__8GFD_ZHR_protein/optimized_smina/rank1_confidence-1.20_smina.sdf,1,1,17.05697386537925,17.05697386537925,True,15.710506902517132,2.401267666390729,1,17.05697386537925,17.05697386537925,17.05697386537925,True,15.710506902517132,,
autodock,8SLG_G5A,/home/manndo/master_dev/posebusters_results/benchmark/dock/converted_pdbqt/8SLG_G5A_protein__8SLG_G5A_ligand_vina_out_model1.sdf,1,1,1.5801389179436085,1.5801389179436085,True,0.4582755908258477,1.3982142200284384,2,1.5801389179436083,1.5801389179436083,1.5801389179436083,True,0.4582755908258477,30.4550071611641,31.40112020117895
diffdock_smina,8SLG_G5A,/home/manndo/master_dev/posebusters_results/_benchmark_staging/diffdock/8SLG_G5A_ligand__8SLG_G5A_protein/optimized_smina/rank1_confidence-0.11_smina.sdf,1,1,2.2725634058709345,2.2725634058709345,True,0.6673435636932111,1.925386933415204,2,2.2725634058709345,2.2725634058709345,2.2725634058709345,True,0.6673435636932111,30.690919957528315,31.506520545759578
autodock,8FO5_Y4U,/home/manndo/master_dev/posebusters_results/benchmark/dock/converted_pdbqt/8FO5_Y4U_protein__8FO5_Y4U_ligand_vina_out_model1.sdf,1,1,0.4865263429177718,0.4865263429177718,True,0.2520805193490665,0.3396772464006281,2,0.4865263429177718,0.4865263429177718,0.4865263429177718,True,0.25208051934906656,72.77108070171013,72.93322259235418
diffdock_smina,8FO5_Y4U,/home/manndo/master_dev/posebusters_results/_benchmark_staging/diffdock/8FO5_Y4U_ligand__8FO5_Y4U_protein/optimized_smina/rank1_confidence-1.96_smina.sdf,1,1,47.78154635955797,47.78154635955798,True,47.6880991120506,0.8554196673643067,2,47.78154635955797,47.78154635955797,34.764938738603064,False,47.6880991120506,34.34242716744422,34.764938738603064
autodock,8G0V_YHT,/home/manndo/master_dev/posebusters_results/benchmark/dock/converted_pdbqt/8G0V_YHT_protein__8G0V_YHT_ligand_vina_out_model1.sdf,1,1,6.940372554287535,6.906467373188922,True,0.9209137000280706,2.255542888992639,3,6.940372554287535,6.940372554287535,6.940372554287535,True,0.9209137000280706,65.43273923955813,65.6655289012783
diffdock_smina,8G0V_YHT,/home/manndo/master_dev/posebusters_results/_benchmark_staging/diffdock/8G0V_YHT_ligand__8G0V_YHT_protein/optimized_smina/rank1_confidence-0.18_smina.sdf,1,1,1.1155427563091636,0.907907066364089,True,0.4267381156680304,0.6808942708083502,3,1.1155427563091636,1.1155427563091636,1.1155427563091636,True,0.4267381156680304,64.9971551355263,65.25075771863908
autodock,8HFN_XGC,/home/manndo/master_dev/posebusters_results/benchmark/dock/converted_pdbqt/8HFN_XGC_protein__8HFN_XGC_ligand_vina_out_model1.sdf,1,1,0.5518282869999813,0.5518282869999812,True,0.2374748415037311,0.419664563324649,1,0.5518282869999813,0.5518282869999813,0.5518282869999813,True,0.23747484150373113,,
diffdock_smina,8HFN_XGC,/home/manndo/master_dev/posebusters_results/_benchmark_staging/diffdock/8HFN_XGC_ligand__8HFN_XGC_protein/optimized_smina/rank1_confidence-1.67_smina.sdf,1,1,13.336549537236634,13.336549537236635,True,12.13990137179785,2.5302129990786013,1,13.336549537236634,13.336549537236634,13.336549537236634,True,12.13990137179785,,
autodock,8HO0_3ZI,/home/manndo/master_dev/posebusters_results/benchmark/dock/converted_pdbqt/8HO0_3ZI_protein__8HO0_3ZI_ligand_vina_out_model1.sdf,1,1,6.630102635294981,6.630102635294981,True,0.99144121137858,2.031496785933966,1,6.630102635294981,6.630102635294981,6.630102635294981,True,0.9914412113785801,,
diffdock_smina,8HO0_3ZI,/home/manndo/master_dev/posebusters_results/_benchmark_staging/diffdock/8HO0_3ZI_ligand__8HO0_3ZI_protein/optimized_smina/rank1_confidence0.02_smina.sdf,1,1,7.680867017495781,7.680867017495782,False,7.054428577339853,1.784724458262674,1,7.680867017495781,7.680867017495781,7.680867017495781,True,7.054428577339853,,
autodock,8EX2_Q2Q,/home/manndo/master_dev/posebusters_results/benchmark/dock/converted_pdbqt/8EX2_Q2Q_protein__8EX2_Q2Q_ligand_vina_out_model1.sdf,1,1,0.7048658355700368,0.7048658355700369,True,0.5160340368802605,0.246929719748102,1,0.7048658355700368,0.7048658355700368,0.7048658355700368,True,0.5160340368802605,,
diffdock_smina,8EX2_Q2Q,/home/manndo/master_dev/posebusters_results/_benchmark_staging/diffdock/8EX2_Q2Q_ligand__8EX2_Q2Q_protein/optimized_smina/rank1_confidence0.47_smina.sdf,1,1,0.3879992084646961,0.3879992084646961,True,0.2801460450958397,0.1724407956562728,1,0.3879992084646961,0.3879992084646961,0.3879992084646961,True,0.28014604509583974,,
diffdock_smina,8EXL_799,/home/manndo/master_dev/posebusters_results/_benchmark_staging/diffdock/8EXL_799_ligand__8EXL_799_protein/optimized_smina/rank1_confidence0.42_smina.sdf,1,1,1.6741977899877905,1.6741977899877905,True,0.4161008183786258,1.4703738845019347,1,1.6741977899877905,1.6741977899877905,1.6741977899877905,True,0.41610081837862584,,
autodock,8EXL_799,/home/manndo/master_dev/posebusters_results/benchmark/dock/converted_pdbqt/8EXL_799_protein__8EXL_799_ligand_vina_out_model1.sdf,1,1,1.817591619181176,1.8175916191811765,True,0.5257521371222205,1.532351933544666,1,1.8175916191811758,1.8175916191811758,1.8175916191811758,True,0.5257521371222205,,
autodock,8DSC_NCA,/home/manndo/master_dev/posebusters_results/benchmark/dock/converted_pdbqt/8DSC_NCA_protein__8DSC_NCA_ligand_vina_out_model1.sdf,1,1,0.309242443543717,0.3092424435437169,True,0.2711230871671806,0.0544699145114069,2,0.309242443543717,0.309242443543717,0.309242443543717,True,0.27112308716718064,37.93673754919554,38.11644835675713
diffdock_smina,8DSC_NCA,/home/manndo/master_dev/posebusters_results/_benchmark_staging/diffdock/8DSC_NCA_ligand__8DSC_NCA_protein/optimized_smina/rank1_confidence-0.11_smina.sdf,1,1,3.612515968745944,3.612515968745944,True,0.8030161334725998,0.064333282024202,2,3.612515968745944,3.612515968745944,3.612515968745944,True,0.8030161334725998,37.05873271799379,37.073755947690124
autodock,8EAB_VN2,/home/manndo/master_dev/posebusters_results/benchmark/dock/converted_pdbqt/8EAB_VN2_protein__8EAB_VN2_ligand_vina_out_model1.sdf,1,1,0.6650982434718858,0.665098243471886,True,0.1773532983054571,0.6254094951605824,1,0.6650982434718858,0.6650982434718858,0.6650982434718858,True,0.17735329830545718,,
diffdock_smina,8EAB_VN2,/home/manndo/master_dev/posebusters_results/_benchmark_staging/diffdock/8EAB_VN2_ligand__8EAB_VN2_protein/optimized_smina/rank1_confidence0.10_smina.sdf,1,1,8.238923557066402,8.2389235570664,True,0.4632058334296759,1.8022494194273773,1,8.238923557066402,8.238923557066402,8.238923557066402,True,0.4632058334296759,,
