timestamp,combo_name,protein_name,ligand_name,status,error_reason,num_poses,elapsed_time_s,lig_molecular_weight,lig_heavy_atoms,lig_total_atoms,lig_rotatable_bonds,lig_num_rings,lig_aromatic_rings,lig_hbd,lig_hba,lig_tpsa,lig_logp,lig_formula,prot_num_residues,prot_num_atoms,prot_num_chains,search_depth,thread,num_modes,energy_range,gpu_model,best_affinity_kcal
2026-03-24T12:03:19.201638,007_ideal__Orai1WT-MDSnap-Fr300_cleaned,Orai1WT-MDSnap-Fr300_cleaned,007_ideal,failed,No output from any sub-box,0,0.1,,13,15,1.0,,,,,,,,223,21026,1,32,8000,10,3,NVIDIA A100-SXM4-80GB,
2026-03-24T12:03:19.240454,010_ideal__Orai1WT-MDSnap-Fr300_cleaned,Orai1WT-MDSnap-Fr300_cleaned,010_ideal,failed,No output from any sub-box,0,0.1,,8,9,1.0,,,,,,,,223,21026,1,32,8000,10,3,NVIDIA A100-SXM4-80GB,
2026-03-24T12:03:19.264283,05J_ideal__Orai1WT-MDSnap-Fr300_cleaned,Orai1WT-MDSnap-Fr300_cleaned,05J_ideal,failed,No output from any sub-box,0,0.1,,39,41,4.0,,,,,,,,223,21026,1,32,8000,10,3,NVIDIA A100-SXM4-80GB,
2026-03-24T12:03:19.288449,07J_ideal__Orai1WT-MDSnap-Fr300_cleaned,Orai1WT-MDSnap-Fr300_cleaned,07J_ideal,failed,No output from any sub-box,0,0.1,,38,40,4.0,,,,,,,,223,21026,1,32,8000,10,3,NVIDIA A100-SXM4-80GB,
2026-03-24T12:03:19.319410,08D_ideal__Orai1WT-MDSnap-Fr300_cleaned,Orai1WT-MDSnap-Fr300_cleaned,08D_ideal,failed,No output from any sub-box,0,0.1,,17,20,2.0,,,,,,,,223,21026,1,32,8000,10,3,NVIDIA A100-SXM4-80GB,
2026-03-24T12:03:19.345023,0A9_ideal__Orai1WT-MDSnap-Fr300_cleaned,Orai1WT-MDSnap-Fr300_cleaned,0A9_ideal,failed,No output from any sub-box,0,0.1,,13,15,2.0,,,,,,,,223,21026,1,32,8000,10,3,NVIDIA A100-SXM4-80GB,
2026-03-24T12:03:19.370157,0LI_ideal__Orai1WT-MDSnap-Fr300_cleaned,Orai1WT-MDSnap-Fr300_cleaned,0LI_ideal,failed,No output from any sub-box,0,0.1,,39,40,3.0,,,,,,,,223,21026,1,32,8000,10,3,NVIDIA A100-SXM4-80GB,
2026-03-24T12:03:19.394520,10A_ideal__Orai1WT-MDSnap-Fr300_cleaned,Orai1WT-MDSnap-Fr300_cleaned,10A_ideal,failed,No output from any sub-box,0,0.1,,23,23,9.0,,,,,,,,223,21026,1,32,8000,10,3,NVIDIA A100-SXM4-80GB,
2026-03-24T12:03:19.416843,11U_ideal__Orai1WT-MDSnap-Fr300_cleaned,Orai1WT-MDSnap-Fr300_cleaned,11U_ideal,failed,No output from any sub-box,0,0.1,,28,33,4.0,,,,,,,,223,21026,1,32,8000,10,3,NVIDIA A100-SXM4-80GB,
2026-03-24T12:03:19.445299,128_ideal__Orai1WT-MDSnap-Fr300_cleaned,Orai1WT-MDSnap-Fr300_cleaned,128_ideal,failed,No output from any sub-box,0,0.1,,46,53,8.0,,,,,,,,223,21026,1,32,8000,10,3,NVIDIA A100-SXM4-80GB,
2026-03-24T12:03:19.467611,138_ideal__Orai1WT-MDSnap-Fr300_cleaned,Orai1WT-MDSnap-Fr300_cleaned,138_ideal,failed,No output from any sub-box,0,0.1,,52,65,13.0,,,,,,,,223,21026,1,32,8000,10,3,NVIDIA A100-SXM4-80GB,
2026-03-24T12:03:19.490517,13X_ideal__Orai1WT-MDSnap-Fr300_cleaned,Orai1WT-MDSnap-Fr300_cleaned,13X_ideal,failed,No output from any sub-box,0,0.1,,9,12,1.0,,,,,,,,223,21026,1,32,8000,10,3,NVIDIA A100-SXM4-80GB,
2026-03-24T12:03:19.518683,140_ideal__Orai1WT-MDSnap-Fr300_cleaned,Orai1WT-MDSnap-Fr300_cleaned,140_ideal,failed,No output from any sub-box,0,0.1,,22,24,8.0,,,,,,,,223,21026,1,32,8000,10,3,NVIDIA A100-SXM4-80GB,
2026-03-24T12:03:19.542702,144_ideal__Orai1WT-MDSnap-Fr300_cleaned,Orai1WT-MDSnap-Fr300_cleaned,144_ideal,failed,No output from any sub-box,0,0.1,,8,11,3.0,,,,,,,,223,21026,1,32,8000,10,3,NVIDIA A100-SXM4-80GB,
2026-03-24T12:03:19.564591,146_ideal__Orai1WT-MDSnap-Fr300_cleaned,Orai1WT-MDSnap-Fr300_cleaned,146_ideal,failed,No output from any sub-box,0,0.1,,64,70,10.0,,,,,,,,223,21026,1,32,8000,10,3,NVIDIA A100-SXM4-80GB,
2026-03-24T12:03:19.586046,150_ideal__Orai1WT-MDSnap-Fr300_cleaned,Orai1WT-MDSnap-Fr300_cleaned,150_ideal,failed,No output from any sub-box,0,0.1,,10,14,1.0,,,,,,,,223,21026,1,32,8000,10,3,NVIDIA A100-SXM4-80GB,
2026-03-24T12:03:19.630788,152_ideal__Orai1WT-MDSnap-Fr300_cleaned,Orai1WT-MDSnap-Fr300_cleaned,152_ideal,failed,No output from any sub-box,0,0.1,,11,13,3.0,,,,,,,,223,21026,1,32,8000,10,3,NVIDIA A100-SXM4-80GB,
2026-03-24T12:03:19.654693,169_ideal__Orai1WT-MDSnap-Fr300_cleaned,Orai1WT-MDSnap-Fr300_cleaned,169_ideal,failed,No output from any sub-box,0,0.1,,30,37,5.0,,,,,,,,223,21026,1,32,8000,10,3,NVIDIA A100-SXM4-80GB,
2026-03-24T12:03:19.678525,16A_ideal__Orai1WT-MDSnap-Fr300_cleaned,Orai1WT-MDSnap-Fr300_cleaned,16A_ideal,failed,No output from any sub-box,0,0.1,,20,20,7.0,,,,,,,,223,21026,1,32,8000,10,3,NVIDIA A100-SXM4-80GB,
2026-03-24T12:03:19.701686,171_ideal__Orai1WT-MDSnap-Fr300_cleaned,Orai1WT-MDSnap-Fr300_cleaned,171_ideal,failed,No output from any sub-box,0,0.1,,13,15,2.0,,,,,,,,223,21026,1,32,8000,10,3,NVIDIA A100-SXM4-80GB,
2026-03-24T12:03:19.740397,173_ideal__Orai1WT-MDSnap-Fr300_cleaned,Orai1WT-MDSnap-Fr300_cleaned,173_ideal,failed,No output from any sub-box,0,0.1,,11,12,1.0,,,,,,,,223,21026,1,32,8000,10,3,NVIDIA A100-SXM4-80GB,
2026-03-24T12:03:19.764004,174_ideal__Orai1WT-MDSnap-Fr300_cleaned,Orai1WT-MDSnap-Fr300_cleaned,174_ideal,failed,No output from any sub-box,0,0.1,,10,11,1.0,,,,,,,,223,21026,1,32,8000,10,3,NVIDIA A100-SXM4-80GB,
2026-03-24T12:03:19.786954,178_ideal__Orai1WT-MDSnap-Fr300_cleaned,Orai1WT-MDSnap-Fr300_cleaned,178_ideal,failed,No output from any sub-box,0,0.1,,21,23,3.0,,,,,,,,223,21026,1,32,8000,10,3,NVIDIA A100-SXM4-80GB,
2026-03-24T12:03:19.816064,17F_ideal__Orai1WT-MDSnap-Fr300_cleaned,Orai1WT-MDSnap-Fr300_cleaned,17F_ideal,failed,No output from any sub-box,0,0.1,,54,58,22.0,,,,,,,,223,21026,1,32,8000,10,3,NVIDIA A100-SXM4-80GB,
2026-03-24T12:03:19.840694,1AL_ideal__Orai1WT-MDSnap-Fr300_cleaned,Orai1WT-MDSnap-Fr300_cleaned,1AL_ideal,failed,No output from any sub-box,0,0.1,,12,18,1.0,,,,,,,,223,21026,1,32,8000,10,3,NVIDIA A100-SXM4-80GB,
2026-03-24T12:03:19.864296,1BN_ideal__Orai1WT-MDSnap-Fr300_cleaned,Orai1WT-MDSnap-Fr300_cleaned,1BN_ideal,failed,No output from any sub-box,0,0.1,,12,12,1.0,,,,,,,,223,21026,1,32,8000,10,3,NVIDIA A100-SXM4-80GB,
2026-03-24T12:03:19.887871,1CM_ideal__Orai1WT-MDSnap-Fr300_cleaned,Orai1WT-MDSnap-Fr300_cleaned,1CM_ideal,failed,No output from any sub-box,0,0.1,,18,19,2.0,,,,,,,,223,21026,1,32,8000,10,3,NVIDIA A100-SXM4-80GB,
2026-03-24T12:03:19.915865,1CY_ideal__Orai1WT-MDSnap-Fr300_cleaned,Orai1WT-MDSnap-Fr300_cleaned,1CY_ideal,failed,No output from any sub-box,0,0.1,,17,21,0.0,,,,,,,,223,21026,1,32,8000,10,3,NVIDIA A100-SXM4-80GB,
2026-03-24T12:03:19.939769,1JY_ideal__Orai1WT-MDSnap-Fr300_cleaned,Orai1WT-MDSnap-Fr300_cleaned,1JY_ideal,failed,No output from any sub-box,0,0.1,,47,54,9.0,,,,,,,,223,21026,1,32,8000,10,3,NVIDIA A100-SXM4-80GB,
2026-03-24T12:03:19.962552,1K5_ideal__Orai1WT-MDSnap-Fr300_cleaned,Orai1WT-MDSnap-Fr300_cleaned,1K5_ideal,failed,No output from any sub-box,0,0.1,,19,20,1.0,,,,,,,,223,21026,1,32,8000,10,3,NVIDIA A100-SXM4-80GB,
2026-03-24T12:03:19.986161,1L3_ideal__Orai1WT-MDSnap-Fr300_cleaned,Orai1WT-MDSnap-Fr300_cleaned,1L3_ideal,failed,No output from any sub-box,0,0.1,,33,33,5.0,,,,,,,,223,21026,1,32,8000,10,3,NVIDIA A100-SXM4-80GB,
2026-03-24T12:03:20.017049,1N1_ideal__Orai1WT-MDSnap-Fr300_cleaned,Orai1WT-MDSnap-Fr300_cleaned,1N1_ideal,failed,No output from any sub-box,0,0.1,,33,36,4.0,,,,,,,,223,21026,1,32,8000,10,3,NVIDIA A100-SXM4-80GB,
2026-03-24T12:03:20.040401,1OH_ideal__Orai1WT-MDSnap-Fr300_cleaned,Orai1WT-MDSnap-Fr300_cleaned,1OH_ideal,failed,No output from any sub-box,0,0.1,,16,17,1.0,,,,,,,,223,21026,1,32,8000,10,3,NVIDIA A100-SXM4-80GB,
2026-03-24T12:03:20.063930,1PC_ideal__Orai1WT-MDSnap-Fr300_cleaned,Orai1WT-MDSnap-Fr300_cleaned,1PC_ideal,failed,No output from any sub-box,0,0.1,,18,18,1.0,,,,,,,,223,21026,1,32,8000,10,3,NVIDIA A100-SXM4-80GB,
2026-03-24T12:03:20.086707,1VU_ideal__Orai1WT-MDSnap-Fr300_cleaned,Orai1WT-MDSnap-Fr300_cleaned,1VU_ideal,failed,No output from any sub-box,0,0.1,,52,62,14.0,,,,,,,,223,21026,1,32,8000,10,3,NVIDIA A100-SXM4-80GB,
2026-03-24T12:03:20.117566,1WE_ideal__Orai1WT-MDSnap-Fr300_cleaned,Orai1WT-MDSnap-Fr300_cleaned,1WE_ideal,failed,No output from any sub-box,0,0.1,,10,12,1.0,,,,,,,,223,21026,1,32,8000,10,3,NVIDIA A100-SXM4-80GB,
2026-03-24T12:03:20.141517,1XJ_ideal__Orai1WT-MDSnap-Fr300_cleaned,Orai1WT-MDSnap-Fr300_cleaned,1XJ_ideal,failed,No output from any sub-box,0,0.1,,65,67,8.0,,,,,,,,223,21026,1,32,8000,10,3,NVIDIA A100-SXM4-80GB,
2026-03-24T12:03:20.163971,201_ideal__Orai1WT-MDSnap-Fr300_cleaned,Orai1WT-MDSnap-Fr300_cleaned,201_ideal,failed,No output from any sub-box,0,0.1,,24,27,2.0,,,,,,,,223,21026,1,32,8000,10,3,NVIDIA A100-SXM4-80GB,
2026-03-24T12:03:20.186949,205_ideal__Orai1WT-MDSnap-Fr300_cleaned,Orai1WT-MDSnap-Fr300_cleaned,205_ideal,failed,No output from any sub-box,0,0.1,,20,21,1.0,,,,,,,,223,21026,1,32,8000,10,3,NVIDIA A100-SXM4-80GB,
2026-03-24T12:03:20.216223,210_ideal__Orai1WT-MDSnap-Fr300_cleaned,Orai1WT-MDSnap-Fr300_cleaned,210_ideal,failed,No output from any sub-box,0,0.1,,13,20,5.0,,,,,,,,223,21026,1,32,8000,10,3,NVIDIA A100-SXM4-80GB,
2026-03-24T12:03:20.238892,21B_ideal__Orai1WT-MDSnap-Fr300_cleaned,Orai1WT-MDSnap-Fr300_cleaned,21B_ideal,failed,No output from any sub-box,0,0.1,,22,23,3.0,,,,,,,,223,21026,1,32,8000,10,3,NVIDIA A100-SXM4-80GB,
2026-03-24T12:03:20.263583,21V_ideal__Orai1WT-MDSnap-Fr300_cleaned,Orai1WT-MDSnap-Fr300_cleaned,21V_ideal,failed,No output from any sub-box,0,0.1,,32,39,6.0,,,,,,,,223,21026,1,32,8000,10,3,NVIDIA A100-SXM4-80GB,
2026-03-24T12:03:20.287566,221_ideal__Orai1WT-MDSnap-Fr300_cleaned,Orai1WT-MDSnap-Fr300_cleaned,221_ideal,failed,No output from any sub-box,0,0.1,,23,27,3.0,,,,,,,,223,21026,1,32,8000,10,3,NVIDIA A100-SXM4-80GB,
2026-03-24T12:03:20.316330,22F_ideal__Orai1WT-MDSnap-Fr300_cleaned,Orai1WT-MDSnap-Fr300_cleaned,22F_ideal,failed,No output from any sub-box,0,0.1,,15,15,1.0,,,,,,,,223,21026,1,32,8000,10,3,NVIDIA A100-SXM4-80GB,
2026-03-24T12:03:20.340723,231_ideal__Orai1WT-MDSnap-Fr300_cleaned,Orai1WT-MDSnap-Fr300_cleaned,231_ideal,failed,No output from any sub-box,0,0.1,,11,12,0.0,,,,,,,,223,21026,1,32,8000,10,3,NVIDIA A100-SXM4-80GB,
2026-03-24T12:03:20.364678,23F_ideal__Orai1WT-MDSnap-Fr300_cleaned,Orai1WT-MDSnap-Fr300_cleaned,23F_ideal,failed,No output from any sub-box,0,0.1,,12,15,2.0,,,,,,,,223,21026,1,32,8000,10,3,NVIDIA A100-SXM4-80GB,
2026-03-24T12:03:20.388135,243_ideal__Orai1WT-MDSnap-Fr300_cleaned,Orai1WT-MDSnap-Fr300_cleaned,243_ideal,failed,No output from any sub-box,0,0.1,,21,23,8.0,,,,,,,,223,21026,1,32,8000,10,3,NVIDIA A100-SXM4-80GB,
2026-03-24T12:03:20.415777,251_ideal__Orai1WT-MDSnap-Fr300_cleaned,Orai1WT-MDSnap-Fr300_cleaned,251_ideal,failed,No output from any sub-box,0,0.1,,24,28,2.0,,,,,,,,223,21026,1,32,8000,10,3,NVIDIA A100-SXM4-80GB,
2026-03-24T12:03:20.439360,256_ideal__Orai1WT-MDSnap-Fr300_cleaned,Orai1WT-MDSnap-Fr300_cleaned,256_ideal,failed,No output from any sub-box,0,0.1,,14,16,2.0,,,,,,,,223,21026,1,32,8000,10,3,NVIDIA A100-SXM4-80GB,
2026-03-24T12:03:20.462577,268_ideal__Orai1WT-MDSnap-Fr300_cleaned,Orai1WT-MDSnap-Fr300_cleaned,268_ideal,failed,No output from any sub-box,0,0.1,,10,11,2.0,,,,,,,,223,21026,1,32,8000,10,3,NVIDIA A100-SXM4-80GB,
2026-03-24T12:03:20.489615,269_ideal__Orai1WT-MDSnap-Fr300_cleaned,Orai1WT-MDSnap-Fr300_cleaned,269_ideal,failed,No output from any sub-box,0,0.1,,11,12,2.0,,,,,,,,223,21026,1,32,8000,10,3,NVIDIA A100-SXM4-80GB,
2026-03-24T12:03:20.516087,26C_ideal__Orai1WT-MDSnap-Fr300_cleaned,Orai1WT-MDSnap-Fr300_cleaned,26C_ideal,failed,No output from any sub-box,0,0.1,,17,18,1.0,,,,,,,,223,21026,1,32,8000,10,3,NVIDIA A100-SXM4-80GB,
2026-03-24T12:03:20.538681,270_ideal__Orai1WT-MDSnap-Fr300_cleaned,Orai1WT-MDSnap-Fr300_cleaned,270_ideal,failed,No output from any sub-box,0,0.1,,10,12,0.0,,,,,,,,223,21026,1,32,8000,10,3,NVIDIA A100-SXM4-80GB,
2026-03-24T12:03:20.561084,276_ideal__Orai1WT-MDSnap-Fr300_cleaned,Orai1WT-MDSnap-Fr300_cleaned,276_ideal,failed,No output from any sub-box,0,0.1,,32,35,3.0,,,,,,,,223,21026,1,32,8000,10,3,NVIDIA A100-SXM4-80GB,
2026-03-24T12:03:20.585059,27U_ideal__Orai1WT-MDSnap-Fr300_cleaned,Orai1WT-MDSnap-Fr300_cleaned,27U_ideal,failed,No output from any sub-box,0,0.1,,28,32,4.0,,,,,,,,223,21026,1,32,8000,10,3,NVIDIA A100-SXM4-80GB,
2026-03-24T12:03:20.616469,283_ideal__Orai1WT-MDSnap-Fr300_cleaned,Orai1WT-MDSnap-Fr300_cleaned,283_ideal,failed,No output from any sub-box,0,0.1,,20,21,3.0,,,,,,,,223,21026,1,32,8000,10,3,NVIDIA A100-SXM4-80GB,
2026-03-24T12:03:20.640390,299_ideal__Orai1WT-MDSnap-Fr300_cleaned,Orai1WT-MDSnap-Fr300_cleaned,299_ideal,failed,No output from any sub-box,0,0.1,,16,18,3.0,,,,,,,,223,21026,1,32,8000,10,3,NVIDIA A100-SXM4-80GB,
2026-03-24T12:03:20.663902,2C7_ideal__Orai1WT-MDSnap-Fr300_cleaned,Orai1WT-MDSnap-Fr300_cleaned,2C7_ideal,failed,No output from any sub-box,0,0.1,,26,28,5.0,,,,,,,,223,21026,1,32,8000,10,3,NVIDIA A100-SXM4-80GB,
2026-03-24T12:03:20.686552,2CP_ideal__Orai1WT-MDSnap-Fr300_cleaned,Orai1WT-MDSnap-Fr300_cleaned,2CP_ideal,failed,No output from any sub-box,0,0.1,,54,65,15.0,,,,,,,,223,21026,1,32,8000,10,3,NVIDIA A100-SXM4-80GB,
2026-03-24T12:03:20.780962,2ED_ideal__Orai1WT-MDSnap-Fr300_cleaned,Orai1WT-MDSnap-Fr300_cleaned,2ED_ideal,failed,No output from any sub-box,0,0.1,,24,27,9.0,,,,,,,,223,21026,1,32,8000,10,3,NVIDIA A100-SXM4-80GB,
2026-03-24T12:03:20.816602,2H3_ideal__Orai1WT-MDSnap-Fr300_cleaned,Orai1WT-MDSnap-Fr300_cleaned,2H3_ideal,failed,No output from any sub-box,0,0.1,,12,18,3.0,,,,,,,,223,21026,1,32,8000,10,3,NVIDIA A100-SXM4-80GB,
2026-03-24T12:03:20.840331,2HA_ideal__Orai1WT-MDSnap-Fr300_cleaned,Orai1WT-MDSnap-Fr300_cleaned,2HA_ideal,failed,No output from any sub-box,0,0.1,,6,8,2.0,,,,,,,,223,21026,1,32,8000,10,3,NVIDIA A100-SXM4-80GB,
2026-03-24T12:03:20.864394,2HP_ideal__Orai1WT-MDSnap-Fr300_cleaned,Orai1WT-MDSnap-Fr300_cleaned,2HP_ideal,failed,No output from any sub-box,0,0.1,,5,7,1.0,,,,,,,,223,21026,1,32,8000,10,3,NVIDIA A100-SXM4-80GB,
2026-03-24T12:03:20.886396,2I4_ideal__Orai1WT-MDSnap-Fr300_cleaned,Orai1WT-MDSnap-Fr300_cleaned,2I4_ideal,failed,No output from any sub-box,0,0.1,,42,44,4.0,,,,,,,,223,21026,1,32,8000,10,3,NVIDIA A100-SXM4-80GB,
2026-03-24T12:03:20.916982,2MC_ideal__Orai1WT-MDSnap-Fr300_cleaned,Orai1WT-MDSnap-Fr300_cleaned,2MC_ideal,failed,No output from any sub-box,0,0.1,,53,63,14.0,,,,,,,,223,21026,1,32,8000,10,3,NVIDIA A100-SXM4-80GB,
2026-03-24T12:03:20.940827,2OH_ideal__Orai1WT-MDSnap-Fr300_cleaned,Orai1WT-MDSnap-Fr300_cleaned,2OH_ideal,failed,No output from any sub-box,0,0.1,,17,19,2.0,,,,,,,,223,21026,1,32,8000,10,3,NVIDIA A100-SXM4-80GB,
2026-03-24T12:03:20.964814,2RD_ideal__Orai1WT-MDSnap-Fr300_cleaned,Orai1WT-MDSnap-Fr300_cleaned,2RD_ideal,failed,No output from any sub-box,0,0.1,,21,23,7.0,,,,,,,,223,21026,1,32,8000,10,3,NVIDIA A100-SXM4-80GB,
2026-03-24T12:03:20.988904,2S8_ideal__Orai1WT-MDSnap-Fr300_cleaned,Orai1WT-MDSnap-Fr300_cleaned,2S8_ideal,failed,No output from any sub-box,0,0.1,,27,30,6.0,,,,,,,,223,21026,1,32,8000,10,3,NVIDIA A100-SXM4-80GB,
2026-03-24T12:03:21.016626,2TA_ideal__Orai1WT-MDSnap-Fr300_cleaned,Orai1WT-MDSnap-Fr300_cleaned,2TA_ideal,failed,No output from any sub-box,0,0.1,,37,40,5.0,,,,,,,,223,21026,1,32,8000,10,3,NVIDIA A100-SXM4-80GB,
2026-03-24T12:03:21.039778,2YB_ideal__Orai1WT-MDSnap-Fr300_cleaned,Orai1WT-MDSnap-Fr300_cleaned,2YB_ideal,failed,No output from any sub-box,0,0.1,,37,38,6.0,,,,,,,,223,21026,1,32,8000,10,3,NVIDIA A100-SXM4-80GB,
2026-03-24T12:03:21.062587,30B_ideal__Orai1WT-MDSnap-Fr300_cleaned,Orai1WT-MDSnap-Fr300_cleaned,30B_ideal,failed,No output from any sub-box,0,0.1,,54,56,8.0,,,,,,,,223,21026,1,32,8000,10,3,NVIDIA A100-SXM4-80GB,
2026-03-24T12:03:21.086504,328_ideal__Orai1WT-MDSnap-Fr300_cleaned,Orai1WT-MDSnap-Fr300_cleaned,328_ideal,failed,No output from any sub-box,0,0.1,,25,26,2.0,,,,,,,,223,21026,1,32,8000,10,3,NVIDIA A100-SXM4-80GB,
2026-03-24T12:03:21.115868,32U_ideal__Orai1WT-MDSnap-Fr300_cleaned,Orai1WT-MDSnap-Fr300_cleaned,32U_ideal,failed,No output from any sub-box,0,0.1,,29,36,4.0,,,,,,,,223,21026,1,32,8000,10,3,NVIDIA A100-SXM4-80GB,
2026-03-24T12:03:21.139053,347_ideal__Orai1WT-MDSnap-Fr300_cleaned,Orai1WT-MDSnap-Fr300_cleaned,347_ideal,failed,No output from any sub-box,0,0.1,,32,35,5.0,,,,,,,,223,21026,1,32,8000,10,3,NVIDIA A100-SXM4-80GB,
2026-03-24T12:03:21.161544,34W_ideal__Orai1WT-MDSnap-Fr300_cleaned,Orai1WT-MDSnap-Fr300_cleaned,34W_ideal,failed,No output from any sub-box,0,0.1,,34,37,4.0,,,,,,,,223,21026,1,32,8000,10,3,NVIDIA A100-SXM4-80GB,
2026-03-24T12:03:21.185025,36M_ideal__Orai1WT-MDSnap-Fr300_cleaned,Orai1WT-MDSnap-Fr300_cleaned,36M_ideal,failed,No output from any sub-box,0,0.1,,13,14,2.0,,,,,,,,223,21026,1,32,8000,10,3,NVIDIA A100-SXM4-80GB,
2026-03-24T12:03:21.216022,385_ideal__Orai1WT-MDSnap-Fr300_cleaned,Orai1WT-MDSnap-Fr300_cleaned,385_ideal,failed,No output from any sub-box,0,0.1,,48,50,8.0,,,,,,,,223,21026,1,32,8000,10,3,NVIDIA A100-SXM4-80GB,
2026-03-24T12:03:21.239466,38P_ideal__Orai1WT-MDSnap-Fr300_cleaned,Orai1WT-MDSnap-Fr300_cleaned,38P_ideal,failed,No output from any sub-box,0,0.1,,30,33,3.0,,,,,,,,223,21026,1,32,8000,10,3,NVIDIA A100-SXM4-80GB,
2026-03-24T12:03:21.264281,3B9_ideal__Orai1WT-MDSnap-Fr300_cleaned,Orai1WT-MDSnap-Fr300_cleaned,3B9_ideal,failed,No output from any sub-box,0,0.1,,32,37,4.0,,,,,,,,223,21026,1,32,8000,10,3,NVIDIA A100-SXM4-80GB,
2026-03-24T12:03:21.287772,3CB_ideal__Orai1WT-MDSnap-Fr300_cleaned,Orai1WT-MDSnap-Fr300_cleaned,3CB_ideal,failed,No output from any sub-box,0,0.1,,41,51,8.0,,,,,,,,223,21026,1,32,8000,10,3,NVIDIA A100-SXM4-80GB,
2026-03-24T12:03:21.315995,3FG_ideal__Orai1WT-MDSnap-Fr300_cleaned,Orai1WT-MDSnap-Fr300_cleaned,3FG_ideal,failed,No output from any sub-box,0,0.1,,13,18,3.0,,,,,,,,223,21026,1,32,8000,10,3,NVIDIA A100-SXM4-80GB,
2026-03-24T12:03:21.340552,3G3_ideal__Orai1WT-MDSnap-Fr300_cleaned,Orai1WT-MDSnap-Fr300_cleaned,3G3_ideal,failed,No output from any sub-box,0,0.1,,18,19,1.0,,,,,,,,223,21026,1,32,8000,10,3,NVIDIA A100-SXM4-80GB,
2026-03-24T12:03:21.364012,3H4_ideal__Orai1WT-MDSnap-Fr300_cleaned,Orai1WT-MDSnap-Fr300_cleaned,3H4_ideal,failed,No output from any sub-box,0,0.1,,41,45,8.0,,,,,,,,223,21026,1,32,8000,10,3,NVIDIA A100-SXM4-80GB,
2026-03-24T12:03:21.387586,3HC_ideal__Orai1WT-MDSnap-Fr300_cleaned,Orai1WT-MDSnap-Fr300_cleaned,3HC_ideal,failed,No output from any sub-box,0,0.1,,54,65,15.0,,,,,,,,223,21026,1,32,8000,10,3,NVIDIA A100-SXM4-80GB,
2026-03-24T12:03:21.416664,3HG_ideal__Orai1WT-MDSnap-Fr300_cleaned,Orai1WT-MDSnap-Fr300_cleaned,3HG_ideal,failed,No output from any sub-box,0,0.1,,10,13,3.0,,,,,,,,223,21026,1,32,8000,10,3,NVIDIA A100-SXM4-80GB,
2026-03-24T12:03:21.440463,3IM_ideal__Orai1WT-MDSnap-Fr300_cleaned,Orai1WT-MDSnap-Fr300_cleaned,3IM_ideal,failed,No output from any sub-box,0,0.1,,16,17,1.0,,,,,,,,223,21026,1,32,8000,10,3,NVIDIA A100-SXM4-80GB,
2026-03-24T12:03:21.465521,3IN_ideal__Orai1WT-MDSnap-Fr300_cleaned,Orai1WT-MDSnap-Fr300_cleaned,3IN_ideal,failed,No output from any sub-box,0,0.1,,51,55,7.0,,,,,,,,223,21026,1,32,8000,10,3,NVIDIA A100-SXM4-80GB,
2026-03-24T12:03:21.482520,3MI_ideal__Orai1WT-MDSnap-Fr300_cleaned,Orai1WT-MDSnap-Fr300_cleaned,3MI_ideal,failed,No output from any sub-box,0,0.1,,20,21,1.0,,,,,,,,223,21026,1,32,8000,10,3,NVIDIA A100-SXM4-80GB,
2026-03-24T12:03:21.498515,3N6_ideal__Orai1WT-MDSnap-Fr300_cleaned,Orai1WT-MDSnap-Fr300_cleaned,3N6_ideal,failed,No output from any sub-box,0,0.1,,54,60,7.0,,,,,,,,223,21026,1,32,8000,10,3,NVIDIA A100-SXM4-80GB,
2026-03-24T12:03:21.523597,3PC_ideal__Orai1WT-MDSnap-Fr300_cleaned,Orai1WT-MDSnap-Fr300_cleaned,3PC_ideal,failed,No output from any sub-box,0,0.1,,30,30,10.0,,,,,,,,223,21026,1,32,8000,10,3,NVIDIA A100-SXM4-80GB,
2026-03-24T12:03:21.556484,3PO_ideal__Orai1WT-MDSnap-Fr300_cleaned,Orai1WT-MDSnap-Fr300_cleaned,3PO_ideal,failed,No output from any sub-box,0,0.1,,13,18,4.0,,,,,,,,223,21026,1,32,8000,10,3,NVIDIA A100-SXM4-80GB,
2026-03-24T12:03:21.573088,3RL_ideal__Orai1WT-MDSnap-Fr300_cleaned,Orai1WT-MDSnap-Fr300_cleaned,3RL_ideal,failed,No output from any sub-box,0,0.1,,19,20,2.0,,,,,,,,223,21026,1,32,8000,10,3,NVIDIA A100-SXM4-80GB,
2026-03-24T12:03:21.586566,3SY_ideal__Orai1WT-MDSnap-Fr300_cleaned,Orai1WT-MDSnap-Fr300_cleaned,3SY_ideal,failed,No output from any sub-box,0,0.1,,9,13,4.0,,,,,,,,223,21026,1,32,8000,10,3,NVIDIA A100-SXM4-80GB,
2026-03-24T12:03:21.600747,3ZC_ideal__Orai1WT-MDSnap-Fr300_cleaned,Orai1WT-MDSnap-Fr300_cleaned,3ZC_ideal,failed,No output from any sub-box,0,0.1,,33,36,4.0,,,,,,,,223,21026,1,32,8000,10,3,NVIDIA A100-SXM4-80GB,
2026-03-24T12:03:21.628691,416_ideal__Orai1WT-MDSnap-Fr300_cleaned,Orai1WT-MDSnap-Fr300_cleaned,416_ideal,failed,No output from any sub-box,0,0.1,,22,23,2.0,,,,,,,,223,21026,1,32,8000,10,3,NVIDIA A100-SXM4-80GB,
2026-03-24T12:03:21.648979,41A_ideal__Orai1WT-MDSnap-Fr300_cleaned,Orai1WT-MDSnap-Fr300_cleaned,41A_ideal,failed,No output from any sub-box,0,0.1,,18,18,0.0,,,,,,,,223,21026,1,32,8000,10,3,NVIDIA A100-SXM4-80GB,
2026-03-24T12:03:21.668213,442_ideal__Orai1WT-MDSnap-Fr300_cleaned,Orai1WT-MDSnap-Fr300_cleaned,442_ideal,failed,No output from any sub-box,0,0.1,,31,36,6.0,,,,,,,,223,21026,1,32,8000,10,3,NVIDIA A100-SXM4-80GB,
2026-03-24T12:03:21.688542,44B_ideal__Orai1WT-MDSnap-Fr300_cleaned,Orai1WT-MDSnap-Fr300_cleaned,44B_ideal,failed,No output from any sub-box,0,0.1,,22,24,3.0,,,,,,,,223,21026,1,32,8000,10,3,NVIDIA A100-SXM4-80GB,
2026-03-24T12:03:21.716546,46U_ideal__Orai1WT-MDSnap-Fr300_cleaned,Orai1WT-MDSnap-Fr300_cleaned,46U_ideal,failed,No output from any sub-box,0,0.1,,28,32,4.0,,,,,,,,223,21026,1,32,8000,10,3,NVIDIA A100-SXM4-80GB,
2026-03-24T12:03:21.746809,4AZ_ideal__Orai1WT-MDSnap-Fr300_cleaned,Orai1WT-MDSnap-Fr300_cleaned,4AZ_ideal,failed,No output from any sub-box,0,0.1,,11,14,2.0,,,,,,,,223,21026,1,32,8000,10,3,NVIDIA A100-SXM4-80GB,
2026-03-24T12:03:21.769294,4BB_ideal__Orai1WT-MDSnap-Fr300_cleaned,Orai1WT-MDSnap-Fr300_cleaned,4BB_ideal,failed,No output from any sub-box,0,0.1,,25,28,3.0,,,,,,,,223,21026,1,32,8000,10,3,NVIDIA A100-SXM4-80GB,
2026-03-24T12:03:21.792781,4BR_ideal__Orai1WT-MDSnap-Fr300_cleaned,Orai1WT-MDSnap-Fr300_cleaned,4BR_ideal,failed,No output from any sub-box,0,0.1,,13,14,2.0,,,,,,,,223,21026,1,32,8000,10,3,NVIDIA A100-SXM4-80GB,
2026-03-24T12:03:21.834252,4CA_ideal__Orai1WT-MDSnap-Fr300_cleaned,Orai1WT-MDSnap-Fr300_cleaned,4CA_ideal,failed,No output from any sub-box,0,0.1,,56,67,14.0,,,,,,,,223,21026,1,32,8000,10,3,NVIDIA A100-SXM4-80GB,
2026-03-24T12:03:21.856432,4CB_ideal__Orai1WT-MDSnap-Fr300_cleaned,Orai1WT-MDSnap-Fr300_cleaned,4CB_ideal,failed,No output from any sub-box,0,0.1,,12,15,2.0,,,,,,,,223,21026,1,32,8000,10,3,NVIDIA A100-SXM4-80GB,
2026-03-24T12:03:21.880577,4CC_ideal__Orai1WT-MDSnap-Fr300_cleaned,Orai1WT-MDSnap-Fr300_cleaned,4CC_ideal,failed,No output from any sub-box,0,0.1,,35,40,5.0,,,,,,,,223,21026,1,32,8000,10,3,NVIDIA A100-SXM4-80GB,
2026-03-24T12:03:21.916967,4CH_ideal__Orai1WT-MDSnap-Fr300_cleaned,Orai1WT-MDSnap-Fr300_cleaned,4CH_ideal,failed,No output from any sub-box,0,0.1,,8,9,0.0,,,,,,,,223,21026,1,32,8000,10,3,NVIDIA A100-SXM4-80GB,
2026-03-24T12:03:21.940426,4CO_ideal__Orai1WT-MDSnap-Fr300_cleaned,Orai1WT-MDSnap-Fr300_cleaned,4CO_ideal,failed,No output from any sub-box,0,0.1,,58,69,15.0,,,,,,,,223,21026,1,32,8000,10,3,NVIDIA A100-SXM4-80GB,
2026-03-24T12:03:21.963812,4EA_ideal__Orai1WT-MDSnap-Fr300_cleaned,Orai1WT-MDSnap-Fr300_cleaned,4EA_ideal,failed,No output from any sub-box,0,0.1,,28,31,4.0,,,,,,,,223,21026,1,32,8000,10,3,NVIDIA A100-SXM4-80GB,
2026-03-24T12:03:21.985672,4FA_ideal__Orai1WT-MDSnap-Fr300_cleaned,Orai1WT-MDSnap-Fr300_cleaned,4FA_ideal,failed,No output from any sub-box,0,0.1,,10,11,1.0,,,,,,,,223,21026,1,32,8000,10,3,NVIDIA A100-SXM4-80GB,
2026-03-24T12:03:22.019402,4FC_ideal__Orai1WT-MDSnap-Fr300_cleaned,Orai1WT-MDSnap-Fr300_cleaned,4FC_ideal,failed,No output from any sub-box,0,0.1,,16,17,1.0,,,,,,,,223,21026,1,32,8000,10,3,NVIDIA A100-SXM4-80GB,
2026-03-24T12:03:22.043976,4FP_ideal__Orai1WT-MDSnap-Fr300_cleaned,Orai1WT-MDSnap-Fr300_cleaned,4FP_ideal,failed,No output from any sub-box,0,0.1,,14,15,1.0,,,,,,,,223,21026,1,32,8000,10,3,NVIDIA A100-SXM4-80GB,
2026-03-24T12:03:22.071429,4HD_ideal__Orai1WT-MDSnap-Fr300_cleaned,Orai1WT-MDSnap-Fr300_cleaned,4HD_ideal,failed,No output from any sub-box,0,0.1,,25,27,8.0,,,,,,,,223,21026,1,32,8000,10,3,NVIDIA A100-SXM4-80GB,
2026-03-24T12:03:22.094134,4IF_ideal__Orai1WT-MDSnap-Fr300_cleaned,Orai1WT-MDSnap-Fr300_cleaned,4IF_ideal,failed,No output from any sub-box,0,0.1,,20,21,8.0,,,,,,,,223,21026,1,32,8000,10,3,NVIDIA A100-SXM4-80GB,
2026-03-24T12:03:22.118476,4J8_ideal__Orai1WT-MDSnap-Fr300_cleaned,Orai1WT-MDSnap-Fr300_cleaned,4J8_ideal,failed,No output from any sub-box,0,0.1,,11,13,1.0,,,,,,,,223,21026,1,32,8000,10,3,NVIDIA A100-SXM4-80GB,
2026-03-24T12:03:22.140931,4KS_ideal__Orai1WT-MDSnap-Fr300_cleaned,Orai1WT-MDSnap-Fr300_cleaned,4KS_ideal,failed,No output from any sub-box,0,0.1,,9,10,1.0,,,,,,,,223,21026,1,32,8000,10,3,NVIDIA A100-SXM4-80GB,
2026-03-24T12:03:22.164803,4MB_ideal__Orai1WT-MDSnap-Fr300_cleaned,Orai1WT-MDSnap-Fr300_cleaned,4MB_ideal,failed,No output from any sub-box,0,0.1,,14,16,2.0,,,,,,,,223,21026,1,32,8000,10,3,NVIDIA A100-SXM4-80GB,
2026-03-24T12:03:22.189331,4ND_ideal__Orai1WT-MDSnap-Fr300_cleaned,Orai1WT-MDSnap-Fr300_cleaned,4ND_ideal,failed,No output from any sub-box,0,0.1,,20,25,1.0,,,,,,,,223,21026,1,32,8000,10,3,NVIDIA A100-SXM4-80GB,
2026-03-24T12:03:22.216495,4NL_ideal__Orai1WT-MDSnap-Fr300_cleaned,Orai1WT-MDSnap-Fr300_cleaned,4NL_ideal,failed,No output from any sub-box,0,0.1,,8,11,1.0,,,,,,,,223,21026,1,32,8000,10,3,NVIDIA A100-SXM4-80GB,
2026-03-24T12:03:22.238786,4NP_ideal__Orai1WT-MDSnap-Fr300_cleaned,Orai1WT-MDSnap-Fr300_cleaned,4NP_ideal,failed,No output from any sub-box,0,0.1,,14,16,2.0,,,,,,,,223,21026,1,32,8000,10,3,NVIDIA A100-SXM4-80GB,
2026-03-24T12:03:22.261842,4PG_ideal__Orai1WT-MDSnap-Fr300_cleaned,Orai1WT-MDSnap-Fr300_cleaned,4PG_ideal,failed,No output from any sub-box,0,0.1,,19,23,2.0,,,,,,,,223,21026,1,32,8000,10,3,NVIDIA A100-SXM4-80GB,
2026-03-24T12:03:22.285128,4PI_ideal__Orai1WT-MDSnap-Fr300_cleaned,Orai1WT-MDSnap-Fr300_cleaned,4PI_ideal,failed,No output from any sub-box,0,0.1,,22,22,1.0,,,,,,,,223,21026,1,32,8000,10,3,NVIDIA A100-SXM4-80GB,
2026-03-24T12:03:22.316860,4PN_ideal__Orai1WT-MDSnap-Fr300_cleaned,Orai1WT-MDSnap-Fr300_cleaned,4PN_ideal,failed,No output from any sub-box,0,0.1,,12,13,0.0,,,,,,,,223,21026,1,32,8000,10,3,NVIDIA A100-SXM4-80GB,
2026-03-24T12:03:22.340554,4SO_ideal__Orai1WT-MDSnap-Fr300_cleaned,Orai1WT-MDSnap-Fr300_cleaned,4SO_ideal,failed,No output from any sub-box,0,0.1,,13,16,2.0,,,,,,,,223,21026,1,32,8000,10,3,NVIDIA A100-SXM4-80GB,
2026-03-24T12:03:22.390885,4UH_ideal__Orai1WT-MDSnap-Fr300_cleaned,Orai1WT-MDSnap-Fr300_cleaned,4UH_ideal,failed,No output from any sub-box,0,0.1,,65,78,7.0,,,,,,,,223,21026,1,32,8000,10,3,NVIDIA A100-SXM4-80GB,
2026-03-24T12:03:22.416845,505_ideal__Orai1WT-MDSnap-Fr300_cleaned,Orai1WT-MDSnap-Fr300_cleaned,505_ideal,failed,No output from any sub-box,0,0.1,,13,15,2.0,,,,,,,,223,21026,1,32,8000,10,3,NVIDIA A100-SXM4-80GB,
2026-03-24T12:03:22.441094,50U_ideal__Orai1WT-MDSnap-Fr300_cleaned,Orai1WT-MDSnap-Fr300_cleaned,50U_ideal,failed,No output from any sub-box,0,0.1,,28,32,4.0,,,,,,,,223,21026,1,32,8000,10,3,NVIDIA A100-SXM4-80GB,
2026-03-24T12:03:22.464643,521_ideal__Orai1WT-MDSnap-Fr300_cleaned,Orai1WT-MDSnap-Fr300_cleaned,521_ideal,failed,No output from any sub-box,0,0.1,,20,21,1.0,,,,,,,,223,21026,1,32,8000,10,3,NVIDIA A100-SXM4-80GB,
2026-03-24T12:03:22.488912,54J_ideal__Orai1WT-MDSnap-Fr300_cleaned,Orai1WT-MDSnap-Fr300_cleaned,54J_ideal,failed,No output from any sub-box,0,0.1,,40,41,4.0,,,,,,,,223,21026,1,32,8000,10,3,NVIDIA A100-SXM4-80GB,
2026-03-24T12:03:22.517521,566_ideal__Orai1WT-MDSnap-Fr300_cleaned,Orai1WT-MDSnap-Fr300_cleaned,566_ideal,failed,No output from any sub-box,0,0.1,,21,22,1.0,,,,,,,,223,21026,1,32,8000,10,3,NVIDIA A100-SXM4-80GB,
2026-03-24T12:03:22.540691,570_ideal__Orai1WT-MDSnap-Fr300_cleaned,Orai1WT-MDSnap-Fr300_cleaned,570_ideal,failed,No output from any sub-box,0,0.1,,41,43,6.0,,,,,,,,223,21026,1,32,8000,10,3,NVIDIA A100-SXM4-80GB,
2026-03-24T12:03:22.564525,572_ideal__Orai1WT-MDSnap-Fr300_cleaned,Orai1WT-MDSnap-Fr300_cleaned,572_ideal,failed,No output from any sub-box,0,0.1,,20,21,2.0,,,,,,,,223,21026,1,32,8000,10,3,NVIDIA A100-SXM4-80GB,
2026-03-24T12:03:22.587513,587_ideal__Orai1WT-MDSnap-Fr300_cleaned,Orai1WT-MDSnap-Fr300_cleaned,587_ideal,failed,No output from any sub-box,0,0.1,,69,72,13.0,,,,,,,,223,21026,1,32,8000,10,3,NVIDIA A100-SXM4-80GB,
2026-03-24T12:03:22.616412,59U_ideal__Orai1WT-MDSnap-Fr300_cleaned,Orai1WT-MDSnap-Fr300_cleaned,59U_ideal,failed,No output from any sub-box,0,0.1,,37,38,3.0,,,,,,,,223,21026,1,32,8000,10,3,NVIDIA A100-SXM4-80GB,
2026-03-24T12:03:22.641836,5AN_ideal__Orai1WT-MDSnap-Fr300_cleaned,Orai1WT-MDSnap-Fr300_cleaned,5AN_ideal,failed,No output from any sub-box,0,0.1,,9,11,0.0,,,,,,,,223,21026,1,32,8000,10,3,NVIDIA A100-SXM4-80GB,
2026-03-24T12:03:22.664574,5B3_ideal__Orai1WT-MDSnap-Fr300_cleaned,Orai1WT-MDSnap-Fr300_cleaned,5B3_ideal,failed,No output from any sub-box,0,0.1,,24,28,2.0,,,,,,,,223,21026,1,32,8000,10,3,NVIDIA A100-SXM4-80GB,
2026-03-24T12:03:22.689404,5CB_ideal__Orai1WT-MDSnap-Fr300_cleaned,Orai1WT-MDSnap-Fr300_cleaned,5CB_ideal,failed,No output from any sub-box,0,0.1,,32,35,4.0,,,,,,,,223,21026,1,32,8000,10,3,NVIDIA A100-SXM4-80GB,
2026-03-24T12:03:22.721416,5D5_ideal__Orai1WT-MDSnap-Fr300_cleaned,Orai1WT-MDSnap-Fr300_cleaned,5D5_ideal,failed,No output from any sub-box,0,0.1,,34,38,5.0,,,,,,,,223,21026,1,32,8000,10,3,NVIDIA A100-SXM4-80GB,
2026-03-24T12:03:22.745473,5FA_ideal__Orai1WT-MDSnap-Fr300_cleaned,Orai1WT-MDSnap-Fr300_cleaned,5FA_ideal,failed,No output from any sub-box,0,0.1,,39,49,10.0,,,,,,,,223,21026,1,32,8000,10,3,NVIDIA A100-SXM4-80GB,
2026-03-24T12:03:22.775702,5MV_ideal__Orai1WT-MDSnap-Fr300_cleaned,Orai1WT-MDSnap-Fr300_cleaned,5MV_ideal,failed,No output from any sub-box,0,0.1,,41,43,5.0,,,,,,,,223,21026,1,32,8000,10,3,NVIDIA A100-SXM4-80GB,
2026-03-24T12:03:22.799680,5PI_ideal__Orai1WT-MDSnap-Fr300_cleaned,Orai1WT-MDSnap-Fr300_cleaned,5PI_ideal,failed,No output from any sub-box,0,0.1,,43,52,8.0,,,,,,,,223,21026,1,32,8000,10,3,NVIDIA A100-SXM4-80GB,
2026-03-24T12:03:22.834715,5X6_ideal__Orai1WT-MDSnap-Fr300_cleaned,Orai1WT-MDSnap-Fr300_cleaned,5X6_ideal,failed,No output from any sub-box,0,0.1,,42,44,6.0,,,,,,,,223,21026,1,32,8000,10,3,NVIDIA A100-SXM4-80GB,
2026-03-24T12:03:22.858004,5YM_ideal__Orai1WT-MDSnap-Fr300_cleaned,Orai1WT-MDSnap-Fr300_cleaned,5YM_ideal,failed,No output from any sub-box,0,0.1,,23,25,9.0,,,,,,,,223,21026,1,32,8000,10,3,NVIDIA A100-SXM4-80GB,
2026-03-24T12:03:22.881843,626_ideal__Orai1WT-MDSnap-Fr300_cleaned,Orai1WT-MDSnap-Fr300_cleaned,626_ideal,failed,No output from any sub-box,0,0.1,,32,34,3.0,,,,,,,,223,21026,1,32,8000,10,3,NVIDIA A100-SXM4-80GB,
2026-03-24T12:03:22.916244,63J_ideal__Orai1WT-MDSnap-Fr300_cleaned,Orai1WT-MDSnap-Fr300_cleaned,63J_ideal,failed,No output from any sub-box,0,0.1,,40,42,6.0,,,,,,,,223,21026,1,32,8000,10,3,NVIDIA A100-SXM4-80GB,
2026-03-24T12:03:22.940230,63K_ideal__Orai1WT-MDSnap-Fr300_cleaned,Orai1WT-MDSnap-Fr300_cleaned,63K_ideal,failed,No output from any sub-box,0,0.1,,38,40,3.0,,,,,,,,223,21026,1,32,8000,10,3,NVIDIA A100-SXM4-80GB,
2026-03-24T12:03:22.964206,641_ideal__Orai1WT-MDSnap-Fr300_cleaned,Orai1WT-MDSnap-Fr300_cleaned,641_ideal,failed,No output from any sub-box,0,0.1,,23,24,1.0,,,,,,,,223,21026,1,32,8000,10,3,NVIDIA A100-SXM4-80GB,
2026-03-24T12:03:22.987665,65C_ideal__Orai1WT-MDSnap-Fr300_cleaned,Orai1WT-MDSnap-Fr300_cleaned,65C_ideal,failed,No output from any sub-box,0,0.1,,32,35,3.0,,,,,,,,223,21026,1,32,8000,10,3,NVIDIA A100-SXM4-80GB,
2026-03-24T12:03:23.017634,66T_ideal__Orai1WT-MDSnap-Fr300_cleaned,Orai1WT-MDSnap-Fr300_cleaned,66T_ideal,failed,No output from any sub-box,0,0.1,,34,37,4.0,,,,,,,,223,21026,1,32,8000,10,3,NVIDIA A100-SXM4-80GB,
2026-03-24T12:03:23.040984,6BD_ideal__Orai1WT-MDSnap-Fr300_cleaned,Orai1WT-MDSnap-Fr300_cleaned,6BD_ideal,failed,No output from any sub-box,0,0.1,,21,22,2.0,,,,,,,,223,21026,1,32,8000,10,3,NVIDIA A100-SXM4-80GB,
2026-03-24T12:03:23.064067,6E2_ideal__Orai1WT-MDSnap-Fr300_cleaned,Orai1WT-MDSnap-Fr300_cleaned,6E2_ideal,failed,No output from any sub-box,0,0.1,,35,38,4.0,,,,,,,,223,21026,1,32,8000,10,3,NVIDIA A100-SXM4-80GB,
2026-03-24T12:03:23.085882,6EJ_ideal__Orai1WT-MDSnap-Fr300_cleaned,Orai1WT-MDSnap-Fr300_cleaned,6EJ_ideal,failed,No output from any sub-box,0,0.1,,33,34,2.0,,,,,,,,223,21026,1,32,8000,10,3,NVIDIA A100-SXM4-80GB,
2026-03-24T12:03:23.119234,6F6_ideal__Orai1WT-MDSnap-Fr300_cleaned,Orai1WT-MDSnap-Fr300_cleaned,6F6_ideal,failed,No output from any sub-box,0,0.1,,54,55,22.0,,,,,,,,223,21026,1,32,8000,10,3,NVIDIA A100-SXM4-80GB,
2026-03-24T12:03:23.142863,6FA_ideal__Orai1WT-MDSnap-Fr300_cleaned,Orai1WT-MDSnap-Fr300_cleaned,6FA_ideal,failed,No output from any sub-box,0,0.1,,54,65,11.0,,,,,,,,223,21026,1,32,8000,10,3,NVIDIA A100-SXM4-80GB,
2026-03-24T12:03:23.162699,6GY_ideal__Orai1WT-MDSnap-Fr300_cleaned,Orai1WT-MDSnap-Fr300_cleaned,6GY_ideal,failed,No output from any sub-box,0,0.1,,40,42,4.0,,,,,,,,223,21026,1,32,8000,10,3,NVIDIA A100-SXM4-80GB,
2026-03-24T12:03:23.184947,6K9_ideal__Orai1WT-MDSnap-Fr300_cleaned,Orai1WT-MDSnap-Fr300_cleaned,6K9_ideal,failed,No output from any sub-box,0,0.1,,54,57,8.0,,,,,,,,223,21026,1,32,8000,10,3,NVIDIA A100-SXM4-80GB,
2026-03-24T12:03:23.217948,6LH_ideal__Orai1WT-MDSnap-Fr300_cleaned,Orai1WT-MDSnap-Fr300_cleaned,6LH_ideal,failed,No output from any sub-box,0,0.1,,12,16,2.0,,,,,,,,223,21026,1,32,8000,10,3,NVIDIA A100-SXM4-80GB,
2026-03-24T12:03:23.240988,6LR_ideal__Orai1WT-MDSnap-Fr300_cleaned,Orai1WT-MDSnap-Fr300_cleaned,6LR_ideal,failed,No output from any sub-box,0,0.1,,6,7,,,,,,,,,223,21026,1,32,8000,10,3,NVIDIA A100-SXM4-80GB,
2026-03-24T12:03:23.265045,6SA_ideal__Orai1WT-MDSnap-Fr300_cleaned,Orai1WT-MDSnap-Fr300_cleaned,6SA_ideal,failed,No output from any sub-box,0,0.1,,66,86,17.0,,,,,,,,223,21026,1,32,8000,10,3,NVIDIA A100-SXM4-80GB,
2026-03-24T12:03:23.289951,6WT_ideal__Orai1WT-MDSnap-Fr300_cleaned,Orai1WT-MDSnap-Fr300_cleaned,6WT_ideal,failed,No output from any sub-box,0,0.1,,19,19,1.0,,,,,,,,223,21026,1,32,8000,10,3,NVIDIA A100-SXM4-80GB,
2026-03-24T12:03:23.316632,6ZV_ideal__Orai1WT-MDSnap-Fr300_cleaned,Orai1WT-MDSnap-Fr300_cleaned,6ZV_ideal,failed,No output from any sub-box,0,0.1,,37,38,3.0,,,,,,,,223,21026,1,32,8000,10,3,NVIDIA A100-SXM4-80GB,
2026-03-24T12:03:23.341577,710_ideal__Orai1WT-MDSnap-Fr300_cleaned,Orai1WT-MDSnap-Fr300_cleaned,710_ideal,failed,No output from any sub-box,0,0.1,,32,36,3.0,,,,,,,,223,21026,1,32,8000,10,3,NVIDIA A100-SXM4-80GB,
2026-03-24T12:03:23.365945,711_ideal__Orai1WT-MDSnap-Fr300_cleaned,Orai1WT-MDSnap-Fr300_cleaned,711_ideal,failed,No output from any sub-box,0,0.1,,34,39,2.0,,,,,,,,223,21026,1,32,8000,10,3,NVIDIA A100-SXM4-80GB,
2026-03-24T12:03:23.390202,740_ideal__Orai1WT-MDSnap-Fr300_cleaned,Orai1WT-MDSnap-Fr300_cleaned,740_ideal,failed,No output from any sub-box,0,0.1,,32,34,2.0,,,,,,,,223,21026,1,32,8000,10,3,NVIDIA A100-SXM4-80GB,
2026-03-24T12:03:23.416360,742_ideal__Orai1WT-MDSnap-Fr300_cleaned,Orai1WT-MDSnap-Fr300_cleaned,742_ideal,failed,No output from any sub-box,0,0.1,,25,29,9.0,,,,,,,,223,21026,1,32,8000,10,3,NVIDIA A100-SXM4-80GB,
2026-03-24T12:03:23.440932,74T_ideal__Orai1WT-MDSnap-Fr300_cleaned,Orai1WT-MDSnap-Fr300_cleaned,74T_ideal,failed,No output from any sub-box,0,0.1,,52,55,8.0,,,,,,,,223,21026,1,32,8000,10,3,NVIDIA A100-SXM4-80GB,
2026-03-24T12:03:23.465074,787_ideal__Orai1WT-MDSnap-Fr300_cleaned,Orai1WT-MDSnap-Fr300_cleaned,787_ideal,failed,No output from any sub-box,0,0.1,,15,19,3.0,,,,,,,,223,21026,1,32,8000,10,3,NVIDIA A100-SXM4-80GB,
2026-03-24T12:03:23.488600,791_ideal__Orai1WT-MDSnap-Fr300_cleaned,Orai1WT-MDSnap-Fr300_cleaned,791_ideal,failed,No output from any sub-box,0,0.1,,13,15,2.0,,,,,,,,223,21026,1,32,8000,10,3,NVIDIA A100-SXM4-80GB,
2026-03-24T12:03:23.533271,7AK_ideal__Orai1WT-MDSnap-Fr300_cleaned,Orai1WT-MDSnap-Fr300_cleaned,7AK_ideal,failed,No output from any sub-box,0,0.1,,42,48,10.0,,,,,,,,223,21026,1,32,8000,10,3,NVIDIA A100-SXM4-80GB,
2026-03-24T12:03:23.557082,7BD_ideal__Orai1WT-MDSnap-Fr300_cleaned,Orai1WT-MDSnap-Fr300_cleaned,7BD_ideal,failed,No output from any sub-box,0,0.1,,20,21,2.0,,,,,,,,223,21026,1,32,8000,10,3,NVIDIA A100-SXM4-80GB,
2026-03-24T12:03:23.580059,7I4_ideal__Orai1WT-MDSnap-Fr300_cleaned,Orai1WT-MDSnap-Fr300_cleaned,7I4_ideal,failed,No output from any sub-box,0,0.1,,30,31,4.0,,,,,,,,223,21026,1,32,8000,10,3,NVIDIA A100-SXM4-80GB,
2026-03-24T12:03:23.617559,7IX_ideal__Orai1WT-MDSnap-Fr300_cleaned,Orai1WT-MDSnap-Fr300_cleaned,7IX_ideal,failed,No output from any sub-box,0,0.1,,40,42,5.0,,,,,,,,223,21026,1,32,8000,10,3,NVIDIA A100-SXM4-80GB,
2026-03-24T12:03:23.640601,7N8_ideal__Orai1WT-MDSnap-Fr300_cleaned,Orai1WT-MDSnap-Fr300_cleaned,7N8_ideal,failed,No output from any sub-box,0,0.1,,15,20,4.0,,,,,,,,223,21026,1,32,8000,10,3,NVIDIA A100-SXM4-80GB,
2026-03-24T12:03:23.665019,7RU_ideal__Orai1WT-MDSnap-Fr300_cleaned,Orai1WT-MDSnap-Fr300_cleaned,7RU_ideal,failed,No output from any sub-box,0,0.1,,28,29,2.0,,,,,,,,223,21026,1,32,8000,10,3,NVIDIA A100-SXM4-80GB,
2026-03-24T12:03:23.688327,7T1_ideal__Orai1WT-MDSnap-Fr300_cleaned,Orai1WT-MDSnap-Fr300_cleaned,7T1_ideal,failed,No output from any sub-box,0,0.1,,30,31,4.0,,,,,,,,223,21026,1,32,8000,10,3,NVIDIA A100-SXM4-80GB,
2026-03-24T12:03:23.716440,7TB_ideal__Orai1WT-MDSnap-Fr300_cleaned,Orai1WT-MDSnap-Fr300_cleaned,7TB_ideal,failed,No output from any sub-box,0,0.1,,35,36,8.0,,,,,,,,223,21026,1,32,8000,10,3,NVIDIA A100-SXM4-80GB,
2026-03-24T12:03:23.740445,7TI_ideal__Orai1WT-MDSnap-Fr300_cleaned,Orai1WT-MDSnap-Fr300_cleaned,7TI_ideal,failed,No output from any sub-box,0,0.1,,20,26,3.0,,,,,,,,223,21026,1,32,8000,10,3,NVIDIA A100-SXM4-80GB,
2026-03-24T12:03:23.765699,7X1_ideal__Orai1WT-MDSnap-Fr300_cleaned,Orai1WT-MDSnap-Fr300_cleaned,7X1_ideal,failed,No output from any sub-box,0,0.1,,33,34,4.0,,,,,,,,223,21026,1,32,8000,10,3,NVIDIA A100-SXM4-80GB,
2026-03-24T12:03:23.789147,7Y5_ideal__Orai1WT-MDSnap-Fr300_cleaned,Orai1WT-MDSnap-Fr300_cleaned,7Y5_ideal,failed,No output from any sub-box,0,0.1,,43,46,7.0,,,,,,,,223,21026,1,32,8000,10,3,NVIDIA A100-SXM4-80GB,
2026-03-24T12:03:23.816347,80G_ideal__Orai1WT-MDSnap-Fr300_cleaned,Orai1WT-MDSnap-Fr300_cleaned,80G_ideal,failed,No output from any sub-box,0,0.1,,13,15,1.0,,,,,,,,223,21026,1,32,8000,10,3,NVIDIA A100-SXM4-80GB,
2026-03-24T12:03:23.838889,80I_ideal__Orai1WT-MDSnap-Fr300_cleaned,Orai1WT-MDSnap-Fr300_cleaned,80I_ideal,failed,No output from any sub-box,0,0.1,,38,44,7.0,,,,,,,,223,21026,1,32,8000,10,3,NVIDIA A100-SXM4-80GB,
2026-03-24T12:03:23.864531,88Z_ideal__Orai1WT-MDSnap-Fr300_cleaned,Orai1WT-MDSnap-Fr300_cleaned,88Z_ideal,failed,No output from any sub-box,0,0.1,,46,48,6.0,,,,,,,,223,21026,1,32,8000,10,3,NVIDIA A100-SXM4-80GB,
2026-03-24T12:03:23.887896,8DZ_ideal__Orai1WT-MDSnap-Fr300_cleaned,Orai1WT-MDSnap-Fr300_cleaned,8DZ_ideal,failed,No output from any sub-box,0,0.1,,45,45,12.0,,,,,,,,223,21026,1,32,8000,10,3,NVIDIA A100-SXM4-80GB,
2026-03-24T12:03:23.915910,8I2_ideal__Orai1WT-MDSnap-Fr300_cleaned,Orai1WT-MDSnap-Fr300_cleaned,8I2_ideal,failed,No output from any sub-box,0,0.1,,82,82,18.0,,,,,,,,223,21026,1,32,8000,10,3,NVIDIA A100-SXM4-80GB,
2026-03-24T12:03:23.938751,8JC_ideal__Orai1WT-MDSnap-Fr300_cleaned,Orai1WT-MDSnap-Fr300_cleaned,8JC_ideal,failed,No output from any sub-box,0,0.1,,40,43,4.0,,,,,,,,223,21026,1,32,8000,10,3,NVIDIA A100-SXM4-80GB,
2026-03-24T12:03:23.962626,8PP_ideal__Orai1WT-MDSnap-Fr300_cleaned,Orai1WT-MDSnap-Fr300_cleaned,8PP_ideal,failed,No output from any sub-box,0,0.1,,47,48,12.0,,,,,,,,223,21026,1,32,8000,10,3,NVIDIA A100-SXM4-80GB,
2026-03-24T12:03:23.984318,8QW_ideal__Orai1WT-MDSnap-Fr300_cleaned,Orai1WT-MDSnap-Fr300_cleaned,8QW_ideal,failed,No output from any sub-box,0,0.1,,40,42,4.0,,,,,,,,223,21026,1,32,8000,10,3,NVIDIA A100-SXM4-80GB,
2026-03-24T12:03:24.017827,8RC_ideal__Orai1WT-MDSnap-Fr300_cleaned,Orai1WT-MDSnap-Fr300_cleaned,8RC_ideal,failed,No output from any sub-box,0,0.1,,41,44,5.0,,,,,,,,223,21026,1,32,8000,10,3,NVIDIA A100-SXM4-80GB,
2026-03-24T12:03:24.040758,8VP_ideal__Orai1WT-MDSnap-Fr300_cleaned,Orai1WT-MDSnap-Fr300_cleaned,8VP_ideal,failed,No output from any sub-box,0,0.1,,32,32,3.0,,,,,,,,223,21026,1,32,8000,10,3,NVIDIA A100-SXM4-80GB,
2026-03-24T12:03:24.063638,8X7_ideal__Orai1WT-MDSnap-Fr300_cleaned,Orai1WT-MDSnap-Fr300_cleaned,8X7_ideal,failed,No output from any sub-box,0,0.1,,37,39,4.0,,,,,,,,223,21026,1,32,8000,10,3,NVIDIA A100-SXM4-80GB,
2026-03-24T12:03:24.085943,8XJ_ideal__Orai1WT-MDSnap-Fr300_cleaned,Orai1WT-MDSnap-Fr300_cleaned,8XJ_ideal,failed,No output from any sub-box,0,0.1,,40,42,3.0,,,,,,,,223,21026,1,32,8000,10,3,NVIDIA A100-SXM4-80GB,
2026-03-24T12:03:24.116491,911_ideal__Orai1WT-MDSnap-Fr300_cleaned,Orai1WT-MDSnap-Fr300_cleaned,911_ideal,failed,No output from any sub-box,0,0.1,,11,16,3.0,,,,,,,,223,21026,1,32,8000,10,3,NVIDIA A100-SXM4-80GB,
2026-03-24T12:03:24.141561,919_ideal__Orai1WT-MDSnap-Fr300_cleaned,Orai1WT-MDSnap-Fr300_cleaned,919_ideal,failed,No output from any sub-box,0,0.1,,41,44,3.0,,,,,,,,223,21026,1,32,8000,10,3,NVIDIA A100-SXM4-80GB,
2026-03-24T12:03:24.165367,92G_ideal__Orai1WT-MDSnap-Fr300_cleaned,Orai1WT-MDSnap-Fr300_cleaned,92G_ideal,failed,No output from any sub-box,0,0.1,,13,16,1.0,,,,,,,,223,21026,1,32,8000,10,3,NVIDIA A100-SXM4-80GB,
2026-03-24T12:03:24.189570,949_ideal__Orai1WT-MDSnap-Fr300_cleaned,Orai1WT-MDSnap-Fr300_cleaned,949_ideal,failed,No output from any sub-box,0,0.1,,25,27,2.0,,,,,,,,223,21026,1,32,8000,10,3,NVIDIA A100-SXM4-80GB,
2026-03-24T12:03:24.235138,964_ideal__Orai1WT-MDSnap-Fr300_cleaned,Orai1WT-MDSnap-Fr300_cleaned,964_ideal,failed,No output from any sub-box,0,0.1,,31,35,6.0,,,,,,,,223,21026,1,32,8000,10,3,NVIDIA A100-SXM4-80GB,
2026-03-24T12:03:24.260484,96Q_ideal__Orai1WT-MDSnap-Fr300_cleaned,Orai1WT-MDSnap-Fr300_cleaned,96Q_ideal,failed,No output from any sub-box,0,0.1,,45,48,4.0,,,,,,,,223,21026,1,32,8000,10,3,NVIDIA A100-SXM4-80GB,
2026-03-24T12:03:24.285387,98I_ideal__Orai1WT-MDSnap-Fr300_cleaned,Orai1WT-MDSnap-Fr300_cleaned,98I_ideal,failed,No output from any sub-box,0,0.1,,64,68,7.0,,,,,,,,223,21026,1,32,8000,10,3,NVIDIA A100-SXM4-80GB,
2026-03-24T12:03:24.316198,9AJ_ideal__Orai1WT-MDSnap-Fr300_cleaned,Orai1WT-MDSnap-Fr300_cleaned,9AJ_ideal,failed,No output from any sub-box,0,0.1,,49,51,4.0,,,,,,,,223,21026,1,32,8000,10,3,NVIDIA A100-SXM4-80GB,
2026-03-24T12:03:24.338875,9B0_ideal__Orai1WT-MDSnap-Fr300_cleaned,Orai1WT-MDSnap-Fr300_cleaned,9B0_ideal,failed,No output from any sub-box,0,0.1,,55,59,15.0,,,,,,,,223,21026,1,32,8000,10,3,NVIDIA A100-SXM4-80GB,
2026-03-24T12:03:24.366959,9CA_ideal__Orai1WT-MDSnap-Fr300_cleaned,Orai1WT-MDSnap-Fr300_cleaned,9CA_ideal,failed,No output from any sub-box,0,0.1,,13,14,,,,,,,,,223,21026,1,32,8000,10,3,NVIDIA A100-SXM4-80GB,
2026-03-24T12:03:24.382727,9HO_ideal__Orai1WT-MDSnap-Fr300_cleaned,Orai1WT-MDSnap-Fr300_cleaned,9HO_ideal,failed,No output from any sub-box,0,0.1,,21,23,8.0,,,,,,,,223,21026,1,32,8000,10,3,NVIDIA A100-SXM4-80GB,
2026-03-24T12:03:24.398698,9IN_ideal__Orai1WT-MDSnap-Fr300_cleaned,Orai1WT-MDSnap-Fr300_cleaned,9IN_ideal,failed,No output from any sub-box,0,0.1,,45,50,9.0,,,,,,,,223,21026,1,32,8000,10,3,NVIDIA A100-SXM4-80GB,
2026-03-24T12:03:24.426773,9N6_ideal__Orai1WT-MDSnap-Fr300_cleaned,Orai1WT-MDSnap-Fr300_cleaned,9N6_ideal,failed,No output from any sub-box,0,0.1,,43,43,8.0,,,,,,,,223,21026,1,32,8000,10,3,NVIDIA A100-SXM4-80GB,
2026-03-24T12:03:24.441977,9SC_ideal__Orai1WT-MDSnap-Fr300_cleaned,Orai1WT-MDSnap-Fr300_cleaned,9SC_ideal,failed,No output from any sub-box,0,0.1,,30,31,3.0,,,,,,,,223,21026,1,32,8000,10,3,NVIDIA A100-SXM4-80GB,
2026-03-24T12:03:24.458300,9TP_ideal__Orai1WT-MDSnap-Fr300_cleaned,Orai1WT-MDSnap-Fr300_cleaned,9TP_ideal,failed,No output from any sub-box,0,0.1,,46,49,4.0,,,,,,,,223,21026,1,32,8000,10,3,NVIDIA A100-SXM4-80GB,
2026-03-24T12:03:24.478506,9Y6_ideal__Orai1WT-MDSnap-Fr300_cleaned,Orai1WT-MDSnap-Fr300_cleaned,9Y6_ideal,failed,No output from any sub-box,0,0.1,,10,10,1.0,,,,,,,,223,21026,1,32,8000,10,3,NVIDIA A100-SXM4-80GB,
2026-03-24T12:03:24.496097,A00_ideal__Orai1WT-MDSnap-Fr300_cleaned,Orai1WT-MDSnap-Fr300_cleaned,A00_ideal,failed,No output from any sub-box,0,0.1,,44,49,9.0,,,,,,,,223,21026,1,32,8000,10,3,NVIDIA A100-SXM4-80GB,
2026-03-24T12:03:24.529512,A1AAC_ideal__Orai1WT-MDSnap-Fr300_cleaned,Orai1WT-MDSnap-Fr300_cleaned,A1AAC_ideal,failed,No output from any sub-box,0,0.1,,36,38,2.0,,,,,,,,223,21026,1,32,8000,10,3,NVIDIA A100-SXM4-80GB,
2026-03-24T12:03:24.544757,A1AF4_ideal__Orai1WT-MDSnap-Fr300_cleaned,Orai1WT-MDSnap-Fr300_cleaned,A1AF4_ideal,failed,No output from any sub-box,0,0.1,,39,41,3.0,,,,,,,,223,21026,1,32,8000,10,3,NVIDIA A100-SXM4-80GB,
2026-03-24T12:03:24.559629,A1AIA_ideal__Orai1WT-MDSnap-Fr300_cleaned,Orai1WT-MDSnap-Fr300_cleaned,A1AIA_ideal,failed,No output from any sub-box,0,0.1,,16,18,1.0,,,,,,,,223,21026,1,32,8000,10,3,NVIDIA A100-SXM4-80GB,
2026-03-24T12:03:24.573991,A1AIK_ideal__Orai1WT-MDSnap-Fr300_cleaned,Orai1WT-MDSnap-Fr300_cleaned,A1AIK_ideal,failed,No output from any sub-box,0,0.1,,22,23,1.0,,,,,,,,223,21026,1,32,8000,10,3,NVIDIA A100-SXM4-80GB,
2026-03-24T12:03:24.586807,A1APA_ideal__Orai1WT-MDSnap-Fr300_cleaned,Orai1WT-MDSnap-Fr300_cleaned,A1APA_ideal,failed,No output from any sub-box,0,0.1,,54,57,10.0,,,,,,,,223,21026,1,32,8000,10,3,NVIDIA A100-SXM4-80GB,
2026-03-24T12:03:24.599844,A1AT0_ideal__Orai1WT-MDSnap-Fr300_cleaned,Orai1WT-MDSnap-Fr300_cleaned,A1AT0_ideal,failed,No output from any sub-box,0,0.1,,19,19,1.0,,,,,,,,223,21026,1,32,8000,10,3,NVIDIA A100-SXM4-80GB,
2026-03-24T12:03:24.627847,A1AZ7_ideal__Orai1WT-MDSnap-Fr300_cleaned,Orai1WT-MDSnap-Fr300_cleaned,A1AZ7_ideal,failed,No output from any sub-box,0,0.1,,65,78,7.0,,,,,,,,223,21026,1,32,8000,10,3,NVIDIA A100-SXM4-80GB,
2026-03-24T12:03:24.641207,A1BLM_ideal__Orai1WT-MDSnap-Fr300_cleaned,Orai1WT-MDSnap-Fr300_cleaned,A1BLM_ideal,failed,No output from any sub-box,0,0.1,,33,36,4.0,,,,,,,,223,21026,1,32,8000,10,3,NVIDIA A100-SXM4-80GB,
2026-03-24T12:03:24.656569,A1BPC_ideal__Orai1WT-MDSnap-Fr300_cleaned,Orai1WT-MDSnap-Fr300_cleaned,A1BPC_ideal,failed,No output from any sub-box,0,0.1,,34,36,3.0,,,,,,,,223,21026,1,32,8000,10,3,NVIDIA A100-SXM4-80GB,
2026-03-24T12:03:24.671318,A1C3G_ideal__Orai1WT-MDSnap-Fr300_cleaned,Orai1WT-MDSnap-Fr300_cleaned,A1C3G_ideal,failed,No output from any sub-box,0,0.1,,62,73,12.0,,,,,,,,223,21026,1,32,8000,10,3,NVIDIA A100-SXM4-80GB,
2026-03-24T12:03:24.689777,A1CB7_ideal__Orai1WT-MDSnap-Fr300_cleaned,Orai1WT-MDSnap-Fr300_cleaned,A1CB7_ideal,failed,No output from any sub-box,0,0.1,,107,127,34.0,,,,,,,,223,21026,1,32,8000,10,3,NVIDIA A100-SXM4-80GB,
2026-03-24T12:03:24.716561,A1CEA_ideal__Orai1WT-MDSnap-Fr300_cleaned,Orai1WT-MDSnap-Fr300_cleaned,A1CEA_ideal,failed,No output from any sub-box,0,0.1,,34,36,4.0,,,,,,,,223,21026,1,32,8000,10,3,NVIDIA A100-SXM4-80GB,
2026-03-24T12:03:24.735243,A1CR0_ideal__Orai1WT-MDSnap-Fr300_cleaned,Orai1WT-MDSnap-Fr300_cleaned,A1CR0_ideal,failed,No output from any sub-box,0,0.1,,21,23,2.0,,,,,,,,223,21026,1,32,8000,10,3,NVIDIA A100-SXM4-80GB,
2026-03-24T12:03:24.753666,A1D8M_ideal__Orai1WT-MDSnap-Fr300_cleaned,Orai1WT-MDSnap-Fr300_cleaned,A1D8M_ideal,failed,No output from any sub-box,0,0.1,,34,36,5.0,,,,,,,,223,21026,1,32,8000,10,3,NVIDIA A100-SXM4-80GB,
2026-03-24T12:03:24.770733,A1D8Y_ideal__Orai1WT-MDSnap-Fr300_cleaned,Orai1WT-MDSnap-Fr300_cleaned,A1D8Y_ideal,failed,No output from any sub-box,0,0.1,,32,32,3.0,,,,,,,,223,21026,1,32,8000,10,3,NVIDIA A100-SXM4-80GB,
2026-03-24T12:03:24.786625,A1EEY_ideal__Orai1WT-MDSnap-Fr300_cleaned,Orai1WT-MDSnap-Fr300_cleaned,A1EEY_ideal,failed,No output from any sub-box,0,0.1,,17,19,2.0,,,,,,,,223,21026,1,32,8000,10,3,NVIDIA A100-SXM4-80GB,
2026-03-24T12:03:24.816336,A1E_ideal__Orai1WT-MDSnap-Fr300_cleaned,Orai1WT-MDSnap-Fr300_cleaned,A1E_ideal,failed,No output from any sub-box,0,0.1,,37,40,6.0,,,,,,,,223,21026,1,32,8000,10,3,NVIDIA A100-SXM4-80GB,
2026-03-24T12:03:24.836889,A1H3T_ideal__Orai1WT-MDSnap-Fr300_cleaned,Orai1WT-MDSnap-Fr300_cleaned,A1H3T_ideal,failed,No output from any sub-box,0,0.1,,36,37,4.0,,,,,,,,223,21026,1,32,8000,10,3,NVIDIA A100-SXM4-80GB,
2026-03-24T12:03:24.864321,A1IPI_ideal__Orai1WT-MDSnap-Fr300_cleaned,Orai1WT-MDSnap-Fr300_cleaned,A1IPI_ideal,failed,No output from any sub-box,0,0.1,,12,12,2.0,,,,,,,,223,21026,1,32,8000,10,3,NVIDIA A100-SXM4-80GB,
2026-03-24T12:03:24.888613,A1JBL_ideal__Orai1WT-MDSnap-Fr300_cleaned,Orai1WT-MDSnap-Fr300_cleaned,A1JBL_ideal,failed,No output from any sub-box,0,0.1,,22,23,2.0,,,,,,,,223,21026,1,32,8000,10,3,NVIDIA A100-SXM4-80GB,
2026-03-24T12:03:24.916522,A1JMR_ideal__Orai1WT-MDSnap-Fr300_cleaned,Orai1WT-MDSnap-Fr300_cleaned,A1JMR_ideal,failed,No output from any sub-box,0,0.1,,39,42,4.0,,,,,,,,223,21026,1,32,8000,10,3,NVIDIA A100-SXM4-80GB,
2026-03-24T12:03:24.937876,A1JS8_ideal__Orai1WT-MDSnap-Fr300_cleaned,Orai1WT-MDSnap-Fr300_cleaned,A1JS8_ideal,failed,No output from any sub-box,0,0.1,,37,39,4.0,,,,,,,,223,21026,1,32,8000,10,3,NVIDIA A100-SXM4-80GB,
2026-03-24T12:03:24.956534,A1JSO_ideal__Orai1WT-MDSnap-Fr300_cleaned,Orai1WT-MDSnap-Fr300_cleaned,A1JSO_ideal,failed,No output from any sub-box,0,0.1,,45,48,6.0,,,,,,,,223,21026,1,32,8000,10,3,NVIDIA A100-SXM4-80GB,
2026-03-24T12:03:24.975484,A1JSR_ideal__Orai1WT-MDSnap-Fr300_cleaned,Orai1WT-MDSnap-Fr300_cleaned,A1JSR_ideal,failed,No output from any sub-box,0,0.1,,43,46,5.0,,,,,,,,223,21026,1,32,8000,10,3,NVIDIA A100-SXM4-80GB,
2026-03-24T12:03:24.992593,A1JTY_ideal__Orai1WT-MDSnap-Fr300_cleaned,Orai1WT-MDSnap-Fr300_cleaned,A1JTY_ideal,failed,No output from any sub-box,0,0.1,,24,27,8.0,,,,,,,,223,21026,1,32,8000,10,3,NVIDIA A100-SXM4-80GB,
2026-03-24T12:03:25.018445,A1L66_ideal__Orai1WT-MDSnap-Fr300_cleaned,Orai1WT-MDSnap-Fr300_cleaned,A1L66_ideal,failed,No output from any sub-box,0,0.1,,81,86,10.0,,,,,,,,223,21026,1,32,8000,10,3,NVIDIA A100-SXM4-80GB,
2026-03-24T12:03:25.035456,A1LVF_ideal__Orai1WT-MDSnap-Fr300_cleaned,Orai1WT-MDSnap-Fr300_cleaned,A1LVF_ideal,failed,No output from any sub-box,0,0.1,,63,63,26.0,,,,,,,,223,21026,1,32,8000,10,3,NVIDIA A100-SXM4-80GB,
2026-03-24T12:03:25.053885,A1LWH_ideal__Orai1WT-MDSnap-Fr300_cleaned,Orai1WT-MDSnap-Fr300_cleaned,A1LWH_ideal,failed,No output from any sub-box,0,0.1,,19,21,2.0,,,,,,,,223,21026,1,32,8000,10,3,NVIDIA A100-SXM4-80GB,
2026-03-24T12:03:25.070600,A1LXP_ideal__Orai1WT-MDSnap-Fr300_cleaned,Orai1WT-MDSnap-Fr300_cleaned,A1LXP_ideal,failed,No output from any sub-box,0,0.1,,42,44,6.0,,,,,,,,223,21026,1,32,8000,10,3,NVIDIA A100-SXM4-80GB,
2026-03-24T12:03:25.088867,A1LY1_ideal__Orai1WT-MDSnap-Fr300_cleaned,Orai1WT-MDSnap-Fr300_cleaned,A1LY1_ideal,failed,No output from any sub-box,0,0.1,,43,46,6.0,,,,,,,,223,21026,1,32,8000,10,3,NVIDIA A100-SXM4-80GB,
2026-03-24T12:03:25.116045,A26_ideal__Orai1WT-MDSnap-Fr300_cleaned,Orai1WT-MDSnap-Fr300_cleaned,A26_ideal,failed,No output from any sub-box,0,0.1,,19,21,2.0,,,,,,,,223,21026,1,32,8000,10,3,NVIDIA A100-SXM4-80GB,
2026-03-24T12:03:25.133521,A2E_ideal__Orai1WT-MDSnap-Fr300_cleaned,Orai1WT-MDSnap-Fr300_cleaned,A2E_ideal,failed,No output from any sub-box,0,0.1,,37,40,6.0,,,,,,,,223,21026,1,32,8000,10,3,NVIDIA A100-SXM4-80GB,
2026-03-24T12:03:25.150186,A3D_ideal__Orai1WT-MDSnap-Fr300_cleaned,Orai1WT-MDSnap-Fr300_cleaned,A3D_ideal,failed,No output from any sub-box,0,0.1,,44,51,8.0,,,,,,,,223,21026,1,32,8000,10,3,NVIDIA A100-SXM4-80GB,
2026-03-24T12:03:25.168195,A3M_ideal__Orai1WT-MDSnap-Fr300_cleaned,Orai1WT-MDSnap-Fr300_cleaned,A3M_ideal,failed,No output from any sub-box,0,0.1,,12,14,1.0,,,,,,,,223,21026,1,32,8000,10,3,NVIDIA A100-SXM4-80GB,
2026-03-24T12:03:25.186396,A41_ideal__Orai1WT-MDSnap-Fr300_cleaned,Orai1WT-MDSnap-Fr300_cleaned,A41_ideal,failed,No output from any sub-box,0,0.1,,20,22,2.0,,,,,,,,223,21026,1,32,8000,10,3,NVIDIA A100-SXM4-80GB,
2026-03-24T12:03:25.216614,A4I_ideal__Orai1WT-MDSnap-Fr300_cleaned,Orai1WT-MDSnap-Fr300_cleaned,A4I_ideal,failed,No output from any sub-box,0,0.1,,75,79,18.0,,,,,,,,223,21026,1,32,8000,10,3,NVIDIA A100-SXM4-80GB,
2026-03-24T12:03:25.233666,A4P_ideal__Orai1WT-MDSnap-Fr300_cleaned,Orai1WT-MDSnap-Fr300_cleaned,A4P_ideal,failed,No output from any sub-box,0,0.1,,48,60,10.0,,,,,,,,223,21026,1,32,8000,10,3,NVIDIA A100-SXM4-80GB,
2026-03-24T12:03:25.251415,A56_ideal__Orai1WT-MDSnap-Fr300_cleaned,Orai1WT-MDSnap-Fr300_cleaned,A56_ideal,failed,No output from any sub-box,0,0.1,,19,23,1.0,,,,,,,,223,21026,1,32,8000,10,3,NVIDIA A100-SXM4-80GB,
2026-03-24T12:03:25.270186,A6L_ideal__Orai1WT-MDSnap-Fr300_cleaned,Orai1WT-MDSnap-Fr300_cleaned,A6L_ideal,failed,No output from any sub-box,0,0.1,,25,27,10.0,,,,,,,,223,21026,1,32,8000,10,3,NVIDIA A100-SXM4-80GB,
2026-03-24T12:03:25.289143,A86_ideal__Orai1WT-MDSnap-Fr300_cleaned,Orai1WT-MDSnap-Fr300_cleaned,A86_ideal,failed,No output from any sub-box,0,0.1,,48,50,7.0,,,,,,,,223,21026,1,32,8000,10,3,NVIDIA A100-SXM4-80GB,
2026-03-24T12:03:25.317555,A8B_ideal__Orai1WT-MDSnap-Fr300_cleaned,Orai1WT-MDSnap-Fr300_cleaned,A8B_ideal,failed,No output from any sub-box,0,0.1,,34,36,5.0,,,,,,,,223,21026,1,32,8000,10,3,NVIDIA A100-SXM4-80GB,
2026-03-24T12:03:25.338167,AA2_ideal__Orai1WT-MDSnap-Fr300_cleaned,Orai1WT-MDSnap-Fr300_cleaned,AA2_ideal,failed,No output from any sub-box,0,0.1,,32,35,4.0,,,,,,,,223,21026,1,32,8000,10,3,NVIDIA A100-SXM4-80GB,
2026-03-24T12:03:25.357665,AAF_ideal__Orai1WT-MDSnap-Fr300_cleaned,Orai1WT-MDSnap-Fr300_cleaned,AAF_ideal,failed,No output from any sub-box,0,0.1,,29,34,4.0,,,,,,,,223,21026,1,32,8000,10,3,NVIDIA A100-SXM4-80GB,
2026-03-24T12:03:25.377515,AAN_ideal__Orai1WT-MDSnap-Fr300_cleaned,Orai1WT-MDSnap-Fr300_cleaned,AAN_ideal,failed,No output from any sub-box,0,0.1,,13,14,2.0,,,,,,,,223,21026,1,32,8000,10,3,NVIDIA A100-SXM4-80GB,
2026-03-24T12:03:25.399472,AAO_ideal__Orai1WT-MDSnap-Fr300_cleaned,Orai1WT-MDSnap-Fr300_cleaned,AAO_ideal,failed,No output from any sub-box,0,0.1,,66,86,17.0,,,,,,,,223,21026,1,32,8000,10,3,NVIDIA A100-SXM4-80GB,
2026-03-24T12:03:25.433265,ABC_ideal__Orai1WT-MDSnap-Fr300_cleaned,Orai1WT-MDSnap-Fr300_cleaned,ABC_ideal,failed,No output from any sub-box,0,0.1,,64,82,15.0,,,,,,,,223,21026,1,32,8000,10,3,NVIDIA A100-SXM4-80GB,
2026-03-24T12:03:25.454840,ABN_ideal__Orai1WT-MDSnap-Fr300_cleaned,Orai1WT-MDSnap-Fr300_cleaned,ABN_ideal,failed,No output from any sub-box,0,0.1,,8,10,1.0,,,,,,,,223,21026,1,32,8000,10,3,NVIDIA A100-SXM4-80GB,
2026-03-24T12:03:25.472628,AC0_ideal__Orai1WT-MDSnap-Fr300_cleaned,Orai1WT-MDSnap-Fr300_cleaned,AC0_ideal,failed,No output from any sub-box,0,0.1,,9,9,0.0,,,,,,,,223,21026,1,32,8000,10,3,NVIDIA A100-SXM4-80GB,
2026-03-24T12:03:25.491513,AC5_ideal__Orai1WT-MDSnap-Fr300_cleaned,Orai1WT-MDSnap-Fr300_cleaned,AC5_ideal,failed,No output from any sub-box,0,0.1,,9,12,1.0,,,,,,,,223,21026,1,32,8000,10,3,NVIDIA A100-SXM4-80GB,
2026-03-24T12:03:25.517055,ACG_ideal__Orai1WT-MDSnap-Fr300_cleaned,Orai1WT-MDSnap-Fr300_cleaned,ACG_ideal,failed,No output from any sub-box,0,0.1,,54,70,13.0,,,,,,,,223,21026,1,32,8000,10,3,NVIDIA A100-SXM4-80GB,
2026-03-24T12:03:25.536037,ACH_ideal__Orai1WT-MDSnap-Fr300_cleaned,Orai1WT-MDSnap-Fr300_cleaned,ACH_ideal,failed,No output from any sub-box,0,0.1,,10,10,2.0,,,,,,,,223,21026,1,32,8000,10,3,NVIDIA A100-SXM4-80GB,
2026-03-24T12:03:25.554774,ACQ_ideal__Orai1WT-MDSnap-Fr300_cleaned,Orai1WT-MDSnap-Fr300_cleaned,ACQ_ideal,failed,No output from any sub-box,0,0.1,,35,44,9.0,,,,,,,,223,21026,1,32,8000,10,3,NVIDIA A100-SXM4-80GB,
2026-03-24T12:03:25.571288,ADB_ideal__Orai1WT-MDSnap-Fr300_cleaned,Orai1WT-MDSnap-Fr300_cleaned,ADB_ideal,failed,No output from any sub-box,0,0.1,,25,28,2.0,,,,,,,,223,21026,1,32,8000,10,3,NVIDIA A100-SXM4-80GB,
2026-03-24T12:03:25.589457,ADV_ideal__Orai1WT-MDSnap-Fr300_cleaned,Orai1WT-MDSnap-Fr300_cleaned,ADV_ideal,failed,No output from any sub-box,0,0.1,,36,45,8.0,,,,,,,,223,21026,1,32,8000,10,3,NVIDIA A100-SXM4-80GB,
2026-03-24T12:03:25.626868,AEF_ideal__Orai1WT-MDSnap-Fr300_cleaned,Orai1WT-MDSnap-Fr300_cleaned,AEF_ideal,failed,No output from any sub-box,0,0.1,,10,13,2.0,,,,,,,,223,21026,1,32,8000,10,3,NVIDIA A100-SXM4-80GB,
2026-03-24T12:03:25.643283,AES_ideal__Orai1WT-MDSnap-Fr300_cleaned,Orai1WT-MDSnap-Fr300_cleaned,AES_ideal,failed,No output from any sub-box,0,0.1,,13,15,2.0,,,,,,,,223,21026,1,32,8000,10,3,NVIDIA A100-SXM4-80GB,
2026-03-24T12:03:25.659811,AGA_ideal__Orai1WT-MDSnap-Fr300_cleaned,Orai1WT-MDSnap-Fr300_cleaned,AGA_ideal,failed,No output from any sub-box,0,0.1,,30,32,11.0,,,,,,,,223,21026,1,32,8000,10,3,NVIDIA A100-SXM4-80GB,
2026-03-24T12:03:25.678860,AGH_ideal__Orai1WT-MDSnap-Fr300_cleaned,Orai1WT-MDSnap-Fr300_cleaned,AGH_ideal,failed,No output from any sub-box,0,0.1,,60,67,25.0,,,,,,,,223,21026,1,32,8000,10,3,NVIDIA A100-SXM4-80GB,
2026-03-24T12:03:25.697747,AH4_ideal__Orai1WT-MDSnap-Fr300_cleaned,Orai1WT-MDSnap-Fr300_cleaned,AH4_ideal,failed,No output from any sub-box,0,0.1,,32,35,6.0,,,,,,,,223,21026,1,32,8000,10,3,NVIDIA A100-SXM4-80GB,
2026-03-24T12:03:25.729458,AHC_ideal__Orai1WT-MDSnap-Fr300_cleaned,Orai1WT-MDSnap-Fr300_cleaned,AHC_ideal,failed,No output from any sub-box,0,0.1,,12,15,2.0,,,,,,,,223,21026,1,32,8000,10,3,NVIDIA A100-SXM4-80GB,
2026-03-24T12:03:25.753172,AHZ_ideal__Orai1WT-MDSnap-Fr300_cleaned,Orai1WT-MDSnap-Fr300_cleaned,AHZ_ideal,failed,No output from any sub-box,0,0.1,,38,42,7.0,,,,,,,,223,21026,1,32,8000,10,3,NVIDIA A100-SXM4-80GB,
2026-03-24T12:03:25.768583,AIK_ideal__Orai1WT-MDSnap-Fr300_cleaned,Orai1WT-MDSnap-Fr300_cleaned,AIK_ideal,failed,No output from any sub-box,0,0.1,,38,42,5.0,,,,,,,,223,21026,1,32,8000,10,3,NVIDIA A100-SXM4-80GB,
2026-03-24T12:03:25.785216,AK1_ideal__Orai1WT-MDSnap-Fr300_cleaned,Orai1WT-MDSnap-Fr300_cleaned,AK1_ideal,failed,No output from any sub-box,0,0.1,,31,34,3.0,,,,,,,,223,21026,1,32,8000,10,3,NVIDIA A100-SXM4-80GB,
2026-03-24T12:03:25.816944,AK2_ideal__Orai1WT-MDSnap-Fr300_cleaned,Orai1WT-MDSnap-Fr300_cleaned,AK2_ideal,failed,No output from any sub-box,0,0.1,,28,31,3.0,,,,,,,,223,21026,1,32,8000,10,3,NVIDIA A100-SXM4-80GB,
2026-03-24T12:03:25.839819,AK3_ideal__Orai1WT-MDSnap-Fr300_cleaned,Orai1WT-MDSnap-Fr300_cleaned,AK3_ideal,failed,No output from any sub-box,0,0.1,,32,35,3.0,,,,,,,,223,21026,1,32,8000,10,3,NVIDIA A100-SXM4-80GB,
2026-03-24T12:03:25.860670,AKA_ideal__Orai1WT-MDSnap-Fr300_cleaned,Orai1WT-MDSnap-Fr300_cleaned,AKA_ideal,failed,No output from any sub-box,0,0.1,,54,58,6.0,,,,,,,,223,21026,1,32,8000,10,3,NVIDIA A100-SXM4-80GB,
2026-03-24T12:03:25.883341,AL2_ideal__Orai1WT-MDSnap-Fr300_cleaned,Orai1WT-MDSnap-Fr300_cleaned,AL2_ideal,failed,No output from any sub-box,0,0.1,,24,27,2.0,,,,,,,,223,21026,1,32,8000,10,3,NVIDIA A100-SXM4-80GB,
2026-03-24T12:03:25.916091,ALC_ideal__Orai1WT-MDSnap-Fr300_cleaned,Orai1WT-MDSnap-Fr300_cleaned,ALC_ideal,failed,No output from any sub-box,0,0.1,,12,15,2.0,,,,,,,,223,21026,1,32,8000,10,3,NVIDIA A100-SXM4-80GB,
2026-03-24T12:03:25.939726,ALQ_ideal__Orai1WT-MDSnap-Fr300_cleaned,Orai1WT-MDSnap-Fr300_cleaned,ALQ_ideal,failed,No output from any sub-box,0,0.1,,6,7,1.0,,,,,,,,223,21026,1,32,8000,10,3,NVIDIA A100-SXM4-80GB,
2026-03-24T12:03:25.962878,ALR_ideal__Orai1WT-MDSnap-Fr300_cleaned,Orai1WT-MDSnap-Fr300_cleaned,ALR_ideal,failed,No output from any sub-box,0,0.1,,19,20,1.0,,,,,,,,223,21026,1,32,8000,10,3,NVIDIA A100-SXM4-80GB,
2026-03-24T12:03:25.986974,AM4_ideal__Orai1WT-MDSnap-Fr300_cleaned,Orai1WT-MDSnap-Fr300_cleaned,AM4_ideal,failed,No output from any sub-box,0,0.1,,13,16,1.0,,,,,,,,223,21026,1,32,8000,10,3,NVIDIA A100-SXM4-80GB,
2026-03-24T12:03:26.017302,AMC_ideal__Orai1WT-MDSnap-Fr300_cleaned,Orai1WT-MDSnap-Fr300_cleaned,AMC_ideal,failed,No output from any sub-box,0,0.1,,8,11,1.0,,,,,,,,223,21026,1,32,8000,10,3,NVIDIA A100-SXM4-80GB,
2026-03-24T12:03:26.040908,AN1_ideal__Orai1WT-MDSnap-Fr300_cleaned,Orai1WT-MDSnap-Fr300_cleaned,AN1_ideal,failed,No output from any sub-box,0,0.1,,20,21,2.0,,,,,,,,223,21026,1,32,8000,10,3,NVIDIA A100-SXM4-80GB,
2026-03-24T12:03:26.064111,ANL_ideal__Orai1WT-MDSnap-Fr300_cleaned,Orai1WT-MDSnap-Fr300_cleaned,ANL_ideal,failed,No output from any sub-box,0,0.1,,7,9,0.0,,,,,,,,223,21026,1,32,8000,10,3,NVIDIA A100-SXM4-80GB,
2026-03-24T12:03:26.085867,ANN_ideal__Orai1WT-MDSnap-Fr300_cleaned,Orai1WT-MDSnap-Fr300_cleaned,ANN_ideal,failed,No output from any sub-box,0,0.1,,11,12,1.0,,,,,,,,223,21026,1,32,8000,10,3,NVIDIA A100-SXM4-80GB,
2026-03-24T12:03:26.115986,AOE_ideal__Orai1WT-MDSnap-Fr300_cleaned,Orai1WT-MDSnap-Fr300_cleaned,AOE_ideal,failed,No output from any sub-box,0,0.1,,38,40,8.0,,,,,,,,223,21026,1,32,8000,10,3,NVIDIA A100-SXM4-80GB,
2026-03-24T12:03:26.139234,AP5_ideal__Orai1WT-MDSnap-Fr300_cleaned,Orai1WT-MDSnap-Fr300_cleaned,AP5_ideal,failed,No output from any sub-box,0,0.1,,57,70,13.0,,,,,,,,223,21026,1,32,8000,10,3,NVIDIA A100-SXM4-80GB,
2026-03-24T12:03:26.161802,AP8_ideal__Orai1WT-MDSnap-Fr300_cleaned,Orai1WT-MDSnap-Fr300_cleaned,AP8_ideal,failed,No output from any sub-box,0,0.1,,78,80,23.0,,,,,,,,223,21026,1,32,8000,10,3,NVIDIA A100-SXM4-80GB,
2026-03-24T12:03:26.186563,APF_ideal__Orai1WT-MDSnap-Fr300_cleaned,Orai1WT-MDSnap-Fr300_cleaned,APF_ideal,failed,No output from any sub-box,0,0.1,,18,19,2.0,,,,,,,,223,21026,1,32,8000,10,3,NVIDIA A100-SXM4-80GB,
2026-03-24T12:03:26.216466,APG_ideal__Orai1WT-MDSnap-Fr300_cleaned,Orai1WT-MDSnap-Fr300_cleaned,APG_ideal,failed,No output from any sub-box,0,0.1,,12,14,2.0,,,,,,,,223,21026,1,32,8000,10,3,NVIDIA A100-SXM4-80GB,
2026-03-24T12:03:26.240230,APL_ideal__Orai1WT-MDSnap-Fr300_cleaned,Orai1WT-MDSnap-Fr300_cleaned,APL_ideal,failed,No output from any sub-box,0,0.1,,19,22,3.0,,,,,,,,223,21026,1,32,8000,10,3,NVIDIA A100-SXM4-80GB,
2026-03-24T12:03:26.264844,APX_ideal__Orai1WT-MDSnap-Fr300_cleaned,Orai1WT-MDSnap-Fr300_cleaned,APX_ideal,failed,No output from any sub-box,0,0.1,,40,53,10.0,,,,,,,,223,21026,1,32,8000,10,3,NVIDIA A100-SXM4-80GB,
2026-03-24T12:03:26.291862,ARC_ideal__Orai1WT-MDSnap-Fr300_cleaned,Orai1WT-MDSnap-Fr300_cleaned,ARC_ideal,failed,No output from any sub-box,0,0.1,,21,22,7.0,,,,,,,,223,21026,1,32,8000,10,3,NVIDIA A100-SXM4-80GB,
2026-03-24T12:03:26.317596,ARE_ideal__Orai1WT-MDSnap-Fr300_cleaned,Orai1WT-MDSnap-Fr300_cleaned,ARE_ideal,failed,No output from any sub-box,0,0.1,,55,72,14.0,,,,,,,,223,21026,1,32,8000,10,3,NVIDIA A100-SXM4-80GB,
2026-03-24T12:03:26.341432,ARL_ideal__Orai1WT-MDSnap-Fr300_cleaned,Orai1WT-MDSnap-Fr300_cleaned,ARL_ideal,failed,No output from any sub-box,0,0.1,,25,26,3.0,,,,,,,,223,21026,1,32,8000,10,3,NVIDIA A100-SXM4-80GB,
2026-03-24T12:03:26.365770,ARR_ideal__Orai1WT-MDSnap-Fr300_cleaned,Orai1WT-MDSnap-Fr300_cleaned,ARR_ideal,failed,No output from any sub-box,0,0.1,,25,28,3.0,,,,,,,,223,21026,1,32,8000,10,3,NVIDIA A100-SXM4-80GB,
2026-03-24T12:03:26.389643,AUR_ideal__Orai1WT-MDSnap-Fr300_cleaned,Orai1WT-MDSnap-Fr300_cleaned,AUR_ideal,failed,No output from any sub-box,0,0.1,,33,34,4.0,,,,,,,,223,21026,1,32,8000,10,3,NVIDIA A100-SXM4-80GB,
2026-03-24T12:03:26.417198,AX3_ideal__Orai1WT-MDSnap-Fr300_cleaned,Orai1WT-MDSnap-Fr300_cleaned,AX3_ideal,failed,No output from any sub-box,0,0.1,,12,17,2.0,,,,,,,,223,21026,1,32,8000,10,3,NVIDIA A100-SXM4-80GB,
2026-03-24T12:03:26.440823,B18_ideal__Orai1WT-MDSnap-Fr300_cleaned,Orai1WT-MDSnap-Fr300_cleaned,B18_ideal,failed,No output from any sub-box,0,0.1,,31,35,3.0,,,,,,,,223,21026,1,32,8000,10,3,NVIDIA A100-SXM4-80GB,
2026-03-24T12:03:26.464383,B1T_ideal__Orai1WT-MDSnap-Fr300_cleaned,Orai1WT-MDSnap-Fr300_cleaned,B1T_ideal,failed,No output from any sub-box,0,0.1,,19,21,2.0,,,,,,,,223,21026,1,32,8000,10,3,NVIDIA A100-SXM4-80GB,
2026-03-24T12:03:26.479274,B1V_ideal__Orai1WT-MDSnap-Fr300_cleaned,Orai1WT-MDSnap-Fr300_cleaned,B1V_ideal,failed,No output from any sub-box,0,0.1,,21,22,2.0,,,,,,,,223,21026,1,32,8000,10,3,NVIDIA A100-SXM4-80GB,
2026-03-24T12:03:26.497776,B2F_ideal__Orai1WT-MDSnap-Fr300_cleaned,Orai1WT-MDSnap-Fr300_cleaned,B2F_ideal,failed,No output from any sub-box,0,0.1,,12,16,3.0,,,,,,,,223,21026,1,32,8000,10,3,NVIDIA A100-SXM4-80GB,
2026-03-24T12:03:26.531014,B32_ideal__Orai1WT-MDSnap-Fr300_cleaned,Orai1WT-MDSnap-Fr300_cleaned,B32_ideal,failed,No output from any sub-box,0,0.1,,32,37,9.0,,,,,,,,223,21026,1,32,8000,10,3,NVIDIA A100-SXM4-80GB,
2026-03-24T12:03:26.551461,B3N_ideal__Orai1WT-MDSnap-Fr300_cleaned,Orai1WT-MDSnap-Fr300_cleaned,B3N_ideal,failed,No output from any sub-box,0,0.1,,22,25,5.0,,,,,,,,223,21026,1,32,8000,10,3,NVIDIA A100-SXM4-80GB,
2026-03-24T12:03:26.571966,B40_ideal__Orai1WT-MDSnap-Fr300_cleaned,Orai1WT-MDSnap-Fr300_cleaned,B40_ideal,failed,No output from any sub-box,0,0.1,,11,12,1.0,,,,,,,,223,21026,1,32,8000,10,3,NVIDIA A100-SXM4-80GB,
2026-03-24T12:03:26.592669,B8L_ideal__Orai1WT-MDSnap-Fr300_cleaned,Orai1WT-MDSnap-Fr300_cleaned,B8L_ideal,failed,No output from any sub-box,0,0.1,,43,47,9.0,,,,,,,,223,21026,1,32,8000,10,3,NVIDIA A100-SXM4-80GB,
2026-03-24T12:03:26.616510,B96_ideal__Orai1WT-MDSnap-Fr300_cleaned,Orai1WT-MDSnap-Fr300_cleaned,B96_ideal,failed,No output from any sub-box,0,0.1,,39,41,4.0,,,,,,,,223,21026,1,32,8000,10,3,NVIDIA A100-SXM4-80GB,
2026-03-24T12:03:26.635490,BA3_ideal__Orai1WT-MDSnap-Fr300_cleaned,Orai1WT-MDSnap-Fr300_cleaned,BA3_ideal,failed,No output from any sub-box,0,0.1,,49,60,10.0,,,,,,,,223,21026,1,32,8000,10,3,NVIDIA A100-SXM4-80GB,
2026-03-24T12:03:26.655945,BAS_ideal__Orai1WT-MDSnap-Fr300_cleaned,Orai1WT-MDSnap-Fr300_cleaned,BAS_ideal,failed,No output from any sub-box,0,0.1,,12,13,1.0,,,,,,,,223,21026,1,32,8000,10,3,NVIDIA A100-SXM4-80GB,
2026-03-24T12:03:26.675830,BBS_ideal__Orai1WT-MDSnap-Fr300_cleaned,Orai1WT-MDSnap-Fr300_cleaned,BBS_ideal,failed,No output from any sub-box,0,0.1,,14,15,1.0,,,,,,,,223,21026,1,32,8000,10,3,NVIDIA A100-SXM4-80GB,
2026-03-24T12:03:26.696292,BBT_ideal__Orai1WT-MDSnap-Fr300_cleaned,Orai1WT-MDSnap-Fr300_cleaned,BBT_ideal,failed,No output from any sub-box,0,0.1,,24,27,3.0,,,,,,,,223,21026,1,32,8000,10,3,NVIDIA A100-SXM4-80GB,
2026-03-24T12:03:26.733376,BBZ_ideal__Orai1WT-MDSnap-Fr300_cleaned,Orai1WT-MDSnap-Fr300_cleaned,BBZ_ideal,failed,No output from any sub-box,0,0.1,,34,36,2.0,,,,,,,,223,21026,1,32,8000,10,3,NVIDIA A100-SXM4-80GB,
2026-03-24T12:03:26.757672,BC1_ideal__Orai1WT-MDSnap-Fr300_cleaned,Orai1WT-MDSnap-Fr300_cleaned,BC1_ideal,failed,No output from any sub-box,0,0.1,,25,27,2.0,,,,,,,,223,21026,1,32,8000,10,3,NVIDIA A100-SXM4-80GB,
2026-03-24T12:03:26.780673,BCE_ideal__Orai1WT-MDSnap-Fr300_cleaned,Orai1WT-MDSnap-Fr300_cleaned,BCE_ideal,failed,No output from any sub-box,0,0.1,,21,23,2.0,,,,,,,,223,21026,1,32,8000,10,3,NVIDIA A100-SXM4-80GB,
2026-03-24T12:03:26.816211,BDB_ideal__Orai1WT-MDSnap-Fr300_cleaned,Orai1WT-MDSnap-Fr300_cleaned,BDB_ideal,failed,No output from any sub-box,0,0.1,,18,22,3.0,,,,,,,,223,21026,1,32,8000,10,3,NVIDIA A100-SXM4-80GB,
2026-03-24T12:03:26.841079,BEK_ideal__Orai1WT-MDSnap-Fr300_cleaned,Orai1WT-MDSnap-Fr300_cleaned,BEK_ideal,failed,No output from any sub-box,0,0.1,,15,17,1.0,,,,,,,,223,21026,1,32,8000,10,3,NVIDIA A100-SXM4-80GB,
2026-03-24T12:03:26.884701,BET_ideal__Orai1WT-MDSnap-Fr300_cleaned,Orai1WT-MDSnap-Fr300_cleaned,BET_ideal,failed,No output from any sub-box,0,0.1,,8,9,1.0,,,,,,,,223,21026,1,32,8000,10,3,NVIDIA A100-SXM4-80GB,
2026-03-24T12:03:26.916444,BEZ_ideal__Orai1WT-MDSnap-Fr300_cleaned,Orai1WT-MDSnap-Fr300_cleaned,BEZ_ideal,failed,No output from any sub-box,0,0.1,,9,10,1.0,,,,,,,,223,21026,1,32,8000,10,3,NVIDIA A100-SXM4-80GB,
2026-03-24T12:03:26.940115,BFF_ideal__Orai1WT-MDSnap-Fr300_cleaned,Orai1WT-MDSnap-Fr300_cleaned,BFF_ideal,failed,No output from any sub-box,0,0.1,,32,36,5.0,,,,,,,,223,21026,1,32,8000,10,3,NVIDIA A100-SXM4-80GB,
2026-03-24T12:03:26.963683,BFL_ideal__Orai1WT-MDSnap-Fr300_cleaned,Orai1WT-MDSnap-Fr300_cleaned,BFL_ideal,failed,No output from any sub-box,0,0.1,,17,18,2.0,,,,,,,,223,21026,1,32,8000,10,3,NVIDIA A100-SXM4-80GB,
2026-03-24T12:03:26.985201,BH7_ideal__Orai1WT-MDSnap-Fr300_cleaned,Orai1WT-MDSnap-Fr300_cleaned,BH7_ideal,failed,No output from any sub-box,0,0.1,,24,28,6.0,,,,,,,,223,21026,1,32,8000,10,3,NVIDIA A100-SXM4-80GB,
2026-03-24T12:03:27.016733,BHO_ideal__Orai1WT-MDSnap-Fr300_cleaned,Orai1WT-MDSnap-Fr300_cleaned,BHO_ideal,failed,No output from any sub-box,0,0.1,,10,12,1.0,,,,,,,,223,21026,1,32,8000,10,3,NVIDIA A100-SXM4-80GB,
2026-03-24T12:03:27.040300,BHQ_ideal__Orai1WT-MDSnap-Fr300_cleaned,Orai1WT-MDSnap-Fr300_cleaned,BHQ_ideal,failed,No output from any sub-box,0,0.1,,16,18,2.0,,,,,,,,223,21026,1,32,8000,10,3,NVIDIA A100-SXM4-80GB,
2026-03-24T12:03:27.064804,BIF_ideal__Orai1WT-MDSnap-Fr300_cleaned,Orai1WT-MDSnap-Fr300_cleaned,BIF_ideal,failed,No output from any sub-box,0,0.1,,18,21,3.0,,,,,,,,223,21026,1,32,8000,10,3,NVIDIA A100-SXM4-80GB,
2026-03-24T12:03:27.087460,BIH_ideal__Orai1WT-MDSnap-Fr300_cleaned,Orai1WT-MDSnap-Fr300_cleaned,BIH_ideal,failed,No output from any sub-box,0,0.1,,18,20,2.0,,,,,,,,223,21026,1,32,8000,10,3,NVIDIA A100-SXM4-80GB,
2026-03-24T12:03:27.116623,BIP_ideal__Orai1WT-MDSnap-Fr300_cleaned,Orai1WT-MDSnap-Fr300_cleaned,BIP_ideal,failed,No output from any sub-box,0,0.1,,13,14,2.0,,,,,,,,223,21026,1,32,8000,10,3,NVIDIA A100-SXM4-80GB,
2026-03-24T12:03:27.145628,BL5_ideal__Orai1WT-MDSnap-Fr300_cleaned,Orai1WT-MDSnap-Fr300_cleaned,BL5_ideal,failed,No output from any sub-box,0,0.1,,50,60,14.0,,,,,,,,223,21026,1,32,8000,10,3,NVIDIA A100-SXM4-80GB,
2026-03-24T12:03:27.170391,BLI_ideal__Orai1WT-MDSnap-Fr300_cleaned,Orai1WT-MDSnap-Fr300_cleaned,BLI_ideal,failed,No output from any sub-box,0,0.1,,34,38,3.0,,,,,,,,223,21026,1,32,8000,10,3,NVIDIA A100-SXM4-80GB,
2026-03-24T12:03:27.188413,BLM_ideal__Orai1WT-MDSnap-Fr300_cleaned,Orai1WT-MDSnap-Fr300_cleaned,BLM_ideal,failed,No output from any sub-box,0,0.1,,96,122,23.0,,,,,,,,223,21026,1,32,8000,10,3,NVIDIA A100-SXM4-80GB,
2026-03-24T12:03:27.219135,BMU_ideal__Orai1WT-MDSnap-Fr300_cleaned,Orai1WT-MDSnap-Fr300_cleaned,BMU_ideal,failed,No output from any sub-box,0,0.1,,21,23,1.0,,,,,,,,223,21026,1,32,8000,10,3,NVIDIA A100-SXM4-80GB,
2026-03-24T12:03:27.242585,BN2_ideal__Orai1WT-MDSnap-Fr300_cleaned,Orai1WT-MDSnap-Fr300_cleaned,BN2_ideal,failed,No output from any sub-box,0,0.1,,31,34,5.0,,,,,,,,223,21026,1,32,8000,10,3,NVIDIA A100-SXM4-80GB,
2026-03-24T12:03:27.265702,BN3_ideal__Orai1WT-MDSnap-Fr300_cleaned,Orai1WT-MDSnap-Fr300_cleaned,BN3_ideal,failed,No output from any sub-box,0,0.1,,28,31,4.0,,,,,,,,223,21026,1,32,8000,10,3,NVIDIA A100-SXM4-80GB,
2026-03-24T12:03:27.288872,BN4_ideal__Orai1WT-MDSnap-Fr300_cleaned,Orai1WT-MDSnap-Fr300_cleaned,BN4_ideal,failed,No output from any sub-box,0,0.1,,29,32,4.0,,,,,,,,223,21026,1,32,8000,10,3,NVIDIA A100-SXM4-80GB,
2026-03-24T12:03:27.317624,BN5_ideal__Orai1WT-MDSnap-Fr300_cleaned,Orai1WT-MDSnap-Fr300_cleaned,BN5_ideal,failed,No output from any sub-box,0,0.1,,29,32,4.0,,,,,,,,223,21026,1,32,8000,10,3,NVIDIA A100-SXM4-80GB,
2026-03-24T12:03:27.340965,BNF_ideal__Orai1WT-MDSnap-Fr300_cleaned,Orai1WT-MDSnap-Fr300_cleaned,BNF_ideal,failed,No output from any sub-box,0,0.1,,10,11,1.0,,,,,,,,223,21026,1,32,8000,10,3,NVIDIA A100-SXM4-80GB,
2026-03-24T12:03:27.365028,BNS_ideal__Orai1WT-MDSnap-Fr300_cleaned,Orai1WT-MDSnap-Fr300_cleaned,BNS_ideal,failed,No output from any sub-box,0,0.1,,10,11,1.0,,,,,,,,223,21026,1,32,8000,10,3,NVIDIA A100-SXM4-80GB,
2026-03-24T12:03:27.389099,BO3_ideal__Orai1WT-MDSnap-Fr300_cleaned,Orai1WT-MDSnap-Fr300_cleaned,BO3_ideal,failed,No output from any sub-box,0,0.1,,4,7,1.0,,,,,,,,223,21026,1,32,8000,10,3,NVIDIA A100-SXM4-80GB,
2026-03-24T12:03:27.417749,BO9_ideal__Orai1WT-MDSnap-Fr300_cleaned,Orai1WT-MDSnap-Fr300_cleaned,BO9_ideal,failed,No output from any sub-box,0,0.1,,41,48,11.0,,,,,,,,223,21026,1,32,8000,10,3,NVIDIA A100-SXM4-80GB,
2026-03-24T12:03:27.442046,BOS_ideal__Orai1WT-MDSnap-Fr300_cleaned,Orai1WT-MDSnap-Fr300_cleaned,BOS_ideal,failed,No output from any sub-box,0,0.1,,20,24,2.0,,,,,,,,223,21026,1,32,8000,10,3,NVIDIA A100-SXM4-80GB,
2026-03-24T12:03:27.466773,BP4_ideal__Orai1WT-MDSnap-Fr300_cleaned,Orai1WT-MDSnap-Fr300_cleaned,BP4_ideal,failed,No output from any sub-box,0,0.1,,16,17,2.0,,,,,,,,223,21026,1,32,8000,10,3,NVIDIA A100-SXM4-80GB,
2026-03-24T12:03:27.489798,BP6_ideal__Orai1WT-MDSnap-Fr300_cleaned,Orai1WT-MDSnap-Fr300_cleaned,BP6_ideal,failed,No output from any sub-box,0,0.1,,16,18,1.0,,,,,,,,223,21026,1,32,8000,10,3,NVIDIA A100-SXM4-80GB,
2026-03-24T12:03:27.516139,BPZ_ideal__Orai1WT-MDSnap-Fr300_cleaned,Orai1WT-MDSnap-Fr300_cleaned,BPZ_ideal,failed,No output from any sub-box,0,0.1,,20,22,2.0,,,,,,,,223,21026,1,32,8000,10,3,NVIDIA A100-SXM4-80GB,
2026-03-24T12:03:27.540015,BR4_ideal__Orai1WT-MDSnap-Fr300_cleaned,Orai1WT-MDSnap-Fr300_cleaned,BR4_ideal,failed,No output from any sub-box,0,0.1,,29,31,7.0,,,,,,,,223,21026,1,32,8000,10,3,NVIDIA A100-SXM4-80GB,
2026-03-24T12:03:27.563868,BRB_ideal__Orai1WT-MDSnap-Fr300_cleaned,Orai1WT-MDSnap-Fr300_cleaned,BRB_ideal,failed,No output from any sub-box,0,0.1,,9,10,1.0,,,,,,,,223,21026,1,32,8000,10,3,NVIDIA A100-SXM4-80GB,
2026-03-24T12:03:27.586680,BRV_ideal__Orai1WT-MDSnap-Fr300_cleaned,Orai1WT-MDSnap-Fr300_cleaned,BRV_ideal,failed,No output from any sub-box,0,0.1,,16,20,2.0,,,,,,,,223,21026,1,32,8000,10,3,NVIDIA A100-SXM4-80GB,
2026-03-24T12:03:27.615917,BS4_ideal__Orai1WT-MDSnap-Fr300_cleaned,Orai1WT-MDSnap-Fr300_cleaned,BS4_ideal,failed,No output from any sub-box,0,0.1,,19,22,2.0,,,,,,,,223,21026,1,32,8000,10,3,NVIDIA A100-SXM4-80GB,
2026-03-24T12:03:27.640861,BSB_ideal__Orai1WT-MDSnap-Fr300_cleaned,Orai1WT-MDSnap-Fr300_cleaned,BSB_ideal,failed,No output from any sub-box,0,0.1,,20,23,2.0,,,,,,,,223,21026,1,32,8000,10,3,NVIDIA A100-SXM4-80GB,
2026-03-24T12:03:27.665231,BSU_ideal__Orai1WT-MDSnap-Fr300_cleaned,Orai1WT-MDSnap-Fr300_cleaned,BSU_ideal,failed,No output from any sub-box,0,0.1,,16,18,1.0,,,,,,,,223,21026,1,32,8000,10,3,NVIDIA A100-SXM4-80GB,
2026-03-24T12:03:27.688332,BTL_ideal__Orai1WT-MDSnap-Fr300_cleaned,Orai1WT-MDSnap-Fr300_cleaned,BTL_ideal,failed,No output from any sub-box,0,0.1,,7,7,1.0,,,,,,,,223,21026,1,32,8000,10,3,NVIDIA A100-SXM4-80GB,
2026-03-24T12:03:27.716390,BTP_ideal__Orai1WT-MDSnap-Fr300_cleaned,Orai1WT-MDSnap-Fr300_cleaned,BTP_ideal,failed,No output from any sub-box,0,0.1,,13,15,3.0,,,,,,,,223,21026,1,32,8000,10,3,NVIDIA A100-SXM4-80GB,
2026-03-24T12:03:27.741482,BTX_ideal__Orai1WT-MDSnap-Fr300_cleaned,Orai1WT-MDSnap-Fr300_cleaned,BTX_ideal,failed,No output from any sub-box,0,0.1,,37,44,7.0,,,,,,,,223,21026,1,32,8000,10,3,NVIDIA A100-SXM4-80GB,
2026-03-24T12:03:27.764843,BU1_ideal__Orai1WT-MDSnap-Fr300_cleaned,Orai1WT-MDSnap-Fr300_cleaned,BU1_ideal,failed,No output from any sub-box,0,0.1,,6,8,2.0,,,,,,,,223,21026,1,32,8000,10,3,NVIDIA A100-SXM4-80GB,
2026-03-24T12:03:27.788712,BUI_ideal__Orai1WT-MDSnap-Fr300_cleaned,Orai1WT-MDSnap-Fr300_cleaned,BUI_ideal,failed,No output from any sub-box,0,0.1,,28,30,9.0,,,,,,,,223,21026,1,32,8000,10,3,NVIDIA A100-SXM4-80GB,
2026-03-24T12:03:27.818280,BUM_ideal__Orai1WT-MDSnap-Fr300_cleaned,Orai1WT-MDSnap-Fr300_cleaned,BUM_ideal,failed,No output from any sub-box,0,0.1,,10,13,1.0,,,,,,,,223,21026,1,32,8000,10,3,NVIDIA A100-SXM4-80GB,
2026-03-24T12:03:27.840368,BV1_ideal__Orai1WT-MDSnap-Fr300_cleaned,Orai1WT-MDSnap-Fr300_cleaned,BV1_ideal,failed,No output from any sub-box,0,0.1,,80,92,18.0,,,,,,,,223,21026,1,32,8000,10,3,NVIDIA A100-SXM4-80GB,
2026-03-24T12:03:27.864497,BV2_ideal__Orai1WT-MDSnap-Fr300_cleaned,Orai1WT-MDSnap-Fr300_cleaned,BV2_ideal,failed,No output from any sub-box,0,0.1,,84,98,20.0,,,,,,,,223,21026,1,32,8000,10,3,NVIDIA A100-SXM4-80GB,
2026-03-24T12:03:27.889087,BV3_ideal__Orai1WT-MDSnap-Fr300_cleaned,Orai1WT-MDSnap-Fr300_cleaned,BV3_ideal,failed,No output from any sub-box,0,0.1,,104,122,25.0,,,,,,,,223,21026,1,32,8000,10,3,NVIDIA A100-SXM4-80GB,
2026-03-24T12:03:27.916882,BV4_ideal__Orai1WT-MDSnap-Fr300_cleaned,Orai1WT-MDSnap-Fr300_cleaned,BV4_ideal,failed,No output from any sub-box,0,0.1,,126,144,36.0,,,,,,,,223,21026,1,32,8000,10,3,NVIDIA A100-SXM4-80GB,
2026-03-24T12:03:27.940340,BY6_ideal__Orai1WT-MDSnap-Fr300_cleaned,Orai1WT-MDSnap-Fr300_cleaned,BY6_ideal,failed,No output from any sub-box,0,0.1,,103,132,27.0,,,,,,,,223,21026,1,32,8000,10,3,NVIDIA A100-SXM4-80GB,
2026-03-24T12:03:27.963908,BZM_ideal__Orai1WT-MDSnap-Fr300_cleaned,Orai1WT-MDSnap-Fr300_cleaned,BZM_ideal,failed,No output from any sub-box,0,0.1,,16,16,2.0,,,,,,,,223,21026,1,32,8000,10,3,NVIDIA A100-SXM4-80GB,
2026-03-24T12:03:27.985208,BZQ_ideal__Orai1WT-MDSnap-Fr300_cleaned,Orai1WT-MDSnap-Fr300_cleaned,BZQ_ideal,failed,No output from any sub-box,0,0.1,,14,14,1.0,,,,,,,,223,21026,1,32,8000,10,3,NVIDIA A100-SXM4-80GB,
2026-03-24T12:03:28.016549,C11_ideal__Orai1WT-MDSnap-Fr300_cleaned,Orai1WT-MDSnap-Fr300_cleaned,C11_ideal,failed,No output from any sub-box,0,0.1,,18,19,7.0,,,,,,,,223,21026,1,32,8000,10,3,NVIDIA A100-SXM4-80GB,
2026-03-24T12:03:28.040734,C1D_ideal__Orai1WT-MDSnap-Fr300_cleaned,Orai1WT-MDSnap-Fr300_cleaned,C1D_ideal,failed,No output from any sub-box,0,0.1,,31,37,5.0,,,,,,,,223,21026,1,32,8000,10,3,NVIDIA A100-SXM4-80GB,
2026-03-24T12:03:28.063915,C1N_ideal__Orai1WT-MDSnap-Fr300_cleaned,Orai1WT-MDSnap-Fr300_cleaned,C1N_ideal,failed,No output from any sub-box,0,0.1,,40,44,8.0,,,,,,,,223,21026,1,32,8000,10,3,NVIDIA A100-SXM4-80GB,
2026-03-24T12:03:28.094191,C1R_ideal__Orai1WT-MDSnap-Fr300_cleaned,Orai1WT-MDSnap-Fr300_cleaned,C1R_ideal,failed,No output from any sub-box,0,0.1,,11,12,2.0,,,,,,,,223,21026,1,32,8000,10,3,NVIDIA A100-SXM4-80GB,
2026-03-24T12:03:28.118646,C3S_ideal__Orai1WT-MDSnap-Fr300_cleaned,Orai1WT-MDSnap-Fr300_cleaned,C3S_ideal,failed,No output from any sub-box,0,0.1,,32,33,4.0,,,,,,,,223,21026,1,32,8000,10,3,NVIDIA A100-SXM4-80GB,
2026-03-24T12:03:28.141683,C41_ideal__Orai1WT-MDSnap-Fr300_cleaned,Orai1WT-MDSnap-Fr300_cleaned,C41_ideal,failed,No output from any sub-box,0,0.1,,39,45,10.0,,,,,,,,223,21026,1,32,8000,10,3,NVIDIA A100-SXM4-80GB,
2026-03-24T12:03:28.164576,C5U_ideal__Orai1WT-MDSnap-Fr300_cleaned,Orai1WT-MDSnap-Fr300_cleaned,C5U_ideal,failed,No output from any sub-box,0,0.1,,25,26,3.0,,,,,,,,223,21026,1,32,8000,10,3,NVIDIA A100-SXM4-80GB,
2026-03-24T12:03:28.188456,C87_ideal__Orai1WT-MDSnap-Fr300_cleaned,Orai1WT-MDSnap-Fr300_cleaned,C87_ideal,failed,No output from any sub-box,0,0.1,,31,33,3.0,,,,,,,,223,21026,1,32,8000,10,3,NVIDIA A100-SXM4-80GB,
2026-03-24T12:03:28.216128,C8E_ideal__Orai1WT-MDSnap-Fr300_cleaned,Orai1WT-MDSnap-Fr300_cleaned,C8E_ideal,failed,No output from any sub-box,0,0.1,,21,22,9.0,,,,,,,,223,21026,1,32,8000,10,3,NVIDIA A100-SXM4-80GB,
2026-03-24T12:03:28.241732,C90_ideal__Orai1WT-MDSnap-Fr300_cleaned,Orai1WT-MDSnap-Fr300_cleaned,C90_ideal,failed,No output from any sub-box,0,0.1,,32,36,4.0,,,,,,,,223,21026,1,32,8000,10,3,NVIDIA A100-SXM4-80GB,
2026-03-24T12:03:28.269774,CA3_ideal__Orai1WT-MDSnap-Fr300_cleaned,Orai1WT-MDSnap-Fr300_cleaned,CA3_ideal,failed,No output from any sub-box,0,0.1,,66,78,17.0,,,,,,,,223,21026,1,32,8000,10,3,NVIDIA A100-SXM4-80GB,
2026-03-24T12:03:28.293384,CA5_ideal__Orai1WT-MDSnap-Fr300_cleaned,Orai1WT-MDSnap-Fr300_cleaned,CA5_ideal,failed,No output from any sub-box,0,0.1,,64,76,15.0,,,,,,,,223,21026,1,32,8000,10,3,NVIDIA A100-SXM4-80GB,
2026-03-24T12:03:28.318574,CAA_ideal__Orai1WT-MDSnap-Fr300_cleaned,Orai1WT-MDSnap-Fr300_cleaned,CAA_ideal,failed,No output from any sub-box,0,0.1,,54,64,14.0,,,,,,,,223,21026,1,32,8000,10,3,NVIDIA A100-SXM4-80GB,
2026-03-24T12:03:28.342843,CAI_ideal__Orai1WT-MDSnap-Fr300_cleaned,Orai1WT-MDSnap-Fr300_cleaned,CAI_ideal,failed,No output from any sub-box,0,0.1,,61,63,14.0,,,,,,,,223,21026,1,32,8000,10,3,NVIDIA A100-SXM4-80GB,
2026-03-24T12:03:28.365617,CAO_ideal__Orai1WT-MDSnap-Fr300_cleaned,Orai1WT-MDSnap-Fr300_cleaned,CAO_ideal,failed,No output from any sub-box,0,0.1,,49,60,13.0,,,,,,,,223,21026,1,32,8000,10,3,NVIDIA A100-SXM4-80GB,
2026-03-24T12:03:28.389123,CAQ_ideal__Orai1WT-MDSnap-Fr300_cleaned,Orai1WT-MDSnap-Fr300_cleaned,CAQ_ideal,failed,No output from any sub-box,0,0.1,,8,10,1.0,,,,,,,,223,21026,1,32,8000,10,3,NVIDIA A100-SXM4-80GB,
2026-03-24T12:03:28.416126,CAX_ideal__Orai1WT-MDSnap-Fr300_cleaned,Orai1WT-MDSnap-Fr300_cleaned,CAX_ideal,failed,No output from any sub-box,0,0.1,,13,15,2.0,,,,,,,,223,21026,1,32,8000,10,3,NVIDIA A100-SXM4-80GB,
2026-03-24T12:03:28.440918,CBD_ideal__Orai1WT-MDSnap-Fr300_cleaned,Orai1WT-MDSnap-Fr300_cleaned,CBD_ideal,failed,No output from any sub-box,0,0.1,,51,59,6.0,,,,,,,,223,21026,1,32,8000,10,3,NVIDIA A100-SXM4-80GB,
2026-03-24T12:03:28.465199,CBN_ideal__Orai1WT-MDSnap-Fr300_cleaned,Orai1WT-MDSnap-Fr300_cleaned,CBN_ideal,failed,No output from any sub-box,0,0.1,,49,54,6.0,,,,,,,,223,21026,1,32,8000,10,3,NVIDIA A100-SXM4-80GB,
2026-03-24T12:03:28.489807,CBO_ideal__Orai1WT-MDSnap-Fr300_cleaned,Orai1WT-MDSnap-Fr300_cleaned,CBO_ideal,failed,No output from any sub-box,0,0.1,,41,43,4.0,,,,,,,,223,21026,1,32,8000,10,3,NVIDIA A100-SXM4-80GB,
2026-03-24T12:03:28.516331,CBQ_ideal__Orai1WT-MDSnap-Fr300_cleaned,Orai1WT-MDSnap-Fr300_cleaned,CBQ_ideal,failed,No output from any sub-box,0,0.1,,17,22,4.0,,,,,,,,223,21026,1,32,8000,10,3,NVIDIA A100-SXM4-80GB,
2026-03-24T12:03:28.540165,CC0_ideal__Orai1WT-MDSnap-Fr300_cleaned,Orai1WT-MDSnap-Fr300_cleaned,CC0_ideal,failed,No output from any sub-box,0,0.1,,43,50,8.0,,,,,,,,223,21026,1,32,8000,10,3,NVIDIA A100-SXM4-80GB,
2026-03-24T12:03:28.564383,CCB_ideal__Orai1WT-MDSnap-Fr300_cleaned,Orai1WT-MDSnap-Fr300_cleaned,CCB_ideal,failed,No output from any sub-box,0,0.1,,12,12,1.0,,,,,,,,223,21026,1,32,8000,10,3,NVIDIA A100-SXM4-80GB,
2026-03-24T12:03:28.587529,CCE_ideal__Orai1WT-MDSnap-Fr300_cleaned,Orai1WT-MDSnap-Fr300_cleaned,CCE_ideal,failed,No output from any sub-box,0,0.1,,10,12,2.0,,,,,,,,223,21026,1,32,8000,10,3,NVIDIA A100-SXM4-80GB,
2026-03-24T12:03:28.618205,CCQ_ideal__Orai1WT-MDSnap-Fr300_cleaned,Orai1WT-MDSnap-Fr300_cleaned,CCQ_ideal,failed,No output from any sub-box,0,0.1,,58,68,15.0,,,,,,,,223,21026,1,32,8000,10,3,NVIDIA A100-SXM4-80GB,
2026-03-24T12:03:28.633921,CDA_ideal__Orai1WT-MDSnap-Fr300_cleaned,Orai1WT-MDSnap-Fr300_cleaned,CDA_ideal,failed,No output from any sub-box,0,0.1,,31,33,4.0,,,,,,,,223,21026,1,32,8000,10,3,NVIDIA A100-SXM4-80GB,
2026-03-24T12:03:28.654840,CDB_ideal__Orai1WT-MDSnap-Fr300_cleaned,Orai1WT-MDSnap-Fr300_cleaned,CDB_ideal,failed,No output from any sub-box,0,0.1,,32,36,4.0,,,,,,,,223,21026,1,32,8000,10,3,NVIDIA A100-SXM4-80GB,
2026-03-24T12:03:28.678661,CDD_ideal__Orai1WT-MDSnap-Fr300_cleaned,Orai1WT-MDSnap-Fr300_cleaned,CDD_ideal,failed,No output from any sub-box,0,0.1,,32,34,4.0,,,,,,,,223,21026,1,32,8000,10,3,NVIDIA A100-SXM4-80GB,
2026-03-24T12:03:28.715484,CDL_ideal__Orai1WT-MDSnap-Fr300_cleaned,Orai1WT-MDSnap-Fr300_cleaned,CDL_ideal,failed,No output from any sub-box,0,0.1,,100,101,43.0,,,,,,,,223,21026,1,32,8000,10,3,NVIDIA A100-SXM4-80GB,
2026-03-24T12:03:28.740557,CDU_ideal__Orai1WT-MDSnap-Fr300_cleaned,Orai1WT-MDSnap-Fr300_cleaned,CDU_ideal,failed,No output from any sub-box,0,0.1,,20,22,5.0,,,,,,,,223,21026,1,32,8000,10,3,NVIDIA A100-SXM4-80GB,
2026-03-24T12:03:28.765103,CDX_ideal__Orai1WT-MDSnap-Fr300_cleaned,Orai1WT-MDSnap-Fr300_cleaned,CDX_ideal,failed,No output from any sub-box,0,0.1,,19,21,1.0,,,,,,,,223,21026,1,32,8000,10,3,NVIDIA A100-SXM4-80GB,
2026-03-24T12:03:28.789731,CEQ_ideal__Orai1WT-MDSnap-Fr300_cleaned,Orai1WT-MDSnap-Fr300_cleaned,CEQ_ideal,failed,No output from any sub-box,0,0.1,,6,6,0.0,,,,,,,,223,21026,1,32,8000,10,3,NVIDIA A100-SXM4-80GB,
2026-03-24T12:03:28.816143,CG2_ideal__Orai1WT-MDSnap-Fr300_cleaned,Orai1WT-MDSnap-Fr300_cleaned,CG2_ideal,failed,No output from any sub-box,0,0.1,,40,50,7.0,,,,,,,,223,21026,1,32,8000,10,3,NVIDIA A100-SXM4-80GB,
2026-03-24T12:03:28.841406,CHL_ideal__Orai1WT-MDSnap-Fr300_cleaned,Orai1WT-MDSnap-Fr300_cleaned,CHL_ideal,failed,No output from any sub-box,0,0.1,,66,66,11.0,,,,,,,,223,21026,1,32,8000,10,3,NVIDIA A100-SXM4-80GB,
2026-03-24T12:03:28.865490,CHT_ideal__Orai1WT-MDSnap-Fr300_cleaned,Orai1WT-MDSnap-Fr300_cleaned,CHT_ideal,failed,No output from any sub-box,0,0.1,,7,8,1.0,,,,,,,,223,21026,1,32,8000,10,3,NVIDIA A100-SXM4-80GB,
2026-03-24T12:03:28.901211,CHZ_ideal__Orai1WT-MDSnap-Fr300_cleaned,Orai1WT-MDSnap-Fr300_cleaned,CHZ_ideal,failed,No output from any sub-box,0,0.1,,18,20,1.0,,,,,,,,223,21026,1,32,8000,10,3,NVIDIA A100-SXM4-80GB,
2026-03-24T12:03:28.939271,CIS_ideal__Orai1WT-MDSnap-Fr300_cleaned,Orai1WT-MDSnap-Fr300_cleaned,CIS_ideal,failed,No output from any sub-box,0,0.1,,61,67,23.0,,,,,,,,223,21026,1,32,8000,10,3,NVIDIA A100-SXM4-80GB,
2026-03-24T12:03:28.963941,CIU_ideal__Orai1WT-MDSnap-Fr300_cleaned,Orai1WT-MDSnap-Fr300_cleaned,CIU_ideal,failed,No output from any sub-box,0,0.1,,17,19,1.0,,,,,,,,223,21026,1,32,8000,10,3,NVIDIA A100-SXM4-80GB,
2026-03-24T12:03:28.987818,CK4_ideal__Orai1WT-MDSnap-Fr300_cleaned,Orai1WT-MDSnap-Fr300_cleaned,CK4_ideal,failed,No output from any sub-box,0,0.1,,24,25,2.0,,,,,,,,223,21026,1,32,8000,10,3,NVIDIA A100-SXM4-80GB,
2026-03-24T12:03:29.018328,CLL_ideal__Orai1WT-MDSnap-Fr300_cleaned,Orai1WT-MDSnap-Fr300_cleaned,CLL_ideal,failed,No output from any sub-box,0,0.1,,47,47,10.0,,,,,,,,223,21026,1,32,8000,10,3,NVIDIA A100-SXM4-80GB,
2026-03-24T12:03:29.040644,CLT_ideal__Orai1WT-MDSnap-Fr300_cleaned,Orai1WT-MDSnap-Fr300_cleaned,CLT_ideal,failed,No output from any sub-box,0,0.1,,12,13,2.0,,,,,,,,223,21026,1,32,8000,10,3,NVIDIA A100-SXM4-80GB,
2026-03-24T12:03:29.064170,CLU_ideal__Orai1WT-MDSnap-Fr300_cleaned,Orai1WT-MDSnap-Fr300_cleaned,CLU_ideal,failed,No output from any sub-box,0,0.1,,14,16,0.0,,,,,,,,223,21026,1,32,8000,10,3,NVIDIA A100-SXM4-80GB,
2026-03-24T12:03:29.088689,CLX_ideal__Orai1WT-MDSnap-Fr300_cleaned,Orai1WT-MDSnap-Fr300_cleaned,CLX_ideal,failed,No output from any sub-box,0,0.1,,6,6,0.0,,,,,,,,223,21026,1,32,8000,10,3,NVIDIA A100-SXM4-80GB,
2026-03-24T12:03:29.116269,CM1_ideal__Orai1WT-MDSnap-Fr300_cleaned,Orai1WT-MDSnap-Fr300_cleaned,CM1_ideal,failed,No output from any sub-box,0,0.1,,60,64,16.0,,,,,,,,223,21026,1,32,8000,10,3,NVIDIA A100-SXM4-80GB,
2026-03-24T12:03:29.140486,CM2_ideal__Orai1WT-MDSnap-Fr300_cleaned,Orai1WT-MDSnap-Fr300_cleaned,CM2_ideal,failed,No output from any sub-box,0,0.1,,59,63,15.0,,,,,,,,223,21026,1,32,8000,10,3,NVIDIA A100-SXM4-80GB,
2026-03-24T12:03:29.163709,CM5_ideal__Orai1WT-MDSnap-Fr300_cleaned,Orai1WT-MDSnap-Fr300_cleaned,CM5_ideal,failed,No output from any sub-box,0,0.1,,34,41,9.0,,,,,,,,223,21026,1,32,8000,10,3,NVIDIA A100-SXM4-80GB,
2026-03-24T12:03:29.185570,CNA_ideal__Orai1WT-MDSnap-Fr300_cleaned,Orai1WT-MDSnap-Fr300_cleaned,CNA_ideal,failed,No output from any sub-box,0,0.1,,44,54,9.0,,,,,,,,223,21026,1,32,8000,10,3,NVIDIA A100-SXM4-80GB,
2026-03-24T12:03:29.216035,CND_ideal__Orai1WT-MDSnap-Fr300_cleaned,Orai1WT-MDSnap-Fr300_cleaned,CND_ideal,failed,No output from any sub-box,0,0.1,,44,54,8.0,,,,,,,,223,21026,1,32,8000,10,3,NVIDIA A100-SXM4-80GB,
2026-03-24T12:03:29.240147,CNH_ideal__Orai1WT-MDSnap-Fr300_cleaned,Orai1WT-MDSnap-Fr300_cleaned,CNH_ideal,failed,No output from any sub-box,0,0.1,,6,7,0.0,,,,,,,,223,21026,1,32,8000,10,3,NVIDIA A100-SXM4-80GB,
2026-03-24T12:03:29.263879,CNS_ideal__Orai1WT-MDSnap-Fr300_cleaned,Orai1WT-MDSnap-Fr300_cleaned,CNS_ideal,failed,No output from any sub-box,0,0.1,,26,26,11.0,,,,,,,,223,21026,1,32,8000,10,3,NVIDIA A100-SXM4-80GB,
2026-03-24T12:03:29.286291,CO2_ideal__Orai1WT-MDSnap-Fr300_cleaned,Orai1WT-MDSnap-Fr300_cleaned,CO2_ideal,failed,No output from any sub-box,0,0.1,,3,3,,,,,,,,,223,21026,1,32,8000,10,3,NVIDIA A100-SXM4-80GB,
2026-03-24T12:03:29.316628,CO3_ideal__Orai1WT-MDSnap-Fr300_cleaned,Orai1WT-MDSnap-Fr300_cleaned,CO3_ideal,failed,No output from any sub-box,0,0.1,,4,4,,,,,,,,,223,21026,1,32,8000,10,3,NVIDIA A100-SXM4-80GB,
2026-03-24T12:03:29.341482,CO8_ideal__Orai1WT-MDSnap-Fr300_cleaned,Orai1WT-MDSnap-Fr300_cleaned,CO8_ideal,failed,No output from any sub-box,0,0.1,,57,67,16.0,,,,,,,,223,21026,1,32,8000,10,3,NVIDIA A100-SXM4-80GB,
2026-03-24T12:03:29.365111,COA_ideal__Orai1WT-MDSnap-Fr300_cleaned,Orai1WT-MDSnap-Fr300_cleaned,COA_ideal,failed,No output from any sub-box,0,0.1,,48,59,13.0,,,,,,,,223,21026,1,32,8000,10,3,NVIDIA A100-SXM4-80GB,
2026-03-24T12:03:29.388794,COD_ideal__Orai1WT-MDSnap-Fr300_cleaned,Orai1WT-MDSnap-Fr300_cleaned,COD_ideal,failed,No output from any sub-box,0,0.1,,44,54,11.0,,,,,,,,223,21026,1,32,8000,10,3,NVIDIA A100-SXM4-80GB,
2026-03-24T12:03:29.416519,COF_ideal__Orai1WT-MDSnap-Fr300_cleaned,Orai1WT-MDSnap-Fr300_cleaned,COF_ideal,failed,No output from any sub-box,0,0.1,,55,65,14.0,,,,,,,,223,21026,1,32,8000,10,3,NVIDIA A100-SXM4-80GB,
2026-03-24T12:03:29.440461,COS_ideal__Orai1WT-MDSnap-Fr300_cleaned,Orai1WT-MDSnap-Fr300_cleaned,COS_ideal,failed,No output from any sub-box,0,0.1,,49,60,13.0,,,,,,,,223,21026,1,32,8000,10,3,NVIDIA A100-SXM4-80GB,
2026-03-24T12:03:29.462632,COT_ideal__Orai1WT-MDSnap-Fr300_cleaned,Orai1WT-MDSnap-Fr300_cleaned,COT_ideal,failed,No output from any sub-box,0,0.1,,63,75,15.0,,,,,,,,223,21026,1,32,8000,10,3,NVIDIA A100-SXM4-80GB,
2026-03-24T12:03:29.486750,COX_ideal__Orai1WT-MDSnap-Fr300_cleaned,Orai1WT-MDSnap-Fr300_cleaned,COX_ideal,failed,No output from any sub-box,0,0.1,,22,24,2.0,,,,,,,,223,21026,1,32,8000,10,3,NVIDIA A100-SXM4-80GB,
2026-03-24T12:03:29.517110,CP0_ideal__Orai1WT-MDSnap-Fr300_cleaned,Orai1WT-MDSnap-Fr300_cleaned,CP0_ideal,failed,No output from any sub-box,0,0.1,,43,44,3.0,,,,,,,,223,21026,1,32,8000,10,3,NVIDIA A100-SXM4-80GB,
2026-03-24T12:03:29.540118,CP4_ideal__Orai1WT-MDSnap-Fr300_cleaned,Orai1WT-MDSnap-Fr300_cleaned,CP4_ideal,failed,No output from any sub-box,0,0.1,,34,38,5.0,,,,,,,,223,21026,1,32,8000,10,3,NVIDIA A100-SXM4-80GB,
2026-03-24T12:03:29.564215,CP5_ideal__Orai1WT-MDSnap-Fr300_cleaned,Orai1WT-MDSnap-Fr300_cleaned,CP5_ideal,failed,No output from any sub-box,0,0.1,,15,15,2.0,,,,,,,,223,21026,1,32,8000,10,3,NVIDIA A100-SXM4-80GB,
2026-03-24T12:03:29.588367,CPJ_ideal__Orai1WT-MDSnap-Fr300_cleaned,Orai1WT-MDSnap-Fr300_cleaned,CPJ_ideal,failed,No output from any sub-box,0,0.1,,30,34,5.0,,,,,,,,223,21026,1,32,8000,10,3,NVIDIA A100-SXM4-80GB,
2026-03-24T12:03:29.637682,CPL_ideal__Orai1WT-MDSnap-Fr300_cleaned,Orai1WT-MDSnap-Fr300_cleaned,CPL_ideal,failed,No output from any sub-box,0,0.1,,52,52,20.0,,,,,,,,223,21026,1,32,8000,10,3,NVIDIA A100-SXM4-80GB,
2026-03-24T12:03:29.659848,CPQ_ideal__Orai1WT-MDSnap-Fr300_cleaned,Orai1WT-MDSnap-Fr300_cleaned,CPQ_ideal,failed,No output from any sub-box,0,0.1,,60,74,17.0,,,,,,,,223,21026,1,32,8000,10,3,NVIDIA A100-SXM4-80GB,
2026-03-24T12:03:29.684506,CPZ_ideal__Orai1WT-MDSnap-Fr300_cleaned,Orai1WT-MDSnap-Fr300_cleaned,CPZ_ideal,failed,No output from any sub-box,0,0.1,,12,13,0.0,,,,,,,,223,21026,1,32,8000,10,3,NVIDIA A100-SXM4-80GB,
2026-03-24T12:03:29.716568,CRZ_ideal__Orai1WT-MDSnap-Fr300_cleaned,Orai1WT-MDSnap-Fr300_cleaned,CRZ_ideal,failed,No output from any sub-box,0,0.1,,19,20,2.0,,,,,,,,223,21026,1,32,8000,10,3,NVIDIA A100-SXM4-80GB,
2026-03-24T12:03:29.740476,CVB_ideal__Orai1WT-MDSnap-Fr300_cleaned,Orai1WT-MDSnap-Fr300_cleaned,CVB_ideal,failed,No output from any sub-box,0,0.1,,14,17,3.0,,,,,,,,223,21026,1,32,8000,10,3,NVIDIA A100-SXM4-80GB,
2026-03-24T12:03:29.764231,CXF_ideal__Orai1WT-MDSnap-Fr300_cleaned,Orai1WT-MDSnap-Fr300_cleaned,CXF_ideal,failed,No output from any sub-box,0,0.1,,9,10,0.0,,,,,,,,223,21026,1,32,8000,10,3,NVIDIA A100-SXM4-80GB,
2026-03-24T12:03:29.786067,CXL_ideal__Orai1WT-MDSnap-Fr300_cleaned,Orai1WT-MDSnap-Fr300_cleaned,CXL_ideal,failed,No output from any sub-box,0,0.1,,7,8,0.0,,,,,,,,223,21026,1,32,8000,10,3,NVIDIA A100-SXM4-80GB,
2026-03-24T12:03:29.816500,CXP_ideal__Orai1WT-MDSnap-Fr300_cleaned,Orai1WT-MDSnap-Fr300_cleaned,CXP_ideal,failed,No output from any sub-box,0,0.1,,11,12,2.0,,,,,,,,223,21026,1,32,8000,10,3,NVIDIA A100-SXM4-80GB,
2026-03-24T12:03:29.840470,CYH_ideal__Orai1WT-MDSnap-Fr300_cleaned,Orai1WT-MDSnap-Fr300_cleaned,CYH_ideal,failed,No output from any sub-box,0,0.1,,7,7,,,,,,,,,223,21026,1,32,8000,10,3,NVIDIA A100-SXM4-80GB,
2026-03-24T12:03:29.864772,CYU_ideal__Orai1WT-MDSnap-Fr300_cleaned,Orai1WT-MDSnap-Fr300_cleaned,CYU_ideal,failed,No output from any sub-box,0,0.1,,70,78,16.0,,,,,,,,223,21026,1,32,8000,10,3,NVIDIA A100-SXM4-80GB,
2026-03-24T12:03:29.889282,D1D_ideal__Orai1WT-MDSnap-Fr300_cleaned,Orai1WT-MDSnap-Fr300_cleaned,D1D_ideal,failed,No output from any sub-box,0,0.1,,8,10,1.0,,,,,,,,223,21026,1,32,8000,10,3,NVIDIA A100-SXM4-80GB,
2026-03-24T12:03:29.916659,D4G_ideal__Orai1WT-MDSnap-Fr300_cleaned,Orai1WT-MDSnap-Fr300_cleaned,D4G_ideal,failed,No output from any sub-box,0,0.1,,14,14,1.0,,,,,,,,223,21026,1,32,8000,10,3,NVIDIA A100-SXM4-80GB,
2026-03-24T12:03:29.952560,D4P_ideal__Orai1WT-MDSnap-Fr300_cleaned,Orai1WT-MDSnap-Fr300_cleaned,D4P_ideal,failed,No output from any sub-box,0,0.1,,12,16,2.0,,,,,,,,223,21026,1,32,8000,10,3,NVIDIA A100-SXM4-80GB,
2026-03-24T12:03:29.978456,D8W_ideal__Orai1WT-MDSnap-Fr300_cleaned,Orai1WT-MDSnap-Fr300_cleaned,D8W_ideal,failed,No output from any sub-box,0,0.1,,19,22,2.0,,,,,,,,223,21026,1,32,8000,10,3,NVIDIA A100-SXM4-80GB,
2026-03-24T12:03:30.001254,DAK_ideal__Orai1WT-MDSnap-Fr300_cleaned,Orai1WT-MDSnap-Fr300_cleaned,DAK_ideal,failed,No output from any sub-box,0,0.1,,61,71,15.0,,,,,,,,223,21026,1,32,8000,10,3,NVIDIA A100-SXM4-80GB,
2026-03-24T12:03:30.037768,DB8_ideal__Orai1WT-MDSnap-Fr300_cleaned,Orai1WT-MDSnap-Fr300_cleaned,DB8_ideal,failed,No output from any sub-box,0,0.1,,36,37,4.0,,,,,,,,223,21026,1,32,8000,10,3,NVIDIA A100-SXM4-80GB,
2026-03-24T12:03:30.060184,DBA_ideal__Orai1WT-MDSnap-Fr300_cleaned,Orai1WT-MDSnap-Fr300_cleaned,DBA_ideal,failed,No output from any sub-box,0,0.1,,13,14,2.0,,,,,,,,223,21026,1,32,8000,10,3,NVIDIA A100-SXM4-80GB,
2026-03-24T12:03:30.082728,DBE_ideal__Orai1WT-MDSnap-Fr300_cleaned,Orai1WT-MDSnap-Fr300_cleaned,DBE_ideal,failed,No output from any sub-box,0,0.1,,16,18,2.0,,,,,,,,223,21026,1,32,8000,10,3,NVIDIA A100-SXM4-80GB,
2026-03-24T12:03:30.115952,DBF_ideal__Orai1WT-MDSnap-Fr300_cleaned,Orai1WT-MDSnap-Fr300_cleaned,DBF_ideal,failed,No output from any sub-box,0,0.1,,19,21,2.0,,,,,,,,223,21026,1,32,8000,10,3,NVIDIA A100-SXM4-80GB,
2026-03-24T12:03:30.139685,DBY_ideal__Orai1WT-MDSnap-Fr300_cleaned,Orai1WT-MDSnap-Fr300_cleaned,DBY_ideal,failed,No output from any sub-box,0,0.1,,15,19,3.0,,,,,,,,223,21026,1,32,8000,10,3,NVIDIA A100-SXM4-80GB,
2026-03-24T12:03:30.162718,DCA_ideal__Orai1WT-MDSnap-Fr300_cleaned,Orai1WT-MDSnap-Fr300_cleaned,DCA_ideal,failed,No output from any sub-box,0,0.1,,47,57,12.0,,,,,,,,223,21026,1,32,8000,10,3,NVIDIA A100-SXM4-80GB,
2026-03-24T12:03:30.185348,DCC_ideal__Orai1WT-MDSnap-Fr300_cleaned,Orai1WT-MDSnap-Fr300_cleaned,DCC_ideal,failed,No output from any sub-box,0,0.1,,61,71,18.0,,,,,,,,223,21026,1,32,8000,10,3,NVIDIA A100-SXM4-80GB,
2026-03-24T12:03:30.216032,DCD_ideal__Orai1WT-MDSnap-Fr300_cleaned,Orai1WT-MDSnap-Fr300_cleaned,DCD_ideal,failed,No output from any sub-box,0,0.1,,8,9,1.0,,,,,,,,223,21026,1,32,8000,10,3,NVIDIA A100-SXM4-80GB,
2026-03-24T12:03:30.238669,DCE_ideal__Orai1WT-MDSnap-Fr300_cleaned,Orai1WT-MDSnap-Fr300_cleaned,DCE_ideal,failed,No output from any sub-box,0,0.1,,4,4,0.0,,,,,,,,223,21026,1,32,8000,10,3,NVIDIA A100-SXM4-80GB,
2026-03-24T12:03:30.260538,DCO_ideal__Orai1WT-MDSnap-Fr300_cleaned,Orai1WT-MDSnap-Fr300_cleaned,DCO_ideal,failed,No output from any sub-box,0,0.1,,12,15,3.0,,,,,,,,223,21026,1,32,8000,10,3,NVIDIA A100-SXM4-80GB,
2026-03-24T12:03:30.283392,DDF_ideal__Orai1WT-MDSnap-Fr300_cleaned,Orai1WT-MDSnap-Fr300_cleaned,DDF_ideal,failed,No output from any sub-box,0,0.1,,32,39,6.0,,,,,,,,223,21026,1,32,8000,10,3,NVIDIA A100-SXM4-80GB,
2026-03-24T12:03:30.316651,DDP_ideal__Orai1WT-MDSnap-Fr300_cleaned,Orai1WT-MDSnap-Fr300_cleaned,DDP_ideal,failed,No output from any sub-box,0,0.1,,10,16,2.0,,,,,,,,223,21026,1,32,8000,10,3,NVIDIA A100-SXM4-80GB,
2026-03-24T12:03:30.341981,DDT_ideal__Orai1WT-MDSnap-Fr300_cleaned,Orai1WT-MDSnap-Fr300_cleaned,DDT_ideal,failed,No output from any sub-box,0,0.1,,45,47,6.0,,,,,,,,223,21026,1,32,8000,10,3,NVIDIA A100-SXM4-80GB,
2026-03-24T12:03:30.365551,DEO_ideal__Orai1WT-MDSnap-Fr300_cleaned,Orai1WT-MDSnap-Fr300_cleaned,DEO_ideal,failed,No output from any sub-box,0,0.1,,35,36,5.0,,,,,,,,223,21026,1,32,8000,10,3,NVIDIA A100-SXM4-80GB,
2026-03-24T12:03:30.388498,DEP_ideal__Orai1WT-MDSnap-Fr300_cleaned,Orai1WT-MDSnap-Fr300_cleaned,DEP_ideal,failed,No output from any sub-box,0,0.1,,8,9,2.0,,,,,,,,223,21026,1,32,8000,10,3,NVIDIA A100-SXM4-80GB,
2026-03-24T12:03:30.418400,DEQ_ideal__Orai1WT-MDSnap-Fr300_cleaned,Orai1WT-MDSnap-Fr300_cleaned,DEQ_ideal,failed,No output from any sub-box,0,0.1,,34,38,6.0,,,,,,,,223,21026,1,32,8000,10,3,NVIDIA A100-SXM4-80GB,
2026-03-24T12:03:30.443218,DES_ideal__Orai1WT-MDSnap-Fr300_cleaned,Orai1WT-MDSnap-Fr300_cleaned,DES_ideal,failed,No output from any sub-box,0,0.1,,20,22,3.0,,,,,,,,223,21026,1,32,8000,10,3,NVIDIA A100-SXM4-80GB,
2026-03-24T12:03:30.465674,DFA_ideal__Orai1WT-MDSnap-Fr300_cleaned,Orai1WT-MDSnap-Fr300_cleaned,DFA_ideal,failed,No output from any sub-box,0,0.1,,16,17,2.0,,,,,,,,223,21026,1,32,8000,10,3,NVIDIA A100-SXM4-80GB,
2026-03-24T12:03:30.490297,DFP_ideal__Orai1WT-MDSnap-Fr300_cleaned,Orai1WT-MDSnap-Fr300_cleaned,DFP_ideal,failed,No output from any sub-box,0,0.1,,10,11,2.0,,,,,,,,223,21026,1,32,8000,10,3,NVIDIA A100-SXM4-80GB,
2026-03-24T12:03:30.516345,DGB_ideal__Orai1WT-MDSnap-Fr300_cleaned,Orai1WT-MDSnap-Fr300_cleaned,DGB_ideal,failed,No output from any sub-box,0,0.1,,29,30,4.0,,,,,,,,223,21026,1,32,8000,10,3,NVIDIA A100-SXM4-80GB,
2026-03-24T12:03:30.541519,DGD_ideal__Orai1WT-MDSnap-Fr300_cleaned,Orai1WT-MDSnap-Fr300_cleaned,DGD_ideal,failed,No output from any sub-box,0,0.1,,66,73,25.0,,,,,,,,223,21026,1,32,8000,10,3,NVIDIA A100-SXM4-80GB,
2026-03-24T12:03:30.566010,DGG_ideal__Orai1WT-MDSnap-Fr300_cleaned,Orai1WT-MDSnap-Fr300_cleaned,DGG_ideal,failed,No output from any sub-box,0,0.1,,50,53,21.0,,,,,,,,223,21026,1,32,8000,10,3,NVIDIA A100-SXM4-80GB,
2026-03-24T12:03:30.591039,DGX_ideal__Orai1WT-MDSnap-Fr300_cleaned,Orai1WT-MDSnap-Fr300_cleaned,DGX_ideal,failed,No output from any sub-box,0,0.1,,55,61,6.0,,,,,,,,223,21026,1,32,8000,10,3,NVIDIA A100-SXM4-80GB,
2026-03-24T12:03:30.617651,DHG_ideal__Orai1WT-MDSnap-Fr300_cleaned,Orai1WT-MDSnap-Fr300_cleaned,DHG_ideal,failed,No output from any sub-box,0,0.1,,28,31,11.0,,,,,,,,223,21026,1,32,8000,10,3,NVIDIA A100-SXM4-80GB,
2026-03-24T12:03:30.644477,DHR_ideal__Orai1WT-MDSnap-Fr300_cleaned,Orai1WT-MDSnap-Fr300_cleaned,DHR_ideal,failed,No output from any sub-box,0,0.1,,11,13,1.0,,,,,,,,223,21026,1,32,8000,10,3,NVIDIA A100-SXM4-80GB,
2026-03-24T12:03:30.667783,DI4_ideal__Orai1WT-MDSnap-Fr300_cleaned,Orai1WT-MDSnap-Fr300_cleaned,DI4_ideal,failed,No output from any sub-box,0,0.1,,32,38,8.0,,,,,,,,223,21026,1,32,8000,10,3,NVIDIA A100-SXM4-80GB,
2026-03-24T12:03:30.691557,DID_ideal__Orai1WT-MDSnap-Fr300_cleaned,Orai1WT-MDSnap-Fr300_cleaned,DID_ideal,failed,No output from any sub-box,0,0.1,,26,32,5.0,,,,,,,,223,21026,1,32,8000,10,3,NVIDIA A100-SXM4-80GB,
2026-03-24T12:03:30.716153,DIF_ideal__Orai1WT-MDSnap-Fr300_cleaned,Orai1WT-MDSnap-Fr300_cleaned,DIF_ideal,failed,No output from any sub-box,0,0.1,,19,21,2.0,,,,,,,,223,21026,1,32,8000,10,3,NVIDIA A100-SXM4-80GB,
2026-03-24T12:03:30.739134,DII_ideal__Orai1WT-MDSnap-Fr300_cleaned,Orai1WT-MDSnap-Fr300_cleaned,DII_ideal,failed,No output from any sub-box,0,0.1,,11,11,2.0,,,,,,,,223,21026,1,32,8000,10,3,NVIDIA A100-SXM4-80GB,
2026-03-24T12:03:30.760085,DIO_ideal__Orai1WT-MDSnap-Fr300_cleaned,Orai1WT-MDSnap-Fr300_cleaned,DIO_ideal,failed,No output from any sub-box,0,0.1,,6,6,,,,,,,,,223,21026,1,32,8000,10,3,NVIDIA A100-SXM4-80GB,
2026-03-24T12:03:30.780574,DKK_ideal__Orai1WT-MDSnap-Fr300_cleaned,Orai1WT-MDSnap-Fr300_cleaned,DKK_ideal,failed,No output from any sub-box,0,0.1,,31,37,5.0,,,,,,,,223,21026,1,32,8000,10,3,NVIDIA A100-SXM4-80GB,
2026-03-24T12:03:30.799601,DKT_ideal__Orai1WT-MDSnap-Fr300_cleaned,Orai1WT-MDSnap-Fr300_cleaned,DKT_ideal,failed,No output from any sub-box,0,0.1,,55,65,12.0,,,,,,,,223,21026,1,32,8000,10,3,NVIDIA A100-SXM4-80GB,
2026-03-24T12:03:30.833710,DLP_ideal__Orai1WT-MDSnap-Fr300_cleaned,Orai1WT-MDSnap-Fr300_cleaned,DLP_ideal,failed,No output from any sub-box,0,0.1,,54,54,20.0,,,,,,,,223,21026,1,32,8000,10,3,NVIDIA A100-SXM4-80GB,
2026-03-24T12:03:30.857064,DMB_ideal__Orai1WT-MDSnap-Fr300_cleaned,Orai1WT-MDSnap-Fr300_cleaned,DMB_ideal,failed,No output from any sub-box,0,0.1,,20,22,2.0,,,,,,,,223,21026,1,32,8000,10,3,NVIDIA A100-SXM4-80GB,
2026-03-24T12:03:30.877730,DMF_ideal__Orai1WT-MDSnap-Fr300_cleaned,Orai1WT-MDSnap-Fr300_cleaned,DMF_ideal,failed,No output from any sub-box,0,0.1,,5,5,,,,,,,,,223,21026,1,32,8000,10,3,NVIDIA A100-SXM4-80GB,
2026-03-24T12:03:30.899819,DMS_ideal__Orai1WT-MDSnap-Fr300_cleaned,Orai1WT-MDSnap-Fr300_cleaned,DMS_ideal,failed,No output from any sub-box,0,0.1,,4,4,,,,,,,,,223,21026,1,32,8000,10,3,NVIDIA A100-SXM4-80GB,
2026-03-24T12:03:30.934564,DMW_ideal__Orai1WT-MDSnap-Fr300_cleaned,Orai1WT-MDSnap-Fr300_cleaned,DMW_ideal,failed,No output from any sub-box,0,0.1,,14,14,,,,,,,,,223,21026,1,32,8000,10,3,NVIDIA A100-SXM4-80GB,
2026-03-24T12:03:30.956914,DMY_ideal__Orai1WT-MDSnap-Fr300_cleaned,Orai1WT-MDSnap-Fr300_cleaned,DMY_ideal,failed,No output from any sub-box,0,0.1,,35,42,4.0,,,,,,,,223,21026,1,32,8000,10,3,NVIDIA A100-SXM4-80GB,
2026-03-24T12:03:30.979892,DMZ_ideal__Orai1WT-MDSnap-Fr300_cleaned,Orai1WT-MDSnap-Fr300_cleaned,DMZ_ideal,failed,No output from any sub-box,0,0.1,,23,23,2.0,,,,,,,,223,21026,1,32,8000,10,3,NVIDIA A100-SXM4-80GB,
2026-03-24T12:03:31.018857,DN0_ideal__Orai1WT-MDSnap-Fr300_cleaned,Orai1WT-MDSnap-Fr300_cleaned,DN0_ideal,failed,No output from any sub-box,0,0.1,,32,33,4.0,,,,,,,,223,21026,1,32,8000,10,3,NVIDIA A100-SXM4-80GB,
2026-03-24T12:03:31.043571,DND_ideal__Orai1WT-MDSnap-Fr300_cleaned,Orai1WT-MDSnap-Fr300_cleaned,DND_ideal,failed,No output from any sub-box,0,0.1,,44,53,9.0,,,,,,,,223,21026,1,32,8000,10,3,NVIDIA A100-SXM4-80GB,
2026-03-24T12:03:31.067750,DNQ_ideal__Orai1WT-MDSnap-Fr300_cleaned,Orai1WT-MDSnap-Fr300_cleaned,DNQ_ideal,failed,No output from any sub-box,0,0.1,,18,18,1.0,,,,,,,,223,21026,1,32,8000,10,3,NVIDIA A100-SXM4-80GB,
2026-03-24T12:03:31.091402,DOL_ideal__Orai1WT-MDSnap-Fr300_cleaned,Orai1WT-MDSnap-Fr300_cleaned,DOL_ideal,failed,No output from any sub-box,0,0.1,,50,52,11.0,,,,,,,,223,21026,1,32,8000,10,3,NVIDIA A100-SXM4-80GB,
2026-03-24T12:03:31.116578,DP4_ideal__Orai1WT-MDSnap-Fr300_cleaned,Orai1WT-MDSnap-Fr300_cleaned,DP4_ideal,failed,No output from any sub-box,0,0.1,,17,17,1.0,,,,,,,,223,21026,1,32,8000,10,3,NVIDIA A100-SXM4-80GB,
2026-03-24T12:03:31.141219,DPJ_ideal__Orai1WT-MDSnap-Fr300_cleaned,Orai1WT-MDSnap-Fr300_cleaned,DPJ_ideal,failed,No output from any sub-box,0,0.1,,9,10,2.0,,,,,,,,223,21026,1,32,8000,10,3,NVIDIA A100-SXM4-80GB,
2026-03-24T12:03:31.165841,DPN_ideal__Orai1WT-MDSnap-Fr300_cleaned,Orai1WT-MDSnap-Fr300_cleaned,DPN_ideal,failed,No output from any sub-box,0,0.1,,12,15,2.0,,,,,,,,223,21026,1,32,8000,10,3,NVIDIA A100-SXM4-80GB,
2026-03-24T12:03:31.190941,DPT_ideal__Orai1WT-MDSnap-Fr300_cleaned,Orai1WT-MDSnap-Fr300_cleaned,DPT_ideal,failed,No output from any sub-box,0,0.1,,16,16,,,,,,,,,223,21026,1,32,8000,10,3,NVIDIA A100-SXM4-80GB,
2026-03-24T12:03:31.216299,DQN_ideal__Orai1WT-MDSnap-Fr300_cleaned,Orai1WT-MDSnap-Fr300_cleaned,DQN_ideal,failed,No output from any sub-box,0,0.1,,12,12,,,,,,,,,223,21026,1,32,8000,10,3,NVIDIA A100-SXM4-80GB,
2026-03-24T12:03:31.240512,DR6_ideal__Orai1WT-MDSnap-Fr300_cleaned,Orai1WT-MDSnap-Fr300_cleaned,DR6_ideal,failed,No output from any sub-box,0,0.1,,105,106,47.0,,,,,,,,223,21026,1,32,8000,10,3,NVIDIA A100-SXM4-80GB,
2026-03-24T12:03:31.264548,DR7_ideal__Orai1WT-MDSnap-Fr300_cleaned,Orai1WT-MDSnap-Fr300_cleaned,DR7_ideal,failed,No output from any sub-box,0,0.1,,51,56,9.0,,,,,,,,223,21026,1,32,8000,10,3,NVIDIA A100-SXM4-80GB,
2026-03-24T12:03:31.285867,DR9_ideal__Orai1WT-MDSnap-Fr300_cleaned,Orai1WT-MDSnap-Fr300_cleaned,DR9_ideal,failed,No output from any sub-box,0,0.1,,51,54,21.0,,,,,,,,223,21026,1,32,8000,10,3,NVIDIA A100-SXM4-80GB,
2026-03-24T12:03:31.317675,DRA_ideal__Orai1WT-MDSnap-Fr300_cleaned,Orai1WT-MDSnap-Fr300_cleaned,DRA_ideal,failed,No output from any sub-box,0,0.1,,55,60,6.0,,,,,,,,223,21026,1,32,8000,10,3,NVIDIA A100-SXM4-80GB,
2026-03-24T12:03:31.340886,DSM_ideal__Orai1WT-MDSnap-Fr300_cleaned,Orai1WT-MDSnap-Fr300_cleaned,DSM_ideal,failed,No output from any sub-box,0,0.1,,22,23,4.0,,,,,,,,223,21026,1,32,8000,10,3,NVIDIA A100-SXM4-80GB,
2026-03-24T12:03:31.367724,DSO_ideal__Orai1WT-MDSnap-Fr300_cleaned,Orai1WT-MDSnap-Fr300_cleaned,DSO_ideal,failed,No output from any sub-box,0,0.1,,38,40,6.0,,,,,,,,223,21026,1,32,8000,10,3,NVIDIA A100-SXM4-80GB,
2026-03-24T12:03:31.390919,DTD_ideal__Orai1WT-MDSnap-Fr300_cleaned,Orai1WT-MDSnap-Fr300_cleaned,DTD_ideal,failed,No output from any sub-box,0,0.1,,8,10,1.0,,,,,,,,223,21026,1,32,8000,10,3,NVIDIA A100-SXM4-80GB,
2026-03-24T12:03:31.416218,DTL_ideal__Orai1WT-MDSnap-Fr300_cleaned,Orai1WT-MDSnap-Fr300_cleaned,DTL_ideal,failed,No output from any sub-box,0,0.1,,8,12,3.0,,,,,,,,223,21026,1,32,8000,10,3,NVIDIA A100-SXM4-80GB,
2026-03-24T12:03:31.439345,DTT_ideal__Orai1WT-MDSnap-Fr300_cleaned,Orai1WT-MDSnap-Fr300_cleaned,DTT_ideal,failed,No output from any sub-box,0,0.1,,8,12,3.0,,,,,,,,223,21026,1,32,8000,10,3,NVIDIA A100-SXM4-80GB,
2026-03-24T12:03:31.461465,DTV_ideal__Orai1WT-MDSnap-Fr300_cleaned,Orai1WT-MDSnap-Fr300_cleaned,DTV_ideal,failed,No output from any sub-box,0,0.1,,8,12,3.0,,,,,,,,223,21026,1,32,8000,10,3,NVIDIA A100-SXM4-80GB,
2026-03-24T12:03:31.483987,DTY_ideal__Orai1WT-MDSnap-Fr300_cleaned,Orai1WT-MDSnap-Fr300_cleaned,DTY_ideal,failed,No output from any sub-box,0,0.1,,13,17,3.0,,,,,,,,223,21026,1,32,8000,10,3,NVIDIA A100-SXM4-80GB,
2026-03-24T12:03:31.515941,DVP_ideal__Orai1WT-MDSnap-Fr300_cleaned,Orai1WT-MDSnap-Fr300_cleaned,DVP_ideal,failed,No output from any sub-box,0,0.1,,32,37,4.0,,,,,,,,223,21026,1,32,8000,10,3,NVIDIA A100-SXM4-80GB,
2026-03-24T12:03:31.538909,DXE_ideal__Orai1WT-MDSnap-Fr300_cleaned,Orai1WT-MDSnap-Fr300_cleaned,DXE_ideal,failed,No output from any sub-box,0,0.1,,6,6,1.0,,,,,,,,223,21026,1,32,8000,10,3,NVIDIA A100-SXM4-80GB,
2026-03-24T12:03:31.561934,DXX_ideal__Orai1WT-MDSnap-Fr300_cleaned,Orai1WT-MDSnap-Fr300_cleaned,DXX_ideal,failed,No output from any sub-box,0,0.1,,8,10,2.0,,,,,,,,223,21026,1,32,8000,10,3,NVIDIA A100-SXM4-80GB,
2026-03-24T12:03:31.584999,DZ1_ideal__Orai1WT-MDSnap-Fr300_cleaned,Orai1WT-MDSnap-Fr300_cleaned,DZ1_ideal,failed,No output from any sub-box,0,0.1,,20,22,1.0,,,,,,,,223,21026,1,32,8000,10,3,NVIDIA A100-SXM4-80GB,
2026-03-24T12:03:31.616443,DZ2_ideal__Orai1WT-MDSnap-Fr300_cleaned,Orai1WT-MDSnap-Fr300_cleaned,DZ2_ideal,failed,No output from any sub-box,0,0.1,,20,22,1.0,,,,,,,,223,21026,1,32,8000,10,3,NVIDIA A100-SXM4-80GB,
2026-03-24T12:03:31.639547,DZ3_ideal__Orai1WT-MDSnap-Fr300_cleaned,Orai1WT-MDSnap-Fr300_cleaned,DZ3_ideal,failed,No output from any sub-box,0,0.1,,21,24,2.0,,,,,,,,223,21026,1,32,8000,10,3,NVIDIA A100-SXM4-80GB,
2026-03-24T12:03:31.662563,DZZ_ideal__Orai1WT-MDSnap-Fr300_cleaned,Orai1WT-MDSnap-Fr300_cleaned,DZZ_ideal,failed,No output from any sub-box,0,0.1,,7,8,1.0,,,,,,,,223,21026,1,32,8000,10,3,NVIDIA A100-SXM4-80GB,
2026-03-24T12:03:31.684708,E1P_ideal__Orai1WT-MDSnap-Fr300_cleaned,Orai1WT-MDSnap-Fr300_cleaned,E1P_ideal,failed,No output from any sub-box,0,0.1,,13,13,1.0,,,,,,,,223,21026,1,32,8000,10,3,NVIDIA A100-SXM4-80GB,
2026-03-24T12:03:31.718241,E4B_ideal__Orai1WT-MDSnap-Fr300_cleaned,Orai1WT-MDSnap-Fr300_cleaned,E4B_ideal,failed,No output from any sub-box,0,0.1,,12,13,2.0,,,,,,,,223,21026,1,32,8000,10,3,NVIDIA A100-SXM4-80GB,
2026-03-24T12:03:31.739628,E55_ideal__Orai1WT-MDSnap-Fr300_cleaned,Orai1WT-MDSnap-Fr300_cleaned,E55_ideal,failed,No output from any sub-box,0,0.1,,89,96,32.0,,,,,,,,223,21026,1,32,8000,10,3,NVIDIA A100-SXM4-80GB,
2026-03-24T12:03:31.763532,EAO_ideal__Orai1WT-MDSnap-Fr300_cleaned,Orai1WT-MDSnap-Fr300_cleaned,EAO_ideal,failed,No output from any sub-box,0,0.1,,19,21,3.0,,,,,,,,223,21026,1,32,8000,10,3,NVIDIA A100-SXM4-80GB,
2026-03-24T12:03:31.785565,ED9_ideal__Orai1WT-MDSnap-Fr300_cleaned,Orai1WT-MDSnap-Fr300_cleaned,ED9_ideal,failed,No output from any sub-box,0,0.1,,35,39,7.0,,,,,,,,223,21026,1,32,8000,10,3,NVIDIA A100-SXM4-80GB,
2026-03-24T12:03:31.816681,EDN_ideal__Orai1WT-MDSnap-Fr300_cleaned,Orai1WT-MDSnap-Fr300_cleaned,EDN_ideal,failed,No output from any sub-box,0,0.1,,4,8,1.0,,,,,,,,223,21026,1,32,8000,10,3,NVIDIA A100-SXM4-80GB,
2026-03-24T12:03:31.839681,EF6_ideal__Orai1WT-MDSnap-Fr300_cleaned,Orai1WT-MDSnap-Fr300_cleaned,EF6_ideal,failed,No output from any sub-box,0,0.1,,24,28,2.0,,,,,,,,223,21026,1,32,8000,10,3,NVIDIA A100-SXM4-80GB,
2026-03-24T12:03:31.861388,EG3_ideal__Orai1WT-MDSnap-Fr300_cleaned,Orai1WT-MDSnap-Fr300_cleaned,EG3_ideal,failed,No output from any sub-box,0,0.1,,33,39,8.0,,,,,,,,223,21026,1,32,8000,10,3,NVIDIA A100-SXM4-80GB,
2026-03-24T12:03:31.884697,EH5_ideal__Orai1WT-MDSnap-Fr300_cleaned,Orai1WT-MDSnap-Fr300_cleaned,EH5_ideal,failed,No output from any sub-box,0,0.1,,59,61,10.0,,,,,,,,223,21026,1,32,8000,10,3,NVIDIA A100-SXM4-80GB,
2026-03-24T12:03:31.901581,EHA_ideal__Orai1WT-MDSnap-Fr300_cleaned,Orai1WT-MDSnap-Fr300_cleaned,EHA_ideal,failed,No output from any sub-box,0,0.1,,39,40,6.0,,,,,,,,223,21026,1,32,8000,10,3,NVIDIA A100-SXM4-80GB,
2026-03-24T12:03:31.929955,EI3_ideal__Orai1WT-MDSnap-Fr300_cleaned,Orai1WT-MDSnap-Fr300_cleaned,EI3_ideal,failed,No output from any sub-box,0,0.1,,14,14,0.0,,,,,,,,223,21026,1,32,8000,10,3,NVIDIA A100-SXM4-80GB,
2026-03-24T12:03:31.943440,ELA_ideal__Orai1WT-MDSnap-Fr300_cleaned,Orai1WT-MDSnap-Fr300_cleaned,ELA_ideal,failed,No output from any sub-box,0,0.1,,20,21,8.0,,,,,,,,223,21026,1,32,8000,10,3,NVIDIA A100-SXM4-80GB,
2026-03-24T12:03:31.959074,ELD_ideal__Orai1WT-MDSnap-Fr300_cleaned,Orai1WT-MDSnap-Fr300_cleaned,ELD_ideal,failed,No output from any sub-box,0,0.1,,20,22,7.0,,,,,,,,223,21026,1,32,8000,10,3,NVIDIA A100-SXM4-80GB,
2026-03-24T12:03:31.974452,EM1_ideal__Orai1WT-MDSnap-Fr300_cleaned,Orai1WT-MDSnap-Fr300_cleaned,EM1_ideal,failed,No output from any sub-box,0,0.1,,62,65,12.0,,,,,,,,223,21026,1,32,8000,10,3,NVIDIA A100-SXM4-80GB,
2026-03-24T12:03:31.989597,EMH_ideal__Orai1WT-MDSnap-Fr300_cleaned,Orai1WT-MDSnap-Fr300_cleaned,EMH_ideal,failed,No output from any sub-box,0,0.1,,36,37,1.0,,,,,,,,223,21026,1,32,8000,10,3,NVIDIA A100-SXM4-80GB,
2026-03-24T12:03:32.017964,EMR_ideal__Orai1WT-MDSnap-Fr300_cleaned,Orai1WT-MDSnap-Fr300_cleaned,EMR_ideal,failed,No output from any sub-box,0,0.1,,9,11,1.0,,,,,,,,223,21026,1,32,8000,10,3,NVIDIA A100-SXM4-80GB,
2026-03-24T12:03:32.039785,ENA_ideal__Orai1WT-MDSnap-Fr300_cleaned,Orai1WT-MDSnap-Fr300_cleaned,ENA_ideal,failed,No output from any sub-box,0,0.1,,46,53,7.0,,,,,,,,223,21026,1,32,8000,10,3,NVIDIA A100-SXM4-80GB,
2026-03-24T12:03:32.056122,ENB_ideal__Orai1WT-MDSnap-Fr300_cleaned,Orai1WT-MDSnap-Fr300_cleaned,ENB_ideal,failed,No output from any sub-box,0,0.1,,40,44,7.0,,,,,,,,223,21026,1,32,8000,10,3,NVIDIA A100-SXM4-80GB,
2026-03-24T12:03:32.074837,ENO_ideal__Orai1WT-MDSnap-Fr300_cleaned,Orai1WT-MDSnap-Fr300_cleaned,ENO_ideal,failed,No output from any sub-box,0,0.1,,13,15,2.0,,,,,,,,223,21026,1,32,8000,10,3,NVIDIA A100-SXM4-80GB,
2026-03-24T12:03:32.091479,ENP_ideal__Orai1WT-MDSnap-Fr300_cleaned,Orai1WT-MDSnap-Fr300_cleaned,ENP_ideal,failed,No output from any sub-box,0,0.1,,42,50,9.0,,,,,,,,223,21026,1,32,8000,10,3,NVIDIA A100-SXM4-80GB,
2026-03-24T12:03:32.115719,EOU_ideal__Orai1WT-MDSnap-Fr300_cleaned,Orai1WT-MDSnap-Fr300_cleaned,EOU_ideal,failed,No output from any sub-box,0,0.1,,10,10,2.0,,,,,,,,223,21026,1,32,8000,10,3,NVIDIA A100-SXM4-80GB,
2026-03-24T12:03:32.131843,EP6_ideal__Orai1WT-MDSnap-Fr300_cleaned,Orai1WT-MDSnap-Fr300_cleaned,EP6_ideal,failed,No output from any sub-box,0,0.1,,41,46,6.0,,,,,,,,223,21026,1,32,8000,10,3,NVIDIA A100-SXM4-80GB,
2026-03-24T12:03:32.143660,EPA_ideal__Orai1WT-MDSnap-Fr300_cleaned,Orai1WT-MDSnap-Fr300_cleaned,EPA_ideal,failed,No output from any sub-box,0,0.1,,22,23,7.0,,,,,,,,223,21026,1,32,8000,10,3,NVIDIA A100-SXM4-80GB,
2026-03-24T12:03:32.158325,EPH_ideal__Orai1WT-MDSnap-Fr300_cleaned,Orai1WT-MDSnap-Fr300_cleaned,EPH_ideal,failed,No output from any sub-box,0,0.1,,49,52,19.0,,,,,,,,223,21026,1,32,8000,10,3,NVIDIA A100-SXM4-80GB,
2026-03-24T12:03:32.171052,ESA_ideal__Orai1WT-MDSnap-Fr300_cleaned,Orai1WT-MDSnap-Fr300_cleaned,ESA_ideal,failed,No output from any sub-box,0,0.1,,6,7,1.0,,,,,,,,223,21026,1,32,8000,10,3,NVIDIA A100-SXM4-80GB,
2026-03-24T12:03:32.260181,ETF_ideal__Orai1WT-MDSnap-Fr300_cleaned,Orai1WT-MDSnap-Fr300_cleaned,ETF_ideal,failed,No output from any sub-box,0,0.1,,6,7,1.0,,,,,,,,223,21026,1,32,8000,10,3,NVIDIA A100-SXM4-80GB,
2026-03-24T12:03:32.275369,ETM_ideal__Orai1WT-MDSnap-Fr300_cleaned,Orai1WT-MDSnap-Fr300_cleaned,ETM_ideal,failed,No output from any sub-box,0,0.1,,7,8,1.0,,,,,,,,223,21026,1,32,8000,10,3,NVIDIA A100-SXM4-80GB,
2026-03-24T12:03:32.290629,ETZ_ideal__Orai1WT-MDSnap-Fr300_cleaned,Orai1WT-MDSnap-Fr300_cleaned,ETZ_ideal,failed,No output from any sub-box,0,0.1,,5,5,1.0,,,,,,,,223,21026,1,32,8000,10,3,NVIDIA A100-SXM4-80GB,
2026-03-24T12:03:32.316386,EYK_ideal__Orai1WT-MDSnap-Fr300_cleaned,Orai1WT-MDSnap-Fr300_cleaned,EYK_ideal,failed,No output from any sub-box,0,0.1,,12,14,1.0,,,,,,,,223,21026,1,32,8000,10,3,NVIDIA A100-SXM4-80GB,
2026-03-24T12:03:32.330956,F23_ideal__Orai1WT-MDSnap-Fr300_cleaned,Orai1WT-MDSnap-Fr300_cleaned,F23_ideal,failed,No output from any sub-box,0,0.1,,25,26,11.0,,,,,,,,223,21026,1,32,8000,10,3,NVIDIA A100-SXM4-80GB,
2026-03-24T12:03:32.348307,F3F_ideal__Orai1WT-MDSnap-Fr300_cleaned,Orai1WT-MDSnap-Fr300_cleaned,F3F_ideal,failed,No output from any sub-box,0,0.1,,25,26,2.0,,,,,,,,223,21026,1,32,8000,10,3,NVIDIA A100-SXM4-80GB,
2026-03-24T12:03:32.366515,F42_ideal__Orai1WT-MDSnap-Fr300_cleaned,Orai1WT-MDSnap-Fr300_cleaned,F42_ideal,failed,No output from any sub-box,0,0.1,,53,64,14.0,,,,,,,,223,21026,1,32,8000,10,3,NVIDIA A100-SXM4-80GB,
2026-03-24T12:03:32.384036,F6B_ideal__Orai1WT-MDSnap-Fr300_cleaned,Orai1WT-MDSnap-Fr300_cleaned,F6B_ideal,failed,No output from any sub-box,0,0.1,,22,25,2.0,,,,,,,,223,21026,1,32,8000,10,3,NVIDIA A100-SXM4-80GB,
2026-03-24T12:03:32.399824,F6M_ideal__Orai1WT-MDSnap-Fr300_cleaned,Orai1WT-MDSnap-Fr300_cleaned,F6M_ideal,failed,No output from any sub-box,0,0.1,,39,42,7.0,,,,,,,,223,21026,1,32,8000,10,3,NVIDIA A100-SXM4-80GB,
2026-03-24T12:03:32.428505,F6O_ideal__Orai1WT-MDSnap-Fr300_cleaned,Orai1WT-MDSnap-Fr300_cleaned,F6O_ideal,failed,No output from any sub-box,0,0.1,,41,43,4.0,,,,,,,,223,21026,1,32,8000,10,3,NVIDIA A100-SXM4-80GB,
2026-03-24T12:03:32.445186,F9R_ideal__Orai1WT-MDSnap-Fr300_cleaned,Orai1WT-MDSnap-Fr300_cleaned,F9R_ideal,failed,No output from any sub-box,0,0.1,,54,59,6.0,,,,,,,,223,21026,1,32,8000,10,3,NVIDIA A100-SXM4-80GB,
2026-03-24T12:03:32.527558,FAB_ideal__Orai1WT-MDSnap-Fr300_cleaned,Orai1WT-MDSnap-Fr300_cleaned,FAB_ideal,failed,No output from any sub-box,0,0.1,,58,67,11.0,,,,,,,,223,21026,1,32,8000,10,3,NVIDIA A100-SXM4-80GB,
2026-03-24T12:03:32.547679,FAC_ideal__Orai1WT-MDSnap-Fr300_cleaned,Orai1WT-MDSnap-Fr300_cleaned,FAC_ideal,failed,No output from any sub-box,0,0.1,,11,13,2.0,,,,,,,,223,21026,1,32,8000,10,3,NVIDIA A100-SXM4-80GB,
2026-03-24T12:03:32.570801,FAD_ideal__Orai1WT-MDSnap-Fr300_cleaned,Orai1WT-MDSnap-Fr300_cleaned,FAD_ideal,failed,No output from any sub-box,0,0.1,,53,63,10.0,,,,,,,,223,21026,1,32,8000,10,3,NVIDIA A100-SXM4-80GB,
2026-03-24T12:03:32.594262,FAE_ideal__Orai1WT-MDSnap-Fr300_cleaned,Orai1WT-MDSnap-Fr300_cleaned,FAE_ideal,failed,No output from any sub-box,0,0.1,,53,64,10.0,,,,,,,,223,21026,1,32,8000,10,3,NVIDIA A100-SXM4-80GB,
2026-03-24T12:03:32.631017,FBA_ideal__Orai1WT-MDSnap-Fr300_cleaned,Orai1WT-MDSnap-Fr300_cleaned,FBA_ideal,failed,No output from any sub-box,0,0.1,,9,12,1.0,,,,,,,,223,21026,1,32,8000,10,3,NVIDIA A100-SXM4-80GB,
2026-03-24T12:03:32.655192,FBC_ideal__Orai1WT-MDSnap-Fr300_cleaned,Orai1WT-MDSnap-Fr300_cleaned,FBC_ideal,failed,No output from any sub-box,0,0.1,,17,18,1.0,,,,,,,,223,21026,1,32,8000,10,3,NVIDIA A100-SXM4-80GB,
2026-03-24T12:03:32.680343,FBS_ideal__Orai1WT-MDSnap-Fr300_cleaned,Orai1WT-MDSnap-Fr300_cleaned,FBS_ideal,failed,No output from any sub-box,0,0.1,,11,13,1.0,,,,,,,,223,21026,1,32,8000,10,3,NVIDIA A100-SXM4-80GB,
2026-03-24T12:03:32.722643,FBT_ideal__Orai1WT-MDSnap-Fr300_cleaned,Orai1WT-MDSnap-Fr300_cleaned,FBT_ideal,failed,No output from any sub-box,0,0.1,,12,14,1.0,,,,,,,,223,21026,1,32,8000,10,3,NVIDIA A100-SXM4-80GB,
2026-03-24T12:03:32.745220,FBU_ideal__Orai1WT-MDSnap-Fr300_cleaned,Orai1WT-MDSnap-Fr300_cleaned,FBU_ideal,failed,No output from any sub-box,0,0.1,,12,14,1.0,,,,,,,,223,21026,1,32,8000,10,3,NVIDIA A100-SXM4-80GB,
2026-03-24T12:03:32.770323,FCR_ideal__Orai1WT-MDSnap-Fr300_cleaned,Orai1WT-MDSnap-Fr300_cleaned,FCR_ideal,failed,No output from any sub-box,0,0.1,,11,12,1.0,,,,,,,,223,21026,1,32,8000,10,3,NVIDIA A100-SXM4-80GB,
2026-03-24T12:03:32.793156,FCX_ideal__Orai1WT-MDSnap-Fr300_cleaned,Orai1WT-MDSnap-Fr300_cleaned,FCX_ideal,failed,No output from any sub-box,0,0.1,,52,63,14.0,,,,,,,,223,21026,1,32,8000,10,3,NVIDIA A100-SXM4-80GB,
2026-03-24T12:03:32.815817,FE1_ideal__Orai1WT-MDSnap-Fr300_cleaned,Orai1WT-MDSnap-Fr300_cleaned,FE1_ideal,failed,No output from any sub-box,0,0.1,,33,37,4.0,,,,,,,,223,21026,1,32,8000,10,3,NVIDIA A100-SXM4-80GB,
2026-03-24T12:03:32.838237,FFB_ideal__Orai1WT-MDSnap-Fr300_cleaned,Orai1WT-MDSnap-Fr300_cleaned,FFB_ideal,failed,No output from any sub-box,0,0.1,,25,28,2.0,,,,,,,,223,21026,1,32,8000,10,3,NVIDIA A100-SXM4-80GB,
2026-03-24T12:03:32.853324,FGL_ideal__Orai1WT-MDSnap-Fr300_cleaned,Orai1WT-MDSnap-Fr300_cleaned,FGL_ideal,failed,No output from any sub-box,0,0.1,,8,12,2.0,,,,,,,,223,21026,1,32,8000,10,3,NVIDIA A100-SXM4-80GB,
2026-03-24T12:03:32.868195,FHC_ideal__Orai1WT-MDSnap-Fr300_cleaned,Orai1WT-MDSnap-Fr300_cleaned,FHC_ideal,failed,No output from any sub-box,0,0.1,,13,14,1.0,,,,,,,,223,21026,1,32,8000,10,3,NVIDIA A100-SXM4-80GB,
2026-03-24T12:03:32.887682,FI8_ideal__Orai1WT-MDSnap-Fr300_cleaned,Orai1WT-MDSnap-Fr300_cleaned,FI8_ideal,failed,No output from any sub-box,0,0.1,,74,81,17.0,,,,,,,,223,21026,1,32,8000,10,3,NVIDIA A100-SXM4-80GB,
2026-03-24T12:03:32.947320,FJ0_ideal__Orai1WT-MDSnap-Fr300_cleaned,Orai1WT-MDSnap-Fr300_cleaned,FJ0_ideal,failed,No output from any sub-box,0,0.1,,36,38,3.0,,,,,,,,223,21026,1,32,8000,10,3,NVIDIA A100-SXM4-80GB,
2026-03-24T12:03:32.970559,FLA_ideal__Orai1WT-MDSnap-Fr300_cleaned,Orai1WT-MDSnap-Fr300_cleaned,FLA_ideal,failed,No output from any sub-box,0,0.1,,9,12,2.0,,,,,,,,223,21026,1,32,8000,10,3,NVIDIA A100-SXM4-80GB,
2026-03-24T12:03:32.997644,FMM_ideal__Orai1WT-MDSnap-Fr300_cleaned,Orai1WT-MDSnap-Fr300_cleaned,FMM_ideal,failed,No output from any sub-box,0,0.1,,40,42,5.0,,,,,,,,223,21026,1,32,8000,10,3,NVIDIA A100-SXM4-80GB,
2026-03-24T12:03:33.034430,FNP_ideal__Orai1WT-MDSnap-Fr300_cleaned,Orai1WT-MDSnap-Fr300_cleaned,FNP_ideal,failed,No output from any sub-box,0,0.1,,24,28,4.0,,,,,,,,223,21026,1,32,8000,10,3,NVIDIA A100-SXM4-80GB,
2026-03-24T12:03:33.063682,FOS_ideal__Orai1WT-MDSnap-Fr300_cleaned,Orai1WT-MDSnap-Fr300_cleaned,FOS_ideal,failed,No output from any sub-box,0,0.1,,16,19,3.0,,,,,,,,223,21026,1,32,8000,10,3,NVIDIA A100-SXM4-80GB,
2026-03-24T12:03:33.086684,FPI_ideal__Orai1WT-MDSnap-Fr300_cleaned,Orai1WT-MDSnap-Fr300_cleaned,FPI_ideal,failed,No output from any sub-box,0,0.1,,8,8,,,,,,,,,223,21026,1,32,8000,10,3,NVIDIA A100-SXM4-80GB,
2026-03-24T12:03:33.115868,FPO_ideal__Orai1WT-MDSnap-Fr300_cleaned,Orai1WT-MDSnap-Fr300_cleaned,FPO_ideal,failed,No output from any sub-box,0,0.1,,5,5,,,,,,,,,223,21026,1,32,8000,10,3,NVIDIA A100-SXM4-80GB,
2026-03-24T12:03:33.140129,FR1_ideal__Orai1WT-MDSnap-Fr300_cleaned,Orai1WT-MDSnap-Fr300_cleaned,FR1_ideal,failed,No output from any sub-box,0,0.1,,40,44,7.0,,,,,,,,223,21026,1,32,8000,10,3,NVIDIA A100-SXM4-80GB,
2026-03-24T12:03:33.164236,FRB_ideal__Orai1WT-MDSnap-Fr300_cleaned,Orai1WT-MDSnap-Fr300_cleaned,FRB_ideal,failed,No output from any sub-box,0,0.1,,36,42,3.0,,,,,,,,223,21026,1,32,8000,10,3,NVIDIA A100-SXM4-80GB,
2026-03-24T12:03:33.188451,FRE_ideal__Orai1WT-MDSnap-Fr300_cleaned,Orai1WT-MDSnap-Fr300_cleaned,FRE_ideal,failed,No output from any sub-box,0,0.1,,62,74,16.0,,,,,,,,223,21026,1,32,8000,10,3,NVIDIA A100-SXM4-80GB,
2026-03-24T12:03:33.215689,FRH_ideal__Orai1WT-MDSnap-Fr300_cleaned,Orai1WT-MDSnap-Fr300_cleaned,FRH_ideal,failed,No output from any sub-box,0,0.1,,45,51,6.0,,,,,,,,223,21026,1,32,8000,10,3,NVIDIA A100-SXM4-80GB,
2026-03-24T12:03:33.238202,FRI_ideal__Orai1WT-MDSnap-Fr300_cleaned,Orai1WT-MDSnap-Fr300_cleaned,FRI_ideal,failed,No output from any sub-box,0,0.1,,47,53,6.0,,,,,,,,223,21026,1,32,8000,10,3,NVIDIA A100-SXM4-80GB,
2026-03-24T12:03:33.261018,FUG_ideal__Orai1WT-MDSnap-Fr300_cleaned,Orai1WT-MDSnap-Fr300_cleaned,FUG_ideal,failed,No output from any sub-box,0,0.1,,33,35,6.0,,,,,,,,223,21026,1,32,8000,10,3,NVIDIA A100-SXM4-80GB,
2026-03-24T12:03:33.301677,FUM_ideal__Orai1WT-MDSnap-Fr300_cleaned,Orai1WT-MDSnap-Fr300_cleaned,FUM_ideal,failed,No output from any sub-box,0,0.1,,8,10,2.0,,,,,,,,223,21026,1,32,8000,10,3,NVIDIA A100-SXM4-80GB,
2026-03-24T12:03:33.338750,FXG_ideal__Orai1WT-MDSnap-Fr300_cleaned,Orai1WT-MDSnap-Fr300_cleaned,FXG_ideal,failed,No output from any sub-box,0,0.1,,31,35,6.0,,,,,,,,223,21026,1,32,8000,10,3,NVIDIA A100-SXM4-80GB,
2026-03-24T12:03:33.361799,G1L_ideal__Orai1WT-MDSnap-Fr300_cleaned,Orai1WT-MDSnap-Fr300_cleaned,G1L_ideal,failed,No output from any sub-box,0,0.1,,18,19,2.0,,,,,,,,223,21026,1,32,8000,10,3,NVIDIA A100-SXM4-80GB,
2026-03-24T12:03:33.385240,G2H_ideal__Orai1WT-MDSnap-Fr300_cleaned,Orai1WT-MDSnap-Fr300_cleaned,G2H_ideal,failed,No output from any sub-box,0,0.1,,10,14,4.0,,,,,,,,223,21026,1,32,8000,10,3,NVIDIA A100-SXM4-80GB,
2026-03-24T12:03:33.416430,G50_ideal__Orai1WT-MDSnap-Fr300_cleaned,Orai1WT-MDSnap-Fr300_cleaned,G50_ideal,failed,No output from any sub-box,0,0.1,,20,24,4.0,,,,,,,,223,21026,1,32,8000,10,3,NVIDIA A100-SXM4-80GB,
2026-03-24T12:03:33.436262,G65_ideal__Orai1WT-MDSnap-Fr300_cleaned,Orai1WT-MDSnap-Fr300_cleaned,G65_ideal,failed,No output from any sub-box,0,0.1,,36,38,3.0,,,,,,,,223,21026,1,32,8000,10,3,NVIDIA A100-SXM4-80GB,
2026-03-24T12:03:33.455958,GAH_ideal__Orai1WT-MDSnap-Fr300_cleaned,Orai1WT-MDSnap-Fr300_cleaned,GAH_ideal,failed,No output from any sub-box,0,0.1,,55,69,10.0,,,,,,,,223,21026,1,32,8000,10,3,NVIDIA A100-SXM4-80GB,
2026-03-24T12:03:33.486033,GB5_ideal__Orai1WT-MDSnap-Fr300_cleaned,Orai1WT-MDSnap-Fr300_cleaned,GB5_ideal,failed,No output from any sub-box,0,0.1,,13,15,1.0,,,,,,,,223,21026,1,32,8000,10,3,NVIDIA A100-SXM4-80GB,
2026-03-24T12:03:33.516837,GBM_ideal__Orai1WT-MDSnap-Fr300_cleaned,Orai1WT-MDSnap-Fr300_cleaned,GBM_ideal,failed,No output from any sub-box,0,0.1,,33,36,4.0,,,,,,,,223,21026,1,32,8000,10,3,NVIDIA A100-SXM4-80GB,
2026-03-24T12:03:33.540037,GBN_ideal__Orai1WT-MDSnap-Fr300_cleaned,Orai1WT-MDSnap-Fr300_cleaned,GBN_ideal,failed,No output from any sub-box,0,0.1,,12,15,2.0,,,,,,,,223,21026,1,32,8000,10,3,NVIDIA A100-SXM4-80GB,
2026-03-24T12:03:33.565736,GCG_ideal__Orai1WT-MDSnap-Fr300_cleaned,Orai1WT-MDSnap-Fr300_cleaned,GCG_ideal,failed,No output from any sub-box,0,0.1,,48,63,16.0,,,,,,,,223,21026,1,32,8000,10,3,NVIDIA A100-SXM4-80GB,
2026-03-24T12:03:33.589686,GD7_ideal__Orai1WT-MDSnap-Fr300_cleaned,Orai1WT-MDSnap-Fr300_cleaned,GD7_ideal,failed,No output from any sub-box,0,0.1,,10,11,1.0,,,,,,,,223,21026,1,32,8000,10,3,NVIDIA A100-SXM4-80GB,
2026-03-24T12:03:33.618037,GD8_ideal__Orai1WT-MDSnap-Fr300_cleaned,Orai1WT-MDSnap-Fr300_cleaned,GD8_ideal,failed,No output from any sub-box,0,0.1,,10,11,1.0,,,,,,,,223,21026,1,32,8000,10,3,NVIDIA A100-SXM4-80GB,
2026-03-24T12:03:33.643347,GEL_ideal__Orai1WT-MDSnap-Fr300_cleaned,Orai1WT-MDSnap-Fr300_cleaned,GEL_ideal,failed,No output from any sub-box,0,0.1,,31,35,13.0,,,,,,,,223,21026,1,32,8000,10,3,NVIDIA A100-SXM4-80GB,
2026-03-24T12:03:33.666806,GG5_ideal__Orai1WT-MDSnap-Fr300_cleaned,Orai1WT-MDSnap-Fr300_cleaned,GG5_ideal,failed,No output from any sub-box,0,0.1,,18,19,1.0,,,,,,,,223,21026,1,32,8000,10,3,NVIDIA A100-SXM4-80GB,
2026-03-24T12:03:33.689653,GHP_ideal__Orai1WT-MDSnap-Fr300_cleaned,Orai1WT-MDSnap-Fr300_cleaned,GHP_ideal,failed,No output from any sub-box,0,0.1,,12,16,2.0,,,,,,,,223,21026,1,32,8000,10,3,NVIDIA A100-SXM4-80GB,
2026-03-24T12:03:33.717778,GJZ_ideal__Orai1WT-MDSnap-Fr300_cleaned,Orai1WT-MDSnap-Fr300_cleaned,GJZ_ideal,failed,No output from any sub-box,0,0.1,,10,12,1.0,,,,,,,,223,21026,1,32,8000,10,3,NVIDIA A100-SXM4-80GB,
2026-03-24T12:03:33.743424,GL8_ideal__Orai1WT-MDSnap-Fr300_cleaned,Orai1WT-MDSnap-Fr300_cleaned,GL8_ideal,failed,No output from any sub-box,0,0.1,,41,42,7.0,,,,,,,,223,21026,1,32,8000,10,3,NVIDIA A100-SXM4-80GB,
2026-03-24T12:03:33.767540,GLE_ideal__Orai1WT-MDSnap-Fr300_cleaned,Orai1WT-MDSnap-Fr300_cleaned,GLE_ideal,failed,No output from any sub-box,0,0.1,,26,27,9.0,,,,,,,,223,21026,1,32,8000,10,3,NVIDIA A100-SXM4-80GB,
2026-03-24T12:03:33.790249,GLL_ideal__Orai1WT-MDSnap-Fr300_cleaned,Orai1WT-MDSnap-Fr300_cleaned,GLL_ideal,failed,No output from any sub-box,0,0.1,,10,14,,,,,,,,,223,21026,1,32,8000,10,3,NVIDIA A100-SXM4-80GB,
2026-03-24T12:03:33.816804,GNF_ideal__Orai1WT-MDSnap-Fr300_cleaned,Orai1WT-MDSnap-Fr300_cleaned,GNF_ideal,failed,No output from any sub-box,0,0.1,,32,35,5.0,,,,,,,,223,21026,1,32,8000,10,3,NVIDIA A100-SXM4-80GB,
2026-03-24T12:03:33.840084,GOL_ideal__Orai1WT-MDSnap-Fr300_cleaned,Orai1WT-MDSnap-Fr300_cleaned,GOL_ideal,failed,No output from any sub-box,0,0.1,,6,9,2.0,,,,,,,,223,21026,1,32,8000,10,3,NVIDIA A100-SXM4-80GB,
2026-03-24T12:03:33.865374,GP3_ideal__Orai1WT-MDSnap-Fr300_cleaned,Orai1WT-MDSnap-Fr300_cleaned,GP3_ideal,failed,No output from any sub-box,0,0.1,,51,64,10.0,,,,,,,,223,21026,1,32,8000,10,3,NVIDIA A100-SXM4-80GB,
2026-03-24T12:03:33.878411,GP6_ideal__Orai1WT-MDSnap-Fr300_cleaned,Orai1WT-MDSnap-Fr300_cleaned,GP6_ideal,failed,No output from any sub-box,0,0.1,,20,25,1.0,,,,,,,,223,21026,1,32,8000,10,3,NVIDIA A100-SXM4-80GB,
2026-03-24T12:03:33.893599,GTA_ideal__Orai1WT-MDSnap-Fr300_cleaned,Orai1WT-MDSnap-Fr300_cleaned,GTA_ideal,failed,No output from any sub-box,0,0.1,,51,63,10.0,,,,,,,,223,21026,1,32,8000,10,3,NVIDIA A100-SXM4-80GB,
2026-03-24T12:03:33.916331,GTG_ideal__Orai1WT-MDSnap-Fr300_cleaned,Orai1WT-MDSnap-Fr300_cleaned,GTG_ideal,failed,No output from any sub-box,0,0.1,,52,65,10.0,,,,,,,,223,21026,1,32,8000,10,3,NVIDIA A100-SXM4-80GB,
2026-03-24T12:03:33.929900,GTY_ideal__Orai1WT-MDSnap-Fr300_cleaned,Orai1WT-MDSnap-Fr300_cleaned,GTY_ideal,failed,No output from any sub-box,0,0.1,,28,34,10.0,,,,,,,,223,21026,1,32,8000,10,3,NVIDIA A100-SXM4-80GB,
2026-03-24T12:03:33.943067,GUA_ideal__Orai1WT-MDSnap-Fr300_cleaned,Orai1WT-MDSnap-Fr300_cleaned,GUA_ideal,failed,No output from any sub-box,0,0.1,,9,11,3.0,,,,,,,,223,21026,1,32,8000,10,3,NVIDIA A100-SXM4-80GB,
2026-03-24T12:03:33.955703,GV0_ideal__Orai1WT-MDSnap-Fr300_cleaned,Orai1WT-MDSnap-Fr300_cleaned,GV0_ideal,failed,No output from any sub-box,0,0.1,,46,49,4.0,,,,,,,,223,21026,1,32,8000,10,3,NVIDIA A100-SXM4-80GB,
2026-03-24T12:03:33.968937,GVC_ideal__Orai1WT-MDSnap-Fr300_cleaned,Orai1WT-MDSnap-Fr300_cleaned,GVC_ideal,failed,No output from any sub-box,0,0.1,,17,18,1.0,,,,,,,,223,21026,1,32,8000,10,3,NVIDIA A100-SXM4-80GB,
2026-03-24T12:03:33.990892,GVN_ideal__Orai1WT-MDSnap-Fr300_cleaned,Orai1WT-MDSnap-Fr300_cleaned,GVN_ideal,failed,No output from any sub-box,0,0.1,,21,24,2.0,,,,,,,,223,21026,1,32,8000,10,3,NVIDIA A100-SXM4-80GB,
2026-03-24T12:03:34.017279,GVO_ideal__Orai1WT-MDSnap-Fr300_cleaned,Orai1WT-MDSnap-Fr300_cleaned,GVO_ideal,failed,No output from any sub-box,0,0.1,,21,24,2.0,,,,,,,,223,21026,1,32,8000,10,3,NVIDIA A100-SXM4-80GB,
2026-03-24T12:03:34.035103,GVQ_ideal__Orai1WT-MDSnap-Fr300_cleaned,Orai1WT-MDSnap-Fr300_cleaned,GVQ_ideal,failed,No output from any sub-box,0,0.1,,16,18,2.0,,,,,,,,223,21026,1,32,8000,10,3,NVIDIA A100-SXM4-80GB,
2026-03-24T12:03:34.055482,GZB_ideal__Orai1WT-MDSnap-Fr300_cleaned,Orai1WT-MDSnap-Fr300_cleaned,GZB_ideal,failed,No output from any sub-box,0,0.1,,13,15,2.0,,,,,,,,223,21026,1,32,8000,10,3,NVIDIA A100-SXM4-80GB,
2026-03-24T12:03:34.071543,H11_ideal__Orai1WT-MDSnap-Fr300_cleaned,Orai1WT-MDSnap-Fr300_cleaned,H11_ideal,failed,No output from any sub-box,0,0.1,,21,22,5.0,,,,,,,,223,21026,1,32,8000,10,3,NVIDIA A100-SXM4-80GB,
2026-03-24T12:03:34.089644,H3P_ideal__Orai1WT-MDSnap-Fr300_cleaned,Orai1WT-MDSnap-Fr300_cleaned,H3P_ideal,failed,No output from any sub-box,0,0.1,,21,23,2.0,,,,,,,,223,21026,1,32,8000,10,3,NVIDIA A100-SXM4-80GB,
2026-03-24T12:03:34.116113,H4M_ideal__Orai1WT-MDSnap-Fr300_cleaned,Orai1WT-MDSnap-Fr300_cleaned,H4M_ideal,failed,No output from any sub-box,0,0.1,,54,66,13.0,,,,,,,,223,21026,1,32,8000,10,3,NVIDIA A100-SXM4-80GB,
2026-03-24T12:03:34.138174,HAI_ideal__Orai1WT-MDSnap-Fr300_cleaned,Orai1WT-MDSnap-Fr300_cleaned,HAI_ideal,failed,No output from any sub-box,0,0.1,,7,10,0.0,,,,,,,,223,21026,1,32,8000,10,3,NVIDIA A100-SXM4-80GB,
2026-03-24T12:03:34.158264,HAL_ideal__Orai1WT-MDSnap-Fr300_cleaned,Orai1WT-MDSnap-Fr300_cleaned,HAL_ideal,failed,No output from any sub-box,0,0.1,,33,37,8.0,,,,,,,,223,21026,1,32,8000,10,3,NVIDIA A100-SXM4-80GB,
2026-03-24T12:03:34.189377,HAZ_ideal__Orai1WT-MDSnap-Fr300_cleaned,Orai1WT-MDSnap-Fr300_cleaned,HAZ_ideal,failed,No output from any sub-box,0,0.1,,33,36,4.0,,,,,,,,223,21026,1,32,8000,10,3,NVIDIA A100-SXM4-80GB,
2026-03-24T12:03:34.215848,HBA_ideal__Orai1WT-MDSnap-Fr300_cleaned,Orai1WT-MDSnap-Fr300_cleaned,HBA_ideal,failed,No output from any sub-box,0,0.1,,9,10,1.0,,,,,,,,223,21026,1,32,8000,10,3,NVIDIA A100-SXM4-80GB,
2026-03-24T12:03:34.239310,HC4_ideal__Orai1WT-MDSnap-Fr300_cleaned,Orai1WT-MDSnap-Fr300_cleaned,HC4_ideal,failed,No output from any sub-box,0,0.1,,12,14,2.0,,,,,,,,223,21026,1,32,8000,10,3,NVIDIA A100-SXM4-80GB,
2026-03-24T12:03:34.261030,HCI_ideal__Orai1WT-MDSnap-Fr300_cleaned,Orai1WT-MDSnap-Fr300_cleaned,HCI_ideal,failed,No output from any sub-box,0,0.1,,11,12,2.0,,,,,,,,223,21026,1,32,8000,10,3,NVIDIA A100-SXM4-80GB,
2026-03-24T12:03:34.285018,HDC_ideal__Orai1WT-MDSnap-Fr300_cleaned,Orai1WT-MDSnap-Fr300_cleaned,HDC_ideal,failed,No output from any sub-box,0,0.1,,60,71,18.0,,,,,,,,223,21026,1,32,8000,10,3,NVIDIA A100-SXM4-80GB,
2026-03-24T12:03:34.315870,HDS_ideal__Orai1WT-MDSnap-Fr300_cleaned,Orai1WT-MDSnap-Fr300_cleaned,HDS_ideal,failed,No output from any sub-box,0,0.1,,20,21,8.0,,,,,,,,223,21026,1,32,8000,10,3,NVIDIA A100-SXM4-80GB,
2026-03-24T12:03:34.339894,HFA_ideal__Orai1WT-MDSnap-Fr300_cleaned,Orai1WT-MDSnap-Fr300_cleaned,HFA_ideal,failed,No output from any sub-box,0,0.1,,12,14,2.0,,,,,,,,223,21026,1,32,8000,10,3,NVIDIA A100-SXM4-80GB,
2026-03-24T12:03:34.362658,HFT_ideal__Orai1WT-MDSnap-Fr300_cleaned,Orai1WT-MDSnap-Fr300_cleaned,HFT_ideal,failed,No output from any sub-box,0,0.1,,20,22,2.0,,,,,,,,223,21026,1,32,8000,10,3,NVIDIA A100-SXM4-80GB,
2026-03-24T12:03:34.387547,HFZ_ideal__Orai1WT-MDSnap-Fr300_cleaned,Orai1WT-MDSnap-Fr300_cleaned,HFZ_ideal,failed,No output from any sub-box,0,0.1,,20,24,1.0,,,,,,,,223,21026,1,32,8000,10,3,NVIDIA A100-SXM4-80GB,
2026-03-24T12:03:34.415873,HG0_ideal__Orai1WT-MDSnap-Fr300_cleaned,Orai1WT-MDSnap-Fr300_cleaned,HG0_ideal,failed,No output from any sub-box,0,0.1,,19,23,2.0,,,,,,,,223,21026,1,32,8000,10,3,NVIDIA A100-SXM4-80GB,
2026-03-24T12:03:34.439645,HG9_ideal__Orai1WT-MDSnap-Fr300_cleaned,Orai1WT-MDSnap-Fr300_cleaned,HG9_ideal,failed,No output from any sub-box,0,0.1,,25,31,11.0,,,,,,,,223,21026,1,32,8000,10,3,NVIDIA A100-SXM4-80GB,
2026-03-24T12:03:34.461876,HHH_ideal__Orai1WT-MDSnap-Fr300_cleaned,Orai1WT-MDSnap-Fr300_cleaned,HHH_ideal,failed,No output from any sub-box,0,0.1,,12,15,2.0,,,,,,,,223,21026,1,32,8000,10,3,NVIDIA A100-SXM4-80GB,
2026-03-24T12:03:34.484334,HLT_ideal__Orai1WT-MDSnap-Fr300_cleaned,Orai1WT-MDSnap-Fr300_cleaned,HLT_ideal,failed,No output from any sub-box,0,0.1,,7,7,0.0,,,,,,,,223,21026,1,32,8000,10,3,NVIDIA A100-SXM4-80GB,
2026-03-24T12:03:34.516012,HMG_ideal__Orai1WT-MDSnap-Fr300_cleaned,Orai1WT-MDSnap-Fr300_cleaned,HMG_ideal,failed,No output from any sub-box,0,0.1,,58,65,14.0,,,,,,,,223,21026,1,32,8000,10,3,NVIDIA A100-SXM4-80GB,
2026-03-24T12:03:34.538560,HOP_ideal__Orai1WT-MDSnap-Fr300_cleaned,Orai1WT-MDSnap-Fr300_cleaned,HOP_ideal,failed,No output from any sub-box,0,0.1,,28,31,4.0,,,,,,,,223,21026,1,32,8000,10,3,NVIDIA A100-SXM4-80GB,
2026-03-24T12:03:34.565591,HPH_ideal__Orai1WT-MDSnap-Fr300_cleaned,Orai1WT-MDSnap-Fr300_cleaned,HPH_ideal,failed,No output from any sub-box,0,0.1,,12,16,3.0,,,,,,,,223,21026,1,32,8000,10,3,NVIDIA A100-SXM4-80GB,
2026-03-24T12:03:34.589744,HPP_ideal__Orai1WT-MDSnap-Fr300_cleaned,Orai1WT-MDSnap-Fr300_cleaned,HPP_ideal,failed,No output from any sub-box,0,0.1,,12,14,2.0,,,,,,,,223,21026,1,32,8000,10,3,NVIDIA A100-SXM4-80GB,
2026-03-24T12:03:34.615951,HPQ_ideal__Orai1WT-MDSnap-Fr300_cleaned,Orai1WT-MDSnap-Fr300_cleaned,HPQ_ideal,failed,No output from any sub-box,0,0.1,,13,15,2.0,,,,,,,,223,21026,1,32,8000,10,3,NVIDIA A100-SXM4-80GB,
2026-03-24T12:03:34.638414,HPS_ideal__Orai1WT-MDSnap-Fr300_cleaned,Orai1WT-MDSnap-Fr300_cleaned,HPS_ideal,failed,No output from any sub-box,0,0.1,,11,13,2.0,,,,,,,,223,21026,1,32,8000,10,3,NVIDIA A100-SXM4-80GB,
2026-03-24T12:03:34.671667,HQE_ideal__Orai1WT-MDSnap-Fr300_cleaned,Orai1WT-MDSnap-Fr300_cleaned,HQE_ideal,failed,No output from any sub-box,0,0.1,,8,10,1.0,,,,,,,,223,21026,1,32,8000,10,3,NVIDIA A100-SXM4-80GB,
2026-03-24T12:03:34.696976,HQQ_ideal__Orai1WT-MDSnap-Fr300_cleaned,Orai1WT-MDSnap-Fr300_cleaned,HQQ_ideal,failed,No output from any sub-box,0,0.1,,23,25,1.0,,,,,,,,223,21026,1,32,8000,10,3,NVIDIA A100-SXM4-80GB,
2026-03-24T12:03:34.733619,HS6_ideal__Orai1WT-MDSnap-Fr300_cleaned,Orai1WT-MDSnap-Fr300_cleaned,HS6_ideal,failed,No output from any sub-box,0,0.1,,16,17,2.0,,,,,,,,223,21026,1,32,8000,10,3,NVIDIA A100-SXM4-80GB,
2026-03-24T12:03:34.757519,HS7_ideal__Orai1WT-MDSnap-Fr300_cleaned,Orai1WT-MDSnap-Fr300_cleaned,HS7_ideal,failed,No output from any sub-box,0,0.1,,15,16,2.0,,,,,,,,223,21026,1,32,8000,10,3,NVIDIA A100-SXM4-80GB,
2026-03-24T12:03:34.780399,HSF_ideal__Orai1WT-MDSnap-Fr300_cleaned,Orai1WT-MDSnap-Fr300_cleaned,HSF_ideal,failed,No output from any sub-box,0,0.1,,20,20,7.0,,,,,,,,223,21026,1,32,8000,10,3,NVIDIA A100-SXM4-80GB,
2026-03-24T12:03:34.816312,HXA_ideal__Orai1WT-MDSnap-Fr300_cleaned,Orai1WT-MDSnap-Fr300_cleaned,HXA_ideal,failed,No output from any sub-box,0,0.1,,24,25,7.0,,,,,,,,223,21026,1,32,8000,10,3,NVIDIA A100-SXM4-80GB,
2026-03-24T12:03:34.840098,HXC_ideal__Orai1WT-MDSnap-Fr300_cleaned,Orai1WT-MDSnap-Fr300_cleaned,HXC_ideal,failed,No output from any sub-box,0,0.1,,55,65,15.0,,,,,,,,223,21026,1,32,8000,10,3,NVIDIA A100-SXM4-80GB,
2026-03-24T12:03:34.877734,HXP_ideal__Orai1WT-MDSnap-Fr300_cleaned,Orai1WT-MDSnap-Fr300_cleaned,HXP_ideal,failed,No output from any sub-box,0,0.1,,21,24,3.0,,,,,,,,223,21026,1,32,8000,10,3,NVIDIA A100-SXM4-80GB,
2026-03-24T12:03:34.919340,HY1_ideal__Orai1WT-MDSnap-Fr300_cleaned,Orai1WT-MDSnap-Fr300_cleaned,HY1_ideal,failed,No output from any sub-box,0,0.1,,9,9,1.0,,,,,,,,223,21026,1,32,8000,10,3,NVIDIA A100-SXM4-80GB,
2026-03-24T12:03:34.942013,HYC_ideal__Orai1WT-MDSnap-Fr300_cleaned,Orai1WT-MDSnap-Fr300_cleaned,HYC_ideal,failed,No output from any sub-box,0,0.1,,49,55,9.0,,,,,,,,223,21026,1,32,8000,10,3,NVIDIA A100-SXM4-80GB,
2026-03-24T12:03:34.973152,I12_ideal__Orai1WT-MDSnap-Fr300_cleaned,Orai1WT-MDSnap-Fr300_cleaned,I12_ideal,failed,No output from any sub-box,0,0.1,,44,49,8.0,,,,,,,,223,21026,1,32,8000,10,3,NVIDIA A100-SXM4-80GB,
2026-03-24T12:03:34.997616,I15_ideal__Orai1WT-MDSnap-Fr300_cleaned,Orai1WT-MDSnap-Fr300_cleaned,I15_ideal,failed,No output from any sub-box,0,0.1,,22,23,1.0,,,,,,,,223,21026,1,32,8000,10,3,NVIDIA A100-SXM4-80GB,
2026-03-24T12:03:35.033854,I50_ideal__Orai1WT-MDSnap-Fr300_cleaned,Orai1WT-MDSnap-Fr300_cleaned,I50_ideal,failed,No output from any sub-box,0,0.1,,30,36,5.0,,,,,,,,223,21026,1,32,8000,10,3,NVIDIA A100-SXM4-80GB,
2026-03-24T12:03:35.056049,I52_ideal__Orai1WT-MDSnap-Fr300_cleaned,Orai1WT-MDSnap-Fr300_cleaned,I52_ideal,failed,No output from any sub-box,0,0.1,,40,43,7.0,,,,,,,,223,21026,1,32,8000,10,3,NVIDIA A100-SXM4-80GB,
2026-03-24T12:03:35.079477,I6H_ideal__Orai1WT-MDSnap-Fr300_cleaned,Orai1WT-MDSnap-Fr300_cleaned,I6H_ideal,failed,No output from any sub-box,0,0.1,,33,33,6.0,,,,,,,,223,21026,1,32,8000,10,3,NVIDIA A100-SXM4-80GB,
2026-03-24T12:03:35.101428,IB2_ideal__Orai1WT-MDSnap-Fr300_cleaned,Orai1WT-MDSnap-Fr300_cleaned,IB2_ideal,failed,No output from any sub-box,0,0.1,,49,60,10.0,,,,,,,,223,21026,1,32,8000,10,3,NVIDIA A100-SXM4-80GB,
2026-03-24T12:03:35.137650,IBI_ideal__Orai1WT-MDSnap-Fr300_cleaned,Orai1WT-MDSnap-Fr300_cleaned,IBI_ideal,failed,No output from any sub-box,0,0.1,,45,47,5.0,,,,,,,,223,21026,1,32,8000,10,3,NVIDIA A100-SXM4-80GB,
2026-03-24T12:03:35.161071,IBO_ideal__Orai1WT-MDSnap-Fr300_cleaned,Orai1WT-MDSnap-Fr300_cleaned,IBO_ideal,failed,No output from any sub-box,0,0.1,,6,8,0.0,,,,,,,,223,21026,1,32,8000,10,3,NVIDIA A100-SXM4-80GB,
2026-03-24T12:03:35.182723,IBP_ideal__Orai1WT-MDSnap-Fr300_cleaned,Orai1WT-MDSnap-Fr300_cleaned,IBP_ideal,failed,No output from any sub-box,0,0.1,,15,16,2.0,,,,,,,,223,21026,1,32,8000,10,3,NVIDIA A100-SXM4-80GB,
2026-03-24T12:03:35.216021,IC1_ideal__Orai1WT-MDSnap-Fr300_cleaned,Orai1WT-MDSnap-Fr300_cleaned,IC1_ideal,failed,No output from any sub-box,0,0.1,,23,24,2.0,,,,,,,,223,21026,1,32,8000,10,3,NVIDIA A100-SXM4-80GB,
2026-03-24T12:03:35.238947,ICF_ideal__Orai1WT-MDSnap-Fr300_cleaned,Orai1WT-MDSnap-Fr300_cleaned,ICF_ideal,failed,No output from any sub-box,0,0.1,,10,10,1.0,,,,,,,,223,21026,1,32,8000,10,3,NVIDIA A100-SXM4-80GB,
2026-03-24T12:03:35.261755,IDB_ideal__Orai1WT-MDSnap-Fr300_cleaned,Orai1WT-MDSnap-Fr300_cleaned,IDB_ideal,failed,No output from any sub-box,0,0.1,,34,38,5.0,,,,,,,,223,21026,1,32,8000,10,3,NVIDIA A100-SXM4-80GB,
2026-03-24T12:03:35.285283,IET_ideal__Orai1WT-MDSnap-Fr300_cleaned,Orai1WT-MDSnap-Fr300_cleaned,IET_ideal,failed,No output from any sub-box,0,0.1,,23,26,1.0,,,,,,,,223,21026,1,32,8000,10,3,NVIDIA A100-SXM4-80GB,
2026-03-24T12:03:35.316510,IGL_ideal__Orai1WT-MDSnap-Fr300_cleaned,Orai1WT-MDSnap-Fr300_cleaned,IGL_ideal,failed,No output from any sub-box,0,0.1,,14,17,2.0,,,,,,,,223,21026,1,32,8000,10,3,NVIDIA A100-SXM4-80GB,
2026-03-24T12:03:35.340071,IH4_ideal__Orai1WT-MDSnap-Fr300_cleaned,Orai1WT-MDSnap-Fr300_cleaned,IH4_ideal,failed,No output from any sub-box,0,0.1,,44,45,7.0,,,,,,,,223,21026,1,32,8000,10,3,NVIDIA A100-SXM4-80GB,
2026-03-24T12:03:35.363908,IK7_ideal__Orai1WT-MDSnap-Fr300_cleaned,Orai1WT-MDSnap-Fr300_cleaned,IK7_ideal,failed,No output from any sub-box,0,0.1,,30,32,1.0,,,,,,,,223,21026,1,32,8000,10,3,NVIDIA A100-SXM4-80GB,
2026-03-24T12:03:35.389458,ILW_ideal__Orai1WT-MDSnap-Fr300_cleaned,Orai1WT-MDSnap-Fr300_cleaned,ILW_ideal,failed,No output from any sub-box,0,0.1,,12,12,1.0,,,,,,,,223,21026,1,32,8000,10,3,NVIDIA A100-SXM4-80GB,
2026-03-24T12:03:35.431689,INA_ideal__Orai1WT-MDSnap-Fr300_cleaned,Orai1WT-MDSnap-Fr300_cleaned,INA_ideal,failed,No output from any sub-box,0,0.1,,42,48,8.0,,,,,,,,223,21026,1,32,8000,10,3,NVIDIA A100-SXM4-80GB,
2026-03-24T12:03:35.455172,INB_ideal__Orai1WT-MDSnap-Fr300_cleaned,Orai1WT-MDSnap-Fr300_cleaned,INB_ideal,failed,No output from any sub-box,0,0.1,,35,37,14.0,,,,,,,,223,21026,1,32,8000,10,3,NVIDIA A100-SXM4-80GB,
2026-03-24T12:03:35.478305,INV_ideal__Orai1WT-MDSnap-Fr300_cleaned,Orai1WT-MDSnap-Fr300_cleaned,INV_ideal,failed,No output from any sub-box,0,0.1,,21,24,2.0,,,,,,,,223,21026,1,32,8000,10,3,NVIDIA A100-SXM4-80GB,
2026-03-24T12:03:35.501034,IOE_ideal__Orai1WT-MDSnap-Fr300_cleaned,Orai1WT-MDSnap-Fr300_cleaned,IOE_ideal,failed,No output from any sub-box,0,0.1,,23,26,2.0,,,,,,,,223,21026,1,32,8000,10,3,NVIDIA A100-SXM4-80GB,
2026-03-24T12:03:35.538942,IOF_ideal__Orai1WT-MDSnap-Fr300_cleaned,Orai1WT-MDSnap-Fr300_cleaned,IOF_ideal,failed,No output from any sub-box,0,0.1,,23,26,2.0,,,,,,,,223,21026,1,32,8000,10,3,NVIDIA A100-SXM4-80GB,
2026-03-24T12:03:35.566426,IOL_ideal__Orai1WT-MDSnap-Fr300_cleaned,Orai1WT-MDSnap-Fr300_cleaned,IOL_ideal,failed,No output from any sub-box,0,0.1,,8,9,0.0,,,,,,,,223,21026,1,32,8000,10,3,NVIDIA A100-SXM4-80GB,
2026-03-24T12:03:35.591491,IOY_ideal__Orai1WT-MDSnap-Fr300_cleaned,Orai1WT-MDSnap-Fr300_cleaned,IOY_ideal,failed,No output from any sub-box,0,0.1,,13,16,2.0,,,,,,,,223,21026,1,32,8000,10,3,NVIDIA A100-SXM4-80GB,
2026-03-24T12:03:35.616590,IPA_ideal__Orai1WT-MDSnap-Fr300_cleaned,Orai1WT-MDSnap-Fr300_cleaned,IPA_ideal,failed,No output from any sub-box,0,0.1,,4,5,0.0,,,,,,,,223,21026,1,32,8000,10,3,NVIDIA A100-SXM4-80GB,
2026-03-24T12:03:35.641152,IPH_ideal__Orai1WT-MDSnap-Fr300_cleaned,Orai1WT-MDSnap-Fr300_cleaned,IPH_ideal,failed,No output from any sub-box,0,0.1,,7,8,0.0,,,,,,,,223,21026,1,32,8000,10,3,NVIDIA A100-SXM4-80GB,
2026-03-24T12:03:35.665919,IS2_ideal__Orai1WT-MDSnap-Fr300_cleaned,Orai1WT-MDSnap-Fr300_cleaned,IS2_ideal,failed,No output from any sub-box,0,0.1,,15,18,2.0,,,,,,,,223,21026,1,32,8000,10,3,NVIDIA A100-SXM4-80GB,
2026-03-24T12:03:35.687691,ISA_ideal__Orai1WT-MDSnap-Fr300_cleaned,Orai1WT-MDSnap-Fr300_cleaned,ISA_ideal,failed,No output from any sub-box,0,0.1,,13,15,2.0,,,,,,,,223,21026,1,32,8000,10,3,NVIDIA A100-SXM4-80GB,
2026-03-24T12:03:35.716219,ISO_ideal__Orai1WT-MDSnap-Fr300_cleaned,Orai1WT-MDSnap-Fr300_cleaned,ISO_ideal,failed,No output from any sub-box,0,0.1,,10,12,1.0,,,,,,,,223,21026,1,32,8000,10,3,NVIDIA A100-SXM4-80GB,
2026-03-24T12:03:35.738688,ISP_ideal__Orai1WT-MDSnap-Fr300_cleaned,Orai1WT-MDSnap-Fr300_cleaned,ISP_ideal,failed,No output from any sub-box,0,0.1,,8,10,2.0,,,,,,,,223,21026,1,32,8000,10,3,NVIDIA A100-SXM4-80GB,
2026-03-24T12:03:35.761068,IXX_ideal__Orai1WT-MDSnap-Fr300_cleaned,Orai1WT-MDSnap-Fr300_cleaned,IXX_ideal,failed,No output from any sub-box,0,0.1,,23,23,4.0,,,,,,,,223,21026,1,32,8000,10,3,NVIDIA A100-SXM4-80GB,
2026-03-24T12:03:35.783457,J12_ideal__Orai1WT-MDSnap-Fr300_cleaned,Orai1WT-MDSnap-Fr300_cleaned,J12_ideal,failed,No output from any sub-box,0,0.1,,43,51,9.0,,,,,,,,223,21026,1,32,8000,10,3,NVIDIA A100-SXM4-80GB,
2026-03-24T12:03:35.816502,J15_ideal__Orai1WT-MDSnap-Fr300_cleaned,Orai1WT-MDSnap-Fr300_cleaned,J15_ideal,failed,No output from any sub-box,0,0.1,,37,44,8.0,,,,,,,,223,21026,1,32,8000,10,3,NVIDIA A100-SXM4-80GB,
2026-03-24T12:03:35.841213,J5Z_ideal__Orai1WT-MDSnap-Fr300_cleaned,Orai1WT-MDSnap-Fr300_cleaned,J5Z_ideal,failed,No output from any sub-box,0,0.1,,21,22,1.0,,,,,,,,223,21026,1,32,8000,10,3,NVIDIA A100-SXM4-80GB,
2026-03-24T12:03:35.865549,J78_ideal__Orai1WT-MDSnap-Fr300_cleaned,Orai1WT-MDSnap-Fr300_cleaned,J78_ideal,failed,No output from any sub-box,0,0.1,,28,28,4.0,,,,,,,,223,21026,1,32,8000,10,3,NVIDIA A100-SXM4-80GB,
2026-03-24T12:03:35.888847,J80_ideal__Orai1WT-MDSnap-Fr300_cleaned,Orai1WT-MDSnap-Fr300_cleaned,J80_ideal,failed,No output from any sub-box,0,0.1,,29,29,5.0,,,,,,,,223,21026,1,32,8000,10,3,NVIDIA A100-SXM4-80GB,
2026-03-24T12:03:35.916407,J8C_ideal__Orai1WT-MDSnap-Fr300_cleaned,Orai1WT-MDSnap-Fr300_cleaned,J8C_ideal,failed,No output from any sub-box,0,0.1,,37,38,5.0,,,,,,,,223,21026,1,32,8000,10,3,NVIDIA A100-SXM4-80GB,
2026-03-24T12:03:35.995917,JAL_ideal__Orai1WT-MDSnap-Fr300_cleaned,Orai1WT-MDSnap-Fr300_cleaned,JAL_ideal,failed,No output from any sub-box,0,0.1,,17,19,2.0,,,,,,,,223,21026,1,32,8000,10,3,NVIDIA A100-SXM4-80GB,
2026-03-24T12:03:36.023669,JAS_ideal__Orai1WT-MDSnap-Fr300_cleaned,Orai1WT-MDSnap-Fr300_cleaned,JAS_ideal,failed,No output from any sub-box,0,0.1,,63,66,17.0,,,,,,,,223,21026,1,32,8000,10,3,NVIDIA A100-SXM4-80GB,
2026-03-24T12:03:36.039326,JBC_ideal__Orai1WT-MDSnap-Fr300_cleaned,Orai1WT-MDSnap-Fr300_cleaned,JBC_ideal,failed,No output from any sub-box,0,0.1,,22,26,4.0,,,,,,,,223,21026,1,32,8000,10,3,NVIDIA A100-SXM4-80GB,
2026-03-24T12:03:36.060096,JE2_ideal__Orai1WT-MDSnap-Fr300_cleaned,Orai1WT-MDSnap-Fr300_cleaned,JE2_ideal,failed,No output from any sub-box,0,0.1,,41,45,6.0,,,,,,,,223,21026,1,32,8000,10,3,NVIDIA A100-SXM4-80GB,
2026-03-24T12:03:36.083446,JER_ideal__Orai1WT-MDSnap-Fr300_cleaned,Orai1WT-MDSnap-Fr300_cleaned,JER_ideal,failed,No output from any sub-box,0,0.1,,33,35,5.0,,,,,,,,223,21026,1,32,8000,10,3,NVIDIA A100-SXM4-80GB,
2026-03-24T12:03:36.120094,JEU_ideal__Orai1WT-MDSnap-Fr300_cleaned,Orai1WT-MDSnap-Fr300_cleaned,JEU_ideal,failed,No output from any sub-box,0,0.1,,30,32,4.0,,,,,,,,223,21026,1,32,8000,10,3,NVIDIA A100-SXM4-80GB,
2026-03-24T12:03:36.143403,JHN_ideal__Orai1WT-MDSnap-Fr300_cleaned,Orai1WT-MDSnap-Fr300_cleaned,JHN_ideal,failed,No output from any sub-box,0,0.1,,33,34,2.0,,,,,,,,223,21026,1,32,8000,10,3,NVIDIA A100-SXM4-80GB,
2026-03-24T12:03:36.166076,JJH_ideal__Orai1WT-MDSnap-Fr300_cleaned,Orai1WT-MDSnap-Fr300_cleaned,JJH_ideal,failed,No output from any sub-box,0,0.1,,42,45,5.0,,,,,,,,223,21026,1,32,8000,10,3,NVIDIA A100-SXM4-80GB,
2026-03-24T12:03:36.190072,JNK_ideal__Orai1WT-MDSnap-Fr300_cleaned,Orai1WT-MDSnap-Fr300_cleaned,JNK_ideal,failed,No output from any sub-box,0,0.1,,31,33,3.0,,,,,,,,223,21026,1,32,8000,10,3,NVIDIA A100-SXM4-80GB,
2026-03-24T12:03:36.216924,JPR_ideal__Orai1WT-MDSnap-Fr300_cleaned,Orai1WT-MDSnap-Fr300_cleaned,JPR_ideal,failed,No output from any sub-box,0,0.1,,25,27,4.0,,,,,,,,223,21026,1,32,8000,10,3,NVIDIA A100-SXM4-80GB,
2026-03-24T12:03:36.239560,JT1_ideal__Orai1WT-MDSnap-Fr300_cleaned,Orai1WT-MDSnap-Fr300_cleaned,JT1_ideal,failed,No output from any sub-box,0,0.1,,47,48,5.0,,,,,,,,223,21026,1,32,8000,10,3,NVIDIA A100-SXM4-80GB,
2026-03-24T12:03:36.262521,K3R_ideal__Orai1WT-MDSnap-Fr300_cleaned,Orai1WT-MDSnap-Fr300_cleaned,K3R_ideal,failed,No output from any sub-box,0,0.1,,38,39,5.0,,,,,,,,223,21026,1,32,8000,10,3,NVIDIA A100-SXM4-80GB,
2026-03-24T12:03:36.283864,K5O_ideal__Orai1WT-MDSnap-Fr300_cleaned,Orai1WT-MDSnap-Fr300_cleaned,K5O_ideal,failed,No output from any sub-box,0,0.1,,49,51,5.0,,,,,,,,223,21026,1,32,8000,10,3,NVIDIA A100-SXM4-80GB,
2026-03-24T12:03:36.318311,K94_ideal__Orai1WT-MDSnap-Fr300_cleaned,Orai1WT-MDSnap-Fr300_cleaned,K94_ideal,failed,No output from any sub-box,0,0.1,,12,15,3.0,,,,,,,,223,21026,1,32,8000,10,3,NVIDIA A100-SXM4-80GB,
2026-03-24T12:03:36.343379,KAB_ideal__Orai1WT-MDSnap-Fr300_cleaned,Orai1WT-MDSnap-Fr300_cleaned,KAB_ideal,failed,No output from any sub-box,0,0.1,,69,74,19.0,,,,,,,,223,21026,1,32,8000,10,3,NVIDIA A100-SXM4-80GB,
2026-03-24T12:03:36.366051,KHF_ideal__Orai1WT-MDSnap-Fr300_cleaned,Orai1WT-MDSnap-Fr300_cleaned,KHF_ideal,failed,No output from any sub-box,0,0.1,,44,46,4.0,,,,,,,,223,21026,1,32,8000,10,3,NVIDIA A100-SXM4-80GB,
2026-03-24T12:03:36.388778,KLN_ideal__Orai1WT-MDSnap-Fr300_cleaned,Orai1WT-MDSnap-Fr300_cleaned,KLN_ideal,failed,No output from any sub-box,0,0.1,,36,36,3.0,,,,,,,,223,21026,1,32,8000,10,3,NVIDIA A100-SXM4-80GB,
2026-03-24T12:03:36.416591,KNT_ideal__Orai1WT-MDSnap-Fr300_cleaned,Orai1WT-MDSnap-Fr300_cleaned,KNT_ideal,failed,No output from any sub-box,0,0.1,,36,38,4.0,,,,,,,,223,21026,1,32,8000,10,3,NVIDIA A100-SXM4-80GB,
2026-03-24T12:03:36.441053,KOS_ideal__Orai1WT-MDSnap-Fr300_cleaned,Orai1WT-MDSnap-Fr300_cleaned,KOS_ideal,failed,No output from any sub-box,0,0.1,,46,51,10.0,,,,,,,,223,21026,1,32,8000,10,3,NVIDIA A100-SXM4-80GB,
2026-03-24T12:03:36.465393,KTY_ideal__Orai1WT-MDSnap-Fr300_cleaned,Orai1WT-MDSnap-Fr300_cleaned,KTY_ideal,failed,No output from any sub-box,0,0.1,,39,46,15.0,,,,,,,,223,21026,1,32,8000,10,3,NVIDIA A100-SXM4-80GB,
2026-03-24T12:03:36.489505,KZF_ideal__Orai1WT-MDSnap-Fr300_cleaned,Orai1WT-MDSnap-Fr300_cleaned,KZF_ideal,failed,No output from any sub-box,0,0.1,,13,15,2.0,,,,,,,,223,21026,1,32,8000,10,3,NVIDIA A100-SXM4-80GB,
2026-03-24T12:03:36.516361,L02_ideal__Orai1WT-MDSnap-Fr300_cleaned,Orai1WT-MDSnap-Fr300_cleaned,L02_ideal,failed,No output from any sub-box,0,0.1,,18,20,1.0,,,,,,,,223,21026,1,32,8000,10,3,NVIDIA A100-SXM4-80GB,
2026-03-24T12:03:36.540563,L17_ideal__Orai1WT-MDSnap-Fr300_cleaned,Orai1WT-MDSnap-Fr300_cleaned,L17_ideal,failed,No output from any sub-box,0,0.1,,33,35,4.0,,,,,,,,223,21026,1,32,8000,10,3,NVIDIA A100-SXM4-80GB,
2026-03-24T12:03:36.564489,L1P_ideal__Orai1WT-MDSnap-Fr300_cleaned,Orai1WT-MDSnap-Fr300_cleaned,L1P_ideal,failed,No output from any sub-box,0,0.1,,50,52,19.0,,,,,,,,223,21026,1,32,8000,10,3,NVIDIA A100-SXM4-80GB,
2026-03-24T12:03:36.586048,L24_ideal__Orai1WT-MDSnap-Fr300_cleaned,Orai1WT-MDSnap-Fr300_cleaned,L24_ideal,failed,No output from any sub-box,0,0.1,,32,39,6.0,,,,,,,,223,21026,1,32,8000,10,3,NVIDIA A100-SXM4-80GB,
2026-03-24T12:03:36.617789,L2P_ideal__Orai1WT-MDSnap-Fr300_cleaned,Orai1WT-MDSnap-Fr300_cleaned,L2P_ideal,failed,No output from any sub-box,0,0.1,,46,47,17.0,,,,,,,,223,21026,1,32,8000,10,3,NVIDIA A100-SXM4-80GB,
2026-03-24T12:03:36.640512,L3P_ideal__Orai1WT-MDSnap-Fr300_cleaned,Orai1WT-MDSnap-Fr300_cleaned,L3P_ideal,failed,No output from any sub-box,0,0.1,,59,61,22.0,,,,,,,,223,21026,1,32,8000,10,3,NVIDIA A100-SXM4-80GB,
2026-03-24T12:03:36.664835,L41_ideal__Orai1WT-MDSnap-Fr300_cleaned,Orai1WT-MDSnap-Fr300_cleaned,L41_ideal,failed,No output from any sub-box,0,0.1,,29,31,7.0,,,,,,,,223,21026,1,32,8000,10,3,NVIDIA A100-SXM4-80GB,
2026-03-24T12:03:36.689450,L75_ideal__Orai1WT-MDSnap-Fr300_cleaned,Orai1WT-MDSnap-Fr300_cleaned,L75_ideal,failed,No output from any sub-box,0,0.1,,48,52,7.0,,,,,,,,223,21026,1,32,8000,10,3,NVIDIA A100-SXM4-80GB,
2026-03-24T12:03:36.716450,LAZ_ideal__Orai1WT-MDSnap-Fr300_cleaned,Orai1WT-MDSnap-Fr300_cleaned,LAZ_ideal,failed,No output from any sub-box,0,0.1,,13,15,2.0,,,,,,,,223,21026,1,32,8000,10,3,NVIDIA A100-SXM4-80GB,
2026-03-24T12:03:36.882431,LBM_ideal__Orai1WT-MDSnap-Fr300_cleaned,Orai1WT-MDSnap-Fr300_cleaned,LBM_ideal,failed,No output from any sub-box,0,0.1,,61,64,6.0,,,,,,,,223,21026,1,32,8000,10,3,NVIDIA A100-SXM4-80GB,
2026-03-24T12:03:36.920872,LCO_ideal__Orai1WT-MDSnap-Fr300_cleaned,Orai1WT-MDSnap-Fr300_cleaned,LCO_ideal,failed,No output from any sub-box,0,0.1,,4,4,,,,,,,,,223,21026,1,32,8000,10,3,NVIDIA A100-SXM4-80GB,
2026-03-24T12:03:36.948837,LCP_ideal__Orai1WT-MDSnap-Fr300_cleaned,Orai1WT-MDSnap-Fr300_cleaned,LCP_ideal,failed,No output from any sub-box,0,0.1,,5,5,,,,,,,,,223,21026,1,32,8000,10,3,NVIDIA A100-SXM4-80GB,
2026-03-24T12:03:36.972704,LDM_ideal__Orai1WT-MDSnap-Fr300_cleaned,Orai1WT-MDSnap-Fr300_cleaned,LDM_ideal,failed,No output from any sub-box,0,0.1,,21,22,7.0,,,,,,,,223,21026,1,32,8000,10,3,NVIDIA A100-SXM4-80GB,
2026-03-24T12:03:36.996550,LEH_ideal__Orai1WT-MDSnap-Fr300_cleaned,Orai1WT-MDSnap-Fr300_cleaned,LEH_ideal,failed,No output from any sub-box,0,0.1,,27,29,8.0,,,,,,,,223,21026,1,32,8000,10,3,NVIDIA A100-SXM4-80GB,
2026-03-24T12:03:37.034682,LHG_ideal__Orai1WT-MDSnap-Fr300_cleaned,Orai1WT-MDSnap-Fr300_cleaned,LHG_ideal,failed,No output from any sub-box,0,0.1,,49,52,21.0,,,,,,,,223,21026,1,32,8000,10,3,NVIDIA A100-SXM4-80GB,
2026-03-24T12:03:37.056740,LIL_ideal__Orai1WT-MDSnap-Fr300_cleaned,Orai1WT-MDSnap-Fr300_cleaned,LIL_ideal,failed,No output from any sub-box,0,0.1,,32,33,13.0,,,,,,,,223,21026,1,32,8000,10,3,NVIDIA A100-SXM4-80GB,
2026-03-24T12:03:37.078141,LIM_ideal__Orai1WT-MDSnap-Fr300_cleaned,Orai1WT-MDSnap-Fr300_cleaned,LIM_ideal,failed,No output from any sub-box,0,0.1,,18,19,7.0,,,,,,,,223,21026,1,32,8000,10,3,NVIDIA A100-SXM4-80GB,
2026-03-24T12:03:37.093156,LJ1_ideal__Orai1WT-MDSnap-Fr300_cleaned,Orai1WT-MDSnap-Fr300_cleaned,LJ1_ideal,failed,No output from any sub-box,0,0.1,,17,18,1.0,,,,,,,,223,21026,1,32,8000,10,3,NVIDIA A100-SXM4-80GB,
2026-03-24T12:03:37.350518,LJ2_ideal__Orai1WT-MDSnap-Fr300_cleaned,Orai1WT-MDSnap-Fr300_cleaned,LJ2_ideal,failed,No output from any sub-box,0,0.1,,17,18,1.0,,,,,,,,223,21026,1,32,8000,10,3,NVIDIA A100-SXM4-80GB,
2026-03-24T12:03:37.377517,LJ3_ideal__Orai1WT-MDSnap-Fr300_cleaned,Orai1WT-MDSnap-Fr300_cleaned,LJ3_ideal,failed,No output from any sub-box,0,0.1,,15,16,1.0,,,,,,,,223,21026,1,32,8000,10,3,NVIDIA A100-SXM4-80GB,
2026-03-24T12:03:37.400031,LJ4_ideal__Orai1WT-MDSnap-Fr300_cleaned,Orai1WT-MDSnap-Fr300_cleaned,LJ4_ideal,failed,No output from any sub-box,0,0.1,,16,17,1.0,,,,,,,,223,21026,1,32,8000,10,3,NVIDIA A100-SXM4-80GB,
2026-03-24T12:03:37.435011,LJ5_ideal__Orai1WT-MDSnap-Fr300_cleaned,Orai1WT-MDSnap-Fr300_cleaned,LJ5_ideal,failed,No output from any sub-box,0,0.1,,18,20,1.0,,,,,,,,223,21026,1,32,8000,10,3,NVIDIA A100-SXM4-80GB,
2026-03-24T12:03:37.458869,LK2_ideal__Orai1WT-MDSnap-Fr300_cleaned,Orai1WT-MDSnap-Fr300_cleaned,LK2_ideal,failed,No output from any sub-box,0,0.1,,28,31,6.0,,,,,,,,223,21026,1,32,8000,10,3,NVIDIA A100-SXM4-80GB,
2026-03-24T12:03:37.483453,LK3_ideal__Orai1WT-MDSnap-Fr300_cleaned,Orai1WT-MDSnap-Fr300_cleaned,LK3_ideal,failed,No output from any sub-box,0,0.1,,29,32,7.0,,,,,,,,223,21026,1,32,8000,10,3,NVIDIA A100-SXM4-80GB,
2026-03-24T12:03:37.515656,LK4_ideal__Orai1WT-MDSnap-Fr300_cleaned,Orai1WT-MDSnap-Fr300_cleaned,LK4_ideal,failed,No output from any sub-box,0,0.1,,33,36,6.0,,,,,,,,223,21026,1,32,8000,10,3,NVIDIA A100-SXM4-80GB,
2026-03-24T12:03:37.539687,LL2_ideal__Orai1WT-MDSnap-Fr300_cleaned,Orai1WT-MDSnap-Fr300_cleaned,LL2_ideal,failed,No output from any sub-box,0,0.1,,13,15,1.0,,,,,,,,223,21026,1,32,8000,10,3,NVIDIA A100-SXM4-80GB,
2026-03-24T12:03:37.562649,LMU_ideal__Orai1WT-MDSnap-Fr300_cleaned,Orai1WT-MDSnap-Fr300_cleaned,LMU_ideal,failed,No output from any sub-box,0,0.1,,35,42,11.0,,,,,,,,223,21026,1,32,8000,10,3,NVIDIA A100-SXM4-80GB,
2026-03-24T12:03:37.594240,LPE_ideal__Orai1WT-MDSnap-Fr300_cleaned,Orai1WT-MDSnap-Fr300_cleaned,LPE_ideal,failed,No output from any sub-box,0,0.1,,34,36,14.0,,,,,,,,223,21026,1,32,8000,10,3,NVIDIA A100-SXM4-80GB,
2026-03-24T12:03:37.618090,LPS_ideal__Orai1WT-MDSnap-Fr300_cleaned,Orai1WT-MDSnap-Fr300_cleaned,LPS_ideal,failed,No output from any sub-box,0,0.1,,32,38,14.0,,,,,,,,223,21026,1,32,8000,10,3,NVIDIA A100-SXM4-80GB,
2026-03-24T12:03:37.641515,LTD_ideal__Orai1WT-MDSnap-Fr300_cleaned,Orai1WT-MDSnap-Fr300_cleaned,LTD_ideal,failed,No output from any sub-box,0,0.1,,34,40,12.0,,,,,,,,223,21026,1,32,8000,10,3,NVIDIA A100-SXM4-80GB,
2026-03-24T12:03:37.664309,LTX_ideal__Orai1WT-MDSnap-Fr300_cleaned,Orai1WT-MDSnap-Fr300_cleaned,LTX_ideal,failed,No output from any sub-box,0,0.1,,43,51,15.0,,,,,,,,223,21026,1,32,8000,10,3,NVIDIA A100-SXM4-80GB,
2026-03-24T12:03:37.689193,LVO_ideal__Orai1WT-MDSnap-Fr300_cleaned,Orai1WT-MDSnap-Fr300_cleaned,LVO_ideal,failed,No output from any sub-box,0,0.1,,33,40,8.0,,,,,,,,223,21026,1,32,8000,10,3,NVIDIA A100-SXM4-80GB,
2026-03-24T12:03:37.716734,LYB_ideal__Orai1WT-MDSnap-Fr300_cleaned,Orai1WT-MDSnap-Fr300_cleaned,LYB_ideal,failed,No output from any sub-box,0,0.1,,58,71,15.0,,,,,,,,223,21026,1,32,8000,10,3,NVIDIA A100-SXM4-80GB,
2026-03-24T12:03:37.739802,LZ4_ideal__Orai1WT-MDSnap-Fr300_cleaned,Orai1WT-MDSnap-Fr300_cleaned,LZ4_ideal,failed,No output from any sub-box,0,0.1,,18,21,2.0,,,,,,,,223,21026,1,32,8000,10,3,NVIDIA A100-SXM4-80GB,
2026-03-24T12:03:37.765315,LZ8_ideal__Orai1WT-MDSnap-Fr300_cleaned,Orai1WT-MDSnap-Fr300_cleaned,LZ8_ideal,failed,No output from any sub-box,0,0.1,,24,27,2.0,,,,,,,,223,21026,1,32,8000,10,3,NVIDIA A100-SXM4-80GB,
2026-03-24T12:03:37.789455,LZE_ideal__Orai1WT-MDSnap-Fr300_cleaned,Orai1WT-MDSnap-Fr300_cleaned,LZE_ideal,failed,No output from any sub-box,0,0.1,,25,29,2.0,,,,,,,,223,21026,1,32,8000,10,3,NVIDIA A100-SXM4-80GB,
2026-03-24T12:03:37.817226,LZJ_ideal__Orai1WT-MDSnap-Fr300_cleaned,Orai1WT-MDSnap-Fr300_cleaned,LZJ_ideal,failed,No output from any sub-box,0,0.1,,20,24,1.0,,,,,,,,223,21026,1,32,8000,10,3,NVIDIA A100-SXM4-80GB,
2026-03-24T12:03:37.841274,LZK_ideal__Orai1WT-MDSnap-Fr300_cleaned,Orai1WT-MDSnap-Fr300_cleaned,LZK_ideal,failed,No output from any sub-box,0,0.1,,22,26,2.0,,,,,,,,223,21026,1,32,8000,10,3,NVIDIA A100-SXM4-80GB,
2026-03-24T12:03:37.864751,M0N_ideal__Orai1WT-MDSnap-Fr300_cleaned,Orai1WT-MDSnap-Fr300_cleaned,M0N_ideal,failed,No output from any sub-box,0,0.1,,20,25,4.0,,,,,,,,223,21026,1,32,8000,10,3,NVIDIA A100-SXM4-80GB,
2026-03-24T12:03:37.887680,M25_ideal__Orai1WT-MDSnap-Fr300_cleaned,Orai1WT-MDSnap-Fr300_cleaned,M25_ideal,failed,No output from any sub-box,0,0.1,,16,19,2.0,,,,,,,,223,21026,1,32,8000,10,3,NVIDIA A100-SXM4-80GB,
2026-03-24T12:03:37.915975,M28_ideal__Orai1WT-MDSnap-Fr300_cleaned,Orai1WT-MDSnap-Fr300_cleaned,M28_ideal,failed,No output from any sub-box,0,0.1,,15,18,3.0,,,,,,,,223,21026,1,32,8000,10,3,NVIDIA A100-SXM4-80GB,
2026-03-24T12:03:37.940429,MA4_ideal__Orai1WT-MDSnap-Fr300_cleaned,Orai1WT-MDSnap-Fr300_cleaned,MA4_ideal,failed,No output from any sub-box,0,0.1,,35,42,9.0,,,,,,,,223,21026,1,32,8000,10,3,NVIDIA A100-SXM4-80GB,
2026-03-24T12:03:37.962794,MAE_ideal__Orai1WT-MDSnap-Fr300_cleaned,Orai1WT-MDSnap-Fr300_cleaned,MAE_ideal,failed,No output from any sub-box,0,0.1,,8,10,2.0,,,,,,,,223,21026,1,32,8000,10,3,NVIDIA A100-SXM4-80GB,
2026-03-24T12:03:37.985063,MAH_ideal__Orai1WT-MDSnap-Fr300_cleaned,Orai1WT-MDSnap-Fr300_cleaned,MAH_ideal,failed,No output from any sub-box,0,0.1,,11,14,3.0,,,,,,,,223,21026,1,32,8000,10,3,NVIDIA A100-SXM4-80GB,
2026-03-24T12:03:38.017676,MAK_ideal__Orai1WT-MDSnap-Fr300_cleaned,Orai1WT-MDSnap-Fr300_cleaned,MAK_ideal,failed,No output from any sub-box,0,0.1,,8,10,2.0,,,,,,,,223,21026,1,32,8000,10,3,NVIDIA A100-SXM4-80GB,
2026-03-24T12:03:38.042816,MAY_ideal__Orai1WT-MDSnap-Fr300_cleaned,Orai1WT-MDSnap-Fr300_cleaned,MAY_ideal,failed,No output from any sub-box,0,0.1,,25,25,8.0,,,,,,,,223,21026,1,32,8000,10,3,NVIDIA A100-SXM4-80GB,
2026-03-24T12:03:38.065117,MBN_ideal__Orai1WT-MDSnap-Fr300_cleaned,Orai1WT-MDSnap-Fr300_cleaned,MBN_ideal,failed,No output from any sub-box,0,0.1,,7,7,,,,,,,,,223,21026,1,32,8000,10,3,NVIDIA A100-SXM4-80GB,
2026-03-24T12:03:38.088512,MBR_ideal__Orai1WT-MDSnap-Fr300_cleaned,Orai1WT-MDSnap-Fr300_cleaned,MBR_ideal,failed,No output from any sub-box,0,0.1,,4,4,,,,,,,,,223,21026,1,32,8000,10,3,NVIDIA A100-SXM4-80GB,
2026-03-24T12:03:38.115818,MBT_ideal__Orai1WT-MDSnap-Fr300_cleaned,Orai1WT-MDSnap-Fr300_cleaned,MBT_ideal,failed,No output from any sub-box,0,0.1,,20,20,1.0,,,,,,,,223,21026,1,32,8000,10,3,NVIDIA A100-SXM4-80GB,
2026-03-24T12:03:38.138381,MCA_ideal__Orai1WT-MDSnap-Fr300_cleaned,Orai1WT-MDSnap-Fr300_cleaned,MCA_ideal,failed,No output from any sub-box,0,0.1,,55,66,15.0,,,,,,,,223,21026,1,32,8000,10,3,NVIDIA A100-SXM4-80GB,
2026-03-24T12:03:38.161366,MCH_ideal__Orai1WT-MDSnap-Fr300_cleaned,Orai1WT-MDSnap-Fr300_cleaned,MCH_ideal,failed,No output from any sub-box,0,0.1,,4,4,,,,,,,,,223,21026,1,32,8000,10,3,NVIDIA A100-SXM4-80GB,
2026-03-24T12:03:38.185278,MCN_ideal__Orai1WT-MDSnap-Fr300_cleaned,Orai1WT-MDSnap-Fr300_cleaned,MCN_ideal,failed,No output from any sub-box,0,0.1,,44,55,9.0,,,,,,,,223,21026,1,32,8000,10,3,NVIDIA A100-SXM4-80GB,
2026-03-24T12:03:38.216140,MD7_ideal__Orai1WT-MDSnap-Fr300_cleaned,Orai1WT-MDSnap-Fr300_cleaned,MD7_ideal,failed,No output from any sub-box,0,0.1,,23,25,2.0,,,,,,,,223,21026,1,32,8000,10,3,NVIDIA A100-SXM4-80GB,
2026-03-24T12:03:38.238597,MDD_ideal__Orai1WT-MDSnap-Fr300_cleaned,Orai1WT-MDSnap-Fr300_cleaned,MDD_ideal,failed,No output from any sub-box,0,0.1,,5,5,1.0,,,,,,,,223,21026,1,32,8000,10,3,NVIDIA A100-SXM4-80GB,
2026-03-24T12:03:38.260713,MDE_ideal__Orai1WT-MDSnap-Fr300_cleaned,Orai1WT-MDSnap-Fr300_cleaned,MDE_ideal,failed,No output from any sub-box,0,0.1,,63,74,19.0,,,,,,,,223,21026,1,32,8000,10,3,NVIDIA A100-SXM4-80GB,
2026-03-24T12:03:38.282600,MDN_ideal__Orai1WT-MDSnap-Fr300_cleaned,Orai1WT-MDSnap-Fr300_cleaned,MDN_ideal,failed,No output from any sub-box,0,0.1,,9,13,3.0,,,,,,,,223,21026,1,32,8000,10,3,NVIDIA A100-SXM4-80GB,
2026-03-24T12:03:38.316204,MES_ideal__Orai1WT-MDSnap-Fr300_cleaned,Orai1WT-MDSnap-Fr300_cleaned,MES_ideal,failed,No output from any sub-box,0,0.1,,12,13,1.0,,,,,,,,223,21026,1,32,8000,10,3,NVIDIA A100-SXM4-80GB,
2026-03-24T12:03:38.341470,MF3_ideal__Orai1WT-MDSnap-Fr300_cleaned,Orai1WT-MDSnap-Fr300_cleaned,MF3_ideal,failed,No output from any sub-box,0,0.1,,12,15,3.0,,,,,,,,223,21026,1,32,8000,10,3,NVIDIA A100-SXM4-80GB,
2026-03-24T12:03:38.364253,MGE_ideal__Orai1WT-MDSnap-Fr300_cleaned,Orai1WT-MDSnap-Fr300_cleaned,MGE_ideal,failed,No output from any sub-box,0,0.1,,48,52,19.0,,,,,,,,223,21026,1,32,8000,10,3,NVIDIA A100-SXM4-80GB,
2026-03-24T12:03:38.387616,MGM_ideal__Orai1WT-MDSnap-Fr300_cleaned,Orai1WT-MDSnap-Fr300_cleaned,MGM_ideal,failed,No output from any sub-box,0,0.1,,29,32,9.0,,,,,,,,223,21026,1,32,8000,10,3,NVIDIA A100-SXM4-80GB,
2026-03-24T12:03:38.416004,MGR_ideal__Orai1WT-MDSnap-Fr300_cleaned,Orai1WT-MDSnap-Fr300_cleaned,MGR_ideal,failed,No output from any sub-box,0,0.1,,25,25,1.0,,,,,,,,223,21026,1,32,8000,10,3,NVIDIA A100-SXM4-80GB,
2026-03-24T12:03:38.440415,MIM_ideal__Orai1WT-MDSnap-Fr300_cleaned,Orai1WT-MDSnap-Fr300_cleaned,MIM_ideal,failed,No output from any sub-box,0,0.1,,43,49,10.0,,,,,,,,223,21026,1,32,8000,10,3,NVIDIA A100-SXM4-80GB,
2026-03-24T12:03:38.464519,MJV_ideal__Orai1WT-MDSnap-Fr300_cleaned,Orai1WT-MDSnap-Fr300_cleaned,MJV_ideal,failed,No output from any sub-box,0,0.1,,29,31,2.0,,,,,,,,223,21026,1,32,8000,10,3,NVIDIA A100-SXM4-80GB,
2026-03-24T12:03:38.488457,MK1_ideal__Orai1WT-MDSnap-Fr300_cleaned,Orai1WT-MDSnap-Fr300_cleaned,MK1_ideal,failed,No output from any sub-box,0,0.1,,45,49,7.0,,,,,,,,223,21026,1,32,8000,10,3,NVIDIA A100-SXM4-80GB,
2026-03-24T12:03:38.516308,MK6_ideal__Orai1WT-MDSnap-Fr300_cleaned,Orai1WT-MDSnap-Fr300_cleaned,MK6_ideal,failed,No output from any sub-box,0,0.1,,37,38,5.0,,,,,,,,223,21026,1,32,8000,10,3,NVIDIA A100-SXM4-80GB,
2026-03-24T12:03:38.542991,MLA_ideal__Orai1WT-MDSnap-Fr300_cleaned,Orai1WT-MDSnap-Fr300_cleaned,MLA_ideal,failed,No output from any sub-box,0,0.1,,7,9,2.0,,,,,,,,223,21026,1,32,8000,10,3,NVIDIA A100-SXM4-80GB,
2026-03-24T12:03:38.565949,MLC_ideal__Orai1WT-MDSnap-Fr300_cleaned,Orai1WT-MDSnap-Fr300_cleaned,MLC_ideal,failed,No output from any sub-box,0,0.1,,54,65,15.0,,,,,,,,223,21026,1,32,8000,10,3,NVIDIA A100-SXM4-80GB,
2026-03-24T12:03:38.588526,MLD_ideal__Orai1WT-MDSnap-Fr300_cleaned,Orai1WT-MDSnap-Fr300_cleaned,MLD_ideal,failed,No output from any sub-box,0,0.1,,64,78,15.0,,,,,,,,223,21026,1,32,8000,10,3,NVIDIA A100-SXM4-80GB,
2026-03-24T12:03:38.616241,MLI_ideal__Orai1WT-MDSnap-Fr300_cleaned,Orai1WT-MDSnap-Fr300_cleaned,MLI_ideal,failed,No output from any sub-box,0,0.1,,7,7,1.0,,,,,,,,223,21026,1,32,8000,10,3,NVIDIA A100-SXM4-80GB,
2026-03-24T12:03:38.639468,MM3_ideal__Orai1WT-MDSnap-Fr300_cleaned,Orai1WT-MDSnap-Fr300_cleaned,MM3_ideal,failed,No output from any sub-box,0,0.1,,26,28,5.0,,,,,,,,223,21026,1,32,8000,10,3,NVIDIA A100-SXM4-80GB,
2026-03-24T12:03:38.661804,MMI_ideal__Orai1WT-MDSnap-Fr300_cleaned,Orai1WT-MDSnap-Fr300_cleaned,MMI_ideal,failed,No output from any sub-box,0,0.1,,54,61,13.0,,,,,,,,223,21026,1,32,8000,10,3,NVIDIA A100-SXM4-80GB,
2026-03-24T12:03:38.691785,MMQ_ideal__Orai1WT-MDSnap-Fr300_cleaned,Orai1WT-MDSnap-Fr300_cleaned,MMQ_ideal,failed,No output from any sub-box,0,0.1,,6,7,1.0,,,,,,,,223,21026,1,32,8000,10,3,NVIDIA A100-SXM4-80GB,
2026-03-24T12:03:38.716788,MNN_ideal__Orai1WT-MDSnap-Fr300_cleaned,Orai1WT-MDSnap-Fr300_cleaned,MNN_ideal,failed,No output from any sub-box,0,0.1,,10,11,1.0,,,,,,,,223,21026,1,32,8000,10,3,NVIDIA A100-SXM4-80GB,
2026-03-24T12:03:38.740921,MNY_ideal__Orai1WT-MDSnap-Fr300_cleaned,Orai1WT-MDSnap-Fr300_cleaned,MNY_ideal,failed,No output from any sub-box,0,0.1,,20,26,2.0,,,,,,,,223,21026,1,32,8000,10,3,NVIDIA A100-SXM4-80GB,
2026-03-24T12:03:38.765122,MPB_ideal__Orai1WT-MDSnap-Fr300_cleaned,Orai1WT-MDSnap-Fr300_cleaned,MPB_ideal,failed,No output from any sub-box,0,0.1,,11,12,1.0,,,,,,,,223,21026,1,32,8000,10,3,NVIDIA A100-SXM4-80GB,
2026-03-24T12:03:38.789268,MPG_ideal__Orai1WT-MDSnap-Fr300_cleaned,Orai1WT-MDSnap-Fr300_cleaned,MPG_ideal,failed,No output from any sub-box,0,0.1,,25,27,10.0,,,,,,,,223,21026,1,32,8000,10,3,NVIDIA A100-SXM4-80GB,
2026-03-24T12:03:38.816401,MPO_ideal__Orai1WT-MDSnap-Fr300_cleaned,Orai1WT-MDSnap-Fr300_cleaned,MPO_ideal,failed,No output from any sub-box,0,0.1,,13,14,2.0,,,,,,,,223,21026,1,32,8000,10,3,NVIDIA A100-SXM4-80GB,
2026-03-24T12:03:38.842487,MPX_ideal__Orai1WT-MDSnap-Fr300_cleaned,Orai1WT-MDSnap-Fr300_cleaned,MPX_ideal,failed,No output from any sub-box,0,0.1,,21,25,2.0,,,,,,,,223,21026,1,32,8000,10,3,NVIDIA A100-SXM4-80GB,
2026-03-24T12:03:38.869004,MPZ_ideal__Orai1WT-MDSnap-Fr300_cleaned,Orai1WT-MDSnap-Fr300_cleaned,MPZ_ideal,failed,No output from any sub-box,0,0.1,,36,38,3.0,,,,,,,,223,21026,1,32,8000,10,3,NVIDIA A100-SXM4-80GB,
2026-03-24T12:03:38.892026,MQ7_ideal__Orai1WT-MDSnap-Fr300_cleaned,Orai1WT-MDSnap-Fr300_cleaned,MQ7_ideal,failed,No output from any sub-box,0,0.1,,48,48,10.0,,,,,,,,223,21026,1,32,8000,10,3,NVIDIA A100-SXM4-80GB,
2026-03-24T12:03:38.917537,MR4_ideal__Orai1WT-MDSnap-Fr300_cleaned,Orai1WT-MDSnap-Fr300_cleaned,MR4_ideal,failed,No output from any sub-box,0,0.1,,18,19,1.0,,,,,,,,223,21026,1,32,8000,10,3,NVIDIA A100-SXM4-80GB,
2026-03-24T12:03:38.940170,MR5_ideal__Orai1WT-MDSnap-Fr300_cleaned,Orai1WT-MDSnap-Fr300_cleaned,MR5_ideal,failed,No output from any sub-box,0,0.1,,18,19,1.0,,,,,,,,223,21026,1,32,8000,10,3,NVIDIA A100-SXM4-80GB,
2026-03-24T12:03:38.966681,MR6_ideal__Orai1WT-MDSnap-Fr300_cleaned,Orai1WT-MDSnap-Fr300_cleaned,MR6_ideal,failed,No output from any sub-box,0,0.1,,17,17,0.0,,,,,,,,223,21026,1,32,8000,10,3,NVIDIA A100-SXM4-80GB,
2026-03-24T12:03:38.989804,MRC_ideal__Orai1WT-MDSnap-Fr300_cleaned,Orai1WT-MDSnap-Fr300_cleaned,MRC_ideal,failed,No output from any sub-box,0,0.1,,35,39,10.0,,,,,,,,223,21026,1,32,8000,10,3,NVIDIA A100-SXM4-80GB,
2026-03-24T12:03:39.016943,MRE_ideal__Orai1WT-MDSnap-Fr300_cleaned,Orai1WT-MDSnap-Fr300_cleaned,MRE_ideal,failed,No output from any sub-box,0,0.1,,20,21,2.0,,,,,,,,223,21026,1,32,8000,10,3,NVIDIA A100-SXM4-80GB,
2026-03-24T12:03:39.040574,MS1_ideal__Orai1WT-MDSnap-Fr300_cleaned,Orai1WT-MDSnap-Fr300_cleaned,MS1_ideal,failed,No output from any sub-box,0,0.1,,57,69,12.0,,,,,,,,223,21026,1,32,8000,10,3,NVIDIA A100-SXM4-80GB,
2026-03-24T12:03:39.064939,MS3_ideal__Orai1WT-MDSnap-Fr300_cleaned,Orai1WT-MDSnap-Fr300_cleaned,MS3_ideal,failed,No output from any sub-box,0,0.1,,56,62,11.0,,,,,,,,223,21026,1,32,8000,10,3,NVIDIA A100-SXM4-80GB,
2026-03-24T12:03:39.086420,MSB_ideal__Orai1WT-MDSnap-Fr300_cleaned,Orai1WT-MDSnap-Fr300_cleaned,MSB_ideal,failed,No output from any sub-box,0,0.1,,11,12,1.0,,,,,,,,223,21026,1,32,8000,10,3,NVIDIA A100-SXM4-80GB,
2026-03-24T12:03:39.120874,MSR_ideal__Orai1WT-MDSnap-Fr300_cleaned,Orai1WT-MDSnap-Fr300_cleaned,MSR_ideal,failed,No output from any sub-box,0,0.1,,12,13,1.0,,,,,,,,223,21026,1,32,8000,10,3,NVIDIA A100-SXM4-80GB,
2026-03-24T12:03:39.145665,MWV_ideal__Orai1WT-MDSnap-Fr300_cleaned,Orai1WT-MDSnap-Fr300_cleaned,MWV_ideal,failed,No output from any sub-box,0,0.1,,36,37,6.0,,,,,,,,223,21026,1,32,8000,10,3,NVIDIA A100-SXM4-80GB,
2026-03-24T12:03:39.167642,MXP_ideal__Orai1WT-MDSnap-Fr300_cleaned,Orai1WT-MDSnap-Fr300_cleaned,MXP_ideal,failed,No output from any sub-box,0,0.1,,30,32,6.0,,,,,,,,223,21026,1,32,8000,10,3,NVIDIA A100-SXM4-80GB,
2026-03-24T12:03:39.195873,MXT_ideal__Orai1WT-MDSnap-Fr300_cleaned,Orai1WT-MDSnap-Fr300_cleaned,MXT_ideal,failed,No output from any sub-box,0,0.1,,18,19,1.0,,,,,,,,223,21026,1,32,8000,10,3,NVIDIA A100-SXM4-80GB,
2026-03-24T12:03:39.232896,MYA_ideal__Orai1WT-MDSnap-Fr300_cleaned,Orai1WT-MDSnap-Fr300_cleaned,MYA_ideal,failed,No output from any sub-box,0,0.1,,63,73,19.0,,,,,,,,223,21026,1,32,8000,10,3,NVIDIA A100-SXM4-80GB,
2026-03-24T12:03:39.270879,MYP_ideal__Orai1WT-MDSnap-Fr300_cleaned,Orai1WT-MDSnap-Fr300_cleaned,MYP_ideal,failed,No output from any sub-box,0,0.1,,41,43,5.0,,,,,,,,223,21026,1,32,8000,10,3,NVIDIA A100-SXM4-80GB,
2026-03-24T12:03:39.293571,MYX_ideal__Orai1WT-MDSnap-Fr300_cleaned,Orai1WT-MDSnap-Fr300_cleaned,MYX_ideal,failed,No output from any sub-box,0,0.1,,33,35,6.0,,,,,,,,223,21026,1,32,8000,10,3,NVIDIA A100-SXM4-80GB,
2026-03-24T12:03:39.319904,N2P_ideal__Orai1WT-MDSnap-Fr300_cleaned,Orai1WT-MDSnap-Fr300_cleaned,N2P_ideal,failed,No output from any sub-box,0,0.1,,7,11,3.0,,,,,,,,223,21026,1,32,8000,10,3,NVIDIA A100-SXM4-80GB,
2026-03-24T12:03:39.342820,N3C_ideal__Orai1WT-MDSnap-Fr300_cleaned,Orai1WT-MDSnap-Fr300_cleaned,N3C_ideal,failed,No output from any sub-box,0,0.1,,56,58,8.0,,,,,,,,223,21026,1,32,8000,10,3,NVIDIA A100-SXM4-80GB,
2026-03-24T12:03:39.367947,N4E_ideal__Orai1WT-MDSnap-Fr300_cleaned,Orai1WT-MDSnap-Fr300_cleaned,N4E_ideal,failed,No output from any sub-box,0,0.1,,13,14,1.0,,,,,,,,223,21026,1,32,8000,10,3,NVIDIA A100-SXM4-80GB,
2026-03-24T12:03:39.392216,N5B_ideal__Orai1WT-MDSnap-Fr300_cleaned,Orai1WT-MDSnap-Fr300_cleaned,N5B_ideal,failed,No output from any sub-box,0,0.1,,17,19,1.0,,,,,,,,223,21026,1,32,8000,10,3,NVIDIA A100-SXM4-80GB,
2026-03-24T12:03:39.417784,N6W_ideal__Orai1WT-MDSnap-Fr300_cleaned,Orai1WT-MDSnap-Fr300_cleaned,N6W_ideal,failed,No output from any sub-box,0,0.1,,18,20,,,,,,,,,223,21026,1,32,8000,10,3,NVIDIA A100-SXM4-80GB,
2026-03-24T12:03:39.442956,N7R_ideal__Orai1WT-MDSnap-Fr300_cleaned,Orai1WT-MDSnap-Fr300_cleaned,N7R_ideal,failed,No output from any sub-box,0,0.1,,42,44,5.0,,,,,,,,223,21026,1,32,8000,10,3,NVIDIA A100-SXM4-80GB,
2026-03-24T12:03:39.467786,N8E_ideal__Orai1WT-MDSnap-Fr300_cleaned,Orai1WT-MDSnap-Fr300_cleaned,N8E_ideal,failed,No output from any sub-box,0,0.1,,24,25,11.0,,,,,,,,223,21026,1,32,8000,10,3,NVIDIA A100-SXM4-80GB,
2026-03-24T12:03:39.492800,NAD_ideal__Orai1WT-MDSnap-Fr300_cleaned,Orai1WT-MDSnap-Fr300_cleaned,NAD_ideal,failed,No output from any sub-box,0,0.1,,44,53,8.0,,,,,,,,223,21026,1,32,8000,10,3,NVIDIA A100-SXM4-80GB,
2026-03-24T12:03:39.533877,NAE_ideal__Orai1WT-MDSnap-Fr300_cleaned,Orai1WT-MDSnap-Fr300_cleaned,NAE_ideal,failed,No output from any sub-box,0,0.1,,48,57,9.0,,,,,,,,223,21026,1,32,8000,10,3,NVIDIA A100-SXM4-80GB,
2026-03-24T12:03:39.556163,NAF_ideal__Orai1WT-MDSnap-Fr300_cleaned,Orai1WT-MDSnap-Fr300_cleaned,NAF_ideal,failed,No output from any sub-box,0,0.1,,17,19,2.0,,,,,,,,223,21026,1,32,8000,10,3,NVIDIA A100-SXM4-80GB,
2026-03-24T12:03:39.584183,NAI_ideal__Orai1WT-MDSnap-Fr300_cleaned,Orai1WT-MDSnap-Fr300_cleaned,NAI_ideal,failed,No output from any sub-box,0,0.1,,44,54,9.0,,,,,,,,223,21026,1,32,8000,10,3,NVIDIA A100-SXM4-80GB,
2026-03-24T12:03:39.615831,NAJ_ideal__Orai1WT-MDSnap-Fr300_cleaned,Orai1WT-MDSnap-Fr300_cleaned,NAJ_ideal,failed,No output from any sub-box,0,0.1,,44,53,8.0,,,,,,,,223,21026,1,32,8000,10,3,NVIDIA A100-SXM4-80GB,
2026-03-24T12:03:39.639854,NAP_ideal__Orai1WT-MDSnap-Fr300_cleaned,Orai1WT-MDSnap-Fr300_cleaned,NAP_ideal,failed,No output from any sub-box,0,0.1,,48,58,10.0,,,,,,,,223,21026,1,32,8000,10,3,NVIDIA A100-SXM4-80GB,
2026-03-24T12:03:39.663137,NAQ_ideal__Orai1WT-MDSnap-Fr300_cleaned,Orai1WT-MDSnap-Fr300_cleaned,NAQ_ideal,failed,No output from any sub-box,0,0.1,,50,59,10.0,,,,,,,,223,21026,1,32,8000,10,3,NVIDIA A100-SXM4-80GB,
2026-03-24T12:03:39.689242,NBC_ideal__Orai1WT-MDSnap-Fr300_cleaned,Orai1WT-MDSnap-Fr300_cleaned,NBC_ideal,failed,No output from any sub-box,0,0.1,,56,66,15.0,,,,,,,,223,21026,1,32,8000,10,3,NVIDIA A100-SXM4-80GB,
2026-03-24T12:03:39.717202,NBP_ideal__Orai1WT-MDSnap-Fr300_cleaned,Orai1WT-MDSnap-Fr300_cleaned,NBP_ideal,failed,No output from any sub-box,0,0.1,,49,59,10.0,,,,,,,,223,21026,1,32,8000,10,3,NVIDIA A100-SXM4-80GB,
2026-03-24T12:03:39.741239,NBU_ideal__Orai1WT-MDSnap-Fr300_cleaned,Orai1WT-MDSnap-Fr300_cleaned,NBU_ideal,failed,No output from any sub-box,0,0.1,,4,4,0.0,,,,,,,,223,21026,1,32,8000,10,3,NVIDIA A100-SXM4-80GB,
2026-03-24T12:03:39.765801,NDA_ideal__Orai1WT-MDSnap-Fr300_cleaned,Orai1WT-MDSnap-Fr300_cleaned,NDA_ideal,failed,No output from any sub-box,0,0.1,,43,52,9.0,,,,,,,,223,21026,1,32,8000,10,3,NVIDIA A100-SXM4-80GB,
2026-03-24T12:03:39.790428,NDC_ideal__Orai1WT-MDSnap-Fr300_cleaned,Orai1WT-MDSnap-Fr300_cleaned,NDC_ideal,failed,No output from any sub-box,0,0.1,,51,60,9.0,,,,,,,,223,21026,1,32,8000,10,3,NVIDIA A100-SXM4-80GB,
2026-03-24T12:03:39.816836,NDD_ideal__Orai1WT-MDSnap-Fr300_cleaned,Orai1WT-MDSnap-Fr300_cleaned,NDD_ideal,failed,No output from any sub-box,0,0.1,,16,18,2.0,,,,,,,,223,21026,1,32,8000,10,3,NVIDIA A100-SXM4-80GB,
2026-03-24T12:03:39.841884,NDP_ideal__Orai1WT-MDSnap-Fr300_cleaned,Orai1WT-MDSnap-Fr300_cleaned,NDP_ideal,failed,No output from any sub-box,0,0.1,,48,59,10.0,,,,,,,,223,21026,1,32,8000,10,3,NVIDIA A100-SXM4-80GB,
2026-03-24T12:03:39.865301,NE6_ideal__Orai1WT-MDSnap-Fr300_cleaned,Orai1WT-MDSnap-Fr300_cleaned,NE6_ideal,failed,No output from any sub-box,0,0.1,,30,30,6.0,,,,,,,,223,21026,1,32,8000,10,3,NVIDIA A100-SXM4-80GB,
2026-03-24T12:03:39.888765,NEN_ideal__Orai1WT-MDSnap-Fr300_cleaned,Orai1WT-MDSnap-Fr300_cleaned,NEN_ideal,failed,No output from any sub-box,0,0.1,,9,9,0.0,,,,,,,,223,21026,1,32,8000,10,3,NVIDIA A100-SXM4-80GB,
2026-03-24T12:03:39.916482,NEQ_ideal__Orai1WT-MDSnap-Fr300_cleaned,Orai1WT-MDSnap-Fr300_cleaned,NEQ_ideal,failed,No output from any sub-box,0,0.1,,9,9,0.0,,,,,,,,223,21026,1,32,8000,10,3,NVIDIA A100-SXM4-80GB,
2026-03-24T12:03:39.956946,NET_ideal__Orai1WT-MDSnap-Fr300_cleaned,Orai1WT-MDSnap-Fr300_cleaned,NET_ideal,failed,No output from any sub-box,0,0.1,,9,9,2.0,,,,,,,,223,21026,1,32,8000,10,3,NVIDIA A100-SXM4-80GB,
2026-03-24T12:03:39.980592,NFA_ideal__Orai1WT-MDSnap-Fr300_cleaned,Orai1WT-MDSnap-Fr300_cleaned,NFA_ideal,failed,No output from any sub-box,0,0.1,,12,16,2.0,,,,,,,,223,21026,1,32,8000,10,3,NVIDIA A100-SXM4-80GB,
2026-03-24T12:03:40.017600,NHE_ideal__Orai1WT-MDSnap-Fr300_cleaned,Orai1WT-MDSnap-Fr300_cleaned,NHE_ideal,failed,No output from any sub-box,0,0.1,,13,15,2.0,,,,,,,,223,21026,1,32,8000,10,3,NVIDIA A100-SXM4-80GB,
2026-03-24T12:03:40.041577,NHM_ideal__Orai1WT-MDSnap-Fr300_cleaned,Orai1WT-MDSnap-Fr300_cleaned,NHM_ideal,failed,No output from any sub-box,0,0.1,,64,74,20.0,,,,,,,,223,21026,1,32,8000,10,3,NVIDIA A100-SXM4-80GB,
2026-03-24T12:03:40.066952,NHO_ideal__Orai1WT-MDSnap-Fr300_cleaned,Orai1WT-MDSnap-Fr300_cleaned,NHO_ideal,failed,No output from any sub-box,0,0.1,,54,68,13.0,,,,,,,,223,21026,1,32,8000,10,3,NVIDIA A100-SXM4-80GB,
2026-03-24T12:03:40.089628,NIN_ideal__Orai1WT-MDSnap-Fr300_cleaned,Orai1WT-MDSnap-Fr300_cleaned,NIN_ideal,failed,No output from any sub-box,0,0.1,,12,12,1.0,,,,,,,,223,21026,1,32,8000,10,3,NVIDIA A100-SXM4-80GB,
2026-03-24T12:03:40.116372,NIZ_ideal__Orai1WT-MDSnap-Fr300_cleaned,Orai1WT-MDSnap-Fr300_cleaned,NIZ_ideal,failed,No output from any sub-box,0,0.1,,10,13,1.0,,,,,,,,223,21026,1,32,8000,10,3,NVIDIA A100-SXM4-80GB,
2026-03-24T12:03:40.141902,NMX_ideal__Orai1WT-MDSnap-Fr300_cleaned,Orai1WT-MDSnap-Fr300_cleaned,NMX_ideal,failed,No output from any sub-box,0,0.1,,51,61,13.0,,,,,,,,223,21026,1,32,8000,10,3,NVIDIA A100-SXM4-80GB,
2026-03-24T12:03:40.165823,NNB_ideal__Orai1WT-MDSnap-Fr300_cleaned,Orai1WT-MDSnap-Fr300_cleaned,NNB_ideal,failed,No output from any sub-box,0,0.1,,24,25,2.0,,,,,,,,223,21026,1,32,8000,10,3,NVIDIA A100-SXM4-80GB,
2026-03-24T12:03:40.188806,NNC_ideal__Orai1WT-MDSnap-Fr300_cleaned,Orai1WT-MDSnap-Fr300_cleaned,NNC_ideal,failed,No output from any sub-box,0,0.1,,24,25,2.0,,,,,,,,223,21026,1,32,8000,10,3,NVIDIA A100-SXM4-80GB,
2026-03-24T12:03:40.216971,NNI_ideal__Orai1WT-MDSnap-Fr300_cleaned,Orai1WT-MDSnap-Fr300_cleaned,NNI_ideal,failed,No output from any sub-box,0,0.1,,24,25,2.0,,,,,,,,223,21026,1,32,8000,10,3,NVIDIA A100-SXM4-80GB,
2026-03-24T12:03:40.239697,NO3_ideal__Orai1WT-MDSnap-Fr300_cleaned,Orai1WT-MDSnap-Fr300_cleaned,NO3_ideal,failed,No output from any sub-box,0,0.1,,4,4,,,,,,,,,223,21026,1,32,8000,10,3,NVIDIA A100-SXM4-80GB,
2026-03-24T12:03:40.267707,NOV_ideal__Orai1WT-MDSnap-Fr300_cleaned,Orai1WT-MDSnap-Fr300_cleaned,NOV_ideal,failed,No output from any sub-box,0,0.1,,44,50,6.0,,,,,,,,223,21026,1,32,8000,10,3,NVIDIA A100-SXM4-80GB,
2026-03-24T12:03:40.291193,NPO_ideal__Orai1WT-MDSnap-Fr300_cleaned,Orai1WT-MDSnap-Fr300_cleaned,NPO_ideal,failed,No output from any sub-box,0,0.1,,10,11,1.0,,,,,,,,223,21026,1,32,8000,10,3,NVIDIA A100-SXM4-80GB,
2026-03-24T12:03:40.318273,NR2_ideal__Orai1WT-MDSnap-Fr300_cleaned,Orai1WT-MDSnap-Fr300_cleaned,NR2_ideal,failed,No output from any sub-box,0,0.1,,24,28,2.0,,,,,,,,223,21026,1,32,8000,10,3,NVIDIA A100-SXM4-80GB,
2026-03-24T12:03:40.342596,NTD_ideal__Orai1WT-MDSnap-Fr300_cleaned,Orai1WT-MDSnap-Fr300_cleaned,NTD_ideal,failed,No output from any sub-box,0,0.1,,23,24,2.0,,,,,,,,223,21026,1,32,8000,10,3,NVIDIA A100-SXM4-80GB,
2026-03-24T12:03:40.365506,NTU_ideal__Orai1WT-MDSnap-Fr300_cleaned,Orai1WT-MDSnap-Fr300_cleaned,NTU_ideal,failed,No output from any sub-box,0,0.1,,24,28,8.0,,,,,,,,223,21026,1,32,8000,10,3,NVIDIA A100-SXM4-80GB,
2026-03-24T12:03:40.390254,NXX_ideal__Orai1WT-MDSnap-Fr300_cleaned,Orai1WT-MDSnap-Fr300_cleaned,NXX_ideal,failed,No output from any sub-box,0,0.1,,44,53,9.0,,,,,,,,223,21026,1,32,8000,10,3,NVIDIA A100-SXM4-80GB,
2026-03-24T12:03:40.416099,NYL_ideal__Orai1WT-MDSnap-Fr300_cleaned,Orai1WT-MDSnap-Fr300_cleaned,NYL_ideal,failed,No output from any sub-box,0,0.1,,10,11,1.0,,,,,,,,223,21026,1,32,8000,10,3,NVIDIA A100-SXM4-80GB,
2026-03-24T12:03:40.441313,NZQ_ideal__Orai1WT-MDSnap-Fr300_cleaned,Orai1WT-MDSnap-Fr300_cleaned,NZQ_ideal,failed,No output from any sub-box,0,0.1,,50,63,11.0,,,,,,,,223,21026,1,32,8000,10,3,NVIDIA A100-SXM4-80GB,
2026-03-24T12:03:40.465700,O8N_ideal__Orai1WT-MDSnap-Fr300_cleaned,Orai1WT-MDSnap-Fr300_cleaned,O8N_ideal,failed,No output from any sub-box,0,0.1,,29,30,13.0,,,,,,,,223,21026,1,32,8000,10,3,NVIDIA A100-SXM4-80GB,
2026-03-24T12:03:40.490479,ODD_ideal__Orai1WT-MDSnap-Fr300_cleaned,Orai1WT-MDSnap-Fr300_cleaned,ODD_ideal,failed,No output from any sub-box,0,0.1,,20,21,7.0,,,,,,,,223,21026,1,32,8000,10,3,NVIDIA A100-SXM4-80GB,
2026-03-24T12:03:40.517760,ODS_ideal__Orai1WT-MDSnap-Fr300_cleaned,Orai1WT-MDSnap-Fr300_cleaned,ODS_ideal,failed,No output from any sub-box,0,0.1,,10,11,0.0,,,,,,,,223,21026,1,32,8000,10,3,NVIDIA A100-SXM4-80GB,
2026-03-24T12:03:40.541996,ODT_ideal__Orai1WT-MDSnap-Fr300_cleaned,Orai1WT-MDSnap-Fr300_cleaned,ODT_ideal,failed,No output from any sub-box,0,0.1,,20,21,7.0,,,,,,,,223,21026,1,32,8000,10,3,NVIDIA A100-SXM4-80GB,
2026-03-24T12:03:40.565247,OFF_ideal__Orai1WT-MDSnap-Fr300_cleaned,Orai1WT-MDSnap-Fr300_cleaned,OFF_ideal,failed,No output from any sub-box,0,0.1,,33,37,8.0,,,,,,,,223,21026,1,32,8000,10,3,NVIDIA A100-SXM4-80GB,
2026-03-24T12:03:40.592769,OHH_ideal__Orai1WT-MDSnap-Fr300_cleaned,Orai1WT-MDSnap-Fr300_cleaned,OHH_ideal,failed,No output from any sub-box,0,0.1,,49,51,5.0,,,,,,,,223,21026,1,32,8000,10,3,NVIDIA A100-SXM4-80GB,
2026-03-24T12:03:40.617676,OHM_ideal__Orai1WT-MDSnap-Fr300_cleaned,Orai1WT-MDSnap-Fr300_cleaned,OHM_ideal,failed,No output from any sub-box,0,0.1,,21,23,5.0,,,,,,,,223,21026,1,32,8000,10,3,NVIDIA A100-SXM4-80GB,
2026-03-24T12:03:40.639535,OHN_ideal__Orai1WT-MDSnap-Fr300_cleaned,Orai1WT-MDSnap-Fr300_cleaned,OHN_ideal,failed,No output from any sub-box,0,0.1,,21,22,5.0,,,,,,,,223,21026,1,32,8000,10,3,NVIDIA A100-SXM4-80GB,
2026-03-24T12:03:40.663223,OKA_ideal__Orai1WT-MDSnap-Fr300_cleaned,Orai1WT-MDSnap-Fr300_cleaned,OKA_ideal,failed,No output from any sub-box,0,0.1,,57,62,7.0,,,,,,,,223,21026,1,32,8000,10,3,NVIDIA A100-SXM4-80GB,
2026-03-24T12:03:40.684870,OPP_ideal__Orai1WT-MDSnap-Fr300_cleaned,Orai1WT-MDSnap-Fr300_cleaned,OPP_ideal,failed,No output from any sub-box,0,0.1,,17,17,2.0,,,,,,,,223,21026,1,32,8000,10,3,NVIDIA A100-SXM4-80GB,
2026-03-24T12:03:40.716329,OSP_ideal__Orai1WT-MDSnap-Fr300_cleaned,Orai1WT-MDSnap-Fr300_cleaned,OSP_ideal,failed,No output from any sub-box,0,0.1,,18,20,1.0,,,,,,,,223,21026,1,32,8000,10,3,NVIDIA A100-SXM4-80GB,
2026-03-24T12:03:40.741779,OX3_ideal__Orai1WT-MDSnap-Fr300_cleaned,Orai1WT-MDSnap-Fr300_cleaned,OX3_ideal,failed,No output from any sub-box,0,0.1,,18,19,2.0,,,,,,,,223,21026,1,32,8000,10,3,NVIDIA A100-SXM4-80GB,
2026-03-24T12:03:40.765506,OX5_ideal__Orai1WT-MDSnap-Fr300_cleaned,Orai1WT-MDSnap-Fr300_cleaned,OX5_ideal,failed,No output from any sub-box,0,0.1,,17,18,3.0,,,,,,,,223,21026,1,32,8000,10,3,NVIDIA A100-SXM4-80GB,
2026-03-24T12:03:40.796440,OX6_ideal__Orai1WT-MDSnap-Fr300_cleaned,Orai1WT-MDSnap-Fr300_cleaned,OX6_ideal,failed,No output from any sub-box,0,0.1,,17,18,2.0,,,,,,,,223,21026,1,32,8000,10,3,NVIDIA A100-SXM4-80GB,
2026-03-24T12:03:40.833680,OX7_ideal__Orai1WT-MDSnap-Fr300_cleaned,Orai1WT-MDSnap-Fr300_cleaned,OX7_ideal,failed,No output from any sub-box,0,0.1,,17,18,2.0,,,,,,,,223,21026,1,32,8000,10,3,NVIDIA A100-SXM4-80GB,
2026-03-24T12:03:40.856833,OXC_ideal__Orai1WT-MDSnap-Fr300_cleaned,Orai1WT-MDSnap-Fr300_cleaned,OXC_ideal,failed,No output from any sub-box,0,0.1,,11,15,1.0,,,,,,,,223,21026,1,32,8000,10,3,NVIDIA A100-SXM4-80GB,
2026-03-24T12:03:40.880211,OXD_ideal__Orai1WT-MDSnap-Fr300_cleaned,Orai1WT-MDSnap-Fr300_cleaned,OXD_ideal,failed,No output from any sub-box,0,0.1,,6,8,1.0,,,,,,,,223,21026,1,32,8000,10,3,NVIDIA A100-SXM4-80GB,
2026-03-24T12:03:40.915934,P0E_ideal__Orai1WT-MDSnap-Fr300_cleaned,Orai1WT-MDSnap-Fr300_cleaned,P0E_ideal,failed,No output from any sub-box,0,0.1,,49,51,20.0,,,,,,,,223,21026,1,32,8000,10,3,NVIDIA A100-SXM4-80GB,
2026-03-24T12:03:40.939582,P1L_ideal__Orai1WT-MDSnap-Fr300_cleaned,Orai1WT-MDSnap-Fr300_cleaned,P1L_ideal,failed,No output from any sub-box,0,0.1,,24,27,10.0,,,,,,,,223,21026,1,32,8000,10,3,NVIDIA A100-SXM4-80GB,
2026-03-24T12:03:40.964632,P2Z_ideal__Orai1WT-MDSnap-Fr300_cleaned,Orai1WT-MDSnap-Fr300_cleaned,P2Z_ideal,failed,No output from any sub-box,0,0.1,,20,20,2.0,,,,,,,,223,21026,1,32,8000,10,3,NVIDIA A100-SXM4-80GB,
2026-03-24T12:03:40.988896,P30_ideal__Orai1WT-MDSnap-Fr300_cleaned,Orai1WT-MDSnap-Fr300_cleaned,P30_ideal,failed,No output from any sub-box,0,0.1,,40,42,4.0,,,,,,,,223,21026,1,32,8000,10,3,NVIDIA A100-SXM4-80GB,
2026-03-24T12:03:41.017047,P40_ideal__Orai1WT-MDSnap-Fr300_cleaned,Orai1WT-MDSnap-Fr300_cleaned,P40_ideal,failed,No output from any sub-box,0,0.1,,32,34,3.0,,,,,,,,223,21026,1,32,8000,10,3,NVIDIA A100-SXM4-80GB,
2026-03-24T12:03:41.040271,P48_ideal__Orai1WT-MDSnap-Fr300_cleaned,Orai1WT-MDSnap-Fr300_cleaned,P48_ideal,failed,No output from any sub-box,0,0.1,,34,36,2.0,,,,,,,,223,21026,1,32,8000,10,3,NVIDIA A100-SXM4-80GB,
2026-03-24T12:03:41.063710,P5B_ideal__Orai1WT-MDSnap-Fr300_cleaned,Orai1WT-MDSnap-Fr300_cleaned,P5B_ideal,failed,No output from any sub-box,0,0.1,,39,48,7.0,,,,,,,,223,21026,1,32,8000,10,3,NVIDIA A100-SXM4-80GB,
2026-03-24T12:03:41.087005,P5S_ideal__Orai1WT-MDSnap-Fr300_cleaned,Orai1WT-MDSnap-Fr300_cleaned,P5S_ideal,failed,No output from any sub-box,0,0.1,,54,58,23.0,,,,,,,,223,21026,1,32,8000,10,3,NVIDIA A100-SXM4-80GB,
2026-03-24T12:03:41.116560,P89_ideal__Orai1WT-MDSnap-Fr300_cleaned,Orai1WT-MDSnap-Fr300_cleaned,P89_ideal,failed,No output from any sub-box,0,0.1,,28,31,8.0,,,,,,,,223,21026,1,32,8000,10,3,NVIDIA A100-SXM4-80GB,
2026-03-24T12:03:41.140406,PAB_ideal__Orai1WT-MDSnap-Fr300_cleaned,Orai1WT-MDSnap-Fr300_cleaned,PAB_ideal,failed,No output from any sub-box,0,0.1,,10,13,1.0,,,,,,,,223,21026,1,32,8000,10,3,NVIDIA A100-SXM4-80GB,
2026-03-24T12:03:41.163867,PAC_ideal__Orai1WT-MDSnap-Fr300_cleaned,Orai1WT-MDSnap-Fr300_cleaned,PAC_ideal,failed,No output from any sub-box,0,0.1,,10,11,1.0,,,,,,,,223,21026,1,32,8000,10,3,NVIDIA A100-SXM4-80GB,
2026-03-24T12:03:41.190237,PAD_ideal__Orai1WT-MDSnap-Fr300_cleaned,Orai1WT-MDSnap-Fr300_cleaned,PAD_ideal,failed,No output from any sub-box,0,0.1,,44,54,8.0,,,,,,,,223,21026,1,32,8000,10,3,NVIDIA A100-SXM4-80GB,
2026-03-24T12:03:41.216678,PB2_ideal__Orai1WT-MDSnap-Fr300_cleaned,Orai1WT-MDSnap-Fr300_cleaned,PB2_ideal,failed,No output from any sub-box,0,0.1,,18,18,1.0,,,,,,,,223,21026,1,32,8000,10,3,NVIDIA A100-SXM4-80GB,
2026-03-24T12:03:41.240116,PBA_ideal__Orai1WT-MDSnap-Fr300_cleaned,Orai1WT-MDSnap-Fr300_cleaned,PBA_ideal,failed,No output from any sub-box,0,0.1,,11,13,2.0,,,,,,,,223,21026,1,32,8000,10,3,NVIDIA A100-SXM4-80GB,
2026-03-24T12:03:41.264499,PBC_ideal__Orai1WT-MDSnap-Fr300_cleaned,Orai1WT-MDSnap-Fr300_cleaned,PBC_ideal,failed,No output from any sub-box,0,0.1,,9,11,1.0,,,,,,,,223,21026,1,32,8000,10,3,NVIDIA A100-SXM4-80GB,
2026-03-24T12:03:41.288591,PBN_ideal__Orai1WT-MDSnap-Fr300_cleaned,Orai1WT-MDSnap-Fr300_cleaned,PBN_ideal,failed,No output from any sub-box,0,0.1,,11,13,2.0,,,,,,,,223,21026,1,32,8000,10,3,NVIDIA A100-SXM4-80GB,
2026-03-24T12:03:41.316152,PBR_ideal__Orai1WT-MDSnap-Fr300_cleaned,Orai1WT-MDSnap-Fr300_cleaned,PBR_ideal,failed,No output from any sub-box,0,0.1,,12,13,0.0,,,,,,,,223,21026,1,32,8000,10,3,NVIDIA A100-SXM4-80GB,
2026-03-24T12:03:41.341282,PCB_ideal__Orai1WT-MDSnap-Fr300_cleaned,Orai1WT-MDSnap-Fr300_cleaned,PCB_ideal,failed,No output from any sub-box,0,0.1,,24,24,1.0,,,,,,,,223,21026,1,32,8000,10,3,NVIDIA A100-SXM4-80GB,
2026-03-24T12:03:41.356578,PCF_ideal__Orai1WT-MDSnap-Fr300_cleaned,Orai1WT-MDSnap-Fr300_cleaned,PCF_ideal,failed,No output from any sub-box,0,0.1,,50,50,20.0,,,,,,,,223,21026,1,32,8000,10,3,NVIDIA A100-SXM4-80GB,
2026-03-24T12:03:41.373790,PCM_ideal__Orai1WT-MDSnap-Fr300_cleaned,Orai1WT-MDSnap-Fr300_cleaned,PCM_ideal,failed,No output from any sub-box,0,0.1,,43,46,8.0,,,,,,,,223,21026,1,32,8000,10,3,NVIDIA A100-SXM4-80GB,
2026-03-24T12:03:41.387556,PCQ_ideal__Orai1WT-MDSnap-Fr300_cleaned,Orai1WT-MDSnap-Fr300_cleaned,PCQ_ideal,failed,No output from any sub-box,0,0.1,,18,20,1.0,,,,,,,,223,21026,1,32,8000,10,3,NVIDIA A100-SXM4-80GB,
2026-03-24T12:03:41.416318,PCR_ideal__Orai1WT-MDSnap-Fr300_cleaned,Orai1WT-MDSnap-Fr300_cleaned,PCR_ideal,failed,No output from any sub-box,0,0.1,,8,9,0.0,,,,,,,,223,21026,1,32,8000,10,3,NVIDIA A100-SXM4-80GB,
2026-03-24T12:03:41.438853,PCS_ideal__Orai1WT-MDSnap-Fr300_cleaned,Orai1WT-MDSnap-Fr300_cleaned,PCS_ideal,failed,No output from any sub-box,0,0.1,,13,15,2.0,,,,,,,,223,21026,1,32,8000,10,3,NVIDIA A100-SXM4-80GB,
2026-03-24T12:03:41.463630,PCW_ideal__Orai1WT-MDSnap-Fr300_cleaned,Orai1WT-MDSnap-Fr300_cleaned,PCW_ideal,failed,No output from any sub-box,0,0.1,,54,55,21.0,,,,,,,,223,21026,1,32,8000,10,3,NVIDIA A100-SXM4-80GB,
2026-03-24T12:03:41.486770,PC_ideal__Orai1WT-MDSnap-Fr300_cleaned,Orai1WT-MDSnap-Fr300_cleaned,PC_ideal,failed,No output from any sub-box,0,0.1,,11,13,3.0,,,,,,,,223,21026,1,32,8000,10,3,NVIDIA A100-SXM4-80GB,
2026-03-24T12:03:41.516705,PD7_ideal__Orai1WT-MDSnap-Fr300_cleaned,Orai1WT-MDSnap-Fr300_cleaned,PD7_ideal,failed,No output from any sub-box,0,0.1,,26,28,10.0,,,,,,,,223,21026,1,32,8000,10,3,NVIDIA A100-SXM4-80GB,
2026-03-24T12:03:41.539569,PDC_ideal__Orai1WT-MDSnap-Fr300_cleaned,Orai1WT-MDSnap-Fr300_cleaned,PDC_ideal,failed,No output from any sub-box,0,0.1,,12,14,2.0,,,,,,,,223,21026,1,32,8000,10,3,NVIDIA A100-SXM4-80GB,
2026-03-24T12:03:41.565732,PDO_ideal__Orai1WT-MDSnap-Fr300_cleaned,Orai1WT-MDSnap-Fr300_cleaned,PDO_ideal,failed,No output from any sub-box,0,0.1,,5,7,2.0,,,,,,,,223,21026,1,32,8000,10,3,NVIDIA A100-SXM4-80GB,
2026-03-24T12:03:41.589626,PE5_ideal__Orai1WT-MDSnap-Fr300_cleaned,Orai1WT-MDSnap-Fr300_cleaned,PE5_ideal,failed,No output from any sub-box,0,0.1,,27,28,12.0,,,,,,,,223,21026,1,32,8000,10,3,NVIDIA A100-SXM4-80GB,
2026-03-24T12:03:41.616739,PE7_ideal__Orai1WT-MDSnap-Fr300_cleaned,Orai1WT-MDSnap-Fr300_cleaned,PE7_ideal,failed,No output from any sub-box,0,0.1,,22,24,10.0,,,,,,,,223,21026,1,32,8000,10,3,NVIDIA A100-SXM4-80GB,
2026-03-24T12:03:41.640424,PEA_ideal__Orai1WT-MDSnap-Fr300_cleaned,Orai1WT-MDSnap-Fr300_cleaned,PEA_ideal,failed,No output from any sub-box,0,0.1,,9,12,1.0,,,,,,,,223,21026,1,32,8000,10,3,NVIDIA A100-SXM4-80GB,
2026-03-24T12:03:41.664952,PEE_ideal__Orai1WT-MDSnap-Fr300_cleaned,Orai1WT-MDSnap-Fr300_cleaned,PEE_ideal,failed,No output from any sub-box,0,0.1,,51,54,21.0,,,,,,,,223,21026,1,32,8000,10,3,NVIDIA A100-SXM4-80GB,
2026-03-24T12:03:41.687553,PEF_ideal__Orai1WT-MDSnap-Fr300_cleaned,Orai1WT-MDSnap-Fr300_cleaned,PEF_ideal,failed,No output from any sub-box,0,0.1,,47,50,20.0,,,,,,,,223,21026,1,32,8000,10,3,NVIDIA A100-SXM4-80GB,
2026-03-24T12:03:41.715796,PEL_ideal__Orai1WT-MDSnap-Fr300_cleaned,Orai1WT-MDSnap-Fr300_cleaned,PEL_ideal,failed,No output from any sub-box,0,0.1,,9,10,1.0,,,,,,,,223,21026,1,32,8000,10,3,NVIDIA A100-SXM4-80GB,
2026-03-24T12:03:41.739784,PFB_ideal__Orai1WT-MDSnap-Fr300_cleaned,Orai1WT-MDSnap-Fr300_cleaned,PFB_ideal,failed,No output from any sub-box,0,0.1,,13,14,1.0,,,,,,,,223,21026,1,32,8000,10,3,NVIDIA A100-SXM4-80GB,
2026-03-24T12:03:41.762695,PFL_ideal__Orai1WT-MDSnap-Fr300_cleaned,Orai1WT-MDSnap-Fr300_cleaned,PFL_ideal,failed,No output from any sub-box,0,0.1,,13,14,1.0,,,,,,,,223,21026,1,32,8000,10,3,NVIDIA A100-SXM4-80GB,
2026-03-24T12:03:41.785687,PFS_ideal__Orai1WT-MDSnap-Fr300_cleaned,Orai1WT-MDSnap-Fr300_cleaned,PFS_ideal,failed,No output from any sub-box,0,0.1,,35,35,13.0,,,,,,,,223,21026,1,32,8000,10,3,NVIDIA A100-SXM4-80GB,
2026-03-24T12:03:41.816025,PGM_ideal__Orai1WT-MDSnap-Fr300_cleaned,Orai1WT-MDSnap-Fr300_cleaned,PGM_ideal,failed,No output from any sub-box,0,0.1,,32,35,13.0,,,,,,,,223,21026,1,32,8000,10,3,NVIDIA A100-SXM4-80GB,
2026-03-24T12:03:41.840149,PHB_ideal__Orai1WT-MDSnap-Fr300_cleaned,Orai1WT-MDSnap-Fr300_cleaned,PHB_ideal,failed,No output from any sub-box,0,0.1,,10,12,1.0,,,,,,,,223,21026,1,32,8000,10,3,NVIDIA A100-SXM4-80GB,
2026-03-24T12:03:41.863975,PHE_ideal__Orai1WT-MDSnap-Fr300_cleaned,Orai1WT-MDSnap-Fr300_cleaned,PHE_ideal,failed,No output from any sub-box,0,0.1,,12,15,2.0,,,,,,,,223,21026,1,32,8000,10,3,NVIDIA A100-SXM4-80GB,
2026-03-24T12:03:41.886096,PHI_ideal__Orai1WT-MDSnap-Fr300_cleaned,Orai1WT-MDSnap-Fr300_cleaned,PHI_ideal,failed,No output from any sub-box,0,0.1,,13,16,2.0,,,,,,,,223,21026,1,32,8000,10,3,NVIDIA A100-SXM4-80GB,
2026-03-24T12:03:41.917226,PHJ_ideal__Orai1WT-MDSnap-Fr300_cleaned,Orai1WT-MDSnap-Fr300_cleaned,PHJ_ideal,failed,No output from any sub-box,0,0.1,,11,14,1.0,,,,,,,,223,21026,1,32,8000,10,3,NVIDIA A100-SXM4-80GB,
2026-03-24T12:03:41.940979,PHK_ideal__Orai1WT-MDSnap-Fr300_cleaned,Orai1WT-MDSnap-Fr300_cleaned,PHK_ideal,failed,No output from any sub-box,0,0.1,,13,16,3.0,,,,,,,,223,21026,1,32,8000,10,3,NVIDIA A100-SXM4-80GB,
2026-03-24T12:03:41.963929,PHL_ideal__Orai1WT-MDSnap-Fr300_cleaned,Orai1WT-MDSnap-Fr300_cleaned,PHL_ideal,failed,No output from any sub-box,0,0.1,,11,14,2.0,,,,,,,,223,21026,1,32,8000,10,3,NVIDIA A100-SXM4-80GB,
2026-03-24T12:03:41.986824,PHN_ideal__Orai1WT-MDSnap-Fr300_cleaned,Orai1WT-MDSnap-Fr300_cleaned,PHN_ideal,failed,No output from any sub-box,0,0.1,,14,14,,,,,,,,,223,21026,1,32,8000,10,3,NVIDIA A100-SXM4-80GB,
2026-03-24T12:03:42.017326,PHQ_ideal__Orai1WT-MDSnap-Fr300_cleaned,Orai1WT-MDSnap-Fr300_cleaned,PHQ_ideal,failed,No output from any sub-box,0,0.1,,11,11,1.0,,,,,,,,223,21026,1,32,8000,10,3,NVIDIA A100-SXM4-80GB,
2026-03-24T12:03:42.041564,PHT_ideal__Orai1WT-MDSnap-Fr300_cleaned,Orai1WT-MDSnap-Fr300_cleaned,PHT_ideal,failed,No output from any sub-box,0,0.1,,12,14,2.0,,,,,,,,223,21026,1,32,8000,10,3,NVIDIA A100-SXM4-80GB,
2026-03-24T12:03:42.065770,PIE_ideal__Orai1WT-MDSnap-Fr300_cleaned,Orai1WT-MDSnap-Fr300_cleaned,PIE_ideal,failed,No output from any sub-box,0,0.1,,57,62,22.0,,,,,,,,223,21026,1,32,8000,10,3,NVIDIA A100-SXM4-80GB,
2026-03-24T12:03:42.089690,PIH_ideal__Orai1WT-MDSnap-Fr300_cleaned,Orai1WT-MDSnap-Fr300_cleaned,PIH_ideal,failed,No output from any sub-box,0,0.1,,7,7,,,,,,,,,223,21026,1,32,8000,10,3,NVIDIA A100-SXM4-80GB,
2026-03-24T12:03:42.117461,PIM_ideal__Orai1WT-MDSnap-Fr300_cleaned,Orai1WT-MDSnap-Fr300_cleaned,PIM_ideal,failed,No output from any sub-box,0,0.1,,11,12,0.0,,,,,,,,223,21026,1,32,8000,10,3,NVIDIA A100-SXM4-80GB,
2026-03-24T12:03:42.140798,PIT_ideal__Orai1WT-MDSnap-Fr300_cleaned,Orai1WT-MDSnap-Fr300_cleaned,PIT_ideal,failed,No output from any sub-box,0,0.1,,18,22,3.0,,,,,,,,223,21026,1,32,8000,10,3,NVIDIA A100-SXM4-80GB,
2026-03-24T12:03:42.180624,PIU_ideal__Orai1WT-MDSnap-Fr300_cleaned,Orai1WT-MDSnap-Fr300_cleaned,PIU_ideal,failed,No output from any sub-box,0,0.1,,21,23,2.0,,,,,,,,223,21026,1,32,8000,10,3,NVIDIA A100-SXM4-80GB,
2026-03-24T12:03:42.216258,PKF_ideal__Orai1WT-MDSnap-Fr300_cleaned,Orai1WT-MDSnap-Fr300_cleaned,PKF_ideal,failed,No output from any sub-box,0,0.1,,52,59,11.0,,,,,,,,223,21026,1,32,8000,10,3,NVIDIA A100-SXM4-80GB,
2026-03-24T12:03:42.239580,PL3_ideal__Orai1WT-MDSnap-Fr300_cleaned,Orai1WT-MDSnap-Fr300_cleaned,PL3_ideal,failed,No output from any sub-box,0,0.1,,17,18,7.0,,,,,,,,223,21026,1,32,8000,10,3,NVIDIA A100-SXM4-80GB,
2026-03-24T12:03:42.262814,PLC_ideal__Orai1WT-MDSnap-Fr300_cleaned,Orai1WT-MDSnap-Fr300_cleaned,PLC_ideal,failed,No output from any sub-box,0,0.1,,42,43,16.0,,,,,,,,223,21026,1,32,8000,10,3,NVIDIA A100-SXM4-80GB,
2026-03-24T12:03:42.285415,PLM_ideal__Orai1WT-MDSnap-Fr300_cleaned,Orai1WT-MDSnap-Fr300_cleaned,PLM_ideal,failed,No output from any sub-box,0,0.1,,18,19,7.0,,,,,,,,223,21026,1,32,8000,10,3,NVIDIA A100-SXM4-80GB,
2026-03-24T12:03:42.318362,PLU_ideal__Orai1WT-MDSnap-Fr300_cleaned,Orai1WT-MDSnap-Fr300_cleaned,PLU_ideal,failed,No output from any sub-box,0,0.1,,10,14,3.0,,,,,,,,223,21026,1,32,8000,10,3,NVIDIA A100-SXM4-80GB,
2026-03-24T12:03:42.342680,PM4_ideal__Orai1WT-MDSnap-Fr300_cleaned,Orai1WT-MDSnap-Fr300_cleaned,PM4_ideal,failed,No output from any sub-box,0,0.1,,28,33,9.0,,,,,,,,223,21026,1,32,8000,10,3,NVIDIA A100-SXM4-80GB,
2026-03-24T12:03:42.365236,PM5_ideal__Orai1WT-MDSnap-Fr300_cleaned,Orai1WT-MDSnap-Fr300_cleaned,PM5_ideal,failed,No output from any sub-box,0,0.1,,29,34,9.0,,,,,,,,223,21026,1,32,8000,10,3,NVIDIA A100-SXM4-80GB,
2026-03-24T12:03:42.388433,PMA_ideal__Orai1WT-MDSnap-Fr300_cleaned,Orai1WT-MDSnap-Fr300_cleaned,PMA_ideal,failed,No output from any sub-box,0,0.1,,18,22,4.0,,,,,,,,223,21026,1,32,8000,10,3,NVIDIA A100-SXM4-80GB,
2026-03-24T12:03:42.416649,PMS_ideal__Orai1WT-MDSnap-Fr300_cleaned,Orai1WT-MDSnap-Fr300_cleaned,PMS_ideal,failed,No output from any sub-box,0,0.1,,11,12,1.0,,,,,,,,223,21026,1,32,8000,10,3,NVIDIA A100-SXM4-80GB,
2026-03-24T12:03:42.440758,PN6_ideal__Orai1WT-MDSnap-Fr300_cleaned,Orai1WT-MDSnap-Fr300_cleaned,PN6_ideal,failed,No output from any sub-box,0,0.1,,25,28,1.0,,,,,,,,223,21026,1,32,8000,10,3,NVIDIA A100-SXM4-80GB,
2026-03-24T12:03:42.464770,PNF_ideal__Orai1WT-MDSnap-Fr300_cleaned,Orai1WT-MDSnap-Fr300_cleaned,PNF_ideal,failed,No output from any sub-box,0,0.1,,27,30,7.0,,,,,,,,223,21026,1,32,8000,10,3,NVIDIA A100-SXM4-80GB,
2026-03-24T12:03:42.489083,PNT_ideal__Orai1WT-MDSnap-Fr300_cleaned,Orai1WT-MDSnap-Fr300_cleaned,PNT_ideal,failed,No output from any sub-box,0,0.1,,25,31,5.0,,,,,,,,223,21026,1,32,8000,10,3,NVIDIA A100-SXM4-80GB,
2026-03-24T12:03:42.516924,PO4_ideal__Orai1WT-MDSnap-Fr300_cleaned,Orai1WT-MDSnap-Fr300_cleaned,PO4_ideal,failed,No output from any sub-box,0,0.1,,5,5,,,,,,,,,223,21026,1,32,8000,10,3,NVIDIA A100-SXM4-80GB,
2026-03-24T12:03:42.541289,PP1_ideal__Orai1WT-MDSnap-Fr300_cleaned,Orai1WT-MDSnap-Fr300_cleaned,PP1_ideal,failed,No output from any sub-box,0,0.1,,21,23,1.0,,,,,,,,223,21026,1,32,8000,10,3,NVIDIA A100-SXM4-80GB,
2026-03-24T12:03:42.565919,PP2_ideal__Orai1WT-MDSnap-Fr300_cleaned,Orai1WT-MDSnap-Fr300_cleaned,PP2_ideal,failed,No output from any sub-box,0,0.1,,21,24,1.0,,,,,,,,223,21026,1,32,8000,10,3,NVIDIA A100-SXM4-80GB,
2026-03-24T12:03:42.588683,PPK_ideal__Orai1WT-MDSnap-Fr300_cleaned,Orai1WT-MDSnap-Fr300_cleaned,PPK_ideal,failed,No output from any sub-box,0,0.1,,13,19,4.0,,,,,,,,223,21026,1,32,8000,10,3,NVIDIA A100-SXM4-80GB,
2026-03-24T12:03:42.627760,PPT_ideal__Orai1WT-MDSnap-Fr300_cleaned,Orai1WT-MDSnap-Fr300_cleaned,PPT_ideal,failed,No output from any sub-box,0,0.1,,12,13,2.0,,,,,,,,223,21026,1,32,8000,10,3,NVIDIA A100-SXM4-80GB,
2026-03-24T12:03:42.650780,PPV_ideal__Orai1WT-MDSnap-Fr300_cleaned,Orai1WT-MDSnap-Fr300_cleaned,PPV_ideal,failed,No output from any sub-box,0,0.1,,9,13,3.0,,,,,,,,223,21026,1,32,8000,10,3,NVIDIA A100-SXM4-80GB,
2026-03-24T12:03:42.677752,PPX_ideal__Orai1WT-MDSnap-Fr300_cleaned,Orai1WT-MDSnap-Fr300_cleaned,PPX_ideal,failed,No output from any sub-box,0,0.1,,28,32,5.0,,,,,,,,223,21026,1,32,8000,10,3,NVIDIA A100-SXM4-80GB,
2026-03-24T12:03:42.701958,PPY_ideal__Orai1WT-MDSnap-Fr300_cleaned,Orai1WT-MDSnap-Fr300_cleaned,PPY_ideal,failed,No output from any sub-box,0,0.1,,12,13,2.0,,,,,,,,223,21026,1,32,8000,10,3,NVIDIA A100-SXM4-80GB,
2026-03-24T12:03:42.743435,PQN_ideal__Orai1WT-MDSnap-Fr300_cleaned,Orai1WT-MDSnap-Fr300_cleaned,PQN_ideal,failed,No output from any sub-box,0,0.1,,33,33,7.0,,,,,,,,223,21026,1,32,8000,10,3,NVIDIA A100-SXM4-80GB,
2026-03-24T12:03:42.766870,PRA_ideal__Orai1WT-MDSnap-Fr300_cleaned,Orai1WT-MDSnap-Fr300_cleaned,PRA_ideal,failed,No output from any sub-box,0,0.1,,10,12,2.0,,,,,,,,223,21026,1,32,8000,10,3,NVIDIA A100-SXM4-80GB,
2026-03-24T12:03:42.791063,PRL_ideal__Orai1WT-MDSnap-Fr300_cleaned,Orai1WT-MDSnap-Fr300_cleaned,PRL_ideal,failed,No output from any sub-box,0,0.1,,16,20,1.0,,,,,,,,223,21026,1,32,8000,10,3,NVIDIA A100-SXM4-80GB,
2026-03-24T12:03:42.816870,PRT_ideal__Orai1WT-MDSnap-Fr300_cleaned,Orai1WT-MDSnap-Fr300_cleaned,PRT_ideal,failed,No output from any sub-box,0,0.1,,44,55,11.0,,,,,,,,223,21026,1,32,8000,10,3,NVIDIA A100-SXM4-80GB,
2026-03-24T12:03:42.847005,PS5_ideal__Orai1WT-MDSnap-Fr300_cleaned,Orai1WT-MDSnap-Fr300_cleaned,PS5_ideal,failed,No output from any sub-box,0,0.1,,5,5,1.0,,,,,,,,223,21026,1,32,8000,10,3,NVIDIA A100-SXM4-80GB,
2026-03-24T12:03:42.870670,PS9_ideal__Orai1WT-MDSnap-Fr300_cleaned,Orai1WT-MDSnap-Fr300_cleaned,PS9_ideal,failed,No output from any sub-box,0,0.1,,8,8,,,,,,,,,223,21026,1,32,8000,10,3,NVIDIA A100-SXM4-80GB,
2026-03-24T12:03:42.894460,PSI_ideal__Orai1WT-MDSnap-Fr300_cleaned,Orai1WT-MDSnap-Fr300_cleaned,PSI_ideal,failed,No output from any sub-box,0,0.1,,41,48,9.0,,,,,,,,223,21026,1,32,8000,10,3,NVIDIA A100-SXM4-80GB,
2026-03-24T12:03:42.933539,PSY_ideal__Orai1WT-MDSnap-Fr300_cleaned,Orai1WT-MDSnap-Fr300_cleaned,PSY_ideal,failed,No output from any sub-box,0,0.1,,12,12,1.0,,,,,,,,223,21026,1,32,8000,10,3,NVIDIA A100-SXM4-80GB,
2026-03-24T12:03:42.960024,PTD_ideal__Orai1WT-MDSnap-Fr300_cleaned,Orai1WT-MDSnap-Fr300_cleaned,PTD_ideal,failed,No output from any sub-box,0,0.1,,7,7,2.0,,,,,,,,223,21026,1,32,8000,10,3,NVIDIA A100-SXM4-80GB,
2026-03-24T12:03:42.984895,PTG_ideal__Orai1WT-MDSnap-Fr300_cleaned,Orai1WT-MDSnap-Fr300_cleaned,PTG_ideal,failed,No output from any sub-box,0,0.1,,23,24,6.0,,,,,,,,223,21026,1,32,8000,10,3,NVIDIA A100-SXM4-80GB,
2026-03-24T12:03:43.017346,PTU_ideal__Orai1WT-MDSnap-Fr300_cleaned,Orai1WT-MDSnap-Fr300_cleaned,PTU_ideal,failed,No output from any sub-box,0,0.1,,12,14,1.0,,,,,,,,223,21026,1,32,8000,10,3,NVIDIA A100-SXM4-80GB,
2026-03-24T12:03:43.042904,PUA_ideal__Orai1WT-MDSnap-Fr300_cleaned,Orai1WT-MDSnap-Fr300_cleaned,PUA_ideal,failed,No output from any sub-box,0,0.1,,50,60,11.0,,,,,,,,223,21026,1,32,8000,10,3,NVIDIA A100-SXM4-80GB,
2026-03-24T12:03:43.067949,PUT_ideal__Orai1WT-MDSnap-Fr300_cleaned,Orai1WT-MDSnap-Fr300_cleaned,PUT_ideal,failed,No output from any sub-box,0,0.1,,6,10,2.0,,,,,,,,223,21026,1,32,8000,10,3,NVIDIA A100-SXM4-80GB,
2026-03-24T12:03:43.091188,PVC_ideal__Orai1WT-MDSnap-Fr300_cleaned,Orai1WT-MDSnap-Fr300_cleaned,PVC_ideal,failed,No output from any sub-box,0,0.1,,30,35,12.0,,,,,,,,223,21026,1,32,8000,10,3,NVIDIA A100-SXM4-80GB,
2026-03-24T12:03:43.116813,PYE_ideal__Orai1WT-MDSnap-Fr300_cleaned,Orai1WT-MDSnap-Fr300_cleaned,PYE_ideal,failed,No output from any sub-box,0,0.1,,6,6,,,,,,,,,223,21026,1,32,8000,10,3,NVIDIA A100-SXM4-80GB,
2026-03-24T12:03:43.140589,PYU_ideal__Orai1WT-MDSnap-Fr300_cleaned,Orai1WT-MDSnap-Fr300_cleaned,PYU_ideal,failed,No output from any sub-box,0,0.1,,16,19,2.0,,,,,,,,223,21026,1,32,8000,10,3,NVIDIA A100-SXM4-80GB,
2026-03-24T12:03:43.164995,PZE_ideal__Orai1WT-MDSnap-Fr300_cleaned,Orai1WT-MDSnap-Fr300_cleaned,PZE_ideal,failed,No output from any sub-box,0,0.1,,6,8,,,,,,,,,223,21026,1,32,8000,10,3,NVIDIA A100-SXM4-80GB,
2026-03-24T12:03:43.189176,Q8U_ideal__Orai1WT-MDSnap-Fr300_cleaned,Orai1WT-MDSnap-Fr300_cleaned,Q8U_ideal,failed,No output from any sub-box,0,0.1,,42,45,7.0,,,,,,,,223,21026,1,32,8000,10,3,NVIDIA A100-SXM4-80GB,
2026-03-24T12:03:43.215863,QCM_ideal__Orai1WT-MDSnap-Fr300_cleaned,Orai1WT-MDSnap-Fr300_cleaned,QCM_ideal,failed,No output from any sub-box,0,0.1,,31,34,5.0,,,,,,,,223,21026,1,32,8000,10,3,NVIDIA A100-SXM4-80GB,
2026-03-24T12:03:43.239721,QDH_ideal__Orai1WT-MDSnap-Fr300_cleaned,Orai1WT-MDSnap-Fr300_cleaned,QDH_ideal,failed,No output from any sub-box,0,0.1,,37,43,7.0,,,,,,,,223,21026,1,32,8000,10,3,NVIDIA A100-SXM4-80GB,
2026-03-24T12:03:43.263762,QFC_ideal__Orai1WT-MDSnap-Fr300_cleaned,Orai1WT-MDSnap-Fr300_cleaned,QFC_ideal,failed,No output from any sub-box,0,0.1,,42,43,3.0,,,,,,,,223,21026,1,32,8000,10,3,NVIDIA A100-SXM4-80GB,
2026-03-24T12:03:43.285410,QO4_ideal__Orai1WT-MDSnap-Fr300_cleaned,Orai1WT-MDSnap-Fr300_cleaned,QO4_ideal,failed,No output from any sub-box,0,0.1,,36,38,5.0,,,,,,,,223,21026,1,32,8000,10,3,NVIDIA A100-SXM4-80GB,
2026-03-24T12:03:43.315820,QWP_ideal__Orai1WT-MDSnap-Fr300_cleaned,Orai1WT-MDSnap-Fr300_cleaned,QWP_ideal,failed,No output from any sub-box,0,0.1,,76,87,13.0,,,,,,,,223,21026,1,32,8000,10,3,NVIDIA A100-SXM4-80GB,
2026-03-24T12:03:43.339514,R03_ideal__Orai1WT-MDSnap-Fr300_cleaned,Orai1WT-MDSnap-Fr300_cleaned,R03_ideal,failed,No output from any sub-box,0,0.1,,29,29,5.0,,,,,,,,223,21026,1,32,8000,10,3,NVIDIA A100-SXM4-80GB,
2026-03-24T12:03:43.362619,R0Z_ideal__Orai1WT-MDSnap-Fr300_cleaned,Orai1WT-MDSnap-Fr300_cleaned,R0Z_ideal,failed,No output from any sub-box,0,0.1,,42,44,4.0,,,,,,,,223,21026,1,32,8000,10,3,NVIDIA A100-SXM4-80GB,
2026-03-24T12:03:43.385302,R19_ideal__Orai1WT-MDSnap-Fr300_cleaned,Orai1WT-MDSnap-Fr300_cleaned,R19_ideal,failed,No output from any sub-box,0,0.1,,28,28,5.0,,,,,,,,223,21026,1,32,8000,10,3,NVIDIA A100-SXM4-80GB,
2026-03-24T12:03:43.418022,R1H_ideal__Orai1WT-MDSnap-Fr300_cleaned,Orai1WT-MDSnap-Fr300_cleaned,R1H_ideal,failed,No output from any sub-box,0,0.1,,48,50,5.0,,,,,,,,223,21026,1,32,8000,10,3,NVIDIA A100-SXM4-80GB,
2026-03-24T12:03:43.442583,R1L_ideal__Orai1WT-MDSnap-Fr300_cleaned,Orai1WT-MDSnap-Fr300_cleaned,R1L_ideal,failed,No output from any sub-box,0,0.1,,49,51,5.0,,,,,,,,223,21026,1,32,8000,10,3,NVIDIA A100-SXM4-80GB,
2026-03-24T12:03:43.468797,R64_ideal__Orai1WT-MDSnap-Fr300_cleaned,Orai1WT-MDSnap-Fr300_cleaned,R64_ideal,failed,No output from any sub-box,0,0.1,,30,31,4.0,,,,,,,,223,21026,1,32,8000,10,3,NVIDIA A100-SXM4-80GB,
2026-03-24T12:03:43.492822,R71_ideal__Orai1WT-MDSnap-Fr300_cleaned,Orai1WT-MDSnap-Fr300_cleaned,R71_ideal,failed,No output from any sub-box,0,0.1,,28,28,6.0,,,,,,,,223,21026,1,32,8000,10,3,NVIDIA A100-SXM4-80GB,
2026-03-24T12:03:43.517671,R78_ideal__Orai1WT-MDSnap-Fr300_cleaned,Orai1WT-MDSnap-Fr300_cleaned,R78_ideal,failed,No output from any sub-box,0,0.1,,38,40,3.0,,,,,,,,223,21026,1,32,8000,10,3,NVIDIA A100-SXM4-80GB,
2026-03-24T12:03:43.542509,R79_ideal__Orai1WT-MDSnap-Fr300_cleaned,Orai1WT-MDSnap-Fr300_cleaned,R79_ideal,failed,No output from any sub-box,0,0.1,,28,28,5.0,,,,,,,,223,21026,1,32,8000,10,3,NVIDIA A100-SXM4-80GB,
2026-03-24T12:03:43.565001,RA4_ideal__Orai1WT-MDSnap-Fr300_cleaned,Orai1WT-MDSnap-Fr300_cleaned,RA4_ideal,failed,No output from any sub-box,0,0.1,,35,41,6.0,,,,,,,,223,21026,1,32,8000,10,3,NVIDIA A100-SXM4-80GB,
2026-03-24T12:03:43.588630,RA8_ideal__Orai1WT-MDSnap-Fr300_cleaned,Orai1WT-MDSnap-Fr300_cleaned,RA8_ideal,failed,No output from any sub-box,0,0.1,,34,40,7.0,,,,,,,,223,21026,1,32,8000,10,3,NVIDIA A100-SXM4-80GB,
2026-03-24T12:03:43.616318,RAP_ideal__Orai1WT-MDSnap-Fr300_cleaned,Orai1WT-MDSnap-Fr300_cleaned,RAP_ideal,failed,No output from any sub-box,0,0.1,,67,70,15.0,,,,,,,,223,21026,1,32,8000,10,3,NVIDIA A100-SXM4-80GB,
2026-03-24T12:03:43.638628,RCL_ideal__Orai1WT-MDSnap-Fr300_cleaned,Orai1WT-MDSnap-Fr300_cleaned,RCL_ideal,failed,No output from any sub-box,0,0.1,,21,23,8.0,,,,,,,,223,21026,1,32,8000,10,3,NVIDIA A100-SXM4-80GB,
2026-03-24T12:03:43.662732,RCO_ideal__Orai1WT-MDSnap-Fr300_cleaned,Orai1WT-MDSnap-Fr300_cleaned,RCO_ideal,failed,No output from any sub-box,0,0.1,,8,10,1.0,,,,,,,,223,21026,1,32,8000,10,3,NVIDIA A100-SXM4-80GB,
2026-03-24T12:03:43.701145,RCX_ideal__Orai1WT-MDSnap-Fr300_cleaned,Orai1WT-MDSnap-Fr300_cleaned,RCX_ideal,failed,No output from any sub-box,0,0.1,,22,22,1.0,,,,,,,,223,21026,1,32,8000,10,3,NVIDIA A100-SXM4-80GB,
2026-03-24T12:03:43.736627,RD8_ideal__Orai1WT-MDSnap-Fr300_cleaned,Orai1WT-MDSnap-Fr300_cleaned,RD8_ideal,failed,No output from any sub-box,0,0.1,,32,35,4.0,,,,,,,,223,21026,1,32,8000,10,3,NVIDIA A100-SXM4-80GB,
2026-03-24T12:03:43.760225,RE2_ideal__Orai1WT-MDSnap-Fr300_cleaned,Orai1WT-MDSnap-Fr300_cleaned,RE2_ideal,failed,No output from any sub-box,0,0.1,,17,20,3.0,,,,,,,,223,21026,1,32,8000,10,3,NVIDIA A100-SXM4-80GB,
2026-03-24T12:03:43.784440,RF1_ideal__Orai1WT-MDSnap-Fr300_cleaned,Orai1WT-MDSnap-Fr300_cleaned,RF1_ideal,failed,No output from any sub-box,0,0.1,,23,23,2.0,,,,,,,,223,21026,1,32,8000,10,3,NVIDIA A100-SXM4-80GB,
2026-03-24T12:03:43.817687,RF2_ideal__Orai1WT-MDSnap-Fr300_cleaned,Orai1WT-MDSnap-Fr300_cleaned,RF2_ideal,failed,No output from any sub-box,0,0.1,,18,19,1.0,,,,,,,,223,21026,1,32,8000,10,3,NVIDIA A100-SXM4-80GB,
2026-03-24T12:03:43.840790,RFL_ideal__Orai1WT-MDSnap-Fr300_cleaned,Orai1WT-MDSnap-Fr300_cleaned,RFL_ideal,failed,No output from any sub-box,0,0.1,,55,65,11.0,,,,,,,,223,21026,1,32,8000,10,3,NVIDIA A100-SXM4-80GB,
2026-03-24T12:03:43.865366,RGA_ideal__Orai1WT-MDSnap-Fr300_cleaned,Orai1WT-MDSnap-Fr300_cleaned,RGA_ideal,failed,No output from any sub-box,0,0.1,,70,70,19.0,,,,,,,,223,21026,1,32,8000,10,3,NVIDIA A100-SXM4-80GB,
2026-03-24T12:03:43.888901,RGC_ideal__Orai1WT-MDSnap-Fr300_cleaned,Orai1WT-MDSnap-Fr300_cleaned,RGC_ideal,failed,No output from any sub-box,0,0.1,,68,69,19.0,,,,,,,,223,21026,1,32,8000,10,3,NVIDIA A100-SXM4-80GB,
2026-03-24T12:03:43.917473,RIF_ideal__Orai1WT-MDSnap-Fr300_cleaned,Orai1WT-MDSnap-Fr300_cleaned,RIF_ideal,failed,No output from any sub-box,0,0.1,,69,75,13.0,,,,,,,,223,21026,1,32,8000,10,3,NVIDIA A100-SXM4-80GB,
2026-03-24T12:03:43.940573,RIS_ideal__Orai1WT-MDSnap-Fr300_cleaned,Orai1WT-MDSnap-Fr300_cleaned,RIS_ideal,failed,No output from any sub-box,0,0.1,,17,22,4.0,,,,,,,,223,21026,1,32,8000,10,3,NVIDIA A100-SXM4-80GB,
2026-03-24T12:03:43.963803,RIT_ideal__Orai1WT-MDSnap-Fr300_cleaned,Orai1WT-MDSnap-Fr300_cleaned,RIT_ideal,failed,No output from any sub-box,0,0.1,,50,54,10.0,,,,,,,,223,21026,1,32,8000,10,3,NVIDIA A100-SXM4-80GB,
2026-03-24T12:03:43.985460,RMN_ideal__Orai1WT-MDSnap-Fr300_cleaned,Orai1WT-MDSnap-Fr300_cleaned,RMN_ideal,failed,No output from any sub-box,0,0.1,,11,13,2.0,,,,,,,,223,21026,1,32,8000,10,3,NVIDIA A100-SXM4-80GB,
2026-03-24T12:03:44.016689,RNO_ideal__Orai1WT-MDSnap-Fr300_cleaned,Orai1WT-MDSnap-Fr300_cleaned,RNO_ideal,failed,No output from any sub-box,0,0.1,,12,12,1.0,,,,,,,,223,21026,1,32,8000,10,3,NVIDIA A100-SXM4-80GB,
2026-03-24T12:03:44.040840,ROC_ideal__Orai1WT-MDSnap-Fr300_cleaned,Orai1WT-MDSnap-Fr300_cleaned,ROC_ideal,failed,No output from any sub-box,0,0.1,,49,55,7.0,,,,,,,,223,21026,1,32,8000,10,3,NVIDIA A100-SXM4-80GB,
2026-03-24T12:03:44.063535,ROK_ideal__Orai1WT-MDSnap-Fr300_cleaned,Orai1WT-MDSnap-Fr300_cleaned,ROK_ideal,failed,No output from any sub-box,0,0.1,,17,22,3.0,,,,,,,,223,21026,1,32,8000,10,3,NVIDIA A100-SXM4-80GB,
2026-03-24T12:03:44.085891,RR6_ideal__Orai1WT-MDSnap-Fr300_cleaned,Orai1WT-MDSnap-Fr300_cleaned,RR6_ideal,failed,No output from any sub-box,0,0.1,,72,84,12.0,,,,,,,,223,21026,1,32,8000,10,3,NVIDIA A100-SXM4-80GB,
2026-03-24T12:03:44.115967,RRX_ideal__Orai1WT-MDSnap-Fr300_cleaned,Orai1WT-MDSnap-Fr300_cleaned,RRX_ideal,failed,No output from any sub-box,0,0.1,,41,42,5.0,,,,,,,,223,21026,1,32,8000,10,3,NVIDIA A100-SXM4-80GB,
2026-03-24T12:03:44.157682,RSO_ideal__Orai1WT-MDSnap-Fr300_cleaned,Orai1WT-MDSnap-Fr300_cleaned,RSO_ideal,failed,No output from any sub-box,0,0.1,,9,9,0.0,,,,,,,,223,21026,1,32,8000,10,3,NVIDIA A100-SXM4-80GB,
2026-03-24T12:03:44.180627,RXD_ideal__Orai1WT-MDSnap-Fr300_cleaned,Orai1WT-MDSnap-Fr300_cleaned,RXD_ideal,failed,No output from any sub-box,0,0.1,,31,34,4.0,,,,,,,,223,21026,1,32,8000,10,3,NVIDIA A100-SXM4-80GB,
2026-03-24T12:03:44.215976,RXP_ideal__Orai1WT-MDSnap-Fr300_cleaned,Orai1WT-MDSnap-Fr300_cleaned,RXP_ideal,failed,No output from any sub-box,0,0.1,,50,56,9.0,,,,,,,,223,21026,1,32,8000,10,3,NVIDIA A100-SXM4-80GB,
2026-03-24T12:03:44.239773,RYO_ideal__Orai1WT-MDSnap-Fr300_cleaned,Orai1WT-MDSnap-Fr300_cleaned,RYO_ideal,failed,No output from any sub-box,0,0.1,,66,70,14.0,,,,,,,,223,21026,1,32,8000,10,3,NVIDIA A100-SXM4-80GB,
2026-03-24T12:03:44.262672,RYW_ideal__Orai1WT-MDSnap-Fr300_cleaned,Orai1WT-MDSnap-Fr300_cleaned,RYW_ideal,failed,No output from any sub-box,0,0.1,,41,44,5.0,,,,,,,,223,21026,1,32,8000,10,3,NVIDIA A100-SXM4-80GB,
2026-03-24T12:03:44.284074,S1H_ideal__Orai1WT-MDSnap-Fr300_cleaned,Orai1WT-MDSnap-Fr300_cleaned,S1H_ideal,failed,No output from any sub-box,0,0.1,,26,29,10.0,,,,,,,,223,21026,1,32,8000,10,3,NVIDIA A100-SXM4-80GB,
2026-03-24T12:03:44.316434,S3V_ideal__Orai1WT-MDSnap-Fr300_cleaned,Orai1WT-MDSnap-Fr300_cleaned,S3V_ideal,failed,No output from any sub-box,0,0.1,,9,10,1.0,,,,,,,,223,21026,1,32,8000,10,3,NVIDIA A100-SXM4-80GB,
2026-03-24T12:03:44.341283,S4R_ideal__Orai1WT-MDSnap-Fr300_cleaned,Orai1WT-MDSnap-Fr300_cleaned,S4R_ideal,failed,No output from any sub-box,0,0.1,,40,41,3.0,,,,,,,,223,21026,1,32,8000,10,3,NVIDIA A100-SXM4-80GB,
2026-03-24T12:03:44.365123,SAN_ideal__Orai1WT-MDSnap-Fr300_cleaned,Orai1WT-MDSnap-Fr300_cleaned,SAN_ideal,failed,No output from any sub-box,0,0.1,,11,15,1.0,,,,,,,,223,21026,1,32,8000,10,3,NVIDIA A100-SXM4-80GB,
2026-03-24T12:03:44.390093,SBE_ideal__Orai1WT-MDSnap-Fr300_cleaned,Orai1WT-MDSnap-Fr300_cleaned,SBE_ideal,failed,No output from any sub-box,0,0.1,,6,7,0.0,,,,,,,,223,21026,1,32,8000,10,3,NVIDIA A100-SXM4-80GB,
2026-03-24T12:03:44.417332,SBN_ideal__Orai1WT-MDSnap-Fr300_cleaned,Orai1WT-MDSnap-Fr300_cleaned,SBN_ideal,failed,No output from any sub-box,0,0.1,,20,22,1.0,,,,,,,,223,21026,1,32,8000,10,3,NVIDIA A100-SXM4-80GB,
2026-03-24T12:03:44.441379,SBZ_ideal__Orai1WT-MDSnap-Fr300_cleaned,Orai1WT-MDSnap-Fr300_cleaned,SBZ_ideal,failed,No output from any sub-box,0,0.1,,16,20,2.0,,,,,,,,223,21026,1,32,8000,10,3,NVIDIA A100-SXM4-80GB,
2026-03-24T12:03:44.466409,SCA_ideal__Orai1WT-MDSnap-Fr300_cleaned,Orai1WT-MDSnap-Fr300_cleaned,SCA_ideal,failed,No output from any sub-box,0,0.1,,55,66,15.0,,,,,,,,223,21026,1,32,8000,10,3,NVIDIA A100-SXM4-80GB,
2026-03-24T12:03:44.489335,SCO_ideal__Orai1WT-MDSnap-Fr300_cleaned,Orai1WT-MDSnap-Fr300_cleaned,SCO_ideal,failed,No output from any sub-box,0,0.1,,55,67,15.0,,,,,,,,223,21026,1,32,8000,10,3,NVIDIA A100-SXM4-80GB,
2026-03-24T12:03:44.516736,SDZ_ideal__Orai1WT-MDSnap-Fr300_cleaned,Orai1WT-MDSnap-Fr300_cleaned,SDZ_ideal,failed,No output from any sub-box,0,0.1,,29,30,4.0,,,,,,,,223,21026,1,32,8000,10,3,NVIDIA A100-SXM4-80GB,
2026-03-24T12:03:44.540782,SEI_ideal__Orai1WT-MDSnap-Fr300_cleaned,Orai1WT-MDSnap-Fr300_cleaned,SEI_ideal,failed,No output from any sub-box,0,0.1,,44,46,6.0,,,,,,,,223,21026,1,32,8000,10,3,NVIDIA A100-SXM4-80GB,
2026-03-24T12:03:44.581874,SFA_ideal__Orai1WT-MDSnap-Fr300_cleaned,Orai1WT-MDSnap-Fr300_cleaned,SFA_ideal,failed,No output from any sub-box,0,0.1,,80,89,17.0,,,,,,,,223,21026,1,32,8000,10,3,NVIDIA A100-SXM4-80GB,
2026-03-24T12:03:44.616422,SFP_ideal__Orai1WT-MDSnap-Fr300_cleaned,Orai1WT-MDSnap-Fr300_cleaned,SFP_ideal,failed,No output from any sub-box,0,0.1,,64,74,8.0,,,,,,,,223,21026,1,32,8000,10,3,NVIDIA A100-SXM4-80GB,
2026-03-24T12:03:44.639886,SFT_ideal__Orai1WT-MDSnap-Fr300_cleaned,Orai1WT-MDSnap-Fr300_cleaned,SFT_ideal,failed,No output from any sub-box,0,0.1,,62,69,24.0,,,,,,,,223,21026,1,32,8000,10,3,NVIDIA A100-SXM4-80GB,
2026-03-24T12:03:44.665064,SFY_ideal__Orai1WT-MDSnap-Fr300_cleaned,Orai1WT-MDSnap-Fr300_cleaned,SFY_ideal,failed,No output from any sub-box,0,0.1,,17,20,2.0,,,,,,,,223,21026,1,32,8000,10,3,NVIDIA A100-SXM4-80GB,
2026-03-24T12:03:44.688638,SIF_ideal__Orai1WT-MDSnap-Fr300_cleaned,Orai1WT-MDSnap-Fr300_cleaned,SIF_ideal,failed,No output from any sub-box,0,0.1,,12,14,3.0,,,,,,,,223,21026,1,32,8000,10,3,NVIDIA A100-SXM4-80GB,
2026-03-24T12:03:44.717621,SIN_ideal__Orai1WT-MDSnap-Fr300_cleaned,Orai1WT-MDSnap-Fr300_cleaned,SIN_ideal,failed,No output from any sub-box,0,0.1,,8,10,2.0,,,,,,,,223,21026,1,32,8000,10,3,NVIDIA A100-SXM4-80GB,
2026-03-24T12:03:44.747878,SMN_ideal__Orai1WT-MDSnap-Fr300_cleaned,Orai1WT-MDSnap-Fr300_cleaned,SMN_ideal,failed,No output from any sub-box,0,0.1,,11,13,2.0,,,,,,,,223,21026,1,32,8000,10,3,NVIDIA A100-SXM4-80GB,
2026-03-24T12:03:44.771043,SNA_ideal__Orai1WT-MDSnap-Fr300_cleaned,Orai1WT-MDSnap-Fr300_cleaned,SNA_ideal,failed,No output from any sub-box,0,0.1,,57,69,14.0,,,,,,,,223,21026,1,32,8000,10,3,NVIDIA A100-SXM4-80GB,
2026-03-24T12:03:44.795098,SND_ideal__Orai1WT-MDSnap-Fr300_cleaned,Orai1WT-MDSnap-Fr300_cleaned,SND_ideal,failed,No output from any sub-box,0,0.1,,44,53,8.0,,,,,,,,223,21026,1,32,8000,10,3,NVIDIA A100-SXM4-80GB,
2026-03-24T12:03:44.832685,SNO_ideal__Orai1WT-MDSnap-Fr300_cleaned,Orai1WT-MDSnap-Fr300_cleaned,SNO_ideal,failed,No output from any sub-box,0,0.1,,12,12,1.0,,,,,,,,223,21026,1,32,8000,10,3,NVIDIA A100-SXM4-80GB,
2026-03-24T12:03:44.861449,SO2_ideal__Orai1WT-MDSnap-Fr300_cleaned,Orai1WT-MDSnap-Fr300_cleaned,SO2_ideal,failed,No output from any sub-box,0,0.1,,3,3,,,,,,,,,223,21026,1,32,8000,10,3,NVIDIA A100-SXM4-80GB,
2026-03-24T12:03:44.888576,SO4_ideal__Orai1WT-MDSnap-Fr300_cleaned,Orai1WT-MDSnap-Fr300_cleaned,SO4_ideal,failed,No output from any sub-box,0,0.1,,5,5,,,,,,,,,223,21026,1,32,8000,10,3,NVIDIA A100-SXM4-80GB,
2026-03-24T12:03:44.916783,SPF_ideal__Orai1WT-MDSnap-Fr300_cleaned,Orai1WT-MDSnap-Fr300_cleaned,SPF_ideal,failed,No output from any sub-box,0,0.1,,63,74,15.0,,,,,,,,223,21026,1,32,8000,10,3,NVIDIA A100-SXM4-80GB,
2026-03-24T12:03:44.941229,SPR_ideal__Orai1WT-MDSnap-Fr300_cleaned,Orai1WT-MDSnap-Fr300_cleaned,SPR_ideal,failed,No output from any sub-box,0,0.1,,61,65,14.0,,,,,,,,223,21026,1,32,8000,10,3,NVIDIA A100-SXM4-80GB,
2026-03-24T12:03:44.964435,SPX_ideal__Orai1WT-MDSnap-Fr300_cleaned,Orai1WT-MDSnap-Fr300_cleaned,SPX_ideal,failed,No output from any sub-box,0,0.1,,70,72,19.0,,,,,,,,223,21026,1,32,8000,10,3,NVIDIA A100-SXM4-80GB,
2026-03-24T12:03:44.986371,SQL_ideal__Orai1WT-MDSnap-Fr300_cleaned,Orai1WT-MDSnap-Fr300_cleaned,SQL_ideal,failed,No output from any sub-box,0,0.1,,30,30,7.0,,,,,,,,223,21026,1,32,8000,10,3,NVIDIA A100-SXM4-80GB,
2026-03-24T12:03:45.017769,SQS_ideal__Orai1WT-MDSnap-Fr300_cleaned,Orai1WT-MDSnap-Fr300_cleaned,SQS_ideal,failed,No output from any sub-box,0,0.1,,21,25,9.0,,,,,,,,223,21026,1,32,8000,10,3,NVIDIA A100-SXM4-80GB,
2026-03-24T12:03:45.042760,SS2_ideal__Orai1WT-MDSnap-Fr300_cleaned,Orai1WT-MDSnap-Fr300_cleaned,SS2_ideal,failed,No output from any sub-box,0,0.1,,9,10,1.0,,,,,,,,223,21026,1,32,8000,10,3,NVIDIA A100-SXM4-80GB,
2026-03-24T12:03:45.065974,SS4_ideal__Orai1WT-MDSnap-Fr300_cleaned,Orai1WT-MDSnap-Fr300_cleaned,SS4_ideal,failed,No output from any sub-box,0,0.1,,28,31,3.0,,,,,,,,223,21026,1,32,8000,10,3,NVIDIA A100-SXM4-80GB,
2026-03-24T12:03:45.088915,STC_ideal__Orai1WT-MDSnap-Fr300_cleaned,Orai1WT-MDSnap-Fr300_cleaned,STC_ideal,failed,No output from any sub-box,0,0.1,,19,21,2.0,,,,,,,,223,21026,1,32,8000,10,3,NVIDIA A100-SXM4-80GB,
2026-03-24T12:03:45.115957,STE_ideal__Orai1WT-MDSnap-Fr300_cleaned,Orai1WT-MDSnap-Fr300_cleaned,STE_ideal,failed,No output from any sub-box,0,0.1,,20,21,8.0,,,,,,,,223,21026,1,32,8000,10,3,NVIDIA A100-SXM4-80GB,
2026-03-24T12:03:45.140284,STF_ideal__Orai1WT-MDSnap-Fr300_cleaned,Orai1WT-MDSnap-Fr300_cleaned,STF_ideal,failed,No output from any sub-box,0,0.1,,18,19,2.0,,,,,,,,223,21026,1,32,8000,10,3,NVIDIA A100-SXM4-80GB,
2026-03-24T12:03:45.165274,STI_ideal__Orai1WT-MDSnap-Fr300_cleaned,Orai1WT-MDSnap-Fr300_cleaned,STI_ideal,failed,No output from any sub-box,0,0.1,,37,39,3.0,,,,,,,,223,21026,1,32,8000,10,3,NVIDIA A100-SXM4-80GB,
2026-03-24T12:03:45.188662,STL_ideal__Orai1WT-MDSnap-Fr300_cleaned,Orai1WT-MDSnap-Fr300_cleaned,STL_ideal,failed,No output from any sub-box,0,0.1,,17,20,2.0,,,,,,,,223,21026,1,32,8000,10,3,NVIDIA A100-SXM4-80GB,
2026-03-24T12:03:45.216665,SUD_ideal__Orai1WT-MDSnap-Fr300_cleaned,Orai1WT-MDSnap-Fr300_cleaned,SUD_ideal,failed,No output from any sub-box,0,0.1,,37,47,11.0,,,,,,,,223,21026,1,32,8000,10,3,NVIDIA A100-SXM4-80GB,
2026-03-24T12:03:45.241040,SVR_ideal__Orai1WT-MDSnap-Fr300_cleaned,Orai1WT-MDSnap-Fr300_cleaned,SVR_ideal,failed,No output from any sub-box,0,0.1,,86,98,11.0,,,,,,,,223,21026,1,32,8000,10,3,NVIDIA A100-SXM4-80GB,
2026-03-24T12:03:45.264464,SXH_ideal__Orai1WT-MDSnap-Fr300_cleaned,Orai1WT-MDSnap-Fr300_cleaned,SXH_ideal,failed,No output from any sub-box,0,0.1,,29,34,9.0,,,,,,,,223,21026,1,32,8000,10,3,NVIDIA A100-SXM4-80GB,
2026-03-24T12:03:45.288685,SXO_ideal__Orai1WT-MDSnap-Fr300_cleaned,Orai1WT-MDSnap-Fr300_cleaned,SXO_ideal,failed,No output from any sub-box,0,0.1,,31,36,10.0,,,,,,,,223,21026,1,32,8000,10,3,NVIDIA A100-SXM4-80GB,
2026-03-24T12:03:45.316688,SXX_ideal__Orai1WT-MDSnap-Fr300_cleaned,Orai1WT-MDSnap-Fr300_cleaned,SXX_ideal,failed,No output from any sub-box,0,0.1,,16,18,3.0,,,,,,,,223,21026,1,32,8000,10,3,NVIDIA A100-SXM4-80GB,
2026-03-24T12:03:45.341040,SYR_ideal__Orai1WT-MDSnap-Fr300_cleaned,Orai1WT-MDSnap-Fr300_cleaned,SYR_ideal,failed,No output from any sub-box,0,0.1,,15,16,2.0,,,,,,,,223,21026,1,32,8000,10,3,NVIDIA A100-SXM4-80GB,
2026-03-24T12:03:45.370696,T13_ideal__Orai1WT-MDSnap-Fr300_cleaned,Orai1WT-MDSnap-Fr300_cleaned,T13_ideal,failed,No output from any sub-box,0,0.1,,24,25,2.0,,,,,,,,223,21026,1,32,8000,10,3,NVIDIA A100-SXM4-80GB,
2026-03-24T12:03:45.393768,T2D_ideal__Orai1WT-MDSnap-Fr300_cleaned,Orai1WT-MDSnap-Fr300_cleaned,T2D_ideal,failed,No output from any sub-box,0,0.1,,14,15,0.0,,,,,,,,223,21026,1,32,8000,10,3,NVIDIA A100-SXM4-80GB,
2026-03-24T12:03:45.416999,T2M_ideal__Orai1WT-MDSnap-Fr300_cleaned,Orai1WT-MDSnap-Fr300_cleaned,T2M_ideal,failed,No output from any sub-box,0,0.1,,12,13,1.0,,,,,,,,223,21026,1,32,8000,10,3,NVIDIA A100-SXM4-80GB,
2026-03-24T12:03:45.440040,T3X_ideal__Orai1WT-MDSnap-Fr300_cleaned,Orai1WT-MDSnap-Fr300_cleaned,T3X_ideal,failed,No output from any sub-box,0,0.1,,39,41,3.0,,,,,,,,223,21026,1,32,8000,10,3,NVIDIA A100-SXM4-80GB,
2026-03-24T12:03:45.465294,T4T_ideal__Orai1WT-MDSnap-Fr300_cleaned,Orai1WT-MDSnap-Fr300_cleaned,T4T_ideal,failed,No output from any sub-box,0,0.1,,19,20,8.0,,,,,,,,223,21026,1,32,8000,10,3,NVIDIA A100-SXM4-80GB,
2026-03-24T12:03:45.489838,T57_ideal__Orai1WT-MDSnap-Fr300_cleaned,Orai1WT-MDSnap-Fr300_cleaned,T57_ideal,failed,No output from any sub-box,0,0.1,,48,57,15.0,,,,,,,,223,21026,1,32,8000,10,3,NVIDIA A100-SXM4-80GB,
2026-03-24T12:03:45.515838,T5A_ideal__Orai1WT-MDSnap-Fr300_cleaned,Orai1WT-MDSnap-Fr300_cleaned,T5A_ideal,failed,No output from any sub-box,0,0.1,,55,66,12.0,,,,,,,,223,21026,1,32,8000,10,3,NVIDIA A100-SXM4-80GB,
2026-03-24T12:03:45.540242,T87_ideal__Orai1WT-MDSnap-Fr300_cleaned,Orai1WT-MDSnap-Fr300_cleaned,T87_ideal,failed,No output from any sub-box,0,0.1,,39,43,6.0,,,,,,,,223,21026,1,32,8000,10,3,NVIDIA A100-SXM4-80GB,
2026-03-24T12:03:45.565202,TAP_ideal__Orai1WT-MDSnap-Fr300_cleaned,Orai1WT-MDSnap-Fr300_cleaned,TAP_ideal,failed,No output from any sub-box,0,0.1,,48,58,10.0,,,,,,,,223,21026,1,32,8000,10,3,NVIDIA A100-SXM4-80GB,
2026-03-24T12:03:45.590522,TAR_ideal__Orai1WT-MDSnap-Fr300_cleaned,Orai1WT-MDSnap-Fr300_cleaned,TAR_ideal,failed,No output from any sub-box,0,0.1,,10,14,3.0,,,,,,,,223,21026,1,32,8000,10,3,NVIDIA A100-SXM4-80GB,
2026-03-24T12:03:45.622184,TBF_ideal__Orai1WT-MDSnap-Fr300_cleaned,Orai1WT-MDSnap-Fr300_cleaned,TBF_ideal,failed,No output from any sub-box,0,0.1,,7,7,1.0,,,,,,,,223,21026,1,32,8000,10,3,NVIDIA A100-SXM4-80GB,
2026-03-24T12:03:45.645696,TBP_ideal__Orai1WT-MDSnap-Fr300_cleaned,Orai1WT-MDSnap-Fr300_cleaned,TBP_ideal,failed,No output from any sub-box,0,0.1,,10,11,0.0,,,,,,,,223,21026,1,32,8000,10,3,NVIDIA A100-SXM4-80GB,
2026-03-24T12:03:45.670074,TBU_ideal__Orai1WT-MDSnap-Fr300_cleaned,Orai1WT-MDSnap-Fr300_cleaned,TBU_ideal,failed,No output from any sub-box,0,0.1,,5,6,0.0,,,,,,,,223,21026,1,32,8000,10,3,NVIDIA A100-SXM4-80GB,
2026-03-24T12:03:45.691177,TCA_ideal__Orai1WT-MDSnap-Fr300_cleaned,Orai1WT-MDSnap-Fr300_cleaned,TCA_ideal,failed,No output from any sub-box,0,0.1,,11,12,1.0,,,,,,,,223,21026,1,32,8000,10,3,NVIDIA A100-SXM4-80GB,
2026-03-24T12:03:45.716759,TCH_ideal__Orai1WT-MDSnap-Fr300_cleaned,Orai1WT-MDSnap-Fr300_cleaned,TCH_ideal,failed,No output from any sub-box,0,0.1,,35,40,5.0,,,,,,,,223,21026,1,32,8000,10,3,NVIDIA A100-SXM4-80GB,
2026-03-24T12:03:45.738974,TCO_ideal__Orai1WT-MDSnap-Fr300_cleaned,Orai1WT-MDSnap-Fr300_cleaned,TCO_ideal,failed,No output from any sub-box,0,0.1,,17,18,2.0,,,,,,,,223,21026,1,32,8000,10,3,NVIDIA A100-SXM4-80GB,
2026-03-24T12:03:45.760991,TCV_ideal__Orai1WT-MDSnap-Fr300_cleaned,Orai1WT-MDSnap-Fr300_cleaned,TCV_ideal,failed,No output from any sub-box,0,0.1,,5,5,,,,,,,,,223,21026,1,32,8000,10,3,NVIDIA A100-SXM4-80GB,
2026-03-24T12:03:45.783454,TCZ_ideal__Orai1WT-MDSnap-Fr300_cleaned,Orai1WT-MDSnap-Fr300_cleaned,TCZ_ideal,failed,No output from any sub-box,0,0.1,,9,9,,,,,,,,,223,21026,1,32,8000,10,3,NVIDIA A100-SXM4-80GB,
2026-03-24T12:03:45.815998,TD2_ideal__Orai1WT-MDSnap-Fr300_cleaned,Orai1WT-MDSnap-Fr300_cleaned,TD2_ideal,failed,No output from any sub-box,0,0.1,,45,51,7.0,,,,,,,,223,21026,1,32,8000,10,3,NVIDIA A100-SXM4-80GB,
2026-03-24T12:03:45.838494,TDT_ideal__Orai1WT-MDSnap-Fr300_cleaned,Orai1WT-MDSnap-Fr300_cleaned,TDT_ideal,failed,No output from any sub-box,0,0.1,,72,78,12.0,,,,,,,,223,21026,1,32,8000,10,3,NVIDIA A100-SXM4-80GB,
2026-03-24T12:03:45.862064,TEL_ideal__Orai1WT-MDSnap-Fr300_cleaned,Orai1WT-MDSnap-Fr300_cleaned,TEL_ideal,failed,No output from any sub-box,0,0.1,,60,61,12.0,,,,,,,,223,21026,1,32,8000,10,3,NVIDIA A100-SXM4-80GB,
2026-03-24T12:03:45.884229,TF3_ideal__Orai1WT-MDSnap-Fr300_cleaned,Orai1WT-MDSnap-Fr300_cleaned,TF3_ideal,failed,No output from any sub-box,0,0.1,,25,28,4.0,,,,,,,,223,21026,1,32,8000,10,3,NVIDIA A100-SXM4-80GB,
2026-03-24T12:03:45.916009,TF4_ideal__Orai1WT-MDSnap-Fr300_cleaned,Orai1WT-MDSnap-Fr300_cleaned,TF4_ideal,failed,No output from any sub-box,0,0.1,,6,7,1.0,,,,,,,,223,21026,1,32,8000,10,3,NVIDIA A100-SXM4-80GB,
2026-03-24T12:03:45.938635,TF9_ideal__Orai1WT-MDSnap-Fr300_cleaned,Orai1WT-MDSnap-Fr300_cleaned,TF9_ideal,failed,No output from any sub-box,0,0.1,,22,24,2.0,,,,,,,,223,21026,1,32,8000,10,3,NVIDIA A100-SXM4-80GB,
2026-03-24T12:03:45.961179,TFL_ideal__Orai1WT-MDSnap-Fr300_cleaned,Orai1WT-MDSnap-Fr300_cleaned,TFL_ideal,failed,No output from any sub-box,0,0.1,,20,21,1.0,,,,,,,,223,21026,1,32,8000,10,3,NVIDIA A100-SXM4-80GB,
2026-03-24T12:03:45.985415,TFM_ideal__Orai1WT-MDSnap-Fr300_cleaned,Orai1WT-MDSnap-Fr300_cleaned,TFM_ideal,failed,No output from any sub-box,0,0.1,,16,18,2.0,,,,,,,,223,21026,1,32,8000,10,3,NVIDIA A100-SXM4-80GB,
2026-03-24T12:03:46.017368,TFQ_ideal__Orai1WT-MDSnap-Fr300_cleaned,Orai1WT-MDSnap-Fr300_cleaned,TFQ_ideal,failed,No output from any sub-box,0,0.1,,17,20,3.0,,,,,,,,223,21026,1,32,8000,10,3,NVIDIA A100-SXM4-80GB,
2026-03-24T12:03:46.040908,TGF_ideal__Orai1WT-MDSnap-Fr300_cleaned,Orai1WT-MDSnap-Fr300_cleaned,TGF_ideal,failed,No output from any sub-box,0,0.1,,52,64,12.0,,,,,,,,223,21026,1,32,8000,10,3,NVIDIA A100-SXM4-80GB,
2026-03-24T12:03:46.063956,THT_ideal__Orai1WT-MDSnap-Fr300_cleaned,Orai1WT-MDSnap-Fr300_cleaned,THT_ideal,failed,No output from any sub-box,0,0.1,,24,25,9.0,,,,,,,,223,21026,1,32,8000,10,3,NVIDIA A100-SXM4-80GB,
2026-03-24T12:03:46.087886,TIK_ideal__Orai1WT-MDSnap-Fr300_cleaned,Orai1WT-MDSnap-Fr300_cleaned,TIK_ideal,failed,No output from any sub-box,0,0.1,,14,14,2.0,,,,,,,,223,21026,1,32,8000,10,3,NVIDIA A100-SXM4-80GB,
2026-03-24T12:03:46.115949,TLA_ideal__Orai1WT-MDSnap-Fr300_cleaned,Orai1WT-MDSnap-Fr300_cleaned,TLA_ideal,failed,No output from any sub-box,0,0.1,,10,14,3.0,,,,,,,,223,21026,1,32,8000,10,3,NVIDIA A100-SXM4-80GB,
2026-03-24T12:03:46.138726,TMA_ideal__Orai1WT-MDSnap-Fr300_cleaned,Orai1WT-MDSnap-Fr300_cleaned,TMA_ideal,failed,No output from any sub-box,0,0.1,,5,5,,,,,,,,,223,21026,1,32,8000,10,3,NVIDIA A100-SXM4-80GB,
2026-03-24T12:03:46.161751,TMM_ideal__Orai1WT-MDSnap-Fr300_cleaned,Orai1WT-MDSnap-Fr300_cleaned,TMM_ideal,failed,No output from any sub-box,0,0.1,,15,18,3.0,,,,,,,,223,21026,1,32,8000,10,3,NVIDIA A100-SXM4-80GB,
2026-03-24T12:03:46.183591,TNE_ideal__Orai1WT-MDSnap-Fr300_cleaned,Orai1WT-MDSnap-Fr300_cleaned,TNE_ideal,failed,No output from any sub-box,0,0.1,,10,10,,,,,,,,,223,21026,1,32,8000,10,3,NVIDIA A100-SXM4-80GB,
2026-03-24T12:03:46.216025,TNF_ideal__Orai1WT-MDSnap-Fr300_cleaned,Orai1WT-MDSnap-Fr300_cleaned,TNF_ideal,failed,No output from any sub-box,0,0.1,,16,17,2.0,,,,,,,,223,21026,1,32,8000,10,3,NVIDIA A100-SXM4-80GB,
2026-03-24T12:03:46.241039,TNL_ideal__Orai1WT-MDSnap-Fr300_cleaned,Orai1WT-MDSnap-Fr300_cleaned,TNL_ideal,failed,No output from any sub-box,0,0.1,,16,16,1.0,,,,,,,,223,21026,1,32,8000,10,3,NVIDIA A100-SXM4-80GB,
2026-03-24T12:03:46.279571,TP0_ideal__Orai1WT-MDSnap-Fr300_cleaned,Orai1WT-MDSnap-Fr300_cleaned,TP0_ideal,failed,No output from any sub-box,0,0.1,,23,23,3.0,,,,,,,,223,21026,1,32,8000,10,3,NVIDIA A100-SXM4-80GB,
2026-03-24T12:03:46.315846,TPA_ideal__Orai1WT-MDSnap-Fr300_cleaned,Orai1WT-MDSnap-Fr300_cleaned,TPA_ideal,failed,No output from any sub-box,0,0.1,,10,13,1.0,,,,,,,,223,21026,1,32,8000,10,3,NVIDIA A100-SXM4-80GB,
2026-03-24T12:03:46.338091,TPB_ideal__Orai1WT-MDSnap-Fr300_cleaned,Orai1WT-MDSnap-Fr300_cleaned,TPB_ideal,failed,No output from any sub-box,0,0.1,,25,27,2.0,,,,,,,,223,21026,1,32,8000,10,3,NVIDIA A100-SXM4-80GB,
2026-03-24T12:03:46.359630,TPR_ideal__Orai1WT-MDSnap-Fr300_cleaned,Orai1WT-MDSnap-Fr300_cleaned,TPR_ideal,failed,No output from any sub-box,0,0.1,,18,19,2.0,,,,,,,,223,21026,1,32,8000,10,3,NVIDIA A100-SXM4-80GB,
2026-03-24T12:03:46.380217,TQ5_ideal__Orai1WT-MDSnap-Fr300_cleaned,Orai1WT-MDSnap-Fr300_cleaned,TQ5_ideal,failed,No output from any sub-box,0,0.1,,23,27,2.0,,,,,,,,223,21026,1,32,8000,10,3,NVIDIA A100-SXM4-80GB,
2026-03-24T12:03:46.401655,TR1_ideal__Orai1WT-MDSnap-Fr300_cleaned,Orai1WT-MDSnap-Fr300_cleaned,TR1_ideal,failed,No output from any sub-box,0,0.1,,32,36,6.0,,,,,,,,223,21026,1,32,8000,10,3,NVIDIA A100-SXM4-80GB,
2026-03-24T12:03:46.436999,TRI_ideal__Orai1WT-MDSnap-Fr300_cleaned,Orai1WT-MDSnap-Fr300_cleaned,TRI_ideal,failed,No output from any sub-box,0,0.1,,5,6,,,,,,,,,223,21026,1,32,8000,10,3,NVIDIA A100-SXM4-80GB,
2026-03-24T12:03:46.459227,TRS_ideal__Orai1WT-MDSnap-Fr300_cleaned,Orai1WT-MDSnap-Fr300_cleaned,TRS_ideal,failed,No output from any sub-box,0,0.1,,8,14,3.0,,,,,,,,223,21026,1,32,8000,10,3,NVIDIA A100-SXM4-80GB,
2026-03-24T12:03:46.481851,TRU_ideal__Orai1WT-MDSnap-Fr300_cleaned,Orai1WT-MDSnap-Fr300_cleaned,TRU_ideal,failed,No output from any sub-box,0,0.1,,20,24,1.0,,,,,,,,223,21026,1,32,8000,10,3,NVIDIA A100-SXM4-80GB,
2026-03-24T12:03:46.516717,TS4_ideal__Orai1WT-MDSnap-Fr300_cleaned,Orai1WT-MDSnap-Fr300_cleaned,TS4_ideal,failed,No output from any sub-box,0,0.1,,58,76,21.0,,,,,,,,223,21026,1,32,8000,10,3,NVIDIA A100-SXM4-80GB,
2026-03-24T12:03:46.541574,TS5_ideal__Orai1WT-MDSnap-Fr300_cleaned,Orai1WT-MDSnap-Fr300_cleaned,TS5_ideal,failed,No output from any sub-box,0,0.1,,29,39,10.0,,,,,,,,223,21026,1,32,8000,10,3,NVIDIA A100-SXM4-80GB,
2026-03-24T12:03:46.565190,TSU_ideal__Orai1WT-MDSnap-Fr300_cleaned,Orai1WT-MDSnap-Fr300_cleaned,TSU_ideal,failed,No output from any sub-box,0,0.1,,11,12,1.0,,,,,,,,223,21026,1,32,8000,10,3,NVIDIA A100-SXM4-80GB,
2026-03-24T12:03:46.588568,TTN_ideal__Orai1WT-MDSnap-Fr300_cleaned,Orai1WT-MDSnap-Fr300_cleaned,TTN_ideal,failed,No output from any sub-box,0,0.1,,8,9,1.0,,,,,,,,223,21026,1,32,8000,10,3,NVIDIA A100-SXM4-80GB,
2026-03-24T12:03:46.616049,TUD_ideal__Orai1WT-MDSnap-Fr300_cleaned,Orai1WT-MDSnap-Fr300_cleaned,TUD_ideal,failed,No output from any sub-box,0,0.1,,34,38,5.0,,,,,,,,223,21026,1,32,8000,10,3,NVIDIA A100-SXM4-80GB,
2026-03-24T12:03:46.638510,TUI_ideal__Orai1WT-MDSnap-Fr300_cleaned,Orai1WT-MDSnap-Fr300_cleaned,TUI_ideal,failed,No output from any sub-box,0,0.1,,33,37,5.0,,,,,,,,223,21026,1,32,8000,10,3,NVIDIA A100-SXM4-80GB,
2026-03-24T12:03:46.662809,TUX_ideal__Orai1WT-MDSnap-Fr300_cleaned,Orai1WT-MDSnap-Fr300_cleaned,TUX_ideal,failed,No output from any sub-box,0,0.1,,30,34,10.0,,,,,,,,223,21026,1,32,8000,10,3,NVIDIA A100-SXM4-80GB,
2026-03-24T12:03:46.686223,TYB_ideal__Orai1WT-MDSnap-Fr300_cleaned,Orai1WT-MDSnap-Fr300_cleaned,TYB_ideal,failed,No output from any sub-box,0,0.1,,12,15,2.0,,,,,,,,223,21026,1,32,8000,10,3,NVIDIA A100-SXM4-80GB,
2026-03-24T12:03:46.716741,TYC_ideal__Orai1WT-MDSnap-Fr300_cleaned,Orai1WT-MDSnap-Fr300_cleaned,TYC_ideal,failed,No output from any sub-box,0,0.1,,13,18,2.0,,,,,,,,223,21026,1,32,8000,10,3,NVIDIA A100-SXM4-80GB,
2026-03-24T12:03:46.741967,TYI_ideal__Orai1WT-MDSnap-Fr300_cleaned,Orai1WT-MDSnap-Fr300_cleaned,TYI_ideal,failed,No output from any sub-box,0,0.1,,15,19,3.0,,,,,,,,223,21026,1,32,8000,10,3,NVIDIA A100-SXM4-80GB,
2026-03-24T12:03:46.764031,TYK_ideal__Orai1WT-MDSnap-Fr300_cleaned,Orai1WT-MDSnap-Fr300_cleaned,TYK_ideal,failed,No output from any sub-box,0,0.1,,66,71,15.0,,,,,,,,223,21026,1,32,8000,10,3,NVIDIA A100-SXM4-80GB,
2026-03-24T12:03:46.787894,TYL_ideal__Orai1WT-MDSnap-Fr300_cleaned,Orai1WT-MDSnap-Fr300_cleaned,TYL_ideal,failed,No output from any sub-box,0,0.1,,11,13,1.0,,,,,,,,223,21026,1,32,8000,10,3,NVIDIA A100-SXM4-80GB,
2026-03-24T12:03:46.816687,TYR_ideal__Orai1WT-MDSnap-Fr300_cleaned,Orai1WT-MDSnap-Fr300_cleaned,TYR_ideal,failed,No output from any sub-box,0,0.1,,13,17,3.0,,,,,,,,223,21026,1,32,8000,10,3,NVIDIA A100-SXM4-80GB,
2026-03-24T12:03:46.840182,TYZ_ideal__Orai1WT-MDSnap-Fr300_cleaned,Orai1WT-MDSnap-Fr300_cleaned,TYZ_ideal,failed,No output from any sub-box,0,0.1,,13,15,1.0,,,,,,,,223,21026,1,32,8000,10,3,NVIDIA A100-SXM4-80GB,
2026-03-24T12:03:46.864488,TZ4_ideal__Orai1WT-MDSnap-Fr300_cleaned,Orai1WT-MDSnap-Fr300_cleaned,TZ4_ideal,failed,No output from any sub-box,0,0.1,,50,55,7.0,,,,,,,,223,21026,1,32,8000,10,3,NVIDIA A100-SXM4-80GB,
2026-03-24T12:03:46.887668,TZ5_ideal__Orai1WT-MDSnap-Fr300_cleaned,Orai1WT-MDSnap-Fr300_cleaned,TZ5_ideal,failed,No output from any sub-box,0,0.1,,50,55,7.0,,,,,,,,223,21026,1,32,8000,10,3,NVIDIA A100-SXM4-80GB,
2026-03-24T12:03:46.916396,U04_ideal__Orai1WT-MDSnap-Fr300_cleaned,Orai1WT-MDSnap-Fr300_cleaned,U04_ideal,failed,No output from any sub-box,0,0.1,,33,36,4.0,,,,,,,,223,21026,1,32,8000,10,3,NVIDIA A100-SXM4-80GB,
2026-03-24T12:03:46.939763,U10_ideal__Orai1WT-MDSnap-Fr300_cleaned,Orai1WT-MDSnap-Fr300_cleaned,U10_ideal,failed,No output from any sub-box,0,0.1,,63,63,15.0,,,,,,,,223,21026,1,32,8000,10,3,NVIDIA A100-SXM4-80GB,
2026-03-24T12:03:46.963350,U32_ideal__Orai1WT-MDSnap-Fr300_cleaned,Orai1WT-MDSnap-Fr300_cleaned,U32_ideal,failed,No output from any sub-box,0,0.1,,19,22,2.0,,,,,,,,223,21026,1,32,8000,10,3,NVIDIA A100-SXM4-80GB,
2026-03-24T12:03:46.985578,U55_ideal__Orai1WT-MDSnap-Fr300_cleaned,Orai1WT-MDSnap-Fr300_cleaned,U55_ideal,failed,No output from any sub-box,0,0.1,,18,23,2.0,,,,,,,,223,21026,1,32,8000,10,3,NVIDIA A100-SXM4-80GB,
2026-03-24T12:03:47.016965,UA5_ideal__Orai1WT-MDSnap-Fr300_cleaned,Orai1WT-MDSnap-Fr300_cleaned,UA5_ideal,failed,No output from any sub-box,0,0.1,,13,15,2.0,,,,,,,,223,21026,1,32,8000,10,3,NVIDIA A100-SXM4-80GB,
2026-03-24T12:03:47.040701,UAG_ideal__Orai1WT-MDSnap-Fr300_cleaned,Orai1WT-MDSnap-Fr300_cleaned,UAG_ideal,failed,No output from any sub-box,0,0.1,,58,70,14.0,,,,,,,,223,21026,1,32,8000,10,3,NVIDIA A100-SXM4-80GB,
2026-03-24T12:03:47.069965,UAS_ideal__Orai1WT-MDSnap-Fr300_cleaned,Orai1WT-MDSnap-Fr300_cleaned,UAS_ideal,failed,No output from any sub-box,0,0.1,,17,17,0.0,,,,,,,,223,21026,1,32,8000,10,3,NVIDIA A100-SXM4-80GB,
2026-03-24T12:03:47.093758,UDH_ideal__Orai1WT-MDSnap-Fr300_cleaned,Orai1WT-MDSnap-Fr300_cleaned,UDH_ideal,failed,No output from any sub-box,0,0.1,,32,39,9.0,,,,,,,,223,21026,1,32,8000,10,3,NVIDIA A100-SXM4-80GB,
2026-03-24T12:03:47.120526,UK4_ideal__Orai1WT-MDSnap-Fr300_cleaned,Orai1WT-MDSnap-Fr300_cleaned,UK4_ideal,failed,No output from any sub-box,0,0.1,,41,42,5.0,,,,,,,,223,21026,1,32,8000,10,3,NVIDIA A100-SXM4-80GB,
2026-03-24T12:03:47.144958,UKA_ideal__Orai1WT-MDSnap-Fr300_cleaned,Orai1WT-MDSnap-Fr300_cleaned,UKA_ideal,failed,No output from any sub-box,0,0.1,,57,64,8.0,,,,,,,,223,21026,1,32,8000,10,3,NVIDIA A100-SXM4-80GB,
2026-03-24T12:03:47.167771,ULA_ideal__Orai1WT-MDSnap-Fr300_cleaned,Orai1WT-MDSnap-Fr300_cleaned,ULA_ideal,failed,No output from any sub-box,0,0.1,,65,67,17.0,,,,,,,,223,21026,1,32,8000,10,3,NVIDIA A100-SXM4-80GB,
2026-03-24T12:03:47.189678,UMA_ideal__Orai1WT-MDSnap-Fr300_cleaned,Orai1WT-MDSnap-Fr300_cleaned,UMA_ideal,failed,No output from any sub-box,0,0.1,,49,59,11.0,,,,,,,,223,21026,1,32,8000,10,3,NVIDIA A100-SXM4-80GB,
2026-03-24T12:03:47.217690,UMG_ideal__Orai1WT-MDSnap-Fr300_cleaned,Orai1WT-MDSnap-Fr300_cleaned,UMG_ideal,failed,No output from any sub-box,0,0.1,,55,65,9.0,,,,,,,,223,21026,1,32,8000,10,3,NVIDIA A100-SXM4-80GB,
2026-03-24T12:03:47.241255,UMQ_ideal__Orai1WT-MDSnap-Fr300_cleaned,Orai1WT-MDSnap-Fr300_cleaned,UMQ_ideal,failed,No output from any sub-box,0,0.1,,34,41,11.0,,,,,,,,223,21026,1,32,8000,10,3,NVIDIA A100-SXM4-80GB,
2026-03-24T12:03:47.265451,UN3_ideal__Orai1WT-MDSnap-Fr300_cleaned,Orai1WT-MDSnap-Fr300_cleaned,UN3_ideal,failed,No output from any sub-box,0,0.1,,17,19,2.0,,,,,,,,223,21026,1,32,8000,10,3,NVIDIA A100-SXM4-80GB,
2026-03-24T12:03:47.289020,UP5_ideal__Orai1WT-MDSnap-Fr300_cleaned,Orai1WT-MDSnap-Fr300_cleaned,UP5_ideal,failed,No output from any sub-box,0,0.1,,55,67,13.0,,,,,,,,223,21026,1,32,8000,10,3,NVIDIA A100-SXM4-80GB,
2026-03-24T12:03:47.316858,UQA_ideal__Orai1WT-MDSnap-Fr300_cleaned,Orai1WT-MDSnap-Fr300_cleaned,UQA_ideal,failed,No output from any sub-box,0,0.1,,17,19,1.0,,,,,,,,223,21026,1,32,8000,10,3,NVIDIA A100-SXM4-80GB,
2026-03-24T12:03:47.340340,UR2_ideal__Orai1WT-MDSnap-Fr300_cleaned,Orai1WT-MDSnap-Fr300_cleaned,UR2_ideal,failed,No output from any sub-box,0,0.1,,39,44,10.0,,,,,,,,223,21026,1,32,8000,10,3,NVIDIA A100-SXM4-80GB,
2026-03-24T12:03:47.372639,URE_ideal__Orai1WT-MDSnap-Fr300_cleaned,Orai1WT-MDSnap-Fr300_cleaned,URE_ideal,failed,No output from any sub-box,0,0.1,,4,8,,,,,,,,,223,21026,1,32,8000,10,3,NVIDIA A100-SXM4-80GB,
2026-03-24T12:03:47.395642,URS_ideal__Orai1WT-MDSnap-Fr300_cleaned,Orai1WT-MDSnap-Fr300_cleaned,URS_ideal,failed,No output from any sub-box,0,0.1,,10,13,0.0,,,,,,,,223,21026,1,32,8000,10,3,NVIDIA A100-SXM4-80GB,
2026-03-24T12:03:47.430861,V35_ideal__Orai1WT-MDSnap-Fr300_cleaned,Orai1WT-MDSnap-Fr300_cleaned,V35_ideal,failed,No output from any sub-box,0,0.1,,17,21,3.0,,,,,,,,223,21026,1,32,8000,10,3,NVIDIA A100-SXM4-80GB,
2026-03-24T12:03:47.455693,V36_ideal__Orai1WT-MDSnap-Fr300_cleaned,Orai1WT-MDSnap-Fr300_cleaned,V36_ideal,failed,No output from any sub-box,0,0.1,,17,21,3.0,,,,,,,,223,21026,1,32,8000,10,3,NVIDIA A100-SXM4-80GB,
2026-03-24T12:03:47.480153,V6G_ideal__Orai1WT-MDSnap-Fr300_cleaned,Orai1WT-MDSnap-Fr300_cleaned,V6G_ideal,failed,No output from any sub-box,0,0.1,,65,66,4.0,,,,,,,,223,21026,1,32,8000,10,3,NVIDIA A100-SXM4-80GB,
2026-03-24T12:03:47.516085,VCA_ideal__Orai1WT-MDSnap-Fr300_cleaned,Orai1WT-MDSnap-Fr300_cleaned,VCA_ideal,failed,No output from any sub-box,0,0.1,,20,21,8.0,,,,,,,,223,21026,1,32,8000,10,3,NVIDIA A100-SXM4-80GB,
2026-03-24T12:03:47.538929,VES_ideal__Orai1WT-MDSnap-Fr300_cleaned,Orai1WT-MDSnap-Fr300_cleaned,VES_ideal,failed,No output from any sub-box,0,0.1,,5,6,,,,,,,,,223,21026,1,32,8000,10,3,NVIDIA A100-SXM4-80GB,
2026-03-24T12:03:47.561478,VII_ideal__Orai1WT-MDSnap-Fr300_cleaned,Orai1WT-MDSnap-Fr300_cleaned,VII_ideal,failed,No output from any sub-box,0,0.1,,23,25,3.0,,,,,,,,223,21026,1,32,8000,10,3,NVIDIA A100-SXM4-80GB,
2026-03-24T12:03:47.583535,VIV_ideal__Orai1WT-MDSnap-Fr300_cleaned,Orai1WT-MDSnap-Fr300_cleaned,VIV_ideal,failed,No output from any sub-box,0,0.1,,31,32,6.0,,,,,,,,223,21026,1,32,8000,10,3,NVIDIA A100-SXM4-80GB,
2026-03-24T12:03:47.616169,VL1_ideal__Orai1WT-MDSnap-Fr300_cleaned,Orai1WT-MDSnap-Fr300_cleaned,VL1_ideal,failed,No output from any sub-box,0,0.1,,45,47,3.0,,,,,,,,223,21026,1,32,8000,10,3,NVIDIA A100-SXM4-80GB,
2026-03-24T12:03:47.638479,VS2_ideal__Orai1WT-MDSnap-Fr300_cleaned,Orai1WT-MDSnap-Fr300_cleaned,VS2_ideal,failed,No output from any sub-box,0,0.1,,43,45,8.0,,,,,,,,223,21026,1,32,8000,10,3,NVIDIA A100-SXM4-80GB,
2026-03-24T12:03:47.661764,VSO_ideal__Orai1WT-MDSnap-Fr300_cleaned,Orai1WT-MDSnap-Fr300_cleaned,VSO_ideal,failed,No output from any sub-box,0,0.1,,6,7,1.0,,,,,,,,223,21026,1,32,8000,10,3,NVIDIA A100-SXM4-80GB,
2026-03-24T12:03:47.686785,VTQ_ideal__Orai1WT-MDSnap-Fr300_cleaned,Orai1WT-MDSnap-Fr300_cleaned,VTQ_ideal,failed,No output from any sub-box,0,0.1,,32,33,8.0,,,,,,,,223,21026,1,32,8000,10,3,NVIDIA A100-SXM4-80GB,
2026-03-24T12:03:47.739278,VVM_ideal__Orai1WT-MDSnap-Fr300_cleaned,Orai1WT-MDSnap-Fr300_cleaned,VVM_ideal,failed,No output from any sub-box,0,0.1,,17,20,2.0,,,,,,,,223,21026,1,32,8000,10,3,NVIDIA A100-SXM4-80GB,
2026-03-24T12:03:47.763549,VXI_ideal__Orai1WT-MDSnap-Fr300_cleaned,Orai1WT-MDSnap-Fr300_cleaned,VXI_ideal,failed,No output from any sub-box,0,0.1,,37,37,7.0,,,,,,,,223,21026,1,32,8000,10,3,NVIDIA A100-SXM4-80GB,
2026-03-24T12:03:47.787784,W1P_ideal__Orai1WT-MDSnap-Fr300_cleaned,Orai1WT-MDSnap-Fr300_cleaned,W1P_ideal,failed,No output from any sub-box,0,0.1,,13,13,0.0,,,,,,,,223,21026,1,32,8000,10,3,NVIDIA A100-SXM4-80GB,
2026-03-24T12:03:47.816072,W42_ideal__Orai1WT-MDSnap-Fr300_cleaned,Orai1WT-MDSnap-Fr300_cleaned,W42_ideal,failed,No output from any sub-box,0,0.1,,31,32,7.0,,,,,,,,223,21026,1,32,8000,10,3,NVIDIA A100-SXM4-80GB,
2026-03-24T12:03:47.839597,W43_ideal__Orai1WT-MDSnap-Fr300_cleaned,Orai1WT-MDSnap-Fr300_cleaned,W43_ideal,failed,No output from any sub-box,0,0.1,,27,27,5.0,,,,,,,,223,21026,1,32,8000,10,3,NVIDIA A100-SXM4-80GB,
2026-03-24T12:03:47.862733,W56_ideal__Orai1WT-MDSnap-Fr300_cleaned,Orai1WT-MDSnap-Fr300_cleaned,W56_ideal,failed,No output from any sub-box,0,0.1,,24,24,4.0,,,,,,,,223,21026,1,32,8000,10,3,NVIDIA A100-SXM4-80GB,
2026-03-24T12:03:47.885523,W59_ideal__Orai1WT-MDSnap-Fr300_cleaned,Orai1WT-MDSnap-Fr300_cleaned,W59_ideal,failed,No output from any sub-box,0,0.1,,27,27,5.0,,,,,,,,223,21026,1,32,8000,10,3,NVIDIA A100-SXM4-80GB,
2026-03-24T12:03:47.916201,W71_ideal__Orai1WT-MDSnap-Fr300_cleaned,Orai1WT-MDSnap-Fr300_cleaned,W71_ideal,failed,No output from any sub-box,0,0.1,,25,25,5.0,,,,,,,,223,21026,1,32,8000,10,3,NVIDIA A100-SXM4-80GB,
2026-03-24T12:03:47.940766,W8R_ideal__Orai1WT-MDSnap-Fr300_cleaned,Orai1WT-MDSnap-Fr300_cleaned,W8R_ideal,failed,No output from any sub-box,0,0.1,,26,26,5.0,,,,,,,,223,21026,1,32,8000,10,3,NVIDIA A100-SXM4-80GB,
2026-03-24T12:03:47.963507,WSK_ideal__Orai1WT-MDSnap-Fr300_cleaned,Orai1WT-MDSnap-Fr300_cleaned,WSK_ideal,failed,No output from any sub-box,0,0.1,,22,23,2.0,,,,,,,,223,21026,1,32,8000,10,3,NVIDIA A100-SXM4-80GB,
2026-03-24T12:03:47.986635,WVN_ideal__Orai1WT-MDSnap-Fr300_cleaned,Orai1WT-MDSnap-Fr300_cleaned,WVN_ideal,failed,No output from any sub-box,0,0.1,,40,40,5.0,,,,,,,,223,21026,1,32,8000,10,3,NVIDIA A100-SXM4-80GB,
2026-03-24T12:03:48.017668,WWZ_ideal__Orai1WT-MDSnap-Fr300_cleaned,Orai1WT-MDSnap-Fr300_cleaned,WWZ_ideal,failed,No output from any sub-box,0,0.1,,21,25,2.0,,,,,,,,223,21026,1,32,8000,10,3,NVIDIA A100-SXM4-80GB,
2026-03-24T12:03:48.040402,WYB_ideal__Orai1WT-MDSnap-Fr300_cleaned,Orai1WT-MDSnap-Fr300_cleaned,WYB_ideal,failed,No output from any sub-box,0,0.1,,21,25,3.0,,,,,,,,223,21026,1,32,8000,10,3,NVIDIA A100-SXM4-80GB,
2026-03-24T12:03:48.063018,X2N_ideal__Orai1WT-MDSnap-Fr300_cleaned,Orai1WT-MDSnap-Fr300_cleaned,X2N_ideal,failed,No output from any sub-box,0,0.1,,51,52,6.0,,,,,,,,223,21026,1,32,8000,10,3,NVIDIA A100-SXM4-80GB,
2026-03-24T12:03:48.086492,X4U_ideal__Orai1WT-MDSnap-Fr300_cleaned,Orai1WT-MDSnap-Fr300_cleaned,X4U_ideal,failed,No output from any sub-box,0,0.1,,33,36,6.0,,,,,,,,223,21026,1,32,8000,10,3,NVIDIA A100-SXM4-80GB,
2026-03-24T12:03:48.115939,XAT_ideal__Orai1WT-MDSnap-Fr300_cleaned,Orai1WT-MDSnap-Fr300_cleaned,XAT_ideal,failed,No output from any sub-box,0,0.1,,44,46,6.0,,,,,,,,223,21026,1,32,8000,10,3,NVIDIA A100-SXM4-80GB,
2026-03-24T12:03:48.140092,XB2_ideal__Orai1WT-MDSnap-Fr300_cleaned,Orai1WT-MDSnap-Fr300_cleaned,XB2_ideal,failed,No output from any sub-box,0,0.1,,20,22,2.0,,,,,,,,223,21026,1,32,8000,10,3,NVIDIA A100-SXM4-80GB,
2026-03-24T12:03:48.164469,XB7_ideal__Orai1WT-MDSnap-Fr300_cleaned,Orai1WT-MDSnap-Fr300_cleaned,XB7_ideal,failed,No output from any sub-box,0,0.1,,34,35,4.0,,,,,,,,223,21026,1,32,8000,10,3,NVIDIA A100-SXM4-80GB,
2026-03-24T12:03:48.189666,XC9_ideal__Orai1WT-MDSnap-Fr300_cleaned,Orai1WT-MDSnap-Fr300_cleaned,XC9_ideal,failed,No output from any sub-box,0,0.1,,34,44,4.0,,,,,,,,223,21026,1,32,8000,10,3,NVIDIA A100-SXM4-80GB,
2026-03-24T12:03:48.216280,XIN_ideal__Orai1WT-MDSnap-Fr300_cleaned,Orai1WT-MDSnap-Fr300_cleaned,XIN_ideal,failed,No output from any sub-box,0,0.1,,40,42,4.0,,,,,,,,223,21026,1,32,8000,10,3,NVIDIA A100-SXM4-80GB,
2026-03-24T12:03:48.240563,XMJ_ideal__Orai1WT-MDSnap-Fr300_cleaned,Orai1WT-MDSnap-Fr300_cleaned,XMJ_ideal,failed,No output from any sub-box,0,0.1,,32,32,3.0,,,,,,,,223,21026,1,32,8000,10,3,NVIDIA A100-SXM4-80GB,
2026-03-24T12:03:48.263671,XNH_ideal__Orai1WT-MDSnap-Fr300_cleaned,Orai1WT-MDSnap-Fr300_cleaned,XNH_ideal,failed,No output from any sub-box,0,0.1,,35,35,3.0,,,,,,,,223,21026,1,32,8000,10,3,NVIDIA A100-SXM4-80GB,
2026-03-24T12:03:48.290837,XP1_ideal__Orai1WT-MDSnap-Fr300_cleaned,Orai1WT-MDSnap-Fr300_cleaned,XP1_ideal,failed,No output from any sub-box,0,0.1,,12,13,1.0,,,,,,,,223,21026,1,32,8000,10,3,NVIDIA A100-SXM4-80GB,
2026-03-24T12:03:48.317588,XPG_ideal__Orai1WT-MDSnap-Fr300_cleaned,Orai1WT-MDSnap-Fr300_cleaned,XPG_ideal,failed,No output from any sub-box,0,0.1,,25,28,8.0,,,,,,,,223,21026,1,32,8000,10,3,NVIDIA A100-SXM4-80GB,
2026-03-24T12:03:48.340834,XQZ_ideal__Orai1WT-MDSnap-Fr300_cleaned,Orai1WT-MDSnap-Fr300_cleaned,XQZ_ideal,failed,No output from any sub-box,0,0.1,,6,8,1.0,,,,,,,,223,21026,1,32,8000,10,3,NVIDIA A100-SXM4-80GB,
2026-03-24T12:03:48.365100,XR1_ideal__Orai1WT-MDSnap-Fr300_cleaned,Orai1WT-MDSnap-Fr300_cleaned,XR1_ideal,failed,No output from any sub-box,0,0.1,,39,40,3.0,,,,,,,,223,21026,1,32,8000,10,3,NVIDIA A100-SXM4-80GB,
2026-03-24T12:03:48.388752,XZ5_ideal__Orai1WT-MDSnap-Fr300_cleaned,Orai1WT-MDSnap-Fr300_cleaned,XZ5_ideal,failed,No output from any sub-box,0,0.1,,5,5,,,,,,,,,223,21026,1,32,8000,10,3,NVIDIA A100-SXM4-80GB,
2026-03-24T12:03:48.416139,Y9J_ideal__Orai1WT-MDSnap-Fr300_cleaned,Orai1WT-MDSnap-Fr300_cleaned,Y9J_ideal,failed,No output from any sub-box,0,0.1,,28,31,6.0,,,,,,,,223,21026,1,32,8000,10,3,NVIDIA A100-SXM4-80GB,
2026-03-24T12:03:48.441465,YAN_ideal__Orai1WT-MDSnap-Fr300_cleaned,Orai1WT-MDSnap-Fr300_cleaned,YAN_ideal,failed,No output from any sub-box,0,0.1,,8,8,,,,,,,,,223,21026,1,32,8000,10,3,NVIDIA A100-SXM4-80GB,
2026-03-24T12:03:48.465022,YG7_ideal__Orai1WT-MDSnap-Fr300_cleaned,Orai1WT-MDSnap-Fr300_cleaned,YG7_ideal,failed,No output from any sub-box,0,0.1,,33,36,3.0,,,,,,,,223,21026,1,32,8000,10,3,NVIDIA A100-SXM4-80GB,
2026-03-24T12:03:48.488473,YHR_ideal__Orai1WT-MDSnap-Fr300_cleaned,Orai1WT-MDSnap-Fr300_cleaned,YHR_ideal,failed,No output from any sub-box,0,0.1,,44,45,5.0,,,,,,,,223,21026,1,32,8000,10,3,NVIDIA A100-SXM4-80GB,
2026-03-24T12:03:48.518091,YIS_ideal__Orai1WT-MDSnap-Fr300_cleaned,Orai1WT-MDSnap-Fr300_cleaned,YIS_ideal,failed,No output from any sub-box,0,0.1,,48,52,6.0,,,,,,,,223,21026,1,32,8000,10,3,NVIDIA A100-SXM4-80GB,
2026-03-24T12:03:48.541363,YKQ_ideal__Orai1WT-MDSnap-Fr300_cleaned,Orai1WT-MDSnap-Fr300_cleaned,YKQ_ideal,failed,No output from any sub-box,0,0.1,,36,39,3.0,,,,,,,,223,21026,1,32,8000,10,3,NVIDIA A100-SXM4-80GB,
2026-03-24T12:03:48.565755,YMA_ideal__Orai1WT-MDSnap-Fr300_cleaned,Orai1WT-MDSnap-Fr300_cleaned,YMA_ideal,failed,No output from any sub-box,0,0.1,,33,40,12.0,,,,,,,,223,21026,1,32,8000,10,3,NVIDIA A100-SXM4-80GB,
2026-03-24T12:03:48.590516,YPQ_ideal__Orai1WT-MDSnap-Fr300_cleaned,Orai1WT-MDSnap-Fr300_cleaned,YPQ_ideal,failed,No output from any sub-box,0,0.1,,22,22,2.0,,,,,,,,223,21026,1,32,8000,10,3,NVIDIA A100-SXM4-80GB,
2026-03-24T12:03:48.616090,YRL_ideal__Orai1WT-MDSnap-Fr300_cleaned,Orai1WT-MDSnap-Fr300_cleaned,YRL_ideal,failed,No output from any sub-box,0,0.1,,10,12,2.0,,,,,,,,223,21026,1,32,8000,10,3,NVIDIA A100-SXM4-80GB,
2026-03-24T12:03:48.640084,YTT_ideal__Orai1WT-MDSnap-Fr300_cleaned,Orai1WT-MDSnap-Fr300_cleaned,YTT_ideal,failed,No output from any sub-box,0,0.1,,24,28,3.0,,,,,,,,223,21026,1,32,8000,10,3,NVIDIA A100-SXM4-80GB,
2026-03-24T12:03:48.662586,YTZ_ideal__Orai1WT-MDSnap-Fr300_cleaned,Orai1WT-MDSnap-Fr300_cleaned,YTZ_ideal,failed,No output from any sub-box,0,0.1,,16,19,2.0,,,,,,,,223,21026,1,32,8000,10,3,NVIDIA A100-SXM4-80GB,
2026-03-24T12:03:48.685179,Z6V_ideal__Orai1WT-MDSnap-Fr300_cleaned,Orai1WT-MDSnap-Fr300_cleaned,Z6V_ideal,failed,No output from any sub-box,0,0.1,,32,33,3.0,,,,,,,,223,21026,1,32,8000,10,3,NVIDIA A100-SXM4-80GB,
2026-03-24T12:03:48.716258,Z90_ideal__Orai1WT-MDSnap-Fr300_cleaned,Orai1WT-MDSnap-Fr300_cleaned,Z90_ideal,failed,No output from any sub-box,0,0.1,,42,44,9.0,,,,,,,,223,21026,1,32,8000,10,3,NVIDIA A100-SXM4-80GB,
2026-03-24T12:03:48.740248,ZHZ_ideal__Orai1WT-MDSnap-Fr300_cleaned,Orai1WT-MDSnap-Fr300_cleaned,ZHZ_ideal,failed,No output from any sub-box,0,0.1,,12,14,1.0,,,,,,,,223,21026,1,32,8000,10,3,NVIDIA A100-SXM4-80GB,
2026-03-24T12:03:48.763729,ZIY_ideal__Orai1WT-MDSnap-Fr300_cleaned,Orai1WT-MDSnap-Fr300_cleaned,ZIY_ideal,failed,No output from any sub-box,0,0.1,,81,85,18.0,,,,,,,,223,21026,1,32,8000,10,3,NVIDIA A100-SXM4-80GB,
2026-03-24T12:03:48.785284,ZOL_ideal__Orai1WT-MDSnap-Fr300_cleaned,Orai1WT-MDSnap-Fr300_cleaned,ZOL_ideal,failed,No output from any sub-box,0,0.1,,16,21,4.0,,,,,,,,223,21026,1,32,8000,10,3,NVIDIA A100-SXM4-80GB,
2026-03-24T12:03:48.817645,ZYS_ideal__Orai1WT-MDSnap-Fr300_cleaned,Orai1WT-MDSnap-Fr300_cleaned,ZYS_ideal,failed,No output from any sub-box,0,0.1,,19,22,2.0,,,,,,,,223,21026,1,32,8000,10,3,NVIDIA A100-SXM4-80GB,
2026-03-24T12:03:48.840578,ZYX_ideal__Orai1WT-MDSnap-Fr300_cleaned,Orai1WT-MDSnap-Fr300_cleaned,ZYX_ideal,failed,No output from any sub-box,0,0.1,,13,17,2.0,,,,,,,,223,21026,1,32,8000,10,3,NVIDIA A100-SXM4-80GB,
2026-03-24T12:54:38.783900,007_ideal__Orai1WT-MDSnap-Fr400_cleaned,Orai1WT-MDSnap-Fr400_cleaned,007_ideal,failed,No output from any sub-box,0,0.1,,13,15,1.0,,,,,,,,223,21026,1,32,8000,10,3,NVIDIA A100-SXM4-80GB,
2026-03-24T12:54:38.816194,010_ideal__Orai1WT-MDSnap-Fr400_cleaned,Orai1WT-MDSnap-Fr400_cleaned,010_ideal,failed,No output from any sub-box,0,0.1,,8,9,1.0,,,,,,,,223,21026,1,32,8000,10,3,NVIDIA A100-SXM4-80GB,
2026-03-24T12:54:38.853425,05J_ideal__Orai1WT-MDSnap-Fr400_cleaned,Orai1WT-MDSnap-Fr400_cleaned,05J_ideal,failed,No output from any sub-box,0,0.1,,39,41,4.0,,,,,,,,223,21026,1,32,8000,10,3,NVIDIA A100-SXM4-80GB,
2026-03-24T12:54:38.874573,07J_ideal__Orai1WT-MDSnap-Fr400_cleaned,Orai1WT-MDSnap-Fr400_cleaned,07J_ideal,failed,No output from any sub-box,0,0.1,,38,40,4.0,,,,,,,,223,21026,1,32,8000,10,3,NVIDIA A100-SXM4-80GB,
2026-03-24T12:54:38.897487,08D_ideal__Orai1WT-MDSnap-Fr400_cleaned,Orai1WT-MDSnap-Fr400_cleaned,08D_ideal,failed,No output from any sub-box,0,0.1,,17,20,2.0,,,,,,,,223,21026,1,32,8000,10,3,NVIDIA A100-SXM4-80GB,
2026-03-24T12:54:38.936062,0A9_ideal__Orai1WT-MDSnap-Fr400_cleaned,Orai1WT-MDSnap-Fr400_cleaned,0A9_ideal,failed,No output from any sub-box,0,0.1,,13,15,2.0,,,,,,,,223,21026,1,32,8000,10,3,NVIDIA A100-SXM4-80GB,
2026-03-24T12:54:38.958626,0LI_ideal__Orai1WT-MDSnap-Fr400_cleaned,Orai1WT-MDSnap-Fr400_cleaned,0LI_ideal,failed,No output from any sub-box,0,0.1,,39,40,3.0,,,,,,,,223,21026,1,32,8000,10,3,NVIDIA A100-SXM4-80GB,
2026-03-24T12:54:38.979955,10A_ideal__Orai1WT-MDSnap-Fr400_cleaned,Orai1WT-MDSnap-Fr400_cleaned,10A_ideal,failed,No output from any sub-box,0,0.1,,23,23,9.0,,,,,,,,223,21026,1,32,8000,10,3,NVIDIA A100-SXM4-80GB,
2026-03-24T12:54:38.994295,11U_ideal__Orai1WT-MDSnap-Fr400_cleaned,Orai1WT-MDSnap-Fr400_cleaned,11U_ideal,failed,No output from any sub-box,0,0.1,,28,33,4.0,,,,,,,,223,21026,1,32,8000,10,3,NVIDIA A100-SXM4-80GB,
2026-03-24T12:54:39.017570,128_ideal__Orai1WT-MDSnap-Fr400_cleaned,Orai1WT-MDSnap-Fr400_cleaned,128_ideal,failed,No output from any sub-box,0,0.1,,46,53,8.0,,,,,,,,223,21026,1,32,8000,10,3,NVIDIA A100-SXM4-80GB,
2026-03-24T12:54:39.034601,138_ideal__Orai1WT-MDSnap-Fr400_cleaned,Orai1WT-MDSnap-Fr400_cleaned,138_ideal,failed,No output from any sub-box,0,0.1,,52,65,13.0,,,,,,,,223,21026,1,32,8000,10,3,NVIDIA A100-SXM4-80GB,
2026-03-24T12:54:39.048947,13X_ideal__Orai1WT-MDSnap-Fr400_cleaned,Orai1WT-MDSnap-Fr400_cleaned,13X_ideal,failed,No output from any sub-box,0,0.1,,9,12,1.0,,,,,,,,223,21026,1,32,8000,10,3,NVIDIA A100-SXM4-80GB,
2026-03-24T12:54:39.064223,140_ideal__Orai1WT-MDSnap-Fr400_cleaned,Orai1WT-MDSnap-Fr400_cleaned,140_ideal,failed,No output from any sub-box,0,0.1,,22,24,8.0,,,,,,,,223,21026,1,32,8000,10,3,NVIDIA A100-SXM4-80GB,
2026-03-24T12:54:39.079005,144_ideal__Orai1WT-MDSnap-Fr400_cleaned,Orai1WT-MDSnap-Fr400_cleaned,144_ideal,failed,No output from any sub-box,0,0.1,,8,11,3.0,,,,,,,,223,21026,1,32,8000,10,3,NVIDIA A100-SXM4-80GB,
2026-03-24T12:54:39.096559,146_ideal__Orai1WT-MDSnap-Fr400_cleaned,Orai1WT-MDSnap-Fr400_cleaned,146_ideal,failed,No output from any sub-box,0,0.1,,64,70,10.0,,,,,,,,223,21026,1,32,8000,10,3,NVIDIA A100-SXM4-80GB,
2026-03-24T12:54:39.125363,150_ideal__Orai1WT-MDSnap-Fr400_cleaned,Orai1WT-MDSnap-Fr400_cleaned,150_ideal,failed,No output from any sub-box,0,0.1,,10,14,1.0,,,,,,,,223,21026,1,32,8000,10,3,NVIDIA A100-SXM4-80GB,
2026-03-24T12:54:39.142356,152_ideal__Orai1WT-MDSnap-Fr400_cleaned,Orai1WT-MDSnap-Fr400_cleaned,152_ideal,failed,No output from any sub-box,0,0.1,,11,13,3.0,,,,,,,,223,21026,1,32,8000,10,3,NVIDIA A100-SXM4-80GB,
2026-03-24T12:54:39.159361,169_ideal__Orai1WT-MDSnap-Fr400_cleaned,Orai1WT-MDSnap-Fr400_cleaned,169_ideal,failed,No output from any sub-box,0,0.1,,30,37,5.0,,,,,,,,223,21026,1,32,8000,10,3,NVIDIA A100-SXM4-80GB,
2026-03-24T12:54:39.176175,16A_ideal__Orai1WT-MDSnap-Fr400_cleaned,Orai1WT-MDSnap-Fr400_cleaned,16A_ideal,failed,No output from any sub-box,0,0.1,,20,20,7.0,,,,,,,,223,21026,1,32,8000,10,3,NVIDIA A100-SXM4-80GB,
2026-03-24T12:54:39.192499,171_ideal__Orai1WT-MDSnap-Fr400_cleaned,Orai1WT-MDSnap-Fr400_cleaned,171_ideal,failed,No output from any sub-box,0,0.1,,13,15,2.0,,,,,,,,223,21026,1,32,8000,10,3,NVIDIA A100-SXM4-80GB,
2026-03-24T12:54:39.216669,173_ideal__Orai1WT-MDSnap-Fr400_cleaned,Orai1WT-MDSnap-Fr400_cleaned,173_ideal,failed,No output from any sub-box,0,0.1,,11,12,1.0,,,,,,,,223,21026,1,32,8000,10,3,NVIDIA A100-SXM4-80GB,
2026-03-24T12:54:39.234538,174_ideal__Orai1WT-MDSnap-Fr400_cleaned,Orai1WT-MDSnap-Fr400_cleaned,174_ideal,failed,No output from any sub-box,0,0.1,,10,11,1.0,,,,,,,,223,21026,1,32,8000,10,3,NVIDIA A100-SXM4-80GB,
2026-03-24T12:54:39.251643,178_ideal__Orai1WT-MDSnap-Fr400_cleaned,Orai1WT-MDSnap-Fr400_cleaned,178_ideal,failed,No output from any sub-box,0,0.1,,21,23,3.0,,,,,,,,223,21026,1,32,8000,10,3,NVIDIA A100-SXM4-80GB,
2026-03-24T12:54:39.268436,17F_ideal__Orai1WT-MDSnap-Fr400_cleaned,Orai1WT-MDSnap-Fr400_cleaned,17F_ideal,failed,No output from any sub-box,0,0.1,,54,58,22.0,,,,,,,,223,21026,1,32,8000,10,3,NVIDIA A100-SXM4-80GB,
2026-03-24T12:54:39.284766,1AL_ideal__Orai1WT-MDSnap-Fr400_cleaned,Orai1WT-MDSnap-Fr400_cleaned,1AL_ideal,failed,No output from any sub-box,0,0.1,,12,18,1.0,,,,,,,,223,21026,1,32,8000,10,3,NVIDIA A100-SXM4-80GB,
2026-03-24T12:54:39.300487,1BN_ideal__Orai1WT-MDSnap-Fr400_cleaned,Orai1WT-MDSnap-Fr400_cleaned,1BN_ideal,failed,No output from any sub-box,0,0.1,,12,12,1.0,,,,,,,,223,21026,1,32,8000,10,3,NVIDIA A100-SXM4-80GB,
2026-03-24T12:54:39.656496,1CM_ideal__Orai1WT-MDSnap-Fr400_cleaned,Orai1WT-MDSnap-Fr400_cleaned,1CM_ideal,failed,No output from any sub-box,0,0.1,,18,19,2.0,,,,,,,,223,21026,1,32,8000,10,3,NVIDIA A100-SXM4-80GB,
2026-03-24T12:54:39.691514,1CY_ideal__Orai1WT-MDSnap-Fr400_cleaned,Orai1WT-MDSnap-Fr400_cleaned,1CY_ideal,failed,No output from any sub-box,0,0.1,,17,21,0.0,,,,,,,,223,21026,1,32,8000,10,3,NVIDIA A100-SXM4-80GB,
2026-03-24T12:54:39.719074,1JY_ideal__Orai1WT-MDSnap-Fr400_cleaned,Orai1WT-MDSnap-Fr400_cleaned,1JY_ideal,failed,No output from any sub-box,0,0.1,,47,54,9.0,,,,,,,,223,21026,1,32,8000,10,3,NVIDIA A100-SXM4-80GB,
2026-03-24T12:54:39.748253,1K5_ideal__Orai1WT-MDSnap-Fr400_cleaned,Orai1WT-MDSnap-Fr400_cleaned,1K5_ideal,failed,No output from any sub-box,0,0.1,,19,20,1.0,,,,,,,,223,21026,1,32,8000,10,3,NVIDIA A100-SXM4-80GB,
2026-03-24T12:54:39.771057,1L3_ideal__Orai1WT-MDSnap-Fr400_cleaned,Orai1WT-MDSnap-Fr400_cleaned,1L3_ideal,failed,No output from any sub-box,0,0.1,,33,33,5.0,,,,,,,,223,21026,1,32,8000,10,3,NVIDIA A100-SXM4-80GB,
2026-03-24T12:54:39.793681,1N1_ideal__Orai1WT-MDSnap-Fr400_cleaned,Orai1WT-MDSnap-Fr400_cleaned,1N1_ideal,failed,No output from any sub-box,0,0.1,,33,36,4.0,,,,,,,,223,21026,1,32,8000,10,3,NVIDIA A100-SXM4-80GB,
2026-03-24T12:54:39.817600,1OH_ideal__Orai1WT-MDSnap-Fr400_cleaned,Orai1WT-MDSnap-Fr400_cleaned,1OH_ideal,failed,No output from any sub-box,0,0.1,,16,17,1.0,,,,,,,,223,21026,1,32,8000,10,3,NVIDIA A100-SXM4-80GB,
2026-03-24T12:54:39.839879,1PC_ideal__Orai1WT-MDSnap-Fr400_cleaned,Orai1WT-MDSnap-Fr400_cleaned,1PC_ideal,failed,No output from any sub-box,0,0.1,,18,18,1.0,,,,,,,,223,21026,1,32,8000,10,3,NVIDIA A100-SXM4-80GB,
2026-03-24T12:54:39.865186,1VU_ideal__Orai1WT-MDSnap-Fr400_cleaned,Orai1WT-MDSnap-Fr400_cleaned,1VU_ideal,failed,No output from any sub-box,0,0.1,,52,62,14.0,,,,,,,,223,21026,1,32,8000,10,3,NVIDIA A100-SXM4-80GB,
2026-03-24T12:54:39.888941,1WE_ideal__Orai1WT-MDSnap-Fr400_cleaned,Orai1WT-MDSnap-Fr400_cleaned,1WE_ideal,failed,No output from any sub-box,0,0.1,,10,12,1.0,,,,,,,,223,21026,1,32,8000,10,3,NVIDIA A100-SXM4-80GB,
2026-03-24T12:54:39.916677,1XJ_ideal__Orai1WT-MDSnap-Fr400_cleaned,Orai1WT-MDSnap-Fr400_cleaned,1XJ_ideal,failed,No output from any sub-box,0,0.1,,65,67,8.0,,,,,,,,223,21026,1,32,8000,10,3,NVIDIA A100-SXM4-80GB,
2026-03-24T12:54:39.940249,201_ideal__Orai1WT-MDSnap-Fr400_cleaned,Orai1WT-MDSnap-Fr400_cleaned,201_ideal,failed,No output from any sub-box,0,0.1,,24,27,2.0,,,,,,,,223,21026,1,32,8000,10,3,NVIDIA A100-SXM4-80GB,
2026-03-24T12:54:39.964335,205_ideal__Orai1WT-MDSnap-Fr400_cleaned,Orai1WT-MDSnap-Fr400_cleaned,205_ideal,failed,No output from any sub-box,0,0.1,,20,21,1.0,,,,,,,,223,21026,1,32,8000,10,3,NVIDIA A100-SXM4-80GB,
2026-03-24T12:54:39.987455,210_ideal__Orai1WT-MDSnap-Fr400_cleaned,Orai1WT-MDSnap-Fr400_cleaned,210_ideal,failed,No output from any sub-box,0,0.1,,13,20,5.0,,,,,,,,223,21026,1,32,8000,10,3,NVIDIA A100-SXM4-80GB,
2026-03-24T12:54:40.017547,21B_ideal__Orai1WT-MDSnap-Fr400_cleaned,Orai1WT-MDSnap-Fr400_cleaned,21B_ideal,failed,No output from any sub-box,0,0.1,,22,23,3.0,,,,,,,,223,21026,1,32,8000,10,3,NVIDIA A100-SXM4-80GB,
2026-03-24T12:54:40.041868,21V_ideal__Orai1WT-MDSnap-Fr400_cleaned,Orai1WT-MDSnap-Fr400_cleaned,21V_ideal,failed,No output from any sub-box,0,0.1,,32,39,6.0,,,,,,,,223,21026,1,32,8000,10,3,NVIDIA A100-SXM4-80GB,
2026-03-24T12:54:40.065028,221_ideal__Orai1WT-MDSnap-Fr400_cleaned,Orai1WT-MDSnap-Fr400_cleaned,221_ideal,failed,No output from any sub-box,0,0.1,,23,27,3.0,,,,,,,,223,21026,1,32,8000,10,3,NVIDIA A100-SXM4-80GB,
2026-03-24T12:54:40.090361,22F_ideal__Orai1WT-MDSnap-Fr400_cleaned,Orai1WT-MDSnap-Fr400_cleaned,22F_ideal,failed,No output from any sub-box,0,0.1,,15,15,1.0,,,,,,,,223,21026,1,32,8000,10,3,NVIDIA A100-SXM4-80GB,
2026-03-24T12:54:40.116926,231_ideal__Orai1WT-MDSnap-Fr400_cleaned,Orai1WT-MDSnap-Fr400_cleaned,231_ideal,failed,No output from any sub-box,0,0.1,,11,12,0.0,,,,,,,,223,21026,1,32,8000,10,3,NVIDIA A100-SXM4-80GB,
2026-03-24T12:54:40.139137,23F_ideal__Orai1WT-MDSnap-Fr400_cleaned,Orai1WT-MDSnap-Fr400_cleaned,23F_ideal,failed,No output from any sub-box,0,0.1,,12,15,2.0,,,,,,,,223,21026,1,32,8000,10,3,NVIDIA A100-SXM4-80GB,
2026-03-24T12:54:40.161357,243_ideal__Orai1WT-MDSnap-Fr400_cleaned,Orai1WT-MDSnap-Fr400_cleaned,243_ideal,failed,No output from any sub-box,0,0.1,,21,23,8.0,,,,,,,,223,21026,1,32,8000,10,3,NVIDIA A100-SXM4-80GB,
2026-03-24T12:54:40.184888,251_ideal__Orai1WT-MDSnap-Fr400_cleaned,Orai1WT-MDSnap-Fr400_cleaned,251_ideal,failed,No output from any sub-box,0,0.1,,24,28,2.0,,,,,,,,223,21026,1,32,8000,10,3,NVIDIA A100-SXM4-80GB,
2026-03-24T12:54:40.216440,256_ideal__Orai1WT-MDSnap-Fr400_cleaned,Orai1WT-MDSnap-Fr400_cleaned,256_ideal,failed,No output from any sub-box,0,0.1,,14,16,2.0,,,,,,,,223,21026,1,32,8000,10,3,NVIDIA A100-SXM4-80GB,
2026-03-24T12:54:40.240014,268_ideal__Orai1WT-MDSnap-Fr400_cleaned,Orai1WT-MDSnap-Fr400_cleaned,268_ideal,failed,No output from any sub-box,0,0.1,,10,11,2.0,,,,,,,,223,21026,1,32,8000,10,3,NVIDIA A100-SXM4-80GB,
2026-03-24T12:54:40.263288,269_ideal__Orai1WT-MDSnap-Fr400_cleaned,Orai1WT-MDSnap-Fr400_cleaned,269_ideal,failed,No output from any sub-box,0,0.1,,11,12,2.0,,,,,,,,223,21026,1,32,8000,10,3,NVIDIA A100-SXM4-80GB,
2026-03-24T12:54:40.320381,26C_ideal__Orai1WT-MDSnap-Fr400_cleaned,Orai1WT-MDSnap-Fr400_cleaned,26C_ideal,failed,No output from any sub-box,0,0.1,,17,18,1.0,,,,,,,,223,21026,1,32,8000,10,3,NVIDIA A100-SXM4-80GB,
2026-03-24T12:54:40.344759,270_ideal__Orai1WT-MDSnap-Fr400_cleaned,Orai1WT-MDSnap-Fr400_cleaned,270_ideal,failed,No output from any sub-box,0,0.1,,10,12,0.0,,,,,,,,223,21026,1,32,8000,10,3,NVIDIA A100-SXM4-80GB,
2026-03-24T12:54:40.367414,276_ideal__Orai1WT-MDSnap-Fr400_cleaned,Orai1WT-MDSnap-Fr400_cleaned,276_ideal,failed,No output from any sub-box,0,0.1,,32,35,3.0,,,,,,,,223,21026,1,32,8000,10,3,NVIDIA A100-SXM4-80GB,
2026-03-24T12:54:40.390110,27U_ideal__Orai1WT-MDSnap-Fr400_cleaned,Orai1WT-MDSnap-Fr400_cleaned,27U_ideal,failed,No output from any sub-box,0,0.1,,28,32,4.0,,,,,,,,223,21026,1,32,8000,10,3,NVIDIA A100-SXM4-80GB,
2026-03-24T12:54:40.416433,283_ideal__Orai1WT-MDSnap-Fr400_cleaned,Orai1WT-MDSnap-Fr400_cleaned,283_ideal,failed,No output from any sub-box,0,0.1,,20,21,3.0,,,,,,,,223,21026,1,32,8000,10,3,NVIDIA A100-SXM4-80GB,
2026-03-24T12:54:40.438858,299_ideal__Orai1WT-MDSnap-Fr400_cleaned,Orai1WT-MDSnap-Fr400_cleaned,299_ideal,failed,No output from any sub-box,0,0.1,,16,18,3.0,,,,,,,,223,21026,1,32,8000,10,3,NVIDIA A100-SXM4-80GB,
2026-03-24T12:54:40.460508,2C7_ideal__Orai1WT-MDSnap-Fr400_cleaned,Orai1WT-MDSnap-Fr400_cleaned,2C7_ideal,failed,No output from any sub-box,0,0.1,,26,28,5.0,,,,,,,,223,21026,1,32,8000,10,3,NVIDIA A100-SXM4-80GB,
2026-03-24T12:54:40.481350,2CP_ideal__Orai1WT-MDSnap-Fr400_cleaned,Orai1WT-MDSnap-Fr400_cleaned,2CP_ideal,failed,No output from any sub-box,0,0.1,,54,65,15.0,,,,,,,,223,21026,1,32,8000,10,3,NVIDIA A100-SXM4-80GB,
2026-03-24T12:54:40.515353,2ED_ideal__Orai1WT-MDSnap-Fr400_cleaned,Orai1WT-MDSnap-Fr400_cleaned,2ED_ideal,failed,No output from any sub-box,0,0.1,,24,27,9.0,,,,,,,,223,21026,1,32,8000,10,3,NVIDIA A100-SXM4-80GB,
2026-03-24T12:54:40.539870,2H3_ideal__Orai1WT-MDSnap-Fr400_cleaned,Orai1WT-MDSnap-Fr400_cleaned,2H3_ideal,failed,No output from any sub-box,0,0.1,,12,18,3.0,,,,,,,,223,21026,1,32,8000,10,3,NVIDIA A100-SXM4-80GB,
2026-03-24T12:54:40.564176,2HA_ideal__Orai1WT-MDSnap-Fr400_cleaned,Orai1WT-MDSnap-Fr400_cleaned,2HA_ideal,failed,No output from any sub-box,0,0.1,,6,8,2.0,,,,,,,,223,21026,1,32,8000,10,3,NVIDIA A100-SXM4-80GB,
2026-03-24T12:54:40.581241,2HP_ideal__Orai1WT-MDSnap-Fr400_cleaned,Orai1WT-MDSnap-Fr400_cleaned,2HP_ideal,failed,No output from any sub-box,0,0.1,,5,7,1.0,,,,,,,,223,21026,1,32,8000,10,3,NVIDIA A100-SXM4-80GB,
2026-03-24T12:54:40.596157,2I4_ideal__Orai1WT-MDSnap-Fr400_cleaned,Orai1WT-MDSnap-Fr400_cleaned,2I4_ideal,failed,No output from any sub-box,0,0.1,,42,44,4.0,,,,,,,,223,21026,1,32,8000,10,3,NVIDIA A100-SXM4-80GB,
2026-03-24T12:54:40.627314,2MC_ideal__Orai1WT-MDSnap-Fr400_cleaned,Orai1WT-MDSnap-Fr400_cleaned,2MC_ideal,failed,No output from any sub-box,0,0.1,,53,63,14.0,,,,,,,,223,21026,1,32,8000,10,3,NVIDIA A100-SXM4-80GB,
2026-03-24T12:54:40.648519,2OH_ideal__Orai1WT-MDSnap-Fr400_cleaned,Orai1WT-MDSnap-Fr400_cleaned,2OH_ideal,failed,No output from any sub-box,0,0.1,,17,19,2.0,,,,,,,,223,21026,1,32,8000,10,3,NVIDIA A100-SXM4-80GB,
2026-03-24T12:54:40.667887,2RD_ideal__Orai1WT-MDSnap-Fr400_cleaned,Orai1WT-MDSnap-Fr400_cleaned,2RD_ideal,failed,No output from any sub-box,0,0.1,,21,23,7.0,,,,,,,,223,21026,1,32,8000,10,3,NVIDIA A100-SXM4-80GB,
2026-03-24T12:54:40.691984,2S8_ideal__Orai1WT-MDSnap-Fr400_cleaned,Orai1WT-MDSnap-Fr400_cleaned,2S8_ideal,failed,No output from any sub-box,0,0.1,,27,30,6.0,,,,,,,,223,21026,1,32,8000,10,3,NVIDIA A100-SXM4-80GB,
2026-03-24T12:54:40.718230,2TA_ideal__Orai1WT-MDSnap-Fr400_cleaned,Orai1WT-MDSnap-Fr400_cleaned,2TA_ideal,failed,No output from any sub-box,0,0.1,,37,40,5.0,,,,,,,,223,21026,1,32,8000,10,3,NVIDIA A100-SXM4-80GB,
2026-03-24T12:54:40.742295,2YB_ideal__Orai1WT-MDSnap-Fr400_cleaned,Orai1WT-MDSnap-Fr400_cleaned,2YB_ideal,failed,No output from any sub-box,0,0.1,,37,38,6.0,,,,,,,,223,21026,1,32,8000,10,3,NVIDIA A100-SXM4-80GB,
2026-03-24T12:54:40.765079,30B_ideal__Orai1WT-MDSnap-Fr400_cleaned,Orai1WT-MDSnap-Fr400_cleaned,30B_ideal,failed,No output from any sub-box,0,0.1,,54,56,8.0,,,,,,,,223,21026,1,32,8000,10,3,NVIDIA A100-SXM4-80GB,
2026-03-24T12:54:40.786174,328_ideal__Orai1WT-MDSnap-Fr400_cleaned,Orai1WT-MDSnap-Fr400_cleaned,328_ideal,failed,No output from any sub-box,0,0.1,,25,26,2.0,,,,,,,,223,21026,1,32,8000,10,3,NVIDIA A100-SXM4-80GB,
2026-03-24T12:54:40.816887,32U_ideal__Orai1WT-MDSnap-Fr400_cleaned,Orai1WT-MDSnap-Fr400_cleaned,32U_ideal,failed,No output from any sub-box,0,0.1,,29,36,4.0,,,,,,,,223,21026,1,32,8000,10,3,NVIDIA A100-SXM4-80GB,
2026-03-24T12:54:40.840528,347_ideal__Orai1WT-MDSnap-Fr400_cleaned,Orai1WT-MDSnap-Fr400_cleaned,347_ideal,failed,No output from any sub-box,0,0.1,,32,35,5.0,,,,,,,,223,21026,1,32,8000,10,3,NVIDIA A100-SXM4-80GB,
2026-03-24T12:54:40.862888,34W_ideal__Orai1WT-MDSnap-Fr400_cleaned,Orai1WT-MDSnap-Fr400_cleaned,34W_ideal,failed,No output from any sub-box,0,0.1,,34,37,4.0,,,,,,,,223,21026,1,32,8000,10,3,NVIDIA A100-SXM4-80GB,
2026-03-24T12:54:40.884843,36M_ideal__Orai1WT-MDSnap-Fr400_cleaned,Orai1WT-MDSnap-Fr400_cleaned,36M_ideal,failed,No output from any sub-box,0,0.1,,13,14,2.0,,,,,,,,223,21026,1,32,8000,10,3,NVIDIA A100-SXM4-80GB,
2026-03-24T12:54:40.916037,385_ideal__Orai1WT-MDSnap-Fr400_cleaned,Orai1WT-MDSnap-Fr400_cleaned,385_ideal,failed,No output from any sub-box,0,0.1,,48,50,8.0,,,,,,,,223,21026,1,32,8000,10,3,NVIDIA A100-SXM4-80GB,
2026-03-24T12:54:40.939206,38P_ideal__Orai1WT-MDSnap-Fr400_cleaned,Orai1WT-MDSnap-Fr400_cleaned,38P_ideal,failed,No output from any sub-box,0,0.1,,30,33,3.0,,,,,,,,223,21026,1,32,8000,10,3,NVIDIA A100-SXM4-80GB,
2026-03-24T12:54:40.962863,3B9_ideal__Orai1WT-MDSnap-Fr400_cleaned,Orai1WT-MDSnap-Fr400_cleaned,3B9_ideal,failed,No output from any sub-box,0,0.1,,32,37,4.0,,,,,,,,223,21026,1,32,8000,10,3,NVIDIA A100-SXM4-80GB,
2026-03-24T12:54:40.985553,3CB_ideal__Orai1WT-MDSnap-Fr400_cleaned,Orai1WT-MDSnap-Fr400_cleaned,3CB_ideal,failed,No output from any sub-box,0,0.1,,41,51,8.0,,,,,,,,223,21026,1,32,8000,10,3,NVIDIA A100-SXM4-80GB,
2026-03-24T12:54:41.017600,3FG_ideal__Orai1WT-MDSnap-Fr400_cleaned,Orai1WT-MDSnap-Fr400_cleaned,3FG_ideal,failed,No output from any sub-box,0,0.1,,13,18,3.0,,,,,,,,223,21026,1,32,8000,10,3,NVIDIA A100-SXM4-80GB,
2026-03-24T12:54:41.040771,3G3_ideal__Orai1WT-MDSnap-Fr400_cleaned,Orai1WT-MDSnap-Fr400_cleaned,3G3_ideal,failed,No output from any sub-box,0,0.1,,18,19,1.0,,,,,,,,223,21026,1,32,8000,10,3,NVIDIA A100-SXM4-80GB,
2026-03-24T12:54:41.063517,3H4_ideal__Orai1WT-MDSnap-Fr400_cleaned,Orai1WT-MDSnap-Fr400_cleaned,3H4_ideal,failed,No output from any sub-box,0,0.1,,41,45,8.0,,,,,,,,223,21026,1,32,8000,10,3,NVIDIA A100-SXM4-80GB,
2026-03-24T12:54:41.086616,3HC_ideal__Orai1WT-MDSnap-Fr400_cleaned,Orai1WT-MDSnap-Fr400_cleaned,3HC_ideal,failed,No output from any sub-box,0,0.1,,54,65,15.0,,,,,,,,223,21026,1,32,8000,10,3,NVIDIA A100-SXM4-80GB,
2026-03-24T12:54:41.116312,3HG_ideal__Orai1WT-MDSnap-Fr400_cleaned,Orai1WT-MDSnap-Fr400_cleaned,3HG_ideal,failed,No output from any sub-box,0,0.1,,10,13,3.0,,,,,,,,223,21026,1,32,8000,10,3,NVIDIA A100-SXM4-80GB,
2026-03-24T12:54:41.139890,3IM_ideal__Orai1WT-MDSnap-Fr400_cleaned,Orai1WT-MDSnap-Fr400_cleaned,3IM_ideal,failed,No output from any sub-box,0,0.1,,16,17,1.0,,,,,,,,223,21026,1,32,8000,10,3,NVIDIA A100-SXM4-80GB,
2026-03-24T12:54:41.164075,3IN_ideal__Orai1WT-MDSnap-Fr400_cleaned,Orai1WT-MDSnap-Fr400_cleaned,3IN_ideal,failed,No output from any sub-box,0,0.1,,51,55,7.0,,,,,,,,223,21026,1,32,8000,10,3,NVIDIA A100-SXM4-80GB,
2026-03-24T12:54:41.186362,3MI_ideal__Orai1WT-MDSnap-Fr400_cleaned,Orai1WT-MDSnap-Fr400_cleaned,3MI_ideal,failed,No output from any sub-box,0,0.1,,20,21,1.0,,,,,,,,223,21026,1,32,8000,10,3,NVIDIA A100-SXM4-80GB,
2026-03-24T12:54:41.216926,3N6_ideal__Orai1WT-MDSnap-Fr400_cleaned,Orai1WT-MDSnap-Fr400_cleaned,3N6_ideal,failed,No output from any sub-box,0,0.1,,54,60,7.0,,,,,,,,223,21026,1,32,8000,10,3,NVIDIA A100-SXM4-80GB,
2026-03-24T12:54:41.240090,3PC_ideal__Orai1WT-MDSnap-Fr400_cleaned,Orai1WT-MDSnap-Fr400_cleaned,3PC_ideal,failed,No output from any sub-box,0,0.1,,30,30,10.0,,,,,,,,223,21026,1,32,8000,10,3,NVIDIA A100-SXM4-80GB,
2026-03-24T12:54:41.264930,3PO_ideal__Orai1WT-MDSnap-Fr400_cleaned,Orai1WT-MDSnap-Fr400_cleaned,3PO_ideal,failed,No output from any sub-box,0,0.1,,13,18,4.0,,,,,,,,223,21026,1,32,8000,10,3,NVIDIA A100-SXM4-80GB,
2026-03-24T12:54:41.288377,3RL_ideal__Orai1WT-MDSnap-Fr400_cleaned,Orai1WT-MDSnap-Fr400_cleaned,3RL_ideal,failed,No output from any sub-box,0,0.1,,19,20,2.0,,,,,,,,223,21026,1,32,8000,10,3,NVIDIA A100-SXM4-80GB,
2026-03-24T12:54:41.316346,3SY_ideal__Orai1WT-MDSnap-Fr400_cleaned,Orai1WT-MDSnap-Fr400_cleaned,3SY_ideal,failed,No output from any sub-box,0,0.1,,9,13,4.0,,,,,,,,223,21026,1,32,8000,10,3,NVIDIA A100-SXM4-80GB,
2026-03-24T12:54:41.339446,3ZC_ideal__Orai1WT-MDSnap-Fr400_cleaned,Orai1WT-MDSnap-Fr400_cleaned,3ZC_ideal,failed,No output from any sub-box,0,0.1,,33,36,4.0,,,,,,,,223,21026,1,32,8000,10,3,NVIDIA A100-SXM4-80GB,
2026-03-24T12:54:41.360875,416_ideal__Orai1WT-MDSnap-Fr400_cleaned,Orai1WT-MDSnap-Fr400_cleaned,416_ideal,failed,No output from any sub-box,0,0.1,,22,23,2.0,,,,,,,,223,21026,1,32,8000,10,3,NVIDIA A100-SXM4-80GB,
2026-03-24T12:54:41.384118,41A_ideal__Orai1WT-MDSnap-Fr400_cleaned,Orai1WT-MDSnap-Fr400_cleaned,41A_ideal,failed,No output from any sub-box,0,0.1,,18,18,0.0,,,,,,,,223,21026,1,32,8000,10,3,NVIDIA A100-SXM4-80GB,
2026-03-24T12:54:41.417355,442_ideal__Orai1WT-MDSnap-Fr400_cleaned,Orai1WT-MDSnap-Fr400_cleaned,442_ideal,failed,No output from any sub-box,0,0.1,,31,36,6.0,,,,,,,,223,21026,1,32,8000,10,3,NVIDIA A100-SXM4-80GB,
2026-03-24T12:54:41.440234,44B_ideal__Orai1WT-MDSnap-Fr400_cleaned,Orai1WT-MDSnap-Fr400_cleaned,44B_ideal,failed,No output from any sub-box,0,0.1,,22,24,3.0,,,,,,,,223,21026,1,32,8000,10,3,NVIDIA A100-SXM4-80GB,
2026-03-24T12:54:41.464814,46U_ideal__Orai1WT-MDSnap-Fr400_cleaned,Orai1WT-MDSnap-Fr400_cleaned,46U_ideal,failed,No output from any sub-box,0,0.1,,28,32,4.0,,,,,,,,223,21026,1,32,8000,10,3,NVIDIA A100-SXM4-80GB,
2026-03-24T12:54:41.487373,4AZ_ideal__Orai1WT-MDSnap-Fr400_cleaned,Orai1WT-MDSnap-Fr400_cleaned,4AZ_ideal,failed,No output from any sub-box,0,0.1,,11,14,2.0,,,,,,,,223,21026,1,32,8000,10,3,NVIDIA A100-SXM4-80GB,
2026-03-24T12:54:41.515841,4BB_ideal__Orai1WT-MDSnap-Fr400_cleaned,Orai1WT-MDSnap-Fr400_cleaned,4BB_ideal,failed,No output from any sub-box,0,0.1,,25,28,3.0,,,,,,,,223,21026,1,32,8000,10,3,NVIDIA A100-SXM4-80GB,
2026-03-24T12:54:41.537640,4BR_ideal__Orai1WT-MDSnap-Fr400_cleaned,Orai1WT-MDSnap-Fr400_cleaned,4BR_ideal,failed,No output from any sub-box,0,0.1,,13,14,2.0,,,,,,,,223,21026,1,32,8000,10,3,NVIDIA A100-SXM4-80GB,
2026-03-24T12:54:41.559776,4CA_ideal__Orai1WT-MDSnap-Fr400_cleaned,Orai1WT-MDSnap-Fr400_cleaned,4CA_ideal,failed,No output from any sub-box,0,0.1,,56,67,14.0,,,,,,,,223,21026,1,32,8000,10,3,NVIDIA A100-SXM4-80GB,
2026-03-24T12:54:41.587115,4CB_ideal__Orai1WT-MDSnap-Fr400_cleaned,Orai1WT-MDSnap-Fr400_cleaned,4CB_ideal,failed,No output from any sub-box,0,0.1,,12,15,2.0,,,,,,,,223,21026,1,32,8000,10,3,NVIDIA A100-SXM4-80GB,
2026-03-24T12:54:41.644251,4CC_ideal__Orai1WT-MDSnap-Fr400_cleaned,Orai1WT-MDSnap-Fr400_cleaned,4CC_ideal,failed,No output from any sub-box,0,0.1,,35,40,5.0,,,,,,,,223,21026,1,32,8000,10,3,NVIDIA A100-SXM4-80GB,
2026-03-24T12:54:41.672912,4CH_ideal__Orai1WT-MDSnap-Fr400_cleaned,Orai1WT-MDSnap-Fr400_cleaned,4CH_ideal,failed,No output from any sub-box,0,0.1,,8,9,0.0,,,,,,,,223,21026,1,32,8000,10,3,NVIDIA A100-SXM4-80GB,
2026-03-24T12:54:41.695447,4CO_ideal__Orai1WT-MDSnap-Fr400_cleaned,Orai1WT-MDSnap-Fr400_cleaned,4CO_ideal,failed,No output from any sub-box,0,0.1,,58,69,15.0,,,,,,,,223,21026,1,32,8000,10,3,NVIDIA A100-SXM4-80GB,
2026-03-24T12:54:41.730298,4EA_ideal__Orai1WT-MDSnap-Fr400_cleaned,Orai1WT-MDSnap-Fr400_cleaned,4EA_ideal,failed,No output from any sub-box,0,0.1,,28,31,4.0,,,,,,,,223,21026,1,32,8000,10,3,NVIDIA A100-SXM4-80GB,
2026-03-24T12:54:41.753417,4FA_ideal__Orai1WT-MDSnap-Fr400_cleaned,Orai1WT-MDSnap-Fr400_cleaned,4FA_ideal,failed,No output from any sub-box,0,0.1,,10,11,1.0,,,,,,,,223,21026,1,32,8000,10,3,NVIDIA A100-SXM4-80GB,
2026-03-24T12:54:41.775924,4FC_ideal__Orai1WT-MDSnap-Fr400_cleaned,Orai1WT-MDSnap-Fr400_cleaned,4FC_ideal,failed,No output from any sub-box,0,0.1,,16,17,1.0,,,,,,,,223,21026,1,32,8000,10,3,NVIDIA A100-SXM4-80GB,
2026-03-24T12:54:41.799063,4FP_ideal__Orai1WT-MDSnap-Fr400_cleaned,Orai1WT-MDSnap-Fr400_cleaned,4FP_ideal,failed,No output from any sub-box,0,0.1,,14,15,1.0,,,,,,,,223,21026,1,32,8000,10,3,NVIDIA A100-SXM4-80GB,
2026-03-24T12:54:41.833905,4HD_ideal__Orai1WT-MDSnap-Fr400_cleaned,Orai1WT-MDSnap-Fr400_cleaned,4HD_ideal,failed,No output from any sub-box,0,0.1,,25,27,8.0,,,,,,,,223,21026,1,32,8000,10,3,NVIDIA A100-SXM4-80GB,
2026-03-24T12:54:41.855671,4IF_ideal__Orai1WT-MDSnap-Fr400_cleaned,Orai1WT-MDSnap-Fr400_cleaned,4IF_ideal,failed,No output from any sub-box,0,0.1,,20,21,8.0,,,,,,,,223,21026,1,32,8000,10,3,NVIDIA A100-SXM4-80GB,
2026-03-24T12:54:41.878391,4J8_ideal__Orai1WT-MDSnap-Fr400_cleaned,Orai1WT-MDSnap-Fr400_cleaned,4J8_ideal,failed,No output from any sub-box,0,0.1,,11,13,1.0,,,,,,,,223,21026,1,32,8000,10,3,NVIDIA A100-SXM4-80GB,
2026-03-24T12:54:41.901344,4KS_ideal__Orai1WT-MDSnap-Fr400_cleaned,Orai1WT-MDSnap-Fr400_cleaned,4KS_ideal,failed,No output from any sub-box,0,0.1,,9,10,1.0,,,,,,,,223,21026,1,32,8000,10,3,NVIDIA A100-SXM4-80GB,
2026-03-24T12:54:41.929788,4MB_ideal__Orai1WT-MDSnap-Fr400_cleaned,Orai1WT-MDSnap-Fr400_cleaned,4MB_ideal,failed,No output from any sub-box,0,0.1,,14,16,2.0,,,,,,,,223,21026,1,32,8000,10,3,NVIDIA A100-SXM4-80GB,
2026-03-24T12:54:41.947318,4ND_ideal__Orai1WT-MDSnap-Fr400_cleaned,Orai1WT-MDSnap-Fr400_cleaned,4ND_ideal,failed,No output from any sub-box,0,0.1,,20,25,1.0,,,,,,,,223,21026,1,32,8000,10,3,NVIDIA A100-SXM4-80GB,
2026-03-24T12:54:41.963068,4NL_ideal__Orai1WT-MDSnap-Fr400_cleaned,Orai1WT-MDSnap-Fr400_cleaned,4NL_ideal,failed,No output from any sub-box,0,0.1,,8,11,1.0,,,,,,,,223,21026,1,32,8000,10,3,NVIDIA A100-SXM4-80GB,
2026-03-24T12:54:41.976541,4NP_ideal__Orai1WT-MDSnap-Fr400_cleaned,Orai1WT-MDSnap-Fr400_cleaned,4NP_ideal,failed,No output from any sub-box,0,0.1,,14,16,2.0,,,,,,,,223,21026,1,32,8000,10,3,NVIDIA A100-SXM4-80GB,
2026-03-24T12:54:41.993893,4PG_ideal__Orai1WT-MDSnap-Fr400_cleaned,Orai1WT-MDSnap-Fr400_cleaned,4PG_ideal,failed,No output from any sub-box,0,0.1,,19,23,2.0,,,,,,,,223,21026,1,32,8000,10,3,NVIDIA A100-SXM4-80GB,
2026-03-24T12:54:42.017589,4PI_ideal__Orai1WT-MDSnap-Fr400_cleaned,Orai1WT-MDSnap-Fr400_cleaned,4PI_ideal,failed,No output from any sub-box,0,0.1,,22,22,1.0,,,,,,,,223,21026,1,32,8000,10,3,NVIDIA A100-SXM4-80GB,
2026-03-24T12:54:42.034397,4PN_ideal__Orai1WT-MDSnap-Fr400_cleaned,Orai1WT-MDSnap-Fr400_cleaned,4PN_ideal,failed,No output from any sub-box,0,0.1,,12,13,0.0,,,,,,,,223,21026,1,32,8000,10,3,NVIDIA A100-SXM4-80GB,
2026-03-24T12:54:42.053294,4SO_ideal__Orai1WT-MDSnap-Fr400_cleaned,Orai1WT-MDSnap-Fr400_cleaned,4SO_ideal,failed,No output from any sub-box,0,0.1,,13,16,2.0,,,,,,,,223,21026,1,32,8000,10,3,NVIDIA A100-SXM4-80GB,
2026-03-24T12:54:42.071757,4UH_ideal__Orai1WT-MDSnap-Fr400_cleaned,Orai1WT-MDSnap-Fr400_cleaned,4UH_ideal,failed,No output from any sub-box,0,0.1,,65,78,7.0,,,,,,,,223,21026,1,32,8000,10,3,NVIDIA A100-SXM4-80GB,
2026-03-24T12:54:42.090147,505_ideal__Orai1WT-MDSnap-Fr400_cleaned,Orai1WT-MDSnap-Fr400_cleaned,505_ideal,failed,No output from any sub-box,0,0.1,,13,15,2.0,,,,,,,,223,21026,1,32,8000,10,3,NVIDIA A100-SXM4-80GB,
2026-03-24T12:54:42.115946,50U_ideal__Orai1WT-MDSnap-Fr400_cleaned,Orai1WT-MDSnap-Fr400_cleaned,50U_ideal,failed,No output from any sub-box,0,0.1,,28,32,4.0,,,,,,,,223,21026,1,32,8000,10,3,NVIDIA A100-SXM4-80GB,
2026-03-24T12:54:42.135668,521_ideal__Orai1WT-MDSnap-Fr400_cleaned,Orai1WT-MDSnap-Fr400_cleaned,521_ideal,failed,No output from any sub-box,0,0.1,,20,21,1.0,,,,,,,,223,21026,1,32,8000,10,3,NVIDIA A100-SXM4-80GB,
2026-03-24T12:54:42.153627,54J_ideal__Orai1WT-MDSnap-Fr400_cleaned,Orai1WT-MDSnap-Fr400_cleaned,54J_ideal,failed,No output from any sub-box,0,0.1,,40,41,4.0,,,,,,,,223,21026,1,32,8000,10,3,NVIDIA A100-SXM4-80GB,
2026-03-24T12:54:42.170438,566_ideal__Orai1WT-MDSnap-Fr400_cleaned,Orai1WT-MDSnap-Fr400_cleaned,566_ideal,failed,No output from any sub-box,0,0.1,,21,22,1.0,,,,,,,,223,21026,1,32,8000,10,3,NVIDIA A100-SXM4-80GB,
2026-03-24T12:54:42.188128,570_ideal__Orai1WT-MDSnap-Fr400_cleaned,Orai1WT-MDSnap-Fr400_cleaned,570_ideal,failed,No output from any sub-box,0,0.1,,41,43,6.0,,,,,,,,223,21026,1,32,8000,10,3,NVIDIA A100-SXM4-80GB,
2026-03-24T12:54:42.216906,572_ideal__Orai1WT-MDSnap-Fr400_cleaned,Orai1WT-MDSnap-Fr400_cleaned,572_ideal,failed,No output from any sub-box,0,0.1,,20,21,2.0,,,,,,,,223,21026,1,32,8000,10,3,NVIDIA A100-SXM4-80GB,
2026-03-24T12:54:42.235368,587_ideal__Orai1WT-MDSnap-Fr400_cleaned,Orai1WT-MDSnap-Fr400_cleaned,587_ideal,failed,No output from any sub-box,0,0.1,,69,72,13.0,,,,,,,,223,21026,1,32,8000,10,3,NVIDIA A100-SXM4-80GB,
2026-03-24T12:54:42.256222,59U_ideal__Orai1WT-MDSnap-Fr400_cleaned,Orai1WT-MDSnap-Fr400_cleaned,59U_ideal,failed,No output from any sub-box,0,0.1,,37,38,3.0,,,,,,,,223,21026,1,32,8000,10,3,NVIDIA A100-SXM4-80GB,
2026-03-24T12:54:42.277559,5AN_ideal__Orai1WT-MDSnap-Fr400_cleaned,Orai1WT-MDSnap-Fr400_cleaned,5AN_ideal,failed,No output from any sub-box,0,0.1,,9,11,0.0,,,,,,,,223,21026,1,32,8000,10,3,NVIDIA A100-SXM4-80GB,
2026-03-24T12:54:42.293173,5B3_ideal__Orai1WT-MDSnap-Fr400_cleaned,Orai1WT-MDSnap-Fr400_cleaned,5B3_ideal,failed,No output from any sub-box,0,0.1,,24,28,2.0,,,,,,,,223,21026,1,32,8000,10,3,NVIDIA A100-SXM4-80GB,
2026-03-24T12:54:42.316654,5CB_ideal__Orai1WT-MDSnap-Fr400_cleaned,Orai1WT-MDSnap-Fr400_cleaned,5CB_ideal,failed,No output from any sub-box,0,0.1,,32,35,4.0,,,,,,,,223,21026,1,32,8000,10,3,NVIDIA A100-SXM4-80GB,
2026-03-24T12:54:42.334457,5D5_ideal__Orai1WT-MDSnap-Fr400_cleaned,Orai1WT-MDSnap-Fr400_cleaned,5D5_ideal,failed,No output from any sub-box,0,0.1,,34,38,5.0,,,,,,,,223,21026,1,32,8000,10,3,NVIDIA A100-SXM4-80GB,
2026-03-24T12:54:42.351282,5FA_ideal__Orai1WT-MDSnap-Fr400_cleaned,Orai1WT-MDSnap-Fr400_cleaned,5FA_ideal,failed,No output from any sub-box,0,0.1,,39,49,10.0,,,,,,,,223,21026,1,32,8000,10,3,NVIDIA A100-SXM4-80GB,
2026-03-24T12:54:42.369194,5MV_ideal__Orai1WT-MDSnap-Fr400_cleaned,Orai1WT-MDSnap-Fr400_cleaned,5MV_ideal,failed,No output from any sub-box,0,0.1,,41,43,5.0,,,,,,,,223,21026,1,32,8000,10,3,NVIDIA A100-SXM4-80GB,
2026-03-24T12:54:42.386646,5PI_ideal__Orai1WT-MDSnap-Fr400_cleaned,Orai1WT-MDSnap-Fr400_cleaned,5PI_ideal,failed,No output from any sub-box,0,0.1,,43,52,8.0,,,,,,,,223,21026,1,32,8000,10,3,NVIDIA A100-SXM4-80GB,
2026-03-24T12:54:42.416829,5X6_ideal__Orai1WT-MDSnap-Fr400_cleaned,Orai1WT-MDSnap-Fr400_cleaned,5X6_ideal,failed,No output from any sub-box,0,0.1,,42,44,6.0,,,,,,,,223,21026,1,32,8000,10,3,NVIDIA A100-SXM4-80GB,
2026-03-24T12:54:42.438486,5YM_ideal__Orai1WT-MDSnap-Fr400_cleaned,Orai1WT-MDSnap-Fr400_cleaned,5YM_ideal,failed,No output from any sub-box,0,0.1,,23,25,9.0,,,,,,,,223,21026,1,32,8000,10,3,NVIDIA A100-SXM4-80GB,
2026-03-24T12:54:42.459896,626_ideal__Orai1WT-MDSnap-Fr400_cleaned,Orai1WT-MDSnap-Fr400_cleaned,626_ideal,failed,No output from any sub-box,0,0.1,,32,34,3.0,,,,,,,,223,21026,1,32,8000,10,3,NVIDIA A100-SXM4-80GB,
2026-03-24T12:54:42.478348,63J_ideal__Orai1WT-MDSnap-Fr400_cleaned,Orai1WT-MDSnap-Fr400_cleaned,63J_ideal,failed,No output from any sub-box,0,0.1,,40,42,6.0,,,,,,,,223,21026,1,32,8000,10,3,NVIDIA A100-SXM4-80GB,
2026-03-24T12:54:42.498049,63K_ideal__Orai1WT-MDSnap-Fr400_cleaned,Orai1WT-MDSnap-Fr400_cleaned,63K_ideal,failed,No output from any sub-box,0,0.1,,38,40,3.0,,,,,,,,223,21026,1,32,8000,10,3,NVIDIA A100-SXM4-80GB,
2026-03-24T12:54:42.533921,641_ideal__Orai1WT-MDSnap-Fr400_cleaned,Orai1WT-MDSnap-Fr400_cleaned,641_ideal,failed,No output from any sub-box,0,0.1,,23,24,1.0,,,,,,,,223,21026,1,32,8000,10,3,NVIDIA A100-SXM4-80GB,
2026-03-24T12:54:42.558027,65C_ideal__Orai1WT-MDSnap-Fr400_cleaned,Orai1WT-MDSnap-Fr400_cleaned,65C_ideal,failed,No output from any sub-box,0,0.1,,32,35,3.0,,,,,,,,223,21026,1,32,8000,10,3,NVIDIA A100-SXM4-80GB,
2026-03-24T12:54:42.580110,66T_ideal__Orai1WT-MDSnap-Fr400_cleaned,Orai1WT-MDSnap-Fr400_cleaned,66T_ideal,failed,No output from any sub-box,0,0.1,,34,37,4.0,,,,,,,,223,21026,1,32,8000,10,3,NVIDIA A100-SXM4-80GB,
2026-03-24T12:54:42.617203,6BD_ideal__Orai1WT-MDSnap-Fr400_cleaned,Orai1WT-MDSnap-Fr400_cleaned,6BD_ideal,failed,No output from any sub-box,0,0.1,,21,22,2.0,,,,,,,,223,21026,1,32,8000,10,3,NVIDIA A100-SXM4-80GB,
2026-03-24T12:54:42.640477,6E2_ideal__Orai1WT-MDSnap-Fr400_cleaned,Orai1WT-MDSnap-Fr400_cleaned,6E2_ideal,failed,No output from any sub-box,0,0.1,,35,38,4.0,,,,,,,,223,21026,1,32,8000,10,3,NVIDIA A100-SXM4-80GB,
2026-03-24T12:54:42.664905,6EJ_ideal__Orai1WT-MDSnap-Fr400_cleaned,Orai1WT-MDSnap-Fr400_cleaned,6EJ_ideal,failed,No output from any sub-box,0,0.1,,33,34,2.0,,,,,,,,223,21026,1,32,8000,10,3,NVIDIA A100-SXM4-80GB,
2026-03-24T12:54:42.687914,6F6_ideal__Orai1WT-MDSnap-Fr400_cleaned,Orai1WT-MDSnap-Fr400_cleaned,6F6_ideal,failed,No output from any sub-box,0,0.1,,54,55,22.0,,,,,,,,223,21026,1,32,8000,10,3,NVIDIA A100-SXM4-80GB,
2026-03-24T12:54:42.716776,6FA_ideal__Orai1WT-MDSnap-Fr400_cleaned,Orai1WT-MDSnap-Fr400_cleaned,6FA_ideal,failed,No output from any sub-box,0,0.1,,54,65,11.0,,,,,,,,223,21026,1,32,8000,10,3,NVIDIA A100-SXM4-80GB,
2026-03-24T12:54:42.739451,6GY_ideal__Orai1WT-MDSnap-Fr400_cleaned,Orai1WT-MDSnap-Fr400_cleaned,6GY_ideal,failed,No output from any sub-box,0,0.1,,40,42,4.0,,,,,,,,223,21026,1,32,8000,10,3,NVIDIA A100-SXM4-80GB,
2026-03-24T12:54:42.763353,6K9_ideal__Orai1WT-MDSnap-Fr400_cleaned,Orai1WT-MDSnap-Fr400_cleaned,6K9_ideal,failed,No output from any sub-box,0,0.1,,54,57,8.0,,,,,,,,223,21026,1,32,8000,10,3,NVIDIA A100-SXM4-80GB,
2026-03-24T12:54:42.786558,6LH_ideal__Orai1WT-MDSnap-Fr400_cleaned,Orai1WT-MDSnap-Fr400_cleaned,6LH_ideal,failed,No output from any sub-box,0,0.1,,12,16,2.0,,,,,,,,223,21026,1,32,8000,10,3,NVIDIA A100-SXM4-80GB,
2026-03-24T12:54:42.817318,6LR_ideal__Orai1WT-MDSnap-Fr400_cleaned,Orai1WT-MDSnap-Fr400_cleaned,6LR_ideal,failed,No output from any sub-box,0,0.1,,6,7,,,,,,,,,223,21026,1,32,8000,10,3,NVIDIA A100-SXM4-80GB,
2026-03-24T12:54:42.842586,6SA_ideal__Orai1WT-MDSnap-Fr400_cleaned,Orai1WT-MDSnap-Fr400_cleaned,6SA_ideal,failed,No output from any sub-box,0,0.1,,66,86,17.0,,,,,,,,223,21026,1,32,8000,10,3,NVIDIA A100-SXM4-80GB,
2026-03-24T12:54:42.865172,6WT_ideal__Orai1WT-MDSnap-Fr400_cleaned,Orai1WT-MDSnap-Fr400_cleaned,6WT_ideal,failed,No output from any sub-box,0,0.1,,19,19,1.0,,,,,,,,223,21026,1,32,8000,10,3,NVIDIA A100-SXM4-80GB,
2026-03-24T12:54:42.887869,6ZV_ideal__Orai1WT-MDSnap-Fr400_cleaned,Orai1WT-MDSnap-Fr400_cleaned,6ZV_ideal,failed,No output from any sub-box,0,0.1,,37,38,3.0,,,,,,,,223,21026,1,32,8000,10,3,NVIDIA A100-SXM4-80GB,
2026-03-24T12:54:42.916438,710_ideal__Orai1WT-MDSnap-Fr400_cleaned,Orai1WT-MDSnap-Fr400_cleaned,710_ideal,failed,No output from any sub-box,0,0.1,,32,36,3.0,,,,,,,,223,21026,1,32,8000,10,3,NVIDIA A100-SXM4-80GB,
2026-03-24T12:54:42.939597,711_ideal__Orai1WT-MDSnap-Fr400_cleaned,Orai1WT-MDSnap-Fr400_cleaned,711_ideal,failed,No output from any sub-box,0,0.1,,34,39,2.0,,,,,,,,223,21026,1,32,8000,10,3,NVIDIA A100-SXM4-80GB,
2026-03-24T12:54:42.961742,740_ideal__Orai1WT-MDSnap-Fr400_cleaned,Orai1WT-MDSnap-Fr400_cleaned,740_ideal,failed,No output from any sub-box,0,0.1,,32,34,2.0,,,,,,,,223,21026,1,32,8000,10,3,NVIDIA A100-SXM4-80GB,
2026-03-24T12:54:42.985022,742_ideal__Orai1WT-MDSnap-Fr400_cleaned,Orai1WT-MDSnap-Fr400_cleaned,742_ideal,failed,No output from any sub-box,0,0.1,,25,29,9.0,,,,,,,,223,21026,1,32,8000,10,3,NVIDIA A100-SXM4-80GB,
2026-03-24T12:54:43.019522,74T_ideal__Orai1WT-MDSnap-Fr400_cleaned,Orai1WT-MDSnap-Fr400_cleaned,74T_ideal,failed,No output from any sub-box,0,0.1,,52,55,8.0,,,,,,,,223,21026,1,32,8000,10,3,NVIDIA A100-SXM4-80GB,
2026-03-24T12:54:43.043730,787_ideal__Orai1WT-MDSnap-Fr400_cleaned,Orai1WT-MDSnap-Fr400_cleaned,787_ideal,failed,No output from any sub-box,0,0.1,,15,19,3.0,,,,,,,,223,21026,1,32,8000,10,3,NVIDIA A100-SXM4-80GB,
2026-03-24T12:54:43.065697,791_ideal__Orai1WT-MDSnap-Fr400_cleaned,Orai1WT-MDSnap-Fr400_cleaned,791_ideal,failed,No output from any sub-box,0,0.1,,13,15,2.0,,,,,,,,223,21026,1,32,8000,10,3,NVIDIA A100-SXM4-80GB,
2026-03-24T12:54:43.089883,7AK_ideal__Orai1WT-MDSnap-Fr400_cleaned,Orai1WT-MDSnap-Fr400_cleaned,7AK_ideal,failed,No output from any sub-box,0,0.1,,42,48,10.0,,,,,,,,223,21026,1,32,8000,10,3,NVIDIA A100-SXM4-80GB,
2026-03-24T12:54:43.116596,7BD_ideal__Orai1WT-MDSnap-Fr400_cleaned,Orai1WT-MDSnap-Fr400_cleaned,7BD_ideal,failed,No output from any sub-box,0,0.1,,20,21,2.0,,,,,,,,223,21026,1,32,8000,10,3,NVIDIA A100-SXM4-80GB,
2026-03-24T12:54:43.139079,7I4_ideal__Orai1WT-MDSnap-Fr400_cleaned,Orai1WT-MDSnap-Fr400_cleaned,7I4_ideal,failed,No output from any sub-box,0,0.1,,30,31,4.0,,,,,,,,223,21026,1,32,8000,10,3,NVIDIA A100-SXM4-80GB,
2026-03-24T12:54:43.161112,7IX_ideal__Orai1WT-MDSnap-Fr400_cleaned,Orai1WT-MDSnap-Fr400_cleaned,7IX_ideal,failed,No output from any sub-box,0,0.1,,40,42,5.0,,,,,,,,223,21026,1,32,8000,10,3,NVIDIA A100-SXM4-80GB,
2026-03-24T12:54:43.185224,7N8_ideal__Orai1WT-MDSnap-Fr400_cleaned,Orai1WT-MDSnap-Fr400_cleaned,7N8_ideal,failed,No output from any sub-box,0,0.1,,15,20,4.0,,,,,,,,223,21026,1,32,8000,10,3,NVIDIA A100-SXM4-80GB,
2026-03-24T12:54:43.216043,7RU_ideal__Orai1WT-MDSnap-Fr400_cleaned,Orai1WT-MDSnap-Fr400_cleaned,7RU_ideal,failed,No output from any sub-box,0,0.1,,28,29,2.0,,,,,,,,223,21026,1,32,8000,10,3,NVIDIA A100-SXM4-80GB,
2026-03-24T12:54:43.239398,7T1_ideal__Orai1WT-MDSnap-Fr400_cleaned,Orai1WT-MDSnap-Fr400_cleaned,7T1_ideal,failed,No output from any sub-box,0,0.1,,30,31,4.0,,,,,,,,223,21026,1,32,8000,10,3,NVIDIA A100-SXM4-80GB,
2026-03-24T12:54:43.264137,7TB_ideal__Orai1WT-MDSnap-Fr400_cleaned,Orai1WT-MDSnap-Fr400_cleaned,7TB_ideal,failed,No output from any sub-box,0,0.1,,35,36,8.0,,,,,,,,223,21026,1,32,8000,10,3,NVIDIA A100-SXM4-80GB,
2026-03-24T12:54:43.291262,7TI_ideal__Orai1WT-MDSnap-Fr400_cleaned,Orai1WT-MDSnap-Fr400_cleaned,7TI_ideal,failed,No output from any sub-box,0,0.1,,20,26,3.0,,,,,,,,223,21026,1,32,8000,10,3,NVIDIA A100-SXM4-80GB,
2026-03-24T12:54:43.316243,7X1_ideal__Orai1WT-MDSnap-Fr400_cleaned,Orai1WT-MDSnap-Fr400_cleaned,7X1_ideal,failed,No output from any sub-box,0,0.1,,33,34,4.0,,,,,,,,223,21026,1,32,8000,10,3,NVIDIA A100-SXM4-80GB,
2026-03-24T12:54:43.338891,7Y5_ideal__Orai1WT-MDSnap-Fr400_cleaned,Orai1WT-MDSnap-Fr400_cleaned,7Y5_ideal,failed,No output from any sub-box,0,0.1,,43,46,7.0,,,,,,,,223,21026,1,32,8000,10,3,NVIDIA A100-SXM4-80GB,
2026-03-24T12:54:43.359527,80G_ideal__Orai1WT-MDSnap-Fr400_cleaned,Orai1WT-MDSnap-Fr400_cleaned,80G_ideal,failed,No output from any sub-box,0,0.1,,13,15,1.0,,,,,,,,223,21026,1,32,8000,10,3,NVIDIA A100-SXM4-80GB,
2026-03-24T12:54:43.376352,80I_ideal__Orai1WT-MDSnap-Fr400_cleaned,Orai1WT-MDSnap-Fr400_cleaned,80I_ideal,failed,No output from any sub-box,0,0.1,,38,44,7.0,,,,,,,,223,21026,1,32,8000,10,3,NVIDIA A100-SXM4-80GB,
2026-03-24T12:54:43.395140,88Z_ideal__Orai1WT-MDSnap-Fr400_cleaned,Orai1WT-MDSnap-Fr400_cleaned,88Z_ideal,failed,No output from any sub-box,0,0.1,,46,48,6.0,,,,,,,,223,21026,1,32,8000,10,3,NVIDIA A100-SXM4-80GB,
2026-03-24T12:54:43.431134,8DZ_ideal__Orai1WT-MDSnap-Fr400_cleaned,Orai1WT-MDSnap-Fr400_cleaned,8DZ_ideal,failed,No output from any sub-box,0,0.1,,45,45,12.0,,,,,,,,223,21026,1,32,8000,10,3,NVIDIA A100-SXM4-80GB,
2026-03-24T12:54:43.454634,8I2_ideal__Orai1WT-MDSnap-Fr400_cleaned,Orai1WT-MDSnap-Fr400_cleaned,8I2_ideal,failed,No output from any sub-box,0,0.1,,82,82,18.0,,,,,,,,223,21026,1,32,8000,10,3,NVIDIA A100-SXM4-80GB,
2026-03-24T12:54:43.487310,8JC_ideal__Orai1WT-MDSnap-Fr400_cleaned,Orai1WT-MDSnap-Fr400_cleaned,8JC_ideal,failed,No output from any sub-box,0,0.1,,40,43,4.0,,,,,,,,223,21026,1,32,8000,10,3,NVIDIA A100-SXM4-80GB,
2026-03-24T12:54:43.516379,8PP_ideal__Orai1WT-MDSnap-Fr400_cleaned,Orai1WT-MDSnap-Fr400_cleaned,8PP_ideal,failed,No output from any sub-box,0,0.1,,47,48,12.0,,,,,,,,223,21026,1,32,8000,10,3,NVIDIA A100-SXM4-80GB,
2026-03-24T12:54:43.539778,8QW_ideal__Orai1WT-MDSnap-Fr400_cleaned,Orai1WT-MDSnap-Fr400_cleaned,8QW_ideal,failed,No output from any sub-box,0,0.1,,40,42,4.0,,,,,,,,223,21026,1,32,8000,10,3,NVIDIA A100-SXM4-80GB,
2026-03-24T12:54:43.563328,8RC_ideal__Orai1WT-MDSnap-Fr400_cleaned,Orai1WT-MDSnap-Fr400_cleaned,8RC_ideal,failed,No output from any sub-box,0,0.1,,41,44,5.0,,,,,,,,223,21026,1,32,8000,10,3,NVIDIA A100-SXM4-80GB,
2026-03-24T12:54:43.587347,8VP_ideal__Orai1WT-MDSnap-Fr400_cleaned,Orai1WT-MDSnap-Fr400_cleaned,8VP_ideal,failed,No output from any sub-box,0,0.1,,32,32,3.0,,,,,,,,223,21026,1,32,8000,10,3,NVIDIA A100-SXM4-80GB,
2026-03-24T12:54:43.617401,8X7_ideal__Orai1WT-MDSnap-Fr400_cleaned,Orai1WT-MDSnap-Fr400_cleaned,8X7_ideal,failed,No output from any sub-box,0,0.1,,37,39,4.0,,,,,,,,223,21026,1,32,8000,10,3,NVIDIA A100-SXM4-80GB,
2026-03-24T12:54:43.634214,8XJ_ideal__Orai1WT-MDSnap-Fr400_cleaned,Orai1WT-MDSnap-Fr400_cleaned,8XJ_ideal,failed,No output from any sub-box,0,0.1,,40,42,3.0,,,,,,,,223,21026,1,32,8000,10,3,NVIDIA A100-SXM4-80GB,
2026-03-24T12:54:43.652793,911_ideal__Orai1WT-MDSnap-Fr400_cleaned,Orai1WT-MDSnap-Fr400_cleaned,911_ideal,failed,No output from any sub-box,0,0.1,,11,16,3.0,,,,,,,,223,21026,1,32,8000,10,3,NVIDIA A100-SXM4-80GB,
2026-03-24T12:54:43.676343,919_ideal__Orai1WT-MDSnap-Fr400_cleaned,Orai1WT-MDSnap-Fr400_cleaned,919_ideal,failed,No output from any sub-box,0,0.1,,41,44,3.0,,,,,,,,223,21026,1,32,8000,10,3,NVIDIA A100-SXM4-80GB,
2026-03-24T12:54:43.698193,92G_ideal__Orai1WT-MDSnap-Fr400_cleaned,Orai1WT-MDSnap-Fr400_cleaned,92G_ideal,failed,No output from any sub-box,0,0.1,,13,16,1.0,,,,,,,,223,21026,1,32,8000,10,3,NVIDIA A100-SXM4-80GB,
2026-03-24T12:54:43.733800,949_ideal__Orai1WT-MDSnap-Fr400_cleaned,Orai1WT-MDSnap-Fr400_cleaned,949_ideal,failed,No output from any sub-box,0,0.1,,25,27,2.0,,,,,,,,223,21026,1,32,8000,10,3,NVIDIA A100-SXM4-80GB,
2026-03-24T12:54:43.756840,964_ideal__Orai1WT-MDSnap-Fr400_cleaned,Orai1WT-MDSnap-Fr400_cleaned,964_ideal,failed,No output from any sub-box,0,0.1,,31,35,6.0,,,,,,,,223,21026,1,32,8000,10,3,NVIDIA A100-SXM4-80GB,
2026-03-24T12:54:43.779547,96Q_ideal__Orai1WT-MDSnap-Fr400_cleaned,Orai1WT-MDSnap-Fr400_cleaned,96Q_ideal,failed,No output from any sub-box,0,0.1,,45,48,4.0,,,,,,,,223,21026,1,32,8000,10,3,NVIDIA A100-SXM4-80GB,
2026-03-24T12:54:43.817510,98I_ideal__Orai1WT-MDSnap-Fr400_cleaned,Orai1WT-MDSnap-Fr400_cleaned,98I_ideal,failed,No output from any sub-box,0,0.1,,64,68,7.0,,,,,,,,223,21026,1,32,8000,10,3,NVIDIA A100-SXM4-80GB,
2026-03-24T12:54:43.839730,9AJ_ideal__Orai1WT-MDSnap-Fr400_cleaned,Orai1WT-MDSnap-Fr400_cleaned,9AJ_ideal,failed,No output from any sub-box,0,0.1,,49,51,4.0,,,,,,,,223,21026,1,32,8000,10,3,NVIDIA A100-SXM4-80GB,
2026-03-24T12:54:43.861498,9B0_ideal__Orai1WT-MDSnap-Fr400_cleaned,Orai1WT-MDSnap-Fr400_cleaned,9B0_ideal,failed,No output from any sub-box,0,0.1,,55,59,15.0,,,,,,,,223,21026,1,32,8000,10,3,NVIDIA A100-SXM4-80GB,
2026-03-24T12:54:43.885423,9CA_ideal__Orai1WT-MDSnap-Fr400_cleaned,Orai1WT-MDSnap-Fr400_cleaned,9CA_ideal,failed,No output from any sub-box,0,0.1,,13,14,,,,,,,,,223,21026,1,32,8000,10,3,NVIDIA A100-SXM4-80GB,
2026-03-24T12:54:43.918264,9HO_ideal__Orai1WT-MDSnap-Fr400_cleaned,Orai1WT-MDSnap-Fr400_cleaned,9HO_ideal,failed,No output from any sub-box,0,0.1,,21,23,8.0,,,,,,,,223,21026,1,32,8000,10,3,NVIDIA A100-SXM4-80GB,
2026-03-24T12:54:43.942553,9IN_ideal__Orai1WT-MDSnap-Fr400_cleaned,Orai1WT-MDSnap-Fr400_cleaned,9IN_ideal,failed,No output from any sub-box,0,0.1,,45,50,9.0,,,,,,,,223,21026,1,32,8000,10,3,NVIDIA A100-SXM4-80GB,
2026-03-24T12:54:43.965509,9N6_ideal__Orai1WT-MDSnap-Fr400_cleaned,Orai1WT-MDSnap-Fr400_cleaned,9N6_ideal,failed,No output from any sub-box,0,0.1,,43,43,8.0,,,,,,,,223,21026,1,32,8000,10,3,NVIDIA A100-SXM4-80GB,
2026-03-24T12:54:43.988232,9SC_ideal__Orai1WT-MDSnap-Fr400_cleaned,Orai1WT-MDSnap-Fr400_cleaned,9SC_ideal,failed,No output from any sub-box,0,0.1,,30,31,3.0,,,,,,,,223,21026,1,32,8000,10,3,NVIDIA A100-SXM4-80GB,
2026-03-24T12:54:44.017292,9TP_ideal__Orai1WT-MDSnap-Fr400_cleaned,Orai1WT-MDSnap-Fr400_cleaned,9TP_ideal,failed,No output from any sub-box,0,0.1,,46,49,4.0,,,,,,,,223,21026,1,32,8000,10,3,NVIDIA A100-SXM4-80GB,
2026-03-24T12:54:44.039855,9Y6_ideal__Orai1WT-MDSnap-Fr400_cleaned,Orai1WT-MDSnap-Fr400_cleaned,9Y6_ideal,failed,No output from any sub-box,0,0.1,,10,10,1.0,,,,,,,,223,21026,1,32,8000,10,3,NVIDIA A100-SXM4-80GB,
2026-03-24T12:54:44.061035,A00_ideal__Orai1WT-MDSnap-Fr400_cleaned,Orai1WT-MDSnap-Fr400_cleaned,A00_ideal,failed,No output from any sub-box,0,0.1,,44,49,9.0,,,,,,,,223,21026,1,32,8000,10,3,NVIDIA A100-SXM4-80GB,
2026-03-24T12:54:44.084817,A1AAC_ideal__Orai1WT-MDSnap-Fr400_cleaned,Orai1WT-MDSnap-Fr400_cleaned,A1AAC_ideal,failed,No output from any sub-box,0,0.1,,36,38,2.0,,,,,,,,223,21026,1,32,8000,10,3,NVIDIA A100-SXM4-80GB,
2026-03-24T12:54:44.116692,A1AF4_ideal__Orai1WT-MDSnap-Fr400_cleaned,Orai1WT-MDSnap-Fr400_cleaned,A1AF4_ideal,failed,No output from any sub-box,0,0.1,,39,41,3.0,,,,,,,,223,21026,1,32,8000,10,3,NVIDIA A100-SXM4-80GB,
2026-03-24T12:54:44.140695,A1AIA_ideal__Orai1WT-MDSnap-Fr400_cleaned,Orai1WT-MDSnap-Fr400_cleaned,A1AIA_ideal,failed,No output from any sub-box,0,0.1,,16,18,1.0,,,,,,,,223,21026,1,32,8000,10,3,NVIDIA A100-SXM4-80GB,
2026-03-24T12:54:44.163012,A1AIK_ideal__Orai1WT-MDSnap-Fr400_cleaned,Orai1WT-MDSnap-Fr400_cleaned,A1AIK_ideal,failed,No output from any sub-box,0,0.1,,22,23,1.0,,,,,,,,223,21026,1,32,8000,10,3,NVIDIA A100-SXM4-80GB,
2026-03-24T12:54:44.185889,A1APA_ideal__Orai1WT-MDSnap-Fr400_cleaned,Orai1WT-MDSnap-Fr400_cleaned,A1APA_ideal,failed,No output from any sub-box,0,0.1,,54,57,10.0,,,,,,,,223,21026,1,32,8000,10,3,NVIDIA A100-SXM4-80GB,
2026-03-24T12:54:44.216822,A1AT0_ideal__Orai1WT-MDSnap-Fr400_cleaned,Orai1WT-MDSnap-Fr400_cleaned,A1AT0_ideal,failed,No output from any sub-box,0,0.1,,19,19,1.0,,,,,,,,223,21026,1,32,8000,10,3,NVIDIA A100-SXM4-80GB,
2026-03-24T12:54:44.239469,A1AZ7_ideal__Orai1WT-MDSnap-Fr400_cleaned,Orai1WT-MDSnap-Fr400_cleaned,A1AZ7_ideal,failed,No output from any sub-box,0,0.1,,65,78,7.0,,,,,,,,223,21026,1,32,8000,10,3,NVIDIA A100-SXM4-80GB,
2026-03-24T12:54:44.261398,A1BLM_ideal__Orai1WT-MDSnap-Fr400_cleaned,Orai1WT-MDSnap-Fr400_cleaned,A1BLM_ideal,failed,No output from any sub-box,0,0.1,,33,36,4.0,,,,,,,,223,21026,1,32,8000,10,3,NVIDIA A100-SXM4-80GB,
2026-03-24T12:54:44.284980,A1BPC_ideal__Orai1WT-MDSnap-Fr400_cleaned,Orai1WT-MDSnap-Fr400_cleaned,A1BPC_ideal,failed,No output from any sub-box,0,0.1,,34,36,3.0,,,,,,,,223,21026,1,32,8000,10,3,NVIDIA A100-SXM4-80GB,
2026-03-24T12:54:44.318056,A1C3G_ideal__Orai1WT-MDSnap-Fr400_cleaned,Orai1WT-MDSnap-Fr400_cleaned,A1C3G_ideal,failed,No output from any sub-box,0,0.1,,62,73,12.0,,,,,,,,223,21026,1,32,8000,10,3,NVIDIA A100-SXM4-80GB,
2026-03-24T12:54:44.343932,A1CB7_ideal__Orai1WT-MDSnap-Fr400_cleaned,Orai1WT-MDSnap-Fr400_cleaned,A1CB7_ideal,failed,No output from any sub-box,0,0.1,,107,127,34.0,,,,,,,,223,21026,1,32,8000,10,3,NVIDIA A100-SXM4-80GB,
2026-03-24T12:54:44.365882,A1CEA_ideal__Orai1WT-MDSnap-Fr400_cleaned,Orai1WT-MDSnap-Fr400_cleaned,A1CEA_ideal,failed,No output from any sub-box,0,0.1,,34,36,4.0,,,,,,,,223,21026,1,32,8000,10,3,NVIDIA A100-SXM4-80GB,
2026-03-24T12:54:44.390458,A1CR0_ideal__Orai1WT-MDSnap-Fr400_cleaned,Orai1WT-MDSnap-Fr400_cleaned,A1CR0_ideal,failed,No output from any sub-box,0,0.1,,21,23,2.0,,,,,,,,223,21026,1,32,8000,10,3,NVIDIA A100-SXM4-80GB,
2026-03-24T12:54:44.416287,A1D8M_ideal__Orai1WT-MDSnap-Fr400_cleaned,Orai1WT-MDSnap-Fr400_cleaned,A1D8M_ideal,failed,No output from any sub-box,0,0.1,,34,36,5.0,,,,,,,,223,21026,1,32,8000,10,3,NVIDIA A100-SXM4-80GB,
2026-03-24T12:54:44.439558,A1D8Y_ideal__Orai1WT-MDSnap-Fr400_cleaned,Orai1WT-MDSnap-Fr400_cleaned,A1D8Y_ideal,failed,No output from any sub-box,0,0.1,,32,32,3.0,,,,,,,,223,21026,1,32,8000,10,3,NVIDIA A100-SXM4-80GB,
2026-03-24T12:54:44.461844,A1EEY_ideal__Orai1WT-MDSnap-Fr400_cleaned,Orai1WT-MDSnap-Fr400_cleaned,A1EEY_ideal,failed,No output from any sub-box,0,0.1,,17,19,2.0,,,,,,,,223,21026,1,32,8000,10,3,NVIDIA A100-SXM4-80GB,
2026-03-24T12:54:44.484614,A1E_ideal__Orai1WT-MDSnap-Fr400_cleaned,Orai1WT-MDSnap-Fr400_cleaned,A1E_ideal,failed,No output from any sub-box,0,0.1,,37,40,6.0,,,,,,,,223,21026,1,32,8000,10,3,NVIDIA A100-SXM4-80GB,
2026-03-24T12:54:44.516116,A1H3T_ideal__Orai1WT-MDSnap-Fr400_cleaned,Orai1WT-MDSnap-Fr400_cleaned,A1H3T_ideal,failed,No output from any sub-box,0,0.1,,36,37,4.0,,,,,,,,223,21026,1,32,8000,10,3,NVIDIA A100-SXM4-80GB,
2026-03-24T12:54:44.539844,A1IPI_ideal__Orai1WT-MDSnap-Fr400_cleaned,Orai1WT-MDSnap-Fr400_cleaned,A1IPI_ideal,failed,No output from any sub-box,0,0.1,,12,12,2.0,,,,,,,,223,21026,1,32,8000,10,3,NVIDIA A100-SXM4-80GB,
2026-03-24T12:54:44.565477,A1JBL_ideal__Orai1WT-MDSnap-Fr400_cleaned,Orai1WT-MDSnap-Fr400_cleaned,A1JBL_ideal,failed,No output from any sub-box,0,0.1,,22,23,2.0,,,,,,,,223,21026,1,32,8000,10,3,NVIDIA A100-SXM4-80GB,
2026-03-24T12:54:44.588470,A1JMR_ideal__Orai1WT-MDSnap-Fr400_cleaned,Orai1WT-MDSnap-Fr400_cleaned,A1JMR_ideal,failed,No output from any sub-box,0,0.1,,39,42,4.0,,,,,,,,223,21026,1,32,8000,10,3,NVIDIA A100-SXM4-80GB,
2026-03-24T12:54:44.617587,A1JS8_ideal__Orai1WT-MDSnap-Fr400_cleaned,Orai1WT-MDSnap-Fr400_cleaned,A1JS8_ideal,failed,No output from any sub-box,0,0.1,,37,39,4.0,,,,,,,,223,21026,1,32,8000,10,3,NVIDIA A100-SXM4-80GB,
2026-03-24T12:54:44.644770,A1JSO_ideal__Orai1WT-MDSnap-Fr400_cleaned,Orai1WT-MDSnap-Fr400_cleaned,A1JSO_ideal,failed,No output from any sub-box,0,0.1,,45,48,6.0,,,,,,,,223,21026,1,32,8000,10,3,NVIDIA A100-SXM4-80GB,
2026-03-24T12:54:44.668532,A1JSR_ideal__Orai1WT-MDSnap-Fr400_cleaned,Orai1WT-MDSnap-Fr400_cleaned,A1JSR_ideal,failed,No output from any sub-box,0,0.1,,43,46,5.0,,,,,,,,223,21026,1,32,8000,10,3,NVIDIA A100-SXM4-80GB,
2026-03-24T12:54:44.691278,A1JTY_ideal__Orai1WT-MDSnap-Fr400_cleaned,Orai1WT-MDSnap-Fr400_cleaned,A1JTY_ideal,failed,No output from any sub-box,0,0.1,,24,27,8.0,,,,,,,,223,21026,1,32,8000,10,3,NVIDIA A100-SXM4-80GB,
2026-03-24T12:54:44.736340,A1L66_ideal__Orai1WT-MDSnap-Fr400_cleaned,Orai1WT-MDSnap-Fr400_cleaned,A1L66_ideal,failed,No output from any sub-box,0,0.1,,81,86,10.0,,,,,,,,223,21026,1,32,8000,10,3,NVIDIA A100-SXM4-80GB,
2026-03-24T12:54:44.760318,A1LVF_ideal__Orai1WT-MDSnap-Fr400_cleaned,Orai1WT-MDSnap-Fr400_cleaned,A1LVF_ideal,failed,No output from any sub-box,0,0.1,,63,63,26.0,,,,,,,,223,21026,1,32,8000,10,3,NVIDIA A100-SXM4-80GB,
2026-03-24T12:54:44.818251,A1LWH_ideal__Orai1WT-MDSnap-Fr400_cleaned,Orai1WT-MDSnap-Fr400_cleaned,A1LWH_ideal,failed,No output from any sub-box,0,0.1,,19,21,2.0,,,,,,,,223,21026,1,32,8000,10,3,NVIDIA A100-SXM4-80GB,
2026-03-24T12:54:44.848912,A1LXP_ideal__Orai1WT-MDSnap-Fr400_cleaned,Orai1WT-MDSnap-Fr400_cleaned,A1LXP_ideal,failed,No output from any sub-box,0,0.1,,42,44,6.0,,,,,,,,223,21026,1,32,8000,10,3,NVIDIA A100-SXM4-80GB,
2026-03-24T12:54:44.870123,A1LY1_ideal__Orai1WT-MDSnap-Fr400_cleaned,Orai1WT-MDSnap-Fr400_cleaned,A1LY1_ideal,failed,No output from any sub-box,0,0.1,,43,46,6.0,,,,,,,,223,21026,1,32,8000,10,3,NVIDIA A100-SXM4-80GB,
2026-03-24T12:54:44.894394,A26_ideal__Orai1WT-MDSnap-Fr400_cleaned,Orai1WT-MDSnap-Fr400_cleaned,A26_ideal,failed,No output from any sub-box,0,0.1,,19,21,2.0,,,,,,,,223,21026,1,32,8000,10,3,NVIDIA A100-SXM4-80GB,
2026-03-24T12:54:44.917997,A2E_ideal__Orai1WT-MDSnap-Fr400_cleaned,Orai1WT-MDSnap-Fr400_cleaned,A2E_ideal,failed,No output from any sub-box,0,0.1,,37,40,6.0,,,,,,,,223,21026,1,32,8000,10,3,NVIDIA A100-SXM4-80GB,
2026-03-24T12:54:44.940601,A3D_ideal__Orai1WT-MDSnap-Fr400_cleaned,Orai1WT-MDSnap-Fr400_cleaned,A3D_ideal,failed,No output from any sub-box,0,0.1,,44,51,8.0,,,,,,,,223,21026,1,32,8000,10,3,NVIDIA A100-SXM4-80GB,
2026-03-24T12:54:44.963520,A3M_ideal__Orai1WT-MDSnap-Fr400_cleaned,Orai1WT-MDSnap-Fr400_cleaned,A3M_ideal,failed,No output from any sub-box,0,0.1,,12,14,1.0,,,,,,,,223,21026,1,32,8000,10,3,NVIDIA A100-SXM4-80GB,
2026-03-24T12:54:44.988619,A41_ideal__Orai1WT-MDSnap-Fr400_cleaned,Orai1WT-MDSnap-Fr400_cleaned,A41_ideal,failed,No output from any sub-box,0,0.1,,20,22,2.0,,,,,,,,223,21026,1,32,8000,10,3,NVIDIA A100-SXM4-80GB,
2026-03-24T12:54:45.017782,A4I_ideal__Orai1WT-MDSnap-Fr400_cleaned,Orai1WT-MDSnap-Fr400_cleaned,A4I_ideal,failed,No output from any sub-box,0,0.1,,75,79,18.0,,,,,,,,223,21026,1,32,8000,10,3,NVIDIA A100-SXM4-80GB,
2026-03-24T12:54:45.040731,A4P_ideal__Orai1WT-MDSnap-Fr400_cleaned,Orai1WT-MDSnap-Fr400_cleaned,A4P_ideal,failed,No output from any sub-box,0,0.1,,48,60,10.0,,,,,,,,223,21026,1,32,8000,10,3,NVIDIA A100-SXM4-80GB,
2026-03-24T12:54:45.064046,A56_ideal__Orai1WT-MDSnap-Fr400_cleaned,Orai1WT-MDSnap-Fr400_cleaned,A56_ideal,failed,No output from any sub-box,0,0.1,,19,23,1.0,,,,,,,,223,21026,1,32,8000,10,3,NVIDIA A100-SXM4-80GB,
2026-03-24T12:54:45.098290,A6L_ideal__Orai1WT-MDSnap-Fr400_cleaned,Orai1WT-MDSnap-Fr400_cleaned,A6L_ideal,failed,No output from any sub-box,0,0.1,,25,27,10.0,,,,,,,,223,21026,1,32,8000,10,3,NVIDIA A100-SXM4-80GB,
2026-03-24T12:54:45.133767,A86_ideal__Orai1WT-MDSnap-Fr400_cleaned,Orai1WT-MDSnap-Fr400_cleaned,A86_ideal,failed,No output from any sub-box,0,0.1,,48,50,7.0,,,,,,,,223,21026,1,32,8000,10,3,NVIDIA A100-SXM4-80GB,
2026-03-24T12:54:45.154617,A8B_ideal__Orai1WT-MDSnap-Fr400_cleaned,Orai1WT-MDSnap-Fr400_cleaned,A8B_ideal,failed,No output from any sub-box,0,0.1,,34,36,5.0,,,,,,,,223,21026,1,32,8000,10,3,NVIDIA A100-SXM4-80GB,
2026-03-24T12:54:45.200915,AA2_ideal__Orai1WT-MDSnap-Fr400_cleaned,Orai1WT-MDSnap-Fr400_cleaned,AA2_ideal,failed,No output from any sub-box,0,0.1,,32,35,4.0,,,,,,,,223,21026,1,32,8000,10,3,NVIDIA A100-SXM4-80GB,
2026-03-24T12:54:45.237490,AAF_ideal__Orai1WT-MDSnap-Fr400_cleaned,Orai1WT-MDSnap-Fr400_cleaned,AAF_ideal,failed,No output from any sub-box,0,0.1,,29,34,4.0,,,,,,,,223,21026,1,32,8000,10,3,NVIDIA A100-SXM4-80GB,
2026-03-24T12:54:45.260128,AAN_ideal__Orai1WT-MDSnap-Fr400_cleaned,Orai1WT-MDSnap-Fr400_cleaned,AAN_ideal,failed,No output from any sub-box,0,0.1,,13,14,2.0,,,,,,,,223,21026,1,32,8000,10,3,NVIDIA A100-SXM4-80GB,
2026-03-24T12:54:45.283320,AAO_ideal__Orai1WT-MDSnap-Fr400_cleaned,Orai1WT-MDSnap-Fr400_cleaned,AAO_ideal,failed,No output from any sub-box,0,0.1,,66,86,17.0,,,,,,,,223,21026,1,32,8000,10,3,NVIDIA A100-SXM4-80GB,
2026-03-24T12:54:45.316886,ABC_ideal__Orai1WT-MDSnap-Fr400_cleaned,Orai1WT-MDSnap-Fr400_cleaned,ABC_ideal,failed,No output from any sub-box,0,0.1,,64,82,15.0,,,,,,,,223,21026,1,32,8000,10,3,NVIDIA A100-SXM4-80GB,
2026-03-24T12:54:45.340225,ABN_ideal__Orai1WT-MDSnap-Fr400_cleaned,Orai1WT-MDSnap-Fr400_cleaned,ABN_ideal,failed,No output from any sub-box,0,0.1,,8,10,1.0,,,,,,,,223,21026,1,32,8000,10,3,NVIDIA A100-SXM4-80GB,
2026-03-24T12:54:45.363391,AC0_ideal__Orai1WT-MDSnap-Fr400_cleaned,Orai1WT-MDSnap-Fr400_cleaned,AC0_ideal,failed,No output from any sub-box,0,0.1,,9,9,0.0,,,,,,,,223,21026,1,32,8000,10,3,NVIDIA A100-SXM4-80GB,
2026-03-24T12:54:45.386216,AC5_ideal__Orai1WT-MDSnap-Fr400_cleaned,Orai1WT-MDSnap-Fr400_cleaned,AC5_ideal,failed,No output from any sub-box,0,0.1,,9,12,1.0,,,,,,,,223,21026,1,32,8000,10,3,NVIDIA A100-SXM4-80GB,
2026-03-24T12:54:45.418006,ACG_ideal__Orai1WT-MDSnap-Fr400_cleaned,Orai1WT-MDSnap-Fr400_cleaned,ACG_ideal,failed,No output from any sub-box,0,0.1,,54,70,13.0,,,,,,,,223,21026,1,32,8000,10,3,NVIDIA A100-SXM4-80GB,
2026-03-24T12:54:45.442473,ACH_ideal__Orai1WT-MDSnap-Fr400_cleaned,Orai1WT-MDSnap-Fr400_cleaned,ACH_ideal,failed,No output from any sub-box,0,0.1,,10,10,2.0,,,,,,,,223,21026,1,32,8000,10,3,NVIDIA A100-SXM4-80GB,
2026-03-24T12:54:45.464500,ACQ_ideal__Orai1WT-MDSnap-Fr400_cleaned,Orai1WT-MDSnap-Fr400_cleaned,ACQ_ideal,failed,No output from any sub-box,0,0.1,,35,44,9.0,,,,,,,,223,21026,1,32,8000,10,3,NVIDIA A100-SXM4-80GB,
2026-03-24T12:54:45.488951,ADB_ideal__Orai1WT-MDSnap-Fr400_cleaned,Orai1WT-MDSnap-Fr400_cleaned,ADB_ideal,failed,No output from any sub-box,0,0.1,,25,28,2.0,,,,,,,,223,21026,1,32,8000,10,3,NVIDIA A100-SXM4-80GB,
2026-03-24T12:54:45.517445,ADV_ideal__Orai1WT-MDSnap-Fr400_cleaned,Orai1WT-MDSnap-Fr400_cleaned,ADV_ideal,failed,No output from any sub-box,0,0.1,,36,45,8.0,,,,,,,,223,21026,1,32,8000,10,3,NVIDIA A100-SXM4-80GB,
2026-03-24T12:54:45.541139,AEF_ideal__Orai1WT-MDSnap-Fr400_cleaned,Orai1WT-MDSnap-Fr400_cleaned,AEF_ideal,failed,No output from any sub-box,0,0.1,,10,13,2.0,,,,,,,,223,21026,1,32,8000,10,3,NVIDIA A100-SXM4-80GB,
2026-03-24T12:54:45.565110,AES_ideal__Orai1WT-MDSnap-Fr400_cleaned,Orai1WT-MDSnap-Fr400_cleaned,AES_ideal,failed,No output from any sub-box,0,0.1,,13,15,2.0,,,,,,,,223,21026,1,32,8000,10,3,NVIDIA A100-SXM4-80GB,
2026-03-24T12:54:45.588458,AGA_ideal__Orai1WT-MDSnap-Fr400_cleaned,Orai1WT-MDSnap-Fr400_cleaned,AGA_ideal,failed,No output from any sub-box,0,0.1,,30,32,11.0,,,,,,,,223,21026,1,32,8000,10,3,NVIDIA A100-SXM4-80GB,
2026-03-24T12:54:45.617708,AGH_ideal__Orai1WT-MDSnap-Fr400_cleaned,Orai1WT-MDSnap-Fr400_cleaned,AGH_ideal,failed,No output from any sub-box,0,0.1,,60,67,25.0,,,,,,,,223,21026,1,32,8000,10,3,NVIDIA A100-SXM4-80GB,
2026-03-24T12:54:45.640336,AH4_ideal__Orai1WT-MDSnap-Fr400_cleaned,Orai1WT-MDSnap-Fr400_cleaned,AH4_ideal,failed,No output from any sub-box,0,0.1,,32,35,6.0,,,,,,,,223,21026,1,32,8000,10,3,NVIDIA A100-SXM4-80GB,
2026-03-24T12:54:45.661489,AHC_ideal__Orai1WT-MDSnap-Fr400_cleaned,Orai1WT-MDSnap-Fr400_cleaned,AHC_ideal,failed,No output from any sub-box,0,0.1,,12,15,2.0,,,,,,,,223,21026,1,32,8000,10,3,NVIDIA A100-SXM4-80GB,
2026-03-24T12:54:45.684762,AHZ_ideal__Orai1WT-MDSnap-Fr400_cleaned,Orai1WT-MDSnap-Fr400_cleaned,AHZ_ideal,failed,No output from any sub-box,0,0.1,,38,42,7.0,,,,,,,,223,21026,1,32,8000,10,3,NVIDIA A100-SXM4-80GB,
2026-03-24T12:54:45.718908,AIK_ideal__Orai1WT-MDSnap-Fr400_cleaned,Orai1WT-MDSnap-Fr400_cleaned,AIK_ideal,failed,No output from any sub-box,0,0.1,,38,42,5.0,,,,,,,,223,21026,1,32,8000,10,3,NVIDIA A100-SXM4-80GB,
2026-03-24T12:54:45.744089,AK1_ideal__Orai1WT-MDSnap-Fr400_cleaned,Orai1WT-MDSnap-Fr400_cleaned,AK1_ideal,failed,No output from any sub-box,0,0.1,,31,34,3.0,,,,,,,,223,21026,1,32,8000,10,3,NVIDIA A100-SXM4-80GB,
2026-03-24T12:54:45.766750,AK2_ideal__Orai1WT-MDSnap-Fr400_cleaned,Orai1WT-MDSnap-Fr400_cleaned,AK2_ideal,failed,No output from any sub-box,0,0.1,,28,31,3.0,,,,,,,,223,21026,1,32,8000,10,3,NVIDIA A100-SXM4-80GB,
2026-03-24T12:54:45.790064,AK3_ideal__Orai1WT-MDSnap-Fr400_cleaned,Orai1WT-MDSnap-Fr400_cleaned,AK3_ideal,failed,No output from any sub-box,0,0.1,,32,35,3.0,,,,,,,,223,21026,1,32,8000,10,3,NVIDIA A100-SXM4-80GB,
2026-03-24T12:54:45.817252,AKA_ideal__Orai1WT-MDSnap-Fr400_cleaned,Orai1WT-MDSnap-Fr400_cleaned,AKA_ideal,failed,No output from any sub-box,0,0.1,,54,58,6.0,,,,,,,,223,21026,1,32,8000,10,3,NVIDIA A100-SXM4-80GB,
2026-03-24T12:54:45.840974,AL2_ideal__Orai1WT-MDSnap-Fr400_cleaned,Orai1WT-MDSnap-Fr400_cleaned,AL2_ideal,failed,No output from any sub-box,0,0.1,,24,27,2.0,,,,,,,,223,21026,1,32,8000,10,3,NVIDIA A100-SXM4-80GB,
2026-03-24T12:54:45.864980,ALC_ideal__Orai1WT-MDSnap-Fr400_cleaned,Orai1WT-MDSnap-Fr400_cleaned,ALC_ideal,failed,No output from any sub-box,0,0.1,,12,15,2.0,,,,,,,,223,21026,1,32,8000,10,3,NVIDIA A100-SXM4-80GB,
2026-03-24T12:54:45.888510,ALQ_ideal__Orai1WT-MDSnap-Fr400_cleaned,Orai1WT-MDSnap-Fr400_cleaned,ALQ_ideal,failed,No output from any sub-box,0,0.1,,6,7,1.0,,,,,,,,223,21026,1,32,8000,10,3,NVIDIA A100-SXM4-80GB,
2026-03-24T12:54:45.917171,ALR_ideal__Orai1WT-MDSnap-Fr400_cleaned,Orai1WT-MDSnap-Fr400_cleaned,ALR_ideal,failed,No output from any sub-box,0,0.1,,19,20,1.0,,,,,,,,223,21026,1,32,8000,10,3,NVIDIA A100-SXM4-80GB,
2026-03-24T12:54:45.941188,AM4_ideal__Orai1WT-MDSnap-Fr400_cleaned,Orai1WT-MDSnap-Fr400_cleaned,AM4_ideal,failed,No output from any sub-box,0,0.1,,13,16,1.0,,,,,,,,223,21026,1,32,8000,10,3,NVIDIA A100-SXM4-80GB,
2026-03-24T12:54:45.963386,AMC_ideal__Orai1WT-MDSnap-Fr400_cleaned,Orai1WT-MDSnap-Fr400_cleaned,AMC_ideal,failed,No output from any sub-box,0,0.1,,8,11,1.0,,,,,,,,223,21026,1,32,8000,10,3,NVIDIA A100-SXM4-80GB,
2026-03-24T12:54:45.987116,AN1_ideal__Orai1WT-MDSnap-Fr400_cleaned,Orai1WT-MDSnap-Fr400_cleaned,AN1_ideal,failed,No output from any sub-box,0,0.1,,20,21,2.0,,,,,,,,223,21026,1,32,8000,10,3,NVIDIA A100-SXM4-80GB,
2026-03-24T12:54:46.017490,ANL_ideal__Orai1WT-MDSnap-Fr400_cleaned,Orai1WT-MDSnap-Fr400_cleaned,ANL_ideal,failed,No output from any sub-box,0,0.1,,7,9,0.0,,,,,,,,223,21026,1,32,8000,10,3,NVIDIA A100-SXM4-80GB,
2026-03-24T12:54:46.043930,ANN_ideal__Orai1WT-MDSnap-Fr400_cleaned,Orai1WT-MDSnap-Fr400_cleaned,ANN_ideal,failed,No output from any sub-box,0,0.1,,11,12,1.0,,,,,,,,223,21026,1,32,8000,10,3,NVIDIA A100-SXM4-80GB,
2026-03-24T12:54:46.069970,AOE_ideal__Orai1WT-MDSnap-Fr400_cleaned,Orai1WT-MDSnap-Fr400_cleaned,AOE_ideal,failed,No output from any sub-box,0,0.1,,38,40,8.0,,,,,,,,223,21026,1,32,8000,10,3,NVIDIA A100-SXM4-80GB,
2026-03-24T12:54:46.091302,AP5_ideal__Orai1WT-MDSnap-Fr400_cleaned,Orai1WT-MDSnap-Fr400_cleaned,AP5_ideal,failed,No output from any sub-box,0,0.1,,57,70,13.0,,,,,,,,223,21026,1,32,8000,10,3,NVIDIA A100-SXM4-80GB,
2026-03-24T12:54:46.117259,AP8_ideal__Orai1WT-MDSnap-Fr400_cleaned,Orai1WT-MDSnap-Fr400_cleaned,AP8_ideal,failed,No output from any sub-box,0,0.1,,78,80,23.0,,,,,,,,223,21026,1,32,8000,10,3,NVIDIA A100-SXM4-80GB,
2026-03-24T12:54:46.140201,APF_ideal__Orai1WT-MDSnap-Fr400_cleaned,Orai1WT-MDSnap-Fr400_cleaned,APF_ideal,failed,No output from any sub-box,0,0.1,,18,19,2.0,,,,,,,,223,21026,1,32,8000,10,3,NVIDIA A100-SXM4-80GB,
2026-03-24T12:54:46.165193,APG_ideal__Orai1WT-MDSnap-Fr400_cleaned,Orai1WT-MDSnap-Fr400_cleaned,APG_ideal,failed,No output from any sub-box,0,0.1,,12,14,2.0,,,,,,,,223,21026,1,32,8000,10,3,NVIDIA A100-SXM4-80GB,
2026-03-24T12:54:46.189502,APL_ideal__Orai1WT-MDSnap-Fr400_cleaned,Orai1WT-MDSnap-Fr400_cleaned,APL_ideal,failed,No output from any sub-box,0,0.1,,19,22,3.0,,,,,,,,223,21026,1,32,8000,10,3,NVIDIA A100-SXM4-80GB,
2026-03-24T12:54:46.216303,APX_ideal__Orai1WT-MDSnap-Fr400_cleaned,Orai1WT-MDSnap-Fr400_cleaned,APX_ideal,failed,No output from any sub-box,0,0.1,,40,53,10.0,,,,,,,,223,21026,1,32,8000,10,3,NVIDIA A100-SXM4-80GB,
2026-03-24T12:54:46.239552,ARC_ideal__Orai1WT-MDSnap-Fr400_cleaned,Orai1WT-MDSnap-Fr400_cleaned,ARC_ideal,failed,No output from any sub-box,0,0.1,,21,22,7.0,,,,,,,,223,21026,1,32,8000,10,3,NVIDIA A100-SXM4-80GB,
2026-03-24T12:54:46.265186,ARE_ideal__Orai1WT-MDSnap-Fr400_cleaned,Orai1WT-MDSnap-Fr400_cleaned,ARE_ideal,failed,No output from any sub-box,0,0.1,,55,72,14.0,,,,,,,,223,21026,1,32,8000,10,3,NVIDIA A100-SXM4-80GB,
2026-03-24T12:54:46.289054,ARL_ideal__Orai1WT-MDSnap-Fr400_cleaned,Orai1WT-MDSnap-Fr400_cleaned,ARL_ideal,failed,No output from any sub-box,0,0.1,,25,26,3.0,,,,,,,,223,21026,1,32,8000,10,3,NVIDIA A100-SXM4-80GB,
2026-03-24T12:54:46.344632,ARR_ideal__Orai1WT-MDSnap-Fr400_cleaned,Orai1WT-MDSnap-Fr400_cleaned,ARR_ideal,failed,No output from any sub-box,0,0.1,,25,28,3.0,,,,,,,,223,21026,1,32,8000,10,3,NVIDIA A100-SXM4-80GB,
2026-03-24T12:54:46.365519,AUR_ideal__Orai1WT-MDSnap-Fr400_cleaned,Orai1WT-MDSnap-Fr400_cleaned,AUR_ideal,failed,No output from any sub-box,0,0.1,,33,34,4.0,,,,,,,,223,21026,1,32,8000,10,3,NVIDIA A100-SXM4-80GB,
2026-03-24T12:54:46.388863,AX3_ideal__Orai1WT-MDSnap-Fr400_cleaned,Orai1WT-MDSnap-Fr400_cleaned,AX3_ideal,failed,No output from any sub-box,0,0.1,,12,17,2.0,,,,,,,,223,21026,1,32,8000,10,3,NVIDIA A100-SXM4-80GB,
2026-03-24T12:54:46.416113,B18_ideal__Orai1WT-MDSnap-Fr400_cleaned,Orai1WT-MDSnap-Fr400_cleaned,B18_ideal,failed,No output from any sub-box,0,0.1,,31,35,3.0,,,,,,,,223,21026,1,32,8000,10,3,NVIDIA A100-SXM4-80GB,
2026-03-24T12:54:46.438617,B1T_ideal__Orai1WT-MDSnap-Fr400_cleaned,Orai1WT-MDSnap-Fr400_cleaned,B1T_ideal,failed,No output from any sub-box,0,0.1,,19,21,2.0,,,,,,,,223,21026,1,32,8000,10,3,NVIDIA A100-SXM4-80GB,
2026-03-24T12:54:46.460276,B1V_ideal__Orai1WT-MDSnap-Fr400_cleaned,Orai1WT-MDSnap-Fr400_cleaned,B1V_ideal,failed,No output from any sub-box,0,0.1,,21,22,2.0,,,,,,,,223,21026,1,32,8000,10,3,NVIDIA A100-SXM4-80GB,
2026-03-24T12:54:46.481043,B2F_ideal__Orai1WT-MDSnap-Fr400_cleaned,Orai1WT-MDSnap-Fr400_cleaned,B2F_ideal,failed,No output from any sub-box,0,0.1,,12,16,3.0,,,,,,,,223,21026,1,32,8000,10,3,NVIDIA A100-SXM4-80GB,
2026-03-24T12:54:46.516994,B32_ideal__Orai1WT-MDSnap-Fr400_cleaned,Orai1WT-MDSnap-Fr400_cleaned,B32_ideal,failed,No output from any sub-box,0,0.1,,32,37,9.0,,,,,,,,223,21026,1,32,8000,10,3,NVIDIA A100-SXM4-80GB,
2026-03-24T12:54:46.545970,B3N_ideal__Orai1WT-MDSnap-Fr400_cleaned,Orai1WT-MDSnap-Fr400_cleaned,B3N_ideal,failed,No output from any sub-box,0,0.1,,22,25,5.0,,,,,,,,223,21026,1,32,8000,10,3,NVIDIA A100-SXM4-80GB,
2026-03-24T12:54:46.569963,B40_ideal__Orai1WT-MDSnap-Fr400_cleaned,Orai1WT-MDSnap-Fr400_cleaned,B40_ideal,failed,No output from any sub-box,0,0.1,,11,12,1.0,,,,,,,,223,21026,1,32,8000,10,3,NVIDIA A100-SXM4-80GB,
2026-03-24T12:54:46.593460,B8L_ideal__Orai1WT-MDSnap-Fr400_cleaned,Orai1WT-MDSnap-Fr400_cleaned,B8L_ideal,failed,No output from any sub-box,0,0.1,,43,47,9.0,,,,,,,,223,21026,1,32,8000,10,3,NVIDIA A100-SXM4-80GB,
2026-03-24T12:54:46.634835,B96_ideal__Orai1WT-MDSnap-Fr400_cleaned,Orai1WT-MDSnap-Fr400_cleaned,B96_ideal,failed,No output from any sub-box,0,0.1,,39,41,4.0,,,,,,,,223,21026,1,32,8000,10,3,NVIDIA A100-SXM4-80GB,
2026-03-24T12:54:46.659009,BA3_ideal__Orai1WT-MDSnap-Fr400_cleaned,Orai1WT-MDSnap-Fr400_cleaned,BA3_ideal,failed,No output from any sub-box,0,0.1,,49,60,10.0,,,,,,,,223,21026,1,32,8000,10,3,NVIDIA A100-SXM4-80GB,
2026-03-24T12:54:46.680149,BAS_ideal__Orai1WT-MDSnap-Fr400_cleaned,Orai1WT-MDSnap-Fr400_cleaned,BAS_ideal,failed,No output from any sub-box,0,0.1,,12,13,1.0,,,,,,,,223,21026,1,32,8000,10,3,NVIDIA A100-SXM4-80GB,
2026-03-24T12:54:46.715775,BBS_ideal__Orai1WT-MDSnap-Fr400_cleaned,Orai1WT-MDSnap-Fr400_cleaned,BBS_ideal,failed,No output from any sub-box,0,0.1,,14,15,1.0,,,,,,,,223,21026,1,32,8000,10,3,NVIDIA A100-SXM4-80GB,
2026-03-24T12:54:46.739968,BBT_ideal__Orai1WT-MDSnap-Fr400_cleaned,Orai1WT-MDSnap-Fr400_cleaned,BBT_ideal,failed,No output from any sub-box,0,0.1,,24,27,3.0,,,,,,,,223,21026,1,32,8000,10,3,NVIDIA A100-SXM4-80GB,
2026-03-24T12:54:46.764045,BBZ_ideal__Orai1WT-MDSnap-Fr400_cleaned,Orai1WT-MDSnap-Fr400_cleaned,BBZ_ideal,failed,No output from any sub-box,0,0.1,,34,36,2.0,,,,,,,,223,21026,1,32,8000,10,3,NVIDIA A100-SXM4-80GB,
2026-03-24T12:54:46.786211,BC1_ideal__Orai1WT-MDSnap-Fr400_cleaned,Orai1WT-MDSnap-Fr400_cleaned,BC1_ideal,failed,No output from any sub-box,0,0.1,,25,27,2.0,,,,,,,,223,21026,1,32,8000,10,3,NVIDIA A100-SXM4-80GB,
2026-03-24T12:54:46.815813,BCE_ideal__Orai1WT-MDSnap-Fr400_cleaned,Orai1WT-MDSnap-Fr400_cleaned,BCE_ideal,failed,No output from any sub-box,0,0.1,,21,23,2.0,,,,,,,,223,21026,1,32,8000,10,3,NVIDIA A100-SXM4-80GB,
2026-03-24T12:54:46.838949,BDB_ideal__Orai1WT-MDSnap-Fr400_cleaned,Orai1WT-MDSnap-Fr400_cleaned,BDB_ideal,failed,No output from any sub-box,0,0.1,,18,22,3.0,,,,,,,,223,21026,1,32,8000,10,3,NVIDIA A100-SXM4-80GB,
2026-03-24T12:54:46.861330,BEK_ideal__Orai1WT-MDSnap-Fr400_cleaned,Orai1WT-MDSnap-Fr400_cleaned,BEK_ideal,failed,No output from any sub-box,0,0.1,,15,17,1.0,,,,,,,,223,21026,1,32,8000,10,3,NVIDIA A100-SXM4-80GB,
2026-03-24T12:54:46.884712,BET_ideal__Orai1WT-MDSnap-Fr400_cleaned,Orai1WT-MDSnap-Fr400_cleaned,BET_ideal,failed,No output from any sub-box,0,0.1,,8,9,1.0,,,,,,,,223,21026,1,32,8000,10,3,NVIDIA A100-SXM4-80GB,
2026-03-24T12:54:46.918036,BEZ_ideal__Orai1WT-MDSnap-Fr400_cleaned,Orai1WT-MDSnap-Fr400_cleaned,BEZ_ideal,failed,No output from any sub-box,0,0.1,,9,10,1.0,,,,,,,,223,21026,1,32,8000,10,3,NVIDIA A100-SXM4-80GB,
2026-03-24T12:54:46.940882,BFF_ideal__Orai1WT-MDSnap-Fr400_cleaned,Orai1WT-MDSnap-Fr400_cleaned,BFF_ideal,failed,No output from any sub-box,0,0.1,,32,36,5.0,,,,,,,,223,21026,1,32,8000,10,3,NVIDIA A100-SXM4-80GB,
2026-03-24T12:54:46.965374,BFL_ideal__Orai1WT-MDSnap-Fr400_cleaned,Orai1WT-MDSnap-Fr400_cleaned,BFL_ideal,failed,No output from any sub-box,0,0.1,,17,18,2.0,,,,,,,,223,21026,1,32,8000,10,3,NVIDIA A100-SXM4-80GB,
2026-03-24T12:54:46.989963,BH7_ideal__Orai1WT-MDSnap-Fr400_cleaned,Orai1WT-MDSnap-Fr400_cleaned,BH7_ideal,failed,No output from any sub-box,0,0.1,,24,28,6.0,,,,,,,,223,21026,1,32,8000,10,3,NVIDIA A100-SXM4-80GB,
2026-03-24T12:54:47.018271,BHO_ideal__Orai1WT-MDSnap-Fr400_cleaned,Orai1WT-MDSnap-Fr400_cleaned,BHO_ideal,failed,No output from any sub-box,0,0.1,,10,12,1.0,,,,,,,,223,21026,1,32,8000,10,3,NVIDIA A100-SXM4-80GB,
2026-03-24T12:54:47.042493,BHQ_ideal__Orai1WT-MDSnap-Fr400_cleaned,Orai1WT-MDSnap-Fr400_cleaned,BHQ_ideal,failed,No output from any sub-box,0,0.1,,16,18,2.0,,,,,,,,223,21026,1,32,8000,10,3,NVIDIA A100-SXM4-80GB,
2026-03-24T12:54:47.065190,BIF_ideal__Orai1WT-MDSnap-Fr400_cleaned,Orai1WT-MDSnap-Fr400_cleaned,BIF_ideal,failed,No output from any sub-box,0,0.1,,18,21,3.0,,,,,,,,223,21026,1,32,8000,10,3,NVIDIA A100-SXM4-80GB,
2026-03-24T12:54:47.087738,BIH_ideal__Orai1WT-MDSnap-Fr400_cleaned,Orai1WT-MDSnap-Fr400_cleaned,BIH_ideal,failed,No output from any sub-box,0,0.1,,18,20,2.0,,,,,,,,223,21026,1,32,8000,10,3,NVIDIA A100-SXM4-80GB,
2026-03-24T12:54:47.117481,BIP_ideal__Orai1WT-MDSnap-Fr400_cleaned,Orai1WT-MDSnap-Fr400_cleaned,BIP_ideal,failed,No output from any sub-box,0,0.1,,13,14,2.0,,,,,,,,223,21026,1,32,8000,10,3,NVIDIA A100-SXM4-80GB,
2026-03-24T12:54:47.139990,BL5_ideal__Orai1WT-MDSnap-Fr400_cleaned,Orai1WT-MDSnap-Fr400_cleaned,BL5_ideal,failed,No output from any sub-box,0,0.1,,50,60,14.0,,,,,,,,223,21026,1,32,8000,10,3,NVIDIA A100-SXM4-80GB,
2026-03-24T12:54:47.163392,BLI_ideal__Orai1WT-MDSnap-Fr400_cleaned,Orai1WT-MDSnap-Fr400_cleaned,BLI_ideal,failed,No output from any sub-box,0,0.1,,34,38,3.0,,,,,,,,223,21026,1,32,8000,10,3,NVIDIA A100-SXM4-80GB,
2026-03-24T12:54:47.185304,BLM_ideal__Orai1WT-MDSnap-Fr400_cleaned,Orai1WT-MDSnap-Fr400_cleaned,BLM_ideal,failed,No output from any sub-box,0,0.1,,96,122,23.0,,,,,,,,223,21026,1,32,8000,10,3,NVIDIA A100-SXM4-80GB,
2026-03-24T12:54:47.216244,BMU_ideal__Orai1WT-MDSnap-Fr400_cleaned,Orai1WT-MDSnap-Fr400_cleaned,BMU_ideal,failed,No output from any sub-box,0,0.1,,21,23,1.0,,,,,,,,223,21026,1,32,8000,10,3,NVIDIA A100-SXM4-80GB,
2026-03-24T12:54:47.240584,BN2_ideal__Orai1WT-MDSnap-Fr400_cleaned,Orai1WT-MDSnap-Fr400_cleaned,BN2_ideal,failed,No output from any sub-box,0,0.1,,31,34,5.0,,,,,,,,223,21026,1,32,8000,10,3,NVIDIA A100-SXM4-80GB,
2026-03-24T12:54:47.265303,BN3_ideal__Orai1WT-MDSnap-Fr400_cleaned,Orai1WT-MDSnap-Fr400_cleaned,BN3_ideal,failed,No output from any sub-box,0,0.1,,28,31,4.0,,,,,,,,223,21026,1,32,8000,10,3,NVIDIA A100-SXM4-80GB,
2026-03-24T12:54:47.289244,BN4_ideal__Orai1WT-MDSnap-Fr400_cleaned,Orai1WT-MDSnap-Fr400_cleaned,BN4_ideal,failed,No output from any sub-box,0,0.1,,29,32,4.0,,,,,,,,223,21026,1,32,8000,10,3,NVIDIA A100-SXM4-80GB,
2026-03-24T12:54:47.316780,BN5_ideal__Orai1WT-MDSnap-Fr400_cleaned,Orai1WT-MDSnap-Fr400_cleaned,BN5_ideal,failed,No output from any sub-box,0,0.1,,29,32,4.0,,,,,,,,223,21026,1,32,8000,10,3,NVIDIA A100-SXM4-80GB,
2026-03-24T12:54:47.341257,BNF_ideal__Orai1WT-MDSnap-Fr400_cleaned,Orai1WT-MDSnap-Fr400_cleaned,BNF_ideal,failed,No output from any sub-box,0,0.1,,10,11,1.0,,,,,,,,223,21026,1,32,8000,10,3,NVIDIA A100-SXM4-80GB,
2026-03-24T12:54:47.364322,BNS_ideal__Orai1WT-MDSnap-Fr400_cleaned,Orai1WT-MDSnap-Fr400_cleaned,BNS_ideal,failed,No output from any sub-box,0,0.1,,10,11,1.0,,,,,,,,223,21026,1,32,8000,10,3,NVIDIA A100-SXM4-80GB,
2026-03-24T12:54:47.385096,BO3_ideal__Orai1WT-MDSnap-Fr400_cleaned,Orai1WT-MDSnap-Fr400_cleaned,BO3_ideal,failed,No output from any sub-box,0,0.1,,4,7,1.0,,,,,,,,223,21026,1,32,8000,10,3,NVIDIA A100-SXM4-80GB,
2026-03-24T12:54:47.419784,BO9_ideal__Orai1WT-MDSnap-Fr400_cleaned,Orai1WT-MDSnap-Fr400_cleaned,BO9_ideal,failed,No output from any sub-box,0,0.1,,41,48,11.0,,,,,,,,223,21026,1,32,8000,10,3,NVIDIA A100-SXM4-80GB,
2026-03-24T12:54:47.443079,BOS_ideal__Orai1WT-MDSnap-Fr400_cleaned,Orai1WT-MDSnap-Fr400_cleaned,BOS_ideal,failed,No output from any sub-box,0,0.1,,20,24,2.0,,,,,,,,223,21026,1,32,8000,10,3,NVIDIA A100-SXM4-80GB,
2026-03-24T12:54:47.465150,BP4_ideal__Orai1WT-MDSnap-Fr400_cleaned,Orai1WT-MDSnap-Fr400_cleaned,BP4_ideal,failed,No output from any sub-box,0,0.1,,16,17,2.0,,,,,,,,223,21026,1,32,8000,10,3,NVIDIA A100-SXM4-80GB,
2026-03-24T12:54:47.488409,BP6_ideal__Orai1WT-MDSnap-Fr400_cleaned,Orai1WT-MDSnap-Fr400_cleaned,BP6_ideal,failed,No output from any sub-box,0,0.1,,16,18,1.0,,,,,,,,223,21026,1,32,8000,10,3,NVIDIA A100-SXM4-80GB,
2026-03-24T12:54:47.518263,BPZ_ideal__Orai1WT-MDSnap-Fr400_cleaned,Orai1WT-MDSnap-Fr400_cleaned,BPZ_ideal,failed,No output from any sub-box,0,0.1,,20,22,2.0,,,,,,,,223,21026,1,32,8000,10,3,NVIDIA A100-SXM4-80GB,
2026-03-24T12:54:47.540968,BR4_ideal__Orai1WT-MDSnap-Fr400_cleaned,Orai1WT-MDSnap-Fr400_cleaned,BR4_ideal,failed,No output from any sub-box,0,0.1,,29,31,7.0,,,,,,,,223,21026,1,32,8000,10,3,NVIDIA A100-SXM4-80GB,
2026-03-24T12:54:47.565102,BRB_ideal__Orai1WT-MDSnap-Fr400_cleaned,Orai1WT-MDSnap-Fr400_cleaned,BRB_ideal,failed,No output from any sub-box,0,0.1,,9,10,1.0,,,,,,,,223,21026,1,32,8000,10,3,NVIDIA A100-SXM4-80GB,
2026-03-24T12:54:47.587301,BRV_ideal__Orai1WT-MDSnap-Fr400_cleaned,Orai1WT-MDSnap-Fr400_cleaned,BRV_ideal,failed,No output from any sub-box,0,0.1,,16,20,2.0,,,,,,,,223,21026,1,32,8000,10,3,NVIDIA A100-SXM4-80GB,
2026-03-24T12:54:47.617671,BS4_ideal__Orai1WT-MDSnap-Fr400_cleaned,Orai1WT-MDSnap-Fr400_cleaned,BS4_ideal,failed,No output from any sub-box,0,0.1,,19,22,2.0,,,,,,,,223,21026,1,32,8000,10,3,NVIDIA A100-SXM4-80GB,
2026-03-24T12:54:47.653314,BSB_ideal__Orai1WT-MDSnap-Fr400_cleaned,Orai1WT-MDSnap-Fr400_cleaned,BSB_ideal,failed,No output from any sub-box,0,0.1,,20,23,2.0,,,,,,,,223,21026,1,32,8000,10,3,NVIDIA A100-SXM4-80GB,
2026-03-24T12:54:47.675726,BSU_ideal__Orai1WT-MDSnap-Fr400_cleaned,Orai1WT-MDSnap-Fr400_cleaned,BSU_ideal,failed,No output from any sub-box,0,0.1,,16,18,1.0,,,,,,,,223,21026,1,32,8000,10,3,NVIDIA A100-SXM4-80GB,
2026-03-24T12:54:47.698311,BTL_ideal__Orai1WT-MDSnap-Fr400_cleaned,Orai1WT-MDSnap-Fr400_cleaned,BTL_ideal,failed,No output from any sub-box,0,0.1,,7,7,1.0,,,,,,,,223,21026,1,32,8000,10,3,NVIDIA A100-SXM4-80GB,
2026-03-24T12:54:47.734685,BTP_ideal__Orai1WT-MDSnap-Fr400_cleaned,Orai1WT-MDSnap-Fr400_cleaned,BTP_ideal,failed,No output from any sub-box,0,0.1,,13,15,3.0,,,,,,,,223,21026,1,32,8000,10,3,NVIDIA A100-SXM4-80GB,
2026-03-24T12:54:47.757612,BTX_ideal__Orai1WT-MDSnap-Fr400_cleaned,Orai1WT-MDSnap-Fr400_cleaned,BTX_ideal,failed,No output from any sub-box,0,0.1,,37,44,7.0,,,,,,,,223,21026,1,32,8000,10,3,NVIDIA A100-SXM4-80GB,
2026-03-24T12:54:47.780467,BU1_ideal__Orai1WT-MDSnap-Fr400_cleaned,Orai1WT-MDSnap-Fr400_cleaned,BU1_ideal,failed,No output from any sub-box,0,0.1,,6,8,2.0,,,,,,,,223,21026,1,32,8000,10,3,NVIDIA A100-SXM4-80GB,
2026-03-24T12:54:47.817627,BUI_ideal__Orai1WT-MDSnap-Fr400_cleaned,Orai1WT-MDSnap-Fr400_cleaned,BUI_ideal,failed,No output from any sub-box,0,0.1,,28,30,9.0,,,,,,,,223,21026,1,32,8000,10,3,NVIDIA A100-SXM4-80GB,
2026-03-24T12:54:47.840834,BUM_ideal__Orai1WT-MDSnap-Fr400_cleaned,Orai1WT-MDSnap-Fr400_cleaned,BUM_ideal,failed,No output from any sub-box,0,0.1,,10,13,1.0,,,,,,,,223,21026,1,32,8000,10,3,NVIDIA A100-SXM4-80GB,
2026-03-24T12:54:47.864980,BV1_ideal__Orai1WT-MDSnap-Fr400_cleaned,Orai1WT-MDSnap-Fr400_cleaned,BV1_ideal,failed,No output from any sub-box,0,0.1,,80,92,18.0,,,,,,,,223,21026,1,32,8000,10,3,NVIDIA A100-SXM4-80GB,
2026-03-24T12:54:47.888511,BV2_ideal__Orai1WT-MDSnap-Fr400_cleaned,Orai1WT-MDSnap-Fr400_cleaned,BV2_ideal,failed,No output from any sub-box,0,0.1,,84,98,20.0,,,,,,,,223,21026,1,32,8000,10,3,NVIDIA A100-SXM4-80GB,
2026-03-24T12:54:47.918249,BV3_ideal__Orai1WT-MDSnap-Fr400_cleaned,Orai1WT-MDSnap-Fr400_cleaned,BV3_ideal,failed,No output from any sub-box,0,0.1,,104,122,25.0,,,,,,,,223,21026,1,32,8000,10,3,NVIDIA A100-SXM4-80GB,
2026-03-24T12:54:47.948238,BV4_ideal__Orai1WT-MDSnap-Fr400_cleaned,Orai1WT-MDSnap-Fr400_cleaned,BV4_ideal,failed,No output from any sub-box,0,0.1,,126,144,36.0,,,,,,,,223,21026,1,32,8000,10,3,NVIDIA A100-SXM4-80GB,
2026-03-24T12:54:47.975279,BY6_ideal__Orai1WT-MDSnap-Fr400_cleaned,Orai1WT-MDSnap-Fr400_cleaned,BY6_ideal,failed,No output from any sub-box,0,0.1,,103,132,27.0,,,,,,,,223,21026,1,32,8000,10,3,NVIDIA A100-SXM4-80GB,
2026-03-24T12:54:47.999067,BZM_ideal__Orai1WT-MDSnap-Fr400_cleaned,Orai1WT-MDSnap-Fr400_cleaned,BZM_ideal,failed,No output from any sub-box,0,0.1,,16,16,2.0,,,,,,,,223,21026,1,32,8000,10,3,NVIDIA A100-SXM4-80GB,
2026-03-24T12:54:48.034168,BZQ_ideal__Orai1WT-MDSnap-Fr400_cleaned,Orai1WT-MDSnap-Fr400_cleaned,BZQ_ideal,failed,No output from any sub-box,0,0.1,,14,14,1.0,,,,,,,,223,21026,1,32,8000,10,3,NVIDIA A100-SXM4-80GB,
2026-03-24T12:54:48.057550,C11_ideal__Orai1WT-MDSnap-Fr400_cleaned,Orai1WT-MDSnap-Fr400_cleaned,C11_ideal,failed,No output from any sub-box,0,0.1,,18,19,7.0,,,,,,,,223,21026,1,32,8000,10,3,NVIDIA A100-SXM4-80GB,
2026-03-24T12:54:48.081074,C1D_ideal__Orai1WT-MDSnap-Fr400_cleaned,Orai1WT-MDSnap-Fr400_cleaned,C1D_ideal,failed,No output from any sub-box,0,0.1,,31,37,5.0,,,,,,,,223,21026,1,32,8000,10,3,NVIDIA A100-SXM4-80GB,
2026-03-24T12:54:48.116156,C1N_ideal__Orai1WT-MDSnap-Fr400_cleaned,Orai1WT-MDSnap-Fr400_cleaned,C1N_ideal,failed,No output from any sub-box,0,0.1,,40,44,8.0,,,,,,,,223,21026,1,32,8000,10,3,NVIDIA A100-SXM4-80GB,
2026-03-24T12:54:48.140678,C1R_ideal__Orai1WT-MDSnap-Fr400_cleaned,Orai1WT-MDSnap-Fr400_cleaned,C1R_ideal,failed,No output from any sub-box,0,0.1,,11,12,2.0,,,,,,,,223,21026,1,32,8000,10,3,NVIDIA A100-SXM4-80GB,
2026-03-24T12:54:48.165899,C3S_ideal__Orai1WT-MDSnap-Fr400_cleaned,Orai1WT-MDSnap-Fr400_cleaned,C3S_ideal,failed,No output from any sub-box,0,0.1,,32,33,4.0,,,,,,,,223,21026,1,32,8000,10,3,NVIDIA A100-SXM4-80GB,
2026-03-24T12:54:48.188131,C41_ideal__Orai1WT-MDSnap-Fr400_cleaned,Orai1WT-MDSnap-Fr400_cleaned,C41_ideal,failed,No output from any sub-box,0,0.1,,39,45,10.0,,,,,,,,223,21026,1,32,8000,10,3,NVIDIA A100-SXM4-80GB,
2026-03-24T12:54:48.216139,C5U_ideal__Orai1WT-MDSnap-Fr400_cleaned,Orai1WT-MDSnap-Fr400_cleaned,C5U_ideal,failed,No output from any sub-box,0,0.1,,25,26,3.0,,,,,,,,223,21026,1,32,8000,10,3,NVIDIA A100-SXM4-80GB,
2026-03-24T12:54:48.238698,C87_ideal__Orai1WT-MDSnap-Fr400_cleaned,Orai1WT-MDSnap-Fr400_cleaned,C87_ideal,failed,No output from any sub-box,0,0.1,,31,33,3.0,,,,,,,,223,21026,1,32,8000,10,3,NVIDIA A100-SXM4-80GB,
2026-03-24T12:54:48.266206,C8E_ideal__Orai1WT-MDSnap-Fr400_cleaned,Orai1WT-MDSnap-Fr400_cleaned,C8E_ideal,failed,No output from any sub-box,0,0.1,,21,22,9.0,,,,,,,,223,21026,1,32,8000,10,3,NVIDIA A100-SXM4-80GB,
2026-03-24T12:54:48.282323,C90_ideal__Orai1WT-MDSnap-Fr400_cleaned,Orai1WT-MDSnap-Fr400_cleaned,C90_ideal,failed,No output from any sub-box,0,0.1,,32,36,4.0,,,,,,,,223,21026,1,32,8000,10,3,NVIDIA A100-SXM4-80GB,
2026-03-24T12:54:48.297623,CA3_ideal__Orai1WT-MDSnap-Fr400_cleaned,Orai1WT-MDSnap-Fr400_cleaned,CA3_ideal,failed,No output from any sub-box,0,0.1,,66,78,17.0,,,,,,,,223,21026,1,32,8000,10,3,NVIDIA A100-SXM4-80GB,
2026-03-24T12:54:48.326350,CA5_ideal__Orai1WT-MDSnap-Fr400_cleaned,Orai1WT-MDSnap-Fr400_cleaned,CA5_ideal,failed,No output from any sub-box,0,0.1,,64,76,15.0,,,,,,,,223,21026,1,32,8000,10,3,NVIDIA A100-SXM4-80GB,
2026-03-24T12:54:48.347649,CAA_ideal__Orai1WT-MDSnap-Fr400_cleaned,Orai1WT-MDSnap-Fr400_cleaned,CAA_ideal,failed,No output from any sub-box,0,0.1,,54,64,14.0,,,,,,,,223,21026,1,32,8000,10,3,NVIDIA A100-SXM4-80GB,
2026-03-24T12:54:48.425311,CAI_ideal__Orai1WT-MDSnap-Fr400_cleaned,Orai1WT-MDSnap-Fr400_cleaned,CAI_ideal,failed,No output from any sub-box,0,0.1,,61,63,14.0,,,,,,,,223,21026,1,32,8000,10,3,NVIDIA A100-SXM4-80GB,
2026-03-24T12:54:48.453239,CAO_ideal__Orai1WT-MDSnap-Fr400_cleaned,Orai1WT-MDSnap-Fr400_cleaned,CAO_ideal,failed,No output from any sub-box,0,0.1,,49,60,13.0,,,,,,,,223,21026,1,32,8000,10,3,NVIDIA A100-SXM4-80GB,
2026-03-24T12:54:48.476019,CAQ_ideal__Orai1WT-MDSnap-Fr400_cleaned,Orai1WT-MDSnap-Fr400_cleaned,CAQ_ideal,failed,No output from any sub-box,0,0.1,,8,10,1.0,,,,,,,,223,21026,1,32,8000,10,3,NVIDIA A100-SXM4-80GB,
2026-03-24T12:54:48.500376,CAX_ideal__Orai1WT-MDSnap-Fr400_cleaned,Orai1WT-MDSnap-Fr400_cleaned,CAX_ideal,failed,No output from any sub-box,0,0.1,,13,15,2.0,,,,,,,,223,21026,1,32,8000,10,3,NVIDIA A100-SXM4-80GB,
2026-03-24T12:54:48.537024,CBD_ideal__Orai1WT-MDSnap-Fr400_cleaned,Orai1WT-MDSnap-Fr400_cleaned,CBD_ideal,failed,No output from any sub-box,0,0.1,,51,59,6.0,,,,,,,,223,21026,1,32,8000,10,3,NVIDIA A100-SXM4-80GB,
2026-03-24T12:54:48.561506,CBN_ideal__Orai1WT-MDSnap-Fr400_cleaned,Orai1WT-MDSnap-Fr400_cleaned,CBN_ideal,failed,No output from any sub-box,0,0.1,,49,54,6.0,,,,,,,,223,21026,1,32,8000,10,3,NVIDIA A100-SXM4-80GB,
2026-03-24T12:54:48.584078,CBO_ideal__Orai1WT-MDSnap-Fr400_cleaned,Orai1WT-MDSnap-Fr400_cleaned,CBO_ideal,failed,No output from any sub-box,0,0.1,,41,43,4.0,,,,,,,,223,21026,1,32,8000,10,3,NVIDIA A100-SXM4-80GB,
2026-03-24T12:54:48.616626,CBQ_ideal__Orai1WT-MDSnap-Fr400_cleaned,Orai1WT-MDSnap-Fr400_cleaned,CBQ_ideal,failed,No output from any sub-box,0,0.1,,17,22,4.0,,,,,,,,223,21026,1,32,8000,10,3,NVIDIA A100-SXM4-80GB,
2026-03-24T12:54:48.640297,CC0_ideal__Orai1WT-MDSnap-Fr400_cleaned,Orai1WT-MDSnap-Fr400_cleaned,CC0_ideal,failed,No output from any sub-box,0,0.1,,43,50,8.0,,,,,,,,223,21026,1,32,8000,10,3,NVIDIA A100-SXM4-80GB,
2026-03-24T12:54:48.663270,CCB_ideal__Orai1WT-MDSnap-Fr400_cleaned,Orai1WT-MDSnap-Fr400_cleaned,CCB_ideal,failed,No output from any sub-box,0,0.1,,12,12,1.0,,,,,,,,223,21026,1,32,8000,10,3,NVIDIA A100-SXM4-80GB,
2026-03-24T12:54:48.692560,CCE_ideal__Orai1WT-MDSnap-Fr400_cleaned,Orai1WT-MDSnap-Fr400_cleaned,CCE_ideal,failed,No output from any sub-box,0,0.1,,10,12,2.0,,,,,,,,223,21026,1,32,8000,10,3,NVIDIA A100-SXM4-80GB,
2026-03-24T12:54:48.736640,CCQ_ideal__Orai1WT-MDSnap-Fr400_cleaned,Orai1WT-MDSnap-Fr400_cleaned,CCQ_ideal,failed,No output from any sub-box,0,0.1,,58,68,15.0,,,,,,,,223,21026,1,32,8000,10,3,NVIDIA A100-SXM4-80GB,
2026-03-24T12:54:48.760201,CDA_ideal__Orai1WT-MDSnap-Fr400_cleaned,Orai1WT-MDSnap-Fr400_cleaned,CDA_ideal,failed,No output from any sub-box,0,0.1,,31,33,4.0,,,,,,,,223,21026,1,32,8000,10,3,NVIDIA A100-SXM4-80GB,
2026-03-24T12:54:48.783834,CDB_ideal__Orai1WT-MDSnap-Fr400_cleaned,Orai1WT-MDSnap-Fr400_cleaned,CDB_ideal,failed,No output from any sub-box,0,0.1,,32,36,4.0,,,,,,,,223,21026,1,32,8000,10,3,NVIDIA A100-SXM4-80GB,
2026-03-24T12:54:48.816445,CDD_ideal__Orai1WT-MDSnap-Fr400_cleaned,Orai1WT-MDSnap-Fr400_cleaned,CDD_ideal,failed,No output from any sub-box,0,0.1,,32,34,4.0,,,,,,,,223,21026,1,32,8000,10,3,NVIDIA A100-SXM4-80GB,
2026-03-24T12:54:48.841389,CDL_ideal__Orai1WT-MDSnap-Fr400_cleaned,Orai1WT-MDSnap-Fr400_cleaned,CDL_ideal,failed,No output from any sub-box,0,0.1,,100,101,43.0,,,,,,,,223,21026,1,32,8000,10,3,NVIDIA A100-SXM4-80GB,
2026-03-24T12:54:48.865789,CDU_ideal__Orai1WT-MDSnap-Fr400_cleaned,Orai1WT-MDSnap-Fr400_cleaned,CDU_ideal,failed,No output from any sub-box,0,0.1,,20,22,5.0,,,,,,,,223,21026,1,32,8000,10,3,NVIDIA A100-SXM4-80GB,
2026-03-24T12:54:48.890479,CDX_ideal__Orai1WT-MDSnap-Fr400_cleaned,Orai1WT-MDSnap-Fr400_cleaned,CDX_ideal,failed,No output from any sub-box,0,0.1,,19,21,1.0,,,,,,,,223,21026,1,32,8000,10,3,NVIDIA A100-SXM4-80GB,
2026-03-24T12:54:48.918021,CEQ_ideal__Orai1WT-MDSnap-Fr400_cleaned,Orai1WT-MDSnap-Fr400_cleaned,CEQ_ideal,failed,No output from any sub-box,0,0.1,,6,6,0.0,,,,,,,,223,21026,1,32,8000,10,3,NVIDIA A100-SXM4-80GB,
2026-03-24T12:54:48.944061,CG2_ideal__Orai1WT-MDSnap-Fr400_cleaned,Orai1WT-MDSnap-Fr400_cleaned,CG2_ideal,failed,No output from any sub-box,0,0.1,,40,50,7.0,,,,,,,,223,21026,1,32,8000,10,3,NVIDIA A100-SXM4-80GB,
2026-03-24T12:54:48.968284,CHL_ideal__Orai1WT-MDSnap-Fr400_cleaned,Orai1WT-MDSnap-Fr400_cleaned,CHL_ideal,failed,No output from any sub-box,0,0.1,,66,66,11.0,,,,,,,,223,21026,1,32,8000,10,3,NVIDIA A100-SXM4-80GB,
2026-03-24T12:54:48.990791,CHT_ideal__Orai1WT-MDSnap-Fr400_cleaned,Orai1WT-MDSnap-Fr400_cleaned,CHT_ideal,failed,No output from any sub-box,0,0.1,,7,8,1.0,,,,,,,,223,21026,1,32,8000,10,3,NVIDIA A100-SXM4-80GB,
2026-03-24T12:54:49.018141,CHZ_ideal__Orai1WT-MDSnap-Fr400_cleaned,Orai1WT-MDSnap-Fr400_cleaned,CHZ_ideal,failed,No output from any sub-box,0,0.1,,18,20,1.0,,,,,,,,223,21026,1,32,8000,10,3,NVIDIA A100-SXM4-80GB,
2026-03-24T12:54:49.040932,CIS_ideal__Orai1WT-MDSnap-Fr400_cleaned,Orai1WT-MDSnap-Fr400_cleaned,CIS_ideal,failed,No output from any sub-box,0,0.1,,61,67,23.0,,,,,,,,223,21026,1,32,8000,10,3,NVIDIA A100-SXM4-80GB,
2026-03-24T12:54:49.063341,CIU_ideal__Orai1WT-MDSnap-Fr400_cleaned,Orai1WT-MDSnap-Fr400_cleaned,CIU_ideal,failed,No output from any sub-box,0,0.1,,17,19,1.0,,,,,,,,223,21026,1,32,8000,10,3,NVIDIA A100-SXM4-80GB,
2026-03-24T12:54:49.435215,CK4_ideal__Orai1WT-MDSnap-Fr400_cleaned,Orai1WT-MDSnap-Fr400_cleaned,CK4_ideal,failed,No output from any sub-box,0,0.1,,24,25,2.0,,,,,,,,223,21026,1,32,8000,10,3,NVIDIA A100-SXM4-80GB,
2026-03-24T12:54:49.463960,CLL_ideal__Orai1WT-MDSnap-Fr400_cleaned,Orai1WT-MDSnap-Fr400_cleaned,CLL_ideal,failed,No output from any sub-box,0,0.1,,47,47,10.0,,,,,,,,223,21026,1,32,8000,10,3,NVIDIA A100-SXM4-80GB,
2026-03-24T12:54:49.487015,CLT_ideal__Orai1WT-MDSnap-Fr400_cleaned,Orai1WT-MDSnap-Fr400_cleaned,CLT_ideal,failed,No output from any sub-box,0,0.1,,12,13,2.0,,,,,,,,223,21026,1,32,8000,10,3,NVIDIA A100-SXM4-80GB,
2026-03-24T12:54:49.517379,CLU_ideal__Orai1WT-MDSnap-Fr400_cleaned,Orai1WT-MDSnap-Fr400_cleaned,CLU_ideal,failed,No output from any sub-box,0,0.1,,14,16,0.0,,,,,,,,223,21026,1,32,8000,10,3,NVIDIA A100-SXM4-80GB,
2026-03-24T12:54:49.543537,CLX_ideal__Orai1WT-MDSnap-Fr400_cleaned,Orai1WT-MDSnap-Fr400_cleaned,CLX_ideal,failed,No output from any sub-box,0,0.1,,6,6,0.0,,,,,,,,223,21026,1,32,8000,10,3,NVIDIA A100-SXM4-80GB,
2026-03-24T12:54:49.567765,CM1_ideal__Orai1WT-MDSnap-Fr400_cleaned,Orai1WT-MDSnap-Fr400_cleaned,CM1_ideal,failed,No output from any sub-box,0,0.1,,60,64,16.0,,,,,,,,223,21026,1,32,8000,10,3,NVIDIA A100-SXM4-80GB,
2026-03-24T12:54:49.591242,CM2_ideal__Orai1WT-MDSnap-Fr400_cleaned,Orai1WT-MDSnap-Fr400_cleaned,CM2_ideal,failed,No output from any sub-box,0,0.1,,59,63,15.0,,,,,,,,223,21026,1,32,8000,10,3,NVIDIA A100-SXM4-80GB,
2026-03-24T12:54:49.617233,CM5_ideal__Orai1WT-MDSnap-Fr400_cleaned,Orai1WT-MDSnap-Fr400_cleaned,CM5_ideal,failed,No output from any sub-box,0,0.1,,34,41,9.0,,,,,,,,223,21026,1,32,8000,10,3,NVIDIA A100-SXM4-80GB,
2026-03-24T12:54:49.641120,CNA_ideal__Orai1WT-MDSnap-Fr400_cleaned,Orai1WT-MDSnap-Fr400_cleaned,CNA_ideal,failed,No output from any sub-box,0,0.1,,44,54,9.0,,,,,,,,223,21026,1,32,8000,10,3,NVIDIA A100-SXM4-80GB,
2026-03-24T12:54:49.663516,CND_ideal__Orai1WT-MDSnap-Fr400_cleaned,Orai1WT-MDSnap-Fr400_cleaned,CND_ideal,failed,No output from any sub-box,0,0.1,,44,54,8.0,,,,,,,,223,21026,1,32,8000,10,3,NVIDIA A100-SXM4-80GB,
2026-03-24T12:54:49.687451,CNH_ideal__Orai1WT-MDSnap-Fr400_cleaned,Orai1WT-MDSnap-Fr400_cleaned,CNH_ideal,failed,No output from any sub-box,0,0.1,,6,7,0.0,,,,,,,,223,21026,1,32,8000,10,3,NVIDIA A100-SXM4-80GB,
2026-03-24T12:54:49.717047,CNS_ideal__Orai1WT-MDSnap-Fr400_cleaned,Orai1WT-MDSnap-Fr400_cleaned,CNS_ideal,failed,No output from any sub-box,0,0.1,,26,26,11.0,,,,,,,,223,21026,1,32,8000,10,3,NVIDIA A100-SXM4-80GB,
2026-03-24T12:54:49.739388,CO2_ideal__Orai1WT-MDSnap-Fr400_cleaned,Orai1WT-MDSnap-Fr400_cleaned,CO2_ideal,failed,No output from any sub-box,0,0.1,,3,3,,,,,,,,,223,21026,1,32,8000,10,3,NVIDIA A100-SXM4-80GB,
2026-03-24T12:54:49.761760,CO3_ideal__Orai1WT-MDSnap-Fr400_cleaned,Orai1WT-MDSnap-Fr400_cleaned,CO3_ideal,failed,No output from any sub-box,0,0.1,,4,4,,,,,,,,,223,21026,1,32,8000,10,3,NVIDIA A100-SXM4-80GB,
2026-03-24T12:54:49.785538,CO8_ideal__Orai1WT-MDSnap-Fr400_cleaned,Orai1WT-MDSnap-Fr400_cleaned,CO8_ideal,failed,No output from any sub-box,0,0.1,,57,67,16.0,,,,,,,,223,21026,1,32,8000,10,3,NVIDIA A100-SXM4-80GB,
2026-03-24T12:54:49.817431,COA_ideal__Orai1WT-MDSnap-Fr400_cleaned,Orai1WT-MDSnap-Fr400_cleaned,COA_ideal,failed,No output from any sub-box,0,0.1,,48,59,13.0,,,,,,,,223,21026,1,32,8000,10,3,NVIDIA A100-SXM4-80GB,
2026-03-24T12:54:49.843672,COD_ideal__Orai1WT-MDSnap-Fr400_cleaned,Orai1WT-MDSnap-Fr400_cleaned,COD_ideal,failed,No output from any sub-box,0,0.1,,44,54,11.0,,,,,,,,223,21026,1,32,8000,10,3,NVIDIA A100-SXM4-80GB,
2026-03-24T12:54:49.870223,COF_ideal__Orai1WT-MDSnap-Fr400_cleaned,Orai1WT-MDSnap-Fr400_cleaned,COF_ideal,failed,No output from any sub-box,0,0.1,,55,65,14.0,,,,,,,,223,21026,1,32,8000,10,3,NVIDIA A100-SXM4-80GB,
2026-03-24T12:54:49.895801,COS_ideal__Orai1WT-MDSnap-Fr400_cleaned,Orai1WT-MDSnap-Fr400_cleaned,COS_ideal,failed,No output from any sub-box,0,0.1,,49,60,13.0,,,,,,,,223,21026,1,32,8000,10,3,NVIDIA A100-SXM4-80GB,
2026-03-24T12:54:49.938417,COT_ideal__Orai1WT-MDSnap-Fr400_cleaned,Orai1WT-MDSnap-Fr400_cleaned,COT_ideal,failed,No output from any sub-box,0,0.1,,63,75,15.0,,,,,,,,223,21026,1,32,8000,10,3,NVIDIA A100-SXM4-80GB,
2026-03-24T12:54:49.961673,COX_ideal__Orai1WT-MDSnap-Fr400_cleaned,Orai1WT-MDSnap-Fr400_cleaned,COX_ideal,failed,No output from any sub-box,0,0.1,,22,24,2.0,,,,,,,,223,21026,1,32,8000,10,3,NVIDIA A100-SXM4-80GB,
2026-03-24T12:54:49.983519,CP0_ideal__Orai1WT-MDSnap-Fr400_cleaned,Orai1WT-MDSnap-Fr400_cleaned,CP0_ideal,failed,No output from any sub-box,0,0.1,,43,44,3.0,,,,,,,,223,21026,1,32,8000,10,3,NVIDIA A100-SXM4-80GB,
2026-03-24T12:54:49.999570,CP4_ideal__Orai1WT-MDSnap-Fr400_cleaned,Orai1WT-MDSnap-Fr400_cleaned,CP4_ideal,failed,No output from any sub-box,0,0.1,,34,38,5.0,,,,,,,,223,21026,1,32,8000,10,3,NVIDIA A100-SXM4-80GB,
2026-03-24T12:54:50.030319,CP5_ideal__Orai1WT-MDSnap-Fr400_cleaned,Orai1WT-MDSnap-Fr400_cleaned,CP5_ideal,failed,No output from any sub-box,0,0.1,,15,15,2.0,,,,,,,,223,21026,1,32,8000,10,3,NVIDIA A100-SXM4-80GB,
2026-03-24T12:54:50.050561,CPJ_ideal__Orai1WT-MDSnap-Fr400_cleaned,Orai1WT-MDSnap-Fr400_cleaned,CPJ_ideal,failed,No output from any sub-box,0,0.1,,30,34,5.0,,,,,,,,223,21026,1,32,8000,10,3,NVIDIA A100-SXM4-80GB,
2026-03-24T12:54:50.070034,CPL_ideal__Orai1WT-MDSnap-Fr400_cleaned,Orai1WT-MDSnap-Fr400_cleaned,CPL_ideal,failed,No output from any sub-box,0,0.1,,52,52,20.0,,,,,,,,223,21026,1,32,8000,10,3,NVIDIA A100-SXM4-80GB,
2026-03-24T12:54:50.088209,CPQ_ideal__Orai1WT-MDSnap-Fr400_cleaned,Orai1WT-MDSnap-Fr400_cleaned,CPQ_ideal,failed,No output from any sub-box,0,0.1,,60,74,17.0,,,,,,,,223,21026,1,32,8000,10,3,NVIDIA A100-SXM4-80GB,
2026-03-24T12:54:50.134192,CPZ_ideal__Orai1WT-MDSnap-Fr400_cleaned,Orai1WT-MDSnap-Fr400_cleaned,CPZ_ideal,failed,No output from any sub-box,0,0.1,,12,13,0.0,,,,,,,,223,21026,1,32,8000,10,3,NVIDIA A100-SXM4-80GB,
2026-03-24T12:54:50.159968,CRZ_ideal__Orai1WT-MDSnap-Fr400_cleaned,Orai1WT-MDSnap-Fr400_cleaned,CRZ_ideal,failed,No output from any sub-box,0,0.1,,19,20,2.0,,,,,,,,223,21026,1,32,8000,10,3,NVIDIA A100-SXM4-80GB,
2026-03-24T12:54:50.185099,CVB_ideal__Orai1WT-MDSnap-Fr400_cleaned,Orai1WT-MDSnap-Fr400_cleaned,CVB_ideal,failed,No output from any sub-box,0,0.1,,14,17,3.0,,,,,,,,223,21026,1,32,8000,10,3,NVIDIA A100-SXM4-80GB,
2026-03-24T12:54:50.217027,CXF_ideal__Orai1WT-MDSnap-Fr400_cleaned,Orai1WT-MDSnap-Fr400_cleaned,CXF_ideal,failed,No output from any sub-box,0,0.1,,9,10,0.0,,,,,,,,223,21026,1,32,8000,10,3,NVIDIA A100-SXM4-80GB,
2026-03-24T12:54:50.241364,CXL_ideal__Orai1WT-MDSnap-Fr400_cleaned,Orai1WT-MDSnap-Fr400_cleaned,CXL_ideal,failed,No output from any sub-box,0,0.1,,7,8,0.0,,,,,,,,223,21026,1,32,8000,10,3,NVIDIA A100-SXM4-80GB,
2026-03-24T12:54:50.266365,CXP_ideal__Orai1WT-MDSnap-Fr400_cleaned,Orai1WT-MDSnap-Fr400_cleaned,CXP_ideal,failed,No output from any sub-box,0,0.1,,11,12,2.0,,,,,,,,223,21026,1,32,8000,10,3,NVIDIA A100-SXM4-80GB,
2026-03-24T12:54:50.290497,CYH_ideal__Orai1WT-MDSnap-Fr400_cleaned,Orai1WT-MDSnap-Fr400_cleaned,CYH_ideal,failed,No output from any sub-box,0,0.1,,7,7,,,,,,,,,223,21026,1,32,8000,10,3,NVIDIA A100-SXM4-80GB,
2026-03-24T12:54:50.317311,CYU_ideal__Orai1WT-MDSnap-Fr400_cleaned,Orai1WT-MDSnap-Fr400_cleaned,CYU_ideal,failed,No output from any sub-box,0,0.1,,70,78,16.0,,,,,,,,223,21026,1,32,8000,10,3,NVIDIA A100-SXM4-80GB,
2026-03-24T12:54:50.341454,D1D_ideal__Orai1WT-MDSnap-Fr400_cleaned,Orai1WT-MDSnap-Fr400_cleaned,D1D_ideal,failed,No output from any sub-box,0,0.1,,8,10,1.0,,,,,,,,223,21026,1,32,8000,10,3,NVIDIA A100-SXM4-80GB,
2026-03-24T12:54:50.365981,D4G_ideal__Orai1WT-MDSnap-Fr400_cleaned,Orai1WT-MDSnap-Fr400_cleaned,D4G_ideal,failed,No output from any sub-box,0,0.1,,14,14,1.0,,,,,,,,223,21026,1,32,8000,10,3,NVIDIA A100-SXM4-80GB,
2026-03-24T12:54:50.389323,D4P_ideal__Orai1WT-MDSnap-Fr400_cleaned,Orai1WT-MDSnap-Fr400_cleaned,D4P_ideal,failed,No output from any sub-box,0,0.1,,12,16,2.0,,,,,,,,223,21026,1,32,8000,10,3,NVIDIA A100-SXM4-80GB,
2026-03-24T12:54:50.416675,D8W_ideal__Orai1WT-MDSnap-Fr400_cleaned,Orai1WT-MDSnap-Fr400_cleaned,D8W_ideal,failed,No output from any sub-box,0,0.1,,19,22,2.0,,,,,,,,223,21026,1,32,8000,10,3,NVIDIA A100-SXM4-80GB,
2026-03-24T12:54:50.440537,DAK_ideal__Orai1WT-MDSnap-Fr400_cleaned,Orai1WT-MDSnap-Fr400_cleaned,DAK_ideal,failed,No output from any sub-box,0,0.1,,61,71,15.0,,,,,,,,223,21026,1,32,8000,10,3,NVIDIA A100-SXM4-80GB,
2026-03-24T12:54:50.464856,DB8_ideal__Orai1WT-MDSnap-Fr400_cleaned,Orai1WT-MDSnap-Fr400_cleaned,DB8_ideal,failed,No output from any sub-box,0,0.1,,36,37,4.0,,,,,,,,223,21026,1,32,8000,10,3,NVIDIA A100-SXM4-80GB,
2026-03-24T12:54:50.489586,DBA_ideal__Orai1WT-MDSnap-Fr400_cleaned,Orai1WT-MDSnap-Fr400_cleaned,DBA_ideal,failed,No output from any sub-box,0,0.1,,13,14,2.0,,,,,,,,223,21026,1,32,8000,10,3,NVIDIA A100-SXM4-80GB,
2026-03-24T12:54:50.516639,DBE_ideal__Orai1WT-MDSnap-Fr400_cleaned,Orai1WT-MDSnap-Fr400_cleaned,DBE_ideal,failed,No output from any sub-box,0,0.1,,16,18,2.0,,,,,,,,223,21026,1,32,8000,10,3,NVIDIA A100-SXM4-80GB,
2026-03-24T12:54:50.541227,DBF_ideal__Orai1WT-MDSnap-Fr400_cleaned,Orai1WT-MDSnap-Fr400_cleaned,DBF_ideal,failed,No output from any sub-box,0,0.1,,19,21,2.0,,,,,,,,223,21026,1,32,8000,10,3,NVIDIA A100-SXM4-80GB,
2026-03-24T12:54:50.564502,DBY_ideal__Orai1WT-MDSnap-Fr400_cleaned,Orai1WT-MDSnap-Fr400_cleaned,DBY_ideal,failed,No output from any sub-box,0,0.1,,15,19,3.0,,,,,,,,223,21026,1,32,8000,10,3,NVIDIA A100-SXM4-80GB,
2026-03-24T12:54:50.588931,DCA_ideal__Orai1WT-MDSnap-Fr400_cleaned,Orai1WT-MDSnap-Fr400_cleaned,DCA_ideal,failed,No output from any sub-box,0,0.1,,47,57,12.0,,,,,,,,223,21026,1,32,8000,10,3,NVIDIA A100-SXM4-80GB,
2026-03-24T12:54:50.618418,DCC_ideal__Orai1WT-MDSnap-Fr400_cleaned,Orai1WT-MDSnap-Fr400_cleaned,DCC_ideal,failed,No output from any sub-box,0,0.1,,61,71,18.0,,,,,,,,223,21026,1,32,8000,10,3,NVIDIA A100-SXM4-80GB,
2026-03-24T12:54:50.639327,DCD_ideal__Orai1WT-MDSnap-Fr400_cleaned,Orai1WT-MDSnap-Fr400_cleaned,DCD_ideal,failed,No output from any sub-box,0,0.1,,8,9,1.0,,,,,,,,223,21026,1,32,8000,10,3,NVIDIA A100-SXM4-80GB,
2026-03-24T12:54:50.659400,DCE_ideal__Orai1WT-MDSnap-Fr400_cleaned,Orai1WT-MDSnap-Fr400_cleaned,DCE_ideal,failed,No output from any sub-box,0,0.1,,4,4,0.0,,,,,,,,223,21026,1,32,8000,10,3,NVIDIA A100-SXM4-80GB,
2026-03-24T12:54:51.042440,DCO_ideal__Orai1WT-MDSnap-Fr400_cleaned,Orai1WT-MDSnap-Fr400_cleaned,DCO_ideal,failed,No output from any sub-box,0,0.1,,12,15,3.0,,,,,,,,223,21026,1,32,8000,10,3,NVIDIA A100-SXM4-80GB,
2026-03-24T12:54:51.078662,DDF_ideal__Orai1WT-MDSnap-Fr400_cleaned,Orai1WT-MDSnap-Fr400_cleaned,DDF_ideal,failed,No output from any sub-box,0,0.1,,32,39,6.0,,,,,,,,223,21026,1,32,8000,10,3,NVIDIA A100-SXM4-80GB,
2026-03-24T12:54:51.118383,DDP_ideal__Orai1WT-MDSnap-Fr400_cleaned,Orai1WT-MDSnap-Fr400_cleaned,DDP_ideal,failed,No output from any sub-box,0,0.1,,10,16,2.0,,,,,,,,223,21026,1,32,8000,10,3,NVIDIA A100-SXM4-80GB,
2026-03-24T12:54:51.142864,DDT_ideal__Orai1WT-MDSnap-Fr400_cleaned,Orai1WT-MDSnap-Fr400_cleaned,DDT_ideal,failed,No output from any sub-box,0,0.1,,45,47,6.0,,,,,,,,223,21026,1,32,8000,10,3,NVIDIA A100-SXM4-80GB,
2026-03-24T12:54:51.166552,DEO_ideal__Orai1WT-MDSnap-Fr400_cleaned,Orai1WT-MDSnap-Fr400_cleaned,DEO_ideal,failed,No output from any sub-box,0,0.1,,35,36,5.0,,,,,,,,223,21026,1,32,8000,10,3,NVIDIA A100-SXM4-80GB,
2026-03-24T12:54:51.190703,DEP_ideal__Orai1WT-MDSnap-Fr400_cleaned,Orai1WT-MDSnap-Fr400_cleaned,DEP_ideal,failed,No output from any sub-box,0,0.1,,8,9,2.0,,,,,,,,223,21026,1,32,8000,10,3,NVIDIA A100-SXM4-80GB,
2026-03-24T12:54:51.217448,DEQ_ideal__Orai1WT-MDSnap-Fr400_cleaned,Orai1WT-MDSnap-Fr400_cleaned,DEQ_ideal,failed,No output from any sub-box,0,0.1,,34,38,6.0,,,,,,,,223,21026,1,32,8000,10,3,NVIDIA A100-SXM4-80GB,
2026-03-24T12:54:51.240863,DES_ideal__Orai1WT-MDSnap-Fr400_cleaned,Orai1WT-MDSnap-Fr400_cleaned,DES_ideal,failed,No output from any sub-box,0,0.1,,20,22,3.0,,,,,,,,223,21026,1,32,8000,10,3,NVIDIA A100-SXM4-80GB,
2026-03-24T12:54:51.264394,DFA_ideal__Orai1WT-MDSnap-Fr400_cleaned,Orai1WT-MDSnap-Fr400_cleaned,DFA_ideal,failed,No output from any sub-box,0,0.1,,16,17,2.0,,,,,,,,223,21026,1,32,8000,10,3,NVIDIA A100-SXM4-80GB,
2026-03-24T12:54:51.288118,DFP_ideal__Orai1WT-MDSnap-Fr400_cleaned,Orai1WT-MDSnap-Fr400_cleaned,DFP_ideal,failed,No output from any sub-box,0,0.1,,10,11,2.0,,,,,,,,223,21026,1,32,8000,10,3,NVIDIA A100-SXM4-80GB,
2026-03-24T12:54:51.317938,DGB_ideal__Orai1WT-MDSnap-Fr400_cleaned,Orai1WT-MDSnap-Fr400_cleaned,DGB_ideal,failed,No output from any sub-box,0,0.1,,29,30,4.0,,,,,,,,223,21026,1,32,8000,10,3,NVIDIA A100-SXM4-80GB,
2026-03-24T12:54:51.341483,DGD_ideal__Orai1WT-MDSnap-Fr400_cleaned,Orai1WT-MDSnap-Fr400_cleaned,DGD_ideal,failed,No output from any sub-box,0,0.1,,66,73,25.0,,,,,,,,223,21026,1,32,8000,10,3,NVIDIA A100-SXM4-80GB,
2026-03-24T12:54:51.368485,DGG_ideal__Orai1WT-MDSnap-Fr400_cleaned,Orai1WT-MDSnap-Fr400_cleaned,DGG_ideal,failed,No output from any sub-box,0,0.1,,50,53,21.0,,,,,,,,223,21026,1,32,8000,10,3,NVIDIA A100-SXM4-80GB,
2026-03-24T12:54:51.391572,DGX_ideal__Orai1WT-MDSnap-Fr400_cleaned,Orai1WT-MDSnap-Fr400_cleaned,DGX_ideal,failed,No output from any sub-box,0,0.1,,55,61,6.0,,,,,,,,223,21026,1,32,8000,10,3,NVIDIA A100-SXM4-80GB,
2026-03-24T12:54:51.418357,DHG_ideal__Orai1WT-MDSnap-Fr400_cleaned,Orai1WT-MDSnap-Fr400_cleaned,DHG_ideal,failed,No output from any sub-box,0,0.1,,28,31,11.0,,,,,,,,223,21026,1,32,8000,10,3,NVIDIA A100-SXM4-80GB,
2026-03-24T12:54:51.441412,DHR_ideal__Orai1WT-MDSnap-Fr400_cleaned,Orai1WT-MDSnap-Fr400_cleaned,DHR_ideal,failed,No output from any sub-box,0,0.1,,11,13,1.0,,,,,,,,223,21026,1,32,8000,10,3,NVIDIA A100-SXM4-80GB,
2026-03-24T12:54:51.464869,DI4_ideal__Orai1WT-MDSnap-Fr400_cleaned,Orai1WT-MDSnap-Fr400_cleaned,DI4_ideal,failed,No output from any sub-box,0,0.1,,32,38,8.0,,,,,,,,223,21026,1,32,8000,10,3,NVIDIA A100-SXM4-80GB,
2026-03-24T12:54:51.481752,DID_ideal__Orai1WT-MDSnap-Fr400_cleaned,Orai1WT-MDSnap-Fr400_cleaned,DID_ideal,failed,No output from any sub-box,0,0.1,,26,32,5.0,,,,,,,,223,21026,1,32,8000,10,3,NVIDIA A100-SXM4-80GB,
2026-03-24T12:54:51.497566,DIF_ideal__Orai1WT-MDSnap-Fr400_cleaned,Orai1WT-MDSnap-Fr400_cleaned,DIF_ideal,failed,No output from any sub-box,0,0.1,,19,21,2.0,,,,,,,,223,21026,1,32,8000,10,3,NVIDIA A100-SXM4-80GB,
2026-03-24T12:54:51.534449,DII_ideal__Orai1WT-MDSnap-Fr400_cleaned,Orai1WT-MDSnap-Fr400_cleaned,DII_ideal,failed,No output from any sub-box,0,0.1,,11,11,2.0,,,,,,,,223,21026,1,32,8000,10,3,NVIDIA A100-SXM4-80GB,
2026-03-24T12:54:51.574235,DIO_ideal__Orai1WT-MDSnap-Fr400_cleaned,Orai1WT-MDSnap-Fr400_cleaned,DIO_ideal,failed,No output from any sub-box,0,0.1,,6,6,,,,,,,,,223,21026,1,32,8000,10,3,NVIDIA A100-SXM4-80GB,
2026-03-24T12:54:51.596739,DKK_ideal__Orai1WT-MDSnap-Fr400_cleaned,Orai1WT-MDSnap-Fr400_cleaned,DKK_ideal,failed,No output from any sub-box,0,0.1,,31,37,5.0,,,,,,,,223,21026,1,32,8000,10,3,NVIDIA A100-SXM4-80GB,
2026-03-24T12:54:51.634593,DKT_ideal__Orai1WT-MDSnap-Fr400_cleaned,Orai1WT-MDSnap-Fr400_cleaned,DKT_ideal,failed,No output from any sub-box,0,0.1,,55,65,12.0,,,,,,,,223,21026,1,32,8000,10,3,NVIDIA A100-SXM4-80GB,
2026-03-24T12:54:51.657553,DLP_ideal__Orai1WT-MDSnap-Fr400_cleaned,Orai1WT-MDSnap-Fr400_cleaned,DLP_ideal,failed,No output from any sub-box,0,0.1,,54,54,20.0,,,,,,,,223,21026,1,32,8000,10,3,NVIDIA A100-SXM4-80GB,
2026-03-24T12:54:51.680790,DMB_ideal__Orai1WT-MDSnap-Fr400_cleaned,Orai1WT-MDSnap-Fr400_cleaned,DMB_ideal,failed,No output from any sub-box,0,0.1,,20,22,2.0,,,,,,,,223,21026,1,32,8000,10,3,NVIDIA A100-SXM4-80GB,
2026-03-24T12:54:51.716836,DMF_ideal__Orai1WT-MDSnap-Fr400_cleaned,Orai1WT-MDSnap-Fr400_cleaned,DMF_ideal,failed,No output from any sub-box,0,0.1,,5,5,,,,,,,,,223,21026,1,32,8000,10,3,NVIDIA A100-SXM4-80GB,
2026-03-24T12:54:51.729914,DMS_ideal__Orai1WT-MDSnap-Fr400_cleaned,Orai1WT-MDSnap-Fr400_cleaned,DMS_ideal,failed,No output from any sub-box,0,0.1,,4,4,,,,,,,,,223,21026,1,32,8000,10,3,NVIDIA A100-SXM4-80GB,
2026-03-24T12:54:51.742765,DMW_ideal__Orai1WT-MDSnap-Fr400_cleaned,Orai1WT-MDSnap-Fr400_cleaned,DMW_ideal,failed,No output from any sub-box,0,0.1,,14,14,,,,,,,,,223,21026,1,32,8000,10,3,NVIDIA A100-SXM4-80GB,
2026-03-24T12:54:51.762289,DMY_ideal__Orai1WT-MDSnap-Fr400_cleaned,Orai1WT-MDSnap-Fr400_cleaned,DMY_ideal,failed,No output from any sub-box,0,0.1,,35,42,4.0,,,,,,,,223,21026,1,32,8000,10,3,NVIDIA A100-SXM4-80GB,
2026-03-24T12:54:51.777821,DMZ_ideal__Orai1WT-MDSnap-Fr400_cleaned,Orai1WT-MDSnap-Fr400_cleaned,DMZ_ideal,failed,No output from any sub-box,0,0.1,,23,23,2.0,,,,,,,,223,21026,1,32,8000,10,3,NVIDIA A100-SXM4-80GB,
2026-03-24T12:54:51.793241,DN0_ideal__Orai1WT-MDSnap-Fr400_cleaned,Orai1WT-MDSnap-Fr400_cleaned,DN0_ideal,failed,No output from any sub-box,0,0.1,,32,33,4.0,,,,,,,,223,21026,1,32,8000,10,3,NVIDIA A100-SXM4-80GB,
2026-03-24T12:54:51.816501,DND_ideal__Orai1WT-MDSnap-Fr400_cleaned,Orai1WT-MDSnap-Fr400_cleaned,DND_ideal,failed,No output from any sub-box,0,0.1,,44,53,9.0,,,,,,,,223,21026,1,32,8000,10,3,NVIDIA A100-SXM4-80GB,
2026-03-24T12:54:51.834517,DNQ_ideal__Orai1WT-MDSnap-Fr400_cleaned,Orai1WT-MDSnap-Fr400_cleaned,DNQ_ideal,failed,No output from any sub-box,0,0.1,,18,18,1.0,,,,,,,,223,21026,1,32,8000,10,3,NVIDIA A100-SXM4-80GB,
2026-03-24T12:54:51.853835,DOL_ideal__Orai1WT-MDSnap-Fr400_cleaned,Orai1WT-MDSnap-Fr400_cleaned,DOL_ideal,failed,No output from any sub-box,0,0.1,,50,52,11.0,,,,,,,,223,21026,1,32,8000,10,3,NVIDIA A100-SXM4-80GB,
2026-03-24T12:54:51.872669,DP4_ideal__Orai1WT-MDSnap-Fr400_cleaned,Orai1WT-MDSnap-Fr400_cleaned,DP4_ideal,failed,No output from any sub-box,0,0.1,,17,17,1.0,,,,,,,,223,21026,1,32,8000,10,3,NVIDIA A100-SXM4-80GB,
2026-03-24T12:54:51.891711,DPJ_ideal__Orai1WT-MDSnap-Fr400_cleaned,Orai1WT-MDSnap-Fr400_cleaned,DPJ_ideal,failed,No output from any sub-box,0,0.1,,9,10,2.0,,,,,,,,223,21026,1,32,8000,10,3,NVIDIA A100-SXM4-80GB,
2026-03-24T12:54:51.918456,DPN_ideal__Orai1WT-MDSnap-Fr400_cleaned,Orai1WT-MDSnap-Fr400_cleaned,DPN_ideal,failed,No output from any sub-box,0,0.1,,12,15,2.0,,,,,,,,223,21026,1,32,8000,10,3,NVIDIA A100-SXM4-80GB,
2026-03-24T12:54:51.938666,DPT_ideal__Orai1WT-MDSnap-Fr400_cleaned,Orai1WT-MDSnap-Fr400_cleaned,DPT_ideal,failed,No output from any sub-box,0,0.1,,16,16,,,,,,,,,223,21026,1,32,8000,10,3,NVIDIA A100-SXM4-80GB,
2026-03-24T12:54:51.959416,DQN_ideal__Orai1WT-MDSnap-Fr400_cleaned,Orai1WT-MDSnap-Fr400_cleaned,DQN_ideal,failed,No output from any sub-box,0,0.1,,12,12,,,,,,,,,223,21026,1,32,8000,10,3,NVIDIA A100-SXM4-80GB,
2026-03-24T12:54:51.977864,DR6_ideal__Orai1WT-MDSnap-Fr400_cleaned,Orai1WT-MDSnap-Fr400_cleaned,DR6_ideal,failed,No output from any sub-box,0,0.1,,105,106,47.0,,,,,,,,223,21026,1,32,8000,10,3,NVIDIA A100-SXM4-80GB,
2026-03-24T12:54:51.995919,DR7_ideal__Orai1WT-MDSnap-Fr400_cleaned,Orai1WT-MDSnap-Fr400_cleaned,DR7_ideal,failed,No output from any sub-box,0,0.1,,51,56,9.0,,,,,,,,223,21026,1,32,8000,10,3,NVIDIA A100-SXM4-80GB,
2026-03-24T12:54:52.028409,DR9_ideal__Orai1WT-MDSnap-Fr400_cleaned,Orai1WT-MDSnap-Fr400_cleaned,DR9_ideal,failed,No output from any sub-box,0,0.1,,51,54,21.0,,,,,,,,223,21026,1,32,8000,10,3,NVIDIA A100-SXM4-80GB,
2026-03-24T12:54:52.049967,DRA_ideal__Orai1WT-MDSnap-Fr400_cleaned,Orai1WT-MDSnap-Fr400_cleaned,DRA_ideal,failed,No output from any sub-box,0,0.1,,55,60,6.0,,,,,,,,223,21026,1,32,8000,10,3,NVIDIA A100-SXM4-80GB,
2026-03-24T12:54:52.073955,DSM_ideal__Orai1WT-MDSnap-Fr400_cleaned,Orai1WT-MDSnap-Fr400_cleaned,DSM_ideal,failed,No output from any sub-box,0,0.1,,22,23,4.0,,,,,,,,223,21026,1,32,8000,10,3,NVIDIA A100-SXM4-80GB,
2026-03-24T12:54:52.096003,DSO_ideal__Orai1WT-MDSnap-Fr400_cleaned,Orai1WT-MDSnap-Fr400_cleaned,DSO_ideal,failed,No output from any sub-box,0,0.1,,38,40,6.0,,,,,,,,223,21026,1,32,8000,10,3,NVIDIA A100-SXM4-80GB,
2026-03-24T12:54:52.130138,DTD_ideal__Orai1WT-MDSnap-Fr400_cleaned,Orai1WT-MDSnap-Fr400_cleaned,DTD_ideal,failed,No output from any sub-box,0,0.1,,8,10,1.0,,,,,,,,223,21026,1,32,8000,10,3,NVIDIA A100-SXM4-80GB,
2026-03-24T12:54:52.154766,DTL_ideal__Orai1WT-MDSnap-Fr400_cleaned,Orai1WT-MDSnap-Fr400_cleaned,DTL_ideal,failed,No output from any sub-box,0,0.1,,8,12,3.0,,,,,,,,223,21026,1,32,8000,10,3,NVIDIA A100-SXM4-80GB,
2026-03-24T12:54:52.178514,DTT_ideal__Orai1WT-MDSnap-Fr400_cleaned,Orai1WT-MDSnap-Fr400_cleaned,DTT_ideal,failed,No output from any sub-box,0,0.1,,8,12,3.0,,,,,,,,223,21026,1,32,8000,10,3,NVIDIA A100-SXM4-80GB,
2026-03-24T12:54:52.201549,DTV_ideal__Orai1WT-MDSnap-Fr400_cleaned,Orai1WT-MDSnap-Fr400_cleaned,DTV_ideal,failed,No output from any sub-box,0,0.1,,8,12,3.0,,,,,,,,223,21026,1,32,8000,10,3,NVIDIA A100-SXM4-80GB,
2026-03-24T12:54:52.243588,DTY_ideal__Orai1WT-MDSnap-Fr400_cleaned,Orai1WT-MDSnap-Fr400_cleaned,DTY_ideal,failed,No output from any sub-box,0,0.1,,13,17,3.0,,,,,,,,223,21026,1,32,8000,10,3,NVIDIA A100-SXM4-80GB,
2026-03-24T12:54:52.265700,DVP_ideal__Orai1WT-MDSnap-Fr400_cleaned,Orai1WT-MDSnap-Fr400_cleaned,DVP_ideal,failed,No output from any sub-box,0,0.1,,32,37,4.0,,,,,,,,223,21026,1,32,8000,10,3,NVIDIA A100-SXM4-80GB,
2026-03-24T12:54:52.289915,DXE_ideal__Orai1WT-MDSnap-Fr400_cleaned,Orai1WT-MDSnap-Fr400_cleaned,DXE_ideal,failed,No output from any sub-box,0,0.1,,6,6,1.0,,,,,,,,223,21026,1,32,8000,10,3,NVIDIA A100-SXM4-80GB,
2026-03-24T12:54:52.317104,DXX_ideal__Orai1WT-MDSnap-Fr400_cleaned,Orai1WT-MDSnap-Fr400_cleaned,DXX_ideal,failed,No output from any sub-box,0,0.1,,8,10,2.0,,,,,,,,223,21026,1,32,8000,10,3,NVIDIA A100-SXM4-80GB,
2026-03-24T12:54:52.338998,DZ1_ideal__Orai1WT-MDSnap-Fr400_cleaned,Orai1WT-MDSnap-Fr400_cleaned,DZ1_ideal,failed,No output from any sub-box,0,0.1,,20,22,1.0,,,,,,,,223,21026,1,32,8000,10,3,NVIDIA A100-SXM4-80GB,
2026-03-24T12:54:52.362299,DZ2_ideal__Orai1WT-MDSnap-Fr400_cleaned,Orai1WT-MDSnap-Fr400_cleaned,DZ2_ideal,failed,No output from any sub-box,0,0.1,,20,22,1.0,,,,,,,,223,21026,1,32,8000,10,3,NVIDIA A100-SXM4-80GB,
2026-03-24T12:54:52.384678,DZ3_ideal__Orai1WT-MDSnap-Fr400_cleaned,Orai1WT-MDSnap-Fr400_cleaned,DZ3_ideal,failed,No output from any sub-box,0,0.1,,21,24,2.0,,,,,,,,223,21026,1,32,8000,10,3,NVIDIA A100-SXM4-80GB,
2026-03-24T12:54:52.430534,DZZ_ideal__Orai1WT-MDSnap-Fr400_cleaned,Orai1WT-MDSnap-Fr400_cleaned,DZZ_ideal,failed,No output from any sub-box,0,0.1,,7,8,1.0,,,,,,,,223,21026,1,32,8000,10,3,NVIDIA A100-SXM4-80GB,
2026-03-24T12:54:52.457839,E1P_ideal__Orai1WT-MDSnap-Fr400_cleaned,Orai1WT-MDSnap-Fr400_cleaned,E1P_ideal,failed,No output from any sub-box,0,0.1,,13,13,1.0,,,,,,,,223,21026,1,32,8000,10,3,NVIDIA A100-SXM4-80GB,
2026-03-24T12:54:52.479800,E4B_ideal__Orai1WT-MDSnap-Fr400_cleaned,Orai1WT-MDSnap-Fr400_cleaned,E4B_ideal,failed,No output from any sub-box,0,0.1,,12,13,2.0,,,,,,,,223,21026,1,32,8000,10,3,NVIDIA A100-SXM4-80GB,
2026-03-24T12:54:52.494164,E55_ideal__Orai1WT-MDSnap-Fr400_cleaned,Orai1WT-MDSnap-Fr400_cleaned,E55_ideal,failed,No output from any sub-box,0,0.1,,89,96,32.0,,,,,,,,223,21026,1,32,8000,10,3,NVIDIA A100-SXM4-80GB,
2026-03-24T12:54:52.524046,EAO_ideal__Orai1WT-MDSnap-Fr400_cleaned,Orai1WT-MDSnap-Fr400_cleaned,EAO_ideal,failed,No output from any sub-box,0,0.1,,19,21,3.0,,,,,,,,223,21026,1,32,8000,10,3,NVIDIA A100-SXM4-80GB,
2026-03-24T12:54:52.536110,ED9_ideal__Orai1WT-MDSnap-Fr400_cleaned,Orai1WT-MDSnap-Fr400_cleaned,ED9_ideal,failed,No output from any sub-box,0,0.1,,35,39,7.0,,,,,,,,223,21026,1,32,8000,10,3,NVIDIA A100-SXM4-80GB,
2026-03-24T12:54:52.550720,EDN_ideal__Orai1WT-MDSnap-Fr400_cleaned,Orai1WT-MDSnap-Fr400_cleaned,EDN_ideal,failed,No output from any sub-box,0,0.1,,4,8,1.0,,,,,,,,223,21026,1,32,8000,10,3,NVIDIA A100-SXM4-80GB,
2026-03-24T12:54:52.567623,EF6_ideal__Orai1WT-MDSnap-Fr400_cleaned,Orai1WT-MDSnap-Fr400_cleaned,EF6_ideal,failed,No output from any sub-box,0,0.1,,24,28,2.0,,,,,,,,223,21026,1,32,8000,10,3,NVIDIA A100-SXM4-80GB,
2026-03-24T12:54:52.587303,EG3_ideal__Orai1WT-MDSnap-Fr400_cleaned,Orai1WT-MDSnap-Fr400_cleaned,EG3_ideal,failed,No output from any sub-box,0,0.1,,33,39,8.0,,,,,,,,223,21026,1,32,8000,10,3,NVIDIA A100-SXM4-80GB,
2026-03-24T12:54:52.617017,EH5_ideal__Orai1WT-MDSnap-Fr400_cleaned,Orai1WT-MDSnap-Fr400_cleaned,EH5_ideal,failed,No output from any sub-box,0,0.1,,59,61,10.0,,,,,,,,223,21026,1,32,8000,10,3,NVIDIA A100-SXM4-80GB,
2026-03-24T12:54:52.637573,EHA_ideal__Orai1WT-MDSnap-Fr400_cleaned,Orai1WT-MDSnap-Fr400_cleaned,EHA_ideal,failed,No output from any sub-box,0,0.1,,39,40,6.0,,,,,,,,223,21026,1,32,8000,10,3,NVIDIA A100-SXM4-80GB,
2026-03-24T12:54:52.657462,EI3_ideal__Orai1WT-MDSnap-Fr400_cleaned,Orai1WT-MDSnap-Fr400_cleaned,EI3_ideal,failed,No output from any sub-box,0,0.1,,14,14,0.0,,,,,,,,223,21026,1,32,8000,10,3,NVIDIA A100-SXM4-80GB,
2026-03-24T12:54:52.675217,ELA_ideal__Orai1WT-MDSnap-Fr400_cleaned,Orai1WT-MDSnap-Fr400_cleaned,ELA_ideal,failed,No output from any sub-box,0,0.1,,20,21,8.0,,,,,,,,223,21026,1,32,8000,10,3,NVIDIA A100-SXM4-80GB,
2026-03-24T12:54:52.692167,ELD_ideal__Orai1WT-MDSnap-Fr400_cleaned,Orai1WT-MDSnap-Fr400_cleaned,ELD_ideal,failed,No output from any sub-box,0,0.1,,20,22,7.0,,,,,,,,223,21026,1,32,8000,10,3,NVIDIA A100-SXM4-80GB,
2026-03-24T12:54:52.716965,EM1_ideal__Orai1WT-MDSnap-Fr400_cleaned,Orai1WT-MDSnap-Fr400_cleaned,EM1_ideal,failed,No output from any sub-box,0,0.1,,62,65,12.0,,,,,,,,223,21026,1,32,8000,10,3,NVIDIA A100-SXM4-80GB,
2026-03-24T12:54:52.738863,EMH_ideal__Orai1WT-MDSnap-Fr400_cleaned,Orai1WT-MDSnap-Fr400_cleaned,EMH_ideal,failed,No output from any sub-box,0,0.1,,36,37,1.0,,,,,,,,223,21026,1,32,8000,10,3,NVIDIA A100-SXM4-80GB,
2026-03-24T12:54:52.758527,EMR_ideal__Orai1WT-MDSnap-Fr400_cleaned,Orai1WT-MDSnap-Fr400_cleaned,EMR_ideal,failed,No output from any sub-box,0,0.1,,9,11,1.0,,,,,,,,223,21026,1,32,8000,10,3,NVIDIA A100-SXM4-80GB,
2026-03-24T12:54:52.775975,ENA_ideal__Orai1WT-MDSnap-Fr400_cleaned,Orai1WT-MDSnap-Fr400_cleaned,ENA_ideal,failed,No output from any sub-box,0,0.1,,46,53,7.0,,,,,,,,223,21026,1,32,8000,10,3,NVIDIA A100-SXM4-80GB,
2026-03-24T12:54:52.794282,ENB_ideal__Orai1WT-MDSnap-Fr400_cleaned,Orai1WT-MDSnap-Fr400_cleaned,ENB_ideal,failed,No output from any sub-box,0,0.1,,40,44,7.0,,,,,,,,223,21026,1,32,8000,10,3,NVIDIA A100-SXM4-80GB,
2026-03-24T12:54:52.816122,ENO_ideal__Orai1WT-MDSnap-Fr400_cleaned,Orai1WT-MDSnap-Fr400_cleaned,ENO_ideal,failed,No output from any sub-box,0,0.1,,13,15,2.0,,,,,,,,223,21026,1,32,8000,10,3,NVIDIA A100-SXM4-80GB,
2026-03-24T12:54:52.833322,ENP_ideal__Orai1WT-MDSnap-Fr400_cleaned,Orai1WT-MDSnap-Fr400_cleaned,ENP_ideal,failed,No output from any sub-box,0,0.1,,42,50,9.0,,,,,,,,223,21026,1,32,8000,10,3,NVIDIA A100-SXM4-80GB,
2026-03-24T12:54:52.853525,EOU_ideal__Orai1WT-MDSnap-Fr400_cleaned,Orai1WT-MDSnap-Fr400_cleaned,EOU_ideal,failed,No output from any sub-box,0,0.1,,10,10,2.0,,,,,,,,223,21026,1,32,8000,10,3,NVIDIA A100-SXM4-80GB,
2026-03-24T12:54:52.916701,EP6_ideal__Orai1WT-MDSnap-Fr400_cleaned,Orai1WT-MDSnap-Fr400_cleaned,EP6_ideal,failed,No output from any sub-box,0,0.1,,41,46,6.0,,,,,,,,223,21026,1,32,8000,10,3,NVIDIA A100-SXM4-80GB,
2026-03-24T12:54:52.931770,EPA_ideal__Orai1WT-MDSnap-Fr400_cleaned,Orai1WT-MDSnap-Fr400_cleaned,EPA_ideal,failed,No output from any sub-box,0,0.1,,22,23,7.0,,,,,,,,223,21026,1,32,8000,10,3,NVIDIA A100-SXM4-80GB,
2026-03-24T12:54:52.946455,EPH_ideal__Orai1WT-MDSnap-Fr400_cleaned,Orai1WT-MDSnap-Fr400_cleaned,EPH_ideal,failed,No output from any sub-box,0,0.1,,49,52,19.0,,,,,,,,223,21026,1,32,8000,10,3,NVIDIA A100-SXM4-80GB,
2026-03-24T12:54:52.959523,ESA_ideal__Orai1WT-MDSnap-Fr400_cleaned,Orai1WT-MDSnap-Fr400_cleaned,ESA_ideal,failed,No output from any sub-box,0,0.1,,6,7,1.0,,,,,,,,223,21026,1,32,8000,10,3,NVIDIA A100-SXM4-80GB,
2026-03-24T12:54:52.974144,ETF_ideal__Orai1WT-MDSnap-Fr400_cleaned,Orai1WT-MDSnap-Fr400_cleaned,ETF_ideal,failed,No output from any sub-box,0,0.1,,6,7,1.0,,,,,,,,223,21026,1,32,8000,10,3,NVIDIA A100-SXM4-80GB,
2026-03-24T12:54:52.987782,ETM_ideal__Orai1WT-MDSnap-Fr400_cleaned,Orai1WT-MDSnap-Fr400_cleaned,ETM_ideal,failed,No output from any sub-box,0,0.1,,7,8,1.0,,,,,,,,223,21026,1,32,8000,10,3,NVIDIA A100-SXM4-80GB,
2026-03-24T12:54:53.015467,ETZ_ideal__Orai1WT-MDSnap-Fr400_cleaned,Orai1WT-MDSnap-Fr400_cleaned,ETZ_ideal,failed,No output from any sub-box,0,0.1,,5,5,1.0,,,,,,,,223,21026,1,32,8000,10,3,NVIDIA A100-SXM4-80GB,
2026-03-24T12:54:53.035823,EYK_ideal__Orai1WT-MDSnap-Fr400_cleaned,Orai1WT-MDSnap-Fr400_cleaned,EYK_ideal,failed,No output from any sub-box,0,0.1,,12,14,1.0,,,,,,,,223,21026,1,32,8000,10,3,NVIDIA A100-SXM4-80GB,
2026-03-24T12:54:53.051126,F23_ideal__Orai1WT-MDSnap-Fr400_cleaned,Orai1WT-MDSnap-Fr400_cleaned,F23_ideal,failed,No output from any sub-box,0,0.1,,25,26,11.0,,,,,,,,223,21026,1,32,8000,10,3,NVIDIA A100-SXM4-80GB,
2026-03-24T12:54:53.069990,F3F_ideal__Orai1WT-MDSnap-Fr400_cleaned,Orai1WT-MDSnap-Fr400_cleaned,F3F_ideal,failed,No output from any sub-box,0,0.1,,25,26,2.0,,,,,,,,223,21026,1,32,8000,10,3,NVIDIA A100-SXM4-80GB,
2026-03-24T12:54:53.089088,F42_ideal__Orai1WT-MDSnap-Fr400_cleaned,Orai1WT-MDSnap-Fr400_cleaned,F42_ideal,failed,No output from any sub-box,0,0.1,,53,64,14.0,,,,,,,,223,21026,1,32,8000,10,3,NVIDIA A100-SXM4-80GB,
2026-03-24T12:54:53.118326,F6B_ideal__Orai1WT-MDSnap-Fr400_cleaned,Orai1WT-MDSnap-Fr400_cleaned,F6B_ideal,failed,No output from any sub-box,0,0.1,,22,25,2.0,,,,,,,,223,21026,1,32,8000,10,3,NVIDIA A100-SXM4-80GB,
2026-03-24T12:54:53.143119,F6M_ideal__Orai1WT-MDSnap-Fr400_cleaned,Orai1WT-MDSnap-Fr400_cleaned,F6M_ideal,failed,No output from any sub-box,0,0.1,,39,42,7.0,,,,,,,,223,21026,1,32,8000,10,3,NVIDIA A100-SXM4-80GB,
2026-03-24T12:54:53.161658,F6O_ideal__Orai1WT-MDSnap-Fr400_cleaned,Orai1WT-MDSnap-Fr400_cleaned,F6O_ideal,failed,No output from any sub-box,0,0.1,,41,43,4.0,,,,,,,,223,21026,1,32,8000,10,3,NVIDIA A100-SXM4-80GB,
2026-03-24T12:54:53.179890,F9R_ideal__Orai1WT-MDSnap-Fr400_cleaned,Orai1WT-MDSnap-Fr400_cleaned,F9R_ideal,failed,No output from any sub-box,0,0.1,,54,59,6.0,,,,,,,,223,21026,1,32,8000,10,3,NVIDIA A100-SXM4-80GB,
2026-03-24T12:54:53.195021,FAB_ideal__Orai1WT-MDSnap-Fr400_cleaned,Orai1WT-MDSnap-Fr400_cleaned,FAB_ideal,failed,No output from any sub-box,0,0.1,,58,67,11.0,,,,,,,,223,21026,1,32,8000,10,3,NVIDIA A100-SXM4-80GB,
2026-03-24T12:54:53.217233,FAC_ideal__Orai1WT-MDSnap-Fr400_cleaned,Orai1WT-MDSnap-Fr400_cleaned,FAC_ideal,failed,No output from any sub-box,0,0.1,,11,13,2.0,,,,,,,,223,21026,1,32,8000,10,3,NVIDIA A100-SXM4-80GB,
2026-03-24T12:54:53.234792,FAD_ideal__Orai1WT-MDSnap-Fr400_cleaned,Orai1WT-MDSnap-Fr400_cleaned,FAD_ideal,failed,No output from any sub-box,0,0.1,,53,63,10.0,,,,,,,,223,21026,1,32,8000,10,3,NVIDIA A100-SXM4-80GB,
2026-03-24T12:54:53.250837,FAE_ideal__Orai1WT-MDSnap-Fr400_cleaned,Orai1WT-MDSnap-Fr400_cleaned,FAE_ideal,failed,No output from any sub-box,0,0.1,,53,64,10.0,,,,,,,,223,21026,1,32,8000,10,3,NVIDIA A100-SXM4-80GB,
2026-03-24T12:54:53.269780,FBA_ideal__Orai1WT-MDSnap-Fr400_cleaned,Orai1WT-MDSnap-Fr400_cleaned,FBA_ideal,failed,No output from any sub-box,0,0.1,,9,12,1.0,,,,,,,,223,21026,1,32,8000,10,3,NVIDIA A100-SXM4-80GB,
2026-03-24T12:54:53.283917,FBC_ideal__Orai1WT-MDSnap-Fr400_cleaned,Orai1WT-MDSnap-Fr400_cleaned,FBC_ideal,failed,No output from any sub-box,0,0.1,,17,18,1.0,,,,,,,,223,21026,1,32,8000,10,3,NVIDIA A100-SXM4-80GB,
2026-03-24T12:54:53.298966,FBS_ideal__Orai1WT-MDSnap-Fr400_cleaned,Orai1WT-MDSnap-Fr400_cleaned,FBS_ideal,failed,No output from any sub-box,0,0.1,,11,13,1.0,,,,,,,,223,21026,1,32,8000,10,3,NVIDIA A100-SXM4-80GB,
2026-03-24T12:54:53.325817,FBT_ideal__Orai1WT-MDSnap-Fr400_cleaned,Orai1WT-MDSnap-Fr400_cleaned,FBT_ideal,failed,No output from any sub-box,0,0.1,,12,14,1.0,,,,,,,,223,21026,1,32,8000,10,3,NVIDIA A100-SXM4-80GB,
2026-03-24T12:54:53.345386,FBU_ideal__Orai1WT-MDSnap-Fr400_cleaned,Orai1WT-MDSnap-Fr400_cleaned,FBU_ideal,failed,No output from any sub-box,0,0.1,,12,14,1.0,,,,,,,,223,21026,1,32,8000,10,3,NVIDIA A100-SXM4-80GB,
2026-03-24T12:54:53.363389,FCR_ideal__Orai1WT-MDSnap-Fr400_cleaned,Orai1WT-MDSnap-Fr400_cleaned,FCR_ideal,failed,No output from any sub-box,0,0.1,,11,12,1.0,,,,,,,,223,21026,1,32,8000,10,3,NVIDIA A100-SXM4-80GB,
2026-03-24T12:54:53.380337,FCX_ideal__Orai1WT-MDSnap-Fr400_cleaned,Orai1WT-MDSnap-Fr400_cleaned,FCX_ideal,failed,No output from any sub-box,0,0.1,,52,63,14.0,,,,,,,,223,21026,1,32,8000,10,3,NVIDIA A100-SXM4-80GB,
2026-03-24T12:54:53.396760,FE1_ideal__Orai1WT-MDSnap-Fr400_cleaned,Orai1WT-MDSnap-Fr400_cleaned,FE1_ideal,failed,No output from any sub-box,0,0.1,,33,37,4.0,,,,,,,,223,21026,1,32,8000,10,3,NVIDIA A100-SXM4-80GB,
2026-03-24T12:54:53.448492,FFB_ideal__Orai1WT-MDSnap-Fr400_cleaned,Orai1WT-MDSnap-Fr400_cleaned,FFB_ideal,failed,No output from any sub-box,0,0.1,,25,28,2.0,,,,,,,,223,21026,1,32,8000,10,3,NVIDIA A100-SXM4-80GB,
2026-03-24T12:54:53.470286,FGL_ideal__Orai1WT-MDSnap-Fr400_cleaned,Orai1WT-MDSnap-Fr400_cleaned,FGL_ideal,failed,No output from any sub-box,0,0.1,,8,12,2.0,,,,,,,,223,21026,1,32,8000,10,3,NVIDIA A100-SXM4-80GB,
2026-03-24T12:54:53.493704,FHC_ideal__Orai1WT-MDSnap-Fr400_cleaned,Orai1WT-MDSnap-Fr400_cleaned,FHC_ideal,failed,No output from any sub-box,0,0.1,,13,14,1.0,,,,,,,,223,21026,1,32,8000,10,3,NVIDIA A100-SXM4-80GB,
2026-03-24T12:54:53.517962,FI8_ideal__Orai1WT-MDSnap-Fr400_cleaned,Orai1WT-MDSnap-Fr400_cleaned,FI8_ideal,failed,No output from any sub-box,0,0.1,,74,81,17.0,,,,,,,,223,21026,1,32,8000,10,3,NVIDIA A100-SXM4-80GB,
2026-03-24T12:54:53.539921,FJ0_ideal__Orai1WT-MDSnap-Fr400_cleaned,Orai1WT-MDSnap-Fr400_cleaned,FJ0_ideal,failed,No output from any sub-box,0,0.1,,36,38,3.0,,,,,,,,223,21026,1,32,8000,10,3,NVIDIA A100-SXM4-80GB,
2026-03-24T12:54:53.562563,FLA_ideal__Orai1WT-MDSnap-Fr400_cleaned,Orai1WT-MDSnap-Fr400_cleaned,FLA_ideal,failed,No output from any sub-box,0,0.1,,9,12,2.0,,,,,,,,223,21026,1,32,8000,10,3,NVIDIA A100-SXM4-80GB,
2026-03-24T12:54:53.579435,FMM_ideal__Orai1WT-MDSnap-Fr400_cleaned,Orai1WT-MDSnap-Fr400_cleaned,FMM_ideal,failed,No output from any sub-box,0,0.1,,40,42,5.0,,,,,,,,223,21026,1,32,8000,10,3,NVIDIA A100-SXM4-80GB,
2026-03-24T12:54:53.598868,FNP_ideal__Orai1WT-MDSnap-Fr400_cleaned,Orai1WT-MDSnap-Fr400_cleaned,FNP_ideal,failed,No output from any sub-box,0,0.1,,24,28,4.0,,,,,,,,223,21026,1,32,8000,10,3,NVIDIA A100-SXM4-80GB,
2026-03-24T12:54:53.634785,FOS_ideal__Orai1WT-MDSnap-Fr400_cleaned,Orai1WT-MDSnap-Fr400_cleaned,FOS_ideal,failed,No output from any sub-box,0,0.1,,16,19,3.0,,,,,,,,223,21026,1,32,8000,10,3,NVIDIA A100-SXM4-80GB,
2026-03-24T12:54:53.657543,FPI_ideal__Orai1WT-MDSnap-Fr400_cleaned,Orai1WT-MDSnap-Fr400_cleaned,FPI_ideal,failed,No output from any sub-box,0,0.1,,8,8,,,,,,,,,223,21026,1,32,8000,10,3,NVIDIA A100-SXM4-80GB,
2026-03-24T12:54:53.679435,FPO_ideal__Orai1WT-MDSnap-Fr400_cleaned,Orai1WT-MDSnap-Fr400_cleaned,FPO_ideal,failed,No output from any sub-box,0,0.1,,5,5,,,,,,,,,223,21026,1,32,8000,10,3,NVIDIA A100-SXM4-80GB,
2026-03-24T12:54:53.700624,FR1_ideal__Orai1WT-MDSnap-Fr400_cleaned,Orai1WT-MDSnap-Fr400_cleaned,FR1_ideal,failed,No output from any sub-box,0,0.1,,40,44,7.0,,,,,,,,223,21026,1,32,8000,10,3,NVIDIA A100-SXM4-80GB,
2026-03-24T12:54:53.734668,FRB_ideal__Orai1WT-MDSnap-Fr400_cleaned,Orai1WT-MDSnap-Fr400_cleaned,FRB_ideal,failed,No output from any sub-box,0,0.1,,36,42,3.0,,,,,,,,223,21026,1,32,8000,10,3,NVIDIA A100-SXM4-80GB,
2026-03-24T12:54:53.756247,FRE_ideal__Orai1WT-MDSnap-Fr400_cleaned,Orai1WT-MDSnap-Fr400_cleaned,FRE_ideal,failed,No output from any sub-box,0,0.1,,62,74,16.0,,,,,,,,223,21026,1,32,8000,10,3,NVIDIA A100-SXM4-80GB,
2026-03-24T12:54:53.779714,FRH_ideal__Orai1WT-MDSnap-Fr400_cleaned,Orai1WT-MDSnap-Fr400_cleaned,FRH_ideal,failed,No output from any sub-box,0,0.1,,45,51,6.0,,,,,,,,223,21026,1,32,8000,10,3,NVIDIA A100-SXM4-80GB,
2026-03-24T12:54:53.801735,FRI_ideal__Orai1WT-MDSnap-Fr400_cleaned,Orai1WT-MDSnap-Fr400_cleaned,FRI_ideal,failed,No output from any sub-box,0,0.1,,47,53,6.0,,,,,,,,223,21026,1,32,8000,10,3,NVIDIA A100-SXM4-80GB,
2026-03-24T12:54:53.838166,FUG_ideal__Orai1WT-MDSnap-Fr400_cleaned,Orai1WT-MDSnap-Fr400_cleaned,FUG_ideal,failed,No output from any sub-box,0,0.1,,33,35,6.0,,,,,,,,223,21026,1,32,8000,10,3,NVIDIA A100-SXM4-80GB,
2026-03-24T12:54:53.859703,FUM_ideal__Orai1WT-MDSnap-Fr400_cleaned,Orai1WT-MDSnap-Fr400_cleaned,FUM_ideal,failed,No output from any sub-box,0,0.1,,8,10,2.0,,,,,,,,223,21026,1,32,8000,10,3,NVIDIA A100-SXM4-80GB,
2026-03-24T12:54:53.881111,FXG_ideal__Orai1WT-MDSnap-Fr400_cleaned,Orai1WT-MDSnap-Fr400_cleaned,FXG_ideal,failed,No output from any sub-box,0,0.1,,31,35,6.0,,,,,,,,223,21026,1,32,8000,10,3,NVIDIA A100-SXM4-80GB,
2026-03-24T12:54:53.917203,G1L_ideal__Orai1WT-MDSnap-Fr400_cleaned,Orai1WT-MDSnap-Fr400_cleaned,G1L_ideal,failed,No output from any sub-box,0,0.1,,18,19,2.0,,,,,,,,223,21026,1,32,8000,10,3,NVIDIA A100-SXM4-80GB,
2026-03-24T12:54:53.939804,G2H_ideal__Orai1WT-MDSnap-Fr400_cleaned,Orai1WT-MDSnap-Fr400_cleaned,G2H_ideal,failed,No output from any sub-box,0,0.1,,10,14,4.0,,,,,,,,223,21026,1,32,8000,10,3,NVIDIA A100-SXM4-80GB,
2026-03-24T12:54:53.963516,G50_ideal__Orai1WT-MDSnap-Fr400_cleaned,Orai1WT-MDSnap-Fr400_cleaned,G50_ideal,failed,No output from any sub-box,0,0.1,,20,24,4.0,,,,,,,,223,21026,1,32,8000,10,3,NVIDIA A100-SXM4-80GB,
2026-03-24T12:54:53.985733,G65_ideal__Orai1WT-MDSnap-Fr400_cleaned,Orai1WT-MDSnap-Fr400_cleaned,G65_ideal,failed,No output from any sub-box,0,0.1,,36,38,3.0,,,,,,,,223,21026,1,32,8000,10,3,NVIDIA A100-SXM4-80GB,
2026-03-24T12:54:54.019029,GAH_ideal__Orai1WT-MDSnap-Fr400_cleaned,Orai1WT-MDSnap-Fr400_cleaned,GAH_ideal,failed,No output from any sub-box,0,0.1,,55,69,10.0,,,,,,,,223,21026,1,32,8000,10,3,NVIDIA A100-SXM4-80GB,
2026-03-24T12:54:54.043746,GB5_ideal__Orai1WT-MDSnap-Fr400_cleaned,Orai1WT-MDSnap-Fr400_cleaned,GB5_ideal,failed,No output from any sub-box,0,0.1,,13,15,1.0,,,,,,,,223,21026,1,32,8000,10,3,NVIDIA A100-SXM4-80GB,
2026-03-24T12:54:54.067322,GBM_ideal__Orai1WT-MDSnap-Fr400_cleaned,Orai1WT-MDSnap-Fr400_cleaned,GBM_ideal,failed,No output from any sub-box,0,0.1,,33,36,4.0,,,,,,,,223,21026,1,32,8000,10,3,NVIDIA A100-SXM4-80GB,
2026-03-24T12:54:54.090633,GBN_ideal__Orai1WT-MDSnap-Fr400_cleaned,Orai1WT-MDSnap-Fr400_cleaned,GBN_ideal,failed,No output from any sub-box,0,0.1,,12,15,2.0,,,,,,,,223,21026,1,32,8000,10,3,NVIDIA A100-SXM4-80GB,
2026-03-24T12:54:54.116301,GCG_ideal__Orai1WT-MDSnap-Fr400_cleaned,Orai1WT-MDSnap-Fr400_cleaned,GCG_ideal,failed,No output from any sub-box,0,0.1,,48,63,16.0,,,,,,,,223,21026,1,32,8000,10,3,NVIDIA A100-SXM4-80GB,
2026-03-24T12:54:54.140319,GD7_ideal__Orai1WT-MDSnap-Fr400_cleaned,Orai1WT-MDSnap-Fr400_cleaned,GD7_ideal,failed,No output from any sub-box,0,0.1,,10,11,1.0,,,,,,,,223,21026,1,32,8000,10,3,NVIDIA A100-SXM4-80GB,
2026-03-24T12:54:54.178394,GD8_ideal__Orai1WT-MDSnap-Fr400_cleaned,Orai1WT-MDSnap-Fr400_cleaned,GD8_ideal,failed,No output from any sub-box,0,0.1,,10,11,1.0,,,,,,,,223,21026,1,32,8000,10,3,NVIDIA A100-SXM4-80GB,
2026-03-24T12:54:54.201806,GEL_ideal__Orai1WT-MDSnap-Fr400_cleaned,Orai1WT-MDSnap-Fr400_cleaned,GEL_ideal,failed,No output from any sub-box,0,0.1,,31,35,13.0,,,,,,,,223,21026,1,32,8000,10,3,NVIDIA A100-SXM4-80GB,
2026-03-24T12:54:54.238900,GG5_ideal__Orai1WT-MDSnap-Fr400_cleaned,Orai1WT-MDSnap-Fr400_cleaned,GG5_ideal,failed,No output from any sub-box,0,0.1,,18,19,1.0,,,,,,,,223,21026,1,32,8000,10,3,NVIDIA A100-SXM4-80GB,
2026-03-24T12:54:54.260482,GHP_ideal__Orai1WT-MDSnap-Fr400_cleaned,Orai1WT-MDSnap-Fr400_cleaned,GHP_ideal,failed,No output from any sub-box,0,0.1,,12,16,2.0,,,,,,,,223,21026,1,32,8000,10,3,NVIDIA A100-SXM4-80GB,
2026-03-24T12:54:54.281519,GJZ_ideal__Orai1WT-MDSnap-Fr400_cleaned,Orai1WT-MDSnap-Fr400_cleaned,GJZ_ideal,failed,No output from any sub-box,0,0.1,,10,12,1.0,,,,,,,,223,21026,1,32,8000,10,3,NVIDIA A100-SXM4-80GB,
2026-03-24T12:54:54.317637,GL8_ideal__Orai1WT-MDSnap-Fr400_cleaned,Orai1WT-MDSnap-Fr400_cleaned,GL8_ideal,failed,No output from any sub-box,0,0.1,,41,42,7.0,,,,,,,,223,21026,1,32,8000,10,3,NVIDIA A100-SXM4-80GB,
2026-03-24T12:54:54.340127,GLE_ideal__Orai1WT-MDSnap-Fr400_cleaned,Orai1WT-MDSnap-Fr400_cleaned,GLE_ideal,failed,No output from any sub-box,0,0.1,,26,27,9.0,,,,,,,,223,21026,1,32,8000,10,3,NVIDIA A100-SXM4-80GB,
2026-03-24T12:54:54.361094,GLL_ideal__Orai1WT-MDSnap-Fr400_cleaned,Orai1WT-MDSnap-Fr400_cleaned,GLL_ideal,failed,No output from any sub-box,0,0.1,,10,14,,,,,,,,,223,21026,1,32,8000,10,3,NVIDIA A100-SXM4-80GB,
2026-03-24T12:54:54.385195,GNF_ideal__Orai1WT-MDSnap-Fr400_cleaned,Orai1WT-MDSnap-Fr400_cleaned,GNF_ideal,failed,No output from any sub-box,0,0.1,,32,35,5.0,,,,,,,,223,21026,1,32,8000,10,3,NVIDIA A100-SXM4-80GB,
2026-03-24T12:54:54.417769,GOL_ideal__Orai1WT-MDSnap-Fr400_cleaned,Orai1WT-MDSnap-Fr400_cleaned,GOL_ideal,failed,No output from any sub-box,0,0.1,,6,9,2.0,,,,,,,,223,21026,1,32,8000,10,3,NVIDIA A100-SXM4-80GB,
2026-03-24T12:54:54.439851,GP3_ideal__Orai1WT-MDSnap-Fr400_cleaned,Orai1WT-MDSnap-Fr400_cleaned,GP3_ideal,failed,No output from any sub-box,0,0.1,,51,64,10.0,,,,,,,,223,21026,1,32,8000,10,3,NVIDIA A100-SXM4-80GB,
2026-03-24T12:54:54.463410,GP6_ideal__Orai1WT-MDSnap-Fr400_cleaned,Orai1WT-MDSnap-Fr400_cleaned,GP6_ideal,failed,No output from any sub-box,0,0.1,,20,25,1.0,,,,,,,,223,21026,1,32,8000,10,3,NVIDIA A100-SXM4-80GB,
2026-03-24T12:54:54.486429,GTA_ideal__Orai1WT-MDSnap-Fr400_cleaned,Orai1WT-MDSnap-Fr400_cleaned,GTA_ideal,failed,No output from any sub-box,0,0.1,,51,63,10.0,,,,,,,,223,21026,1,32,8000,10,3,NVIDIA A100-SXM4-80GB,
2026-03-24T12:54:54.517343,GTG_ideal__Orai1WT-MDSnap-Fr400_cleaned,Orai1WT-MDSnap-Fr400_cleaned,GTG_ideal,failed,No output from any sub-box,0,0.1,,52,65,10.0,,,,,,,,223,21026,1,32,8000,10,3,NVIDIA A100-SXM4-80GB,
2026-03-24T12:54:54.540053,GTY_ideal__Orai1WT-MDSnap-Fr400_cleaned,Orai1WT-MDSnap-Fr400_cleaned,GTY_ideal,failed,No output from any sub-box,0,0.1,,28,34,10.0,,,,,,,,223,21026,1,32,8000,10,3,NVIDIA A100-SXM4-80GB,
2026-03-24T12:54:54.561321,GUA_ideal__Orai1WT-MDSnap-Fr400_cleaned,Orai1WT-MDSnap-Fr400_cleaned,GUA_ideal,failed,No output from any sub-box,0,0.1,,9,11,3.0,,,,,,,,223,21026,1,32,8000,10,3,NVIDIA A100-SXM4-80GB,
2026-03-24T12:54:54.583738,GV0_ideal__Orai1WT-MDSnap-Fr400_cleaned,Orai1WT-MDSnap-Fr400_cleaned,GV0_ideal,failed,No output from any sub-box,0,0.1,,46,49,4.0,,,,,,,,223,21026,1,32,8000,10,3,NVIDIA A100-SXM4-80GB,
2026-03-24T12:54:54.635396,GVC_ideal__Orai1WT-MDSnap-Fr400_cleaned,Orai1WT-MDSnap-Fr400_cleaned,GVC_ideal,failed,No output from any sub-box,0,0.1,,17,18,1.0,,,,,,,,223,21026,1,32,8000,10,3,NVIDIA A100-SXM4-80GB,
2026-03-24T12:54:54.651359,GVN_ideal__Orai1WT-MDSnap-Fr400_cleaned,Orai1WT-MDSnap-Fr400_cleaned,GVN_ideal,failed,No output from any sub-box,0,0.1,,21,24,2.0,,,,,,,,223,21026,1,32,8000,10,3,NVIDIA A100-SXM4-80GB,
2026-03-24T12:54:54.664326,GVO_ideal__Orai1WT-MDSnap-Fr400_cleaned,Orai1WT-MDSnap-Fr400_cleaned,GVO_ideal,failed,No output from any sub-box,0,0.1,,21,24,2.0,,,,,,,,223,21026,1,32,8000,10,3,NVIDIA A100-SXM4-80GB,
2026-03-24T12:54:54.676435,GVQ_ideal__Orai1WT-MDSnap-Fr400_cleaned,Orai1WT-MDSnap-Fr400_cleaned,GVQ_ideal,failed,No output from any sub-box,0,0.1,,16,18,2.0,,,,,,,,223,21026,1,32,8000,10,3,NVIDIA A100-SXM4-80GB,
2026-03-24T12:54:54.690718,GZB_ideal__Orai1WT-MDSnap-Fr400_cleaned,Orai1WT-MDSnap-Fr400_cleaned,GZB_ideal,failed,No output from any sub-box,0,0.1,,13,15,2.0,,,,,,,,223,21026,1,32,8000,10,3,NVIDIA A100-SXM4-80GB,
2026-03-24T12:54:54.715971,H11_ideal__Orai1WT-MDSnap-Fr400_cleaned,Orai1WT-MDSnap-Fr400_cleaned,H11_ideal,failed,No output from any sub-box,0,0.1,,21,22,5.0,,,,,,,,223,21026,1,32,8000,10,3,NVIDIA A100-SXM4-80GB,
2026-03-24T12:54:54.732701,H3P_ideal__Orai1WT-MDSnap-Fr400_cleaned,Orai1WT-MDSnap-Fr400_cleaned,H3P_ideal,failed,No output from any sub-box,0,0.1,,21,23,2.0,,,,,,,,223,21026,1,32,8000,10,3,NVIDIA A100-SXM4-80GB,
2026-03-24T12:54:54.745977,H4M_ideal__Orai1WT-MDSnap-Fr400_cleaned,Orai1WT-MDSnap-Fr400_cleaned,H4M_ideal,failed,No output from any sub-box,0,0.1,,54,66,13.0,,,,,,,,223,21026,1,32,8000,10,3,NVIDIA A100-SXM4-80GB,
2026-03-24T12:54:54.758878,HAI_ideal__Orai1WT-MDSnap-Fr400_cleaned,Orai1WT-MDSnap-Fr400_cleaned,HAI_ideal,failed,No output from any sub-box,0,0.1,,7,10,0.0,,,,,,,,223,21026,1,32,8000,10,3,NVIDIA A100-SXM4-80GB,
2026-03-24T12:54:54.771486,HAL_ideal__Orai1WT-MDSnap-Fr400_cleaned,Orai1WT-MDSnap-Fr400_cleaned,HAL_ideal,failed,No output from any sub-box,0,0.1,,33,37,8.0,,,,,,,,223,21026,1,32,8000,10,3,NVIDIA A100-SXM4-80GB,
2026-03-24T12:54:54.789572,HAZ_ideal__Orai1WT-MDSnap-Fr400_cleaned,Orai1WT-MDSnap-Fr400_cleaned,HAZ_ideal,failed,No output from any sub-box,0,0.1,,33,36,4.0,,,,,,,,223,21026,1,32,8000,10,3,NVIDIA A100-SXM4-80GB,
2026-03-24T12:54:54.816770,HBA_ideal__Orai1WT-MDSnap-Fr400_cleaned,Orai1WT-MDSnap-Fr400_cleaned,HBA_ideal,failed,No output from any sub-box,0,0.1,,9,10,1.0,,,,,,,,223,21026,1,32,8000,10,3,NVIDIA A100-SXM4-80GB,
2026-03-24T12:54:54.834388,HC4_ideal__Orai1WT-MDSnap-Fr400_cleaned,Orai1WT-MDSnap-Fr400_cleaned,HC4_ideal,failed,No output from any sub-box,0,0.1,,12,14,2.0,,,,,,,,223,21026,1,32,8000,10,3,NVIDIA A100-SXM4-80GB,
2026-03-24T12:54:54.850261,HCI_ideal__Orai1WT-MDSnap-Fr400_cleaned,Orai1WT-MDSnap-Fr400_cleaned,HCI_ideal,failed,No output from any sub-box,0,0.1,,11,12,2.0,,,,,,,,223,21026,1,32,8000,10,3,NVIDIA A100-SXM4-80GB,
2026-03-24T12:54:54.868085,HDC_ideal__Orai1WT-MDSnap-Fr400_cleaned,Orai1WT-MDSnap-Fr400_cleaned,HDC_ideal,failed,No output from any sub-box,0,0.1,,60,71,18.0,,,,,,,,223,21026,1,32,8000,10,3,NVIDIA A100-SXM4-80GB,
2026-03-24T12:54:54.884678,HDS_ideal__Orai1WT-MDSnap-Fr400_cleaned,Orai1WT-MDSnap-Fr400_cleaned,HDS_ideal,failed,No output from any sub-box,0,0.1,,20,21,8.0,,,,,,,,223,21026,1,32,8000,10,3,NVIDIA A100-SXM4-80GB,
2026-03-24T12:54:54.901358,HFA_ideal__Orai1WT-MDSnap-Fr400_cleaned,Orai1WT-MDSnap-Fr400_cleaned,HFA_ideal,failed,No output from any sub-box,0,0.1,,12,14,2.0,,,,,,,,223,21026,1,32,8000,10,3,NVIDIA A100-SXM4-80GB,
2026-03-24T12:54:54.937295,HFT_ideal__Orai1WT-MDSnap-Fr400_cleaned,Orai1WT-MDSnap-Fr400_cleaned,HFT_ideal,failed,No output from any sub-box,0,0.1,,20,22,2.0,,,,,,,,223,21026,1,32,8000,10,3,NVIDIA A100-SXM4-80GB,
2026-03-24T12:54:54.958808,HFZ_ideal__Orai1WT-MDSnap-Fr400_cleaned,Orai1WT-MDSnap-Fr400_cleaned,HFZ_ideal,failed,No output from any sub-box,0,0.1,,20,24,1.0,,,,,,,,223,21026,1,32,8000,10,3,NVIDIA A100-SXM4-80GB,
2026-03-24T12:54:54.981683,HG0_ideal__Orai1WT-MDSnap-Fr400_cleaned,Orai1WT-MDSnap-Fr400_cleaned,HG0_ideal,failed,No output from any sub-box,0,0.1,,19,23,2.0,,,,,,,,223,21026,1,32,8000,10,3,NVIDIA A100-SXM4-80GB,
2026-03-24T12:54:55.017752,HG9_ideal__Orai1WT-MDSnap-Fr400_cleaned,Orai1WT-MDSnap-Fr400_cleaned,HG9_ideal,failed,No output from any sub-box,0,0.1,,25,31,11.0,,,,,,,,223,21026,1,32,8000,10,3,NVIDIA A100-SXM4-80GB,
2026-03-24T12:54:55.040728,HHH_ideal__Orai1WT-MDSnap-Fr400_cleaned,Orai1WT-MDSnap-Fr400_cleaned,HHH_ideal,failed,No output from any sub-box,0,0.1,,12,15,2.0,,,,,,,,223,21026,1,32,8000,10,3,NVIDIA A100-SXM4-80GB,
2026-03-24T12:54:55.063831,HLT_ideal__Orai1WT-MDSnap-Fr400_cleaned,Orai1WT-MDSnap-Fr400_cleaned,HLT_ideal,failed,No output from any sub-box,0,0.1,,7,7,0.0,,,,,,,,223,21026,1,32,8000,10,3,NVIDIA A100-SXM4-80GB,
2026-03-24T12:54:55.085029,HMG_ideal__Orai1WT-MDSnap-Fr400_cleaned,Orai1WT-MDSnap-Fr400_cleaned,HMG_ideal,failed,No output from any sub-box,0,0.1,,58,65,14.0,,,,,,,,223,21026,1,32,8000,10,3,NVIDIA A100-SXM4-80GB,
2026-03-24T12:54:55.116569,HOP_ideal__Orai1WT-MDSnap-Fr400_cleaned,Orai1WT-MDSnap-Fr400_cleaned,HOP_ideal,failed,No output from any sub-box,0,0.1,,28,31,4.0,,,,,,,,223,21026,1,32,8000,10,3,NVIDIA A100-SXM4-80GB,
2026-03-24T12:54:55.138850,HPH_ideal__Orai1WT-MDSnap-Fr400_cleaned,Orai1WT-MDSnap-Fr400_cleaned,HPH_ideal,failed,No output from any sub-box,0,0.1,,12,16,3.0,,,,,,,,223,21026,1,32,8000,10,3,NVIDIA A100-SXM4-80GB,
2026-03-24T12:54:55.161061,HPP_ideal__Orai1WT-MDSnap-Fr400_cleaned,Orai1WT-MDSnap-Fr400_cleaned,HPP_ideal,failed,No output from any sub-box,0,0.1,,12,14,2.0,,,,,,,,223,21026,1,32,8000,10,3,NVIDIA A100-SXM4-80GB,
2026-03-24T12:54:55.189116,HPQ_ideal__Orai1WT-MDSnap-Fr400_cleaned,Orai1WT-MDSnap-Fr400_cleaned,HPQ_ideal,failed,No output from any sub-box,0,0.1,,13,15,2.0,,,,,,,,223,21026,1,32,8000,10,3,NVIDIA A100-SXM4-80GB,
2026-03-24T12:54:55.217852,HPS_ideal__Orai1WT-MDSnap-Fr400_cleaned,Orai1WT-MDSnap-Fr400_cleaned,HPS_ideal,failed,No output from any sub-box,0,0.1,,11,13,2.0,,,,,,,,223,21026,1,32,8000,10,3,NVIDIA A100-SXM4-80GB,
2026-03-24T12:54:55.242498,HQE_ideal__Orai1WT-MDSnap-Fr400_cleaned,Orai1WT-MDSnap-Fr400_cleaned,HQE_ideal,failed,No output from any sub-box,0,0.1,,8,10,1.0,,,,,,,,223,21026,1,32,8000,10,3,NVIDIA A100-SXM4-80GB,
2026-03-24T12:54:55.257479,HQQ_ideal__Orai1WT-MDSnap-Fr400_cleaned,Orai1WT-MDSnap-Fr400_cleaned,HQQ_ideal,failed,No output from any sub-box,0,0.1,,23,25,1.0,,,,,,,,223,21026,1,32,8000,10,3,NVIDIA A100-SXM4-80GB,
2026-03-24T12:54:55.271260,HS6_ideal__Orai1WT-MDSnap-Fr400_cleaned,Orai1WT-MDSnap-Fr400_cleaned,HS6_ideal,failed,No output from any sub-box,0,0.1,,16,17,2.0,,,,,,,,223,21026,1,32,8000,10,3,NVIDIA A100-SXM4-80GB,
2026-03-24T12:54:55.284581,HS7_ideal__Orai1WT-MDSnap-Fr400_cleaned,Orai1WT-MDSnap-Fr400_cleaned,HS7_ideal,failed,No output from any sub-box,0,0.1,,15,16,2.0,,,,,,,,223,21026,1,32,8000,10,3,NVIDIA A100-SXM4-80GB,
2026-03-24T12:54:55.301014,HSF_ideal__Orai1WT-MDSnap-Fr400_cleaned,Orai1WT-MDSnap-Fr400_cleaned,HSF_ideal,failed,No output from any sub-box,0,0.1,,20,20,7.0,,,,,,,,223,21026,1,32,8000,10,3,NVIDIA A100-SXM4-80GB,
2026-03-24T12:54:55.334215,HXA_ideal__Orai1WT-MDSnap-Fr400_cleaned,Orai1WT-MDSnap-Fr400_cleaned,HXA_ideal,failed,No output from any sub-box,0,0.1,,24,25,7.0,,,,,,,,223,21026,1,32,8000,10,3,NVIDIA A100-SXM4-80GB,
2026-03-24T12:54:55.350045,HXC_ideal__Orai1WT-MDSnap-Fr400_cleaned,Orai1WT-MDSnap-Fr400_cleaned,HXC_ideal,failed,No output from any sub-box,0,0.1,,55,65,15.0,,,,,,,,223,21026,1,32,8000,10,3,NVIDIA A100-SXM4-80GB,
2026-03-24T12:54:55.368029,HXP_ideal__Orai1WT-MDSnap-Fr400_cleaned,Orai1WT-MDSnap-Fr400_cleaned,HXP_ideal,failed,No output from any sub-box,0,0.1,,21,24,3.0,,,,,,,,223,21026,1,32,8000,10,3,NVIDIA A100-SXM4-80GB,
2026-03-24T12:54:55.385841,HY1_ideal__Orai1WT-MDSnap-Fr400_cleaned,Orai1WT-MDSnap-Fr400_cleaned,HY1_ideal,failed,No output from any sub-box,0,0.1,,9,9,1.0,,,,,,,,223,21026,1,32,8000,10,3,NVIDIA A100-SXM4-80GB,
2026-03-24T12:54:55.416236,HYC_ideal__Orai1WT-MDSnap-Fr400_cleaned,Orai1WT-MDSnap-Fr400_cleaned,HYC_ideal,failed,No output from any sub-box,0,0.1,,49,55,9.0,,,,,,,,223,21026,1,32,8000,10,3,NVIDIA A100-SXM4-80GB,
2026-03-24T12:54:55.438013,I12_ideal__Orai1WT-MDSnap-Fr400_cleaned,Orai1WT-MDSnap-Fr400_cleaned,I12_ideal,failed,No output from any sub-box,0,0.1,,44,49,8.0,,,,,,,,223,21026,1,32,8000,10,3,NVIDIA A100-SXM4-80GB,
2026-03-24T12:54:55.458759,I15_ideal__Orai1WT-MDSnap-Fr400_cleaned,Orai1WT-MDSnap-Fr400_cleaned,I15_ideal,failed,No output from any sub-box,0,0.1,,22,23,1.0,,,,,,,,223,21026,1,32,8000,10,3,NVIDIA A100-SXM4-80GB,
2026-03-24T12:54:55.483125,I50_ideal__Orai1WT-MDSnap-Fr400_cleaned,Orai1WT-MDSnap-Fr400_cleaned,I50_ideal,failed,No output from any sub-box,0,0.1,,30,36,5.0,,,,,,,,223,21026,1,32,8000,10,3,NVIDIA A100-SXM4-80GB,
2026-03-24T12:54:55.517207,I52_ideal__Orai1WT-MDSnap-Fr400_cleaned,Orai1WT-MDSnap-Fr400_cleaned,I52_ideal,failed,No output from any sub-box,0,0.1,,40,43,7.0,,,,,,,,223,21026,1,32,8000,10,3,NVIDIA A100-SXM4-80GB,
2026-03-24T12:54:55.540402,I6H_ideal__Orai1WT-MDSnap-Fr400_cleaned,Orai1WT-MDSnap-Fr400_cleaned,I6H_ideal,failed,No output from any sub-box,0,0.1,,33,33,6.0,,,,,,,,223,21026,1,32,8000,10,3,NVIDIA A100-SXM4-80GB,
2026-03-24T12:54:55.564460,IB2_ideal__Orai1WT-MDSnap-Fr400_cleaned,Orai1WT-MDSnap-Fr400_cleaned,IB2_ideal,failed,No output from any sub-box,0,0.1,,49,60,10.0,,,,,,,,223,21026,1,32,8000,10,3,NVIDIA A100-SXM4-80GB,
2026-03-24T12:54:55.585489,IBI_ideal__Orai1WT-MDSnap-Fr400_cleaned,Orai1WT-MDSnap-Fr400_cleaned,IBI_ideal,failed,No output from any sub-box,0,0.1,,45,47,5.0,,,,,,,,223,21026,1,32,8000,10,3,NVIDIA A100-SXM4-80GB,
2026-03-24T12:54:55.616336,IBO_ideal__Orai1WT-MDSnap-Fr400_cleaned,Orai1WT-MDSnap-Fr400_cleaned,IBO_ideal,failed,No output from any sub-box,0,0.1,,6,8,0.0,,,,,,,,223,21026,1,32,8000,10,3,NVIDIA A100-SXM4-80GB,
2026-03-24T12:54:55.638223,IBP_ideal__Orai1WT-MDSnap-Fr400_cleaned,Orai1WT-MDSnap-Fr400_cleaned,IBP_ideal,failed,No output from any sub-box,0,0.1,,15,16,2.0,,,,,,,,223,21026,1,32,8000,10,3,NVIDIA A100-SXM4-80GB,
2026-03-24T12:54:55.663380,IC1_ideal__Orai1WT-MDSnap-Fr400_cleaned,Orai1WT-MDSnap-Fr400_cleaned,IC1_ideal,failed,No output from any sub-box,0,0.1,,23,24,2.0,,,,,,,,223,21026,1,32,8000,10,3,NVIDIA A100-SXM4-80GB,
2026-03-24T12:54:55.683807,ICF_ideal__Orai1WT-MDSnap-Fr400_cleaned,Orai1WT-MDSnap-Fr400_cleaned,ICF_ideal,failed,No output from any sub-box,0,0.1,,10,10,1.0,,,,,,,,223,21026,1,32,8000,10,3,NVIDIA A100-SXM4-80GB,
2026-03-24T12:54:55.717039,IDB_ideal__Orai1WT-MDSnap-Fr400_cleaned,Orai1WT-MDSnap-Fr400_cleaned,IDB_ideal,failed,No output from any sub-box,0,0.1,,34,38,5.0,,,,,,,,223,21026,1,32,8000,10,3,NVIDIA A100-SXM4-80GB,
2026-03-24T12:54:55.741300,IET_ideal__Orai1WT-MDSnap-Fr400_cleaned,Orai1WT-MDSnap-Fr400_cleaned,IET_ideal,failed,No output from any sub-box,0,0.1,,23,26,1.0,,,,,,,,223,21026,1,32,8000,10,3,NVIDIA A100-SXM4-80GB,
2026-03-24T12:54:55.769146,IGL_ideal__Orai1WT-MDSnap-Fr400_cleaned,Orai1WT-MDSnap-Fr400_cleaned,IGL_ideal,failed,No output from any sub-box,0,0.1,,14,17,2.0,,,,,,,,223,21026,1,32,8000,10,3,NVIDIA A100-SXM4-80GB,
2026-03-24T12:54:55.790281,IH4_ideal__Orai1WT-MDSnap-Fr400_cleaned,Orai1WT-MDSnap-Fr400_cleaned,IH4_ideal,failed,No output from any sub-box,0,0.1,,44,45,7.0,,,,,,,,223,21026,1,32,8000,10,3,NVIDIA A100-SXM4-80GB,
2026-03-24T12:54:55.818375,IK7_ideal__Orai1WT-MDSnap-Fr400_cleaned,Orai1WT-MDSnap-Fr400_cleaned,IK7_ideal,failed,No output from any sub-box,0,0.1,,30,32,1.0,,,,,,,,223,21026,1,32,8000,10,3,NVIDIA A100-SXM4-80GB,
2026-03-24T12:54:55.840424,ILW_ideal__Orai1WT-MDSnap-Fr400_cleaned,Orai1WT-MDSnap-Fr400_cleaned,ILW_ideal,failed,No output from any sub-box,0,0.1,,12,12,1.0,,,,,,,,223,21026,1,32,8000,10,3,NVIDIA A100-SXM4-80GB,
2026-03-24T12:54:55.863849,INA_ideal__Orai1WT-MDSnap-Fr400_cleaned,Orai1WT-MDSnap-Fr400_cleaned,INA_ideal,failed,No output from any sub-box,0,0.1,,42,48,8.0,,,,,,,,223,21026,1,32,8000,10,3,NVIDIA A100-SXM4-80GB,
2026-03-24T12:54:55.887216,INB_ideal__Orai1WT-MDSnap-Fr400_cleaned,Orai1WT-MDSnap-Fr400_cleaned,INB_ideal,failed,No output from any sub-box,0,0.1,,35,37,14.0,,,,,,,,223,21026,1,32,8000,10,3,NVIDIA A100-SXM4-80GB,
2026-03-24T12:54:55.917105,INV_ideal__Orai1WT-MDSnap-Fr400_cleaned,Orai1WT-MDSnap-Fr400_cleaned,INV_ideal,failed,No output from any sub-box,0,0.1,,21,24,2.0,,,,,,,,223,21026,1,32,8000,10,3,NVIDIA A100-SXM4-80GB,
2026-03-24T12:54:55.939359,IOE_ideal__Orai1WT-MDSnap-Fr400_cleaned,Orai1WT-MDSnap-Fr400_cleaned,IOE_ideal,failed,No output from any sub-box,0,0.1,,23,26,2.0,,,,,,,,223,21026,1,32,8000,10,3,NVIDIA A100-SXM4-80GB,
2026-03-24T12:54:55.962616,IOF_ideal__Orai1WT-MDSnap-Fr400_cleaned,Orai1WT-MDSnap-Fr400_cleaned,IOF_ideal,failed,No output from any sub-box,0,0.1,,23,26,2.0,,,,,,,,223,21026,1,32,8000,10,3,NVIDIA A100-SXM4-80GB,
2026-03-24T12:54:55.984784,IOL_ideal__Orai1WT-MDSnap-Fr400_cleaned,Orai1WT-MDSnap-Fr400_cleaned,IOL_ideal,failed,No output from any sub-box,0,0.1,,8,9,0.0,,,,,,,,223,21026,1,32,8000,10,3,NVIDIA A100-SXM4-80GB,
2026-03-24T12:54:56.017049,IOY_ideal__Orai1WT-MDSnap-Fr400_cleaned,Orai1WT-MDSnap-Fr400_cleaned,IOY_ideal,failed,No output from any sub-box,0,0.1,,13,16,2.0,,,,,,,,223,21026,1,32,8000,10,3,NVIDIA A100-SXM4-80GB,
2026-03-24T12:54:56.039201,IPA_ideal__Orai1WT-MDSnap-Fr400_cleaned,Orai1WT-MDSnap-Fr400_cleaned,IPA_ideal,failed,No output from any sub-box,0,0.1,,4,5,0.0,,,,,,,,223,21026,1,32,8000,10,3,NVIDIA A100-SXM4-80GB,
2026-03-24T12:54:56.060736,IPH_ideal__Orai1WT-MDSnap-Fr400_cleaned,Orai1WT-MDSnap-Fr400_cleaned,IPH_ideal,failed,No output from any sub-box,0,0.1,,7,8,0.0,,,,,,,,223,21026,1,32,8000,10,3,NVIDIA A100-SXM4-80GB,
2026-03-24T12:54:56.084162,IS2_ideal__Orai1WT-MDSnap-Fr400_cleaned,Orai1WT-MDSnap-Fr400_cleaned,IS2_ideal,failed,No output from any sub-box,0,0.1,,15,18,2.0,,,,,,,,223,21026,1,32,8000,10,3,NVIDIA A100-SXM4-80GB,
2026-03-24T12:54:56.116938,ISA_ideal__Orai1WT-MDSnap-Fr400_cleaned,Orai1WT-MDSnap-Fr400_cleaned,ISA_ideal,failed,No output from any sub-box,0,0.1,,13,15,2.0,,,,,,,,223,21026,1,32,8000,10,3,NVIDIA A100-SXM4-80GB,
2026-03-24T12:54:56.139215,ISO_ideal__Orai1WT-MDSnap-Fr400_cleaned,Orai1WT-MDSnap-Fr400_cleaned,ISO_ideal,failed,No output from any sub-box,0,0.1,,10,12,1.0,,,,,,,,223,21026,1,32,8000,10,3,NVIDIA A100-SXM4-80GB,
2026-03-24T12:54:56.163350,ISP_ideal__Orai1WT-MDSnap-Fr400_cleaned,Orai1WT-MDSnap-Fr400_cleaned,ISP_ideal,failed,No output from any sub-box,0,0.1,,8,10,2.0,,,,,,,,223,21026,1,32,8000,10,3,NVIDIA A100-SXM4-80GB,
2026-03-24T12:54:56.185922,IXX_ideal__Orai1WT-MDSnap-Fr400_cleaned,Orai1WT-MDSnap-Fr400_cleaned,IXX_ideal,failed,No output from any sub-box,0,0.1,,23,23,4.0,,,,,,,,223,21026,1,32,8000,10,3,NVIDIA A100-SXM4-80GB,
2026-03-24T12:54:56.216833,J12_ideal__Orai1WT-MDSnap-Fr400_cleaned,Orai1WT-MDSnap-Fr400_cleaned,J12_ideal,failed,No output from any sub-box,0,0.1,,43,51,9.0,,,,,,,,223,21026,1,32,8000,10,3,NVIDIA A100-SXM4-80GB,
2026-03-24T12:54:56.240657,J15_ideal__Orai1WT-MDSnap-Fr400_cleaned,Orai1WT-MDSnap-Fr400_cleaned,J15_ideal,failed,No output from any sub-box,0,0.1,,37,44,8.0,,,,,,,,223,21026,1,32,8000,10,3,NVIDIA A100-SXM4-80GB,
2026-03-24T12:54:56.264299,J5Z_ideal__Orai1WT-MDSnap-Fr400_cleaned,Orai1WT-MDSnap-Fr400_cleaned,J5Z_ideal,failed,No output from any sub-box,0,0.1,,21,22,1.0,,,,,,,,223,21026,1,32,8000,10,3,NVIDIA A100-SXM4-80GB,
2026-03-24T12:54:56.286782,J78_ideal__Orai1WT-MDSnap-Fr400_cleaned,Orai1WT-MDSnap-Fr400_cleaned,J78_ideal,failed,No output from any sub-box,0,0.1,,28,28,4.0,,,,,,,,223,21026,1,32,8000,10,3,NVIDIA A100-SXM4-80GB,
2026-03-24T12:54:56.315936,J80_ideal__Orai1WT-MDSnap-Fr400_cleaned,Orai1WT-MDSnap-Fr400_cleaned,J80_ideal,failed,No output from any sub-box,0,0.1,,29,29,5.0,,,,,,,,223,21026,1,32,8000,10,3,NVIDIA A100-SXM4-80GB,
2026-03-24T12:54:56.338804,J8C_ideal__Orai1WT-MDSnap-Fr400_cleaned,Orai1WT-MDSnap-Fr400_cleaned,J8C_ideal,failed,No output from any sub-box,0,0.1,,37,38,5.0,,,,,,,,223,21026,1,32,8000,10,3,NVIDIA A100-SXM4-80GB,
2026-03-24T12:54:56.361117,JAL_ideal__Orai1WT-MDSnap-Fr400_cleaned,Orai1WT-MDSnap-Fr400_cleaned,JAL_ideal,failed,No output from any sub-box,0,0.1,,17,19,2.0,,,,,,,,223,21026,1,32,8000,10,3,NVIDIA A100-SXM4-80GB,
2026-03-24T12:54:56.384247,JAS_ideal__Orai1WT-MDSnap-Fr400_cleaned,Orai1WT-MDSnap-Fr400_cleaned,JAS_ideal,failed,No output from any sub-box,0,0.1,,63,66,17.0,,,,,,,,223,21026,1,32,8000,10,3,NVIDIA A100-SXM4-80GB,
2026-03-24T12:54:56.416772,JBC_ideal__Orai1WT-MDSnap-Fr400_cleaned,Orai1WT-MDSnap-Fr400_cleaned,JBC_ideal,failed,No output from any sub-box,0,0.1,,22,26,4.0,,,,,,,,223,21026,1,32,8000,10,3,NVIDIA A100-SXM4-80GB,
2026-03-24T12:54:56.439535,JE2_ideal__Orai1WT-MDSnap-Fr400_cleaned,Orai1WT-MDSnap-Fr400_cleaned,JE2_ideal,failed,No output from any sub-box,0,0.1,,41,45,6.0,,,,,,,,223,21026,1,32,8000,10,3,NVIDIA A100-SXM4-80GB,
2026-03-24T12:54:56.461655,JER_ideal__Orai1WT-MDSnap-Fr400_cleaned,Orai1WT-MDSnap-Fr400_cleaned,JER_ideal,failed,No output from any sub-box,0,0.1,,33,35,5.0,,,,,,,,223,21026,1,32,8000,10,3,NVIDIA A100-SXM4-80GB,
2026-03-24T12:54:56.486691,JEU_ideal__Orai1WT-MDSnap-Fr400_cleaned,Orai1WT-MDSnap-Fr400_cleaned,JEU_ideal,failed,No output from any sub-box,0,0.1,,30,32,4.0,,,,,,,,223,21026,1,32,8000,10,3,NVIDIA A100-SXM4-80GB,
2026-03-24T12:54:56.517353,JHN_ideal__Orai1WT-MDSnap-Fr400_cleaned,Orai1WT-MDSnap-Fr400_cleaned,JHN_ideal,failed,No output from any sub-box,0,0.1,,33,34,2.0,,,,,,,,223,21026,1,32,8000,10,3,NVIDIA A100-SXM4-80GB,
2026-03-24T12:54:56.543012,JJH_ideal__Orai1WT-MDSnap-Fr400_cleaned,Orai1WT-MDSnap-Fr400_cleaned,JJH_ideal,failed,No output from any sub-box,0,0.1,,42,45,5.0,,,,,,,,223,21026,1,32,8000,10,3,NVIDIA A100-SXM4-80GB,
2026-03-24T12:54:56.567365,JNK_ideal__Orai1WT-MDSnap-Fr400_cleaned,Orai1WT-MDSnap-Fr400_cleaned,JNK_ideal,failed,No output from any sub-box,0,0.1,,31,33,3.0,,,,,,,,223,21026,1,32,8000,10,3,NVIDIA A100-SXM4-80GB,
2026-03-24T12:54:56.589672,JPR_ideal__Orai1WT-MDSnap-Fr400_cleaned,Orai1WT-MDSnap-Fr400_cleaned,JPR_ideal,failed,No output from any sub-box,0,0.1,,25,27,4.0,,,,,,,,223,21026,1,32,8000,10,3,NVIDIA A100-SXM4-80GB,
2026-03-24T12:54:56.616800,JT1_ideal__Orai1WT-MDSnap-Fr400_cleaned,Orai1WT-MDSnap-Fr400_cleaned,JT1_ideal,failed,No output from any sub-box,0,0.1,,47,48,5.0,,,,,,,,223,21026,1,32,8000,10,3,NVIDIA A100-SXM4-80GB,
2026-03-24T12:54:56.641339,K3R_ideal__Orai1WT-MDSnap-Fr400_cleaned,Orai1WT-MDSnap-Fr400_cleaned,K3R_ideal,failed,No output from any sub-box,0,0.1,,38,39,5.0,,,,,,,,223,21026,1,32,8000,10,3,NVIDIA A100-SXM4-80GB,
2026-03-24T12:54:56.665330,K5O_ideal__Orai1WT-MDSnap-Fr400_cleaned,Orai1WT-MDSnap-Fr400_cleaned,K5O_ideal,failed,No output from any sub-box,0,0.1,,49,51,5.0,,,,,,,,223,21026,1,32,8000,10,3,NVIDIA A100-SXM4-80GB,
2026-03-24T12:54:56.689176,K94_ideal__Orai1WT-MDSnap-Fr400_cleaned,Orai1WT-MDSnap-Fr400_cleaned,K94_ideal,failed,No output from any sub-box,0,0.1,,12,15,3.0,,,,,,,,223,21026,1,32,8000,10,3,NVIDIA A100-SXM4-80GB,
2026-03-24T12:54:56.717027,KAB_ideal__Orai1WT-MDSnap-Fr400_cleaned,Orai1WT-MDSnap-Fr400_cleaned,KAB_ideal,failed,No output from any sub-box,0,0.1,,69,74,19.0,,,,,,,,223,21026,1,32,8000,10,3,NVIDIA A100-SXM4-80GB,
2026-03-24T12:54:56.734541,KHF_ideal__Orai1WT-MDSnap-Fr400_cleaned,Orai1WT-MDSnap-Fr400_cleaned,KHF_ideal,failed,No output from any sub-box,0,0.1,,44,46,4.0,,,,,,,,223,21026,1,32,8000,10,3,NVIDIA A100-SXM4-80GB,
2026-03-24T12:54:56.755564,KLN_ideal__Orai1WT-MDSnap-Fr400_cleaned,Orai1WT-MDSnap-Fr400_cleaned,KLN_ideal,failed,No output from any sub-box,0,0.1,,36,36,3.0,,,,,,,,223,21026,1,32,8000,10,3,NVIDIA A100-SXM4-80GB,
2026-03-24T12:54:56.778012,KNT_ideal__Orai1WT-MDSnap-Fr400_cleaned,Orai1WT-MDSnap-Fr400_cleaned,KNT_ideal,failed,No output from any sub-box,0,0.1,,36,38,4.0,,,,,,,,223,21026,1,32,8000,10,3,NVIDIA A100-SXM4-80GB,
2026-03-24T12:54:56.794806,KOS_ideal__Orai1WT-MDSnap-Fr400_cleaned,Orai1WT-MDSnap-Fr400_cleaned,KOS_ideal,failed,No output from any sub-box,0,0.1,,46,51,10.0,,,,,,,,223,21026,1,32,8000,10,3,NVIDIA A100-SXM4-80GB,
2026-03-24T12:54:56.816583,KTY_ideal__Orai1WT-MDSnap-Fr400_cleaned,Orai1WT-MDSnap-Fr400_cleaned,KTY_ideal,failed,No output from any sub-box,0,0.1,,39,46,15.0,,,,,,,,223,21026,1,32,8000,10,3,NVIDIA A100-SXM4-80GB,
2026-03-24T12:54:56.838398,KZF_ideal__Orai1WT-MDSnap-Fr400_cleaned,Orai1WT-MDSnap-Fr400_cleaned,KZF_ideal,failed,No output from any sub-box,0,0.1,,13,15,2.0,,,,,,,,223,21026,1,32,8000,10,3,NVIDIA A100-SXM4-80GB,
2026-03-24T12:54:56.857658,L02_ideal__Orai1WT-MDSnap-Fr400_cleaned,Orai1WT-MDSnap-Fr400_cleaned,L02_ideal,failed,No output from any sub-box,0,0.1,,18,20,1.0,,,,,,,,223,21026,1,32,8000,10,3,NVIDIA A100-SXM4-80GB,
2026-03-24T12:54:56.878201,L17_ideal__Orai1WT-MDSnap-Fr400_cleaned,Orai1WT-MDSnap-Fr400_cleaned,L17_ideal,failed,No output from any sub-box,0,0.1,,33,35,4.0,,,,,,,,223,21026,1,32,8000,10,3,NVIDIA A100-SXM4-80GB,
2026-03-24T12:54:56.896183,L1P_ideal__Orai1WT-MDSnap-Fr400_cleaned,Orai1WT-MDSnap-Fr400_cleaned,L1P_ideal,failed,No output from any sub-box,0,0.1,,50,52,19.0,,,,,,,,223,21026,1,32,8000,10,3,NVIDIA A100-SXM4-80GB,
2026-03-24T12:54:56.933860,L24_ideal__Orai1WT-MDSnap-Fr400_cleaned,Orai1WT-MDSnap-Fr400_cleaned,L24_ideal,failed,No output from any sub-box,0,0.1,,32,39,6.0,,,,,,,,223,21026,1,32,8000,10,3,NVIDIA A100-SXM4-80GB,
2026-03-24T12:54:56.956099,L2P_ideal__Orai1WT-MDSnap-Fr400_cleaned,Orai1WT-MDSnap-Fr400_cleaned,L2P_ideal,failed,No output from any sub-box,0,0.1,,46,47,17.0,,,,,,,,223,21026,1,32,8000,10,3,NVIDIA A100-SXM4-80GB,
2026-03-24T12:54:56.979930,L3P_ideal__Orai1WT-MDSnap-Fr400_cleaned,Orai1WT-MDSnap-Fr400_cleaned,L3P_ideal,failed,No output from any sub-box,0,0.1,,59,61,22.0,,,,,,,,223,21026,1,32,8000,10,3,NVIDIA A100-SXM4-80GB,
2026-03-24T12:54:57.000487,L41_ideal__Orai1WT-MDSnap-Fr400_cleaned,Orai1WT-MDSnap-Fr400_cleaned,L41_ideal,failed,No output from any sub-box,0,0.1,,29,31,7.0,,,,,,,,223,21026,1,32,8000,10,3,NVIDIA A100-SXM4-80GB,
2026-03-24T12:54:57.041024,L75_ideal__Orai1WT-MDSnap-Fr400_cleaned,Orai1WT-MDSnap-Fr400_cleaned,L75_ideal,failed,No output from any sub-box,0,0.1,,48,52,7.0,,,,,,,,223,21026,1,32,8000,10,3,NVIDIA A100-SXM4-80GB,
2026-03-24T12:54:57.065272,LAZ_ideal__Orai1WT-MDSnap-Fr400_cleaned,Orai1WT-MDSnap-Fr400_cleaned,LAZ_ideal,failed,No output from any sub-box,0,0.1,,13,15,2.0,,,,,,,,223,21026,1,32,8000,10,3,NVIDIA A100-SXM4-80GB,
2026-03-24T12:54:57.088019,LBM_ideal__Orai1WT-MDSnap-Fr400_cleaned,Orai1WT-MDSnap-Fr400_cleaned,LBM_ideal,failed,No output from any sub-box,0,0.1,,61,64,6.0,,,,,,,,223,21026,1,32,8000,10,3,NVIDIA A100-SXM4-80GB,
2026-03-24T12:54:57.119259,LCO_ideal__Orai1WT-MDSnap-Fr400_cleaned,Orai1WT-MDSnap-Fr400_cleaned,LCO_ideal,failed,No output from any sub-box,0,0.1,,4,4,,,,,,,,,223,21026,1,32,8000,10,3,NVIDIA A100-SXM4-80GB,
2026-03-24T12:54:57.143403,LCP_ideal__Orai1WT-MDSnap-Fr400_cleaned,Orai1WT-MDSnap-Fr400_cleaned,LCP_ideal,failed,No output from any sub-box,0,0.1,,5,5,,,,,,,,,223,21026,1,32,8000,10,3,NVIDIA A100-SXM4-80GB,
2026-03-24T12:54:57.166021,LDM_ideal__Orai1WT-MDSnap-Fr400_cleaned,Orai1WT-MDSnap-Fr400_cleaned,LDM_ideal,failed,No output from any sub-box,0,0.1,,21,22,7.0,,,,,,,,223,21026,1,32,8000,10,3,NVIDIA A100-SXM4-80GB,
2026-03-24T12:54:57.188328,LEH_ideal__Orai1WT-MDSnap-Fr400_cleaned,Orai1WT-MDSnap-Fr400_cleaned,LEH_ideal,failed,No output from any sub-box,0,0.1,,27,29,8.0,,,,,,,,223,21026,1,32,8000,10,3,NVIDIA A100-SXM4-80GB,
2026-03-24T12:54:57.216754,LHG_ideal__Orai1WT-MDSnap-Fr400_cleaned,Orai1WT-MDSnap-Fr400_cleaned,LHG_ideal,failed,No output from any sub-box,0,0.1,,49,52,21.0,,,,,,,,223,21026,1,32,8000,10,3,NVIDIA A100-SXM4-80GB,
2026-03-24T12:54:57.239673,LIL_ideal__Orai1WT-MDSnap-Fr400_cleaned,Orai1WT-MDSnap-Fr400_cleaned,LIL_ideal,failed,No output from any sub-box,0,0.1,,32,33,13.0,,,,,,,,223,21026,1,32,8000,10,3,NVIDIA A100-SXM4-80GB,
2026-03-24T12:54:57.263888,LIM_ideal__Orai1WT-MDSnap-Fr400_cleaned,Orai1WT-MDSnap-Fr400_cleaned,LIM_ideal,failed,No output from any sub-box,0,0.1,,18,19,7.0,,,,,,,,223,21026,1,32,8000,10,3,NVIDIA A100-SXM4-80GB,
2026-03-24T12:54:57.286641,LJ1_ideal__Orai1WT-MDSnap-Fr400_cleaned,Orai1WT-MDSnap-Fr400_cleaned,LJ1_ideal,failed,No output from any sub-box,0,0.1,,17,18,1.0,,,,,,,,223,21026,1,32,8000,10,3,NVIDIA A100-SXM4-80GB,
2026-03-24T12:54:57.318504,LJ2_ideal__Orai1WT-MDSnap-Fr400_cleaned,Orai1WT-MDSnap-Fr400_cleaned,LJ2_ideal,failed,No output from any sub-box,0,0.1,,17,18,1.0,,,,,,,,223,21026,1,32,8000,10,3,NVIDIA A100-SXM4-80GB,
2026-03-24T12:54:57.341516,LJ3_ideal__Orai1WT-MDSnap-Fr400_cleaned,Orai1WT-MDSnap-Fr400_cleaned,LJ3_ideal,failed,No output from any sub-box,0,0.1,,15,16,1.0,,,,,,,,223,21026,1,32,8000,10,3,NVIDIA A100-SXM4-80GB,
2026-03-24T12:54:57.364256,LJ4_ideal__Orai1WT-MDSnap-Fr400_cleaned,Orai1WT-MDSnap-Fr400_cleaned,LJ4_ideal,failed,No output from any sub-box,0,0.1,,16,17,1.0,,,,,,,,223,21026,1,32,8000,10,3,NVIDIA A100-SXM4-80GB,
2026-03-24T12:54:57.390573,LJ5_ideal__Orai1WT-MDSnap-Fr400_cleaned,Orai1WT-MDSnap-Fr400_cleaned,LJ5_ideal,failed,No output from any sub-box,0,0.1,,18,20,1.0,,,,,,,,223,21026,1,32,8000,10,3,NVIDIA A100-SXM4-80GB,
2026-03-24T12:54:57.417383,LK2_ideal__Orai1WT-MDSnap-Fr400_cleaned,Orai1WT-MDSnap-Fr400_cleaned,LK2_ideal,failed,No output from any sub-box,0,0.1,,28,31,6.0,,,,,,,,223,21026,1,32,8000,10,3,NVIDIA A100-SXM4-80GB,
2026-03-24T12:54:57.439746,LK3_ideal__Orai1WT-MDSnap-Fr400_cleaned,Orai1WT-MDSnap-Fr400_cleaned,LK3_ideal,failed,No output from any sub-box,0,0.1,,29,32,7.0,,,,,,,,223,21026,1,32,8000,10,3,NVIDIA A100-SXM4-80GB,
2026-03-24T12:54:57.462443,LK4_ideal__Orai1WT-MDSnap-Fr400_cleaned,Orai1WT-MDSnap-Fr400_cleaned,LK4_ideal,failed,No output from any sub-box,0,0.1,,33,36,6.0,,,,,,,,223,21026,1,32,8000,10,3,NVIDIA A100-SXM4-80GB,
2026-03-24T12:54:57.485765,LL2_ideal__Orai1WT-MDSnap-Fr400_cleaned,Orai1WT-MDSnap-Fr400_cleaned,LL2_ideal,failed,No output from any sub-box,0,0.1,,13,15,1.0,,,,,,,,223,21026,1,32,8000,10,3,NVIDIA A100-SXM4-80GB,
2026-03-24T12:54:57.525155,LMU_ideal__Orai1WT-MDSnap-Fr400_cleaned,Orai1WT-MDSnap-Fr400_cleaned,LMU_ideal,failed,No output from any sub-box,0,0.1,,35,42,11.0,,,,,,,,223,21026,1,32,8000,10,3,NVIDIA A100-SXM4-80GB,
2026-03-24T12:54:57.542875,LPE_ideal__Orai1WT-MDSnap-Fr400_cleaned,Orai1WT-MDSnap-Fr400_cleaned,LPE_ideal,failed,No output from any sub-box,0,0.1,,34,36,14.0,,,,,,,,223,21026,1,32,8000,10,3,NVIDIA A100-SXM4-80GB,
2026-03-24T12:54:57.556456,LPS_ideal__Orai1WT-MDSnap-Fr400_cleaned,Orai1WT-MDSnap-Fr400_cleaned,LPS_ideal,failed,No output from any sub-box,0,0.1,,32,38,14.0,,,,,,,,223,21026,1,32,8000,10,3,NVIDIA A100-SXM4-80GB,
2026-03-24T12:54:57.570332,LTD_ideal__Orai1WT-MDSnap-Fr400_cleaned,Orai1WT-MDSnap-Fr400_cleaned,LTD_ideal,failed,No output from any sub-box,0,0.1,,34,40,12.0,,,,,,,,223,21026,1,32,8000,10,3,NVIDIA A100-SXM4-80GB,
2026-03-24T12:54:57.587986,LTX_ideal__Orai1WT-MDSnap-Fr400_cleaned,Orai1WT-MDSnap-Fr400_cleaned,LTX_ideal,failed,No output from any sub-box,0,0.1,,43,51,15.0,,,,,,,,223,21026,1,32,8000,10,3,NVIDIA A100-SXM4-80GB,
2026-03-24T12:54:57.616538,LVO_ideal__Orai1WT-MDSnap-Fr400_cleaned,Orai1WT-MDSnap-Fr400_cleaned,LVO_ideal,failed,No output from any sub-box,0,0.1,,33,40,8.0,,,,,,,,223,21026,1,32,8000,10,3,NVIDIA A100-SXM4-80GB,
2026-03-24T12:54:57.634993,LYB_ideal__Orai1WT-MDSnap-Fr400_cleaned,Orai1WT-MDSnap-Fr400_cleaned,LYB_ideal,failed,No output from any sub-box,0,0.1,,58,71,15.0,,,,,,,,223,21026,1,32,8000,10,3,NVIDIA A100-SXM4-80GB,
2026-03-24T12:54:57.658256,LZ4_ideal__Orai1WT-MDSnap-Fr400_cleaned,Orai1WT-MDSnap-Fr400_cleaned,LZ4_ideal,failed,No output from any sub-box,0,0.1,,18,21,2.0,,,,,,,,223,21026,1,32,8000,10,3,NVIDIA A100-SXM4-80GB,
2026-03-24T12:54:57.680010,LZ8_ideal__Orai1WT-MDSnap-Fr400_cleaned,Orai1WT-MDSnap-Fr400_cleaned,LZ8_ideal,failed,No output from any sub-box,0,0.1,,24,27,2.0,,,,,,,,223,21026,1,32,8000,10,3,NVIDIA A100-SXM4-80GB,
2026-03-24T12:54:57.718270,LZE_ideal__Orai1WT-MDSnap-Fr400_cleaned,Orai1WT-MDSnap-Fr400_cleaned,LZE_ideal,failed,No output from any sub-box,0,0.1,,25,29,2.0,,,,,,,,223,21026,1,32,8000,10,3,NVIDIA A100-SXM4-80GB,
2026-03-24T12:54:57.735684,LZJ_ideal__Orai1WT-MDSnap-Fr400_cleaned,Orai1WT-MDSnap-Fr400_cleaned,LZJ_ideal,failed,No output from any sub-box,0,0.1,,20,24,1.0,,,,,,,,223,21026,1,32,8000,10,3,NVIDIA A100-SXM4-80GB,
2026-03-24T12:54:57.758994,LZK_ideal__Orai1WT-MDSnap-Fr400_cleaned,Orai1WT-MDSnap-Fr400_cleaned,LZK_ideal,failed,No output from any sub-box,0,0.1,,22,26,2.0,,,,,,,,223,21026,1,32,8000,10,3,NVIDIA A100-SXM4-80GB,
2026-03-24T12:54:57.779243,M0N_ideal__Orai1WT-MDSnap-Fr400_cleaned,Orai1WT-MDSnap-Fr400_cleaned,M0N_ideal,failed,No output from any sub-box,0,0.1,,20,25,4.0,,,,,,,,223,21026,1,32,8000,10,3,NVIDIA A100-SXM4-80GB,
2026-03-24T12:54:57.799880,M25_ideal__Orai1WT-MDSnap-Fr400_cleaned,Orai1WT-MDSnap-Fr400_cleaned,M25_ideal,failed,No output from any sub-box,0,0.1,,16,19,2.0,,,,,,,,223,21026,1,32,8000,10,3,NVIDIA A100-SXM4-80GB,
2026-03-24T12:54:57.835758,M28_ideal__Orai1WT-MDSnap-Fr400_cleaned,Orai1WT-MDSnap-Fr400_cleaned,M28_ideal,failed,No output from any sub-box,0,0.1,,15,18,3.0,,,,,,,,223,21026,1,32,8000,10,3,NVIDIA A100-SXM4-80GB,
2026-03-24T12:54:57.849389,MA4_ideal__Orai1WT-MDSnap-Fr400_cleaned,Orai1WT-MDSnap-Fr400_cleaned,MA4_ideal,failed,No output from any sub-box,0,0.1,,35,42,9.0,,,,,,,,223,21026,1,32,8000,10,3,NVIDIA A100-SXM4-80GB,
2026-03-24T12:54:57.885151,MAE_ideal__Orai1WT-MDSnap-Fr400_cleaned,Orai1WT-MDSnap-Fr400_cleaned,MAE_ideal,failed,No output from any sub-box,0,0.1,,8,10,2.0,,,,,,,,223,21026,1,32,8000,10,3,NVIDIA A100-SXM4-80GB,
2026-03-24T12:54:57.916168,MAH_ideal__Orai1WT-MDSnap-Fr400_cleaned,Orai1WT-MDSnap-Fr400_cleaned,MAH_ideal,failed,No output from any sub-box,0,0.1,,11,14,3.0,,,,,,,,223,21026,1,32,8000,10,3,NVIDIA A100-SXM4-80GB,
2026-03-24T12:54:57.938398,MAK_ideal__Orai1WT-MDSnap-Fr400_cleaned,Orai1WT-MDSnap-Fr400_cleaned,MAK_ideal,failed,No output from any sub-box,0,0.1,,8,10,2.0,,,,,,,,223,21026,1,32,8000,10,3,NVIDIA A100-SXM4-80GB,
2026-03-24T12:54:57.952342,MAY_ideal__Orai1WT-MDSnap-Fr400_cleaned,Orai1WT-MDSnap-Fr400_cleaned,MAY_ideal,failed,No output from any sub-box,0,0.1,,25,25,8.0,,,,,,,,223,21026,1,32,8000,10,3,NVIDIA A100-SXM4-80GB,
2026-03-24T12:54:57.975114,MBN_ideal__Orai1WT-MDSnap-Fr400_cleaned,Orai1WT-MDSnap-Fr400_cleaned,MBN_ideal,failed,No output from any sub-box,0,0.1,,7,7,,,,,,,,,223,21026,1,32,8000,10,3,NVIDIA A100-SXM4-80GB,
2026-03-24T12:54:57.995208,MBR_ideal__Orai1WT-MDSnap-Fr400_cleaned,Orai1WT-MDSnap-Fr400_cleaned,MBR_ideal,failed,No output from any sub-box,0,0.1,,4,4,,,,,,,,,223,21026,1,32,8000,10,3,NVIDIA A100-SXM4-80GB,
2026-03-24T12:54:58.026201,MBT_ideal__Orai1WT-MDSnap-Fr400_cleaned,Orai1WT-MDSnap-Fr400_cleaned,MBT_ideal,failed,No output from any sub-box,0,0.1,,20,20,1.0,,,,,,,,223,21026,1,32,8000,10,3,NVIDIA A100-SXM4-80GB,
2026-03-24T12:54:58.047577,MCA_ideal__Orai1WT-MDSnap-Fr400_cleaned,Orai1WT-MDSnap-Fr400_cleaned,MCA_ideal,failed,No output from any sub-box,0,0.1,,55,66,15.0,,,,,,,,223,21026,1,32,8000,10,3,NVIDIA A100-SXM4-80GB,
2026-03-24T12:54:58.068809,MCH_ideal__Orai1WT-MDSnap-Fr400_cleaned,Orai1WT-MDSnap-Fr400_cleaned,MCH_ideal,failed,No output from any sub-box,0,0.1,,4,4,,,,,,,,,223,21026,1,32,8000,10,3,NVIDIA A100-SXM4-80GB,
2026-03-24T12:54:58.087586,MCN_ideal__Orai1WT-MDSnap-Fr400_cleaned,Orai1WT-MDSnap-Fr400_cleaned,MCN_ideal,failed,No output from any sub-box,0,0.1,,44,55,9.0,,,,,,,,223,21026,1,32,8000,10,3,NVIDIA A100-SXM4-80GB,
2026-03-24T12:54:58.116948,MD7_ideal__Orai1WT-MDSnap-Fr400_cleaned,Orai1WT-MDSnap-Fr400_cleaned,MD7_ideal,failed,No output from any sub-box,0,0.1,,23,25,2.0,,,,,,,,223,21026,1,32,8000,10,3,NVIDIA A100-SXM4-80GB,
2026-03-24T12:54:58.140283,MDD_ideal__Orai1WT-MDSnap-Fr400_cleaned,Orai1WT-MDSnap-Fr400_cleaned,MDD_ideal,failed,No output from any sub-box,0,0.1,,5,5,1.0,,,,,,,,223,21026,1,32,8000,10,3,NVIDIA A100-SXM4-80GB,
2026-03-24T12:54:58.163322,MDE_ideal__Orai1WT-MDSnap-Fr400_cleaned,Orai1WT-MDSnap-Fr400_cleaned,MDE_ideal,failed,No output from any sub-box,0,0.1,,63,74,19.0,,,,,,,,223,21026,1,32,8000,10,3,NVIDIA A100-SXM4-80GB,
2026-03-24T12:54:58.183930,MDN_ideal__Orai1WT-MDSnap-Fr400_cleaned,Orai1WT-MDSnap-Fr400_cleaned,MDN_ideal,failed,No output from any sub-box,0,0.1,,9,13,3.0,,,,,,,,223,21026,1,32,8000,10,3,NVIDIA A100-SXM4-80GB,
2026-03-24T12:54:58.217746,MES_ideal__Orai1WT-MDSnap-Fr400_cleaned,Orai1WT-MDSnap-Fr400_cleaned,MES_ideal,failed,No output from any sub-box,0,0.1,,12,13,1.0,,,,,,,,223,21026,1,32,8000,10,3,NVIDIA A100-SXM4-80GB,
2026-03-24T12:54:58.241222,MF3_ideal__Orai1WT-MDSnap-Fr400_cleaned,Orai1WT-MDSnap-Fr400_cleaned,MF3_ideal,failed,No output from any sub-box,0,0.1,,12,15,3.0,,,,,,,,223,21026,1,32,8000,10,3,NVIDIA A100-SXM4-80GB,
2026-03-24T12:54:58.262372,MGE_ideal__Orai1WT-MDSnap-Fr400_cleaned,Orai1WT-MDSnap-Fr400_cleaned,MGE_ideal,failed,No output from any sub-box,0,0.1,,48,52,19.0,,,,,,,,223,21026,1,32,8000,10,3,NVIDIA A100-SXM4-80GB,
2026-03-24T12:54:58.284473,MGM_ideal__Orai1WT-MDSnap-Fr400_cleaned,Orai1WT-MDSnap-Fr400_cleaned,MGM_ideal,failed,No output from any sub-box,0,0.1,,29,32,9.0,,,,,,,,223,21026,1,32,8000,10,3,NVIDIA A100-SXM4-80GB,
2026-03-24T12:54:58.316443,MGR_ideal__Orai1WT-MDSnap-Fr400_cleaned,Orai1WT-MDSnap-Fr400_cleaned,MGR_ideal,failed,No output from any sub-box,0,0.1,,25,25,1.0,,,,,,,,223,21026,1,32,8000,10,3,NVIDIA A100-SXM4-80GB,
2026-03-24T12:54:58.339997,MIM_ideal__Orai1WT-MDSnap-Fr400_cleaned,Orai1WT-MDSnap-Fr400_cleaned,MIM_ideal,failed,No output from any sub-box,0,0.1,,43,49,10.0,,,,,,,,223,21026,1,32,8000,10,3,NVIDIA A100-SXM4-80GB,
2026-03-24T12:54:58.363694,MJV_ideal__Orai1WT-MDSnap-Fr400_cleaned,Orai1WT-MDSnap-Fr400_cleaned,MJV_ideal,failed,No output from any sub-box,0,0.1,,29,31,2.0,,,,,,,,223,21026,1,32,8000,10,3,NVIDIA A100-SXM4-80GB,
2026-03-24T12:54:58.387347,MK1_ideal__Orai1WT-MDSnap-Fr400_cleaned,Orai1WT-MDSnap-Fr400_cleaned,MK1_ideal,failed,No output from any sub-box,0,0.1,,45,49,7.0,,,,,,,,223,21026,1,32,8000,10,3,NVIDIA A100-SXM4-80GB,
2026-03-24T12:54:58.416958,MK6_ideal__Orai1WT-MDSnap-Fr400_cleaned,Orai1WT-MDSnap-Fr400_cleaned,MK6_ideal,failed,No output from any sub-box,0,0.1,,37,38,5.0,,,,,,,,223,21026,1,32,8000,10,3,NVIDIA A100-SXM4-80GB,
2026-03-24T12:54:58.440945,MLA_ideal__Orai1WT-MDSnap-Fr400_cleaned,Orai1WT-MDSnap-Fr400_cleaned,MLA_ideal,failed,No output from any sub-box,0,0.1,,7,9,2.0,,,,,,,,223,21026,1,32,8000,10,3,NVIDIA A100-SXM4-80GB,
2026-03-24T12:54:58.464233,MLC_ideal__Orai1WT-MDSnap-Fr400_cleaned,Orai1WT-MDSnap-Fr400_cleaned,MLC_ideal,failed,No output from any sub-box,0,0.1,,54,65,15.0,,,,,,,,223,21026,1,32,8000,10,3,NVIDIA A100-SXM4-80GB,
2026-03-24T12:54:58.491458,MLD_ideal__Orai1WT-MDSnap-Fr400_cleaned,Orai1WT-MDSnap-Fr400_cleaned,MLD_ideal,failed,No output from any sub-box,0,0.1,,64,78,15.0,,,,,,,,223,21026,1,32,8000,10,3,NVIDIA A100-SXM4-80GB,
2026-03-24T12:54:58.516699,MLI_ideal__Orai1WT-MDSnap-Fr400_cleaned,Orai1WT-MDSnap-Fr400_cleaned,MLI_ideal,failed,No output from any sub-box,0,0.1,,7,7,1.0,,,,,,,,223,21026,1,32,8000,10,3,NVIDIA A100-SXM4-80GB,
2026-03-24T12:54:58.535433,MM3_ideal__Orai1WT-MDSnap-Fr400_cleaned,Orai1WT-MDSnap-Fr400_cleaned,MM3_ideal,failed,No output from any sub-box,0,0.1,,26,28,5.0,,,,,,,,223,21026,1,32,8000,10,3,NVIDIA A100-SXM4-80GB,
2026-03-24T12:54:58.552394,MMI_ideal__Orai1WT-MDSnap-Fr400_cleaned,Orai1WT-MDSnap-Fr400_cleaned,MMI_ideal,failed,No output from any sub-box,0,0.1,,54,61,13.0,,,,,,,,223,21026,1,32,8000,10,3,NVIDIA A100-SXM4-80GB,
2026-03-24T12:54:58.570270,MMQ_ideal__Orai1WT-MDSnap-Fr400_cleaned,Orai1WT-MDSnap-Fr400_cleaned,MMQ_ideal,failed,No output from any sub-box,0,0.1,,6,7,1.0,,,,,,,,223,21026,1,32,8000,10,3,NVIDIA A100-SXM4-80GB,
2026-03-24T12:54:58.586961,MNN_ideal__Orai1WT-MDSnap-Fr400_cleaned,Orai1WT-MDSnap-Fr400_cleaned,MNN_ideal,failed,No output from any sub-box,0,0.1,,10,11,1.0,,,,,,,,223,21026,1,32,8000,10,3,NVIDIA A100-SXM4-80GB,
2026-03-24T12:54:58.618295,MNY_ideal__Orai1WT-MDSnap-Fr400_cleaned,Orai1WT-MDSnap-Fr400_cleaned,MNY_ideal,failed,No output from any sub-box,0,0.1,,20,26,2.0,,,,,,,,223,21026,1,32,8000,10,3,NVIDIA A100-SXM4-80GB,
2026-03-24T12:54:58.639454,MPB_ideal__Orai1WT-MDSnap-Fr400_cleaned,Orai1WT-MDSnap-Fr400_cleaned,MPB_ideal,failed,No output from any sub-box,0,0.1,,11,12,1.0,,,,,,,,223,21026,1,32,8000,10,3,NVIDIA A100-SXM4-80GB,
2026-03-24T12:54:58.663982,MPG_ideal__Orai1WT-MDSnap-Fr400_cleaned,Orai1WT-MDSnap-Fr400_cleaned,MPG_ideal,failed,No output from any sub-box,0,0.1,,25,27,10.0,,,,,,,,223,21026,1,32,8000,10,3,NVIDIA A100-SXM4-80GB,
2026-03-24T12:54:58.684473,MPO_ideal__Orai1WT-MDSnap-Fr400_cleaned,Orai1WT-MDSnap-Fr400_cleaned,MPO_ideal,failed,No output from any sub-box,0,0.1,,13,14,2.0,,,,,,,,223,21026,1,32,8000,10,3,NVIDIA A100-SXM4-80GB,
2026-03-24T12:54:58.717002,MPX_ideal__Orai1WT-MDSnap-Fr400_cleaned,Orai1WT-MDSnap-Fr400_cleaned,MPX_ideal,failed,No output from any sub-box,0,0.1,,21,25,2.0,,,,,,,,223,21026,1,32,8000,10,3,NVIDIA A100-SXM4-80GB,
2026-03-24T12:54:58.737902,MPZ_ideal__Orai1WT-MDSnap-Fr400_cleaned,Orai1WT-MDSnap-Fr400_cleaned,MPZ_ideal,failed,No output from any sub-box,0,0.1,,36,38,3.0,,,,,,,,223,21026,1,32,8000,10,3,NVIDIA A100-SXM4-80GB,
2026-03-24T12:54:58.886317,MQ7_ideal__Orai1WT-MDSnap-Fr400_cleaned,Orai1WT-MDSnap-Fr400_cleaned,MQ7_ideal,failed,No output from any sub-box,0,0.1,,48,48,10.0,,,,,,,,223,21026,1,32,8000,10,3,NVIDIA A100-SXM4-80GB,
2026-03-24T12:54:58.918689,MR4_ideal__Orai1WT-MDSnap-Fr400_cleaned,Orai1WT-MDSnap-Fr400_cleaned,MR4_ideal,failed,No output from any sub-box,0,0.1,,18,19,1.0,,,,,,,,223,21026,1,32,8000,10,3,NVIDIA A100-SXM4-80GB,
2026-03-24T12:54:58.942455,MR5_ideal__Orai1WT-MDSnap-Fr400_cleaned,Orai1WT-MDSnap-Fr400_cleaned,MR5_ideal,failed,No output from any sub-box,0,0.1,,18,19,1.0,,,,,,,,223,21026,1,32,8000,10,3,NVIDIA A100-SXM4-80GB,
2026-03-24T12:54:58.965440,MR6_ideal__Orai1WT-MDSnap-Fr400_cleaned,Orai1WT-MDSnap-Fr400_cleaned,MR6_ideal,failed,No output from any sub-box,0,0.1,,17,17,0.0,,,,,,,,223,21026,1,32,8000,10,3,NVIDIA A100-SXM4-80GB,
2026-03-24T12:54:58.988425,MRC_ideal__Orai1WT-MDSnap-Fr400_cleaned,Orai1WT-MDSnap-Fr400_cleaned,MRC_ideal,failed,No output from any sub-box,0,0.1,,35,39,10.0,,,,,,,,223,21026,1,32,8000,10,3,NVIDIA A100-SXM4-80GB,
2026-03-24T12:54:59.018421,MRE_ideal__Orai1WT-MDSnap-Fr400_cleaned,Orai1WT-MDSnap-Fr400_cleaned,MRE_ideal,failed,No output from any sub-box,0,0.1,,20,21,2.0,,,,,,,,223,21026,1,32,8000,10,3,NVIDIA A100-SXM4-80GB,
2026-03-24T12:54:59.041288,MS1_ideal__Orai1WT-MDSnap-Fr400_cleaned,Orai1WT-MDSnap-Fr400_cleaned,MS1_ideal,failed,No output from any sub-box,0,0.1,,57,69,12.0,,,,,,,,223,21026,1,32,8000,10,3,NVIDIA A100-SXM4-80GB,
2026-03-24T12:54:59.065227,MS3_ideal__Orai1WT-MDSnap-Fr400_cleaned,Orai1WT-MDSnap-Fr400_cleaned,MS3_ideal,failed,No output from any sub-box,0,0.1,,56,62,11.0,,,,,,,,223,21026,1,32,8000,10,3,NVIDIA A100-SXM4-80GB,
2026-03-24T12:54:59.091278,MSB_ideal__Orai1WT-MDSnap-Fr400_cleaned,Orai1WT-MDSnap-Fr400_cleaned,MSB_ideal,failed,No output from any sub-box,0,0.1,,11,12,1.0,,,,,,,,223,21026,1,32,8000,10,3,NVIDIA A100-SXM4-80GB,
2026-03-24T12:54:59.118235,MSR_ideal__Orai1WT-MDSnap-Fr400_cleaned,Orai1WT-MDSnap-Fr400_cleaned,MSR_ideal,failed,No output from any sub-box,0,0.1,,12,13,1.0,,,,,,,,223,21026,1,32,8000,10,3,NVIDIA A100-SXM4-80GB,
2026-03-24T12:54:59.142541,MWV_ideal__Orai1WT-MDSnap-Fr400_cleaned,Orai1WT-MDSnap-Fr400_cleaned,MWV_ideal,failed,No output from any sub-box,0,0.1,,36,37,6.0,,,,,,,,223,21026,1,32,8000,10,3,NVIDIA A100-SXM4-80GB,
2026-03-24T12:54:59.164495,MXP_ideal__Orai1WT-MDSnap-Fr400_cleaned,Orai1WT-MDSnap-Fr400_cleaned,MXP_ideal,failed,No output from any sub-box,0,0.1,,30,32,6.0,,,,,,,,223,21026,1,32,8000,10,3,NVIDIA A100-SXM4-80GB,
2026-03-24T12:54:59.185631,MXT_ideal__Orai1WT-MDSnap-Fr400_cleaned,Orai1WT-MDSnap-Fr400_cleaned,MXT_ideal,failed,No output from any sub-box,0,0.1,,18,19,1.0,,,,,,,,223,21026,1,32,8000,10,3,NVIDIA A100-SXM4-80GB,
2026-03-24T12:54:59.217406,MYA_ideal__Orai1WT-MDSnap-Fr400_cleaned,Orai1WT-MDSnap-Fr400_cleaned,MYA_ideal,failed,No output from any sub-box,0,0.1,,63,73,19.0,,,,,,,,223,21026,1,32,8000,10,3,NVIDIA A100-SXM4-80GB,
2026-03-24T12:54:59.239741,MYP_ideal__Orai1WT-MDSnap-Fr400_cleaned,Orai1WT-MDSnap-Fr400_cleaned,MYP_ideal,failed,No output from any sub-box,0,0.1,,41,43,5.0,,,,,,,,223,21026,1,32,8000,10,3,NVIDIA A100-SXM4-80GB,
2026-03-24T12:54:59.263129,MYX_ideal__Orai1WT-MDSnap-Fr400_cleaned,Orai1WT-MDSnap-Fr400_cleaned,MYX_ideal,failed,No output from any sub-box,0,0.1,,33,35,6.0,,,,,,,,223,21026,1,32,8000,10,3,NVIDIA A100-SXM4-80GB,
2026-03-24T12:54:59.284663,N2P_ideal__Orai1WT-MDSnap-Fr400_cleaned,Orai1WT-MDSnap-Fr400_cleaned,N2P_ideal,failed,No output from any sub-box,0,0.1,,7,11,3.0,,,,,,,,223,21026,1,32,8000,10,3,NVIDIA A100-SXM4-80GB,
2026-03-24T12:54:59.316428,N3C_ideal__Orai1WT-MDSnap-Fr400_cleaned,Orai1WT-MDSnap-Fr400_cleaned,N3C_ideal,failed,No output from any sub-box,0,0.1,,56,58,8.0,,,,,,,,223,21026,1,32,8000,10,3,NVIDIA A100-SXM4-80GB,
2026-03-24T12:54:59.340569,N4E_ideal__Orai1WT-MDSnap-Fr400_cleaned,Orai1WT-MDSnap-Fr400_cleaned,N4E_ideal,failed,No output from any sub-box,0,0.1,,13,14,1.0,,,,,,,,223,21026,1,32,8000,10,3,NVIDIA A100-SXM4-80GB,
2026-03-24T12:54:59.364112,N5B_ideal__Orai1WT-MDSnap-Fr400_cleaned,Orai1WT-MDSnap-Fr400_cleaned,N5B_ideal,failed,No output from any sub-box,0,0.1,,17,19,1.0,,,,,,,,223,21026,1,32,8000,10,3,NVIDIA A100-SXM4-80GB,
2026-03-24T12:54:59.386166,N6W_ideal__Orai1WT-MDSnap-Fr400_cleaned,Orai1WT-MDSnap-Fr400_cleaned,N6W_ideal,failed,No output from any sub-box,0,0.1,,18,20,,,,,,,,,223,21026,1,32,8000,10,3,NVIDIA A100-SXM4-80GB,
2026-03-24T12:54:59.416299,N7R_ideal__Orai1WT-MDSnap-Fr400_cleaned,Orai1WT-MDSnap-Fr400_cleaned,N7R_ideal,failed,No output from any sub-box,0,0.1,,42,44,5.0,,,,,,,,223,21026,1,32,8000,10,3,NVIDIA A100-SXM4-80GB,
2026-03-24T12:54:59.437799,N8E_ideal__Orai1WT-MDSnap-Fr400_cleaned,Orai1WT-MDSnap-Fr400_cleaned,N8E_ideal,failed,No output from any sub-box,0,0.1,,24,25,11.0,,,,,,,,223,21026,1,32,8000,10,3,NVIDIA A100-SXM4-80GB,
2026-03-24T12:54:59.459974,NAD_ideal__Orai1WT-MDSnap-Fr400_cleaned,Orai1WT-MDSnap-Fr400_cleaned,NAD_ideal,failed,No output from any sub-box,0,0.1,,44,53,8.0,,,,,,,,223,21026,1,32,8000,10,3,NVIDIA A100-SXM4-80GB,
2026-03-24T12:54:59.475932,NAE_ideal__Orai1WT-MDSnap-Fr400_cleaned,Orai1WT-MDSnap-Fr400_cleaned,NAE_ideal,failed,No output from any sub-box,0,0.1,,48,57,9.0,,,,,,,,223,21026,1,32,8000,10,3,NVIDIA A100-SXM4-80GB,
2026-03-24T12:54:59.492615,NAF_ideal__Orai1WT-MDSnap-Fr400_cleaned,Orai1WT-MDSnap-Fr400_cleaned,NAF_ideal,failed,No output from any sub-box,0,0.1,,17,19,2.0,,,,,,,,223,21026,1,32,8000,10,3,NVIDIA A100-SXM4-80GB,
2026-03-24T12:54:59.518277,NAI_ideal__Orai1WT-MDSnap-Fr400_cleaned,Orai1WT-MDSnap-Fr400_cleaned,NAI_ideal,failed,No output from any sub-box,0,0.1,,44,54,9.0,,,,,,,,223,21026,1,32,8000,10,3,NVIDIA A100-SXM4-80GB,
2026-03-24T12:54:59.539350,NAJ_ideal__Orai1WT-MDSnap-Fr400_cleaned,Orai1WT-MDSnap-Fr400_cleaned,NAJ_ideal,failed,No output from any sub-box,0,0.1,,44,53,8.0,,,,,,,,223,21026,1,32,8000,10,3,NVIDIA A100-SXM4-80GB,
2026-03-24T12:54:59.557463,NAP_ideal__Orai1WT-MDSnap-Fr400_cleaned,Orai1WT-MDSnap-Fr400_cleaned,NAP_ideal,failed,No output from any sub-box,0,0.1,,48,58,10.0,,,,,,,,223,21026,1,32,8000,10,3,NVIDIA A100-SXM4-80GB,
2026-03-24T12:54:59.575022,NAQ_ideal__Orai1WT-MDSnap-Fr400_cleaned,Orai1WT-MDSnap-Fr400_cleaned,NAQ_ideal,failed,No output from any sub-box,0,0.1,,50,59,10.0,,,,,,,,223,21026,1,32,8000,10,3,NVIDIA A100-SXM4-80GB,
2026-03-24T12:54:59.593754,NBC_ideal__Orai1WT-MDSnap-Fr400_cleaned,Orai1WT-MDSnap-Fr400_cleaned,NBC_ideal,failed,No output from any sub-box,0,0.1,,56,66,15.0,,,,,,,,223,21026,1,32,8000,10,3,NVIDIA A100-SXM4-80GB,
2026-03-24T12:54:59.618965,NBP_ideal__Orai1WT-MDSnap-Fr400_cleaned,Orai1WT-MDSnap-Fr400_cleaned,NBP_ideal,failed,No output from any sub-box,0,0.1,,49,59,10.0,,,,,,,,223,21026,1,32,8000,10,3,NVIDIA A100-SXM4-80GB,
2026-03-24T12:54:59.639200,NBU_ideal__Orai1WT-MDSnap-Fr400_cleaned,Orai1WT-MDSnap-Fr400_cleaned,NBU_ideal,failed,No output from any sub-box,0,0.1,,4,4,0.0,,,,,,,,223,21026,1,32,8000,10,3,NVIDIA A100-SXM4-80GB,
2026-03-24T12:54:59.658046,NDA_ideal__Orai1WT-MDSnap-Fr400_cleaned,Orai1WT-MDSnap-Fr400_cleaned,NDA_ideal,failed,No output from any sub-box,0,0.1,,43,52,9.0,,,,,,,,223,21026,1,32,8000,10,3,NVIDIA A100-SXM4-80GB,
2026-03-24T12:54:59.675766,NDC_ideal__Orai1WT-MDSnap-Fr400_cleaned,Orai1WT-MDSnap-Fr400_cleaned,NDC_ideal,failed,No output from any sub-box,0,0.1,,51,60,9.0,,,,,,,,223,21026,1,32,8000,10,3,NVIDIA A100-SXM4-80GB,
2026-03-24T12:54:59.694180,NDD_ideal__Orai1WT-MDSnap-Fr400_cleaned,Orai1WT-MDSnap-Fr400_cleaned,NDD_ideal,failed,No output from any sub-box,0,0.1,,16,18,2.0,,,,,,,,223,21026,1,32,8000,10,3,NVIDIA A100-SXM4-80GB,
2026-03-24T12:54:59.718463,NDP_ideal__Orai1WT-MDSnap-Fr400_cleaned,Orai1WT-MDSnap-Fr400_cleaned,NDP_ideal,failed,No output from any sub-box,0,0.1,,48,59,10.0,,,,,,,,223,21026,1,32,8000,10,3,NVIDIA A100-SXM4-80GB,
2026-03-24T12:54:59.739995,NE6_ideal__Orai1WT-MDSnap-Fr400_cleaned,Orai1WT-MDSnap-Fr400_cleaned,NE6_ideal,failed,No output from any sub-box,0,0.1,,30,30,6.0,,,,,,,,223,21026,1,32,8000,10,3,NVIDIA A100-SXM4-80GB,
2026-03-24T12:54:59.760038,NEN_ideal__Orai1WT-MDSnap-Fr400_cleaned,Orai1WT-MDSnap-Fr400_cleaned,NEN_ideal,failed,No output from any sub-box,0,0.1,,9,9,0.0,,,,,,,,223,21026,1,32,8000,10,3,NVIDIA A100-SXM4-80GB,
2026-03-24T12:54:59.779391,NEQ_ideal__Orai1WT-MDSnap-Fr400_cleaned,Orai1WT-MDSnap-Fr400_cleaned,NEQ_ideal,failed,No output from any sub-box,0,0.1,,9,9,0.0,,,,,,,,223,21026,1,32,8000,10,3,NVIDIA A100-SXM4-80GB,
2026-03-24T12:54:59.796437,NET_ideal__Orai1WT-MDSnap-Fr400_cleaned,Orai1WT-MDSnap-Fr400_cleaned,NET_ideal,failed,No output from any sub-box,0,0.1,,9,9,2.0,,,,,,,,223,21026,1,32,8000,10,3,NVIDIA A100-SXM4-80GB,
2026-03-24T12:54:59.829635,NFA_ideal__Orai1WT-MDSnap-Fr400_cleaned,Orai1WT-MDSnap-Fr400_cleaned,NFA_ideal,failed,No output from any sub-box,0,0.1,,12,16,2.0,,,,,,,,223,21026,1,32,8000,10,3,NVIDIA A100-SXM4-80GB,
2026-03-24T12:54:59.848723,NHE_ideal__Orai1WT-MDSnap-Fr400_cleaned,Orai1WT-MDSnap-Fr400_cleaned,NHE_ideal,failed,No output from any sub-box,0,0.1,,13,15,2.0,,,,,,,,223,21026,1,32,8000,10,3,NVIDIA A100-SXM4-80GB,
2026-03-24T12:54:59.866680,NHM_ideal__Orai1WT-MDSnap-Fr400_cleaned,Orai1WT-MDSnap-Fr400_cleaned,NHM_ideal,failed,No output from any sub-box,0,0.1,,64,74,20.0,,,,,,,,223,21026,1,32,8000,10,3,NVIDIA A100-SXM4-80GB,
2026-03-24T12:54:59.880561,NHO_ideal__Orai1WT-MDSnap-Fr400_cleaned,Orai1WT-MDSnap-Fr400_cleaned,NHO_ideal,failed,No output from any sub-box,0,0.1,,54,68,13.0,,,,,,,,223,21026,1,32,8000,10,3,NVIDIA A100-SXM4-80GB,
2026-03-24T12:54:59.895802,NIN_ideal__Orai1WT-MDSnap-Fr400_cleaned,Orai1WT-MDSnap-Fr400_cleaned,NIN_ideal,failed,No output from any sub-box,0,0.1,,12,12,1.0,,,,,,,,223,21026,1,32,8000,10,3,NVIDIA A100-SXM4-80GB,
2026-03-24T12:54:59.923580,NIZ_ideal__Orai1WT-MDSnap-Fr400_cleaned,Orai1WT-MDSnap-Fr400_cleaned,NIZ_ideal,failed,No output from any sub-box,0,0.1,,10,13,1.0,,,,,,,,223,21026,1,32,8000,10,3,NVIDIA A100-SXM4-80GB,
2026-03-24T12:54:59.942327,NMX_ideal__Orai1WT-MDSnap-Fr400_cleaned,Orai1WT-MDSnap-Fr400_cleaned,NMX_ideal,failed,No output from any sub-box,0,0.1,,51,61,13.0,,,,,,,,223,21026,1,32,8000,10,3,NVIDIA A100-SXM4-80GB,
2026-03-24T12:54:59.958925,NNB_ideal__Orai1WT-MDSnap-Fr400_cleaned,Orai1WT-MDSnap-Fr400_cleaned,NNB_ideal,failed,No output from any sub-box,0,0.1,,24,25,2.0,,,,,,,,223,21026,1,32,8000,10,3,NVIDIA A100-SXM4-80GB,
2026-03-24T12:54:59.977583,NNC_ideal__Orai1WT-MDSnap-Fr400_cleaned,Orai1WT-MDSnap-Fr400_cleaned,NNC_ideal,failed,No output from any sub-box,0,0.1,,24,25,2.0,,,,,,,,223,21026,1,32,8000,10,3,NVIDIA A100-SXM4-80GB,
2026-03-24T12:54:59.993773,NNI_ideal__Orai1WT-MDSnap-Fr400_cleaned,Orai1WT-MDSnap-Fr400_cleaned,NNI_ideal,failed,No output from any sub-box,0,0.1,,24,25,2.0,,,,,,,,223,21026,1,32,8000,10,3,NVIDIA A100-SXM4-80GB,
2026-03-24T12:55:00.023083,NO3_ideal__Orai1WT-MDSnap-Fr400_cleaned,Orai1WT-MDSnap-Fr400_cleaned,NO3_ideal,failed,No output from any sub-box,0,0.1,,4,4,,,,,,,,,223,21026,1,32,8000,10,3,NVIDIA A100-SXM4-80GB,
2026-03-24T12:55:00.040106,NOV_ideal__Orai1WT-MDSnap-Fr400_cleaned,Orai1WT-MDSnap-Fr400_cleaned,NOV_ideal,failed,No output from any sub-box,0,0.1,,44,50,6.0,,,,,,,,223,21026,1,32,8000,10,3,NVIDIA A100-SXM4-80GB,
2026-03-24T12:55:00.061389,NPO_ideal__Orai1WT-MDSnap-Fr400_cleaned,Orai1WT-MDSnap-Fr400_cleaned,NPO_ideal,failed,No output from any sub-box,0,0.1,,10,11,1.0,,,,,,,,223,21026,1,32,8000,10,3,NVIDIA A100-SXM4-80GB,
2026-03-24T12:55:00.083479,NR2_ideal__Orai1WT-MDSnap-Fr400_cleaned,Orai1WT-MDSnap-Fr400_cleaned,NR2_ideal,failed,No output from any sub-box,0,0.1,,24,28,2.0,,,,,,,,223,21026,1,32,8000,10,3,NVIDIA A100-SXM4-80GB,
2026-03-24T12:55:00.116750,NTD_ideal__Orai1WT-MDSnap-Fr400_cleaned,Orai1WT-MDSnap-Fr400_cleaned,NTD_ideal,failed,No output from any sub-box,0,0.1,,23,24,2.0,,,,,,,,223,21026,1,32,8000,10,3,NVIDIA A100-SXM4-80GB,
2026-03-24T12:55:00.139833,NTU_ideal__Orai1WT-MDSnap-Fr400_cleaned,Orai1WT-MDSnap-Fr400_cleaned,NTU_ideal,failed,No output from any sub-box,0,0.1,,24,28,8.0,,,,,,,,223,21026,1,32,8000,10,3,NVIDIA A100-SXM4-80GB,
2026-03-24T12:55:00.163989,NXX_ideal__Orai1WT-MDSnap-Fr400_cleaned,Orai1WT-MDSnap-Fr400_cleaned,NXX_ideal,failed,No output from any sub-box,0,0.1,,44,53,9.0,,,,,,,,223,21026,1,32,8000,10,3,NVIDIA A100-SXM4-80GB,
2026-03-24T12:55:00.188362,NYL_ideal__Orai1WT-MDSnap-Fr400_cleaned,Orai1WT-MDSnap-Fr400_cleaned,NYL_ideal,failed,No output from any sub-box,0,0.1,,10,11,1.0,,,,,,,,223,21026,1,32,8000,10,3,NVIDIA A100-SXM4-80GB,
2026-03-24T12:55:00.216363,NZQ_ideal__Orai1WT-MDSnap-Fr400_cleaned,Orai1WT-MDSnap-Fr400_cleaned,NZQ_ideal,failed,No output from any sub-box,0,0.1,,50,63,11.0,,,,,,,,223,21026,1,32,8000,10,3,NVIDIA A100-SXM4-80GB,
2026-03-24T12:55:00.240287,O8N_ideal__Orai1WT-MDSnap-Fr400_cleaned,Orai1WT-MDSnap-Fr400_cleaned,O8N_ideal,failed,No output from any sub-box,0,0.1,,29,30,13.0,,,,,,,,223,21026,1,32,8000,10,3,NVIDIA A100-SXM4-80GB,
2026-03-24T12:55:00.262668,ODD_ideal__Orai1WT-MDSnap-Fr400_cleaned,Orai1WT-MDSnap-Fr400_cleaned,ODD_ideal,failed,No output from any sub-box,0,0.1,,20,21,7.0,,,,,,,,223,21026,1,32,8000,10,3,NVIDIA A100-SXM4-80GB,
2026-03-24T12:55:00.284085,ODS_ideal__Orai1WT-MDSnap-Fr400_cleaned,Orai1WT-MDSnap-Fr400_cleaned,ODS_ideal,failed,No output from any sub-box,0,0.1,,10,11,0.0,,,,,,,,223,21026,1,32,8000,10,3,NVIDIA A100-SXM4-80GB,
2026-03-24T12:55:00.318665,ODT_ideal__Orai1WT-MDSnap-Fr400_cleaned,Orai1WT-MDSnap-Fr400_cleaned,ODT_ideal,failed,No output from any sub-box,0,0.1,,20,21,7.0,,,,,,,,223,21026,1,32,8000,10,3,NVIDIA A100-SXM4-80GB,
2026-03-24T12:55:00.340721,OFF_ideal__Orai1WT-MDSnap-Fr400_cleaned,Orai1WT-MDSnap-Fr400_cleaned,OFF_ideal,failed,No output from any sub-box,0,0.1,,33,37,8.0,,,,,,,,223,21026,1,32,8000,10,3,NVIDIA A100-SXM4-80GB,
2026-03-24T12:55:00.363929,OHH_ideal__Orai1WT-MDSnap-Fr400_cleaned,Orai1WT-MDSnap-Fr400_cleaned,OHH_ideal,failed,No output from any sub-box,0,0.1,,49,51,5.0,,,,,,,,223,21026,1,32,8000,10,3,NVIDIA A100-SXM4-80GB,
2026-03-24T12:55:00.384890,OHM_ideal__Orai1WT-MDSnap-Fr400_cleaned,Orai1WT-MDSnap-Fr400_cleaned,OHM_ideal,failed,No output from any sub-box,0,0.1,,21,23,5.0,,,,,,,,223,21026,1,32,8000,10,3,NVIDIA A100-SXM4-80GB,
2026-03-24T12:55:00.416839,OHN_ideal__Orai1WT-MDSnap-Fr400_cleaned,Orai1WT-MDSnap-Fr400_cleaned,OHN_ideal,failed,No output from any sub-box,0,0.1,,21,22,5.0,,,,,,,,223,21026,1,32,8000,10,3,NVIDIA A100-SXM4-80GB,
2026-03-24T12:55:00.439213,OKA_ideal__Orai1WT-MDSnap-Fr400_cleaned,Orai1WT-MDSnap-Fr400_cleaned,OKA_ideal,failed,No output from any sub-box,0,0.1,,57,62,7.0,,,,,,,,223,21026,1,32,8000,10,3,NVIDIA A100-SXM4-80GB,
2026-03-24T12:55:00.460640,OPP_ideal__Orai1WT-MDSnap-Fr400_cleaned,Orai1WT-MDSnap-Fr400_cleaned,OPP_ideal,failed,No output from any sub-box,0,0.1,,17,17,2.0,,,,,,,,223,21026,1,32,8000,10,3,NVIDIA A100-SXM4-80GB,
2026-03-24T12:55:00.483644,OSP_ideal__Orai1WT-MDSnap-Fr400_cleaned,Orai1WT-MDSnap-Fr400_cleaned,OSP_ideal,failed,No output from any sub-box,0,0.1,,18,20,1.0,,,,,,,,223,21026,1,32,8000,10,3,NVIDIA A100-SXM4-80GB,
2026-03-24T12:55:00.516926,OX3_ideal__Orai1WT-MDSnap-Fr400_cleaned,Orai1WT-MDSnap-Fr400_cleaned,OX3_ideal,failed,No output from any sub-box,0,0.1,,18,19,2.0,,,,,,,,223,21026,1,32,8000,10,3,NVIDIA A100-SXM4-80GB,
2026-03-24T12:55:00.539970,OX5_ideal__Orai1WT-MDSnap-Fr400_cleaned,Orai1WT-MDSnap-Fr400_cleaned,OX5_ideal,failed,No output from any sub-box,0,0.1,,17,18,3.0,,,,,,,,223,21026,1,32,8000,10,3,NVIDIA A100-SXM4-80GB,
2026-03-24T12:55:00.563594,OX6_ideal__Orai1WT-MDSnap-Fr400_cleaned,Orai1WT-MDSnap-Fr400_cleaned,OX6_ideal,failed,No output from any sub-box,0,0.1,,17,18,2.0,,,,,,,,223,21026,1,32,8000,10,3,NVIDIA A100-SXM4-80GB,
2026-03-24T12:55:00.585400,OX7_ideal__Orai1WT-MDSnap-Fr400_cleaned,Orai1WT-MDSnap-Fr400_cleaned,OX7_ideal,failed,No output from any sub-box,0,0.1,,17,18,2.0,,,,,,,,223,21026,1,32,8000,10,3,NVIDIA A100-SXM4-80GB,
2026-03-24T12:55:00.627982,OXC_ideal__Orai1WT-MDSnap-Fr400_cleaned,Orai1WT-MDSnap-Fr400_cleaned,OXC_ideal,failed,No output from any sub-box,0,0.1,,11,15,1.0,,,,,,,,223,21026,1,32,8000,10,3,NVIDIA A100-SXM4-80GB,
2026-03-24T12:55:00.653267,OXD_ideal__Orai1WT-MDSnap-Fr400_cleaned,Orai1WT-MDSnap-Fr400_cleaned,OXD_ideal,failed,No output from any sub-box,0,0.1,,6,8,1.0,,,,,,,,223,21026,1,32,8000,10,3,NVIDIA A100-SXM4-80GB,
2026-03-24T12:55:00.675867,P0E_ideal__Orai1WT-MDSnap-Fr400_cleaned,Orai1WT-MDSnap-Fr400_cleaned,P0E_ideal,failed,No output from any sub-box,0,0.1,,49,51,20.0,,,,,,,,223,21026,1,32,8000,10,3,NVIDIA A100-SXM4-80GB,
2026-03-24T12:55:00.715960,P1L_ideal__Orai1WT-MDSnap-Fr400_cleaned,Orai1WT-MDSnap-Fr400_cleaned,P1L_ideal,failed,No output from any sub-box,0,0.1,,24,27,10.0,,,,,,,,223,21026,1,32,8000,10,3,NVIDIA A100-SXM4-80GB,
2026-03-24T12:55:00.741422,P2Z_ideal__Orai1WT-MDSnap-Fr400_cleaned,Orai1WT-MDSnap-Fr400_cleaned,P2Z_ideal,failed,No output from any sub-box,0,0.1,,20,20,2.0,,,,,,,,223,21026,1,32,8000,10,3,NVIDIA A100-SXM4-80GB,
2026-03-24T12:55:00.765388,P30_ideal__Orai1WT-MDSnap-Fr400_cleaned,Orai1WT-MDSnap-Fr400_cleaned,P30_ideal,failed,No output from any sub-box,0,0.1,,40,42,4.0,,,,,,,,223,21026,1,32,8000,10,3,NVIDIA A100-SXM4-80GB,
2026-03-24T12:55:00.788331,P40_ideal__Orai1WT-MDSnap-Fr400_cleaned,Orai1WT-MDSnap-Fr400_cleaned,P40_ideal,failed,No output from any sub-box,0,0.1,,32,34,3.0,,,,,,,,223,21026,1,32,8000,10,3,NVIDIA A100-SXM4-80GB,
2026-03-24T12:55:00.816884,P48_ideal__Orai1WT-MDSnap-Fr400_cleaned,Orai1WT-MDSnap-Fr400_cleaned,P48_ideal,failed,No output from any sub-box,0,0.1,,34,36,2.0,,,,,,,,223,21026,1,32,8000,10,3,NVIDIA A100-SXM4-80GB,
2026-03-24T12:55:00.840787,P5B_ideal__Orai1WT-MDSnap-Fr400_cleaned,Orai1WT-MDSnap-Fr400_cleaned,P5B_ideal,failed,No output from any sub-box,0,0.1,,39,48,7.0,,,,,,,,223,21026,1,32,8000,10,3,NVIDIA A100-SXM4-80GB,
2026-03-24T12:55:00.864594,P5S_ideal__Orai1WT-MDSnap-Fr400_cleaned,Orai1WT-MDSnap-Fr400_cleaned,P5S_ideal,failed,No output from any sub-box,0,0.1,,54,58,23.0,,,,,,,,223,21026,1,32,8000,10,3,NVIDIA A100-SXM4-80GB,
2026-03-24T12:55:00.888415,P89_ideal__Orai1WT-MDSnap-Fr400_cleaned,Orai1WT-MDSnap-Fr400_cleaned,P89_ideal,failed,No output from any sub-box,0,0.1,,28,31,8.0,,,,,,,,223,21026,1,32,8000,10,3,NVIDIA A100-SXM4-80GB,
2026-03-24T12:55:00.916993,PAB_ideal__Orai1WT-MDSnap-Fr400_cleaned,Orai1WT-MDSnap-Fr400_cleaned,PAB_ideal,failed,No output from any sub-box,0,0.1,,10,13,1.0,,,,,,,,223,21026,1,32,8000,10,3,NVIDIA A100-SXM4-80GB,
2026-03-24T12:55:00.939820,PAC_ideal__Orai1WT-MDSnap-Fr400_cleaned,Orai1WT-MDSnap-Fr400_cleaned,PAC_ideal,failed,No output from any sub-box,0,0.1,,10,11,1.0,,,,,,,,223,21026,1,32,8000,10,3,NVIDIA A100-SXM4-80GB,
2026-03-24T12:55:00.963018,PAD_ideal__Orai1WT-MDSnap-Fr400_cleaned,Orai1WT-MDSnap-Fr400_cleaned,PAD_ideal,failed,No output from any sub-box,0,0.1,,44,54,8.0,,,,,,,,223,21026,1,32,8000,10,3,NVIDIA A100-SXM4-80GB,
2026-03-24T12:55:00.993696,PB2_ideal__Orai1WT-MDSnap-Fr400_cleaned,Orai1WT-MDSnap-Fr400_cleaned,PB2_ideal,failed,No output from any sub-box,0,0.1,,18,18,1.0,,,,,,,,223,21026,1,32,8000,10,3,NVIDIA A100-SXM4-80GB,
2026-03-24T12:55:01.017903,PBA_ideal__Orai1WT-MDSnap-Fr400_cleaned,Orai1WT-MDSnap-Fr400_cleaned,PBA_ideal,failed,No output from any sub-box,0,0.1,,11,13,2.0,,,,,,,,223,21026,1,32,8000,10,3,NVIDIA A100-SXM4-80GB,
2026-03-24T12:55:01.041176,PBC_ideal__Orai1WT-MDSnap-Fr400_cleaned,Orai1WT-MDSnap-Fr400_cleaned,PBC_ideal,failed,No output from any sub-box,0,0.1,,9,11,1.0,,,,,,,,223,21026,1,32,8000,10,3,NVIDIA A100-SXM4-80GB,
2026-03-24T12:55:01.064865,PBN_ideal__Orai1WT-MDSnap-Fr400_cleaned,Orai1WT-MDSnap-Fr400_cleaned,PBN_ideal,failed,No output from any sub-box,0,0.1,,11,13,2.0,,,,,,,,223,21026,1,32,8000,10,3,NVIDIA A100-SXM4-80GB,
2026-03-24T12:55:01.086064,PBR_ideal__Orai1WT-MDSnap-Fr400_cleaned,Orai1WT-MDSnap-Fr400_cleaned,PBR_ideal,failed,No output from any sub-box,0,0.1,,12,13,0.0,,,,,,,,223,21026,1,32,8000,10,3,NVIDIA A100-SXM4-80GB,
2026-03-24T12:55:01.117459,PCB_ideal__Orai1WT-MDSnap-Fr400_cleaned,Orai1WT-MDSnap-Fr400_cleaned,PCB_ideal,failed,No output from any sub-box,0,0.1,,24,24,1.0,,,,,,,,223,21026,1,32,8000,10,3,NVIDIA A100-SXM4-80GB,
2026-03-24T12:55:01.139974,PCF_ideal__Orai1WT-MDSnap-Fr400_cleaned,Orai1WT-MDSnap-Fr400_cleaned,PCF_ideal,failed,No output from any sub-box,0,0.1,,50,50,20.0,,,,,,,,223,21026,1,32,8000,10,3,NVIDIA A100-SXM4-80GB,
2026-03-24T12:55:01.164571,PCM_ideal__Orai1WT-MDSnap-Fr400_cleaned,Orai1WT-MDSnap-Fr400_cleaned,PCM_ideal,failed,No output from any sub-box,0,0.1,,43,46,8.0,,,,,,,,223,21026,1,32,8000,10,3,NVIDIA A100-SXM4-80GB,
2026-03-24T12:55:01.188383,PCQ_ideal__Orai1WT-MDSnap-Fr400_cleaned,Orai1WT-MDSnap-Fr400_cleaned,PCQ_ideal,failed,No output from any sub-box,0,0.1,,18,20,1.0,,,,,,,,223,21026,1,32,8000,10,3,NVIDIA A100-SXM4-80GB,
2026-03-24T12:55:01.217886,PCR_ideal__Orai1WT-MDSnap-Fr400_cleaned,Orai1WT-MDSnap-Fr400_cleaned,PCR_ideal,failed,No output from any sub-box,0,0.1,,8,9,0.0,,,,,,,,223,21026,1,32,8000,10,3,NVIDIA A100-SXM4-80GB,
2026-03-24T12:55:01.242578,PCS_ideal__Orai1WT-MDSnap-Fr400_cleaned,Orai1WT-MDSnap-Fr400_cleaned,PCS_ideal,failed,No output from any sub-box,0,0.1,,13,15,2.0,,,,,,,,223,21026,1,32,8000,10,3,NVIDIA A100-SXM4-80GB,
2026-03-24T12:55:01.265110,PCW_ideal__Orai1WT-MDSnap-Fr400_cleaned,Orai1WT-MDSnap-Fr400_cleaned,PCW_ideal,failed,No output from any sub-box,0,0.1,,54,55,21.0,,,,,,,,223,21026,1,32,8000,10,3,NVIDIA A100-SXM4-80GB,
2026-03-24T12:55:01.288898,PC_ideal__Orai1WT-MDSnap-Fr400_cleaned,Orai1WT-MDSnap-Fr400_cleaned,PC_ideal,failed,No output from any sub-box,0,0.1,,11,13,3.0,,,,,,,,223,21026,1,32,8000,10,3,NVIDIA A100-SXM4-80GB,
2026-03-24T12:55:01.316673,PD7_ideal__Orai1WT-MDSnap-Fr400_cleaned,Orai1WT-MDSnap-Fr400_cleaned,PD7_ideal,failed,No output from any sub-box,0,0.1,,26,28,10.0,,,,,,,,223,21026,1,32,8000,10,3,NVIDIA A100-SXM4-80GB,
2026-03-24T12:55:01.343420,PDC_ideal__Orai1WT-MDSnap-Fr400_cleaned,Orai1WT-MDSnap-Fr400_cleaned,PDC_ideal,failed,No output from any sub-box,0,0.1,,12,14,2.0,,,,,,,,223,21026,1,32,8000,10,3,NVIDIA A100-SXM4-80GB,
2026-03-24T12:55:01.365292,PDO_ideal__Orai1WT-MDSnap-Fr400_cleaned,Orai1WT-MDSnap-Fr400_cleaned,PDO_ideal,failed,No output from any sub-box,0,0.1,,5,7,2.0,,,,,,,,223,21026,1,32,8000,10,3,NVIDIA A100-SXM4-80GB,
2026-03-24T12:55:01.386134,PE5_ideal__Orai1WT-MDSnap-Fr400_cleaned,Orai1WT-MDSnap-Fr400_cleaned,PE5_ideal,failed,No output from any sub-box,0,0.1,,27,28,12.0,,,,,,,,223,21026,1,32,8000,10,3,NVIDIA A100-SXM4-80GB,
2026-03-24T12:55:01.417394,PE7_ideal__Orai1WT-MDSnap-Fr400_cleaned,Orai1WT-MDSnap-Fr400_cleaned,PE7_ideal,failed,No output from any sub-box,0,0.1,,22,24,10.0,,,,,,,,223,21026,1,32,8000,10,3,NVIDIA A100-SXM4-80GB,
2026-03-24T12:55:01.440627,PEA_ideal__Orai1WT-MDSnap-Fr400_cleaned,Orai1WT-MDSnap-Fr400_cleaned,PEA_ideal,failed,No output from any sub-box,0,0.1,,9,12,1.0,,,,,,,,223,21026,1,32,8000,10,3,NVIDIA A100-SXM4-80GB,
2026-03-24T12:55:01.465188,PEE_ideal__Orai1WT-MDSnap-Fr400_cleaned,Orai1WT-MDSnap-Fr400_cleaned,PEE_ideal,failed,No output from any sub-box,0,0.1,,51,54,21.0,,,,,,,,223,21026,1,32,8000,10,3,NVIDIA A100-SXM4-80GB,
2026-03-24T12:55:01.488680,PEF_ideal__Orai1WT-MDSnap-Fr400_cleaned,Orai1WT-MDSnap-Fr400_cleaned,PEF_ideal,failed,No output from any sub-box,0,0.1,,47,50,20.0,,,,,,,,223,21026,1,32,8000,10,3,NVIDIA A100-SXM4-80GB,
2026-03-24T12:55:01.517537,PEL_ideal__Orai1WT-MDSnap-Fr400_cleaned,Orai1WT-MDSnap-Fr400_cleaned,PEL_ideal,failed,No output from any sub-box,0,0.1,,9,10,1.0,,,,,,,,223,21026,1,32,8000,10,3,NVIDIA A100-SXM4-80GB,
2026-03-24T12:55:01.539569,PFB_ideal__Orai1WT-MDSnap-Fr400_cleaned,Orai1WT-MDSnap-Fr400_cleaned,PFB_ideal,failed,No output from any sub-box,0,0.1,,13,14,1.0,,,,,,,,223,21026,1,32,8000,10,3,NVIDIA A100-SXM4-80GB,
2026-03-24T12:55:01.564508,PFL_ideal__Orai1WT-MDSnap-Fr400_cleaned,Orai1WT-MDSnap-Fr400_cleaned,PFL_ideal,failed,No output from any sub-box,0,0.1,,13,14,1.0,,,,,,,,223,21026,1,32,8000,10,3,NVIDIA A100-SXM4-80GB,
2026-03-24T12:55:01.587788,PFS_ideal__Orai1WT-MDSnap-Fr400_cleaned,Orai1WT-MDSnap-Fr400_cleaned,PFS_ideal,failed,No output from any sub-box,0,0.1,,35,35,13.0,,,,,,,,223,21026,1,32,8000,10,3,NVIDIA A100-SXM4-80GB,
2026-03-24T12:55:01.617169,PGM_ideal__Orai1WT-MDSnap-Fr400_cleaned,Orai1WT-MDSnap-Fr400_cleaned,PGM_ideal,failed,No output from any sub-box,0,0.1,,32,35,13.0,,,,,,,,223,21026,1,32,8000,10,3,NVIDIA A100-SXM4-80GB,
2026-03-24T12:55:01.640414,PHB_ideal__Orai1WT-MDSnap-Fr400_cleaned,Orai1WT-MDSnap-Fr400_cleaned,PHB_ideal,failed,No output from any sub-box,0,0.1,,10,12,1.0,,,,,,,,223,21026,1,32,8000,10,3,NVIDIA A100-SXM4-80GB,
2026-03-24T12:55:01.664081,PHE_ideal__Orai1WT-MDSnap-Fr400_cleaned,Orai1WT-MDSnap-Fr400_cleaned,PHE_ideal,failed,No output from any sub-box,0,0.1,,12,15,2.0,,,,,,,,223,21026,1,32,8000,10,3,NVIDIA A100-SXM4-80GB,
2026-03-24T12:55:01.685123,PHI_ideal__Orai1WT-MDSnap-Fr400_cleaned,Orai1WT-MDSnap-Fr400_cleaned,PHI_ideal,failed,No output from any sub-box,0,0.1,,13,16,2.0,,,,,,,,223,21026,1,32,8000,10,3,NVIDIA A100-SXM4-80GB,
2026-03-24T12:55:01.716661,PHJ_ideal__Orai1WT-MDSnap-Fr400_cleaned,Orai1WT-MDSnap-Fr400_cleaned,PHJ_ideal,failed,No output from any sub-box,0,0.1,,11,14,1.0,,,,,,,,223,21026,1,32,8000,10,3,NVIDIA A100-SXM4-80GB,
2026-03-24T12:55:01.739738,PHK_ideal__Orai1WT-MDSnap-Fr400_cleaned,Orai1WT-MDSnap-Fr400_cleaned,PHK_ideal,failed,No output from any sub-box,0,0.1,,13,16,3.0,,,,,,,,223,21026,1,32,8000,10,3,NVIDIA A100-SXM4-80GB,
2026-03-24T12:55:01.762726,PHL_ideal__Orai1WT-MDSnap-Fr400_cleaned,Orai1WT-MDSnap-Fr400_cleaned,PHL_ideal,failed,No output from any sub-box,0,0.1,,11,14,2.0,,,,,,,,223,21026,1,32,8000,10,3,NVIDIA A100-SXM4-80GB,
2026-03-24T12:55:01.785659,PHN_ideal__Orai1WT-MDSnap-Fr400_cleaned,Orai1WT-MDSnap-Fr400_cleaned,PHN_ideal,failed,No output from any sub-box,0,0.1,,14,14,,,,,,,,,223,21026,1,32,8000,10,3,NVIDIA A100-SXM4-80GB,
2026-03-24T12:55:01.816235,PHQ_ideal__Orai1WT-MDSnap-Fr400_cleaned,Orai1WT-MDSnap-Fr400_cleaned,PHQ_ideal,failed,No output from any sub-box,0,0.1,,11,11,1.0,,,,,,,,223,21026,1,32,8000,10,3,NVIDIA A100-SXM4-80GB,
2026-03-24T12:55:01.844326,PHT_ideal__Orai1WT-MDSnap-Fr400_cleaned,Orai1WT-MDSnap-Fr400_cleaned,PHT_ideal,failed,No output from any sub-box,0,0.1,,12,14,2.0,,,,,,,,223,21026,1,32,8000,10,3,NVIDIA A100-SXM4-80GB,
2026-03-24T12:55:01.868983,PIE_ideal__Orai1WT-MDSnap-Fr400_cleaned,Orai1WT-MDSnap-Fr400_cleaned,PIE_ideal,failed,No output from any sub-box,0,0.1,,57,62,22.0,,,,,,,,223,21026,1,32,8000,10,3,NVIDIA A100-SXM4-80GB,
2026-03-24T12:55:01.900834,PIH_ideal__Orai1WT-MDSnap-Fr400_cleaned,Orai1WT-MDSnap-Fr400_cleaned,PIH_ideal,failed,No output from any sub-box,0,0.1,,7,7,,,,,,,,,223,21026,1,32,8000,10,3,NVIDIA A100-SXM4-80GB,
2026-03-24T12:55:01.937279,PIM_ideal__Orai1WT-MDSnap-Fr400_cleaned,Orai1WT-MDSnap-Fr400_cleaned,PIM_ideal,failed,No output from any sub-box,0,0.1,,11,12,0.0,,,,,,,,223,21026,1,32,8000,10,3,NVIDIA A100-SXM4-80GB,
2026-03-24T12:55:01.959980,PIT_ideal__Orai1WT-MDSnap-Fr400_cleaned,Orai1WT-MDSnap-Fr400_cleaned,PIT_ideal,failed,No output from any sub-box,0,0.1,,18,22,3.0,,,,,,,,223,21026,1,32,8000,10,3,NVIDIA A100-SXM4-80GB,
2026-03-24T12:55:01.984734,PIU_ideal__Orai1WT-MDSnap-Fr400_cleaned,Orai1WT-MDSnap-Fr400_cleaned,PIU_ideal,failed,No output from any sub-box,0,0.1,,21,23,2.0,,,,,,,,223,21026,1,32,8000,10,3,NVIDIA A100-SXM4-80GB,
2026-03-24T12:55:02.016683,PKF_ideal__Orai1WT-MDSnap-Fr400_cleaned,Orai1WT-MDSnap-Fr400_cleaned,PKF_ideal,failed,No output from any sub-box,0,0.1,,52,59,11.0,,,,,,,,223,21026,1,32,8000,10,3,NVIDIA A100-SXM4-80GB,
2026-03-24T12:55:02.039964,PL3_ideal__Orai1WT-MDSnap-Fr400_cleaned,Orai1WT-MDSnap-Fr400_cleaned,PL3_ideal,failed,No output from any sub-box,0,0.1,,17,18,7.0,,,,,,,,223,21026,1,32,8000,10,3,NVIDIA A100-SXM4-80GB,
2026-03-24T12:55:02.063872,PLC_ideal__Orai1WT-MDSnap-Fr400_cleaned,Orai1WT-MDSnap-Fr400_cleaned,PLC_ideal,failed,No output from any sub-box,0,0.1,,42,43,16.0,,,,,,,,223,21026,1,32,8000,10,3,NVIDIA A100-SXM4-80GB,
2026-03-24T12:55:02.085812,PLM_ideal__Orai1WT-MDSnap-Fr400_cleaned,Orai1WT-MDSnap-Fr400_cleaned,PLM_ideal,failed,No output from any sub-box,0,0.1,,18,19,7.0,,,,,,,,223,21026,1,32,8000,10,3,NVIDIA A100-SXM4-80GB,
2026-03-24T12:55:02.116849,PLU_ideal__Orai1WT-MDSnap-Fr400_cleaned,Orai1WT-MDSnap-Fr400_cleaned,PLU_ideal,failed,No output from any sub-box,0,0.1,,10,14,3.0,,,,,,,,223,21026,1,32,8000,10,3,NVIDIA A100-SXM4-80GB,
2026-03-24T12:55:02.139973,PM4_ideal__Orai1WT-MDSnap-Fr400_cleaned,Orai1WT-MDSnap-Fr400_cleaned,PM4_ideal,failed,No output from any sub-box,0,0.1,,28,33,9.0,,,,,,,,223,21026,1,32,8000,10,3,NVIDIA A100-SXM4-80GB,
2026-03-24T12:55:02.162053,PM5_ideal__Orai1WT-MDSnap-Fr400_cleaned,Orai1WT-MDSnap-Fr400_cleaned,PM5_ideal,failed,No output from any sub-box,0,0.1,,29,34,9.0,,,,,,,,223,21026,1,32,8000,10,3,NVIDIA A100-SXM4-80GB,
2026-03-24T12:55:02.182754,PMA_ideal__Orai1WT-MDSnap-Fr400_cleaned,Orai1WT-MDSnap-Fr400_cleaned,PMA_ideal,failed,No output from any sub-box,0,0.1,,18,22,4.0,,,,,,,,223,21026,1,32,8000,10,3,NVIDIA A100-SXM4-80GB,
2026-03-24T12:55:02.216582,PMS_ideal__Orai1WT-MDSnap-Fr400_cleaned,Orai1WT-MDSnap-Fr400_cleaned,PMS_ideal,failed,No output from any sub-box,0,0.1,,11,12,1.0,,,,,,,,223,21026,1,32,8000,10,3,NVIDIA A100-SXM4-80GB,
2026-03-24T12:55:02.239029,PN6_ideal__Orai1WT-MDSnap-Fr400_cleaned,Orai1WT-MDSnap-Fr400_cleaned,PN6_ideal,failed,No output from any sub-box,0,0.1,,25,28,1.0,,,,,,,,223,21026,1,32,8000,10,3,NVIDIA A100-SXM4-80GB,
2026-03-24T12:55:02.258044,PNF_ideal__Orai1WT-MDSnap-Fr400_cleaned,Orai1WT-MDSnap-Fr400_cleaned,PNF_ideal,failed,No output from any sub-box,0,0.1,,27,30,7.0,,,,,,,,223,21026,1,32,8000,10,3,NVIDIA A100-SXM4-80GB,
2026-03-24T12:55:02.278626,PNT_ideal__Orai1WT-MDSnap-Fr400_cleaned,Orai1WT-MDSnap-Fr400_cleaned,PNT_ideal,failed,No output from any sub-box,0,0.1,,25,31,5.0,,,,,,,,223,21026,1,32,8000,10,3,NVIDIA A100-SXM4-80GB,
2026-03-24T12:55:02.300098,PO4_ideal__Orai1WT-MDSnap-Fr400_cleaned,Orai1WT-MDSnap-Fr400_cleaned,PO4_ideal,failed,No output from any sub-box,0,0.1,,5,5,,,,,,,,,223,21026,1,32,8000,10,3,NVIDIA A100-SXM4-80GB,
2026-03-24T12:55:02.335227,PP1_ideal__Orai1WT-MDSnap-Fr400_cleaned,Orai1WT-MDSnap-Fr400_cleaned,PP1_ideal,failed,No output from any sub-box,0,0.1,,21,23,1.0,,,,,,,,223,21026,1,32,8000,10,3,NVIDIA A100-SXM4-80GB,
2026-03-24T12:55:02.356709,PP2_ideal__Orai1WT-MDSnap-Fr400_cleaned,Orai1WT-MDSnap-Fr400_cleaned,PP2_ideal,failed,No output from any sub-box,0,0.1,,21,24,1.0,,,,,,,,223,21026,1,32,8000,10,3,NVIDIA A100-SXM4-80GB,
2026-03-24T12:55:02.378640,PPK_ideal__Orai1WT-MDSnap-Fr400_cleaned,Orai1WT-MDSnap-Fr400_cleaned,PPK_ideal,failed,No output from any sub-box,0,0.1,,13,19,4.0,,,,,,,,223,21026,1,32,8000,10,3,NVIDIA A100-SXM4-80GB,
2026-03-24T12:55:02.401421,PPT_ideal__Orai1WT-MDSnap-Fr400_cleaned,Orai1WT-MDSnap-Fr400_cleaned,PPT_ideal,failed,No output from any sub-box,0,0.1,,12,13,2.0,,,,,,,,223,21026,1,32,8000,10,3,NVIDIA A100-SXM4-80GB,
2026-03-24T12:55:02.437598,PPV_ideal__Orai1WT-MDSnap-Fr400_cleaned,Orai1WT-MDSnap-Fr400_cleaned,PPV_ideal,failed,No output from any sub-box,0,0.1,,9,13,3.0,,,,,,,,223,21026,1,32,8000,10,3,NVIDIA A100-SXM4-80GB,
2026-03-24T12:55:02.461359,PPX_ideal__Orai1WT-MDSnap-Fr400_cleaned,Orai1WT-MDSnap-Fr400_cleaned,PPX_ideal,failed,No output from any sub-box,0,0.1,,28,32,5.0,,,,,,,,223,21026,1,32,8000,10,3,NVIDIA A100-SXM4-80GB,
2026-03-24T12:55:02.488450,PPY_ideal__Orai1WT-MDSnap-Fr400_cleaned,Orai1WT-MDSnap-Fr400_cleaned,PPY_ideal,failed,No output from any sub-box,0,0.1,,12,13,2.0,,,,,,,,223,21026,1,32,8000,10,3,NVIDIA A100-SXM4-80GB,
2026-03-24T12:55:02.520843,PQN_ideal__Orai1WT-MDSnap-Fr400_cleaned,Orai1WT-MDSnap-Fr400_cleaned,PQN_ideal,failed,No output from any sub-box,0,0.1,,33,33,7.0,,,,,,,,223,21026,1,32,8000,10,3,NVIDIA A100-SXM4-80GB,
2026-03-24T12:55:02.544359,PRA_ideal__Orai1WT-MDSnap-Fr400_cleaned,Orai1WT-MDSnap-Fr400_cleaned,PRA_ideal,failed,No output from any sub-box,0,0.1,,10,12,2.0,,,,,,,,223,21026,1,32,8000,10,3,NVIDIA A100-SXM4-80GB,
2026-03-24T12:55:02.568399,PRL_ideal__Orai1WT-MDSnap-Fr400_cleaned,Orai1WT-MDSnap-Fr400_cleaned,PRL_ideal,failed,No output from any sub-box,0,0.1,,16,20,1.0,,,,,,,,223,21026,1,32,8000,10,3,NVIDIA A100-SXM4-80GB,
2026-03-24T12:55:02.589622,PRT_ideal__Orai1WT-MDSnap-Fr400_cleaned,Orai1WT-MDSnap-Fr400_cleaned,PRT_ideal,failed,No output from any sub-box,0,0.1,,44,55,11.0,,,,,,,,223,21026,1,32,8000,10,3,NVIDIA A100-SXM4-80GB,
2026-03-24T12:55:02.616696,PS5_ideal__Orai1WT-MDSnap-Fr400_cleaned,Orai1WT-MDSnap-Fr400_cleaned,PS5_ideal,failed,No output from any sub-box,0,0.1,,5,5,1.0,,,,,,,,223,21026,1,32,8000,10,3,NVIDIA A100-SXM4-80GB,
2026-03-24T12:55:02.639578,PS9_ideal__Orai1WT-MDSnap-Fr400_cleaned,Orai1WT-MDSnap-Fr400_cleaned,PS9_ideal,failed,No output from any sub-box,0,0.1,,8,8,,,,,,,,,223,21026,1,32,8000,10,3,NVIDIA A100-SXM4-80GB,
2026-03-24T12:55:02.659892,PSI_ideal__Orai1WT-MDSnap-Fr400_cleaned,Orai1WT-MDSnap-Fr400_cleaned,PSI_ideal,failed,No output from any sub-box,0,0.1,,41,48,9.0,,,,,,,,223,21026,1,32,8000,10,3,NVIDIA A100-SXM4-80GB,
2026-03-24T12:55:02.681044,PSY_ideal__Orai1WT-MDSnap-Fr400_cleaned,Orai1WT-MDSnap-Fr400_cleaned,PSY_ideal,failed,No output from any sub-box,0,0.1,,12,12,1.0,,,,,,,,223,21026,1,32,8000,10,3,NVIDIA A100-SXM4-80GB,
2026-03-24T12:55:02.716806,PTD_ideal__Orai1WT-MDSnap-Fr400_cleaned,Orai1WT-MDSnap-Fr400_cleaned,PTD_ideal,failed,No output from any sub-box,0,0.1,,7,7,2.0,,,,,,,,223,21026,1,32,8000,10,3,NVIDIA A100-SXM4-80GB,
2026-03-24T12:55:02.739514,PTG_ideal__Orai1WT-MDSnap-Fr400_cleaned,Orai1WT-MDSnap-Fr400_cleaned,PTG_ideal,failed,No output from any sub-box,0,0.1,,23,24,6.0,,,,,,,,223,21026,1,32,8000,10,3,NVIDIA A100-SXM4-80GB,
2026-03-24T12:55:02.761226,PTU_ideal__Orai1WT-MDSnap-Fr400_cleaned,Orai1WT-MDSnap-Fr400_cleaned,PTU_ideal,failed,No output from any sub-box,0,0.1,,12,14,1.0,,,,,,,,223,21026,1,32,8000,10,3,NVIDIA A100-SXM4-80GB,
2026-03-24T12:55:02.784786,PUA_ideal__Orai1WT-MDSnap-Fr400_cleaned,Orai1WT-MDSnap-Fr400_cleaned,PUA_ideal,failed,No output from any sub-box,0,0.1,,50,60,11.0,,,,,,,,223,21026,1,32,8000,10,3,NVIDIA A100-SXM4-80GB,
2026-03-24T12:55:02.817468,PUT_ideal__Orai1WT-MDSnap-Fr400_cleaned,Orai1WT-MDSnap-Fr400_cleaned,PUT_ideal,failed,No output from any sub-box,0,0.1,,6,10,2.0,,,,,,,,223,21026,1,32,8000,10,3,NVIDIA A100-SXM4-80GB,
2026-03-24T12:55:02.840294,PVC_ideal__Orai1WT-MDSnap-Fr400_cleaned,Orai1WT-MDSnap-Fr400_cleaned,PVC_ideal,failed,No output from any sub-box,0,0.1,,30,35,12.0,,,,,,,,223,21026,1,32,8000,10,3,NVIDIA A100-SXM4-80GB,
2026-03-24T12:55:02.864388,PYE_ideal__Orai1WT-MDSnap-Fr400_cleaned,Orai1WT-MDSnap-Fr400_cleaned,PYE_ideal,failed,No output from any sub-box,0,0.1,,6,6,,,,,,,,,223,21026,1,32,8000,10,3,NVIDIA A100-SXM4-80GB,
2026-03-24T12:55:02.886069,PYU_ideal__Orai1WT-MDSnap-Fr400_cleaned,Orai1WT-MDSnap-Fr400_cleaned,PYU_ideal,failed,No output from any sub-box,0,0.1,,16,19,2.0,,,,,,,,223,21026,1,32,8000,10,3,NVIDIA A100-SXM4-80GB,
2026-03-24T12:55:02.916275,PZE_ideal__Orai1WT-MDSnap-Fr400_cleaned,Orai1WT-MDSnap-Fr400_cleaned,PZE_ideal,failed,No output from any sub-box,0,0.1,,6,8,,,,,,,,,223,21026,1,32,8000,10,3,NVIDIA A100-SXM4-80GB,
2026-03-24T12:55:02.939848,Q8U_ideal__Orai1WT-MDSnap-Fr400_cleaned,Orai1WT-MDSnap-Fr400_cleaned,Q8U_ideal,failed,No output from any sub-box,0,0.1,,42,45,7.0,,,,,,,,223,21026,1,32,8000,10,3,NVIDIA A100-SXM4-80GB,
2026-03-24T12:55:02.960975,QCM_ideal__Orai1WT-MDSnap-Fr400_cleaned,Orai1WT-MDSnap-Fr400_cleaned,QCM_ideal,failed,No output from any sub-box,0,0.1,,31,34,5.0,,,,,,,,223,21026,1,32,8000,10,3,NVIDIA A100-SXM4-80GB,
2026-03-24T12:55:02.983797,QDH_ideal__Orai1WT-MDSnap-Fr400_cleaned,Orai1WT-MDSnap-Fr400_cleaned,QDH_ideal,failed,No output from any sub-box,0,0.1,,37,43,7.0,,,,,,,,223,21026,1,32,8000,10,3,NVIDIA A100-SXM4-80GB,
2026-03-24T12:55:03.018001,QFC_ideal__Orai1WT-MDSnap-Fr400_cleaned,Orai1WT-MDSnap-Fr400_cleaned,QFC_ideal,failed,No output from any sub-box,0,0.1,,42,43,3.0,,,,,,,,223,21026,1,32,8000,10,3,NVIDIA A100-SXM4-80GB,
2026-03-24T12:55:03.040046,QO4_ideal__Orai1WT-MDSnap-Fr400_cleaned,Orai1WT-MDSnap-Fr400_cleaned,QO4_ideal,failed,No output from any sub-box,0,0.1,,36,38,5.0,,,,,,,,223,21026,1,32,8000,10,3,NVIDIA A100-SXM4-80GB,
2026-03-24T12:55:03.060756,QWP_ideal__Orai1WT-MDSnap-Fr400_cleaned,Orai1WT-MDSnap-Fr400_cleaned,QWP_ideal,failed,No output from any sub-box,0,0.1,,76,87,13.0,,,,,,,,223,21026,1,32,8000,10,3,NVIDIA A100-SXM4-80GB,
2026-03-24T12:55:03.086577,R03_ideal__Orai1WT-MDSnap-Fr400_cleaned,Orai1WT-MDSnap-Fr400_cleaned,R03_ideal,failed,No output from any sub-box,0,0.1,,29,29,5.0,,,,,,,,223,21026,1,32,8000,10,3,NVIDIA A100-SXM4-80GB,
2026-03-24T12:55:03.116452,R0Z_ideal__Orai1WT-MDSnap-Fr400_cleaned,Orai1WT-MDSnap-Fr400_cleaned,R0Z_ideal,failed,No output from any sub-box,0,0.1,,42,44,4.0,,,,,,,,223,21026,1,32,8000,10,3,NVIDIA A100-SXM4-80GB,
2026-03-24T12:55:03.139269,R19_ideal__Orai1WT-MDSnap-Fr400_cleaned,Orai1WT-MDSnap-Fr400_cleaned,R19_ideal,failed,No output from any sub-box,0,0.1,,28,28,5.0,,,,,,,,223,21026,1,32,8000,10,3,NVIDIA A100-SXM4-80GB,
2026-03-24T12:55:03.160916,R1H_ideal__Orai1WT-MDSnap-Fr400_cleaned,Orai1WT-MDSnap-Fr400_cleaned,R1H_ideal,failed,No output from any sub-box,0,0.1,,48,50,5.0,,,,,,,,223,21026,1,32,8000,10,3,NVIDIA A100-SXM4-80GB,
2026-03-24T12:55:03.184055,R1L_ideal__Orai1WT-MDSnap-Fr400_cleaned,Orai1WT-MDSnap-Fr400_cleaned,R1L_ideal,failed,No output from any sub-box,0,0.1,,49,51,5.0,,,,,,,,223,21026,1,32,8000,10,3,NVIDIA A100-SXM4-80GB,
2026-03-24T12:55:03.216058,R64_ideal__Orai1WT-MDSnap-Fr400_cleaned,Orai1WT-MDSnap-Fr400_cleaned,R64_ideal,failed,No output from any sub-box,0,0.1,,30,31,4.0,,,,,,,,223,21026,1,32,8000,10,3,NVIDIA A100-SXM4-80GB,
2026-03-24T12:55:03.238465,R71_ideal__Orai1WT-MDSnap-Fr400_cleaned,Orai1WT-MDSnap-Fr400_cleaned,R71_ideal,failed,No output from any sub-box,0,0.1,,28,28,6.0,,,,,,,,223,21026,1,32,8000,10,3,NVIDIA A100-SXM4-80GB,
2026-03-24T12:55:03.261312,R78_ideal__Orai1WT-MDSnap-Fr400_cleaned,Orai1WT-MDSnap-Fr400_cleaned,R78_ideal,failed,No output from any sub-box,0,0.1,,38,40,3.0,,,,,,,,223,21026,1,32,8000,10,3,NVIDIA A100-SXM4-80GB,
2026-03-24T12:55:03.285183,R79_ideal__Orai1WT-MDSnap-Fr400_cleaned,Orai1WT-MDSnap-Fr400_cleaned,R79_ideal,failed,No output from any sub-box,0,0.1,,28,28,5.0,,,,,,,,223,21026,1,32,8000,10,3,NVIDIA A100-SXM4-80GB,
2026-03-24T12:55:03.315989,RA4_ideal__Orai1WT-MDSnap-Fr400_cleaned,Orai1WT-MDSnap-Fr400_cleaned,RA4_ideal,failed,No output from any sub-box,0,0.1,,35,41,6.0,,,,,,,,223,21026,1,32,8000,10,3,NVIDIA A100-SXM4-80GB,
2026-03-24T12:55:03.336681,RA8_ideal__Orai1WT-MDSnap-Fr400_cleaned,Orai1WT-MDSnap-Fr400_cleaned,RA8_ideal,failed,No output from any sub-box,0,0.1,,34,40,7.0,,,,,,,,223,21026,1,32,8000,10,3,NVIDIA A100-SXM4-80GB,
2026-03-24T12:55:03.354859,RAP_ideal__Orai1WT-MDSnap-Fr400_cleaned,Orai1WT-MDSnap-Fr400_cleaned,RAP_ideal,failed,No output from any sub-box,0,0.1,,67,70,15.0,,,,,,,,223,21026,1,32,8000,10,3,NVIDIA A100-SXM4-80GB,
2026-03-24T12:55:03.371454,RCL_ideal__Orai1WT-MDSnap-Fr400_cleaned,Orai1WT-MDSnap-Fr400_cleaned,RCL_ideal,failed,No output from any sub-box,0,0.1,,21,23,8.0,,,,,,,,223,21026,1,32,8000,10,3,NVIDIA A100-SXM4-80GB,
2026-03-24T12:55:03.388989,RCO_ideal__Orai1WT-MDSnap-Fr400_cleaned,Orai1WT-MDSnap-Fr400_cleaned,RCO_ideal,failed,No output from any sub-box,0,0.1,,8,10,1.0,,,,,,,,223,21026,1,32,8000,10,3,NVIDIA A100-SXM4-80GB,
2026-03-24T12:55:03.416843,RCX_ideal__Orai1WT-MDSnap-Fr400_cleaned,Orai1WT-MDSnap-Fr400_cleaned,RCX_ideal,failed,No output from any sub-box,0,0.1,,22,22,1.0,,,,,,,,223,21026,1,32,8000,10,3,NVIDIA A100-SXM4-80GB,
2026-03-24T12:55:03.436675,RD8_ideal__Orai1WT-MDSnap-Fr400_cleaned,Orai1WT-MDSnap-Fr400_cleaned,RD8_ideal,failed,No output from any sub-box,0,0.1,,32,35,4.0,,,,,,,,223,21026,1,32,8000,10,3,NVIDIA A100-SXM4-80GB,
2026-03-24T12:55:03.452379,RE2_ideal__Orai1WT-MDSnap-Fr400_cleaned,Orai1WT-MDSnap-Fr400_cleaned,RE2_ideal,failed,No output from any sub-box,0,0.1,,17,20,3.0,,,,,,,,223,21026,1,32,8000,10,3,NVIDIA A100-SXM4-80GB,
2026-03-24T12:55:03.471506,RF1_ideal__Orai1WT-MDSnap-Fr400_cleaned,Orai1WT-MDSnap-Fr400_cleaned,RF1_ideal,failed,No output from any sub-box,0,0.1,,23,23,2.0,,,,,,,,223,21026,1,32,8000,10,3,NVIDIA A100-SXM4-80GB,
2026-03-24T12:55:03.491697,RF2_ideal__Orai1WT-MDSnap-Fr400_cleaned,Orai1WT-MDSnap-Fr400_cleaned,RF2_ideal,failed,No output from any sub-box,0,0.1,,18,19,1.0,,,,,,,,223,21026,1,32,8000,10,3,NVIDIA A100-SXM4-80GB,
2026-03-24T12:55:03.516249,RFL_ideal__Orai1WT-MDSnap-Fr400_cleaned,Orai1WT-MDSnap-Fr400_cleaned,RFL_ideal,failed,No output from any sub-box,0,0.1,,55,65,11.0,,,,,,,,223,21026,1,32,8000,10,3,NVIDIA A100-SXM4-80GB,
2026-03-24T12:55:03.534057,RGA_ideal__Orai1WT-MDSnap-Fr400_cleaned,Orai1WT-MDSnap-Fr400_cleaned,RGA_ideal,failed,No output from any sub-box,0,0.1,,70,70,19.0,,,,,,,,223,21026,1,32,8000,10,3,NVIDIA A100-SXM4-80GB,
2026-03-24T12:55:03.550924,RGC_ideal__Orai1WT-MDSnap-Fr400_cleaned,Orai1WT-MDSnap-Fr400_cleaned,RGC_ideal,failed,No output from any sub-box,0,0.1,,68,69,19.0,,,,,,,,223,21026,1,32,8000,10,3,NVIDIA A100-SXM4-80GB,
2026-03-24T12:55:03.569088,RIF_ideal__Orai1WT-MDSnap-Fr400_cleaned,Orai1WT-MDSnap-Fr400_cleaned,RIF_ideal,failed,No output from any sub-box,0,0.1,,69,75,13.0,,,,,,,,223,21026,1,32,8000,10,3,NVIDIA A100-SXM4-80GB,
2026-03-24T12:55:03.588078,RIS_ideal__Orai1WT-MDSnap-Fr400_cleaned,Orai1WT-MDSnap-Fr400_cleaned,RIS_ideal,failed,No output from any sub-box,0,0.1,,17,22,4.0,,,,,,,,223,21026,1,32,8000,10,3,NVIDIA A100-SXM4-80GB,
2026-03-24T12:55:03.616860,RIT_ideal__Orai1WT-MDSnap-Fr400_cleaned,Orai1WT-MDSnap-Fr400_cleaned,RIT_ideal,failed,No output from any sub-box,0,0.1,,50,54,10.0,,,,,,,,223,21026,1,32,8000,10,3,NVIDIA A100-SXM4-80GB,
2026-03-24T12:55:03.633244,RMN_ideal__Orai1WT-MDSnap-Fr400_cleaned,Orai1WT-MDSnap-Fr400_cleaned,RMN_ideal,failed,No output from any sub-box,0,0.1,,11,13,2.0,,,,,,,,223,21026,1,32,8000,10,3,NVIDIA A100-SXM4-80GB,
2026-03-24T12:55:03.649730,RNO_ideal__Orai1WT-MDSnap-Fr400_cleaned,Orai1WT-MDSnap-Fr400_cleaned,RNO_ideal,failed,No output from any sub-box,0,0.1,,12,12,1.0,,,,,,,,223,21026,1,32,8000,10,3,NVIDIA A100-SXM4-80GB,
2026-03-24T12:55:03.670860,ROC_ideal__Orai1WT-MDSnap-Fr400_cleaned,Orai1WT-MDSnap-Fr400_cleaned,ROC_ideal,failed,No output from any sub-box,0,0.1,,49,55,7.0,,,,,,,,223,21026,1,32,8000,10,3,NVIDIA A100-SXM4-80GB,
2026-03-24T12:55:03.687421,ROK_ideal__Orai1WT-MDSnap-Fr400_cleaned,Orai1WT-MDSnap-Fr400_cleaned,ROK_ideal,failed,No output from any sub-box,0,0.1,,17,22,3.0,,,,,,,,223,21026,1,32,8000,10,3,NVIDIA A100-SXM4-80GB,
2026-03-24T12:55:03.716876,RR6_ideal__Orai1WT-MDSnap-Fr400_cleaned,Orai1WT-MDSnap-Fr400_cleaned,RR6_ideal,failed,No output from any sub-box,0,0.1,,72,84,12.0,,,,,,,,223,21026,1,32,8000,10,3,NVIDIA A100-SXM4-80GB,
2026-03-24T12:55:03.734513,RRX_ideal__Orai1WT-MDSnap-Fr400_cleaned,Orai1WT-MDSnap-Fr400_cleaned,RRX_ideal,failed,No output from any sub-box,0,0.1,,41,42,5.0,,,,,,,,223,21026,1,32,8000,10,3,NVIDIA A100-SXM4-80GB,
2026-03-24T12:55:03.758448,RSO_ideal__Orai1WT-MDSnap-Fr400_cleaned,Orai1WT-MDSnap-Fr400_cleaned,RSO_ideal,failed,No output from any sub-box,0,0.1,,9,9,0.0,,,,,,,,223,21026,1,32,8000,10,3,NVIDIA A100-SXM4-80GB,
2026-03-24T12:55:03.777407,RXD_ideal__Orai1WT-MDSnap-Fr400_cleaned,Orai1WT-MDSnap-Fr400_cleaned,RXD_ideal,failed,No output from any sub-box,0,0.1,,31,34,4.0,,,,,,,,223,21026,1,32,8000,10,3,NVIDIA A100-SXM4-80GB,
2026-03-24T12:55:03.795778,RXP_ideal__Orai1WT-MDSnap-Fr400_cleaned,Orai1WT-MDSnap-Fr400_cleaned,RXP_ideal,failed,No output from any sub-box,0,0.1,,50,56,9.0,,,,,,,,223,21026,1,32,8000,10,3,NVIDIA A100-SXM4-80GB,
2026-03-24T12:55:03.833303,RYO_ideal__Orai1WT-MDSnap-Fr400_cleaned,Orai1WT-MDSnap-Fr400_cleaned,RYO_ideal,failed,No output from any sub-box,0,0.1,,66,70,14.0,,,,,,,,223,21026,1,32,8000,10,3,NVIDIA A100-SXM4-80GB,
2026-03-24T12:55:03.855023,RYW_ideal__Orai1WT-MDSnap-Fr400_cleaned,Orai1WT-MDSnap-Fr400_cleaned,RYW_ideal,failed,No output from any sub-box,0,0.1,,41,44,5.0,,,,,,,,223,21026,1,32,8000,10,3,NVIDIA A100-SXM4-80GB,
2026-03-24T12:55:03.875879,S1H_ideal__Orai1WT-MDSnap-Fr400_cleaned,Orai1WT-MDSnap-Fr400_cleaned,S1H_ideal,failed,No output from any sub-box,0,0.1,,26,29,10.0,,,,,,,,223,21026,1,32,8000,10,3,NVIDIA A100-SXM4-80GB,
2026-03-24T12:55:03.898686,S3V_ideal__Orai1WT-MDSnap-Fr400_cleaned,Orai1WT-MDSnap-Fr400_cleaned,S3V_ideal,failed,No output from any sub-box,0,0.1,,9,10,1.0,,,,,,,,223,21026,1,32,8000,10,3,NVIDIA A100-SXM4-80GB,
2026-03-24T12:55:03.933744,S4R_ideal__Orai1WT-MDSnap-Fr400_cleaned,Orai1WT-MDSnap-Fr400_cleaned,S4R_ideal,failed,No output from any sub-box,0,0.1,,40,41,3.0,,,,,,,,223,21026,1,32,8000,10,3,NVIDIA A100-SXM4-80GB,
2026-03-24T12:55:03.955251,SAN_ideal__Orai1WT-MDSnap-Fr400_cleaned,Orai1WT-MDSnap-Fr400_cleaned,SAN_ideal,failed,No output from any sub-box,0,0.1,,11,15,1.0,,,,,,,,223,21026,1,32,8000,10,3,NVIDIA A100-SXM4-80GB,
2026-03-24T12:55:03.978241,SBE_ideal__Orai1WT-MDSnap-Fr400_cleaned,Orai1WT-MDSnap-Fr400_cleaned,SBE_ideal,failed,No output from any sub-box,0,0.1,,6,7,0.0,,,,,,,,223,21026,1,32,8000,10,3,NVIDIA A100-SXM4-80GB,
2026-03-24T12:55:04.000345,SBN_ideal__Orai1WT-MDSnap-Fr400_cleaned,Orai1WT-MDSnap-Fr400_cleaned,SBN_ideal,failed,No output from any sub-box,0,0.1,,20,22,1.0,,,,,,,,223,21026,1,32,8000,10,3,NVIDIA A100-SXM4-80GB,
2026-03-24T12:55:04.035035,SBZ_ideal__Orai1WT-MDSnap-Fr400_cleaned,Orai1WT-MDSnap-Fr400_cleaned,SBZ_ideal,failed,No output from any sub-box,0,0.1,,16,20,2.0,,,,,,,,223,21026,1,32,8000,10,3,NVIDIA A100-SXM4-80GB,
2026-03-24T12:55:04.053294,SCA_ideal__Orai1WT-MDSnap-Fr400_cleaned,Orai1WT-MDSnap-Fr400_cleaned,SCA_ideal,failed,No output from any sub-box,0,0.1,,55,66,15.0,,,,,,,,223,21026,1,32,8000,10,3,NVIDIA A100-SXM4-80GB,
2026-03-24T12:55:04.069655,SCO_ideal__Orai1WT-MDSnap-Fr400_cleaned,Orai1WT-MDSnap-Fr400_cleaned,SCO_ideal,failed,No output from any sub-box,0,0.1,,55,67,15.0,,,,,,,,223,21026,1,32,8000,10,3,NVIDIA A100-SXM4-80GB,
2026-03-24T12:55:04.084648,SDZ_ideal__Orai1WT-MDSnap-Fr400_cleaned,Orai1WT-MDSnap-Fr400_cleaned,SDZ_ideal,failed,No output from any sub-box,0,0.1,,29,30,4.0,,,,,,,,223,21026,1,32,8000,10,3,NVIDIA A100-SXM4-80GB,
2026-03-24T12:55:04.127653,SEI_ideal__Orai1WT-MDSnap-Fr400_cleaned,Orai1WT-MDSnap-Fr400_cleaned,SEI_ideal,failed,No output from any sub-box,0,0.1,,44,46,6.0,,,,,,,,223,21026,1,32,8000,10,3,NVIDIA A100-SXM4-80GB,
2026-03-24T12:55:04.143253,SFA_ideal__Orai1WT-MDSnap-Fr400_cleaned,Orai1WT-MDSnap-Fr400_cleaned,SFA_ideal,failed,No output from any sub-box,0,0.1,,80,89,17.0,,,,,,,,223,21026,1,32,8000,10,3,NVIDIA A100-SXM4-80GB,
2026-03-24T12:55:04.157516,SFP_ideal__Orai1WT-MDSnap-Fr400_cleaned,Orai1WT-MDSnap-Fr400_cleaned,SFP_ideal,failed,No output from any sub-box,0,0.1,,64,74,8.0,,,,,,,,223,21026,1,32,8000,10,3,NVIDIA A100-SXM4-80GB,
2026-03-24T12:55:04.172626,SFT_ideal__Orai1WT-MDSnap-Fr400_cleaned,Orai1WT-MDSnap-Fr400_cleaned,SFT_ideal,failed,No output from any sub-box,0,0.1,,62,69,24.0,,,,,,,,223,21026,1,32,8000,10,3,NVIDIA A100-SXM4-80GB,
2026-03-24T12:55:04.187883,SFY_ideal__Orai1WT-MDSnap-Fr400_cleaned,Orai1WT-MDSnap-Fr400_cleaned,SFY_ideal,failed,No output from any sub-box,0,0.1,,17,20,2.0,,,,,,,,223,21026,1,32,8000,10,3,NVIDIA A100-SXM4-80GB,
2026-03-24T12:55:04.216033,SIF_ideal__Orai1WT-MDSnap-Fr400_cleaned,Orai1WT-MDSnap-Fr400_cleaned,SIF_ideal,failed,No output from any sub-box,0,0.1,,12,14,3.0,,,,,,,,223,21026,1,32,8000,10,3,NVIDIA A100-SXM4-80GB,
2026-03-24T12:55:04.230483,SIN_ideal__Orai1WT-MDSnap-Fr400_cleaned,Orai1WT-MDSnap-Fr400_cleaned,SIN_ideal,failed,No output from any sub-box,0,0.1,,8,10,2.0,,,,,,,,223,21026,1,32,8000,10,3,NVIDIA A100-SXM4-80GB,
2026-03-24T12:55:04.245488,SMN_ideal__Orai1WT-MDSnap-Fr400_cleaned,Orai1WT-MDSnap-Fr400_cleaned,SMN_ideal,failed,No output from any sub-box,0,0.1,,11,13,2.0,,,,,,,,223,21026,1,32,8000,10,3,NVIDIA A100-SXM4-80GB,
2026-03-24T12:55:04.259920,SNA_ideal__Orai1WT-MDSnap-Fr400_cleaned,Orai1WT-MDSnap-Fr400_cleaned,SNA_ideal,failed,No output from any sub-box,0,0.1,,57,69,14.0,,,,,,,,223,21026,1,32,8000,10,3,NVIDIA A100-SXM4-80GB,
2026-03-24T12:55:04.274284,SND_ideal__Orai1WT-MDSnap-Fr400_cleaned,Orai1WT-MDSnap-Fr400_cleaned,SND_ideal,failed,No output from any sub-box,0,0.1,,44,53,8.0,,,,,,,,223,21026,1,32,8000,10,3,NVIDIA A100-SXM4-80GB,
2026-03-24T12:55:04.288762,SNO_ideal__Orai1WT-MDSnap-Fr400_cleaned,Orai1WT-MDSnap-Fr400_cleaned,SNO_ideal,failed,No output from any sub-box,0,0.1,,12,12,1.0,,,,,,,,223,21026,1,32,8000,10,3,NVIDIA A100-SXM4-80GB,
2026-03-24T12:55:04.314870,SO2_ideal__Orai1WT-MDSnap-Fr400_cleaned,Orai1WT-MDSnap-Fr400_cleaned,SO2_ideal,failed,No output from any sub-box,0,0.1,,3,3,,,,,,,,,223,21026,1,32,8000,10,3,NVIDIA A100-SXM4-80GB,
2026-03-24T12:55:04.330656,SO4_ideal__Orai1WT-MDSnap-Fr400_cleaned,Orai1WT-MDSnap-Fr400_cleaned,SO4_ideal,failed,No output from any sub-box,0,0.1,,5,5,,,,,,,,,223,21026,1,32,8000,10,3,NVIDIA A100-SXM4-80GB,
2026-03-24T12:55:04.344672,SPF_ideal__Orai1WT-MDSnap-Fr400_cleaned,Orai1WT-MDSnap-Fr400_cleaned,SPF_ideal,failed,No output from any sub-box,0,0.1,,63,74,15.0,,,,,,,,223,21026,1,32,8000,10,3,NVIDIA A100-SXM4-80GB,
2026-03-24T12:55:04.358063,SPR_ideal__Orai1WT-MDSnap-Fr400_cleaned,Orai1WT-MDSnap-Fr400_cleaned,SPR_ideal,failed,No output from any sub-box,0,0.1,,61,65,14.0,,,,,,,,223,21026,1,32,8000,10,3,NVIDIA A100-SXM4-80GB,
2026-03-24T12:55:04.371010,SPX_ideal__Orai1WT-MDSnap-Fr400_cleaned,Orai1WT-MDSnap-Fr400_cleaned,SPX_ideal,failed,No output from any sub-box,0,0.1,,70,72,19.0,,,,,,,,223,21026,1,32,8000,10,3,NVIDIA A100-SXM4-80GB,
2026-03-24T12:55:04.388980,SQL_ideal__Orai1WT-MDSnap-Fr400_cleaned,Orai1WT-MDSnap-Fr400_cleaned,SQL_ideal,failed,No output from any sub-box,0,0.1,,30,30,7.0,,,,,,,,223,21026,1,32,8000,10,3,NVIDIA A100-SXM4-80GB,
2026-03-24T12:55:04.417599,SQS_ideal__Orai1WT-MDSnap-Fr400_cleaned,Orai1WT-MDSnap-Fr400_cleaned,SQS_ideal,failed,No output from any sub-box,0,0.1,,21,25,9.0,,,,,,,,223,21026,1,32,8000,10,3,NVIDIA A100-SXM4-80GB,
2026-03-24T12:55:04.434439,SS2_ideal__Orai1WT-MDSnap-Fr400_cleaned,Orai1WT-MDSnap-Fr400_cleaned,SS2_ideal,failed,No output from any sub-box,0,0.1,,9,10,1.0,,,,,,,,223,21026,1,32,8000,10,3,NVIDIA A100-SXM4-80GB,
2026-03-24T12:55:04.450186,SS4_ideal__Orai1WT-MDSnap-Fr400_cleaned,Orai1WT-MDSnap-Fr400_cleaned,SS4_ideal,failed,No output from any sub-box,0,0.1,,28,31,3.0,,,,,,,,223,21026,1,32,8000,10,3,NVIDIA A100-SXM4-80GB,
2026-03-24T12:55:04.468991,STC_ideal__Orai1WT-MDSnap-Fr400_cleaned,Orai1WT-MDSnap-Fr400_cleaned,STC_ideal,failed,No output from any sub-box,0,0.1,,19,21,2.0,,,,,,,,223,21026,1,32,8000,10,3,NVIDIA A100-SXM4-80GB,
2026-03-24T12:55:04.484916,STE_ideal__Orai1WT-MDSnap-Fr400_cleaned,Orai1WT-MDSnap-Fr400_cleaned,STE_ideal,failed,No output from any sub-box,0,0.1,,20,21,8.0,,,,,,,,223,21026,1,32,8000,10,3,NVIDIA A100-SXM4-80GB,
2026-03-24T12:55:04.514346,STF_ideal__Orai1WT-MDSnap-Fr400_cleaned,Orai1WT-MDSnap-Fr400_cleaned,STF_ideal,failed,No output from any sub-box,0,0.1,,18,19,2.0,,,,,,,,223,21026,1,32,8000,10,3,NVIDIA A100-SXM4-80GB,
2026-03-24T12:55:04.535317,STI_ideal__Orai1WT-MDSnap-Fr400_cleaned,Orai1WT-MDSnap-Fr400_cleaned,STI_ideal,failed,No output from any sub-box,0,0.1,,37,39,3.0,,,,,,,,223,21026,1,32,8000,10,3,NVIDIA A100-SXM4-80GB,
2026-03-24T12:55:04.552243,STL_ideal__Orai1WT-MDSnap-Fr400_cleaned,Orai1WT-MDSnap-Fr400_cleaned,STL_ideal,failed,No output from any sub-box,0,0.1,,17,20,2.0,,,,,,,,223,21026,1,32,8000,10,3,NVIDIA A100-SXM4-80GB,
2026-03-24T12:55:04.565657,SUD_ideal__Orai1WT-MDSnap-Fr400_cleaned,Orai1WT-MDSnap-Fr400_cleaned,SUD_ideal,failed,No output from any sub-box,0,0.1,,37,47,11.0,,,,,,,,223,21026,1,32,8000,10,3,NVIDIA A100-SXM4-80GB,
2026-03-24T12:55:04.577695,SVR_ideal__Orai1WT-MDSnap-Fr400_cleaned,Orai1WT-MDSnap-Fr400_cleaned,SVR_ideal,failed,No output from any sub-box,0,0.1,,86,98,11.0,,,,,,,,223,21026,1,32,8000,10,3,NVIDIA A100-SXM4-80GB,
2026-03-24T12:55:04.624059,SXH_ideal__Orai1WT-MDSnap-Fr400_cleaned,Orai1WT-MDSnap-Fr400_cleaned,SXH_ideal,failed,No output from any sub-box,0,0.1,,29,34,9.0,,,,,,,,223,21026,1,32,8000,10,3,NVIDIA A100-SXM4-80GB,
2026-03-24T12:55:04.637385,SXO_ideal__Orai1WT-MDSnap-Fr400_cleaned,Orai1WT-MDSnap-Fr400_cleaned,SXO_ideal,failed,No output from any sub-box,0,0.1,,31,36,10.0,,,,,,,,223,21026,1,32,8000,10,3,NVIDIA A100-SXM4-80GB,
2026-03-24T12:55:04.650206,SXX_ideal__Orai1WT-MDSnap-Fr400_cleaned,Orai1WT-MDSnap-Fr400_cleaned,SXX_ideal,failed,No output from any sub-box,0,0.1,,16,18,3.0,,,,,,,,223,21026,1,32,8000,10,3,NVIDIA A100-SXM4-80GB,
2026-03-24T12:55:04.662940,SYR_ideal__Orai1WT-MDSnap-Fr400_cleaned,Orai1WT-MDSnap-Fr400_cleaned,SYR_ideal,failed,No output from any sub-box,0,0.1,,15,16,2.0,,,,,,,,223,21026,1,32,8000,10,3,NVIDIA A100-SXM4-80GB,
2026-03-24T12:55:04.675611,T13_ideal__Orai1WT-MDSnap-Fr400_cleaned,Orai1WT-MDSnap-Fr400_cleaned,T13_ideal,failed,No output from any sub-box,0,0.1,,24,25,2.0,,,,,,,,223,21026,1,32,8000,10,3,NVIDIA A100-SXM4-80GB,
2026-03-24T12:55:04.693992,T2D_ideal__Orai1WT-MDSnap-Fr400_cleaned,Orai1WT-MDSnap-Fr400_cleaned,T2D_ideal,failed,No output from any sub-box,0,0.1,,14,15,0.0,,,,,,,,223,21026,1,32,8000,10,3,NVIDIA A100-SXM4-80GB,
2026-03-24T12:55:04.716833,T2M_ideal__Orai1WT-MDSnap-Fr400_cleaned,Orai1WT-MDSnap-Fr400_cleaned,T2M_ideal,failed,No output from any sub-box,0,0.1,,12,13,1.0,,,,,,,,223,21026,1,32,8000,10,3,NVIDIA A100-SXM4-80GB,
2026-03-24T12:55:04.730361,T3X_ideal__Orai1WT-MDSnap-Fr400_cleaned,Orai1WT-MDSnap-Fr400_cleaned,T3X_ideal,failed,No output from any sub-box,0,0.1,,39,41,3.0,,,,,,,,223,21026,1,32,8000,10,3,NVIDIA A100-SXM4-80GB,
2026-03-24T12:55:04.744396,T4T_ideal__Orai1WT-MDSnap-Fr400_cleaned,Orai1WT-MDSnap-Fr400_cleaned,T4T_ideal,failed,No output from any sub-box,0,0.1,,19,20,8.0,,,,,,,,223,21026,1,32,8000,10,3,NVIDIA A100-SXM4-80GB,
2026-03-24T12:55:04.757830,T57_ideal__Orai1WT-MDSnap-Fr400_cleaned,Orai1WT-MDSnap-Fr400_cleaned,T57_ideal,failed,No output from any sub-box,0,0.1,,48,57,15.0,,,,,,,,223,21026,1,32,8000,10,3,NVIDIA A100-SXM4-80GB,
2026-03-24T12:55:04.771113,T5A_ideal__Orai1WT-MDSnap-Fr400_cleaned,Orai1WT-MDSnap-Fr400_cleaned,T5A_ideal,failed,No output from any sub-box,0,0.1,,55,66,12.0,,,,,,,,223,21026,1,32,8000,10,3,NVIDIA A100-SXM4-80GB,
2026-03-24T12:55:04.783074,T87_ideal__Orai1WT-MDSnap-Fr400_cleaned,Orai1WT-MDSnap-Fr400_cleaned,T87_ideal,failed,No output from any sub-box,0,0.1,,39,43,6.0,,,,,,,,223,21026,1,32,8000,10,3,NVIDIA A100-SXM4-80GB,
2026-03-24T12:55:04.795319,TAP_ideal__Orai1WT-MDSnap-Fr400_cleaned,Orai1WT-MDSnap-Fr400_cleaned,TAP_ideal,failed,No output from any sub-box,0,0.1,,48,58,10.0,,,,,,,,223,21026,1,32,8000,10,3,NVIDIA A100-SXM4-80GB,
2026-03-24T12:55:04.820850,TAR_ideal__Orai1WT-MDSnap-Fr400_cleaned,Orai1WT-MDSnap-Fr400_cleaned,TAR_ideal,failed,No output from any sub-box,0,0.1,,10,14,3.0,,,,,,,,223,21026,1,32,8000,10,3,NVIDIA A100-SXM4-80GB,
2026-03-24T12:55:04.841057,TBF_ideal__Orai1WT-MDSnap-Fr400_cleaned,Orai1WT-MDSnap-Fr400_cleaned,TBF_ideal,failed,No output from any sub-box,0,0.1,,7,7,1.0,,,,,,,,223,21026,1,32,8000,10,3,NVIDIA A100-SXM4-80GB,
2026-03-24T12:55:04.854156,TBP_ideal__Orai1WT-MDSnap-Fr400_cleaned,Orai1WT-MDSnap-Fr400_cleaned,TBP_ideal,failed,No output from any sub-box,0,0.1,,10,11,0.0,,,,,,,,223,21026,1,32,8000,10,3,NVIDIA A100-SXM4-80GB,
2026-03-24T12:55:04.867419,TBU_ideal__Orai1WT-MDSnap-Fr400_cleaned,Orai1WT-MDSnap-Fr400_cleaned,TBU_ideal,failed,No output from any sub-box,0,0.1,,5,6,0.0,,,,,,,,223,21026,1,32,8000,10,3,NVIDIA A100-SXM4-80GB,
2026-03-24T12:55:04.885670,TCA_ideal__Orai1WT-MDSnap-Fr400_cleaned,Orai1WT-MDSnap-Fr400_cleaned,TCA_ideal,failed,No output from any sub-box,0,0.1,,11,12,1.0,,,,,,,,223,21026,1,32,8000,10,3,NVIDIA A100-SXM4-80GB,
2026-03-24T12:55:04.918378,TCH_ideal__Orai1WT-MDSnap-Fr400_cleaned,Orai1WT-MDSnap-Fr400_cleaned,TCH_ideal,failed,No output from any sub-box,0,0.1,,35,40,5.0,,,,,,,,223,21026,1,32,8000,10,3,NVIDIA A100-SXM4-80GB,
2026-03-24T12:55:04.939684,TCO_ideal__Orai1WT-MDSnap-Fr400_cleaned,Orai1WT-MDSnap-Fr400_cleaned,TCO_ideal,failed,No output from any sub-box,0,0.1,,17,18,2.0,,,,,,,,223,21026,1,32,8000,10,3,NVIDIA A100-SXM4-80GB,
2026-03-24T12:55:04.956333,TCV_ideal__Orai1WT-MDSnap-Fr400_cleaned,Orai1WT-MDSnap-Fr400_cleaned,TCV_ideal,failed,No output from any sub-box,0,0.1,,5,5,,,,,,,,,223,21026,1,32,8000,10,3,NVIDIA A100-SXM4-80GB,
2026-03-24T12:55:04.974255,TCZ_ideal__Orai1WT-MDSnap-Fr400_cleaned,Orai1WT-MDSnap-Fr400_cleaned,TCZ_ideal,failed,No output from any sub-box,0,0.1,,9,9,,,,,,,,,223,21026,1,32,8000,10,3,NVIDIA A100-SXM4-80GB,
2026-03-24T12:55:04.993069,TD2_ideal__Orai1WT-MDSnap-Fr400_cleaned,Orai1WT-MDSnap-Fr400_cleaned,TD2_ideal,failed,No output from any sub-box,0,0.1,,45,51,7.0,,,,,,,,223,21026,1,32,8000,10,3,NVIDIA A100-SXM4-80GB,
2026-03-24T12:55:05.017035,TDT_ideal__Orai1WT-MDSnap-Fr400_cleaned,Orai1WT-MDSnap-Fr400_cleaned,TDT_ideal,failed,No output from any sub-box,0,0.1,,72,78,12.0,,,,,,,,223,21026,1,32,8000,10,3,NVIDIA A100-SXM4-80GB,
2026-03-24T12:55:05.034385,TEL_ideal__Orai1WT-MDSnap-Fr400_cleaned,Orai1WT-MDSnap-Fr400_cleaned,TEL_ideal,failed,No output from any sub-box,0,0.1,,60,61,12.0,,,,,,,,223,21026,1,32,8000,10,3,NVIDIA A100-SXM4-80GB,
2026-03-24T12:55:05.051483,TF3_ideal__Orai1WT-MDSnap-Fr400_cleaned,Orai1WT-MDSnap-Fr400_cleaned,TF3_ideal,failed,No output from any sub-box,0,0.1,,25,28,4.0,,,,,,,,223,21026,1,32,8000,10,3,NVIDIA A100-SXM4-80GB,
2026-03-24T12:55:05.068612,TF4_ideal__Orai1WT-MDSnap-Fr400_cleaned,Orai1WT-MDSnap-Fr400_cleaned,TF4_ideal,failed,No output from any sub-box,0,0.1,,6,7,1.0,,,,,,,,223,21026,1,32,8000,10,3,NVIDIA A100-SXM4-80GB,
2026-03-24T12:55:05.085737,TF9_ideal__Orai1WT-MDSnap-Fr400_cleaned,Orai1WT-MDSnap-Fr400_cleaned,TF9_ideal,failed,No output from any sub-box,0,0.1,,22,24,2.0,,,,,,,,223,21026,1,32,8000,10,3,NVIDIA A100-SXM4-80GB,
2026-03-24T12:55:05.118765,TFL_ideal__Orai1WT-MDSnap-Fr400_cleaned,Orai1WT-MDSnap-Fr400_cleaned,TFL_ideal,failed,No output from any sub-box,0,0.1,,20,21,1.0,,,,,,,,223,21026,1,32,8000,10,3,NVIDIA A100-SXM4-80GB,
2026-03-24T12:55:05.155040,TFM_ideal__Orai1WT-MDSnap-Fr400_cleaned,Orai1WT-MDSnap-Fr400_cleaned,TFM_ideal,failed,No output from any sub-box,0,0.1,,16,18,2.0,,,,,,,,223,21026,1,32,8000,10,3,NVIDIA A100-SXM4-80GB,
2026-03-24T12:55:05.178178,TFQ_ideal__Orai1WT-MDSnap-Fr400_cleaned,Orai1WT-MDSnap-Fr400_cleaned,TFQ_ideal,failed,No output from any sub-box,0,0.1,,17,20,3.0,,,,,,,,223,21026,1,32,8000,10,3,NVIDIA A100-SXM4-80GB,
2026-03-24T12:55:05.201579,TGF_ideal__Orai1WT-MDSnap-Fr400_cleaned,Orai1WT-MDSnap-Fr400_cleaned,TGF_ideal,failed,No output from any sub-box,0,0.1,,52,64,12.0,,,,,,,,223,21026,1,32,8000,10,3,NVIDIA A100-SXM4-80GB,
2026-03-24T12:55:05.240411,THT_ideal__Orai1WT-MDSnap-Fr400_cleaned,Orai1WT-MDSnap-Fr400_cleaned,THT_ideal,failed,No output from any sub-box,0,0.1,,24,25,9.0,,,,,,,,223,21026,1,32,8000,10,3,NVIDIA A100-SXM4-80GB,
2026-03-24T12:55:05.265587,TIK_ideal__Orai1WT-MDSnap-Fr400_cleaned,Orai1WT-MDSnap-Fr400_cleaned,TIK_ideal,failed,No output from any sub-box,0,0.1,,14,14,2.0,,,,,,,,223,21026,1,32,8000,10,3,NVIDIA A100-SXM4-80GB,
2026-03-24T12:55:05.288188,TLA_ideal__Orai1WT-MDSnap-Fr400_cleaned,Orai1WT-MDSnap-Fr400_cleaned,TLA_ideal,failed,No output from any sub-box,0,0.1,,10,14,3.0,,,,,,,,223,21026,1,32,8000,10,3,NVIDIA A100-SXM4-80GB,
2026-03-24T12:55:05.316915,TMA_ideal__Orai1WT-MDSnap-Fr400_cleaned,Orai1WT-MDSnap-Fr400_cleaned,TMA_ideal,failed,No output from any sub-box,0,0.1,,5,5,,,,,,,,,223,21026,1,32,8000,10,3,NVIDIA A100-SXM4-80GB,
2026-03-24T12:55:05.338965,TMM_ideal__Orai1WT-MDSnap-Fr400_cleaned,Orai1WT-MDSnap-Fr400_cleaned,TMM_ideal,failed,No output from any sub-box,0,0.1,,15,18,3.0,,,,,,,,223,21026,1,32,8000,10,3,NVIDIA A100-SXM4-80GB,
2026-03-24T12:55:05.363497,TNE_ideal__Orai1WT-MDSnap-Fr400_cleaned,Orai1WT-MDSnap-Fr400_cleaned,TNE_ideal,failed,No output from any sub-box,0,0.1,,10,10,,,,,,,,,223,21026,1,32,8000,10,3,NVIDIA A100-SXM4-80GB,
2026-03-24T12:55:05.384535,TNF_ideal__Orai1WT-MDSnap-Fr400_cleaned,Orai1WT-MDSnap-Fr400_cleaned,TNF_ideal,failed,No output from any sub-box,0,0.1,,16,17,2.0,,,,,,,,223,21026,1,32,8000,10,3,NVIDIA A100-SXM4-80GB,
2026-03-24T12:55:05.417057,TNL_ideal__Orai1WT-MDSnap-Fr400_cleaned,Orai1WT-MDSnap-Fr400_cleaned,TNL_ideal,failed,No output from any sub-box,0,0.1,,16,16,1.0,,,,,,,,223,21026,1,32,8000,10,3,NVIDIA A100-SXM4-80GB,
2026-03-24T12:55:05.441158,TP0_ideal__Orai1WT-MDSnap-Fr400_cleaned,Orai1WT-MDSnap-Fr400_cleaned,TP0_ideal,failed,No output from any sub-box,0,0.1,,23,23,3.0,,,,,,,,223,21026,1,32,8000,10,3,NVIDIA A100-SXM4-80GB,
2026-03-24T12:55:05.465195,TPA_ideal__Orai1WT-MDSnap-Fr400_cleaned,Orai1WT-MDSnap-Fr400_cleaned,TPA_ideal,failed,No output from any sub-box,0,0.1,,10,13,1.0,,,,,,,,223,21026,1,32,8000,10,3,NVIDIA A100-SXM4-80GB,
2026-03-24T12:55:05.489226,TPB_ideal__Orai1WT-MDSnap-Fr400_cleaned,Orai1WT-MDSnap-Fr400_cleaned,TPB_ideal,failed,No output from any sub-box,0,0.1,,25,27,2.0,,,,,,,,223,21026,1,32,8000,10,3,NVIDIA A100-SXM4-80GB,
2026-03-24T12:55:05.517754,TPR_ideal__Orai1WT-MDSnap-Fr400_cleaned,Orai1WT-MDSnap-Fr400_cleaned,TPR_ideal,failed,No output from any sub-box,0,0.1,,18,19,2.0,,,,,,,,223,21026,1,32,8000,10,3,NVIDIA A100-SXM4-80GB,
2026-03-24T12:55:05.539499,TQ5_ideal__Orai1WT-MDSnap-Fr400_cleaned,Orai1WT-MDSnap-Fr400_cleaned,TQ5_ideal,failed,No output from any sub-box,0,0.1,,23,27,2.0,,,,,,,,223,21026,1,32,8000,10,3,NVIDIA A100-SXM4-80GB,
2026-03-24T12:55:05.562562,TR1_ideal__Orai1WT-MDSnap-Fr400_cleaned,Orai1WT-MDSnap-Fr400_cleaned,TR1_ideal,failed,No output from any sub-box,0,0.1,,32,36,6.0,,,,,,,,223,21026,1,32,8000,10,3,NVIDIA A100-SXM4-80GB,
2026-03-24T12:55:05.585695,TRI_ideal__Orai1WT-MDSnap-Fr400_cleaned,Orai1WT-MDSnap-Fr400_cleaned,TRI_ideal,failed,No output from any sub-box,0,0.1,,5,6,,,,,,,,,223,21026,1,32,8000,10,3,NVIDIA A100-SXM4-80GB,
2026-03-24T12:55:05.617075,TRS_ideal__Orai1WT-MDSnap-Fr400_cleaned,Orai1WT-MDSnap-Fr400_cleaned,TRS_ideal,failed,No output from any sub-box,0,0.1,,8,14,3.0,,,,,,,,223,21026,1,32,8000,10,3,NVIDIA A100-SXM4-80GB,
2026-03-24T12:55:05.640189,TRU_ideal__Orai1WT-MDSnap-Fr400_cleaned,Orai1WT-MDSnap-Fr400_cleaned,TRU_ideal,failed,No output from any sub-box,0,0.1,,20,24,1.0,,,,,,,,223,21026,1,32,8000,10,3,NVIDIA A100-SXM4-80GB,
2026-03-24T12:55:05.662287,TS4_ideal__Orai1WT-MDSnap-Fr400_cleaned,Orai1WT-MDSnap-Fr400_cleaned,TS4_ideal,failed,No output from any sub-box,0,0.1,,58,76,21.0,,,,,,,,223,21026,1,32,8000,10,3,NVIDIA A100-SXM4-80GB,
2026-03-24T12:55:05.686307,TS5_ideal__Orai1WT-MDSnap-Fr400_cleaned,Orai1WT-MDSnap-Fr400_cleaned,TS5_ideal,failed,No output from any sub-box,0,0.1,,29,39,10.0,,,,,,,,223,21026,1,32,8000,10,3,NVIDIA A100-SXM4-80GB,
2026-03-24T12:55:05.717240,TSU_ideal__Orai1WT-MDSnap-Fr400_cleaned,Orai1WT-MDSnap-Fr400_cleaned,TSU_ideal,failed,No output from any sub-box,0,0.1,,11,12,1.0,,,,,,,,223,21026,1,32,8000,10,3,NVIDIA A100-SXM4-80GB,
2026-03-24T12:55:05.739213,TTN_ideal__Orai1WT-MDSnap-Fr400_cleaned,Orai1WT-MDSnap-Fr400_cleaned,TTN_ideal,failed,No output from any sub-box,0,0.1,,8,9,1.0,,,,,,,,223,21026,1,32,8000,10,3,NVIDIA A100-SXM4-80GB,
2026-03-24T12:55:05.762586,TUD_ideal__Orai1WT-MDSnap-Fr400_cleaned,Orai1WT-MDSnap-Fr400_cleaned,TUD_ideal,failed,No output from any sub-box,0,0.1,,34,38,5.0,,,,,,,,223,21026,1,32,8000,10,3,NVIDIA A100-SXM4-80GB,
2026-03-24T12:55:05.787401,TUI_ideal__Orai1WT-MDSnap-Fr400_cleaned,Orai1WT-MDSnap-Fr400_cleaned,TUI_ideal,failed,No output from any sub-box,0,0.1,,33,37,5.0,,,,,,,,223,21026,1,32,8000,10,3,NVIDIA A100-SXM4-80GB,
2026-03-24T12:55:05.816193,TUX_ideal__Orai1WT-MDSnap-Fr400_cleaned,Orai1WT-MDSnap-Fr400_cleaned,TUX_ideal,failed,No output from any sub-box,0,0.1,,30,34,10.0,,,,,,,,223,21026,1,32,8000,10,3,NVIDIA A100-SXM4-80GB,
2026-03-24T12:55:05.839773,TYB_ideal__Orai1WT-MDSnap-Fr400_cleaned,Orai1WT-MDSnap-Fr400_cleaned,TYB_ideal,failed,No output from any sub-box,0,0.1,,12,15,2.0,,,,,,,,223,21026,1,32,8000,10,3,NVIDIA A100-SXM4-80GB,
2026-03-24T12:55:05.863192,TYC_ideal__Orai1WT-MDSnap-Fr400_cleaned,Orai1WT-MDSnap-Fr400_cleaned,TYC_ideal,failed,No output from any sub-box,0,0.1,,13,18,2.0,,,,,,,,223,21026,1,32,8000,10,3,NVIDIA A100-SXM4-80GB,
2026-03-24T12:55:05.886736,TYI_ideal__Orai1WT-MDSnap-Fr400_cleaned,Orai1WT-MDSnap-Fr400_cleaned,TYI_ideal,failed,No output from any sub-box,0,0.1,,15,19,3.0,,,,,,,,223,21026,1,32,8000,10,3,NVIDIA A100-SXM4-80GB,
2026-03-24T12:55:05.918567,TYK_ideal__Orai1WT-MDSnap-Fr400_cleaned,Orai1WT-MDSnap-Fr400_cleaned,TYK_ideal,failed,No output from any sub-box,0,0.1,,66,71,15.0,,,,,,,,223,21026,1,32,8000,10,3,NVIDIA A100-SXM4-80GB,
2026-03-24T12:55:05.944549,TYL_ideal__Orai1WT-MDSnap-Fr400_cleaned,Orai1WT-MDSnap-Fr400_cleaned,TYL_ideal,failed,No output from any sub-box,0,0.1,,11,13,1.0,,,,,,,,223,21026,1,32,8000,10,3,NVIDIA A100-SXM4-80GB,
2026-03-24T12:55:05.966524,TYR_ideal__Orai1WT-MDSnap-Fr400_cleaned,Orai1WT-MDSnap-Fr400_cleaned,TYR_ideal,failed,No output from any sub-box,0,0.1,,13,17,3.0,,,,,,,,223,21026,1,32,8000,10,3,NVIDIA A100-SXM4-80GB,
2026-03-24T12:55:05.989502,TYZ_ideal__Orai1WT-MDSnap-Fr400_cleaned,Orai1WT-MDSnap-Fr400_cleaned,TYZ_ideal,failed,No output from any sub-box,0,0.1,,13,15,1.0,,,,,,,,223,21026,1,32,8000,10,3,NVIDIA A100-SXM4-80GB,
2026-03-24T12:55:06.017883,TZ4_ideal__Orai1WT-MDSnap-Fr400_cleaned,Orai1WT-MDSnap-Fr400_cleaned,TZ4_ideal,failed,No output from any sub-box,0,0.1,,50,55,7.0,,,,,,,,223,21026,1,32,8000,10,3,NVIDIA A100-SXM4-80GB,
2026-03-24T12:55:06.045290,TZ5_ideal__Orai1WT-MDSnap-Fr400_cleaned,Orai1WT-MDSnap-Fr400_cleaned,TZ5_ideal,failed,No output from any sub-box,0,0.1,,50,55,7.0,,,,,,,,223,21026,1,32,8000,10,3,NVIDIA A100-SXM4-80GB,
2026-03-24T12:55:06.069363,U04_ideal__Orai1WT-MDSnap-Fr400_cleaned,Orai1WT-MDSnap-Fr400_cleaned,U04_ideal,failed,No output from any sub-box,0,0.1,,33,36,4.0,,,,,,,,223,21026,1,32,8000,10,3,NVIDIA A100-SXM4-80GB,
2026-03-24T12:55:06.090722,U10_ideal__Orai1WT-MDSnap-Fr400_cleaned,Orai1WT-MDSnap-Fr400_cleaned,U10_ideal,failed,No output from any sub-box,0,0.1,,63,63,15.0,,,,,,,,223,21026,1,32,8000,10,3,NVIDIA A100-SXM4-80GB,
2026-03-24T12:55:06.115999,U32_ideal__Orai1WT-MDSnap-Fr400_cleaned,Orai1WT-MDSnap-Fr400_cleaned,U32_ideal,failed,No output from any sub-box,0,0.1,,19,22,2.0,,,,,,,,223,21026,1,32,8000,10,3,NVIDIA A100-SXM4-80GB,
2026-03-24T12:55:06.139601,U55_ideal__Orai1WT-MDSnap-Fr400_cleaned,Orai1WT-MDSnap-Fr400_cleaned,U55_ideal,failed,No output from any sub-box,0,0.1,,18,23,2.0,,,,,,,,223,21026,1,32,8000,10,3,NVIDIA A100-SXM4-80GB,
2026-03-24T12:55:06.161494,UA5_ideal__Orai1WT-MDSnap-Fr400_cleaned,Orai1WT-MDSnap-Fr400_cleaned,UA5_ideal,failed,No output from any sub-box,0,0.1,,13,15,2.0,,,,,,,,223,21026,1,32,8000,10,3,NVIDIA A100-SXM4-80GB,
2026-03-24T12:55:06.183967,UAG_ideal__Orai1WT-MDSnap-Fr400_cleaned,Orai1WT-MDSnap-Fr400_cleaned,UAG_ideal,failed,No output from any sub-box,0,0.1,,58,70,14.0,,,,,,,,223,21026,1,32,8000,10,3,NVIDIA A100-SXM4-80GB,
2026-03-24T12:55:06.216856,UAS_ideal__Orai1WT-MDSnap-Fr400_cleaned,Orai1WT-MDSnap-Fr400_cleaned,UAS_ideal,failed,No output from any sub-box,0,0.1,,17,17,0.0,,,,,,,,223,21026,1,32,8000,10,3,NVIDIA A100-SXM4-80GB,
2026-03-24T12:55:06.240240,UDH_ideal__Orai1WT-MDSnap-Fr400_cleaned,Orai1WT-MDSnap-Fr400_cleaned,UDH_ideal,failed,No output from any sub-box,0,0.1,,32,39,9.0,,,,,,,,223,21026,1,32,8000,10,3,NVIDIA A100-SXM4-80GB,
2026-03-24T12:55:06.263282,UK4_ideal__Orai1WT-MDSnap-Fr400_cleaned,Orai1WT-MDSnap-Fr400_cleaned,UK4_ideal,failed,No output from any sub-box,0,0.1,,41,42,5.0,,,,,,,,223,21026,1,32,8000,10,3,NVIDIA A100-SXM4-80GB,
2026-03-24T12:55:06.285974,UKA_ideal__Orai1WT-MDSnap-Fr400_cleaned,Orai1WT-MDSnap-Fr400_cleaned,UKA_ideal,failed,No output from any sub-box,0,0.1,,57,64,8.0,,,,,,,,223,21026,1,32,8000,10,3,NVIDIA A100-SXM4-80GB,
2026-03-24T12:55:06.317230,ULA_ideal__Orai1WT-MDSnap-Fr400_cleaned,Orai1WT-MDSnap-Fr400_cleaned,ULA_ideal,failed,No output from any sub-box,0,0.1,,65,67,17.0,,,,,,,,223,21026,1,32,8000,10,3,NVIDIA A100-SXM4-80GB,
2026-03-24T12:55:06.342383,UMA_ideal__Orai1WT-MDSnap-Fr400_cleaned,Orai1WT-MDSnap-Fr400_cleaned,UMA_ideal,failed,No output from any sub-box,0,0.1,,49,59,11.0,,,,,,,,223,21026,1,32,8000,10,3,NVIDIA A100-SXM4-80GB,
2026-03-24T12:55:06.365068,UMG_ideal__Orai1WT-MDSnap-Fr400_cleaned,Orai1WT-MDSnap-Fr400_cleaned,UMG_ideal,failed,No output from any sub-box,0,0.1,,55,65,9.0,,,,,,,,223,21026,1,32,8000,10,3,NVIDIA A100-SXM4-80GB,
2026-03-24T12:55:06.387518,UMQ_ideal__Orai1WT-MDSnap-Fr400_cleaned,Orai1WT-MDSnap-Fr400_cleaned,UMQ_ideal,failed,No output from any sub-box,0,0.1,,34,41,11.0,,,,,,,,223,21026,1,32,8000,10,3,NVIDIA A100-SXM4-80GB,
2026-03-24T12:55:06.418265,UN3_ideal__Orai1WT-MDSnap-Fr400_cleaned,Orai1WT-MDSnap-Fr400_cleaned,UN3_ideal,failed,No output from any sub-box,0,0.1,,17,19,2.0,,,,,,,,223,21026,1,32,8000,10,3,NVIDIA A100-SXM4-80GB,
2026-03-24T12:55:06.439411,UP5_ideal__Orai1WT-MDSnap-Fr400_cleaned,Orai1WT-MDSnap-Fr400_cleaned,UP5_ideal,failed,No output from any sub-box,0,0.1,,55,67,13.0,,,,,,,,223,21026,1,32,8000,10,3,NVIDIA A100-SXM4-80GB,
2026-03-24T12:55:06.461601,UQA_ideal__Orai1WT-MDSnap-Fr400_cleaned,Orai1WT-MDSnap-Fr400_cleaned,UQA_ideal,failed,No output from any sub-box,0,0.1,,17,19,1.0,,,,,,,,223,21026,1,32,8000,10,3,NVIDIA A100-SXM4-80GB,
2026-03-24T12:55:06.484428,UR2_ideal__Orai1WT-MDSnap-Fr400_cleaned,Orai1WT-MDSnap-Fr400_cleaned,UR2_ideal,failed,No output from any sub-box,0,0.1,,39,44,10.0,,,,,,,,223,21026,1,32,8000,10,3,NVIDIA A100-SXM4-80GB,
2026-03-24T12:55:06.516178,URE_ideal__Orai1WT-MDSnap-Fr400_cleaned,Orai1WT-MDSnap-Fr400_cleaned,URE_ideal,failed,No output from any sub-box,0,0.1,,4,8,,,,,,,,,223,21026,1,32,8000,10,3,NVIDIA A100-SXM4-80GB,
2026-03-24T12:55:06.538871,URS_ideal__Orai1WT-MDSnap-Fr400_cleaned,Orai1WT-MDSnap-Fr400_cleaned,URS_ideal,failed,No output from any sub-box,0,0.1,,10,13,0.0,,,,,,,,223,21026,1,32,8000,10,3,NVIDIA A100-SXM4-80GB,
2026-03-24T12:55:06.559715,V35_ideal__Orai1WT-MDSnap-Fr400_cleaned,Orai1WT-MDSnap-Fr400_cleaned,V35_ideal,failed,No output from any sub-box,0,0.1,,17,21,3.0,,,,,,,,223,21026,1,32,8000,10,3,NVIDIA A100-SXM4-80GB,
2026-03-24T12:55:06.585543,V36_ideal__Orai1WT-MDSnap-Fr400_cleaned,Orai1WT-MDSnap-Fr400_cleaned,V36_ideal,failed,No output from any sub-box,0,0.1,,17,21,3.0,,,,,,,,223,21026,1,32,8000,10,3,NVIDIA A100-SXM4-80GB,
2026-03-24T12:55:06.616593,V6G_ideal__Orai1WT-MDSnap-Fr400_cleaned,Orai1WT-MDSnap-Fr400_cleaned,V6G_ideal,failed,No output from any sub-box,0,0.1,,65,66,4.0,,,,,,,,223,21026,1,32,8000,10,3,NVIDIA A100-SXM4-80GB,
2026-03-24T12:55:06.640412,VCA_ideal__Orai1WT-MDSnap-Fr400_cleaned,Orai1WT-MDSnap-Fr400_cleaned,VCA_ideal,failed,No output from any sub-box,0,0.1,,20,21,8.0,,,,,,,,223,21026,1,32,8000,10,3,NVIDIA A100-SXM4-80GB,
2026-03-24T12:55:06.665008,VES_ideal__Orai1WT-MDSnap-Fr400_cleaned,Orai1WT-MDSnap-Fr400_cleaned,VES_ideal,failed,No output from any sub-box,0,0.1,,5,6,,,,,,,,,223,21026,1,32,8000,10,3,NVIDIA A100-SXM4-80GB,
2026-03-24T12:55:06.689762,VII_ideal__Orai1WT-MDSnap-Fr400_cleaned,Orai1WT-MDSnap-Fr400_cleaned,VII_ideal,failed,No output from any sub-box,0,0.1,,23,25,3.0,,,,,,,,223,21026,1,32,8000,10,3,NVIDIA A100-SXM4-80GB,
2026-03-24T12:55:06.717517,VIV_ideal__Orai1WT-MDSnap-Fr400_cleaned,Orai1WT-MDSnap-Fr400_cleaned,VIV_ideal,failed,No output from any sub-box,0,0.1,,31,32,6.0,,,,,,,,223,21026,1,32,8000,10,3,NVIDIA A100-SXM4-80GB,
2026-03-24T12:55:06.739927,VL1_ideal__Orai1WT-MDSnap-Fr400_cleaned,Orai1WT-MDSnap-Fr400_cleaned,VL1_ideal,failed,No output from any sub-box,0,0.1,,45,47,3.0,,,,,,,,223,21026,1,32,8000,10,3,NVIDIA A100-SXM4-80GB,
2026-03-24T12:55:06.762961,VS2_ideal__Orai1WT-MDSnap-Fr400_cleaned,Orai1WT-MDSnap-Fr400_cleaned,VS2_ideal,failed,No output from any sub-box,0,0.1,,43,45,8.0,,,,,,,,223,21026,1,32,8000,10,3,NVIDIA A100-SXM4-80GB,
2026-03-24T12:55:06.784259,VSO_ideal__Orai1WT-MDSnap-Fr400_cleaned,Orai1WT-MDSnap-Fr400_cleaned,VSO_ideal,failed,No output from any sub-box,0,0.1,,6,7,1.0,,,,,,,,223,21026,1,32,8000,10,3,NVIDIA A100-SXM4-80GB,
2026-03-24T12:55:06.817971,VTQ_ideal__Orai1WT-MDSnap-Fr400_cleaned,Orai1WT-MDSnap-Fr400_cleaned,VTQ_ideal,failed,No output from any sub-box,0,0.1,,32,33,8.0,,,,,,,,223,21026,1,32,8000,10,3,NVIDIA A100-SXM4-80GB,
2026-03-24T12:55:06.840133,VVM_ideal__Orai1WT-MDSnap-Fr400_cleaned,Orai1WT-MDSnap-Fr400_cleaned,VVM_ideal,failed,No output from any sub-box,0,0.1,,17,20,2.0,,,,,,,,223,21026,1,32,8000,10,3,NVIDIA A100-SXM4-80GB,
2026-03-24T12:55:06.864763,VXI_ideal__Orai1WT-MDSnap-Fr400_cleaned,Orai1WT-MDSnap-Fr400_cleaned,VXI_ideal,failed,No output from any sub-box,0,0.1,,37,37,7.0,,,,,,,,223,21026,1,32,8000,10,3,NVIDIA A100-SXM4-80GB,
2026-03-24T12:55:06.887301,W1P_ideal__Orai1WT-MDSnap-Fr400_cleaned,Orai1WT-MDSnap-Fr400_cleaned,W1P_ideal,failed,No output from any sub-box,0,0.1,,13,13,0.0,,,,,,,,223,21026,1,32,8000,10,3,NVIDIA A100-SXM4-80GB,
2026-03-24T12:55:06.915857,W42_ideal__Orai1WT-MDSnap-Fr400_cleaned,Orai1WT-MDSnap-Fr400_cleaned,W42_ideal,failed,No output from any sub-box,0,0.1,,31,32,7.0,,,,,,,,223,21026,1,32,8000,10,3,NVIDIA A100-SXM4-80GB,
2026-03-24T12:55:06.938423,W43_ideal__Orai1WT-MDSnap-Fr400_cleaned,Orai1WT-MDSnap-Fr400_cleaned,W43_ideal,failed,No output from any sub-box,0,0.1,,27,27,5.0,,,,,,,,223,21026,1,32,8000,10,3,NVIDIA A100-SXM4-80GB,
2026-03-24T12:55:06.959264,W56_ideal__Orai1WT-MDSnap-Fr400_cleaned,Orai1WT-MDSnap-Fr400_cleaned,W56_ideal,failed,No output from any sub-box,0,0.1,,24,24,4.0,,,,,,,,223,21026,1,32,8000,10,3,NVIDIA A100-SXM4-80GB,
2026-03-24T12:55:06.979685,W59_ideal__Orai1WT-MDSnap-Fr400_cleaned,Orai1WT-MDSnap-Fr400_cleaned,W59_ideal,failed,No output from any sub-box,0,0.1,,27,27,5.0,,,,,,,,223,21026,1,32,8000,10,3,NVIDIA A100-SXM4-80GB,
2026-03-24T12:55:07.000965,W71_ideal__Orai1WT-MDSnap-Fr400_cleaned,Orai1WT-MDSnap-Fr400_cleaned,W71_ideal,failed,No output from any sub-box,0,0.1,,25,25,5.0,,,,,,,,223,21026,1,32,8000,10,3,NVIDIA A100-SXM4-80GB,
2026-03-24T12:55:07.036377,W8R_ideal__Orai1WT-MDSnap-Fr400_cleaned,Orai1WT-MDSnap-Fr400_cleaned,W8R_ideal,failed,No output from any sub-box,0,0.1,,26,26,5.0,,,,,,,,223,21026,1,32,8000,10,3,NVIDIA A100-SXM4-80GB,
2026-03-24T12:55:07.058861,WSK_ideal__Orai1WT-MDSnap-Fr400_cleaned,Orai1WT-MDSnap-Fr400_cleaned,WSK_ideal,failed,No output from any sub-box,0,0.1,,22,23,2.0,,,,,,,,223,21026,1,32,8000,10,3,NVIDIA A100-SXM4-80GB,
2026-03-24T12:55:07.082285,WVN_ideal__Orai1WT-MDSnap-Fr400_cleaned,Orai1WT-MDSnap-Fr400_cleaned,WVN_ideal,failed,No output from any sub-box,0,0.1,,40,40,5.0,,,,,,,,223,21026,1,32,8000,10,3,NVIDIA A100-SXM4-80GB,
2026-03-24T12:55:07.116662,WWZ_ideal__Orai1WT-MDSnap-Fr400_cleaned,Orai1WT-MDSnap-Fr400_cleaned,WWZ_ideal,failed,No output from any sub-box,0,0.1,,21,25,2.0,,,,,,,,223,21026,1,32,8000,10,3,NVIDIA A100-SXM4-80GB,
2026-03-24T12:55:07.139048,WYB_ideal__Orai1WT-MDSnap-Fr400_cleaned,Orai1WT-MDSnap-Fr400_cleaned,WYB_ideal,failed,No output from any sub-box,0,0.1,,21,25,3.0,,,,,,,,223,21026,1,32,8000,10,3,NVIDIA A100-SXM4-80GB,
2026-03-24T12:55:07.161015,X2N_ideal__Orai1WT-MDSnap-Fr400_cleaned,Orai1WT-MDSnap-Fr400_cleaned,X2N_ideal,failed,No output from any sub-box,0,0.1,,51,52,6.0,,,,,,,,223,21026,1,32,8000,10,3,NVIDIA A100-SXM4-80GB,
2026-03-24T12:55:07.184121,X4U_ideal__Orai1WT-MDSnap-Fr400_cleaned,Orai1WT-MDSnap-Fr400_cleaned,X4U_ideal,failed,No output from any sub-box,0,0.1,,33,36,6.0,,,,,,,,223,21026,1,32,8000,10,3,NVIDIA A100-SXM4-80GB,
2026-03-24T12:55:07.216742,XAT_ideal__Orai1WT-MDSnap-Fr400_cleaned,Orai1WT-MDSnap-Fr400_cleaned,XAT_ideal,failed,No output from any sub-box,0,0.1,,44,46,6.0,,,,,,,,223,21026,1,32,8000,10,3,NVIDIA A100-SXM4-80GB,
2026-03-24T12:55:07.240508,XB2_ideal__Orai1WT-MDSnap-Fr400_cleaned,Orai1WT-MDSnap-Fr400_cleaned,XB2_ideal,failed,No output from any sub-box,0,0.1,,20,22,2.0,,,,,,,,223,21026,1,32,8000,10,3,NVIDIA A100-SXM4-80GB,
2026-03-24T12:55:07.263830,XB7_ideal__Orai1WT-MDSnap-Fr400_cleaned,Orai1WT-MDSnap-Fr400_cleaned,XB7_ideal,failed,No output from any sub-box,0,0.1,,34,35,4.0,,,,,,,,223,21026,1,32,8000,10,3,NVIDIA A100-SXM4-80GB,
2026-03-24T12:55:07.285834,XC9_ideal__Orai1WT-MDSnap-Fr400_cleaned,Orai1WT-MDSnap-Fr400_cleaned,XC9_ideal,failed,No output from any sub-box,0,0.1,,34,44,4.0,,,,,,,,223,21026,1,32,8000,10,3,NVIDIA A100-SXM4-80GB,
2026-03-24T12:55:07.317712,XIN_ideal__Orai1WT-MDSnap-Fr400_cleaned,Orai1WT-MDSnap-Fr400_cleaned,XIN_ideal,failed,No output from any sub-box,0,0.1,,40,42,4.0,,,,,,,,223,21026,1,32,8000,10,3,NVIDIA A100-SXM4-80GB,
2026-03-24T12:55:07.350088,XMJ_ideal__Orai1WT-MDSnap-Fr400_cleaned,Orai1WT-MDSnap-Fr400_cleaned,XMJ_ideal,failed,No output from any sub-box,0,0.1,,32,32,3.0,,,,,,,,223,21026,1,32,8000,10,3,NVIDIA A100-SXM4-80GB,
2026-03-24T12:55:07.377527,XNH_ideal__Orai1WT-MDSnap-Fr400_cleaned,Orai1WT-MDSnap-Fr400_cleaned,XNH_ideal,failed,No output from any sub-box,0,0.1,,35,35,3.0,,,,,,,,223,21026,1,32,8000,10,3,NVIDIA A100-SXM4-80GB,
2026-03-24T12:55:07.400303,XP1_ideal__Orai1WT-MDSnap-Fr400_cleaned,Orai1WT-MDSnap-Fr400_cleaned,XP1_ideal,failed,No output from any sub-box,0,0.1,,12,13,1.0,,,,,,,,223,21026,1,32,8000,10,3,NVIDIA A100-SXM4-80GB,
2026-03-24T12:55:07.436666,XPG_ideal__Orai1WT-MDSnap-Fr400_cleaned,Orai1WT-MDSnap-Fr400_cleaned,XPG_ideal,failed,No output from any sub-box,0,0.1,,25,28,8.0,,,,,,,,223,21026,1,32,8000,10,3,NVIDIA A100-SXM4-80GB,
2026-03-24T12:55:07.461326,XQZ_ideal__Orai1WT-MDSnap-Fr400_cleaned,Orai1WT-MDSnap-Fr400_cleaned,XQZ_ideal,failed,No output from any sub-box,0,0.1,,6,8,1.0,,,,,,,,223,21026,1,32,8000,10,3,NVIDIA A100-SXM4-80GB,
2026-03-24T12:55:07.485751,XR1_ideal__Orai1WT-MDSnap-Fr400_cleaned,Orai1WT-MDSnap-Fr400_cleaned,XR1_ideal,failed,No output from any sub-box,0,0.1,,39,40,3.0,,,,,,,,223,21026,1,32,8000,10,3,NVIDIA A100-SXM4-80GB,
2026-03-24T12:55:07.516408,XZ5_ideal__Orai1WT-MDSnap-Fr400_cleaned,Orai1WT-MDSnap-Fr400_cleaned,XZ5_ideal,failed,No output from any sub-box,0,0.1,,5,5,,,,,,,,,223,21026,1,32,8000,10,3,NVIDIA A100-SXM4-80GB,
2026-03-24T12:55:07.539196,Y9J_ideal__Orai1WT-MDSnap-Fr400_cleaned,Orai1WT-MDSnap-Fr400_cleaned,Y9J_ideal,failed,No output from any sub-box,0,0.1,,28,31,6.0,,,,,,,,223,21026,1,32,8000,10,3,NVIDIA A100-SXM4-80GB,
2026-03-24T12:55:07.562688,YAN_ideal__Orai1WT-MDSnap-Fr400_cleaned,Orai1WT-MDSnap-Fr400_cleaned,YAN_ideal,failed,No output from any sub-box,0,0.1,,8,8,,,,,,,,,223,21026,1,32,8000,10,3,NVIDIA A100-SXM4-80GB,
2026-03-24T12:55:07.585708,YG7_ideal__Orai1WT-MDSnap-Fr400_cleaned,Orai1WT-MDSnap-Fr400_cleaned,YG7_ideal,failed,No output from any sub-box,0,0.1,,33,36,3.0,,,,,,,,223,21026,1,32,8000,10,3,NVIDIA A100-SXM4-80GB,
2026-03-24T12:55:07.616582,YHR_ideal__Orai1WT-MDSnap-Fr400_cleaned,Orai1WT-MDSnap-Fr400_cleaned,YHR_ideal,failed,No output from any sub-box,0,0.1,,44,45,5.0,,,,,,,,223,21026,1,32,8000,10,3,NVIDIA A100-SXM4-80GB,
2026-03-24T12:55:07.639948,YIS_ideal__Orai1WT-MDSnap-Fr400_cleaned,Orai1WT-MDSnap-Fr400_cleaned,YIS_ideal,failed,No output from any sub-box,0,0.1,,48,52,6.0,,,,,,,,223,21026,1,32,8000,10,3,NVIDIA A100-SXM4-80GB,
2026-03-24T12:55:07.663268,YKQ_ideal__Orai1WT-MDSnap-Fr400_cleaned,Orai1WT-MDSnap-Fr400_cleaned,YKQ_ideal,failed,No output from any sub-box,0,0.1,,36,39,3.0,,,,,,,,223,21026,1,32,8000,10,3,NVIDIA A100-SXM4-80GB,
2026-03-24T12:55:07.685438,YMA_ideal__Orai1WT-MDSnap-Fr400_cleaned,Orai1WT-MDSnap-Fr400_cleaned,YMA_ideal,failed,No output from any sub-box,0,0.1,,33,40,12.0,,,,,,,,223,21026,1,32,8000,10,3,NVIDIA A100-SXM4-80GB,
2026-03-24T12:55:07.716490,YPQ_ideal__Orai1WT-MDSnap-Fr400_cleaned,Orai1WT-MDSnap-Fr400_cleaned,YPQ_ideal,failed,No output from any sub-box,0,0.1,,22,22,2.0,,,,,,,,223,21026,1,32,8000,10,3,NVIDIA A100-SXM4-80GB,
2026-03-24T12:55:07.739527,YRL_ideal__Orai1WT-MDSnap-Fr400_cleaned,Orai1WT-MDSnap-Fr400_cleaned,YRL_ideal,failed,No output from any sub-box,0,0.1,,10,12,2.0,,,,,,,,223,21026,1,32,8000,10,3,NVIDIA A100-SXM4-80GB,
2026-03-24T12:55:07.763852,YTT_ideal__Orai1WT-MDSnap-Fr400_cleaned,Orai1WT-MDSnap-Fr400_cleaned,YTT_ideal,failed,No output from any sub-box,0,0.1,,24,28,3.0,,,,,,,,223,21026,1,32,8000,10,3,NVIDIA A100-SXM4-80GB,
2026-03-24T12:55:07.788139,YTZ_ideal__Orai1WT-MDSnap-Fr400_cleaned,Orai1WT-MDSnap-Fr400_cleaned,YTZ_ideal,failed,No output from any sub-box,0,0.1,,16,19,2.0,,,,,,,,223,21026,1,32,8000,10,3,NVIDIA A100-SXM4-80GB,
2026-03-24T12:55:07.821284,Z6V_ideal__Orai1WT-MDSnap-Fr400_cleaned,Orai1WT-MDSnap-Fr400_cleaned,Z6V_ideal,failed,No output from any sub-box,0,0.1,,32,33,3.0,,,,,,,,223,21026,1,32,8000,10,3,NVIDIA A100-SXM4-80GB,
2026-03-24T12:55:07.845005,Z90_ideal__Orai1WT-MDSnap-Fr400_cleaned,Orai1WT-MDSnap-Fr400_cleaned,Z90_ideal,failed,No output from any sub-box,0,0.1,,42,44,9.0,,,,,,,,223,21026,1,32,8000,10,3,NVIDIA A100-SXM4-80GB,
2026-03-24T12:55:07.866636,ZHZ_ideal__Orai1WT-MDSnap-Fr400_cleaned,Orai1WT-MDSnap-Fr400_cleaned,ZHZ_ideal,failed,No output from any sub-box,0,0.1,,12,14,1.0,,,,,,,,223,21026,1,32,8000,10,3,NVIDIA A100-SXM4-80GB,
2026-03-24T12:55:07.889127,ZIY_ideal__Orai1WT-MDSnap-Fr400_cleaned,Orai1WT-MDSnap-Fr400_cleaned,ZIY_ideal,failed,No output from any sub-box,0,0.1,,81,85,18.0,,,,,,,,223,21026,1,32,8000,10,3,NVIDIA A100-SXM4-80GB,
2026-03-24T12:55:07.916683,ZOL_ideal__Orai1WT-MDSnap-Fr400_cleaned,Orai1WT-MDSnap-Fr400_cleaned,ZOL_ideal,failed,No output from any sub-box,0,0.1,,16,21,4.0,,,,,,,,223,21026,1,32,8000,10,3,NVIDIA A100-SXM4-80GB,
2026-03-24T12:55:07.940010,ZYS_ideal__Orai1WT-MDSnap-Fr400_cleaned,Orai1WT-MDSnap-Fr400_cleaned,ZYS_ideal,failed,No output from any sub-box,0,0.1,,19,22,2.0,,,,,,,,223,21026,1,32,8000,10,3,NVIDIA A100-SXM4-80GB,
2026-03-24T12:55:07.963247,ZYX_ideal__Orai1WT-MDSnap-Fr400_cleaned,Orai1WT-MDSnap-Fr400_cleaned,ZYX_ideal,failed,No output from any sub-box,0,0.1,,13,17,2.0,,,,,,,,223,21026,1,32,8000,10,3,NVIDIA A100-SXM4-80GB,
2026-03-24T16:01:53.716400,007_ideal__Orai1WT-MDSnap-Fr499_cleaned,Orai1WT-MDSnap-Fr499_cleaned,007_ideal,failed,No output from any sub-box,0,0.4,,13,15,1.0,,,,,,,,223,21026,1,32,8000,10,3,NVIDIA A100-SXM4-80GB,
2026-03-24T16:01:53.744706,010_ideal__Orai1WT-MDSnap-Fr499_cleaned,Orai1WT-MDSnap-Fr499_cleaned,010_ideal,failed,No output from any sub-box,0,0.4,,8,9,1.0,,,,,,,,223,21026,1,32,8000,10,3,NVIDIA A100-SXM4-80GB,
2026-03-24T16:01:53.768706,05J_ideal__Orai1WT-MDSnap-Fr499_cleaned,Orai1WT-MDSnap-Fr499_cleaned,05J_ideal,failed,No output from any sub-box,0,0.4,,39,41,4.0,,,,,,,,223,21026,1,32,8000,10,3,NVIDIA A100-SXM4-80GB,
2026-03-24T16:01:53.792422,07J_ideal__Orai1WT-MDSnap-Fr499_cleaned,Orai1WT-MDSnap-Fr499_cleaned,07J_ideal,failed,No output from any sub-box,0,0.4,,38,40,4.0,,,,,,,,223,21026,1,32,8000,10,3,NVIDIA A100-SXM4-80GB,
2026-03-24T16:01:53.833379,08D_ideal__Orai1WT-MDSnap-Fr499_cleaned,Orai1WT-MDSnap-Fr499_cleaned,08D_ideal,failed,No output from any sub-box,0,0.4,,17,20,2.0,,,,,,,,223,21026,1,32,8000,10,3,NVIDIA A100-SXM4-80GB,
2026-03-24T16:01:53.856551,0A9_ideal__Orai1WT-MDSnap-Fr499_cleaned,Orai1WT-MDSnap-Fr499_cleaned,0A9_ideal,failed,No output from any sub-box,0,0.4,,13,15,2.0,,,,,,,,223,21026,1,32,8000,10,3,NVIDIA A100-SXM4-80GB,
2026-03-24T16:01:53.880663,0LI_ideal__Orai1WT-MDSnap-Fr499_cleaned,Orai1WT-MDSnap-Fr499_cleaned,0LI_ideal,failed,No output from any sub-box,0,0.4,,39,40,3.0,,,,,,,,223,21026,1,32,8000,10,3,NVIDIA A100-SXM4-80GB,
2026-03-24T16:01:53.915846,10A_ideal__Orai1WT-MDSnap-Fr499_cleaned,Orai1WT-MDSnap-Fr499_cleaned,10A_ideal,failed,No output from any sub-box,0,0.4,,23,23,9.0,,,,,,,,223,21026,1,32,8000,10,3,NVIDIA A100-SXM4-80GB,
2026-03-24T16:01:53.940518,11U_ideal__Orai1WT-MDSnap-Fr499_cleaned,Orai1WT-MDSnap-Fr499_cleaned,11U_ideal,failed,No output from any sub-box,0,0.4,,28,33,4.0,,,,,,,,223,21026,1,32,8000,10,3,NVIDIA A100-SXM4-80GB,
2026-03-24T16:01:53.964794,128_ideal__Orai1WT-MDSnap-Fr499_cleaned,Orai1WT-MDSnap-Fr499_cleaned,128_ideal,failed,No output from any sub-box,0,0.4,,46,53,8.0,,,,,,,,223,21026,1,32,8000,10,3,NVIDIA A100-SXM4-80GB,
2026-03-24T16:01:53.987210,138_ideal__Orai1WT-MDSnap-Fr499_cleaned,Orai1WT-MDSnap-Fr499_cleaned,138_ideal,failed,No output from any sub-box,0,0.4,,52,65,13.0,,,,,,,,223,21026,1,32,8000,10,3,NVIDIA A100-SXM4-80GB,
2026-03-24T16:01:54.016752,13X_ideal__Orai1WT-MDSnap-Fr499_cleaned,Orai1WT-MDSnap-Fr499_cleaned,13X_ideal,failed,No output from any sub-box,0,0.4,,9,12,1.0,,,,,,,,223,21026,1,32,8000,10,3,NVIDIA A100-SXM4-80GB,
2026-03-24T16:01:54.043700,140_ideal__Orai1WT-MDSnap-Fr499_cleaned,Orai1WT-MDSnap-Fr499_cleaned,140_ideal,failed,No output from any sub-box,0,0.4,,22,24,8.0,,,,,,,,223,21026,1,32,8000,10,3,NVIDIA A100-SXM4-80GB,
2026-03-24T16:01:54.066032,144_ideal__Orai1WT-MDSnap-Fr499_cleaned,Orai1WT-MDSnap-Fr499_cleaned,144_ideal,failed,No output from any sub-box,0,0.4,,8,11,3.0,,,,,,,,223,21026,1,32,8000,10,3,NVIDIA A100-SXM4-80GB,
2026-03-24T16:01:54.089065,146_ideal__Orai1WT-MDSnap-Fr499_cleaned,Orai1WT-MDSnap-Fr499_cleaned,146_ideal,failed,No output from any sub-box,0,0.4,,64,70,10.0,,,,,,,,223,21026,1,32,8000,10,3,NVIDIA A100-SXM4-80GB,
2026-03-24T16:01:54.116193,150_ideal__Orai1WT-MDSnap-Fr499_cleaned,Orai1WT-MDSnap-Fr499_cleaned,150_ideal,failed,No output from any sub-box,0,0.4,,10,14,1.0,,,,,,,,223,21026,1,32,8000,10,3,NVIDIA A100-SXM4-80GB,
2026-03-24T16:01:54.140422,152_ideal__Orai1WT-MDSnap-Fr499_cleaned,Orai1WT-MDSnap-Fr499_cleaned,152_ideal,failed,No output from any sub-box,0,0.4,,11,13,3.0,,,,,,,,223,21026,1,32,8000,10,3,NVIDIA A100-SXM4-80GB,
2026-03-24T16:01:54.163087,169_ideal__Orai1WT-MDSnap-Fr499_cleaned,Orai1WT-MDSnap-Fr499_cleaned,169_ideal,failed,No output from any sub-box,0,0.4,,30,37,5.0,,,,,,,,223,21026,1,32,8000,10,3,NVIDIA A100-SXM4-80GB,
2026-03-24T16:01:54.187188,16A_ideal__Orai1WT-MDSnap-Fr499_cleaned,Orai1WT-MDSnap-Fr499_cleaned,16A_ideal,failed,No output from any sub-box,0,0.4,,20,20,7.0,,,,,,,,223,21026,1,32,8000,10,3,NVIDIA A100-SXM4-80GB,
2026-03-24T16:01:54.216921,171_ideal__Orai1WT-MDSnap-Fr499_cleaned,Orai1WT-MDSnap-Fr499_cleaned,171_ideal,failed,No output from any sub-box,0,0.4,,13,15,2.0,,,,,,,,223,21026,1,32,8000,10,3,NVIDIA A100-SXM4-80GB,
2026-03-24T16:01:54.240810,173_ideal__Orai1WT-MDSnap-Fr499_cleaned,Orai1WT-MDSnap-Fr499_cleaned,173_ideal,failed,No output from any sub-box,0,0.4,,11,12,1.0,,,,,,,,223,21026,1,32,8000,10,3,NVIDIA A100-SXM4-80GB,
2026-03-24T16:01:54.264541,174_ideal__Orai1WT-MDSnap-Fr499_cleaned,Orai1WT-MDSnap-Fr499_cleaned,174_ideal,failed,No output from any sub-box,0,0.4,,10,11,1.0,,,,,,,,223,21026,1,32,8000,10,3,NVIDIA A100-SXM4-80GB,
2026-03-24T16:01:54.287524,178_ideal__Orai1WT-MDSnap-Fr499_cleaned,Orai1WT-MDSnap-Fr499_cleaned,178_ideal,failed,No output from any sub-box,0,0.4,,21,23,3.0,,,,,,,,223,21026,1,32,8000,10,3,NVIDIA A100-SXM4-80GB,
2026-03-24T16:01:54.316309,17F_ideal__Orai1WT-MDSnap-Fr499_cleaned,Orai1WT-MDSnap-Fr499_cleaned,17F_ideal,failed,No output from any sub-box,0,0.4,,54,58,22.0,,,,,,,,223,21026,1,32,8000,10,3,NVIDIA A100-SXM4-80GB,
2026-03-24T16:01:54.341098,1AL_ideal__Orai1WT-MDSnap-Fr499_cleaned,Orai1WT-MDSnap-Fr499_cleaned,1AL_ideal,failed,No output from any sub-box,0,0.4,,12,18,1.0,,,,,,,,223,21026,1,32,8000,10,3,NVIDIA A100-SXM4-80GB,
2026-03-24T16:01:54.366169,1BN_ideal__Orai1WT-MDSnap-Fr499_cleaned,Orai1WT-MDSnap-Fr499_cleaned,1BN_ideal,failed,No output from any sub-box,0,0.4,,12,12,1.0,,,,,,,,223,21026,1,32,8000,10,3,NVIDIA A100-SXM4-80GB,
2026-03-24T16:01:54.390426,1CM_ideal__Orai1WT-MDSnap-Fr499_cleaned,Orai1WT-MDSnap-Fr499_cleaned,1CM_ideal,failed,No output from any sub-box,0,0.4,,18,19,2.0,,,,,,,,223,21026,1,32,8000,10,3,NVIDIA A100-SXM4-80GB,
2026-03-24T16:01:54.417824,1CY_ideal__Orai1WT-MDSnap-Fr499_cleaned,Orai1WT-MDSnap-Fr499_cleaned,1CY_ideal,failed,No output from any sub-box,0,0.4,,17,21,0.0,,,,,,,,223,21026,1,32,8000,10,3,NVIDIA A100-SXM4-80GB,
2026-03-24T16:01:54.443264,1JY_ideal__Orai1WT-MDSnap-Fr499_cleaned,Orai1WT-MDSnap-Fr499_cleaned,1JY_ideal,failed,No output from any sub-box,0,0.4,,47,54,9.0,,,,,,,,223,21026,1,32,8000,10,3,NVIDIA A100-SXM4-80GB,
2026-03-24T16:01:54.466576,1K5_ideal__Orai1WT-MDSnap-Fr499_cleaned,Orai1WT-MDSnap-Fr499_cleaned,1K5_ideal,failed,No output from any sub-box,0,0.4,,19,20,1.0,,,,,,,,223,21026,1,32,8000,10,3,NVIDIA A100-SXM4-80GB,
2026-03-24T16:01:54.491409,1L3_ideal__Orai1WT-MDSnap-Fr499_cleaned,Orai1WT-MDSnap-Fr499_cleaned,1L3_ideal,failed,No output from any sub-box,0,0.4,,33,33,5.0,,,,,,,,223,21026,1,32,8000,10,3,NVIDIA A100-SXM4-80GB,
2026-03-24T16:01:54.535884,1N1_ideal__Orai1WT-MDSnap-Fr499_cleaned,Orai1WT-MDSnap-Fr499_cleaned,1N1_ideal,failed,No output from any sub-box,0,0.4,,33,36,4.0,,,,,,,,223,21026,1,32,8000,10,3,NVIDIA A100-SXM4-80GB,
2026-03-24T16:01:54.562179,1OH_ideal__Orai1WT-MDSnap-Fr499_cleaned,Orai1WT-MDSnap-Fr499_cleaned,1OH_ideal,failed,No output from any sub-box,0,0.4,,16,17,1.0,,,,,,,,223,21026,1,32,8000,10,3,NVIDIA A100-SXM4-80GB,
2026-03-24T16:01:54.586116,1PC_ideal__Orai1WT-MDSnap-Fr499_cleaned,Orai1WT-MDSnap-Fr499_cleaned,1PC_ideal,failed,No output from any sub-box,0,0.4,,18,18,1.0,,,,,,,,223,21026,1,32,8000,10,3,NVIDIA A100-SXM4-80GB,
2026-03-24T16:01:54.616344,1VU_ideal__Orai1WT-MDSnap-Fr499_cleaned,Orai1WT-MDSnap-Fr499_cleaned,1VU_ideal,failed,No output from any sub-box,0,0.4,,52,62,14.0,,,,,,,,223,21026,1,32,8000,10,3,NVIDIA A100-SXM4-80GB,
2026-03-24T16:01:54.645242,1WE_ideal__Orai1WT-MDSnap-Fr499_cleaned,Orai1WT-MDSnap-Fr499_cleaned,1WE_ideal,failed,No output from any sub-box,0,0.4,,10,12,1.0,,,,,,,,223,21026,1,32,8000,10,3,NVIDIA A100-SXM4-80GB,
2026-03-24T16:01:54.658671,1XJ_ideal__Orai1WT-MDSnap-Fr499_cleaned,Orai1WT-MDSnap-Fr499_cleaned,1XJ_ideal,failed,No output from any sub-box,0,0.4,,65,67,8.0,,,,,,,,223,21026,1,32,8000,10,3,NVIDIA A100-SXM4-80GB,
2026-03-24T16:01:54.670147,201_ideal__Orai1WT-MDSnap-Fr499_cleaned,Orai1WT-MDSnap-Fr499_cleaned,201_ideal,failed,No output from any sub-box,0,0.4,,24,27,2.0,,,,,,,,223,21026,1,32,8000,10,3,NVIDIA A100-SXM4-80GB,
2026-03-24T16:01:54.683791,205_ideal__Orai1WT-MDSnap-Fr499_cleaned,Orai1WT-MDSnap-Fr499_cleaned,205_ideal,failed,No output from any sub-box,0,0.4,,20,21,1.0,,,,,,,,223,21026,1,32,8000,10,3,NVIDIA A100-SXM4-80GB,
2026-03-24T16:01:54.695045,210_ideal__Orai1WT-MDSnap-Fr499_cleaned,Orai1WT-MDSnap-Fr499_cleaned,210_ideal,failed,No output from any sub-box,0,0.4,,13,20,5.0,,,,,,,,223,21026,1,32,8000,10,3,NVIDIA A100-SXM4-80GB,
2026-03-24T16:01:54.758708,21B_ideal__Orai1WT-MDSnap-Fr499_cleaned,Orai1WT-MDSnap-Fr499_cleaned,21B_ideal,failed,No output from any sub-box,0,0.4,,22,23,3.0,,,,,,,,223,21026,1,32,8000,10,3,NVIDIA A100-SXM4-80GB,
2026-03-24T16:01:54.790432,21V_ideal__Orai1WT-MDSnap-Fr499_cleaned,Orai1WT-MDSnap-Fr499_cleaned,21V_ideal,failed,No output from any sub-box,0,0.4,,32,39,6.0,,,,,,,,223,21026,1,32,8000,10,3,NVIDIA A100-SXM4-80GB,
2026-03-24T16:01:54.859984,221_ideal__Orai1WT-MDSnap-Fr499_cleaned,Orai1WT-MDSnap-Fr499_cleaned,221_ideal,failed,No output from any sub-box,0,0.4,,23,27,3.0,,,,,,,,223,21026,1,32,8000,10,3,NVIDIA A100-SXM4-80GB,
2026-03-24T16:01:54.882540,22F_ideal__Orai1WT-MDSnap-Fr499_cleaned,Orai1WT-MDSnap-Fr499_cleaned,22F_ideal,failed,No output from any sub-box,0,0.4,,15,15,1.0,,,,,,,,223,21026,1,32,8000,10,3,NVIDIA A100-SXM4-80GB,
2026-03-24T16:01:54.916007,231_ideal__Orai1WT-MDSnap-Fr499_cleaned,Orai1WT-MDSnap-Fr499_cleaned,231_ideal,failed,No output from any sub-box,0,0.4,,11,12,0.0,,,,,,,,223,21026,1,32,8000,10,3,NVIDIA A100-SXM4-80GB,
2026-03-24T16:01:54.940641,23F_ideal__Orai1WT-MDSnap-Fr499_cleaned,Orai1WT-MDSnap-Fr499_cleaned,23F_ideal,failed,No output from any sub-box,0,0.4,,12,15,2.0,,,,,,,,223,21026,1,32,8000,10,3,NVIDIA A100-SXM4-80GB,
2026-03-24T16:01:54.994726,243_ideal__Orai1WT-MDSnap-Fr499_cleaned,Orai1WT-MDSnap-Fr499_cleaned,243_ideal,failed,No output from any sub-box,0,0.4,,21,23,8.0,,,,,,,,223,21026,1,32,8000,10,3,NVIDIA A100-SXM4-80GB,
2026-03-24T16:01:55.031520,251_ideal__Orai1WT-MDSnap-Fr499_cleaned,Orai1WT-MDSnap-Fr499_cleaned,251_ideal,failed,No output from any sub-box,0,0.4,,24,28,2.0,,,,,,,,223,21026,1,32,8000,10,3,NVIDIA A100-SXM4-80GB,
2026-03-24T16:01:55.056562,256_ideal__Orai1WT-MDSnap-Fr499_cleaned,Orai1WT-MDSnap-Fr499_cleaned,256_ideal,failed,No output from any sub-box,0,0.4,,14,16,2.0,,,,,,,,223,21026,1,32,8000,10,3,NVIDIA A100-SXM4-80GB,
2026-03-24T16:01:55.080532,268_ideal__Orai1WT-MDSnap-Fr499_cleaned,Orai1WT-MDSnap-Fr499_cleaned,268_ideal,failed,No output from any sub-box,0,0.4,,10,11,2.0,,,,,,,,223,21026,1,32,8000,10,3,NVIDIA A100-SXM4-80GB,
2026-03-24T16:01:55.116229,269_ideal__Orai1WT-MDSnap-Fr499_cleaned,Orai1WT-MDSnap-Fr499_cleaned,269_ideal,failed,No output from any sub-box,0,0.4,,11,12,2.0,,,,,,,,223,21026,1,32,8000,10,3,NVIDIA A100-SXM4-80GB,
2026-03-24T16:01:55.140503,26C_ideal__Orai1WT-MDSnap-Fr499_cleaned,Orai1WT-MDSnap-Fr499_cleaned,26C_ideal,failed,No output from any sub-box,0,0.4,,17,18,1.0,,,,,,,,223,21026,1,32,8000,10,3,NVIDIA A100-SXM4-80GB,
2026-03-24T16:01:55.164131,270_ideal__Orai1WT-MDSnap-Fr499_cleaned,Orai1WT-MDSnap-Fr499_cleaned,270_ideal,failed,No output from any sub-box,0,0.4,,10,12,0.0,,,,,,,,223,21026,1,32,8000,10,3,NVIDIA A100-SXM4-80GB,
2026-03-24T16:01:55.231017,276_ideal__Orai1WT-MDSnap-Fr499_cleaned,Orai1WT-MDSnap-Fr499_cleaned,276_ideal,failed,No output from any sub-box,0,0.4,,32,35,3.0,,,,,,,,223,21026,1,32,8000,10,3,NVIDIA A100-SXM4-80GB,
2026-03-24T16:01:55.255895,27U_ideal__Orai1WT-MDSnap-Fr499_cleaned,Orai1WT-MDSnap-Fr499_cleaned,27U_ideal,failed,No output from any sub-box,0,0.4,,28,32,4.0,,,,,,,,223,21026,1,32,8000,10,3,NVIDIA A100-SXM4-80GB,
2026-03-24T16:01:55.280415,283_ideal__Orai1WT-MDSnap-Fr499_cleaned,Orai1WT-MDSnap-Fr499_cleaned,283_ideal,failed,No output from any sub-box,0,0.4,,20,21,3.0,,,,,,,,223,21026,1,32,8000,10,3,NVIDIA A100-SXM4-80GB,
2026-03-24T16:01:55.317745,299_ideal__Orai1WT-MDSnap-Fr499_cleaned,Orai1WT-MDSnap-Fr499_cleaned,299_ideal,failed,No output from any sub-box,0,0.4,,16,18,3.0,,,,,,,,223,21026,1,32,8000,10,3,NVIDIA A100-SXM4-80GB,
2026-03-24T16:01:55.342575,2C7_ideal__Orai1WT-MDSnap-Fr499_cleaned,Orai1WT-MDSnap-Fr499_cleaned,2C7_ideal,failed,No output from any sub-box,0,0.4,,26,28,5.0,,,,,,,,223,21026,1,32,8000,10,3,NVIDIA A100-SXM4-80GB,
2026-03-24T16:01:55.358760,2CP_ideal__Orai1WT-MDSnap-Fr499_cleaned,Orai1WT-MDSnap-Fr499_cleaned,2CP_ideal,failed,No output from any sub-box,0,0.4,,54,65,15.0,,,,,,,,223,21026,1,32,8000,10,3,NVIDIA A100-SXM4-80GB,
2026-03-24T16:01:55.374977,2ED_ideal__Orai1WT-MDSnap-Fr499_cleaned,Orai1WT-MDSnap-Fr499_cleaned,2ED_ideal,failed,No output from any sub-box,0,0.4,,24,27,9.0,,,,,,,,223,21026,1,32,8000,10,3,NVIDIA A100-SXM4-80GB,
2026-03-24T16:01:55.394816,2H3_ideal__Orai1WT-MDSnap-Fr499_cleaned,Orai1WT-MDSnap-Fr499_cleaned,2H3_ideal,failed,No output from any sub-box,0,0.4,,12,18,3.0,,,,,,,,223,21026,1,32,8000,10,3,NVIDIA A100-SXM4-80GB,
2026-03-24T16:01:55.417522,2HA_ideal__Orai1WT-MDSnap-Fr499_cleaned,Orai1WT-MDSnap-Fr499_cleaned,2HA_ideal,failed,No output from any sub-box,0,0.4,,6,8,2.0,,,,,,,,223,21026,1,32,8000,10,3,NVIDIA A100-SXM4-80GB,
2026-03-24T16:01:55.437561,2HP_ideal__Orai1WT-MDSnap-Fr499_cleaned,Orai1WT-MDSnap-Fr499_cleaned,2HP_ideal,failed,No output from any sub-box,0,0.4,,5,7,1.0,,,,,,,,223,21026,1,32,8000,10,3,NVIDIA A100-SXM4-80GB,
2026-03-24T16:01:55.458248,2I4_ideal__Orai1WT-MDSnap-Fr499_cleaned,Orai1WT-MDSnap-Fr499_cleaned,2I4_ideal,failed,No output from any sub-box,0,0.4,,42,44,4.0,,,,,,,,223,21026,1,32,8000,10,3,NVIDIA A100-SXM4-80GB,
2026-03-24T16:01:55.479599,2MC_ideal__Orai1WT-MDSnap-Fr499_cleaned,Orai1WT-MDSnap-Fr499_cleaned,2MC_ideal,failed,No output from any sub-box,0,0.4,,53,63,14.0,,,,,,,,223,21026,1,32,8000,10,3,NVIDIA A100-SXM4-80GB,
2026-03-24T16:01:55.500352,2OH_ideal__Orai1WT-MDSnap-Fr499_cleaned,Orai1WT-MDSnap-Fr499_cleaned,2OH_ideal,failed,No output from any sub-box,0,0.4,,17,19,2.0,,,,,,,,223,21026,1,32,8000,10,3,NVIDIA A100-SXM4-80GB,
2026-03-24T16:01:55.530587,2RD_ideal__Orai1WT-MDSnap-Fr499_cleaned,Orai1WT-MDSnap-Fr499_cleaned,2RD_ideal,failed,No output from any sub-box,0,0.4,,21,23,7.0,,,,,,,,223,21026,1,32,8000,10,3,NVIDIA A100-SXM4-80GB,
2026-03-24T16:01:55.552274,2S8_ideal__Orai1WT-MDSnap-Fr499_cleaned,Orai1WT-MDSnap-Fr499_cleaned,2S8_ideal,failed,No output from any sub-box,0,0.4,,27,30,6.0,,,,,,,,223,21026,1,32,8000,10,3,NVIDIA A100-SXM4-80GB,
2026-03-24T16:01:55.572863,2TA_ideal__Orai1WT-MDSnap-Fr499_cleaned,Orai1WT-MDSnap-Fr499_cleaned,2TA_ideal,failed,No output from any sub-box,0,0.4,,37,40,5.0,,,,,,,,223,21026,1,32,8000,10,3,NVIDIA A100-SXM4-80GB,
2026-03-24T16:01:55.595025,2YB_ideal__Orai1WT-MDSnap-Fr499_cleaned,Orai1WT-MDSnap-Fr499_cleaned,2YB_ideal,failed,No output from any sub-box,0,0.4,,37,38,6.0,,,,,,,,223,21026,1,32,8000,10,3,NVIDIA A100-SXM4-80GB,
2026-03-24T16:01:55.630386,30B_ideal__Orai1WT-MDSnap-Fr499_cleaned,Orai1WT-MDSnap-Fr499_cleaned,30B_ideal,failed,No output from any sub-box,0,0.4,,54,56,8.0,,,,,,,,223,21026,1,32,8000,10,3,NVIDIA A100-SXM4-80GB,
2026-03-24T16:01:55.653413,328_ideal__Orai1WT-MDSnap-Fr499_cleaned,Orai1WT-MDSnap-Fr499_cleaned,328_ideal,failed,No output from any sub-box,0,0.4,,25,26,2.0,,,,,,,,223,21026,1,32,8000,10,3,NVIDIA A100-SXM4-80GB,
2026-03-24T16:01:55.678844,32U_ideal__Orai1WT-MDSnap-Fr499_cleaned,Orai1WT-MDSnap-Fr499_cleaned,32U_ideal,failed,No output from any sub-box,0,0.4,,29,36,4.0,,,,,,,,223,21026,1,32,8000,10,3,NVIDIA A100-SXM4-80GB,
2026-03-24T16:01:55.716121,347_ideal__Orai1WT-MDSnap-Fr499_cleaned,Orai1WT-MDSnap-Fr499_cleaned,347_ideal,failed,No output from any sub-box,0,0.4,,32,35,5.0,,,,,,,,223,21026,1,32,8000,10,3,NVIDIA A100-SXM4-80GB,
2026-03-24T16:01:55.739366,34W_ideal__Orai1WT-MDSnap-Fr499_cleaned,Orai1WT-MDSnap-Fr499_cleaned,34W_ideal,failed,No output from any sub-box,0,0.4,,34,37,4.0,,,,,,,,223,21026,1,32,8000,10,3,NVIDIA A100-SXM4-80GB,
2026-03-24T16:01:55.764474,36M_ideal__Orai1WT-MDSnap-Fr499_cleaned,Orai1WT-MDSnap-Fr499_cleaned,36M_ideal,failed,No output from any sub-box,0,0.4,,13,14,2.0,,,,,,,,223,21026,1,32,8000,10,3,NVIDIA A100-SXM4-80GB,
2026-03-24T16:01:55.780644,385_ideal__Orai1WT-MDSnap-Fr499_cleaned,Orai1WT-MDSnap-Fr499_cleaned,385_ideal,failed,No output from any sub-box,0,0.4,,48,50,8.0,,,,,,,,223,21026,1,32,8000,10,3,NVIDIA A100-SXM4-80GB,
2026-03-24T16:01:55.799927,38P_ideal__Orai1WT-MDSnap-Fr499_cleaned,Orai1WT-MDSnap-Fr499_cleaned,38P_ideal,failed,No output from any sub-box,0,0.4,,30,33,3.0,,,,,,,,223,21026,1,32,8000,10,3,NVIDIA A100-SXM4-80GB,
2026-03-24T16:01:55.834976,3B9_ideal__Orai1WT-MDSnap-Fr499_cleaned,Orai1WT-MDSnap-Fr499_cleaned,3B9_ideal,failed,No output from any sub-box,0,0.4,,32,37,4.0,,,,,,,,223,21026,1,32,8000,10,3,NVIDIA A100-SXM4-80GB,
2026-03-24T16:01:55.857265,3CB_ideal__Orai1WT-MDSnap-Fr499_cleaned,Orai1WT-MDSnap-Fr499_cleaned,3CB_ideal,failed,No output from any sub-box,0,0.4,,41,51,8.0,,,,,,,,223,21026,1,32,8000,10,3,NVIDIA A100-SXM4-80GB,
2026-03-24T16:01:55.899867,3FG_ideal__Orai1WT-MDSnap-Fr499_cleaned,Orai1WT-MDSnap-Fr499_cleaned,3FG_ideal,failed,No output from any sub-box,0,0.4,,13,18,3.0,,,,,,,,223,21026,1,32,8000,10,3,NVIDIA A100-SXM4-80GB,
2026-03-24T16:01:55.937426,3G3_ideal__Orai1WT-MDSnap-Fr499_cleaned,Orai1WT-MDSnap-Fr499_cleaned,3G3_ideal,failed,No output from any sub-box,0,0.4,,18,19,1.0,,,,,,,,223,21026,1,32,8000,10,3,NVIDIA A100-SXM4-80GB,
2026-03-24T16:01:55.960086,3H4_ideal__Orai1WT-MDSnap-Fr499_cleaned,Orai1WT-MDSnap-Fr499_cleaned,3H4_ideal,failed,No output from any sub-box,0,0.4,,41,45,8.0,,,,,,,,223,21026,1,32,8000,10,3,NVIDIA A100-SXM4-80GB,
2026-03-24T16:01:55.991330,3HC_ideal__Orai1WT-MDSnap-Fr499_cleaned,Orai1WT-MDSnap-Fr499_cleaned,3HC_ideal,failed,No output from any sub-box,0,0.4,,54,65,15.0,,,,,,,,223,21026,1,32,8000,10,3,NVIDIA A100-SXM4-80GB,
2026-03-24T16:01:56.017294,3HG_ideal__Orai1WT-MDSnap-Fr499_cleaned,Orai1WT-MDSnap-Fr499_cleaned,3HG_ideal,failed,No output from any sub-box,0,0.4,,10,13,3.0,,,,,,,,223,21026,1,32,8000,10,3,NVIDIA A100-SXM4-80GB,
2026-03-24T16:01:56.041176,3IM_ideal__Orai1WT-MDSnap-Fr499_cleaned,Orai1WT-MDSnap-Fr499_cleaned,3IM_ideal,failed,No output from any sub-box,0,0.4,,16,17,1.0,,,,,,,,223,21026,1,32,8000,10,3,NVIDIA A100-SXM4-80GB,
2026-03-24T16:01:56.064334,3IN_ideal__Orai1WT-MDSnap-Fr499_cleaned,Orai1WT-MDSnap-Fr499_cleaned,3IN_ideal,failed,No output from any sub-box,0,0.4,,51,55,7.0,,,,,,,,223,21026,1,32,8000,10,3,NVIDIA A100-SXM4-80GB,
2026-03-24T16:01:56.087273,3MI_ideal__Orai1WT-MDSnap-Fr499_cleaned,Orai1WT-MDSnap-Fr499_cleaned,3MI_ideal,failed,No output from any sub-box,0,0.4,,20,21,1.0,,,,,,,,223,21026,1,32,8000,10,3,NVIDIA A100-SXM4-80GB,
2026-03-24T16:01:56.133545,3N6_ideal__Orai1WT-MDSnap-Fr499_cleaned,Orai1WT-MDSnap-Fr499_cleaned,3N6_ideal,failed,No output from any sub-box,0,0.4,,54,60,7.0,,,,,,,,223,21026,1,32,8000,10,3,NVIDIA A100-SXM4-80GB,
2026-03-24T16:01:56.167926,3PC_ideal__Orai1WT-MDSnap-Fr499_cleaned,Orai1WT-MDSnap-Fr499_cleaned,3PC_ideal,failed,No output from any sub-box,0,0.4,,30,30,10.0,,,,,,,,223,21026,1,32,8000,10,3,NVIDIA A100-SXM4-80GB,
2026-03-24T16:01:56.190101,3PO_ideal__Orai1WT-MDSnap-Fr499_cleaned,Orai1WT-MDSnap-Fr499_cleaned,3PO_ideal,failed,No output from any sub-box,0,0.4,,13,18,4.0,,,,,,,,223,21026,1,32,8000,10,3,NVIDIA A100-SXM4-80GB,
2026-03-24T16:01:56.217199,3RL_ideal__Orai1WT-MDSnap-Fr499_cleaned,Orai1WT-MDSnap-Fr499_cleaned,3RL_ideal,failed,No output from any sub-box,0,0.4,,19,20,2.0,,,,,,,,223,21026,1,32,8000,10,3,NVIDIA A100-SXM4-80GB,
2026-03-24T16:01:56.241167,3SY_ideal__Orai1WT-MDSnap-Fr499_cleaned,Orai1WT-MDSnap-Fr499_cleaned,3SY_ideal,failed,No output from any sub-box,0,0.4,,9,13,4.0,,,,,,,,223,21026,1,32,8000,10,3,NVIDIA A100-SXM4-80GB,
2026-03-24T16:01:56.265175,3ZC_ideal__Orai1WT-MDSnap-Fr499_cleaned,Orai1WT-MDSnap-Fr499_cleaned,3ZC_ideal,failed,No output from any sub-box,0,0.4,,33,36,4.0,,,,,,,,223,21026,1,32,8000,10,3,NVIDIA A100-SXM4-80GB,
2026-03-24T16:01:56.291263,416_ideal__Orai1WT-MDSnap-Fr499_cleaned,Orai1WT-MDSnap-Fr499_cleaned,416_ideal,failed,No output from any sub-box,0,0.4,,22,23,2.0,,,,,,,,223,21026,1,32,8000,10,3,NVIDIA A100-SXM4-80GB,
2026-03-24T16:01:56.317411,41A_ideal__Orai1WT-MDSnap-Fr499_cleaned,Orai1WT-MDSnap-Fr499_cleaned,41A_ideal,failed,No output from any sub-box,0,0.4,,18,18,0.0,,,,,,,,223,21026,1,32,8000,10,3,NVIDIA A100-SXM4-80GB,
2026-03-24T16:01:56.340090,442_ideal__Orai1WT-MDSnap-Fr499_cleaned,Orai1WT-MDSnap-Fr499_cleaned,442_ideal,failed,No output from any sub-box,0,0.4,,31,36,6.0,,,,,,,,223,21026,1,32,8000,10,3,NVIDIA A100-SXM4-80GB,
2026-03-24T16:01:56.363785,44B_ideal__Orai1WT-MDSnap-Fr499_cleaned,Orai1WT-MDSnap-Fr499_cleaned,44B_ideal,failed,No output from any sub-box,0,0.4,,22,24,3.0,,,,,,,,223,21026,1,32,8000,10,3,NVIDIA A100-SXM4-80GB,
2026-03-24T16:01:56.386450,46U_ideal__Orai1WT-MDSnap-Fr499_cleaned,Orai1WT-MDSnap-Fr499_cleaned,46U_ideal,failed,No output from any sub-box,0,0.4,,28,32,4.0,,,,,,,,223,21026,1,32,8000,10,3,NVIDIA A100-SXM4-80GB,
2026-03-24T16:01:56.418085,4AZ_ideal__Orai1WT-MDSnap-Fr499_cleaned,Orai1WT-MDSnap-Fr499_cleaned,4AZ_ideal,failed,No output from any sub-box,0,0.4,,11,14,2.0,,,,,,,,223,21026,1,32,8000,10,3,NVIDIA A100-SXM4-80GB,
2026-03-24T16:01:56.444053,4BB_ideal__Orai1WT-MDSnap-Fr499_cleaned,Orai1WT-MDSnap-Fr499_cleaned,4BB_ideal,failed,No output from any sub-box,0,0.4,,25,28,3.0,,,,,,,,223,21026,1,32,8000,10,3,NVIDIA A100-SXM4-80GB,
2026-03-24T16:01:56.470169,4BR_ideal__Orai1WT-MDSnap-Fr499_cleaned,Orai1WT-MDSnap-Fr499_cleaned,4BR_ideal,failed,No output from any sub-box,0,0.4,,13,14,2.0,,,,,,,,223,21026,1,32,8000,10,3,NVIDIA A100-SXM4-80GB,
2026-03-24T16:01:56.492474,4CA_ideal__Orai1WT-MDSnap-Fr499_cleaned,Orai1WT-MDSnap-Fr499_cleaned,4CA_ideal,failed,No output from any sub-box,0,0.4,,56,67,14.0,,,,,,,,223,21026,1,32,8000,10,3,NVIDIA A100-SXM4-80GB,
2026-03-24T16:01:56.516764,4CB_ideal__Orai1WT-MDSnap-Fr499_cleaned,Orai1WT-MDSnap-Fr499_cleaned,4CB_ideal,failed,No output from any sub-box,0,0.4,,12,15,2.0,,,,,,,,223,21026,1,32,8000,10,3,NVIDIA A100-SXM4-80GB,
2026-03-24T16:01:56.541506,4CC_ideal__Orai1WT-MDSnap-Fr499_cleaned,Orai1WT-MDSnap-Fr499_cleaned,4CC_ideal,failed,No output from any sub-box,0,0.4,,35,40,5.0,,,,,,,,223,21026,1,32,8000,10,3,NVIDIA A100-SXM4-80GB,
2026-03-24T16:01:56.565283,4CH_ideal__Orai1WT-MDSnap-Fr499_cleaned,Orai1WT-MDSnap-Fr499_cleaned,4CH_ideal,failed,No output from any sub-box,0,0.4,,8,9,0.0,,,,,,,,223,21026,1,32,8000,10,3,NVIDIA A100-SXM4-80GB,
2026-03-24T16:01:56.589659,4CO_ideal__Orai1WT-MDSnap-Fr499_cleaned,Orai1WT-MDSnap-Fr499_cleaned,4CO_ideal,failed,No output from any sub-box,0,0.4,,58,69,15.0,,,,,,,,223,21026,1,32,8000,10,3,NVIDIA A100-SXM4-80GB,
2026-03-24T16:01:56.616833,4EA_ideal__Orai1WT-MDSnap-Fr499_cleaned,Orai1WT-MDSnap-Fr499_cleaned,4EA_ideal,failed,No output from any sub-box,0,0.4,,28,31,4.0,,,,,,,,223,21026,1,32,8000,10,3,NVIDIA A100-SXM4-80GB,
2026-03-24T16:01:56.640233,4FA_ideal__Orai1WT-MDSnap-Fr499_cleaned,Orai1WT-MDSnap-Fr499_cleaned,4FA_ideal,failed,No output from any sub-box,0,0.4,,10,11,1.0,,,,,,,,223,21026,1,32,8000,10,3,NVIDIA A100-SXM4-80GB,
2026-03-24T16:01:56.664141,4FC_ideal__Orai1WT-MDSnap-Fr499_cleaned,Orai1WT-MDSnap-Fr499_cleaned,4FC_ideal,failed,No output from any sub-box,0,0.4,,16,17,1.0,,,,,,,,223,21026,1,32,8000,10,3,NVIDIA A100-SXM4-80GB,
2026-03-24T16:01:56.686738,4FP_ideal__Orai1WT-MDSnap-Fr499_cleaned,Orai1WT-MDSnap-Fr499_cleaned,4FP_ideal,failed,No output from any sub-box,0,0.4,,14,15,1.0,,,,,,,,223,21026,1,32,8000,10,3,NVIDIA A100-SXM4-80GB,
2026-03-24T16:01:56.716165,4HD_ideal__Orai1WT-MDSnap-Fr499_cleaned,Orai1WT-MDSnap-Fr499_cleaned,4HD_ideal,failed,No output from any sub-box,0,0.4,,25,27,8.0,,,,,,,,223,21026,1,32,8000,10,3,NVIDIA A100-SXM4-80GB,
2026-03-24T16:01:56.740638,4IF_ideal__Orai1WT-MDSnap-Fr499_cleaned,Orai1WT-MDSnap-Fr499_cleaned,4IF_ideal,failed,No output from any sub-box,0,0.4,,20,21,8.0,,,,,,,,223,21026,1,32,8000,10,3,NVIDIA A100-SXM4-80GB,
2026-03-24T16:01:56.767369,4J8_ideal__Orai1WT-MDSnap-Fr499_cleaned,Orai1WT-MDSnap-Fr499_cleaned,4J8_ideal,failed,No output from any sub-box,0,0.4,,11,13,1.0,,,,,,,,223,21026,1,32,8000,10,3,NVIDIA A100-SXM4-80GB,
2026-03-24T16:01:56.793690,4KS_ideal__Orai1WT-MDSnap-Fr499_cleaned,Orai1WT-MDSnap-Fr499_cleaned,4KS_ideal,failed,No output from any sub-box,0,0.4,,9,10,1.0,,,,,,,,223,21026,1,32,8000,10,3,NVIDIA A100-SXM4-80GB,
2026-03-24T16:01:56.818808,4MB_ideal__Orai1WT-MDSnap-Fr499_cleaned,Orai1WT-MDSnap-Fr499_cleaned,4MB_ideal,failed,No output from any sub-box,0,0.4,,14,16,2.0,,,,,,,,223,21026,1,32,8000,10,3,NVIDIA A100-SXM4-80GB,
2026-03-24T16:01:56.916946,4ND_ideal__Orai1WT-MDSnap-Fr499_cleaned,Orai1WT-MDSnap-Fr499_cleaned,4ND_ideal,failed,No output from any sub-box,0,0.4,,20,25,1.0,,,,,,,,223,21026,1,32,8000,10,3,NVIDIA A100-SXM4-80GB,
2026-03-24T16:01:56.940620,4NL_ideal__Orai1WT-MDSnap-Fr499_cleaned,Orai1WT-MDSnap-Fr499_cleaned,4NL_ideal,failed,No output from any sub-box,0,0.4,,8,11,1.0,,,,,,,,223,21026,1,32,8000,10,3,NVIDIA A100-SXM4-80GB,
2026-03-24T16:01:56.964204,4NP_ideal__Orai1WT-MDSnap-Fr499_cleaned,Orai1WT-MDSnap-Fr499_cleaned,4NP_ideal,failed,No output from any sub-box,0,0.4,,14,16,2.0,,,,,,,,223,21026,1,32,8000,10,3,NVIDIA A100-SXM4-80GB,
2026-03-24T16:01:56.986473,4PG_ideal__Orai1WT-MDSnap-Fr499_cleaned,Orai1WT-MDSnap-Fr499_cleaned,4PG_ideal,failed,No output from any sub-box,0,0.4,,19,23,2.0,,,,,,,,223,21026,1,32,8000,10,3,NVIDIA A100-SXM4-80GB,
2026-03-24T16:01:57.017335,4PI_ideal__Orai1WT-MDSnap-Fr499_cleaned,Orai1WT-MDSnap-Fr499_cleaned,4PI_ideal,failed,No output from any sub-box,0,0.4,,22,22,1.0,,,,,,,,223,21026,1,32,8000,10,3,NVIDIA A100-SXM4-80GB,
2026-03-24T16:01:57.040507,4PN_ideal__Orai1WT-MDSnap-Fr499_cleaned,Orai1WT-MDSnap-Fr499_cleaned,4PN_ideal,failed,No output from any sub-box,0,0.4,,12,13,0.0,,,,,,,,223,21026,1,32,8000,10,3,NVIDIA A100-SXM4-80GB,
2026-03-24T16:01:57.063485,4SO_ideal__Orai1WT-MDSnap-Fr499_cleaned,Orai1WT-MDSnap-Fr499_cleaned,4SO_ideal,failed,No output from any sub-box,0,0.4,,13,16,2.0,,,,,,,,223,21026,1,32,8000,10,3,NVIDIA A100-SXM4-80GB,
2026-03-24T16:01:57.088343,4UH_ideal__Orai1WT-MDSnap-Fr499_cleaned,Orai1WT-MDSnap-Fr499_cleaned,4UH_ideal,failed,No output from any sub-box,0,0.4,,65,78,7.0,,,,,,,,223,21026,1,32,8000,10,3,NVIDIA A100-SXM4-80GB,
2026-03-24T16:01:57.117431,505_ideal__Orai1WT-MDSnap-Fr499_cleaned,Orai1WT-MDSnap-Fr499_cleaned,505_ideal,failed,No output from any sub-box,0,0.4,,13,15,2.0,,,,,,,,223,21026,1,32,8000,10,3,NVIDIA A100-SXM4-80GB,
2026-03-24T16:01:57.140069,50U_ideal__Orai1WT-MDSnap-Fr499_cleaned,Orai1WT-MDSnap-Fr499_cleaned,50U_ideal,failed,No output from any sub-box,0,0.4,,28,32,4.0,,,,,,,,223,21026,1,32,8000,10,3,NVIDIA A100-SXM4-80GB,
2026-03-24T16:01:57.162331,521_ideal__Orai1WT-MDSnap-Fr499_cleaned,Orai1WT-MDSnap-Fr499_cleaned,521_ideal,failed,No output from any sub-box,0,0.4,,20,21,1.0,,,,,,,,223,21026,1,32,8000,10,3,NVIDIA A100-SXM4-80GB,
2026-03-24T16:01:57.185524,54J_ideal__Orai1WT-MDSnap-Fr499_cleaned,Orai1WT-MDSnap-Fr499_cleaned,54J_ideal,failed,No output from any sub-box,0,0.4,,40,41,4.0,,,,,,,,223,21026,1,32,8000,10,3,NVIDIA A100-SXM4-80GB,
2026-03-24T16:01:57.221216,566_ideal__Orai1WT-MDSnap-Fr499_cleaned,Orai1WT-MDSnap-Fr499_cleaned,566_ideal,failed,No output from any sub-box,0,0.4,,21,22,1.0,,,,,,,,223,21026,1,32,8000,10,3,NVIDIA A100-SXM4-80GB,
2026-03-24T16:01:57.245425,570_ideal__Orai1WT-MDSnap-Fr499_cleaned,Orai1WT-MDSnap-Fr499_cleaned,570_ideal,failed,No output from any sub-box,0,0.4,,41,43,6.0,,,,,,,,223,21026,1,32,8000,10,3,NVIDIA A100-SXM4-80GB,
2026-03-24T16:01:57.268761,572_ideal__Orai1WT-MDSnap-Fr499_cleaned,Orai1WT-MDSnap-Fr499_cleaned,572_ideal,failed,No output from any sub-box,0,0.4,,20,21,2.0,,,,,,,,223,21026,1,32,8000,10,3,NVIDIA A100-SXM4-80GB,
2026-03-24T16:01:57.291748,587_ideal__Orai1WT-MDSnap-Fr499_cleaned,Orai1WT-MDSnap-Fr499_cleaned,587_ideal,failed,No output from any sub-box,0,0.4,,69,72,13.0,,,,,,,,223,21026,1,32,8000,10,3,NVIDIA A100-SXM4-80GB,
2026-03-24T16:01:57.364336,59U_ideal__Orai1WT-MDSnap-Fr499_cleaned,Orai1WT-MDSnap-Fr499_cleaned,59U_ideal,failed,No output from any sub-box,0,0.4,,37,38,3.0,,,,,,,,223,21026,1,32,8000,10,3,NVIDIA A100-SXM4-80GB,
2026-03-24T16:01:57.387445,5AN_ideal__Orai1WT-MDSnap-Fr499_cleaned,Orai1WT-MDSnap-Fr499_cleaned,5AN_ideal,failed,No output from any sub-box,0,0.4,,9,11,0.0,,,,,,,,223,21026,1,32,8000,10,3,NVIDIA A100-SXM4-80GB,
2026-03-24T16:01:57.418963,5B3_ideal__Orai1WT-MDSnap-Fr499_cleaned,Orai1WT-MDSnap-Fr499_cleaned,5B3_ideal,failed,No output from any sub-box,0,0.4,,24,28,2.0,,,,,,,,223,21026,1,32,8000,10,3,NVIDIA A100-SXM4-80GB,
2026-03-24T16:01:57.444699,5CB_ideal__Orai1WT-MDSnap-Fr499_cleaned,Orai1WT-MDSnap-Fr499_cleaned,5CB_ideal,failed,No output from any sub-box,0,0.4,,32,35,4.0,,,,,,,,223,21026,1,32,8000,10,3,NVIDIA A100-SXM4-80GB,
2026-03-24T16:01:57.469677,5D5_ideal__Orai1WT-MDSnap-Fr499_cleaned,Orai1WT-MDSnap-Fr499_cleaned,5D5_ideal,failed,No output from any sub-box,0,0.4,,34,38,5.0,,,,,,,,223,21026,1,32,8000,10,3,NVIDIA A100-SXM4-80GB,
2026-03-24T16:01:57.494011,5FA_ideal__Orai1WT-MDSnap-Fr499_cleaned,Orai1WT-MDSnap-Fr499_cleaned,5FA_ideal,failed,No output from any sub-box,0,0.4,,39,49,10.0,,,,,,,,223,21026,1,32,8000,10,3,NVIDIA A100-SXM4-80GB,
2026-03-24T16:01:57.518008,5MV_ideal__Orai1WT-MDSnap-Fr499_cleaned,Orai1WT-MDSnap-Fr499_cleaned,5MV_ideal,failed,No output from any sub-box,0,0.4,,41,43,5.0,,,,,,,,223,21026,1,32,8000,10,3,NVIDIA A100-SXM4-80GB,
2026-03-24T16:01:57.541615,5PI_ideal__Orai1WT-MDSnap-Fr499_cleaned,Orai1WT-MDSnap-Fr499_cleaned,5PI_ideal,failed,No output from any sub-box,0,0.4,,43,52,8.0,,,,,,,,223,21026,1,32,8000,10,3,NVIDIA A100-SXM4-80GB,
2026-03-24T16:01:57.565903,5X6_ideal__Orai1WT-MDSnap-Fr499_cleaned,Orai1WT-MDSnap-Fr499_cleaned,5X6_ideal,failed,No output from any sub-box,0,0.4,,42,44,6.0,,,,,,,,223,21026,1,32,8000,10,3,NVIDIA A100-SXM4-80GB,
2026-03-24T16:01:57.590095,5YM_ideal__Orai1WT-MDSnap-Fr499_cleaned,Orai1WT-MDSnap-Fr499_cleaned,5YM_ideal,failed,No output from any sub-box,0,0.4,,23,25,9.0,,,,,,,,223,21026,1,32,8000,10,3,NVIDIA A100-SXM4-80GB,
2026-03-24T16:01:57.635783,626_ideal__Orai1WT-MDSnap-Fr499_cleaned,Orai1WT-MDSnap-Fr499_cleaned,626_ideal,failed,No output from any sub-box,0,0.4,,32,34,3.0,,,,,,,,223,21026,1,32,8000,10,3,NVIDIA A100-SXM4-80GB,
2026-03-24T16:01:57.658876,63J_ideal__Orai1WT-MDSnap-Fr499_cleaned,Orai1WT-MDSnap-Fr499_cleaned,63J_ideal,failed,No output from any sub-box,0,0.4,,40,42,6.0,,,,,,,,223,21026,1,32,8000,10,3,NVIDIA A100-SXM4-80GB,
2026-03-24T16:01:57.681207,63K_ideal__Orai1WT-MDSnap-Fr499_cleaned,Orai1WT-MDSnap-Fr499_cleaned,63K_ideal,failed,No output from any sub-box,0,0.4,,38,40,3.0,,,,,,,,223,21026,1,32,8000,10,3,NVIDIA A100-SXM4-80GB,
2026-03-24T16:01:57.716667,641_ideal__Orai1WT-MDSnap-Fr499_cleaned,Orai1WT-MDSnap-Fr499_cleaned,641_ideal,failed,No output from any sub-box,0,0.4,,23,24,1.0,,,,,,,,223,21026,1,32,8000,10,3,NVIDIA A100-SXM4-80GB,
2026-03-24T16:01:57.740545,65C_ideal__Orai1WT-MDSnap-Fr499_cleaned,Orai1WT-MDSnap-Fr499_cleaned,65C_ideal,failed,No output from any sub-box,0,0.4,,32,35,3.0,,,,,,,,223,21026,1,32,8000,10,3,NVIDIA A100-SXM4-80GB,
2026-03-24T16:01:57.764165,66T_ideal__Orai1WT-MDSnap-Fr499_cleaned,Orai1WT-MDSnap-Fr499_cleaned,66T_ideal,failed,No output from any sub-box,0,0.4,,34,37,4.0,,,,,,,,223,21026,1,32,8000,10,3,NVIDIA A100-SXM4-80GB,
2026-03-24T16:01:57.793467,6BD_ideal__Orai1WT-MDSnap-Fr499_cleaned,Orai1WT-MDSnap-Fr499_cleaned,6BD_ideal,failed,No output from any sub-box,0,0.4,,21,22,2.0,,,,,,,,223,21026,1,32,8000,10,3,NVIDIA A100-SXM4-80GB,
2026-03-24T16:01:57.816125,6E2_ideal__Orai1WT-MDSnap-Fr499_cleaned,Orai1WT-MDSnap-Fr499_cleaned,6E2_ideal,failed,No output from any sub-box,0,0.4,,35,38,4.0,,,,,,,,223,21026,1,32,8000,10,3,NVIDIA A100-SXM4-80GB,
2026-03-24T16:01:57.847468,6EJ_ideal__Orai1WT-MDSnap-Fr499_cleaned,Orai1WT-MDSnap-Fr499_cleaned,6EJ_ideal,failed,No output from any sub-box,0,0.4,,33,34,2.0,,,,,,,,223,21026,1,32,8000,10,3,NVIDIA A100-SXM4-80GB,
2026-03-24T16:01:57.873777,6F6_ideal__Orai1WT-MDSnap-Fr499_cleaned,Orai1WT-MDSnap-Fr499_cleaned,6F6_ideal,failed,No output from any sub-box,0,0.4,,54,55,22.0,,,,,,,,223,21026,1,32,8000,10,3,NVIDIA A100-SXM4-80GB,
2026-03-24T16:01:57.895220,6FA_ideal__Orai1WT-MDSnap-Fr499_cleaned,Orai1WT-MDSnap-Fr499_cleaned,6FA_ideal,failed,No output from any sub-box,0,0.4,,54,65,11.0,,,,,,,,223,21026,1,32,8000,10,3,NVIDIA A100-SXM4-80GB,
2026-03-24T16:01:57.932611,6GY_ideal__Orai1WT-MDSnap-Fr499_cleaned,Orai1WT-MDSnap-Fr499_cleaned,6GY_ideal,failed,No output from any sub-box,0,0.4,,40,42,4.0,,,,,,,,223,21026,1,32,8000,10,3,NVIDIA A100-SXM4-80GB,
2026-03-24T16:01:57.960924,6K9_ideal__Orai1WT-MDSnap-Fr499_cleaned,Orai1WT-MDSnap-Fr499_cleaned,6K9_ideal,failed,No output from any sub-box,0,0.4,,54,57,8.0,,,,,,,,223,21026,1,32,8000,10,3,NVIDIA A100-SXM4-80GB,
2026-03-24T16:01:57.983794,6LH_ideal__Orai1WT-MDSnap-Fr499_cleaned,Orai1WT-MDSnap-Fr499_cleaned,6LH_ideal,failed,No output from any sub-box,0,0.4,,12,16,2.0,,,,,,,,223,21026,1,32,8000,10,3,NVIDIA A100-SXM4-80GB,
2026-03-24T16:01:58.018089,6LR_ideal__Orai1WT-MDSnap-Fr499_cleaned,Orai1WT-MDSnap-Fr499_cleaned,6LR_ideal,failed,No output from any sub-box,0,0.4,,6,7,,,,,,,,,223,21026,1,32,8000,10,3,NVIDIA A100-SXM4-80GB,
2026-03-24T16:01:58.390038,6SA_ideal__Orai1WT-MDSnap-Fr499_cleaned,Orai1WT-MDSnap-Fr499_cleaned,6SA_ideal,failed,No output from any sub-box,0,0.4,,66,86,17.0,,,,,,,,223,21026,1,32,8000,10,3,NVIDIA A100-SXM4-80GB,
2026-03-24T16:01:58.418995,6WT_ideal__Orai1WT-MDSnap-Fr499_cleaned,Orai1WT-MDSnap-Fr499_cleaned,6WT_ideal,failed,No output from any sub-box,0,0.4,,19,19,1.0,,,,,,,,223,21026,1,32,8000,10,3,NVIDIA A100-SXM4-80GB,
2026-03-24T16:01:58.446280,6ZV_ideal__Orai1WT-MDSnap-Fr499_cleaned,Orai1WT-MDSnap-Fr499_cleaned,6ZV_ideal,failed,No output from any sub-box,0,0.4,,37,38,3.0,,,,,,,,223,21026,1,32,8000,10,3,NVIDIA A100-SXM4-80GB,
2026-03-24T16:01:58.471671,710_ideal__Orai1WT-MDSnap-Fr499_cleaned,Orai1WT-MDSnap-Fr499_cleaned,710_ideal,failed,No output from any sub-box,0,0.4,,32,36,3.0,,,,,,,,223,21026,1,32,8000,10,3,NVIDIA A100-SXM4-80GB,
2026-03-24T16:01:58.498557,711_ideal__Orai1WT-MDSnap-Fr499_cleaned,Orai1WT-MDSnap-Fr499_cleaned,711_ideal,failed,No output from any sub-box,0,0.4,,34,39,2.0,,,,,,,,223,21026,1,32,8000,10,3,NVIDIA A100-SXM4-80GB,
2026-03-24T16:01:58.535785,740_ideal__Orai1WT-MDSnap-Fr499_cleaned,Orai1WT-MDSnap-Fr499_cleaned,740_ideal,failed,No output from any sub-box,0,0.4,,32,34,2.0,,,,,,,,223,21026,1,32,8000,10,3,NVIDIA A100-SXM4-80GB,
2026-03-24T16:01:58.562496,742_ideal__Orai1WT-MDSnap-Fr499_cleaned,Orai1WT-MDSnap-Fr499_cleaned,742_ideal,failed,No output from any sub-box,0,0.4,,25,29,9.0,,,,,,,,223,21026,1,32,8000,10,3,NVIDIA A100-SXM4-80GB,
2026-03-24T16:01:58.586003,74T_ideal__Orai1WT-MDSnap-Fr499_cleaned,Orai1WT-MDSnap-Fr499_cleaned,74T_ideal,failed,No output from any sub-box,0,0.4,,52,55,8.0,,,,,,,,223,21026,1,32,8000,10,3,NVIDIA A100-SXM4-80GB,
2026-03-24T16:01:58.618391,787_ideal__Orai1WT-MDSnap-Fr499_cleaned,Orai1WT-MDSnap-Fr499_cleaned,787_ideal,failed,No output from any sub-box,0,0.4,,15,19,3.0,,,,,,,,223,21026,1,32,8000,10,3,NVIDIA A100-SXM4-80GB,
2026-03-24T16:01:58.640670,791_ideal__Orai1WT-MDSnap-Fr499_cleaned,Orai1WT-MDSnap-Fr499_cleaned,791_ideal,failed,No output from any sub-box,0,0.4,,13,15,2.0,,,,,,,,223,21026,1,32,8000,10,3,NVIDIA A100-SXM4-80GB,
2026-03-24T16:01:58.663709,7AK_ideal__Orai1WT-MDSnap-Fr499_cleaned,Orai1WT-MDSnap-Fr499_cleaned,7AK_ideal,failed,No output from any sub-box,0,0.4,,42,48,10.0,,,,,,,,223,21026,1,32,8000,10,3,NVIDIA A100-SXM4-80GB,
2026-03-24T16:01:58.686494,7BD_ideal__Orai1WT-MDSnap-Fr499_cleaned,Orai1WT-MDSnap-Fr499_cleaned,7BD_ideal,failed,No output from any sub-box,0,0.4,,20,21,2.0,,,,,,,,223,21026,1,32,8000,10,3,NVIDIA A100-SXM4-80GB,
2026-03-24T16:01:58.717585,7I4_ideal__Orai1WT-MDSnap-Fr499_cleaned,Orai1WT-MDSnap-Fr499_cleaned,7I4_ideal,failed,No output from any sub-box,0,0.4,,30,31,4.0,,,,,,,,223,21026,1,32,8000,10,3,NVIDIA A100-SXM4-80GB,
2026-03-24T16:01:58.740689,7IX_ideal__Orai1WT-MDSnap-Fr499_cleaned,Orai1WT-MDSnap-Fr499_cleaned,7IX_ideal,failed,No output from any sub-box,0,0.4,,40,42,5.0,,,,,,,,223,21026,1,32,8000,10,3,NVIDIA A100-SXM4-80GB,
2026-03-24T16:01:58.762495,7N8_ideal__Orai1WT-MDSnap-Fr499_cleaned,Orai1WT-MDSnap-Fr499_cleaned,7N8_ideal,failed,No output from any sub-box,0,0.4,,15,20,4.0,,,,,,,,223,21026,1,32,8000,10,3,NVIDIA A100-SXM4-80GB,
2026-03-24T16:01:58.784685,7RU_ideal__Orai1WT-MDSnap-Fr499_cleaned,Orai1WT-MDSnap-Fr499_cleaned,7RU_ideal,failed,No output from any sub-box,0,0.4,,28,29,2.0,,,,,,,,223,21026,1,32,8000,10,3,NVIDIA A100-SXM4-80GB,
2026-03-24T16:01:58.816465,7T1_ideal__Orai1WT-MDSnap-Fr499_cleaned,Orai1WT-MDSnap-Fr499_cleaned,7T1_ideal,failed,No output from any sub-box,0,0.4,,30,31,4.0,,,,,,,,223,21026,1,32,8000,10,3,NVIDIA A100-SXM4-80GB,
2026-03-24T16:01:58.841201,7TB_ideal__Orai1WT-MDSnap-Fr499_cleaned,Orai1WT-MDSnap-Fr499_cleaned,7TB_ideal,failed,No output from any sub-box,0,0.4,,35,36,8.0,,,,,,,,223,21026,1,32,8000,10,3,NVIDIA A100-SXM4-80GB,
2026-03-24T16:01:58.865907,7TI_ideal__Orai1WT-MDSnap-Fr499_cleaned,Orai1WT-MDSnap-Fr499_cleaned,7TI_ideal,failed,No output from any sub-box,0,0.4,,20,26,3.0,,,,,,,,223,21026,1,32,8000,10,3,NVIDIA A100-SXM4-80GB,
2026-03-24T16:01:58.889373,7X1_ideal__Orai1WT-MDSnap-Fr499_cleaned,Orai1WT-MDSnap-Fr499_cleaned,7X1_ideal,failed,No output from any sub-box,0,0.4,,33,34,4.0,,,,,,,,223,21026,1,32,8000,10,3,NVIDIA A100-SXM4-80GB,
2026-03-24T16:01:58.916508,7Y5_ideal__Orai1WT-MDSnap-Fr499_cleaned,Orai1WT-MDSnap-Fr499_cleaned,7Y5_ideal,failed,No output from any sub-box,0,0.4,,43,46,7.0,,,,,,,,223,21026,1,32,8000,10,3,NVIDIA A100-SXM4-80GB,
2026-03-24T16:01:58.940333,80G_ideal__Orai1WT-MDSnap-Fr499_cleaned,Orai1WT-MDSnap-Fr499_cleaned,80G_ideal,failed,No output from any sub-box,0,0.4,,13,15,1.0,,,,,,,,223,21026,1,32,8000,10,3,NVIDIA A100-SXM4-80GB,
2026-03-24T16:01:58.963767,80I_ideal__Orai1WT-MDSnap-Fr499_cleaned,Orai1WT-MDSnap-Fr499_cleaned,80I_ideal,failed,No output from any sub-box,0,0.4,,38,44,7.0,,,,,,,,223,21026,1,32,8000,10,3,NVIDIA A100-SXM4-80GB,
2026-03-24T16:01:58.986151,88Z_ideal__Orai1WT-MDSnap-Fr499_cleaned,Orai1WT-MDSnap-Fr499_cleaned,88Z_ideal,failed,No output from any sub-box,0,0.4,,46,48,6.0,,,,,,,,223,21026,1,32,8000,10,3,NVIDIA A100-SXM4-80GB,
2026-03-24T16:01:59.055466,8DZ_ideal__Orai1WT-MDSnap-Fr499_cleaned,Orai1WT-MDSnap-Fr499_cleaned,8DZ_ideal,failed,No output from any sub-box,0,0.4,,45,45,12.0,,,,,,,,223,21026,1,32,8000,10,3,NVIDIA A100-SXM4-80GB,
2026-03-24T16:01:59.081285,8I2_ideal__Orai1WT-MDSnap-Fr499_cleaned,Orai1WT-MDSnap-Fr499_cleaned,8I2_ideal,failed,No output from any sub-box,0,0.4,,82,82,18.0,,,,,,,,223,21026,1,32,8000,10,3,NVIDIA A100-SXM4-80GB,
2026-03-24T16:01:59.116472,8JC_ideal__Orai1WT-MDSnap-Fr499_cleaned,Orai1WT-MDSnap-Fr499_cleaned,8JC_ideal,failed,No output from any sub-box,0,0.4,,40,43,4.0,,,,,,,,223,21026,1,32,8000,10,3,NVIDIA A100-SXM4-80GB,
2026-03-24T16:01:59.140436,8PP_ideal__Orai1WT-MDSnap-Fr499_cleaned,Orai1WT-MDSnap-Fr499_cleaned,8PP_ideal,failed,No output from any sub-box,0,0.4,,47,48,12.0,,,,,,,,223,21026,1,32,8000,10,3,NVIDIA A100-SXM4-80GB,
2026-03-24T16:01:59.165178,8QW_ideal__Orai1WT-MDSnap-Fr499_cleaned,Orai1WT-MDSnap-Fr499_cleaned,8QW_ideal,failed,No output from any sub-box,0,0.4,,40,42,4.0,,,,,,,,223,21026,1,32,8000,10,3,NVIDIA A100-SXM4-80GB,
2026-03-24T16:01:59.189849,8RC_ideal__Orai1WT-MDSnap-Fr499_cleaned,Orai1WT-MDSnap-Fr499_cleaned,8RC_ideal,failed,No output from any sub-box,0,0.4,,41,44,5.0,,,,,,,,223,21026,1,32,8000,10,3,NVIDIA A100-SXM4-80GB,
2026-03-24T16:01:59.218491,8VP_ideal__Orai1WT-MDSnap-Fr499_cleaned,Orai1WT-MDSnap-Fr499_cleaned,8VP_ideal,failed,No output from any sub-box,0,0.4,,32,32,3.0,,,,,,,,223,21026,1,32,8000,10,3,NVIDIA A100-SXM4-80GB,
2026-03-24T16:01:59.242335,8X7_ideal__Orai1WT-MDSnap-Fr499_cleaned,Orai1WT-MDSnap-Fr499_cleaned,8X7_ideal,failed,No output from any sub-box,0,0.4,,37,39,4.0,,,,,,,,223,21026,1,32,8000,10,3,NVIDIA A100-SXM4-80GB,
2026-03-24T16:01:59.265726,8XJ_ideal__Orai1WT-MDSnap-Fr499_cleaned,Orai1WT-MDSnap-Fr499_cleaned,8XJ_ideal,failed,No output from any sub-box,0,0.4,,40,42,3.0,,,,,,,,223,21026,1,32,8000,10,3,NVIDIA A100-SXM4-80GB,
2026-03-24T16:01:59.293506,911_ideal__Orai1WT-MDSnap-Fr499_cleaned,Orai1WT-MDSnap-Fr499_cleaned,911_ideal,failed,No output from any sub-box,0,0.4,,11,16,3.0,,,,,,,,223,21026,1,32,8000,10,3,NVIDIA A100-SXM4-80GB,
2026-03-24T16:01:59.333666,919_ideal__Orai1WT-MDSnap-Fr499_cleaned,Orai1WT-MDSnap-Fr499_cleaned,919_ideal,failed,No output from any sub-box,0,0.4,,41,44,3.0,,,,,,,,223,21026,1,32,8000,10,3,NVIDIA A100-SXM4-80GB,
2026-03-24T16:01:59.358844,92G_ideal__Orai1WT-MDSnap-Fr499_cleaned,Orai1WT-MDSnap-Fr499_cleaned,92G_ideal,failed,No output from any sub-box,0,0.4,,13,16,1.0,,,,,,,,223,21026,1,32,8000,10,3,NVIDIA A100-SXM4-80GB,
2026-03-24T16:01:59.381594,949_ideal__Orai1WT-MDSnap-Fr499_cleaned,Orai1WT-MDSnap-Fr499_cleaned,949_ideal,failed,No output from any sub-box,0,0.4,,25,27,2.0,,,,,,,,223,21026,1,32,8000,10,3,NVIDIA A100-SXM4-80GB,
2026-03-24T16:01:59.416284,964_ideal__Orai1WT-MDSnap-Fr499_cleaned,Orai1WT-MDSnap-Fr499_cleaned,964_ideal,failed,No output from any sub-box,0,0.4,,31,35,6.0,,,,,,,,223,21026,1,32,8000,10,3,NVIDIA A100-SXM4-80GB,
2026-03-24T16:01:59.440961,96Q_ideal__Orai1WT-MDSnap-Fr499_cleaned,Orai1WT-MDSnap-Fr499_cleaned,96Q_ideal,failed,No output from any sub-box,0,0.4,,45,48,4.0,,,,,,,,223,21026,1,32,8000,10,3,NVIDIA A100-SXM4-80GB,
2026-03-24T16:01:59.467557,98I_ideal__Orai1WT-MDSnap-Fr499_cleaned,Orai1WT-MDSnap-Fr499_cleaned,98I_ideal,failed,No output from any sub-box,0,0.4,,64,68,7.0,,,,,,,,223,21026,1,32,8000,10,3,NVIDIA A100-SXM4-80GB,
2026-03-24T16:01:59.491085,9AJ_ideal__Orai1WT-MDSnap-Fr499_cleaned,Orai1WT-MDSnap-Fr499_cleaned,9AJ_ideal,failed,No output from any sub-box,0,0.4,,49,51,4.0,,,,,,,,223,21026,1,32,8000,10,3,NVIDIA A100-SXM4-80GB,
2026-03-24T16:01:59.516550,9B0_ideal__Orai1WT-MDSnap-Fr499_cleaned,Orai1WT-MDSnap-Fr499_cleaned,9B0_ideal,failed,No output from any sub-box,0,0.4,,55,59,15.0,,,,,,,,223,21026,1,32,8000,10,3,NVIDIA A100-SXM4-80GB,
2026-03-24T16:01:59.541769,9CA_ideal__Orai1WT-MDSnap-Fr499_cleaned,Orai1WT-MDSnap-Fr499_cleaned,9CA_ideal,failed,No output from any sub-box,0,0.4,,13,14,,,,,,,,,223,21026,1,32,8000,10,3,NVIDIA A100-SXM4-80GB,
2026-03-24T16:01:59.563189,9HO_ideal__Orai1WT-MDSnap-Fr499_cleaned,Orai1WT-MDSnap-Fr499_cleaned,9HO_ideal,failed,No output from any sub-box,0,0.4,,21,23,8.0,,,,,,,,223,21026,1,32,8000,10,3,NVIDIA A100-SXM4-80GB,
2026-03-24T16:01:59.586695,9IN_ideal__Orai1WT-MDSnap-Fr499_cleaned,Orai1WT-MDSnap-Fr499_cleaned,9IN_ideal,failed,No output from any sub-box,0,0.4,,45,50,9.0,,,,,,,,223,21026,1,32,8000,10,3,NVIDIA A100-SXM4-80GB,
2026-03-24T16:01:59.615912,9N6_ideal__Orai1WT-MDSnap-Fr499_cleaned,Orai1WT-MDSnap-Fr499_cleaned,9N6_ideal,failed,No output from any sub-box,0,0.4,,43,43,8.0,,,,,,,,223,21026,1,32,8000,10,3,NVIDIA A100-SXM4-80GB,
2026-03-24T16:01:59.639994,9SC_ideal__Orai1WT-MDSnap-Fr499_cleaned,Orai1WT-MDSnap-Fr499_cleaned,9SC_ideal,failed,No output from any sub-box,0,0.4,,30,31,3.0,,,,,,,,223,21026,1,32,8000,10,3,NVIDIA A100-SXM4-80GB,
2026-03-24T16:01:59.661510,9TP_ideal__Orai1WT-MDSnap-Fr499_cleaned,Orai1WT-MDSnap-Fr499_cleaned,9TP_ideal,failed,No output from any sub-box,0,0.4,,46,49,4.0,,,,,,,,223,21026,1,32,8000,10,3,NVIDIA A100-SXM4-80GB,
2026-03-24T16:01:59.678440,9Y6_ideal__Orai1WT-MDSnap-Fr499_cleaned,Orai1WT-MDSnap-Fr499_cleaned,9Y6_ideal,failed,No output from any sub-box,0,0.4,,10,10,1.0,,,,,,,,223,21026,1,32,8000,10,3,NVIDIA A100-SXM4-80GB,
2026-03-24T16:01:59.694632,A00_ideal__Orai1WT-MDSnap-Fr499_cleaned,Orai1WT-MDSnap-Fr499_cleaned,A00_ideal,failed,No output from any sub-box,0,0.4,,44,49,9.0,,,,,,,,223,21026,1,32,8000,10,3,NVIDIA A100-SXM4-80GB,
2026-03-24T16:01:59.715666,A1AAC_ideal__Orai1WT-MDSnap-Fr499_cleaned,Orai1WT-MDSnap-Fr499_cleaned,A1AAC_ideal,failed,No output from any sub-box,0,0.4,,36,38,2.0,,,,,,,,223,21026,1,32,8000,10,3,NVIDIA A100-SXM4-80GB,
2026-03-24T16:01:59.731434,A1AF4_ideal__Orai1WT-MDSnap-Fr499_cleaned,Orai1WT-MDSnap-Fr499_cleaned,A1AF4_ideal,failed,No output from any sub-box,0,0.4,,39,41,3.0,,,,,,,,223,21026,1,32,8000,10,3,NVIDIA A100-SXM4-80GB,
2026-03-24T16:01:59.747832,A1AIA_ideal__Orai1WT-MDSnap-Fr499_cleaned,Orai1WT-MDSnap-Fr499_cleaned,A1AIA_ideal,failed,No output from any sub-box,0,0.4,,16,18,1.0,,,,,,,,223,21026,1,32,8000,10,3,NVIDIA A100-SXM4-80GB,
2026-03-24T16:01:59.799189,A1AIK_ideal__Orai1WT-MDSnap-Fr499_cleaned,Orai1WT-MDSnap-Fr499_cleaned,A1AIK_ideal,failed,No output from any sub-box,0,0.4,,22,23,1.0,,,,,,,,223,21026,1,32,8000,10,3,NVIDIA A100-SXM4-80GB,
2026-03-24T16:01:59.824600,A1APA_ideal__Orai1WT-MDSnap-Fr499_cleaned,Orai1WT-MDSnap-Fr499_cleaned,A1APA_ideal,failed,No output from any sub-box,0,0.4,,54,57,10.0,,,,,,,,223,21026,1,32,8000,10,3,NVIDIA A100-SXM4-80GB,
2026-03-24T16:01:59.842405,A1AT0_ideal__Orai1WT-MDSnap-Fr499_cleaned,Orai1WT-MDSnap-Fr499_cleaned,A1AT0_ideal,failed,No output from any sub-box,0,0.4,,19,19,1.0,,,,,,,,223,21026,1,32,8000,10,3,NVIDIA A100-SXM4-80GB,
2026-03-24T16:01:59.861148,A1AZ7_ideal__Orai1WT-MDSnap-Fr499_cleaned,Orai1WT-MDSnap-Fr499_cleaned,A1AZ7_ideal,failed,No output from any sub-box,0,0.4,,65,78,7.0,,,,,,,,223,21026,1,32,8000,10,3,NVIDIA A100-SXM4-80GB,
2026-03-24T16:01:59.879994,A1BLM_ideal__Orai1WT-MDSnap-Fr499_cleaned,Orai1WT-MDSnap-Fr499_cleaned,A1BLM_ideal,failed,No output from any sub-box,0,0.4,,33,36,4.0,,,,,,,,223,21026,1,32,8000,10,3,NVIDIA A100-SXM4-80GB,
2026-03-24T16:01:59.899312,A1BPC_ideal__Orai1WT-MDSnap-Fr499_cleaned,Orai1WT-MDSnap-Fr499_cleaned,A1BPC_ideal,failed,No output from any sub-box,0,0.4,,34,36,3.0,,,,,,,,223,21026,1,32,8000,10,3,NVIDIA A100-SXM4-80GB,
2026-03-24T16:01:59.938572,A1C3G_ideal__Orai1WT-MDSnap-Fr499_cleaned,Orai1WT-MDSnap-Fr499_cleaned,A1C3G_ideal,failed,No output from any sub-box,0,0.4,,62,73,12.0,,,,,,,,223,21026,1,32,8000,10,3,NVIDIA A100-SXM4-80GB,
2026-03-24T16:01:59.973407,A1CB7_ideal__Orai1WT-MDSnap-Fr499_cleaned,Orai1WT-MDSnap-Fr499_cleaned,A1CB7_ideal,failed,No output from any sub-box,0,0.4,,107,127,34.0,,,,,,,,223,21026,1,32,8000,10,3,NVIDIA A100-SXM4-80GB,
2026-03-24T16:01:59.987526,A1CEA_ideal__Orai1WT-MDSnap-Fr499_cleaned,Orai1WT-MDSnap-Fr499_cleaned,A1CEA_ideal,failed,No output from any sub-box,0,0.4,,34,36,4.0,,,,,,,,223,21026,1,32,8000,10,3,NVIDIA A100-SXM4-80GB,
2026-03-24T16:02:00.042190,A1CR0_ideal__Orai1WT-MDSnap-Fr499_cleaned,Orai1WT-MDSnap-Fr499_cleaned,A1CR0_ideal,failed,No output from any sub-box,0,0.4,,21,23,2.0,,,,,,,,223,21026,1,32,8000,10,3,NVIDIA A100-SXM4-80GB,
2026-03-24T16:02:00.069035,A1D8M_ideal__Orai1WT-MDSnap-Fr499_cleaned,Orai1WT-MDSnap-Fr499_cleaned,A1D8M_ideal,failed,No output from any sub-box,0,0.4,,34,36,5.0,,,,,,,,223,21026,1,32,8000,10,3,NVIDIA A100-SXM4-80GB,
2026-03-24T16:02:00.093672,A1D8Y_ideal__Orai1WT-MDSnap-Fr499_cleaned,Orai1WT-MDSnap-Fr499_cleaned,A1D8Y_ideal,failed,No output from any sub-box,0,0.4,,32,32,3.0,,,,,,,,223,21026,1,32,8000,10,3,NVIDIA A100-SXM4-80GB,
2026-03-24T16:02:00.134109,A1EEY_ideal__Orai1WT-MDSnap-Fr499_cleaned,Orai1WT-MDSnap-Fr499_cleaned,A1EEY_ideal,failed,No output from any sub-box,0,0.4,,17,19,2.0,,,,,,,,223,21026,1,32,8000,10,3,NVIDIA A100-SXM4-80GB,
2026-03-24T16:02:00.158899,A1E_ideal__Orai1WT-MDSnap-Fr499_cleaned,Orai1WT-MDSnap-Fr499_cleaned,A1E_ideal,failed,No output from any sub-box,0,0.4,,37,40,6.0,,,,,,,,223,21026,1,32,8000,10,3,NVIDIA A100-SXM4-80GB,
2026-03-24T16:02:00.185479,A1H3T_ideal__Orai1WT-MDSnap-Fr499_cleaned,Orai1WT-MDSnap-Fr499_cleaned,A1H3T_ideal,failed,No output from any sub-box,0,0.4,,36,37,4.0,,,,,,,,223,21026,1,32,8000,10,3,NVIDIA A100-SXM4-80GB,
2026-03-24T16:02:00.220071,A1IPI_ideal__Orai1WT-MDSnap-Fr499_cleaned,Orai1WT-MDSnap-Fr499_cleaned,A1IPI_ideal,failed,No output from any sub-box,0,0.4,,12,12,2.0,,,,,,,,223,21026,1,32,8000,10,3,NVIDIA A100-SXM4-80GB,
2026-03-24T16:02:00.245365,A1JBL_ideal__Orai1WT-MDSnap-Fr499_cleaned,Orai1WT-MDSnap-Fr499_cleaned,A1JBL_ideal,failed,No output from any sub-box,0,0.4,,22,23,2.0,,,,,,,,223,21026,1,32,8000,10,3,NVIDIA A100-SXM4-80GB,
2026-03-24T16:02:00.270713,A1JMR_ideal__Orai1WT-MDSnap-Fr499_cleaned,Orai1WT-MDSnap-Fr499_cleaned,A1JMR_ideal,failed,No output from any sub-box,0,0.4,,39,42,4.0,,,,,,,,223,21026,1,32,8000,10,3,NVIDIA A100-SXM4-80GB,
2026-03-24T16:02:00.294452,A1JS8_ideal__Orai1WT-MDSnap-Fr499_cleaned,Orai1WT-MDSnap-Fr499_cleaned,A1JS8_ideal,failed,No output from any sub-box,0,0.4,,37,39,4.0,,,,,,,,223,21026,1,32,8000,10,3,NVIDIA A100-SXM4-80GB,
2026-03-24T16:02:00.330822,A1JSO_ideal__Orai1WT-MDSnap-Fr499_cleaned,Orai1WT-MDSnap-Fr499_cleaned,A1JSO_ideal,failed,No output from any sub-box,0,0.4,,45,48,6.0,,,,,,,,223,21026,1,32,8000,10,3,NVIDIA A100-SXM4-80GB,
2026-03-24T16:02:00.355834,A1JSR_ideal__Orai1WT-MDSnap-Fr499_cleaned,Orai1WT-MDSnap-Fr499_cleaned,A1JSR_ideal,failed,No output from any sub-box,0,0.4,,43,46,5.0,,,,,,,,223,21026,1,32,8000,10,3,NVIDIA A100-SXM4-80GB,
2026-03-24T16:02:00.379583,A1JTY_ideal__Orai1WT-MDSnap-Fr499_cleaned,Orai1WT-MDSnap-Fr499_cleaned,A1JTY_ideal,failed,No output from any sub-box,0,0.4,,24,27,8.0,,,,,,,,223,21026,1,32,8000,10,3,NVIDIA A100-SXM4-80GB,
2026-03-24T16:02:00.416006,A1L66_ideal__Orai1WT-MDSnap-Fr499_cleaned,Orai1WT-MDSnap-Fr499_cleaned,A1L66_ideal,failed,No output from any sub-box,0,0.4,,81,86,10.0,,,,,,,,223,21026,1,32,8000,10,3,NVIDIA A100-SXM4-80GB,
2026-03-24T16:02:00.439186,A1LVF_ideal__Orai1WT-MDSnap-Fr499_cleaned,Orai1WT-MDSnap-Fr499_cleaned,A1LVF_ideal,failed,No output from any sub-box,0,0.4,,63,63,26.0,,,,,,,,223,21026,1,32,8000,10,3,NVIDIA A100-SXM4-80GB,
2026-03-24T16:02:00.465103,A1LWH_ideal__Orai1WT-MDSnap-Fr499_cleaned,Orai1WT-MDSnap-Fr499_cleaned,A1LWH_ideal,failed,No output from any sub-box,0,0.4,,19,21,2.0,,,,,,,,223,21026,1,32,8000,10,3,NVIDIA A100-SXM4-80GB,
2026-03-24T16:02:00.490187,A1LXP_ideal__Orai1WT-MDSnap-Fr499_cleaned,Orai1WT-MDSnap-Fr499_cleaned,A1LXP_ideal,failed,No output from any sub-box,0,0.4,,42,44,6.0,,,,,,,,223,21026,1,32,8000,10,3,NVIDIA A100-SXM4-80GB,
2026-03-24T16:02:00.516520,A1LY1_ideal__Orai1WT-MDSnap-Fr499_cleaned,Orai1WT-MDSnap-Fr499_cleaned,A1LY1_ideal,failed,No output from any sub-box,0,0.4,,43,46,6.0,,,,,,,,223,21026,1,32,8000,10,3,NVIDIA A100-SXM4-80GB,
2026-03-24T16:02:00.539686,A26_ideal__Orai1WT-MDSnap-Fr499_cleaned,Orai1WT-MDSnap-Fr499_cleaned,A26_ideal,failed,No output from any sub-box,0,0.4,,19,21,2.0,,,,,,,,223,21026,1,32,8000,10,3,NVIDIA A100-SXM4-80GB,
2026-03-24T16:02:00.564075,A2E_ideal__Orai1WT-MDSnap-Fr499_cleaned,Orai1WT-MDSnap-Fr499_cleaned,A2E_ideal,failed,No output from any sub-box,0,0.4,,37,40,6.0,,,,,,,,223,21026,1,32,8000,10,3,NVIDIA A100-SXM4-80GB,
2026-03-24T16:02:00.588429,A3D_ideal__Orai1WT-MDSnap-Fr499_cleaned,Orai1WT-MDSnap-Fr499_cleaned,A3D_ideal,failed,No output from any sub-box,0,0.4,,44,51,8.0,,,,,,,,223,21026,1,32,8000,10,3,NVIDIA A100-SXM4-80GB,
2026-03-24T16:02:00.616436,A3M_ideal__Orai1WT-MDSnap-Fr499_cleaned,Orai1WT-MDSnap-Fr499_cleaned,A3M_ideal,failed,No output from any sub-box,0,0.4,,12,14,1.0,,,,,,,,223,21026,1,32,8000,10,3,NVIDIA A100-SXM4-80GB,
2026-03-24T16:02:00.642361,A41_ideal__Orai1WT-MDSnap-Fr499_cleaned,Orai1WT-MDSnap-Fr499_cleaned,A41_ideal,failed,No output from any sub-box,0,0.4,,20,22,2.0,,,,,,,,223,21026,1,32,8000,10,3,NVIDIA A100-SXM4-80GB,
2026-03-24T16:02:00.717889,A4I_ideal__Orai1WT-MDSnap-Fr499_cleaned,Orai1WT-MDSnap-Fr499_cleaned,A4I_ideal,failed,No output from any sub-box,0,0.4,,75,79,18.0,,,,,,,,223,21026,1,32,8000,10,3,NVIDIA A100-SXM4-80GB,
2026-03-24T16:02:00.743224,A4P_ideal__Orai1WT-MDSnap-Fr499_cleaned,Orai1WT-MDSnap-Fr499_cleaned,A4P_ideal,failed,No output from any sub-box,0,0.4,,48,60,10.0,,,,,,,,223,21026,1,32,8000,10,3,NVIDIA A100-SXM4-80GB,
2026-03-24T16:02:00.767361,A56_ideal__Orai1WT-MDSnap-Fr499_cleaned,Orai1WT-MDSnap-Fr499_cleaned,A56_ideal,failed,No output from any sub-box,0,0.4,,19,23,1.0,,,,,,,,223,21026,1,32,8000,10,3,NVIDIA A100-SXM4-80GB,
2026-03-24T16:02:00.789965,A6L_ideal__Orai1WT-MDSnap-Fr499_cleaned,Orai1WT-MDSnap-Fr499_cleaned,A6L_ideal,failed,No output from any sub-box,0,0.4,,25,27,10.0,,,,,,,,223,21026,1,32,8000,10,3,NVIDIA A100-SXM4-80GB,
2026-03-24T16:02:00.816397,A86_ideal__Orai1WT-MDSnap-Fr499_cleaned,Orai1WT-MDSnap-Fr499_cleaned,A86_ideal,failed,No output from any sub-box,0,0.4,,48,50,7.0,,,,,,,,223,21026,1,32,8000,10,3,NVIDIA A100-SXM4-80GB,
2026-03-24T16:02:00.841141,A8B_ideal__Orai1WT-MDSnap-Fr499_cleaned,Orai1WT-MDSnap-Fr499_cleaned,A8B_ideal,failed,No output from any sub-box,0,0.4,,34,36,5.0,,,,,,,,223,21026,1,32,8000,10,3,NVIDIA A100-SXM4-80GB,
2026-03-24T16:02:00.865940,AA2_ideal__Orai1WT-MDSnap-Fr499_cleaned,Orai1WT-MDSnap-Fr499_cleaned,AA2_ideal,failed,No output from any sub-box,0,0.4,,32,35,4.0,,,,,,,,223,21026,1,32,8000,10,3,NVIDIA A100-SXM4-80GB,
2026-03-24T16:02:00.890548,AAF_ideal__Orai1WT-MDSnap-Fr499_cleaned,Orai1WT-MDSnap-Fr499_cleaned,AAF_ideal,failed,No output from any sub-box,0,0.4,,29,34,4.0,,,,,,,,223,21026,1,32,8000,10,3,NVIDIA A100-SXM4-80GB,
2026-03-24T16:02:00.916960,AAN_ideal__Orai1WT-MDSnap-Fr499_cleaned,Orai1WT-MDSnap-Fr499_cleaned,AAN_ideal,failed,No output from any sub-box,0,0.4,,13,14,2.0,,,,,,,,223,21026,1,32,8000,10,3,NVIDIA A100-SXM4-80GB,
2026-03-24T16:02:00.941103,AAO_ideal__Orai1WT-MDSnap-Fr499_cleaned,Orai1WT-MDSnap-Fr499_cleaned,AAO_ideal,failed,No output from any sub-box,0,0.4,,66,86,17.0,,,,,,,,223,21026,1,32,8000,10,3,NVIDIA A100-SXM4-80GB,
2026-03-24T16:02:00.966514,ABC_ideal__Orai1WT-MDSnap-Fr499_cleaned,Orai1WT-MDSnap-Fr499_cleaned,ABC_ideal,failed,No output from any sub-box,0,0.4,,64,82,15.0,,,,,,,,223,21026,1,32,8000,10,3,NVIDIA A100-SXM4-80GB,
2026-03-24T16:02:00.989565,ABN_ideal__Orai1WT-MDSnap-Fr499_cleaned,Orai1WT-MDSnap-Fr499_cleaned,ABN_ideal,failed,No output from any sub-box,0,0.4,,8,10,1.0,,,,,,,,223,21026,1,32,8000,10,3,NVIDIA A100-SXM4-80GB,
2026-03-24T16:02:01.018862,AC0_ideal__Orai1WT-MDSnap-Fr499_cleaned,Orai1WT-MDSnap-Fr499_cleaned,AC0_ideal,failed,No output from any sub-box,0,0.4,,9,9,0.0,,,,,,,,223,21026,1,32,8000,10,3,NVIDIA A100-SXM4-80GB,
2026-03-24T16:02:01.043469,AC5_ideal__Orai1WT-MDSnap-Fr499_cleaned,Orai1WT-MDSnap-Fr499_cleaned,AC5_ideal,failed,No output from any sub-box,0,0.4,,9,12,1.0,,,,,,,,223,21026,1,32,8000,10,3,NVIDIA A100-SXM4-80GB,
2026-03-24T16:02:01.067482,ACG_ideal__Orai1WT-MDSnap-Fr499_cleaned,Orai1WT-MDSnap-Fr499_cleaned,ACG_ideal,failed,No output from any sub-box,0,0.4,,54,70,13.0,,,,,,,,223,21026,1,32,8000,10,3,NVIDIA A100-SXM4-80GB,
2026-03-24T16:02:01.091734,ACH_ideal__Orai1WT-MDSnap-Fr499_cleaned,Orai1WT-MDSnap-Fr499_cleaned,ACH_ideal,failed,No output from any sub-box,0,0.4,,10,10,2.0,,,,,,,,223,21026,1,32,8000,10,3,NVIDIA A100-SXM4-80GB,
2026-03-24T16:02:01.133236,ACQ_ideal__Orai1WT-MDSnap-Fr499_cleaned,Orai1WT-MDSnap-Fr499_cleaned,ACQ_ideal,failed,No output from any sub-box,0,0.4,,35,44,9.0,,,,,,,,223,21026,1,32,8000,10,3,NVIDIA A100-SXM4-80GB,
2026-03-24T16:02:01.156511,ADB_ideal__Orai1WT-MDSnap-Fr499_cleaned,Orai1WT-MDSnap-Fr499_cleaned,ADB_ideal,failed,No output from any sub-box,0,0.4,,25,28,2.0,,,,,,,,223,21026,1,32,8000,10,3,NVIDIA A100-SXM4-80GB,
2026-03-24T16:02:01.183947,ADV_ideal__Orai1WT-MDSnap-Fr499_cleaned,Orai1WT-MDSnap-Fr499_cleaned,ADV_ideal,failed,No output from any sub-box,0,0.4,,36,45,8.0,,,,,,,,223,21026,1,32,8000,10,3,NVIDIA A100-SXM4-80GB,
2026-03-24T16:02:01.216020,AEF_ideal__Orai1WT-MDSnap-Fr499_cleaned,Orai1WT-MDSnap-Fr499_cleaned,AEF_ideal,failed,No output from any sub-box,0,0.4,,10,13,2.0,,,,,,,,223,21026,1,32,8000,10,3,NVIDIA A100-SXM4-80GB,
2026-03-24T16:02:01.253519,AES_ideal__Orai1WT-MDSnap-Fr499_cleaned,Orai1WT-MDSnap-Fr499_cleaned,AES_ideal,failed,No output from any sub-box,0,0.4,,13,15,2.0,,,,,,,,223,21026,1,32,8000,10,3,NVIDIA A100-SXM4-80GB,
2026-03-24T16:02:01.276166,AGA_ideal__Orai1WT-MDSnap-Fr499_cleaned,Orai1WT-MDSnap-Fr499_cleaned,AGA_ideal,failed,No output from any sub-box,0,0.4,,30,32,11.0,,,,,,,,223,21026,1,32,8000,10,3,NVIDIA A100-SXM4-80GB,
2026-03-24T16:02:01.298975,AGH_ideal__Orai1WT-MDSnap-Fr499_cleaned,Orai1WT-MDSnap-Fr499_cleaned,AGH_ideal,failed,No output from any sub-box,0,0.4,,60,67,25.0,,,,,,,,223,21026,1,32,8000,10,3,NVIDIA A100-SXM4-80GB,
2026-03-24T16:02:01.333279,AH4_ideal__Orai1WT-MDSnap-Fr499_cleaned,Orai1WT-MDSnap-Fr499_cleaned,AH4_ideal,failed,No output from any sub-box,0,0.4,,32,35,6.0,,,,,,,,223,21026,1,32,8000,10,3,NVIDIA A100-SXM4-80GB,
2026-03-24T16:02:01.357705,AHC_ideal__Orai1WT-MDSnap-Fr499_cleaned,Orai1WT-MDSnap-Fr499_cleaned,AHC_ideal,failed,No output from any sub-box,0,0.4,,12,15,2.0,,,,,,,,223,21026,1,32,8000,10,3,NVIDIA A100-SXM4-80GB,
2026-03-24T16:02:01.380996,AHZ_ideal__Orai1WT-MDSnap-Fr499_cleaned,Orai1WT-MDSnap-Fr499_cleaned,AHZ_ideal,failed,No output from any sub-box,0,0.4,,38,42,7.0,,,,,,,,223,21026,1,32,8000,10,3,NVIDIA A100-SXM4-80GB,
2026-03-24T16:02:01.416235,AIK_ideal__Orai1WT-MDSnap-Fr499_cleaned,Orai1WT-MDSnap-Fr499_cleaned,AIK_ideal,failed,No output from any sub-box,0,0.4,,38,42,5.0,,,,,,,,223,21026,1,32,8000,10,3,NVIDIA A100-SXM4-80GB,
2026-03-24T16:02:01.439026,AK1_ideal__Orai1WT-MDSnap-Fr499_cleaned,Orai1WT-MDSnap-Fr499_cleaned,AK1_ideal,failed,No output from any sub-box,0,0.4,,31,34,3.0,,,,,,,,223,21026,1,32,8000,10,3,NVIDIA A100-SXM4-80GB,
2026-03-24T16:02:01.679521,AK2_ideal__Orai1WT-MDSnap-Fr499_cleaned,Orai1WT-MDSnap-Fr499_cleaned,AK2_ideal,failed,No output from any sub-box,0,0.4,,28,31,3.0,,,,,,,,223,21026,1,32,8000,10,3,NVIDIA A100-SXM4-80GB,
2026-03-24T16:02:01.722532,AK3_ideal__Orai1WT-MDSnap-Fr499_cleaned,Orai1WT-MDSnap-Fr499_cleaned,AK3_ideal,failed,No output from any sub-box,0,0.4,,32,35,3.0,,,,,,,,223,21026,1,32,8000,10,3,NVIDIA A100-SXM4-80GB,
2026-03-24T16:02:01.752790,AKA_ideal__Orai1WT-MDSnap-Fr499_cleaned,Orai1WT-MDSnap-Fr499_cleaned,AKA_ideal,failed,No output from any sub-box,0,0.4,,54,58,6.0,,,,,,,,223,21026,1,32,8000,10,3,NVIDIA A100-SXM4-80GB,
2026-03-24T16:02:01.778525,AL2_ideal__Orai1WT-MDSnap-Fr499_cleaned,Orai1WT-MDSnap-Fr499_cleaned,AL2_ideal,failed,No output from any sub-box,0,0.4,,24,27,2.0,,,,,,,,223,21026,1,32,8000,10,3,NVIDIA A100-SXM4-80GB,
2026-03-24T16:02:01.815615,ALC_ideal__Orai1WT-MDSnap-Fr499_cleaned,Orai1WT-MDSnap-Fr499_cleaned,ALC_ideal,failed,No output from any sub-box,0,0.4,,12,15,2.0,,,,,,,,223,21026,1,32,8000,10,3,NVIDIA A100-SXM4-80GB,
2026-03-24T16:02:01.842593,ALQ_ideal__Orai1WT-MDSnap-Fr499_cleaned,Orai1WT-MDSnap-Fr499_cleaned,ALQ_ideal,failed,No output from any sub-box,0,0.4,,6,7,1.0,,,,,,,,223,21026,1,32,8000,10,3,NVIDIA A100-SXM4-80GB,
2026-03-24T16:02:01.867533,ALR_ideal__Orai1WT-MDSnap-Fr499_cleaned,Orai1WT-MDSnap-Fr499_cleaned,ALR_ideal,failed,No output from any sub-box,0,0.4,,19,20,1.0,,,,,,,,223,21026,1,32,8000,10,3,NVIDIA A100-SXM4-80GB,
2026-03-24T16:02:01.901089,AM4_ideal__Orai1WT-MDSnap-Fr499_cleaned,Orai1WT-MDSnap-Fr499_cleaned,AM4_ideal,failed,No output from any sub-box,0,0.4,,13,16,1.0,,,,,,,,223,21026,1,32,8000,10,3,NVIDIA A100-SXM4-80GB,
2026-03-24T16:02:01.940848,AMC_ideal__Orai1WT-MDSnap-Fr499_cleaned,Orai1WT-MDSnap-Fr499_cleaned,AMC_ideal,failed,No output from any sub-box,0,0.4,,8,11,1.0,,,,,,,,223,21026,1,32,8000,10,3,NVIDIA A100-SXM4-80GB,
2026-03-24T16:02:01.969428,AN1_ideal__Orai1WT-MDSnap-Fr499_cleaned,Orai1WT-MDSnap-Fr499_cleaned,AN1_ideal,failed,No output from any sub-box,0,0.4,,20,21,2.0,,,,,,,,223,21026,1,32,8000,10,3,NVIDIA A100-SXM4-80GB,
2026-03-24T16:02:01.997621,ANL_ideal__Orai1WT-MDSnap-Fr499_cleaned,Orai1WT-MDSnap-Fr499_cleaned,ANL_ideal,failed,No output from any sub-box,0,0.4,,7,9,0.0,,,,,,,,223,21026,1,32,8000,10,3,NVIDIA A100-SXM4-80GB,
2026-03-24T16:02:02.034626,ANN_ideal__Orai1WT-MDSnap-Fr499_cleaned,Orai1WT-MDSnap-Fr499_cleaned,ANN_ideal,failed,No output from any sub-box,0,0.4,,11,12,1.0,,,,,,,,223,21026,1,32,8000,10,3,NVIDIA A100-SXM4-80GB,
2026-03-24T16:02:02.060822,AOE_ideal__Orai1WT-MDSnap-Fr499_cleaned,Orai1WT-MDSnap-Fr499_cleaned,AOE_ideal,failed,No output from any sub-box,0,0.4,,38,40,8.0,,,,,,,,223,21026,1,32,8000,10,3,NVIDIA A100-SXM4-80GB,
2026-03-24T16:02:02.084219,AP5_ideal__Orai1WT-MDSnap-Fr499_cleaned,Orai1WT-MDSnap-Fr499_cleaned,AP5_ideal,failed,No output from any sub-box,0,0.4,,57,70,13.0,,,,,,,,223,21026,1,32,8000,10,3,NVIDIA A100-SXM4-80GB,
2026-03-24T16:02:02.134523,AP8_ideal__Orai1WT-MDSnap-Fr499_cleaned,Orai1WT-MDSnap-Fr499_cleaned,AP8_ideal,failed,No output from any sub-box,0,0.4,,78,80,23.0,,,,,,,,223,21026,1,32,8000,10,3,NVIDIA A100-SXM4-80GB,
2026-03-24T16:02:02.159476,APF_ideal__Orai1WT-MDSnap-Fr499_cleaned,Orai1WT-MDSnap-Fr499_cleaned,APF_ideal,failed,No output from any sub-box,0,0.4,,18,19,2.0,,,,,,,,223,21026,1,32,8000,10,3,NVIDIA A100-SXM4-80GB,
2026-03-24T16:02:02.187455,APG_ideal__Orai1WT-MDSnap-Fr499_cleaned,Orai1WT-MDSnap-Fr499_cleaned,APG_ideal,failed,No output from any sub-box,0,0.4,,12,14,2.0,,,,,,,,223,21026,1,32,8000,10,3,NVIDIA A100-SXM4-80GB,
2026-03-24T16:02:02.216481,APL_ideal__Orai1WT-MDSnap-Fr499_cleaned,Orai1WT-MDSnap-Fr499_cleaned,APL_ideal,failed,No output from any sub-box,0,0.4,,19,22,3.0,,,,,,,,223,21026,1,32,8000,10,3,NVIDIA A100-SXM4-80GB,
2026-03-24T16:02:02.240922,APX_ideal__Orai1WT-MDSnap-Fr499_cleaned,Orai1WT-MDSnap-Fr499_cleaned,APX_ideal,failed,No output from any sub-box,0,0.4,,40,53,10.0,,,,,,,,223,21026,1,32,8000,10,3,NVIDIA A100-SXM4-80GB,
2026-03-24T16:02:02.263805,ARC_ideal__Orai1WT-MDSnap-Fr499_cleaned,Orai1WT-MDSnap-Fr499_cleaned,ARC_ideal,failed,No output from any sub-box,0,0.4,,21,22,7.0,,,,,,,,223,21026,1,32,8000,10,3,NVIDIA A100-SXM4-80GB,
2026-03-24T16:02:02.288698,ARE_ideal__Orai1WT-MDSnap-Fr499_cleaned,Orai1WT-MDSnap-Fr499_cleaned,ARE_ideal,failed,No output from any sub-box,0,0.4,,55,72,14.0,,,,,,,,223,21026,1,32,8000,10,3,NVIDIA A100-SXM4-80GB,
2026-03-24T16:02:02.316807,ARL_ideal__Orai1WT-MDSnap-Fr499_cleaned,Orai1WT-MDSnap-Fr499_cleaned,ARL_ideal,failed,No output from any sub-box,0,0.4,,25,26,3.0,,,,,,,,223,21026,1,32,8000,10,3,NVIDIA A100-SXM4-80GB,
2026-03-24T16:02:02.342679,ARR_ideal__Orai1WT-MDSnap-Fr499_cleaned,Orai1WT-MDSnap-Fr499_cleaned,ARR_ideal,failed,No output from any sub-box,0,0.4,,25,28,3.0,,,,,,,,223,21026,1,32,8000,10,3,NVIDIA A100-SXM4-80GB,
2026-03-24T16:02:02.365810,AUR_ideal__Orai1WT-MDSnap-Fr499_cleaned,Orai1WT-MDSnap-Fr499_cleaned,AUR_ideal,failed,No output from any sub-box,0,0.4,,33,34,4.0,,,,,,,,223,21026,1,32,8000,10,3,NVIDIA A100-SXM4-80GB,
2026-03-24T16:02:02.389634,AX3_ideal__Orai1WT-MDSnap-Fr499_cleaned,Orai1WT-MDSnap-Fr499_cleaned,AX3_ideal,failed,No output from any sub-box,0,0.4,,12,17,2.0,,,,,,,,223,21026,1,32,8000,10,3,NVIDIA A100-SXM4-80GB,
2026-03-24T16:02:02.451418,B18_ideal__Orai1WT-MDSnap-Fr499_cleaned,Orai1WT-MDSnap-Fr499_cleaned,B18_ideal,failed,No output from any sub-box,0,0.4,,31,35,3.0,,,,,,,,223,21026,1,32,8000,10,3,NVIDIA A100-SXM4-80GB,
2026-03-24T16:02:02.483661,B1T_ideal__Orai1WT-MDSnap-Fr499_cleaned,Orai1WT-MDSnap-Fr499_cleaned,B1T_ideal,failed,No output from any sub-box,0,0.4,,19,21,2.0,,,,,,,,223,21026,1,32,8000,10,3,NVIDIA A100-SXM4-80GB,
2026-03-24T16:02:02.516265,B1V_ideal__Orai1WT-MDSnap-Fr499_cleaned,Orai1WT-MDSnap-Fr499_cleaned,B1V_ideal,failed,No output from any sub-box,0,0.4,,21,22,2.0,,,,,,,,223,21026,1,32,8000,10,3,NVIDIA A100-SXM4-80GB,
2026-03-24T16:02:02.541012,B2F_ideal__Orai1WT-MDSnap-Fr499_cleaned,Orai1WT-MDSnap-Fr499_cleaned,B2F_ideal,failed,No output from any sub-box,0,0.4,,12,16,3.0,,,,,,,,223,21026,1,32,8000,10,3,NVIDIA A100-SXM4-80GB,
2026-03-24T16:02:02.563686,B32_ideal__Orai1WT-MDSnap-Fr499_cleaned,Orai1WT-MDSnap-Fr499_cleaned,B32_ideal,failed,No output from any sub-box,0,0.4,,32,37,9.0,,,,,,,,223,21026,1,32,8000,10,3,NVIDIA A100-SXM4-80GB,
2026-03-24T16:02:02.589367,B3N_ideal__Orai1WT-MDSnap-Fr499_cleaned,Orai1WT-MDSnap-Fr499_cleaned,B3N_ideal,failed,No output from any sub-box,0,0.4,,22,25,5.0,,,,,,,,223,21026,1,32,8000,10,3,NVIDIA A100-SXM4-80GB,
2026-03-24T16:02:02.616548,B40_ideal__Orai1WT-MDSnap-Fr499_cleaned,Orai1WT-MDSnap-Fr499_cleaned,B40_ideal,failed,No output from any sub-box,0,0.4,,11,12,1.0,,,,,,,,223,21026,1,32,8000,10,3,NVIDIA A100-SXM4-80GB,
2026-03-24T16:02:02.640885,B8L_ideal__Orai1WT-MDSnap-Fr499_cleaned,Orai1WT-MDSnap-Fr499_cleaned,B8L_ideal,failed,No output from any sub-box,0,0.4,,43,47,9.0,,,,,,,,223,21026,1,32,8000,10,3,NVIDIA A100-SXM4-80GB,
2026-03-24T16:02:02.666561,B96_ideal__Orai1WT-MDSnap-Fr499_cleaned,Orai1WT-MDSnap-Fr499_cleaned,B96_ideal,failed,No output from any sub-box,0,0.4,,39,41,4.0,,,,,,,,223,21026,1,32,8000,10,3,NVIDIA A100-SXM4-80GB,
2026-03-24T16:02:02.689652,BA3_ideal__Orai1WT-MDSnap-Fr499_cleaned,Orai1WT-MDSnap-Fr499_cleaned,BA3_ideal,failed,No output from any sub-box,0,0.4,,49,60,10.0,,,,,,,,223,21026,1,32,8000,10,3,NVIDIA A100-SXM4-80GB,
2026-03-24T16:02:02.716654,BAS_ideal__Orai1WT-MDSnap-Fr499_cleaned,Orai1WT-MDSnap-Fr499_cleaned,BAS_ideal,failed,No output from any sub-box,0,0.4,,12,13,1.0,,,,,,,,223,21026,1,32,8000,10,3,NVIDIA A100-SXM4-80GB,
2026-03-24T16:02:02.741247,BBS_ideal__Orai1WT-MDSnap-Fr499_cleaned,Orai1WT-MDSnap-Fr499_cleaned,BBS_ideal,failed,No output from any sub-box,0,0.4,,14,15,1.0,,,,,,,,223,21026,1,32,8000,10,3,NVIDIA A100-SXM4-80GB,
2026-03-24T16:02:02.790436,BBT_ideal__Orai1WT-MDSnap-Fr499_cleaned,Orai1WT-MDSnap-Fr499_cleaned,BBT_ideal,failed,No output from any sub-box,0,0.4,,24,27,3.0,,,,,,,,223,21026,1,32,8000,10,3,NVIDIA A100-SXM4-80GB,
2026-03-24T16:02:02.816267,BBZ_ideal__Orai1WT-MDSnap-Fr499_cleaned,Orai1WT-MDSnap-Fr499_cleaned,BBZ_ideal,failed,No output from any sub-box,0,0.4,,34,36,2.0,,,,,,,,223,21026,1,32,8000,10,3,NVIDIA A100-SXM4-80GB,
2026-03-24T16:02:02.842412,BC1_ideal__Orai1WT-MDSnap-Fr499_cleaned,Orai1WT-MDSnap-Fr499_cleaned,BC1_ideal,failed,No output from any sub-box,0,0.4,,25,27,2.0,,,,,,,,223,21026,1,32,8000,10,3,NVIDIA A100-SXM4-80GB,
2026-03-24T16:02:02.870006,BCE_ideal__Orai1WT-MDSnap-Fr499_cleaned,Orai1WT-MDSnap-Fr499_cleaned,BCE_ideal,failed,No output from any sub-box,0,0.4,,21,23,2.0,,,,,,,,223,21026,1,32,8000,10,3,NVIDIA A100-SXM4-80GB,
2026-03-24T16:02:02.893721,BDB_ideal__Orai1WT-MDSnap-Fr499_cleaned,Orai1WT-MDSnap-Fr499_cleaned,BDB_ideal,failed,No output from any sub-box,0,0.4,,18,22,3.0,,,,,,,,223,21026,1,32,8000,10,3,NVIDIA A100-SXM4-80GB,
2026-03-24T16:02:02.917870,BEK_ideal__Orai1WT-MDSnap-Fr499_cleaned,Orai1WT-MDSnap-Fr499_cleaned,BEK_ideal,failed,No output from any sub-box,0,0.4,,15,17,1.0,,,,,,,,223,21026,1,32,8000,10,3,NVIDIA A100-SXM4-80GB,
2026-03-24T16:02:02.941048,BET_ideal__Orai1WT-MDSnap-Fr499_cleaned,Orai1WT-MDSnap-Fr499_cleaned,BET_ideal,failed,No output from any sub-box,0,0.4,,8,9,1.0,,,,,,,,223,21026,1,32,8000,10,3,NVIDIA A100-SXM4-80GB,
2026-03-24T16:02:02.966396,BEZ_ideal__Orai1WT-MDSnap-Fr499_cleaned,Orai1WT-MDSnap-Fr499_cleaned,BEZ_ideal,failed,No output from any sub-box,0,0.4,,9,10,1.0,,,,,,,,223,21026,1,32,8000,10,3,NVIDIA A100-SXM4-80GB,
2026-03-24T16:02:02.989730,BFF_ideal__Orai1WT-MDSnap-Fr499_cleaned,Orai1WT-MDSnap-Fr499_cleaned,BFF_ideal,failed,No output from any sub-box,0,0.4,,32,36,5.0,,,,,,,,223,21026,1,32,8000,10,3,NVIDIA A100-SXM4-80GB,
2026-03-24T16:02:03.017660,BFL_ideal__Orai1WT-MDSnap-Fr499_cleaned,Orai1WT-MDSnap-Fr499_cleaned,BFL_ideal,failed,No output from any sub-box,0,0.4,,17,18,2.0,,,,,,,,223,21026,1,32,8000,10,3,NVIDIA A100-SXM4-80GB,
2026-03-24T16:02:03.042418,BH7_ideal__Orai1WT-MDSnap-Fr499_cleaned,Orai1WT-MDSnap-Fr499_cleaned,BH7_ideal,failed,No output from any sub-box,0,0.4,,24,28,6.0,,,,,,,,223,21026,1,32,8000,10,3,NVIDIA A100-SXM4-80GB,
2026-03-24T16:02:03.066294,BHO_ideal__Orai1WT-MDSnap-Fr499_cleaned,Orai1WT-MDSnap-Fr499_cleaned,BHO_ideal,failed,No output from any sub-box,0,0.4,,10,12,1.0,,,,,,,,223,21026,1,32,8000,10,3,NVIDIA A100-SXM4-80GB,
2026-03-24T16:02:03.090025,BHQ_ideal__Orai1WT-MDSnap-Fr499_cleaned,Orai1WT-MDSnap-Fr499_cleaned,BHQ_ideal,failed,No output from any sub-box,0,0.4,,16,18,2.0,,,,,,,,223,21026,1,32,8000,10,3,NVIDIA A100-SXM4-80GB,
2026-03-24T16:02:03.116767,BIF_ideal__Orai1WT-MDSnap-Fr499_cleaned,Orai1WT-MDSnap-Fr499_cleaned,BIF_ideal,failed,No output from any sub-box,0,0.4,,18,21,3.0,,,,,,,,223,21026,1,32,8000,10,3,NVIDIA A100-SXM4-80GB,
2026-03-24T16:02:03.140042,BIH_ideal__Orai1WT-MDSnap-Fr499_cleaned,Orai1WT-MDSnap-Fr499_cleaned,BIH_ideal,failed,No output from any sub-box,0,0.4,,18,20,2.0,,,,,,,,223,21026,1,32,8000,10,3,NVIDIA A100-SXM4-80GB,
2026-03-24T16:02:03.163768,BIP_ideal__Orai1WT-MDSnap-Fr499_cleaned,Orai1WT-MDSnap-Fr499_cleaned,BIP_ideal,failed,No output from any sub-box,0,0.4,,13,14,2.0,,,,,,,,223,21026,1,32,8000,10,3,NVIDIA A100-SXM4-80GB,
2026-03-24T16:02:03.187694,BL5_ideal__Orai1WT-MDSnap-Fr499_cleaned,Orai1WT-MDSnap-Fr499_cleaned,BL5_ideal,failed,No output from any sub-box,0,0.4,,50,60,14.0,,,,,,,,223,21026,1,32,8000,10,3,NVIDIA A100-SXM4-80GB,
2026-03-24T16:02:03.218172,BLI_ideal__Orai1WT-MDSnap-Fr499_cleaned,Orai1WT-MDSnap-Fr499_cleaned,BLI_ideal,failed,No output from any sub-box,0,0.4,,34,38,3.0,,,,,,,,223,21026,1,32,8000,10,3,NVIDIA A100-SXM4-80GB,
2026-03-24T16:02:03.241732,BLM_ideal__Orai1WT-MDSnap-Fr499_cleaned,Orai1WT-MDSnap-Fr499_cleaned,BLM_ideal,failed,No output from any sub-box,0,0.4,,96,122,23.0,,,,,,,,223,21026,1,32,8000,10,3,NVIDIA A100-SXM4-80GB,
2026-03-24T16:02:03.265791,BMU_ideal__Orai1WT-MDSnap-Fr499_cleaned,Orai1WT-MDSnap-Fr499_cleaned,BMU_ideal,failed,No output from any sub-box,0,0.4,,21,23,1.0,,,,,,,,223,21026,1,32,8000,10,3,NVIDIA A100-SXM4-80GB,
2026-03-24T16:02:03.289663,BN2_ideal__Orai1WT-MDSnap-Fr499_cleaned,Orai1WT-MDSnap-Fr499_cleaned,BN2_ideal,failed,No output from any sub-box,0,0.4,,31,34,5.0,,,,,,,,223,21026,1,32,8000,10,3,NVIDIA A100-SXM4-80GB,
2026-03-24T16:02:03.316275,BN3_ideal__Orai1WT-MDSnap-Fr499_cleaned,Orai1WT-MDSnap-Fr499_cleaned,BN3_ideal,failed,No output from any sub-box,0,0.4,,28,31,4.0,,,,,,,,223,21026,1,32,8000,10,3,NVIDIA A100-SXM4-80GB,
2026-03-24T16:02:03.341633,BN4_ideal__Orai1WT-MDSnap-Fr499_cleaned,Orai1WT-MDSnap-Fr499_cleaned,BN4_ideal,failed,No output from any sub-box,0,0.4,,29,32,4.0,,,,,,,,223,21026,1,32,8000,10,3,NVIDIA A100-SXM4-80GB,
2026-03-24T16:02:03.365359,BN5_ideal__Orai1WT-MDSnap-Fr499_cleaned,Orai1WT-MDSnap-Fr499_cleaned,BN5_ideal,failed,No output from any sub-box,0,0.4,,29,32,4.0,,,,,,,,223,21026,1,32,8000,10,3,NVIDIA A100-SXM4-80GB,
2026-03-24T16:02:03.385748,BNF_ideal__Orai1WT-MDSnap-Fr499_cleaned,Orai1WT-MDSnap-Fr499_cleaned,BNF_ideal,failed,No output from any sub-box,0,0.4,,10,11,1.0,,,,,,,,223,21026,1,32,8000,10,3,NVIDIA A100-SXM4-80GB,
2026-03-24T16:02:03.417253,BNS_ideal__Orai1WT-MDSnap-Fr499_cleaned,Orai1WT-MDSnap-Fr499_cleaned,BNS_ideal,failed,No output from any sub-box,0,0.4,,10,11,1.0,,,,,,,,223,21026,1,32,8000,10,3,NVIDIA A100-SXM4-80GB,
2026-03-24T16:02:03.440224,BO3_ideal__Orai1WT-MDSnap-Fr499_cleaned,Orai1WT-MDSnap-Fr499_cleaned,BO3_ideal,failed,No output from any sub-box,0,0.4,,4,7,1.0,,,,,,,,223,21026,1,32,8000,10,3,NVIDIA A100-SXM4-80GB,
2026-03-24T16:02:03.463921,BO9_ideal__Orai1WT-MDSnap-Fr499_cleaned,Orai1WT-MDSnap-Fr499_cleaned,BO9_ideal,failed,No output from any sub-box,0,0.4,,41,48,11.0,,,,,,,,223,21026,1,32,8000,10,3,NVIDIA A100-SXM4-80GB,
2026-03-24T16:02:03.487673,BOS_ideal__Orai1WT-MDSnap-Fr499_cleaned,Orai1WT-MDSnap-Fr499_cleaned,BOS_ideal,failed,No output from any sub-box,0,0.4,,20,24,2.0,,,,,,,,223,21026,1,32,8000,10,3,NVIDIA A100-SXM4-80GB,
2026-03-24T16:02:03.516989,BP4_ideal__Orai1WT-MDSnap-Fr499_cleaned,Orai1WT-MDSnap-Fr499_cleaned,BP4_ideal,failed,No output from any sub-box,0,0.4,,16,17,2.0,,,,,,,,223,21026,1,32,8000,10,3,NVIDIA A100-SXM4-80GB,
2026-03-24T16:02:03.540208,BP6_ideal__Orai1WT-MDSnap-Fr499_cleaned,Orai1WT-MDSnap-Fr499_cleaned,BP6_ideal,failed,No output from any sub-box,0,0.4,,16,18,1.0,,,,,,,,223,21026,1,32,8000,10,3,NVIDIA A100-SXM4-80GB,
2026-03-24T16:02:03.564823,BPZ_ideal__Orai1WT-MDSnap-Fr499_cleaned,Orai1WT-MDSnap-Fr499_cleaned,BPZ_ideal,failed,No output from any sub-box,0,0.4,,20,22,2.0,,,,,,,,223,21026,1,32,8000,10,3,NVIDIA A100-SXM4-80GB,
2026-03-24T16:02:03.588437,BR4_ideal__Orai1WT-MDSnap-Fr499_cleaned,Orai1WT-MDSnap-Fr499_cleaned,BR4_ideal,failed,No output from any sub-box,0,0.4,,29,31,7.0,,,,,,,,223,21026,1,32,8000,10,3,NVIDIA A100-SXM4-80GB,
2026-03-24T16:02:03.617508,BRB_ideal__Orai1WT-MDSnap-Fr499_cleaned,Orai1WT-MDSnap-Fr499_cleaned,BRB_ideal,failed,No output from any sub-box,0,0.4,,9,10,1.0,,,,,,,,223,21026,1,32,8000,10,3,NVIDIA A100-SXM4-80GB,
2026-03-24T16:02:03.663476,BRV_ideal__Orai1WT-MDSnap-Fr499_cleaned,Orai1WT-MDSnap-Fr499_cleaned,BRV_ideal,failed,No output from any sub-box,0,0.4,,16,20,2.0,,,,,,,,223,21026,1,32,8000,10,3,NVIDIA A100-SXM4-80GB,
2026-03-24T16:02:03.688622,BS4_ideal__Orai1WT-MDSnap-Fr499_cleaned,Orai1WT-MDSnap-Fr499_cleaned,BS4_ideal,failed,No output from any sub-box,0,0.4,,19,22,2.0,,,,,,,,223,21026,1,32,8000,10,3,NVIDIA A100-SXM4-80GB,
2026-03-24T16:02:03.733666,BSB_ideal__Orai1WT-MDSnap-Fr499_cleaned,Orai1WT-MDSnap-Fr499_cleaned,BSB_ideal,failed,No output from any sub-box,0,0.4,,20,23,2.0,,,,,,,,223,21026,1,32,8000,10,3,NVIDIA A100-SXM4-80GB,
2026-03-24T16:02:03.757583,BSU_ideal__Orai1WT-MDSnap-Fr499_cleaned,Orai1WT-MDSnap-Fr499_cleaned,BSU_ideal,failed,No output from any sub-box,0,0.4,,16,18,1.0,,,,,,,,223,21026,1,32,8000,10,3,NVIDIA A100-SXM4-80GB,
2026-03-24T16:02:03.780246,BTL_ideal__Orai1WT-MDSnap-Fr499_cleaned,Orai1WT-MDSnap-Fr499_cleaned,BTL_ideal,failed,No output from any sub-box,0,0.4,,7,7,1.0,,,,,,,,223,21026,1,32,8000,10,3,NVIDIA A100-SXM4-80GB,
2026-03-24T16:02:03.816076,BTP_ideal__Orai1WT-MDSnap-Fr499_cleaned,Orai1WT-MDSnap-Fr499_cleaned,BTP_ideal,failed,No output from any sub-box,0,0.4,,13,15,3.0,,,,,,,,223,21026,1,32,8000,10,3,NVIDIA A100-SXM4-80GB,
2026-03-24T16:02:03.840264,BTX_ideal__Orai1WT-MDSnap-Fr499_cleaned,Orai1WT-MDSnap-Fr499_cleaned,BTX_ideal,failed,No output from any sub-box,0,0.4,,37,44,7.0,,,,,,,,223,21026,1,32,8000,10,3,NVIDIA A100-SXM4-80GB,
2026-03-24T16:02:03.864934,BU1_ideal__Orai1WT-MDSnap-Fr499_cleaned,Orai1WT-MDSnap-Fr499_cleaned,BU1_ideal,failed,No output from any sub-box,0,0.4,,6,8,2.0,,,,,,,,223,21026,1,32,8000,10,3,NVIDIA A100-SXM4-80GB,
2026-03-24T16:02:03.887569,BUI_ideal__Orai1WT-MDSnap-Fr499_cleaned,Orai1WT-MDSnap-Fr499_cleaned,BUI_ideal,failed,No output from any sub-box,0,0.4,,28,30,9.0,,,,,,,,223,21026,1,32,8000,10,3,NVIDIA A100-SXM4-80GB,
2026-03-24T16:02:03.917531,BUM_ideal__Orai1WT-MDSnap-Fr499_cleaned,Orai1WT-MDSnap-Fr499_cleaned,BUM_ideal,failed,No output from any sub-box,0,0.4,,10,13,1.0,,,,,,,,223,21026,1,32,8000,10,3,NVIDIA A100-SXM4-80GB,
2026-03-24T16:02:03.942233,BV1_ideal__Orai1WT-MDSnap-Fr499_cleaned,Orai1WT-MDSnap-Fr499_cleaned,BV1_ideal,failed,No output from any sub-box,0,0.4,,80,92,18.0,,,,,,,,223,21026,1,32,8000,10,3,NVIDIA A100-SXM4-80GB,
2026-03-24T16:02:03.966455,BV2_ideal__Orai1WT-MDSnap-Fr499_cleaned,Orai1WT-MDSnap-Fr499_cleaned,BV2_ideal,failed,No output from any sub-box,0,0.4,,84,98,20.0,,,,,,,,223,21026,1,32,8000,10,3,NVIDIA A100-SXM4-80GB,
2026-03-24T16:02:03.990339,BV3_ideal__Orai1WT-MDSnap-Fr499_cleaned,Orai1WT-MDSnap-Fr499_cleaned,BV3_ideal,failed,No output from any sub-box,0,0.4,,104,122,25.0,,,,,,,,223,21026,1,32,8000,10,3,NVIDIA A100-SXM4-80GB,
2026-03-24T16:02:04.017309,BV4_ideal__Orai1WT-MDSnap-Fr499_cleaned,Orai1WT-MDSnap-Fr499_cleaned,BV4_ideal,failed,No output from any sub-box,0,0.4,,126,144,36.0,,,,,,,,223,21026,1,32,8000,10,3,NVIDIA A100-SXM4-80GB,
2026-03-24T16:02:04.045094,BY6_ideal__Orai1WT-MDSnap-Fr499_cleaned,Orai1WT-MDSnap-Fr499_cleaned,BY6_ideal,failed,No output from any sub-box,0,0.4,,103,132,27.0,,,,,,,,223,21026,1,32,8000,10,3,NVIDIA A100-SXM4-80GB,
2026-03-24T16:02:04.069072,BZM_ideal__Orai1WT-MDSnap-Fr499_cleaned,Orai1WT-MDSnap-Fr499_cleaned,BZM_ideal,failed,No output from any sub-box,0,0.4,,16,16,2.0,,,,,,,,223,21026,1,32,8000,10,3,NVIDIA A100-SXM4-80GB,
2026-03-24T16:02:04.091395,BZQ_ideal__Orai1WT-MDSnap-Fr499_cleaned,Orai1WT-MDSnap-Fr499_cleaned,BZQ_ideal,failed,No output from any sub-box,0,0.4,,14,14,1.0,,,,,,,,223,21026,1,32,8000,10,3,NVIDIA A100-SXM4-80GB,
2026-03-24T16:02:04.117817,C11_ideal__Orai1WT-MDSnap-Fr499_cleaned,Orai1WT-MDSnap-Fr499_cleaned,C11_ideal,failed,No output from any sub-box,0,0.4,,18,19,7.0,,,,,,,,223,21026,1,32,8000,10,3,NVIDIA A100-SXM4-80GB,
2026-03-24T16:02:04.142465,C1D_ideal__Orai1WT-MDSnap-Fr499_cleaned,Orai1WT-MDSnap-Fr499_cleaned,C1D_ideal,failed,No output from any sub-box,0,0.4,,31,37,5.0,,,,,,,,223,21026,1,32,8000,10,3,NVIDIA A100-SXM4-80GB,
2026-03-24T16:02:04.165245,C1N_ideal__Orai1WT-MDSnap-Fr499_cleaned,Orai1WT-MDSnap-Fr499_cleaned,C1N_ideal,failed,No output from any sub-box,0,0.4,,40,44,8.0,,,,,,,,223,21026,1,32,8000,10,3,NVIDIA A100-SXM4-80GB,
2026-03-24T16:02:04.188360,C1R_ideal__Orai1WT-MDSnap-Fr499_cleaned,Orai1WT-MDSnap-Fr499_cleaned,C1R_ideal,failed,No output from any sub-box,0,0.4,,11,12,2.0,,,,,,,,223,21026,1,32,8000,10,3,NVIDIA A100-SXM4-80GB,
2026-03-24T16:02:04.215983,C3S_ideal__Orai1WT-MDSnap-Fr499_cleaned,Orai1WT-MDSnap-Fr499_cleaned,C3S_ideal,failed,No output from any sub-box,0,0.4,,32,33,4.0,,,,,,,,223,21026,1,32,8000,10,3,NVIDIA A100-SXM4-80GB,
2026-03-24T16:02:04.241908,C41_ideal__Orai1WT-MDSnap-Fr499_cleaned,Orai1WT-MDSnap-Fr499_cleaned,C41_ideal,failed,No output from any sub-box,0,0.4,,39,45,10.0,,,,,,,,223,21026,1,32,8000,10,3,NVIDIA A100-SXM4-80GB,
2026-03-24T16:02:04.266090,C5U_ideal__Orai1WT-MDSnap-Fr499_cleaned,Orai1WT-MDSnap-Fr499_cleaned,C5U_ideal,failed,No output from any sub-box,0,0.4,,25,26,3.0,,,,,,,,223,21026,1,32,8000,10,3,NVIDIA A100-SXM4-80GB,
2026-03-24T16:02:04.289567,C87_ideal__Orai1WT-MDSnap-Fr499_cleaned,Orai1WT-MDSnap-Fr499_cleaned,C87_ideal,failed,No output from any sub-box,0,0.4,,31,33,3.0,,,,,,,,223,21026,1,32,8000,10,3,NVIDIA A100-SXM4-80GB,
2026-03-24T16:02:04.317996,C8E_ideal__Orai1WT-MDSnap-Fr499_cleaned,Orai1WT-MDSnap-Fr499_cleaned,C8E_ideal,failed,No output from any sub-box,0,0.4,,21,22,9.0,,,,,,,,223,21026,1,32,8000,10,3,NVIDIA A100-SXM4-80GB,
2026-03-24T16:02:04.343287,C90_ideal__Orai1WT-MDSnap-Fr499_cleaned,Orai1WT-MDSnap-Fr499_cleaned,C90_ideal,failed,No output from any sub-box,0,0.4,,32,36,4.0,,,,,,,,223,21026,1,32,8000,10,3,NVIDIA A100-SXM4-80GB,
2026-03-24T16:02:04.368061,CA3_ideal__Orai1WT-MDSnap-Fr499_cleaned,Orai1WT-MDSnap-Fr499_cleaned,CA3_ideal,failed,No output from any sub-box,0,0.4,,66,78,17.0,,,,,,,,223,21026,1,32,8000,10,3,NVIDIA A100-SXM4-80GB,
2026-03-24T16:02:04.390748,CA5_ideal__Orai1WT-MDSnap-Fr499_cleaned,Orai1WT-MDSnap-Fr499_cleaned,CA5_ideal,failed,No output from any sub-box,0,0.4,,64,76,15.0,,,,,,,,223,21026,1,32,8000,10,3,NVIDIA A100-SXM4-80GB,
2026-03-24T16:02:04.417163,CAA_ideal__Orai1WT-MDSnap-Fr499_cleaned,Orai1WT-MDSnap-Fr499_cleaned,CAA_ideal,failed,No output from any sub-box,0,0.4,,54,64,14.0,,,,,,,,223,21026,1,32,8000,10,3,NVIDIA A100-SXM4-80GB,
2026-03-24T16:02:04.440797,CAI_ideal__Orai1WT-MDSnap-Fr499_cleaned,Orai1WT-MDSnap-Fr499_cleaned,CAI_ideal,failed,No output from any sub-box,0,0.4,,61,63,14.0,,,,,,,,223,21026,1,32,8000,10,3,NVIDIA A100-SXM4-80GB,
2026-03-24T16:02:04.468055,CAO_ideal__Orai1WT-MDSnap-Fr499_cleaned,Orai1WT-MDSnap-Fr499_cleaned,CAO_ideal,failed,No output from any sub-box,0,0.4,,49,60,13.0,,,,,,,,223,21026,1,32,8000,10,3,NVIDIA A100-SXM4-80GB,
2026-03-24T16:02:04.494310,CAQ_ideal__Orai1WT-MDSnap-Fr499_cleaned,Orai1WT-MDSnap-Fr499_cleaned,CAQ_ideal,failed,No output from any sub-box,0,0.4,,8,10,1.0,,,,,,,,223,21026,1,32,8000,10,3,NVIDIA A100-SXM4-80GB,
2026-03-24T16:02:04.518107,CAX_ideal__Orai1WT-MDSnap-Fr499_cleaned,Orai1WT-MDSnap-Fr499_cleaned,CAX_ideal,failed,No output from any sub-box,0,0.4,,13,15,2.0,,,,,,,,223,21026,1,32,8000,10,3,NVIDIA A100-SXM4-80GB,
2026-03-24T16:02:04.541136,CBD_ideal__Orai1WT-MDSnap-Fr499_cleaned,Orai1WT-MDSnap-Fr499_cleaned,CBD_ideal,failed,No output from any sub-box,0,0.4,,51,59,6.0,,,,,,,,223,21026,1,32,8000,10,3,NVIDIA A100-SXM4-80GB,
2026-03-24T16:02:04.565997,CBN_ideal__Orai1WT-MDSnap-Fr499_cleaned,Orai1WT-MDSnap-Fr499_cleaned,CBN_ideal,failed,No output from any sub-box,0,0.4,,49,54,6.0,,,,,,,,223,21026,1,32,8000,10,3,NVIDIA A100-SXM4-80GB,
2026-03-24T16:02:04.591600,CBO_ideal__Orai1WT-MDSnap-Fr499_cleaned,Orai1WT-MDSnap-Fr499_cleaned,CBO_ideal,failed,No output from any sub-box,0,0.4,,41,43,4.0,,,,,,,,223,21026,1,32,8000,10,3,NVIDIA A100-SXM4-80GB,
2026-03-24T16:02:04.617641,CBQ_ideal__Orai1WT-MDSnap-Fr499_cleaned,Orai1WT-MDSnap-Fr499_cleaned,CBQ_ideal,failed,No output from any sub-box,0,0.4,,17,22,4.0,,,,,,,,223,21026,1,32,8000,10,3,NVIDIA A100-SXM4-80GB,
2026-03-24T16:02:04.642223,CC0_ideal__Orai1WT-MDSnap-Fr499_cleaned,Orai1WT-MDSnap-Fr499_cleaned,CC0_ideal,failed,No output from any sub-box,0,0.4,,43,50,8.0,,,,,,,,223,21026,1,32,8000,10,3,NVIDIA A100-SXM4-80GB,
2026-03-24T16:02:04.665405,CCB_ideal__Orai1WT-MDSnap-Fr499_cleaned,Orai1WT-MDSnap-Fr499_cleaned,CCB_ideal,failed,No output from any sub-box,0,0.4,,12,12,1.0,,,,,,,,223,21026,1,32,8000,10,3,NVIDIA A100-SXM4-80GB,
2026-03-24T16:02:04.688525,CCE_ideal__Orai1WT-MDSnap-Fr499_cleaned,Orai1WT-MDSnap-Fr499_cleaned,CCE_ideal,failed,No output from any sub-box,0,0.4,,10,12,2.0,,,,,,,,223,21026,1,32,8000,10,3,NVIDIA A100-SXM4-80GB,
2026-03-24T16:02:04.717509,CCQ_ideal__Orai1WT-MDSnap-Fr499_cleaned,Orai1WT-MDSnap-Fr499_cleaned,CCQ_ideal,failed,No output from any sub-box,0,0.4,,58,68,15.0,,,,,,,,223,21026,1,32,8000,10,3,NVIDIA A100-SXM4-80GB,
2026-03-24T16:02:04.740766,CDA_ideal__Orai1WT-MDSnap-Fr499_cleaned,Orai1WT-MDSnap-Fr499_cleaned,CDA_ideal,failed,No output from any sub-box,0,0.4,,31,33,4.0,,,,,,,,223,21026,1,32,8000,10,3,NVIDIA A100-SXM4-80GB,
2026-03-24T16:02:04.779972,CDB_ideal__Orai1WT-MDSnap-Fr499_cleaned,Orai1WT-MDSnap-Fr499_cleaned,CDB_ideal,failed,No output from any sub-box,0,0.4,,32,36,4.0,,,,,,,,223,21026,1,32,8000,10,3,NVIDIA A100-SXM4-80GB,
2026-03-24T16:02:04.816847,CDD_ideal__Orai1WT-MDSnap-Fr499_cleaned,Orai1WT-MDSnap-Fr499_cleaned,CDD_ideal,failed,No output from any sub-box,0,0.4,,32,34,4.0,,,,,,,,223,21026,1,32,8000,10,3,NVIDIA A100-SXM4-80GB,
2026-03-24T16:02:04.852769,CDL_ideal__Orai1WT-MDSnap-Fr499_cleaned,Orai1WT-MDSnap-Fr499_cleaned,CDL_ideal,failed,No output from any sub-box,0,0.4,,100,101,43.0,,,,,,,,223,21026,1,32,8000,10,3,NVIDIA A100-SXM4-80GB,
2026-03-24T16:02:04.877748,CDU_ideal__Orai1WT-MDSnap-Fr499_cleaned,Orai1WT-MDSnap-Fr499_cleaned,CDU_ideal,failed,No output from any sub-box,0,0.4,,20,22,5.0,,,,,,,,223,21026,1,32,8000,10,3,NVIDIA A100-SXM4-80GB,
2026-03-24T16:02:04.901629,CDX_ideal__Orai1WT-MDSnap-Fr499_cleaned,Orai1WT-MDSnap-Fr499_cleaned,CDX_ideal,failed,No output from any sub-box,0,0.4,,19,21,1.0,,,,,,,,223,21026,1,32,8000,10,3,NVIDIA A100-SXM4-80GB,
2026-03-24T16:02:04.939153,CEQ_ideal__Orai1WT-MDSnap-Fr499_cleaned,Orai1WT-MDSnap-Fr499_cleaned,CEQ_ideal,failed,No output from any sub-box,0,0.4,,6,6,0.0,,,,,,,,223,21026,1,32,8000,10,3,NVIDIA A100-SXM4-80GB,
2026-03-24T16:02:04.964385,CG2_ideal__Orai1WT-MDSnap-Fr499_cleaned,Orai1WT-MDSnap-Fr499_cleaned,CG2_ideal,failed,No output from any sub-box,0,0.4,,40,50,7.0,,,,,,,,223,21026,1,32,8000,10,3,NVIDIA A100-SXM4-80GB,
2026-03-24T16:02:04.987727,CHL_ideal__Orai1WT-MDSnap-Fr499_cleaned,Orai1WT-MDSnap-Fr499_cleaned,CHL_ideal,failed,No output from any sub-box,0,0.4,,66,66,11.0,,,,,,,,223,21026,1,32,8000,10,3,NVIDIA A100-SXM4-80GB,
2026-03-24T16:02:05.017483,CHT_ideal__Orai1WT-MDSnap-Fr499_cleaned,Orai1WT-MDSnap-Fr499_cleaned,CHT_ideal,failed,No output from any sub-box,0,0.4,,7,8,1.0,,,,,,,,223,21026,1,32,8000,10,3,NVIDIA A100-SXM4-80GB,
2026-03-24T16:02:05.041623,CHZ_ideal__Orai1WT-MDSnap-Fr499_cleaned,Orai1WT-MDSnap-Fr499_cleaned,CHZ_ideal,failed,No output from any sub-box,0,0.4,,18,20,1.0,,,,,,,,223,21026,1,32,8000,10,3,NVIDIA A100-SXM4-80GB,
2026-03-24T16:02:05.066033,CIS_ideal__Orai1WT-MDSnap-Fr499_cleaned,Orai1WT-MDSnap-Fr499_cleaned,CIS_ideal,failed,No output from any sub-box,0,0.4,,61,67,23.0,,,,,,,,223,21026,1,32,8000,10,3,NVIDIA A100-SXM4-80GB,
2026-03-24T16:02:05.089765,CIU_ideal__Orai1WT-MDSnap-Fr499_cleaned,Orai1WT-MDSnap-Fr499_cleaned,CIU_ideal,failed,No output from any sub-box,0,0.4,,17,19,1.0,,,,,,,,223,21026,1,32,8000,10,3,NVIDIA A100-SXM4-80GB,
2026-03-24T16:02:05.116954,CK4_ideal__Orai1WT-MDSnap-Fr499_cleaned,Orai1WT-MDSnap-Fr499_cleaned,CK4_ideal,failed,No output from any sub-box,0,0.4,,24,25,2.0,,,,,,,,223,21026,1,32,8000,10,3,NVIDIA A100-SXM4-80GB,
2026-03-24T16:02:05.179871,CLL_ideal__Orai1WT-MDSnap-Fr499_cleaned,Orai1WT-MDSnap-Fr499_cleaned,CLL_ideal,failed,No output from any sub-box,0,0.4,,47,47,10.0,,,,,,,,223,21026,1,32,8000,10,3,NVIDIA A100-SXM4-80GB,
2026-03-24T16:02:05.217032,CLT_ideal__Orai1WT-MDSnap-Fr499_cleaned,Orai1WT-MDSnap-Fr499_cleaned,CLT_ideal,failed,No output from any sub-box,0,0.4,,12,13,2.0,,,,,,,,223,21026,1,32,8000,10,3,NVIDIA A100-SXM4-80GB,
2026-03-24T16:02:05.245195,CLU_ideal__Orai1WT-MDSnap-Fr499_cleaned,Orai1WT-MDSnap-Fr499_cleaned,CLU_ideal,failed,No output from any sub-box,0,0.4,,14,16,0.0,,,,,,,,223,21026,1,32,8000,10,3,NVIDIA A100-SXM4-80GB,
2026-03-24T16:02:05.269076,CLX_ideal__Orai1WT-MDSnap-Fr499_cleaned,Orai1WT-MDSnap-Fr499_cleaned,CLX_ideal,failed,No output from any sub-box,0,0.4,,6,6,0.0,,,,,,,,223,21026,1,32,8000,10,3,NVIDIA A100-SXM4-80GB,
2026-03-24T16:02:05.295434,CM1_ideal__Orai1WT-MDSnap-Fr499_cleaned,Orai1WT-MDSnap-Fr499_cleaned,CM1_ideal,failed,No output from any sub-box,0,0.4,,60,64,16.0,,,,,,,,223,21026,1,32,8000,10,3,NVIDIA A100-SXM4-80GB,
2026-03-24T16:02:05.331204,CM2_ideal__Orai1WT-MDSnap-Fr499_cleaned,Orai1WT-MDSnap-Fr499_cleaned,CM2_ideal,failed,No output from any sub-box,0,0.4,,59,63,15.0,,,,,,,,223,21026,1,32,8000,10,3,NVIDIA A100-SXM4-80GB,
2026-03-24T16:02:05.365451,CM5_ideal__Orai1WT-MDSnap-Fr499_cleaned,Orai1WT-MDSnap-Fr499_cleaned,CM5_ideal,failed,No output from any sub-box,0,0.4,,34,41,9.0,,,,,,,,223,21026,1,32,8000,10,3,NVIDIA A100-SXM4-80GB,
2026-03-24T16:02:05.390581,CNA_ideal__Orai1WT-MDSnap-Fr499_cleaned,Orai1WT-MDSnap-Fr499_cleaned,CNA_ideal,failed,No output from any sub-box,0,0.4,,44,54,9.0,,,,,,,,223,21026,1,32,8000,10,3,NVIDIA A100-SXM4-80GB,
2026-03-24T16:02:05.416194,CND_ideal__Orai1WT-MDSnap-Fr499_cleaned,Orai1WT-MDSnap-Fr499_cleaned,CND_ideal,failed,No output from any sub-box,0,0.4,,44,54,8.0,,,,,,,,223,21026,1,32,8000,10,3,NVIDIA A100-SXM4-80GB,
2026-03-24T16:02:05.441642,CNH_ideal__Orai1WT-MDSnap-Fr499_cleaned,Orai1WT-MDSnap-Fr499_cleaned,CNH_ideal,failed,No output from any sub-box,0,0.4,,6,7,0.0,,,,,,,,223,21026,1,32,8000,10,3,NVIDIA A100-SXM4-80GB,
2026-03-24T16:02:05.468496,CNS_ideal__Orai1WT-MDSnap-Fr499_cleaned,Orai1WT-MDSnap-Fr499_cleaned,CNS_ideal,failed,No output from any sub-box,0,0.4,,26,26,11.0,,,,,,,,223,21026,1,32,8000,10,3,NVIDIA A100-SXM4-80GB,
2026-03-24T16:02:05.492393,CO2_ideal__Orai1WT-MDSnap-Fr499_cleaned,Orai1WT-MDSnap-Fr499_cleaned,CO2_ideal,failed,No output from any sub-box,0,0.4,,3,3,,,,,,,,,223,21026,1,32,8000,10,3,NVIDIA A100-SXM4-80GB,
2026-03-24T16:02:05.516845,CO3_ideal__Orai1WT-MDSnap-Fr499_cleaned,Orai1WT-MDSnap-Fr499_cleaned,CO3_ideal,failed,No output from any sub-box,0,0.4,,4,4,,,,,,,,,223,21026,1,32,8000,10,3,NVIDIA A100-SXM4-80GB,
2026-03-24T16:02:05.543636,CO8_ideal__Orai1WT-MDSnap-Fr499_cleaned,Orai1WT-MDSnap-Fr499_cleaned,CO8_ideal,failed,No output from any sub-box,0,0.4,,57,67,16.0,,,,,,,,223,21026,1,32,8000,10,3,NVIDIA A100-SXM4-80GB,
2026-03-24T16:02:05.560091,COA_ideal__Orai1WT-MDSnap-Fr499_cleaned,Orai1WT-MDSnap-Fr499_cleaned,COA_ideal,failed,No output from any sub-box,0,0.4,,48,59,13.0,,,,,,,,223,21026,1,32,8000,10,3,NVIDIA A100-SXM4-80GB,
2026-03-24T16:02:05.575231,COD_ideal__Orai1WT-MDSnap-Fr499_cleaned,Orai1WT-MDSnap-Fr499_cleaned,COD_ideal,failed,No output from any sub-box,0,0.4,,44,54,11.0,,,,,,,,223,21026,1,32,8000,10,3,NVIDIA A100-SXM4-80GB,
2026-03-24T16:02:05.588697,COF_ideal__Orai1WT-MDSnap-Fr499_cleaned,Orai1WT-MDSnap-Fr499_cleaned,COF_ideal,failed,No output from any sub-box,0,0.4,,55,65,14.0,,,,,,,,223,21026,1,32,8000,10,3,NVIDIA A100-SXM4-80GB,
2026-03-24T16:02:05.616083,COS_ideal__Orai1WT-MDSnap-Fr499_cleaned,Orai1WT-MDSnap-Fr499_cleaned,COS_ideal,failed,No output from any sub-box,0,0.4,,49,60,13.0,,,,,,,,223,21026,1,32,8000,10,3,NVIDIA A100-SXM4-80GB,
2026-03-24T16:02:05.631344,COT_ideal__Orai1WT-MDSnap-Fr499_cleaned,Orai1WT-MDSnap-Fr499_cleaned,COT_ideal,failed,No output from any sub-box,0,0.4,,63,75,15.0,,,,,,,,223,21026,1,32,8000,10,3,NVIDIA A100-SXM4-80GB,
2026-03-24T16:02:05.646582,COX_ideal__Orai1WT-MDSnap-Fr499_cleaned,Orai1WT-MDSnap-Fr499_cleaned,COX_ideal,failed,No output from any sub-box,0,0.4,,22,24,2.0,,,,,,,,223,21026,1,32,8000,10,3,NVIDIA A100-SXM4-80GB,
2026-03-24T16:02:05.659577,CP0_ideal__Orai1WT-MDSnap-Fr499_cleaned,Orai1WT-MDSnap-Fr499_cleaned,CP0_ideal,failed,No output from any sub-box,0,0.4,,43,44,3.0,,,,,,,,223,21026,1,32,8000,10,3,NVIDIA A100-SXM4-80GB,
2026-03-24T16:02:05.674435,CP4_ideal__Orai1WT-MDSnap-Fr499_cleaned,Orai1WT-MDSnap-Fr499_cleaned,CP4_ideal,failed,No output from any sub-box,0,0.4,,34,38,5.0,,,,,,,,223,21026,1,32,8000,10,3,NVIDIA A100-SXM4-80GB,
2026-03-24T16:02:05.689816,CP5_ideal__Orai1WT-MDSnap-Fr499_cleaned,Orai1WT-MDSnap-Fr499_cleaned,CP5_ideal,failed,No output from any sub-box,0,0.4,,15,15,2.0,,,,,,,,223,21026,1,32,8000,10,3,NVIDIA A100-SXM4-80GB,
2026-03-24T16:02:05.716898,CPJ_ideal__Orai1WT-MDSnap-Fr499_cleaned,Orai1WT-MDSnap-Fr499_cleaned,CPJ_ideal,failed,No output from any sub-box,0,0.4,,30,34,5.0,,,,,,,,223,21026,1,32,8000,10,3,NVIDIA A100-SXM4-80GB,
2026-03-24T16:02:05.737980,CPL_ideal__Orai1WT-MDSnap-Fr499_cleaned,Orai1WT-MDSnap-Fr499_cleaned,CPL_ideal,failed,No output from any sub-box,0,0.4,,52,52,20.0,,,,,,,,223,21026,1,32,8000,10,3,NVIDIA A100-SXM4-80GB,
2026-03-24T16:02:05.756402,CPQ_ideal__Orai1WT-MDSnap-Fr499_cleaned,Orai1WT-MDSnap-Fr499_cleaned,CPQ_ideal,failed,No output from any sub-box,0,0.4,,60,74,17.0,,,,,,,,223,21026,1,32,8000,10,3,NVIDIA A100-SXM4-80GB,
2026-03-24T16:02:05.775810,CPZ_ideal__Orai1WT-MDSnap-Fr499_cleaned,Orai1WT-MDSnap-Fr499_cleaned,CPZ_ideal,failed,No output from any sub-box,0,0.4,,12,13,0.0,,,,,,,,223,21026,1,32,8000,10,3,NVIDIA A100-SXM4-80GB,
2026-03-24T16:02:05.794117,CRZ_ideal__Orai1WT-MDSnap-Fr499_cleaned,Orai1WT-MDSnap-Fr499_cleaned,CRZ_ideal,failed,No output from any sub-box,0,0.4,,19,20,2.0,,,,,,,,223,21026,1,32,8000,10,3,NVIDIA A100-SXM4-80GB,
2026-03-24T16:02:05.815892,CVB_ideal__Orai1WT-MDSnap-Fr499_cleaned,Orai1WT-MDSnap-Fr499_cleaned,CVB_ideal,failed,No output from any sub-box,0,0.4,,14,17,3.0,,,,,,,,223,21026,1,32,8000,10,3,NVIDIA A100-SXM4-80GB,
2026-03-24T16:02:05.839461,CXF_ideal__Orai1WT-MDSnap-Fr499_cleaned,Orai1WT-MDSnap-Fr499_cleaned,CXF_ideal,failed,No output from any sub-box,0,0.4,,9,10,0.0,,,,,,,,223,21026,1,32,8000,10,3,NVIDIA A100-SXM4-80GB,
2026-03-24T16:02:05.859297,CXL_ideal__Orai1WT-MDSnap-Fr499_cleaned,Orai1WT-MDSnap-Fr499_cleaned,CXL_ideal,failed,No output from any sub-box,0,0.4,,7,8,0.0,,,,,,,,223,21026,1,32,8000,10,3,NVIDIA A100-SXM4-80GB,
2026-03-24T16:02:05.883634,CXP_ideal__Orai1WT-MDSnap-Fr499_cleaned,Orai1WT-MDSnap-Fr499_cleaned,CXP_ideal,failed,No output from any sub-box,0,0.4,,11,12,2.0,,,,,,,,223,21026,1,32,8000,10,3,NVIDIA A100-SXM4-80GB,
2026-03-24T16:02:05.916117,CYH_ideal__Orai1WT-MDSnap-Fr499_cleaned,Orai1WT-MDSnap-Fr499_cleaned,CYH_ideal,failed,No output from any sub-box,0,0.4,,7,7,,,,,,,,,223,21026,1,32,8000,10,3,NVIDIA A100-SXM4-80GB,
2026-03-24T16:02:05.941065,CYU_ideal__Orai1WT-MDSnap-Fr499_cleaned,Orai1WT-MDSnap-Fr499_cleaned,CYU_ideal,failed,No output from any sub-box,0,0.4,,70,78,16.0,,,,,,,,223,21026,1,32,8000,10,3,NVIDIA A100-SXM4-80GB,
2026-03-24T16:02:05.964901,D1D_ideal__Orai1WT-MDSnap-Fr499_cleaned,Orai1WT-MDSnap-Fr499_cleaned,D1D_ideal,failed,No output from any sub-box,0,0.4,,8,10,1.0,,,,,,,,223,21026,1,32,8000,10,3,NVIDIA A100-SXM4-80GB,
2026-03-24T16:02:05.987519,D4G_ideal__Orai1WT-MDSnap-Fr499_cleaned,Orai1WT-MDSnap-Fr499_cleaned,D4G_ideal,failed,No output from any sub-box,0,0.4,,14,14,1.0,,,,,,,,223,21026,1,32,8000,10,3,NVIDIA A100-SXM4-80GB,
2026-03-24T16:02:06.020596,D4P_ideal__Orai1WT-MDSnap-Fr499_cleaned,Orai1WT-MDSnap-Fr499_cleaned,D4P_ideal,failed,No output from any sub-box,0,0.4,,12,16,2.0,,,,,,,,223,21026,1,32,8000,10,3,NVIDIA A100-SXM4-80GB,
2026-03-24T16:02:06.045445,D8W_ideal__Orai1WT-MDSnap-Fr499_cleaned,Orai1WT-MDSnap-Fr499_cleaned,D8W_ideal,failed,No output from any sub-box,0,0.4,,19,22,2.0,,,,,,,,223,21026,1,32,8000,10,3,NVIDIA A100-SXM4-80GB,
2026-03-24T16:02:06.068760,DAK_ideal__Orai1WT-MDSnap-Fr499_cleaned,Orai1WT-MDSnap-Fr499_cleaned,DAK_ideal,failed,No output from any sub-box,0,0.4,,61,71,15.0,,,,,,,,223,21026,1,32,8000,10,3,NVIDIA A100-SXM4-80GB,
2026-03-24T16:02:06.118706,DB8_ideal__Orai1WT-MDSnap-Fr499_cleaned,Orai1WT-MDSnap-Fr499_cleaned,DB8_ideal,failed,No output from any sub-box,0,0.4,,36,37,4.0,,,,,,,,223,21026,1,32,8000,10,3,NVIDIA A100-SXM4-80GB,
2026-03-24T16:02:06.143903,DBA_ideal__Orai1WT-MDSnap-Fr499_cleaned,Orai1WT-MDSnap-Fr499_cleaned,DBA_ideal,failed,No output from any sub-box,0,0.4,,13,14,2.0,,,,,,,,223,21026,1,32,8000,10,3,NVIDIA A100-SXM4-80GB,
2026-03-24T16:02:06.165387,DBE_ideal__Orai1WT-MDSnap-Fr499_cleaned,Orai1WT-MDSnap-Fr499_cleaned,DBE_ideal,failed,No output from any sub-box,0,0.4,,16,18,2.0,,,,,,,,223,21026,1,32,8000,10,3,NVIDIA A100-SXM4-80GB,
2026-03-24T16:02:06.190013,DBF_ideal__Orai1WT-MDSnap-Fr499_cleaned,Orai1WT-MDSnap-Fr499_cleaned,DBF_ideal,failed,No output from any sub-box,0,0.4,,19,21,2.0,,,,,,,,223,21026,1,32,8000,10,3,NVIDIA A100-SXM4-80GB,
2026-03-24T16:02:06.216275,DBY_ideal__Orai1WT-MDSnap-Fr499_cleaned,Orai1WT-MDSnap-Fr499_cleaned,DBY_ideal,failed,No output from any sub-box,0,0.4,,15,19,3.0,,,,,,,,223,21026,1,32,8000,10,3,NVIDIA A100-SXM4-80GB,
2026-03-24T16:02:06.239378,DCA_ideal__Orai1WT-MDSnap-Fr499_cleaned,Orai1WT-MDSnap-Fr499_cleaned,DCA_ideal,failed,No output from any sub-box,0,0.4,,47,57,12.0,,,,,,,,223,21026,1,32,8000,10,3,NVIDIA A100-SXM4-80GB,
2026-03-24T16:02:06.262446,DCC_ideal__Orai1WT-MDSnap-Fr499_cleaned,Orai1WT-MDSnap-Fr499_cleaned,DCC_ideal,failed,No output from any sub-box,0,0.4,,61,71,18.0,,,,,,,,223,21026,1,32,8000,10,3,NVIDIA A100-SXM4-80GB,
2026-03-24T16:02:06.287324,DCD_ideal__Orai1WT-MDSnap-Fr499_cleaned,Orai1WT-MDSnap-Fr499_cleaned,DCD_ideal,failed,No output from any sub-box,0,0.4,,8,9,1.0,,,,,,,,223,21026,1,32,8000,10,3,NVIDIA A100-SXM4-80GB,
2026-03-24T16:02:06.315974,DCE_ideal__Orai1WT-MDSnap-Fr499_cleaned,Orai1WT-MDSnap-Fr499_cleaned,DCE_ideal,failed,No output from any sub-box,0,0.4,,4,4,0.0,,,,,,,,223,21026,1,32,8000,10,3,NVIDIA A100-SXM4-80GB,
2026-03-24T16:02:06.340666,DCO_ideal__Orai1WT-MDSnap-Fr499_cleaned,Orai1WT-MDSnap-Fr499_cleaned,DCO_ideal,failed,No output from any sub-box,0,0.4,,12,15,3.0,,,,,,,,223,21026,1,32,8000,10,3,NVIDIA A100-SXM4-80GB,
2026-03-24T16:02:06.364461,DDF_ideal__Orai1WT-MDSnap-Fr499_cleaned,Orai1WT-MDSnap-Fr499_cleaned,DDF_ideal,failed,No output from any sub-box,0,0.4,,32,39,6.0,,,,,,,,223,21026,1,32,8000,10,3,NVIDIA A100-SXM4-80GB,
2026-03-24T16:02:06.387420,DDP_ideal__Orai1WT-MDSnap-Fr499_cleaned,Orai1WT-MDSnap-Fr499_cleaned,DDP_ideal,failed,No output from any sub-box,0,0.4,,10,16,2.0,,,,,,,,223,21026,1,32,8000,10,3,NVIDIA A100-SXM4-80GB,
2026-03-24T16:02:06.416297,DDT_ideal__Orai1WT-MDSnap-Fr499_cleaned,Orai1WT-MDSnap-Fr499_cleaned,DDT_ideal,failed,No output from any sub-box,0,0.4,,45,47,6.0,,,,,,,,223,21026,1,32,8000,10,3,NVIDIA A100-SXM4-80GB,
2026-03-24T16:02:06.439836,DEO_ideal__Orai1WT-MDSnap-Fr499_cleaned,Orai1WT-MDSnap-Fr499_cleaned,DEO_ideal,failed,No output from any sub-box,0,0.4,,35,36,5.0,,,,,,,,223,21026,1,32,8000,10,3,NVIDIA A100-SXM4-80GB,
2026-03-24T16:02:06.463520,DEP_ideal__Orai1WT-MDSnap-Fr499_cleaned,Orai1WT-MDSnap-Fr499_cleaned,DEP_ideal,failed,No output from any sub-box,0,0.4,,8,9,2.0,,,,,,,,223,21026,1,32,8000,10,3,NVIDIA A100-SXM4-80GB,
2026-03-24T16:02:06.486020,DEQ_ideal__Orai1WT-MDSnap-Fr499_cleaned,Orai1WT-MDSnap-Fr499_cleaned,DEQ_ideal,failed,No output from any sub-box,0,0.4,,34,38,6.0,,,,,,,,223,21026,1,32,8000,10,3,NVIDIA A100-SXM4-80GB,
2026-03-24T16:02:06.517200,DES_ideal__Orai1WT-MDSnap-Fr499_cleaned,Orai1WT-MDSnap-Fr499_cleaned,DES_ideal,failed,No output from any sub-box,0,0.4,,20,22,3.0,,,,,,,,223,21026,1,32,8000,10,3,NVIDIA A100-SXM4-80GB,
2026-03-24T16:02:06.541110,DFA_ideal__Orai1WT-MDSnap-Fr499_cleaned,Orai1WT-MDSnap-Fr499_cleaned,DFA_ideal,failed,No output from any sub-box,0,0.4,,16,17,2.0,,,,,,,,223,21026,1,32,8000,10,3,NVIDIA A100-SXM4-80GB,
2026-03-24T16:02:06.566013,DFP_ideal__Orai1WT-MDSnap-Fr499_cleaned,Orai1WT-MDSnap-Fr499_cleaned,DFP_ideal,failed,No output from any sub-box,0,0.4,,10,11,2.0,,,,,,,,223,21026,1,32,8000,10,3,NVIDIA A100-SXM4-80GB,
2026-03-24T16:02:06.589030,DGB_ideal__Orai1WT-MDSnap-Fr499_cleaned,Orai1WT-MDSnap-Fr499_cleaned,DGB_ideal,failed,No output from any sub-box,0,0.4,,29,30,4.0,,,,,,,,223,21026,1,32,8000,10,3,NVIDIA A100-SXM4-80GB,
2026-03-24T16:02:06.616144,DGD_ideal__Orai1WT-MDSnap-Fr499_cleaned,Orai1WT-MDSnap-Fr499_cleaned,DGD_ideal,failed,No output from any sub-box,0,0.4,,66,73,25.0,,,,,,,,223,21026,1,32,8000,10,3,NVIDIA A100-SXM4-80GB,
2026-03-24T16:02:06.640784,DGG_ideal__Orai1WT-MDSnap-Fr499_cleaned,Orai1WT-MDSnap-Fr499_cleaned,DGG_ideal,failed,No output from any sub-box,0,0.4,,50,53,21.0,,,,,,,,223,21026,1,32,8000,10,3,NVIDIA A100-SXM4-80GB,
2026-03-24T16:02:06.664273,DGX_ideal__Orai1WT-MDSnap-Fr499_cleaned,Orai1WT-MDSnap-Fr499_cleaned,DGX_ideal,failed,No output from any sub-box,0,0.4,,55,61,6.0,,,,,,,,223,21026,1,32,8000,10,3,NVIDIA A100-SXM4-80GB,
2026-03-24T16:02:06.687500,DHG_ideal__Orai1WT-MDSnap-Fr499_cleaned,Orai1WT-MDSnap-Fr499_cleaned,DHG_ideal,failed,No output from any sub-box,0,0.4,,28,31,11.0,,,,,,,,223,21026,1,32,8000,10,3,NVIDIA A100-SXM4-80GB,
2026-03-24T16:02:06.716677,DHR_ideal__Orai1WT-MDSnap-Fr499_cleaned,Orai1WT-MDSnap-Fr499_cleaned,DHR_ideal,failed,No output from any sub-box,0,0.4,,11,13,1.0,,,,,,,,223,21026,1,32,8000,10,3,NVIDIA A100-SXM4-80GB,
2026-03-24T16:02:06.740840,DI4_ideal__Orai1WT-MDSnap-Fr499_cleaned,Orai1WT-MDSnap-Fr499_cleaned,DI4_ideal,failed,No output from any sub-box,0,0.4,,32,38,8.0,,,,,,,,223,21026,1,32,8000,10,3,NVIDIA A100-SXM4-80GB,
2026-03-24T16:02:06.764641,DID_ideal__Orai1WT-MDSnap-Fr499_cleaned,Orai1WT-MDSnap-Fr499_cleaned,DID_ideal,failed,No output from any sub-box,0,0.4,,26,32,5.0,,,,,,,,223,21026,1,32,8000,10,3,NVIDIA A100-SXM4-80GB,
2026-03-24T16:02:06.834688,DIF_ideal__Orai1WT-MDSnap-Fr499_cleaned,Orai1WT-MDSnap-Fr499_cleaned,DIF_ideal,failed,No output from any sub-box,0,0.4,,19,21,2.0,,,,,,,,223,21026,1,32,8000,10,3,NVIDIA A100-SXM4-80GB,
2026-03-24T16:02:06.859188,DII_ideal__Orai1WT-MDSnap-Fr499_cleaned,Orai1WT-MDSnap-Fr499_cleaned,DII_ideal,failed,No output from any sub-box,0,0.4,,11,11,2.0,,,,,,,,223,21026,1,32,8000,10,3,NVIDIA A100-SXM4-80GB,
2026-03-24T16:02:06.882302,DIO_ideal__Orai1WT-MDSnap-Fr499_cleaned,Orai1WT-MDSnap-Fr499_cleaned,DIO_ideal,failed,No output from any sub-box,0,0.4,,6,6,,,,,,,,,223,21026,1,32,8000,10,3,NVIDIA A100-SXM4-80GB,
2026-03-24T16:02:06.915810,DKK_ideal__Orai1WT-MDSnap-Fr499_cleaned,Orai1WT-MDSnap-Fr499_cleaned,DKK_ideal,failed,No output from any sub-box,0,0.4,,31,37,5.0,,,,,,,,223,21026,1,32,8000,10,3,NVIDIA A100-SXM4-80GB,
2026-03-24T16:02:06.946092,DKT_ideal__Orai1WT-MDSnap-Fr499_cleaned,Orai1WT-MDSnap-Fr499_cleaned,DKT_ideal,failed,No output from any sub-box,0,0.4,,55,65,12.0,,,,,,,,223,21026,1,32,8000,10,3,NVIDIA A100-SXM4-80GB,
2026-03-24T16:02:06.970834,DLP_ideal__Orai1WT-MDSnap-Fr499_cleaned,Orai1WT-MDSnap-Fr499_cleaned,DLP_ideal,failed,No output from any sub-box,0,0.4,,54,54,20.0,,,,,,,,223,21026,1,32,8000,10,3,NVIDIA A100-SXM4-80GB,
2026-03-24T16:02:06.993828,DMB_ideal__Orai1WT-MDSnap-Fr499_cleaned,Orai1WT-MDSnap-Fr499_cleaned,DMB_ideal,failed,No output from any sub-box,0,0.4,,20,22,2.0,,,,,,,,223,21026,1,32,8000,10,3,NVIDIA A100-SXM4-80GB,
2026-03-24T16:02:07.016789,DMF_ideal__Orai1WT-MDSnap-Fr499_cleaned,Orai1WT-MDSnap-Fr499_cleaned,DMF_ideal,failed,No output from any sub-box,0,0.4,,5,5,,,,,,,,,223,21026,1,32,8000,10,3,NVIDIA A100-SXM4-80GB,
2026-03-24T16:02:07.040575,DMS_ideal__Orai1WT-MDSnap-Fr499_cleaned,Orai1WT-MDSnap-Fr499_cleaned,DMS_ideal,failed,No output from any sub-box,0,0.4,,4,4,,,,,,,,,223,21026,1,32,8000,10,3,NVIDIA A100-SXM4-80GB,
2026-03-24T16:02:07.064078,DMW_ideal__Orai1WT-MDSnap-Fr499_cleaned,Orai1WT-MDSnap-Fr499_cleaned,DMW_ideal,failed,No output from any sub-box,0,0.4,,14,14,,,,,,,,,223,21026,1,32,8000,10,3,NVIDIA A100-SXM4-80GB,
2026-03-24T16:02:07.086162,DMY_ideal__Orai1WT-MDSnap-Fr499_cleaned,Orai1WT-MDSnap-Fr499_cleaned,DMY_ideal,failed,No output from any sub-box,0,0.4,,35,42,4.0,,,,,,,,223,21026,1,32,8000,10,3,NVIDIA A100-SXM4-80GB,
2026-03-24T16:02:07.116489,DMZ_ideal__Orai1WT-MDSnap-Fr499_cleaned,Orai1WT-MDSnap-Fr499_cleaned,DMZ_ideal,failed,No output from any sub-box,0,0.4,,23,23,2.0,,,,,,,,223,21026,1,32,8000,10,3,NVIDIA A100-SXM4-80GB,
2026-03-24T16:02:07.144792,DN0_ideal__Orai1WT-MDSnap-Fr499_cleaned,Orai1WT-MDSnap-Fr499_cleaned,DN0_ideal,failed,No output from any sub-box,0,0.4,,32,33,4.0,,,,,,,,223,21026,1,32,8000,10,3,NVIDIA A100-SXM4-80GB,
2026-03-24T16:02:07.168383,DND_ideal__Orai1WT-MDSnap-Fr499_cleaned,Orai1WT-MDSnap-Fr499_cleaned,DND_ideal,failed,No output from any sub-box,0,0.4,,44,53,9.0,,,,,,,,223,21026,1,32,8000,10,3,NVIDIA A100-SXM4-80GB,
2026-03-24T16:02:07.189989,DNQ_ideal__Orai1WT-MDSnap-Fr499_cleaned,Orai1WT-MDSnap-Fr499_cleaned,DNQ_ideal,failed,No output from any sub-box,0,0.4,,18,18,1.0,,,,,,,,223,21026,1,32,8000,10,3,NVIDIA A100-SXM4-80GB,
2026-03-24T16:02:07.215636,DOL_ideal__Orai1WT-MDSnap-Fr499_cleaned,Orai1WT-MDSnap-Fr499_cleaned,DOL_ideal,failed,No output from any sub-box,0,0.4,,50,52,11.0,,,,,,,,223,21026,1,32,8000,10,3,NVIDIA A100-SXM4-80GB,
2026-03-24T16:02:07.239178,DP4_ideal__Orai1WT-MDSnap-Fr499_cleaned,Orai1WT-MDSnap-Fr499_cleaned,DP4_ideal,failed,No output from any sub-box,0,0.4,,17,17,1.0,,,,,,,,223,21026,1,32,8000,10,3,NVIDIA A100-SXM4-80GB,
2026-03-24T16:02:07.262313,DPJ_ideal__Orai1WT-MDSnap-Fr499_cleaned,Orai1WT-MDSnap-Fr499_cleaned,DPJ_ideal,failed,No output from any sub-box,0,0.4,,9,10,2.0,,,,,,,,223,21026,1,32,8000,10,3,NVIDIA A100-SXM4-80GB,
2026-03-24T16:02:07.284821,DPN_ideal__Orai1WT-MDSnap-Fr499_cleaned,Orai1WT-MDSnap-Fr499_cleaned,DPN_ideal,failed,No output from any sub-box,0,0.4,,12,15,2.0,,,,,,,,223,21026,1,32,8000,10,3,NVIDIA A100-SXM4-80GB,
2026-03-24T16:02:07.316065,DPT_ideal__Orai1WT-MDSnap-Fr499_cleaned,Orai1WT-MDSnap-Fr499_cleaned,DPT_ideal,failed,No output from any sub-box,0,0.4,,16,16,,,,,,,,,223,21026,1,32,8000,10,3,NVIDIA A100-SXM4-80GB,
2026-03-24T16:02:07.337983,DQN_ideal__Orai1WT-MDSnap-Fr499_cleaned,Orai1WT-MDSnap-Fr499_cleaned,DQN_ideal,failed,No output from any sub-box,0,0.4,,12,12,,,,,,,,,223,21026,1,32,8000,10,3,NVIDIA A100-SXM4-80GB,
2026-03-24T16:02:07.361347,DR6_ideal__Orai1WT-MDSnap-Fr499_cleaned,Orai1WT-MDSnap-Fr499_cleaned,DR6_ideal,failed,No output from any sub-box,0,0.4,,105,106,47.0,,,,,,,,223,21026,1,32,8000,10,3,NVIDIA A100-SXM4-80GB,
2026-03-24T16:02:07.384130,DR7_ideal__Orai1WT-MDSnap-Fr499_cleaned,Orai1WT-MDSnap-Fr499_cleaned,DR7_ideal,failed,No output from any sub-box,0,0.4,,51,56,9.0,,,,,,,,223,21026,1,32,8000,10,3,NVIDIA A100-SXM4-80GB,
2026-03-24T16:02:07.416192,DR9_ideal__Orai1WT-MDSnap-Fr499_cleaned,Orai1WT-MDSnap-Fr499_cleaned,DR9_ideal,failed,No output from any sub-box,0,0.4,,51,54,21.0,,,,,,,,223,21026,1,32,8000,10,3,NVIDIA A100-SXM4-80GB,
2026-03-24T16:02:07.440519,DRA_ideal__Orai1WT-MDSnap-Fr499_cleaned,Orai1WT-MDSnap-Fr499_cleaned,DRA_ideal,failed,No output from any sub-box,0,0.4,,55,60,6.0,,,,,,,,223,21026,1,32,8000,10,3,NVIDIA A100-SXM4-80GB,
2026-03-24T16:02:07.463456,DSM_ideal__Orai1WT-MDSnap-Fr499_cleaned,Orai1WT-MDSnap-Fr499_cleaned,DSM_ideal,failed,No output from any sub-box,0,0.4,,22,23,4.0,,,,,,,,223,21026,1,32,8000,10,3,NVIDIA A100-SXM4-80GB,
2026-03-24T16:02:07.488749,DSO_ideal__Orai1WT-MDSnap-Fr499_cleaned,Orai1WT-MDSnap-Fr499_cleaned,DSO_ideal,failed,No output from any sub-box,0,0.4,,38,40,6.0,,,,,,,,223,21026,1,32,8000,10,3,NVIDIA A100-SXM4-80GB,
2026-03-24T16:02:07.515732,DTD_ideal__Orai1WT-MDSnap-Fr499_cleaned,Orai1WT-MDSnap-Fr499_cleaned,DTD_ideal,failed,No output from any sub-box,0,0.4,,8,10,1.0,,,,,,,,223,21026,1,32,8000,10,3,NVIDIA A100-SXM4-80GB,
2026-03-24T16:02:07.537493,DTL_ideal__Orai1WT-MDSnap-Fr499_cleaned,Orai1WT-MDSnap-Fr499_cleaned,DTL_ideal,failed,No output from any sub-box,0,0.4,,8,12,3.0,,,,,,,,223,21026,1,32,8000,10,3,NVIDIA A100-SXM4-80GB,
2026-03-24T16:02:07.580673,DTT_ideal__Orai1WT-MDSnap-Fr499_cleaned,Orai1WT-MDSnap-Fr499_cleaned,DTT_ideal,failed,No output from any sub-box,0,0.4,,8,12,3.0,,,,,,,,223,21026,1,32,8000,10,3,NVIDIA A100-SXM4-80GB,
2026-03-24T16:02:07.616915,DTV_ideal__Orai1WT-MDSnap-Fr499_cleaned,Orai1WT-MDSnap-Fr499_cleaned,DTV_ideal,failed,No output from any sub-box,0,0.4,,8,12,3.0,,,,,,,,223,21026,1,32,8000,10,3,NVIDIA A100-SXM4-80GB,
2026-03-24T16:02:07.641265,DTY_ideal__Orai1WT-MDSnap-Fr499_cleaned,Orai1WT-MDSnap-Fr499_cleaned,DTY_ideal,failed,No output from any sub-box,0,0.4,,13,17,3.0,,,,,,,,223,21026,1,32,8000,10,3,NVIDIA A100-SXM4-80GB,
2026-03-24T16:02:07.663624,DVP_ideal__Orai1WT-MDSnap-Fr499_cleaned,Orai1WT-MDSnap-Fr499_cleaned,DVP_ideal,failed,No output from any sub-box,0,0.4,,32,37,4.0,,,,,,,,223,21026,1,32,8000,10,3,NVIDIA A100-SXM4-80GB,
2026-03-24T16:02:07.689753,DXE_ideal__Orai1WT-MDSnap-Fr499_cleaned,Orai1WT-MDSnap-Fr499_cleaned,DXE_ideal,failed,No output from any sub-box,0,0.4,,6,6,1.0,,,,,,,,223,21026,1,32,8000,10,3,NVIDIA A100-SXM4-80GB,
2026-03-24T16:02:07.716181,DXX_ideal__Orai1WT-MDSnap-Fr499_cleaned,Orai1WT-MDSnap-Fr499_cleaned,DXX_ideal,failed,No output from any sub-box,0,0.4,,8,10,2.0,,,,,,,,223,21026,1,32,8000,10,3,NVIDIA A100-SXM4-80GB,
2026-03-24T16:02:07.741036,DZ1_ideal__Orai1WT-MDSnap-Fr499_cleaned,Orai1WT-MDSnap-Fr499_cleaned,DZ1_ideal,failed,No output from any sub-box,0,0.4,,20,22,1.0,,,,,,,,223,21026,1,32,8000,10,3,NVIDIA A100-SXM4-80GB,
2026-03-24T16:02:07.770712,DZ2_ideal__Orai1WT-MDSnap-Fr499_cleaned,Orai1WT-MDSnap-Fr499_cleaned,DZ2_ideal,failed,No output from any sub-box,0,0.4,,20,22,1.0,,,,,,,,223,21026,1,32,8000,10,3,NVIDIA A100-SXM4-80GB,
2026-03-24T16:02:07.793978,DZ3_ideal__Orai1WT-MDSnap-Fr499_cleaned,Orai1WT-MDSnap-Fr499_cleaned,DZ3_ideal,failed,No output from any sub-box,0,0.4,,21,24,2.0,,,,,,,,223,21026,1,32,8000,10,3,NVIDIA A100-SXM4-80GB,
2026-03-24T16:02:07.817855,DZZ_ideal__Orai1WT-MDSnap-Fr499_cleaned,Orai1WT-MDSnap-Fr499_cleaned,DZZ_ideal,failed,No output from any sub-box,0,0.4,,7,8,1.0,,,,,,,,223,21026,1,32,8000,10,3,NVIDIA A100-SXM4-80GB,
2026-03-24T16:02:07.840721,E1P_ideal__Orai1WT-MDSnap-Fr499_cleaned,Orai1WT-MDSnap-Fr499_cleaned,E1P_ideal,failed,No output from any sub-box,0,0.4,,13,13,1.0,,,,,,,,223,21026,1,32,8000,10,3,NVIDIA A100-SXM4-80GB,
2026-03-24T16:02:07.864411,E4B_ideal__Orai1WT-MDSnap-Fr499_cleaned,Orai1WT-MDSnap-Fr499_cleaned,E4B_ideal,failed,No output from any sub-box,0,0.4,,12,13,2.0,,,,,,,,223,21026,1,32,8000,10,3,NVIDIA A100-SXM4-80GB,
2026-03-24T16:02:07.887260,E55_ideal__Orai1WT-MDSnap-Fr499_cleaned,Orai1WT-MDSnap-Fr499_cleaned,E55_ideal,failed,No output from any sub-box,0,0.4,,89,96,32.0,,,,,,,,223,21026,1,32,8000,10,3,NVIDIA A100-SXM4-80GB,
2026-03-24T16:02:07.916354,EAO_ideal__Orai1WT-MDSnap-Fr499_cleaned,Orai1WT-MDSnap-Fr499_cleaned,EAO_ideal,failed,No output from any sub-box,0,0.4,,19,21,3.0,,,,,,,,223,21026,1,32,8000,10,3,NVIDIA A100-SXM4-80GB,
2026-03-24T16:02:07.940778,ED9_ideal__Orai1WT-MDSnap-Fr499_cleaned,Orai1WT-MDSnap-Fr499_cleaned,ED9_ideal,failed,No output from any sub-box,0,0.4,,35,39,7.0,,,,,,,,223,21026,1,32,8000,10,3,NVIDIA A100-SXM4-80GB,
2026-03-24T16:02:07.964178,EDN_ideal__Orai1WT-MDSnap-Fr499_cleaned,Orai1WT-MDSnap-Fr499_cleaned,EDN_ideal,failed,No output from any sub-box,0,0.4,,4,8,1.0,,,,,,,,223,21026,1,32,8000,10,3,NVIDIA A100-SXM4-80GB,
2026-03-24T16:02:07.988386,EF6_ideal__Orai1WT-MDSnap-Fr499_cleaned,Orai1WT-MDSnap-Fr499_cleaned,EF6_ideal,failed,No output from any sub-box,0,0.4,,24,28,2.0,,,,,,,,223,21026,1,32,8000,10,3,NVIDIA A100-SXM4-80GB,
2026-03-24T16:02:08.017382,EG3_ideal__Orai1WT-MDSnap-Fr499_cleaned,Orai1WT-MDSnap-Fr499_cleaned,EG3_ideal,failed,No output from any sub-box,0,0.4,,33,39,8.0,,,,,,,,223,21026,1,32,8000,10,3,NVIDIA A100-SXM4-80GB,
2026-03-24T16:02:08.040641,EH5_ideal__Orai1WT-MDSnap-Fr499_cleaned,Orai1WT-MDSnap-Fr499_cleaned,EH5_ideal,failed,No output from any sub-box,0,0.4,,59,61,10.0,,,,,,,,223,21026,1,32,8000,10,3,NVIDIA A100-SXM4-80GB,
2026-03-24T16:02:08.064303,EHA_ideal__Orai1WT-MDSnap-Fr499_cleaned,Orai1WT-MDSnap-Fr499_cleaned,EHA_ideal,failed,No output from any sub-box,0,0.4,,39,40,6.0,,,,,,,,223,21026,1,32,8000,10,3,NVIDIA A100-SXM4-80GB,
2026-03-24T16:02:08.086457,EI3_ideal__Orai1WT-MDSnap-Fr499_cleaned,Orai1WT-MDSnap-Fr499_cleaned,EI3_ideal,failed,No output from any sub-box,0,0.4,,14,14,0.0,,,,,,,,223,21026,1,32,8000,10,3,NVIDIA A100-SXM4-80GB,
2026-03-24T16:02:08.116007,ELA_ideal__Orai1WT-MDSnap-Fr499_cleaned,Orai1WT-MDSnap-Fr499_cleaned,ELA_ideal,failed,No output from any sub-box,0,0.4,,20,21,8.0,,,,,,,,223,21026,1,32,8000,10,3,NVIDIA A100-SXM4-80GB,
2026-03-24T16:02:08.139619,ELD_ideal__Orai1WT-MDSnap-Fr499_cleaned,Orai1WT-MDSnap-Fr499_cleaned,ELD_ideal,failed,No output from any sub-box,0,0.4,,20,22,7.0,,,,,,,,223,21026,1,32,8000,10,3,NVIDIA A100-SXM4-80GB,
2026-03-24T16:02:08.162867,EM1_ideal__Orai1WT-MDSnap-Fr499_cleaned,Orai1WT-MDSnap-Fr499_cleaned,EM1_ideal,failed,No output from any sub-box,0,0.4,,62,65,12.0,,,,,,,,223,21026,1,32,8000,10,3,NVIDIA A100-SXM4-80GB,
2026-03-24T16:02:08.185090,EMH_ideal__Orai1WT-MDSnap-Fr499_cleaned,Orai1WT-MDSnap-Fr499_cleaned,EMH_ideal,failed,No output from any sub-box,0,0.4,,36,37,1.0,,,,,,,,223,21026,1,32,8000,10,3,NVIDIA A100-SXM4-80GB,
2026-03-24T16:02:08.216588,EMR_ideal__Orai1WT-MDSnap-Fr499_cleaned,Orai1WT-MDSnap-Fr499_cleaned,EMR_ideal,failed,No output from any sub-box,0,0.4,,9,11,1.0,,,,,,,,223,21026,1,32,8000,10,3,NVIDIA A100-SXM4-80GB,
2026-03-24T16:02:08.238950,ENA_ideal__Orai1WT-MDSnap-Fr499_cleaned,Orai1WT-MDSnap-Fr499_cleaned,ENA_ideal,failed,No output from any sub-box,0,0.4,,46,53,7.0,,,,,,,,223,21026,1,32,8000,10,3,NVIDIA A100-SXM4-80GB,
2026-03-24T16:02:08.263529,ENB_ideal__Orai1WT-MDSnap-Fr499_cleaned,Orai1WT-MDSnap-Fr499_cleaned,ENB_ideal,failed,No output from any sub-box,0,0.4,,40,44,7.0,,,,,,,,223,21026,1,32,8000,10,3,NVIDIA A100-SXM4-80GB,
2026-03-24T16:02:08.286399,ENO_ideal__Orai1WT-MDSnap-Fr499_cleaned,Orai1WT-MDSnap-Fr499_cleaned,ENO_ideal,failed,No output from any sub-box,0,0.4,,13,15,2.0,,,,,,,,223,21026,1,32,8000,10,3,NVIDIA A100-SXM4-80GB,
2026-03-24T16:02:08.353135,ENP_ideal__Orai1WT-MDSnap-Fr499_cleaned,Orai1WT-MDSnap-Fr499_cleaned,ENP_ideal,failed,No output from any sub-box,0,0.4,,42,50,9.0,,,,,,,,223,21026,1,32,8000,10,3,NVIDIA A100-SXM4-80GB,
2026-03-24T16:02:08.372759,EOU_ideal__Orai1WT-MDSnap-Fr499_cleaned,Orai1WT-MDSnap-Fr499_cleaned,EOU_ideal,failed,No output from any sub-box,0,0.4,,10,10,2.0,,,,,,,,223,21026,1,32,8000,10,3,NVIDIA A100-SXM4-80GB,
2026-03-24T16:02:08.414113,EP6_ideal__Orai1WT-MDSnap-Fr499_cleaned,Orai1WT-MDSnap-Fr499_cleaned,EP6_ideal,failed,No output from any sub-box,0,0.4,,41,46,6.0,,,,,,,,223,21026,1,32,8000,10,3,NVIDIA A100-SXM4-80GB,
2026-03-24T16:02:08.437998,EPA_ideal__Orai1WT-MDSnap-Fr499_cleaned,Orai1WT-MDSnap-Fr499_cleaned,EPA_ideal,failed,No output from any sub-box,0,0.4,,22,23,7.0,,,,,,,,223,21026,1,32,8000,10,3,NVIDIA A100-SXM4-80GB,
2026-03-24T16:02:08.464708,EPH_ideal__Orai1WT-MDSnap-Fr499_cleaned,Orai1WT-MDSnap-Fr499_cleaned,EPH_ideal,failed,No output from any sub-box,0,0.4,,49,52,19.0,,,,,,,,223,21026,1,32,8000,10,3,NVIDIA A100-SXM4-80GB,
2026-03-24T16:02:08.487930,ESA_ideal__Orai1WT-MDSnap-Fr499_cleaned,Orai1WT-MDSnap-Fr499_cleaned,ESA_ideal,failed,No output from any sub-box,0,0.4,,6,7,1.0,,,,,,,,223,21026,1,32,8000,10,3,NVIDIA A100-SXM4-80GB,
2026-03-24T16:02:08.515858,ETF_ideal__Orai1WT-MDSnap-Fr499_cleaned,Orai1WT-MDSnap-Fr499_cleaned,ETF_ideal,failed,No output from any sub-box,0,0.4,,6,7,1.0,,,,,,,,223,21026,1,32,8000,10,3,NVIDIA A100-SXM4-80GB,
2026-03-24T16:02:08.538640,ETM_ideal__Orai1WT-MDSnap-Fr499_cleaned,Orai1WT-MDSnap-Fr499_cleaned,ETM_ideal,failed,No output from any sub-box,0,0.4,,7,8,1.0,,,,,,,,223,21026,1,32,8000,10,3,NVIDIA A100-SXM4-80GB,
2026-03-24T16:02:08.563345,ETZ_ideal__Orai1WT-MDSnap-Fr499_cleaned,Orai1WT-MDSnap-Fr499_cleaned,ETZ_ideal,failed,No output from any sub-box,0,0.4,,5,5,1.0,,,,,,,,223,21026,1,32,8000,10,3,NVIDIA A100-SXM4-80GB,
2026-03-24T16:02:08.585955,EYK_ideal__Orai1WT-MDSnap-Fr499_cleaned,Orai1WT-MDSnap-Fr499_cleaned,EYK_ideal,failed,No output from any sub-box,0,0.4,,12,14,1.0,,,,,,,,223,21026,1,32,8000,10,3,NVIDIA A100-SXM4-80GB,
2026-03-24T16:02:08.616357,F23_ideal__Orai1WT-MDSnap-Fr499_cleaned,Orai1WT-MDSnap-Fr499_cleaned,F23_ideal,failed,No output from any sub-box,0,0.4,,25,26,11.0,,,,,,,,223,21026,1,32,8000,10,3,NVIDIA A100-SXM4-80GB,
2026-03-24T16:02:08.751255,F3F_ideal__Orai1WT-MDSnap-Fr499_cleaned,Orai1WT-MDSnap-Fr499_cleaned,F3F_ideal,failed,No output from any sub-box,0,0.4,,25,26,2.0,,,,,,,,223,21026,1,32,8000,10,3,NVIDIA A100-SXM4-80GB,
2026-03-24T16:02:08.779099,F42_ideal__Orai1WT-MDSnap-Fr499_cleaned,Orai1WT-MDSnap-Fr499_cleaned,F42_ideal,failed,No output from any sub-box,0,0.4,,53,64,14.0,,,,,,,,223,21026,1,32,8000,10,3,NVIDIA A100-SXM4-80GB,
2026-03-24T16:02:08.815593,F6B_ideal__Orai1WT-MDSnap-Fr499_cleaned,Orai1WT-MDSnap-Fr499_cleaned,F6B_ideal,failed,No output from any sub-box,0,0.4,,22,25,2.0,,,,,,,,223,21026,1,32,8000,10,3,NVIDIA A100-SXM4-80GB,
2026-03-24T16:02:08.839096,F6M_ideal__Orai1WT-MDSnap-Fr499_cleaned,Orai1WT-MDSnap-Fr499_cleaned,F6M_ideal,failed,No output from any sub-box,0,0.4,,39,42,7.0,,,,,,,,223,21026,1,32,8000,10,3,NVIDIA A100-SXM4-80GB,
2026-03-24T16:02:08.865025,F6O_ideal__Orai1WT-MDSnap-Fr499_cleaned,Orai1WT-MDSnap-Fr499_cleaned,F6O_ideal,failed,No output from any sub-box,0,0.4,,41,43,4.0,,,,,,,,223,21026,1,32,8000,10,3,NVIDIA A100-SXM4-80GB,
2026-03-24T16:02:08.889877,F9R_ideal__Orai1WT-MDSnap-Fr499_cleaned,Orai1WT-MDSnap-Fr499_cleaned,F9R_ideal,failed,No output from any sub-box,0,0.4,,54,59,6.0,,,,,,,,223,21026,1,32,8000,10,3,NVIDIA A100-SXM4-80GB,
2026-03-24T16:02:08.917041,FAB_ideal__Orai1WT-MDSnap-Fr499_cleaned,Orai1WT-MDSnap-Fr499_cleaned,FAB_ideal,failed,No output from any sub-box,0,0.4,,58,67,11.0,,,,,,,,223,21026,1,32,8000,10,3,NVIDIA A100-SXM4-80GB,
2026-03-24T16:02:08.941494,FAC_ideal__Orai1WT-MDSnap-Fr499_cleaned,Orai1WT-MDSnap-Fr499_cleaned,FAC_ideal,failed,No output from any sub-box,0,0.4,,11,13,2.0,,,,,,,,223,21026,1,32,8000,10,3,NVIDIA A100-SXM4-80GB,
2026-03-24T16:02:08.964945,FAD_ideal__Orai1WT-MDSnap-Fr499_cleaned,Orai1WT-MDSnap-Fr499_cleaned,FAD_ideal,failed,No output from any sub-box,0,0.4,,53,63,10.0,,,,,,,,223,21026,1,32,8000,10,3,NVIDIA A100-SXM4-80GB,
2026-03-24T16:02:08.988036,FAE_ideal__Orai1WT-MDSnap-Fr499_cleaned,Orai1WT-MDSnap-Fr499_cleaned,FAE_ideal,failed,No output from any sub-box,0,0.4,,53,64,10.0,,,,,,,,223,21026,1,32,8000,10,3,NVIDIA A100-SXM4-80GB,
2026-03-24T16:02:09.018092,FBA_ideal__Orai1WT-MDSnap-Fr499_cleaned,Orai1WT-MDSnap-Fr499_cleaned,FBA_ideal,failed,No output from any sub-box,0,0.4,,9,12,1.0,,,,,,,,223,21026,1,32,8000,10,3,NVIDIA A100-SXM4-80GB,
2026-03-24T16:02:09.040779,FBC_ideal__Orai1WT-MDSnap-Fr499_cleaned,Orai1WT-MDSnap-Fr499_cleaned,FBC_ideal,failed,No output from any sub-box,0,0.4,,17,18,1.0,,,,,,,,223,21026,1,32,8000,10,3,NVIDIA A100-SXM4-80GB,
2026-03-24T16:02:09.064975,FBS_ideal__Orai1WT-MDSnap-Fr499_cleaned,Orai1WT-MDSnap-Fr499_cleaned,FBS_ideal,failed,No output from any sub-box,0,0.4,,11,13,1.0,,,,,,,,223,21026,1,32,8000,10,3,NVIDIA A100-SXM4-80GB,
2026-03-24T16:02:09.089188,FBT_ideal__Orai1WT-MDSnap-Fr499_cleaned,Orai1WT-MDSnap-Fr499_cleaned,FBT_ideal,failed,No output from any sub-box,0,0.4,,12,14,1.0,,,,,,,,223,21026,1,32,8000,10,3,NVIDIA A100-SXM4-80GB,
2026-03-24T16:02:09.119791,FBU_ideal__Orai1WT-MDSnap-Fr499_cleaned,Orai1WT-MDSnap-Fr499_cleaned,FBU_ideal,failed,No output from any sub-box,0,0.4,,12,14,1.0,,,,,,,,223,21026,1,32,8000,10,3,NVIDIA A100-SXM4-80GB,
2026-03-24T16:02:09.143277,FCR_ideal__Orai1WT-MDSnap-Fr499_cleaned,Orai1WT-MDSnap-Fr499_cleaned,FCR_ideal,failed,No output from any sub-box,0,0.4,,11,12,1.0,,,,,,,,223,21026,1,32,8000,10,3,NVIDIA A100-SXM4-80GB,
2026-03-24T16:02:09.167294,FCX_ideal__Orai1WT-MDSnap-Fr499_cleaned,Orai1WT-MDSnap-Fr499_cleaned,FCX_ideal,failed,No output from any sub-box,0,0.4,,52,63,14.0,,,,,,,,223,21026,1,32,8000,10,3,NVIDIA A100-SXM4-80GB,
2026-03-24T16:02:09.191527,FE1_ideal__Orai1WT-MDSnap-Fr499_cleaned,Orai1WT-MDSnap-Fr499_cleaned,FE1_ideal,failed,No output from any sub-box,0,0.4,,33,37,4.0,,,,,,,,223,21026,1,32,8000,10,3,NVIDIA A100-SXM4-80GB,
2026-03-24T16:02:09.217871,FFB_ideal__Orai1WT-MDSnap-Fr499_cleaned,Orai1WT-MDSnap-Fr499_cleaned,FFB_ideal,failed,No output from any sub-box,0,0.4,,25,28,2.0,,,,,,,,223,21026,1,32,8000,10,3,NVIDIA A100-SXM4-80GB,
2026-03-24T16:02:09.244439,FGL_ideal__Orai1WT-MDSnap-Fr499_cleaned,Orai1WT-MDSnap-Fr499_cleaned,FGL_ideal,failed,No output from any sub-box,0,0.4,,8,12,2.0,,,,,,,,223,21026,1,32,8000,10,3,NVIDIA A100-SXM4-80GB,
2026-03-24T16:02:09.269520,FHC_ideal__Orai1WT-MDSnap-Fr499_cleaned,Orai1WT-MDSnap-Fr499_cleaned,FHC_ideal,failed,No output from any sub-box,0,0.4,,13,14,1.0,,,,,,,,223,21026,1,32,8000,10,3,NVIDIA A100-SXM4-80GB,
2026-03-24T16:02:09.293096,FI8_ideal__Orai1WT-MDSnap-Fr499_cleaned,Orai1WT-MDSnap-Fr499_cleaned,FI8_ideal,failed,No output from any sub-box,0,0.4,,74,81,17.0,,,,,,,,223,21026,1,32,8000,10,3,NVIDIA A100-SXM4-80GB,
2026-03-24T16:02:09.316463,FJ0_ideal__Orai1WT-MDSnap-Fr499_cleaned,Orai1WT-MDSnap-Fr499_cleaned,FJ0_ideal,failed,No output from any sub-box,0,0.4,,36,38,3.0,,,,,,,,223,21026,1,32,8000,10,3,NVIDIA A100-SXM4-80GB,
2026-03-24T16:02:09.341029,FLA_ideal__Orai1WT-MDSnap-Fr499_cleaned,Orai1WT-MDSnap-Fr499_cleaned,FLA_ideal,failed,No output from any sub-box,0,0.4,,9,12,2.0,,,,,,,,223,21026,1,32,8000,10,3,NVIDIA A100-SXM4-80GB,
2026-03-24T16:02:09.364811,FMM_ideal__Orai1WT-MDSnap-Fr499_cleaned,Orai1WT-MDSnap-Fr499_cleaned,FMM_ideal,failed,No output from any sub-box,0,0.4,,40,42,5.0,,,,,,,,223,21026,1,32,8000,10,3,NVIDIA A100-SXM4-80GB,
2026-03-24T16:02:09.398353,FNP_ideal__Orai1WT-MDSnap-Fr499_cleaned,Orai1WT-MDSnap-Fr499_cleaned,FNP_ideal,failed,No output from any sub-box,0,0.4,,24,28,4.0,,,,,,,,223,21026,1,32,8000,10,3,NVIDIA A100-SXM4-80GB,
2026-03-24T16:02:09.433740,FOS_ideal__Orai1WT-MDSnap-Fr499_cleaned,Orai1WT-MDSnap-Fr499_cleaned,FOS_ideal,failed,No output from any sub-box,0,0.4,,16,19,3.0,,,,,,,,223,21026,1,32,8000,10,3,NVIDIA A100-SXM4-80GB,
2026-03-24T16:02:09.457514,FPI_ideal__Orai1WT-MDSnap-Fr499_cleaned,Orai1WT-MDSnap-Fr499_cleaned,FPI_ideal,failed,No output from any sub-box,0,0.4,,8,8,,,,,,,,,223,21026,1,32,8000,10,3,NVIDIA A100-SXM4-80GB,
2026-03-24T16:02:09.479681,FPO_ideal__Orai1WT-MDSnap-Fr499_cleaned,Orai1WT-MDSnap-Fr499_cleaned,FPO_ideal,failed,No output from any sub-box,0,0.4,,5,5,,,,,,,,,223,21026,1,32,8000,10,3,NVIDIA A100-SXM4-80GB,
2026-03-24T16:02:09.514461,FR1_ideal__Orai1WT-MDSnap-Fr499_cleaned,Orai1WT-MDSnap-Fr499_cleaned,FR1_ideal,failed,No output from any sub-box,0,0.4,,40,44,7.0,,,,,,,,223,21026,1,32,8000,10,3,NVIDIA A100-SXM4-80GB,
2026-03-24T16:02:09.540362,FRB_ideal__Orai1WT-MDSnap-Fr499_cleaned,Orai1WT-MDSnap-Fr499_cleaned,FRB_ideal,failed,No output from any sub-box,0,0.4,,36,42,3.0,,,,,,,,223,21026,1,32,8000,10,3,NVIDIA A100-SXM4-80GB,
2026-03-24T16:02:09.563087,FRE_ideal__Orai1WT-MDSnap-Fr499_cleaned,Orai1WT-MDSnap-Fr499_cleaned,FRE_ideal,failed,No output from any sub-box,0,0.4,,62,74,16.0,,,,,,,,223,21026,1,32,8000,10,3,NVIDIA A100-SXM4-80GB,
2026-03-24T16:02:09.587265,FRH_ideal__Orai1WT-MDSnap-Fr499_cleaned,Orai1WT-MDSnap-Fr499_cleaned,FRH_ideal,failed,No output from any sub-box,0,0.4,,45,51,6.0,,,,,,,,223,21026,1,32,8000,10,3,NVIDIA A100-SXM4-80GB,
2026-03-24T16:02:09.616451,FRI_ideal__Orai1WT-MDSnap-Fr499_cleaned,Orai1WT-MDSnap-Fr499_cleaned,FRI_ideal,failed,No output from any sub-box,0,0.4,,47,53,6.0,,,,,,,,223,21026,1,32,8000,10,3,NVIDIA A100-SXM4-80GB,
2026-03-24T16:02:09.639437,FUG_ideal__Orai1WT-MDSnap-Fr499_cleaned,Orai1WT-MDSnap-Fr499_cleaned,FUG_ideal,failed,No output from any sub-box,0,0.4,,33,35,6.0,,,,,,,,223,21026,1,32,8000,10,3,NVIDIA A100-SXM4-80GB,
2026-03-24T16:02:09.661021,FUM_ideal__Orai1WT-MDSnap-Fr499_cleaned,Orai1WT-MDSnap-Fr499_cleaned,FUM_ideal,failed,No output from any sub-box,0,0.4,,8,10,2.0,,,,,,,,223,21026,1,32,8000,10,3,NVIDIA A100-SXM4-80GB,
2026-03-24T16:02:09.685753,FXG_ideal__Orai1WT-MDSnap-Fr499_cleaned,Orai1WT-MDSnap-Fr499_cleaned,FXG_ideal,failed,No output from any sub-box,0,0.4,,31,35,6.0,,,,,,,,223,21026,1,32,8000,10,3,NVIDIA A100-SXM4-80GB,
2026-03-24T16:02:09.716620,G1L_ideal__Orai1WT-MDSnap-Fr499_cleaned,Orai1WT-MDSnap-Fr499_cleaned,G1L_ideal,failed,No output from any sub-box,0,0.4,,18,19,2.0,,,,,,,,223,21026,1,32,8000,10,3,NVIDIA A100-SXM4-80GB,
2026-03-24T16:02:09.740002,G2H_ideal__Orai1WT-MDSnap-Fr499_cleaned,Orai1WT-MDSnap-Fr499_cleaned,G2H_ideal,failed,No output from any sub-box,0,0.4,,10,14,4.0,,,,,,,,223,21026,1,32,8000,10,3,NVIDIA A100-SXM4-80GB,
2026-03-24T16:02:09.763871,G50_ideal__Orai1WT-MDSnap-Fr499_cleaned,Orai1WT-MDSnap-Fr499_cleaned,G50_ideal,failed,No output from any sub-box,0,0.4,,20,24,4.0,,,,,,,,223,21026,1,32,8000,10,3,NVIDIA A100-SXM4-80GB,
2026-03-24T16:02:09.786676,G65_ideal__Orai1WT-MDSnap-Fr499_cleaned,Orai1WT-MDSnap-Fr499_cleaned,G65_ideal,failed,No output from any sub-box,0,0.4,,36,38,3.0,,,,,,,,223,21026,1,32,8000,10,3,NVIDIA A100-SXM4-80GB,
2026-03-24T16:02:09.815969,GAH_ideal__Orai1WT-MDSnap-Fr499_cleaned,Orai1WT-MDSnap-Fr499_cleaned,GAH_ideal,failed,No output from any sub-box,0,0.4,,55,69,10.0,,,,,,,,223,21026,1,32,8000,10,3,NVIDIA A100-SXM4-80GB,
2026-03-24T16:02:09.840164,GB5_ideal__Orai1WT-MDSnap-Fr499_cleaned,Orai1WT-MDSnap-Fr499_cleaned,GB5_ideal,failed,No output from any sub-box,0,0.4,,13,15,1.0,,,,,,,,223,21026,1,32,8000,10,3,NVIDIA A100-SXM4-80GB,
2026-03-24T16:02:09.863050,GBM_ideal__Orai1WT-MDSnap-Fr499_cleaned,Orai1WT-MDSnap-Fr499_cleaned,GBM_ideal,failed,No output from any sub-box,0,0.4,,33,36,4.0,,,,,,,,223,21026,1,32,8000,10,3,NVIDIA A100-SXM4-80GB,
2026-03-24T16:02:09.886391,GBN_ideal__Orai1WT-MDSnap-Fr499_cleaned,Orai1WT-MDSnap-Fr499_cleaned,GBN_ideal,failed,No output from any sub-box,0,0.4,,12,15,2.0,,,,,,,,223,21026,1,32,8000,10,3,NVIDIA A100-SXM4-80GB,
2026-03-24T16:02:09.915707,GCG_ideal__Orai1WT-MDSnap-Fr499_cleaned,Orai1WT-MDSnap-Fr499_cleaned,GCG_ideal,failed,No output from any sub-box,0,0.4,,48,63,16.0,,,,,,,,223,21026,1,32,8000,10,3,NVIDIA A100-SXM4-80GB,
2026-03-24T16:02:09.943106,GD7_ideal__Orai1WT-MDSnap-Fr499_cleaned,Orai1WT-MDSnap-Fr499_cleaned,GD7_ideal,failed,No output from any sub-box,0,0.4,,10,11,1.0,,,,,,,,223,21026,1,32,8000,10,3,NVIDIA A100-SXM4-80GB,
2026-03-24T16:02:09.965322,GD8_ideal__Orai1WT-MDSnap-Fr499_cleaned,Orai1WT-MDSnap-Fr499_cleaned,GD8_ideal,failed,No output from any sub-box,0,0.4,,10,11,1.0,,,,,,,,223,21026,1,32,8000,10,3,NVIDIA A100-SXM4-80GB,
2026-03-24T16:02:09.990160,GEL_ideal__Orai1WT-MDSnap-Fr499_cleaned,Orai1WT-MDSnap-Fr499_cleaned,GEL_ideal,failed,No output from any sub-box,0,0.4,,31,35,13.0,,,,,,,,223,21026,1,32,8000,10,3,NVIDIA A100-SXM4-80GB,
2026-03-24T16:02:10.016903,GG5_ideal__Orai1WT-MDSnap-Fr499_cleaned,Orai1WT-MDSnap-Fr499_cleaned,GG5_ideal,failed,No output from any sub-box,0,0.4,,18,19,1.0,,,,,,,,223,21026,1,32,8000,10,3,NVIDIA A100-SXM4-80GB,
2026-03-24T16:02:10.041259,GHP_ideal__Orai1WT-MDSnap-Fr499_cleaned,Orai1WT-MDSnap-Fr499_cleaned,GHP_ideal,failed,No output from any sub-box,0,0.4,,12,16,2.0,,,,,,,,223,21026,1,32,8000,10,3,NVIDIA A100-SXM4-80GB,
2026-03-24T16:02:10.066621,GJZ_ideal__Orai1WT-MDSnap-Fr499_cleaned,Orai1WT-MDSnap-Fr499_cleaned,GJZ_ideal,failed,No output from any sub-box,0,0.4,,10,12,1.0,,,,,,,,223,21026,1,32,8000,10,3,NVIDIA A100-SXM4-80GB,
2026-03-24T16:02:10.090285,GL8_ideal__Orai1WT-MDSnap-Fr499_cleaned,Orai1WT-MDSnap-Fr499_cleaned,GL8_ideal,failed,No output from any sub-box,0,0.4,,41,42,7.0,,,,,,,,223,21026,1,32,8000,10,3,NVIDIA A100-SXM4-80GB,
2026-03-24T16:02:10.116768,GLE_ideal__Orai1WT-MDSnap-Fr499_cleaned,Orai1WT-MDSnap-Fr499_cleaned,GLE_ideal,failed,No output from any sub-box,0,0.4,,26,27,9.0,,,,,,,,223,21026,1,32,8000,10,3,NVIDIA A100-SXM4-80GB,
2026-03-24T16:02:10.139413,GLL_ideal__Orai1WT-MDSnap-Fr499_cleaned,Orai1WT-MDSnap-Fr499_cleaned,GLL_ideal,failed,No output from any sub-box,0,0.4,,10,14,,,,,,,,,223,21026,1,32,8000,10,3,NVIDIA A100-SXM4-80GB,
2026-03-24T16:02:10.164328,GNF_ideal__Orai1WT-MDSnap-Fr499_cleaned,Orai1WT-MDSnap-Fr499_cleaned,GNF_ideal,failed,No output from any sub-box,0,0.4,,32,35,5.0,,,,,,,,223,21026,1,32,8000,10,3,NVIDIA A100-SXM4-80GB,
2026-03-24T16:02:10.188149,GOL_ideal__Orai1WT-MDSnap-Fr499_cleaned,Orai1WT-MDSnap-Fr499_cleaned,GOL_ideal,failed,No output from any sub-box,0,0.4,,6,9,2.0,,,,,,,,223,21026,1,32,8000,10,3,NVIDIA A100-SXM4-80GB,
2026-03-24T16:02:10.220024,GP3_ideal__Orai1WT-MDSnap-Fr499_cleaned,Orai1WT-MDSnap-Fr499_cleaned,GP3_ideal,failed,No output from any sub-box,0,0.4,,51,64,10.0,,,,,,,,223,21026,1,32,8000,10,3,NVIDIA A100-SXM4-80GB,
2026-03-24T16:02:10.243907,GP6_ideal__Orai1WT-MDSnap-Fr499_cleaned,Orai1WT-MDSnap-Fr499_cleaned,GP6_ideal,failed,No output from any sub-box,0,0.4,,20,25,1.0,,,,,,,,223,21026,1,32,8000,10,3,NVIDIA A100-SXM4-80GB,
2026-03-24T16:02:10.266467,GTA_ideal__Orai1WT-MDSnap-Fr499_cleaned,Orai1WT-MDSnap-Fr499_cleaned,GTA_ideal,failed,No output from any sub-box,0,0.4,,51,63,10.0,,,,,,,,223,21026,1,32,8000,10,3,NVIDIA A100-SXM4-80GB,
2026-03-24T16:02:10.289858,GTG_ideal__Orai1WT-MDSnap-Fr499_cleaned,Orai1WT-MDSnap-Fr499_cleaned,GTG_ideal,failed,No output from any sub-box,0,0.4,,52,65,10.0,,,,,,,,223,21026,1,32,8000,10,3,NVIDIA A100-SXM4-80GB,
2026-03-24T16:02:10.316163,GTY_ideal__Orai1WT-MDSnap-Fr499_cleaned,Orai1WT-MDSnap-Fr499_cleaned,GTY_ideal,failed,No output from any sub-box,0,0.4,,28,34,10.0,,,,,,,,223,21026,1,32,8000,10,3,NVIDIA A100-SXM4-80GB,
2026-03-24T16:02:10.339044,GUA_ideal__Orai1WT-MDSnap-Fr499_cleaned,Orai1WT-MDSnap-Fr499_cleaned,GUA_ideal,failed,No output from any sub-box,0,0.4,,9,11,3.0,,,,,,,,223,21026,1,32,8000,10,3,NVIDIA A100-SXM4-80GB,
2026-03-24T16:02:10.361131,GV0_ideal__Orai1WT-MDSnap-Fr499_cleaned,Orai1WT-MDSnap-Fr499_cleaned,GV0_ideal,failed,No output from any sub-box,0,0.4,,46,49,4.0,,,,,,,,223,21026,1,32,8000,10,3,NVIDIA A100-SXM4-80GB,
2026-03-24T16:02:10.383173,GVC_ideal__Orai1WT-MDSnap-Fr499_cleaned,Orai1WT-MDSnap-Fr499_cleaned,GVC_ideal,failed,No output from any sub-box,0,0.4,,17,18,1.0,,,,,,,,223,21026,1,32,8000,10,3,NVIDIA A100-SXM4-80GB,
2026-03-24T16:02:10.415876,GVN_ideal__Orai1WT-MDSnap-Fr499_cleaned,Orai1WT-MDSnap-Fr499_cleaned,GVN_ideal,failed,No output from any sub-box,0,0.4,,21,24,2.0,,,,,,,,223,21026,1,32,8000,10,3,NVIDIA A100-SXM4-80GB,
2026-03-24T16:02:10.437483,GVO_ideal__Orai1WT-MDSnap-Fr499_cleaned,Orai1WT-MDSnap-Fr499_cleaned,GVO_ideal,failed,No output from any sub-box,0,0.4,,21,24,2.0,,,,,,,,223,21026,1,32,8000,10,3,NVIDIA A100-SXM4-80GB,
2026-03-24T16:02:10.461287,GVQ_ideal__Orai1WT-MDSnap-Fr499_cleaned,Orai1WT-MDSnap-Fr499_cleaned,GVQ_ideal,failed,No output from any sub-box,0,0.4,,16,18,2.0,,,,,,,,223,21026,1,32,8000,10,3,NVIDIA A100-SXM4-80GB,
2026-03-24T16:02:10.483970,GZB_ideal__Orai1WT-MDSnap-Fr499_cleaned,Orai1WT-MDSnap-Fr499_cleaned,GZB_ideal,failed,No output from any sub-box,0,0.4,,13,15,2.0,,,,,,,,223,21026,1,32,8000,10,3,NVIDIA A100-SXM4-80GB,
2026-03-24T16:02:10.516084,H11_ideal__Orai1WT-MDSnap-Fr499_cleaned,Orai1WT-MDSnap-Fr499_cleaned,H11_ideal,failed,No output from any sub-box,0,0.4,,21,22,5.0,,,,,,,,223,21026,1,32,8000,10,3,NVIDIA A100-SXM4-80GB,
2026-03-24T16:02:10.539259,H3P_ideal__Orai1WT-MDSnap-Fr499_cleaned,Orai1WT-MDSnap-Fr499_cleaned,H3P_ideal,failed,No output from any sub-box,0,0.4,,21,23,2.0,,,,,,,,223,21026,1,32,8000,10,3,NVIDIA A100-SXM4-80GB,
2026-03-24T16:02:10.561076,H4M_ideal__Orai1WT-MDSnap-Fr499_cleaned,Orai1WT-MDSnap-Fr499_cleaned,H4M_ideal,failed,No output from any sub-box,0,0.4,,54,66,13.0,,,,,,,,223,21026,1,32,8000,10,3,NVIDIA A100-SXM4-80GB,
2026-03-24T16:02:10.587386,HAI_ideal__Orai1WT-MDSnap-Fr499_cleaned,Orai1WT-MDSnap-Fr499_cleaned,HAI_ideal,failed,No output from any sub-box,0,0.4,,7,10,0.0,,,,,,,,223,21026,1,32,8000,10,3,NVIDIA A100-SXM4-80GB,
2026-03-24T16:02:10.615898,HAL_ideal__Orai1WT-MDSnap-Fr499_cleaned,Orai1WT-MDSnap-Fr499_cleaned,HAL_ideal,failed,No output from any sub-box,0,0.4,,33,37,8.0,,,,,,,,223,21026,1,32,8000,10,3,NVIDIA A100-SXM4-80GB,
2026-03-24T16:02:10.638443,HAZ_ideal__Orai1WT-MDSnap-Fr499_cleaned,Orai1WT-MDSnap-Fr499_cleaned,HAZ_ideal,failed,No output from any sub-box,0,0.4,,33,36,4.0,,,,,,,,223,21026,1,32,8000,10,3,NVIDIA A100-SXM4-80GB,
2026-03-24T16:02:10.663881,HBA_ideal__Orai1WT-MDSnap-Fr499_cleaned,Orai1WT-MDSnap-Fr499_cleaned,HBA_ideal,failed,No output from any sub-box,0,0.4,,9,10,1.0,,,,,,,,223,21026,1,32,8000,10,3,NVIDIA A100-SXM4-80GB,
2026-03-24T16:02:10.687489,HC4_ideal__Orai1WT-MDSnap-Fr499_cleaned,Orai1WT-MDSnap-Fr499_cleaned,HC4_ideal,failed,No output from any sub-box,0,0.4,,12,14,2.0,,,,,,,,223,21026,1,32,8000,10,3,NVIDIA A100-SXM4-80GB,
2026-03-24T16:02:10.737382,HCI_ideal__Orai1WT-MDSnap-Fr499_cleaned,Orai1WT-MDSnap-Fr499_cleaned,HCI_ideal,failed,No output from any sub-box,0,0.4,,11,12,2.0,,,,,,,,223,21026,1,32,8000,10,3,NVIDIA A100-SXM4-80GB,
2026-03-24T16:02:10.760750,HDC_ideal__Orai1WT-MDSnap-Fr499_cleaned,Orai1WT-MDSnap-Fr499_cleaned,HDC_ideal,failed,No output from any sub-box,0,0.4,,60,71,18.0,,,,,,,,223,21026,1,32,8000,10,3,NVIDIA A100-SXM4-80GB,
2026-03-24T16:02:10.784151,HDS_ideal__Orai1WT-MDSnap-Fr499_cleaned,Orai1WT-MDSnap-Fr499_cleaned,HDS_ideal,failed,No output from any sub-box,0,0.4,,20,21,8.0,,,,,,,,223,21026,1,32,8000,10,3,NVIDIA A100-SXM4-80GB,
2026-03-24T16:02:10.815437,HFA_ideal__Orai1WT-MDSnap-Fr499_cleaned,Orai1WT-MDSnap-Fr499_cleaned,HFA_ideal,failed,No output from any sub-box,0,0.4,,12,14,2.0,,,,,,,,223,21026,1,32,8000,10,3,NVIDIA A100-SXM4-80GB,
2026-03-24T16:02:10.889777,HFT_ideal__Orai1WT-MDSnap-Fr499_cleaned,Orai1WT-MDSnap-Fr499_cleaned,HFT_ideal,failed,No output from any sub-box,0,0.4,,20,22,2.0,,,,,,,,223,21026,1,32,8000,10,3,NVIDIA A100-SXM4-80GB,
2026-03-24T16:02:10.916580,HFZ_ideal__Orai1WT-MDSnap-Fr499_cleaned,Orai1WT-MDSnap-Fr499_cleaned,HFZ_ideal,failed,No output from any sub-box,0,0.4,,20,24,1.0,,,,,,,,223,21026,1,32,8000,10,3,NVIDIA A100-SXM4-80GB,
2026-03-24T16:02:10.941071,HG0_ideal__Orai1WT-MDSnap-Fr499_cleaned,Orai1WT-MDSnap-Fr499_cleaned,HG0_ideal,failed,No output from any sub-box,0,0.4,,19,23,2.0,,,,,,,,223,21026,1,32,8000,10,3,NVIDIA A100-SXM4-80GB,
2026-03-24T16:02:10.964720,HG9_ideal__Orai1WT-MDSnap-Fr499_cleaned,Orai1WT-MDSnap-Fr499_cleaned,HG9_ideal,failed,No output from any sub-box,0,0.4,,25,31,11.0,,,,,,,,223,21026,1,32,8000,10,3,NVIDIA A100-SXM4-80GB,
2026-03-24T16:02:10.987310,HHH_ideal__Orai1WT-MDSnap-Fr499_cleaned,Orai1WT-MDSnap-Fr499_cleaned,HHH_ideal,failed,No output from any sub-box,0,0.4,,12,15,2.0,,,,,,,,223,21026,1,32,8000,10,3,NVIDIA A100-SXM4-80GB,
2026-03-24T16:02:11.017687,HLT_ideal__Orai1WT-MDSnap-Fr499_cleaned,Orai1WT-MDSnap-Fr499_cleaned,HLT_ideal,failed,No output from any sub-box,0,0.4,,7,7,0.0,,,,,,,,223,21026,1,32,8000,10,3,NVIDIA A100-SXM4-80GB,
2026-03-24T16:02:11.041621,HMG_ideal__Orai1WT-MDSnap-Fr499_cleaned,Orai1WT-MDSnap-Fr499_cleaned,HMG_ideal,failed,No output from any sub-box,0,0.4,,58,65,14.0,,,,,,,,223,21026,1,32,8000,10,3,NVIDIA A100-SXM4-80GB,
2026-03-24T16:02:11.161374,HOP_ideal__Orai1WT-MDSnap-Fr499_cleaned,Orai1WT-MDSnap-Fr499_cleaned,HOP_ideal,failed,No output from any sub-box,0,0.4,,28,31,4.0,,,,,,,,223,21026,1,32,8000,10,3,NVIDIA A100-SXM4-80GB,
2026-03-24T16:02:11.195882,HPH_ideal__Orai1WT-MDSnap-Fr499_cleaned,Orai1WT-MDSnap-Fr499_cleaned,HPH_ideal,failed,No output from any sub-box,0,0.4,,12,16,3.0,,,,,,,,223,21026,1,32,8000,10,3,NVIDIA A100-SXM4-80GB,
2026-03-24T16:02:11.236597,HPP_ideal__Orai1WT-MDSnap-Fr499_cleaned,Orai1WT-MDSnap-Fr499_cleaned,HPP_ideal,failed,No output from any sub-box,0,0.4,,12,14,2.0,,,,,,,,223,21026,1,32,8000,10,3,NVIDIA A100-SXM4-80GB,
2026-03-24T16:02:11.260212,HPQ_ideal__Orai1WT-MDSnap-Fr499_cleaned,Orai1WT-MDSnap-Fr499_cleaned,HPQ_ideal,failed,No output from any sub-box,0,0.4,,13,15,2.0,,,,,,,,223,21026,1,32,8000,10,3,NVIDIA A100-SXM4-80GB,
2026-03-24T16:02:11.284458,HPS_ideal__Orai1WT-MDSnap-Fr499_cleaned,Orai1WT-MDSnap-Fr499_cleaned,HPS_ideal,failed,No output from any sub-box,0,0.4,,11,13,2.0,,,,,,,,223,21026,1,32,8000,10,3,NVIDIA A100-SXM4-80GB,
2026-03-24T16:02:11.316784,HQE_ideal__Orai1WT-MDSnap-Fr499_cleaned,Orai1WT-MDSnap-Fr499_cleaned,HQE_ideal,failed,No output from any sub-box,0,0.4,,8,10,1.0,,,,,,,,223,21026,1,32,8000,10,3,NVIDIA A100-SXM4-80GB,
2026-03-24T16:02:11.340032,HQQ_ideal__Orai1WT-MDSnap-Fr499_cleaned,Orai1WT-MDSnap-Fr499_cleaned,HQQ_ideal,failed,No output from any sub-box,0,0.4,,23,25,1.0,,,,,,,,223,21026,1,32,8000,10,3,NVIDIA A100-SXM4-80GB,
2026-03-24T16:02:11.363905,HS6_ideal__Orai1WT-MDSnap-Fr499_cleaned,Orai1WT-MDSnap-Fr499_cleaned,HS6_ideal,failed,No output from any sub-box,0,0.4,,16,17,2.0,,,,,,,,223,21026,1,32,8000,10,3,NVIDIA A100-SXM4-80GB,
2026-03-24T16:02:11.386279,HS7_ideal__Orai1WT-MDSnap-Fr499_cleaned,Orai1WT-MDSnap-Fr499_cleaned,HS7_ideal,failed,No output from any sub-box,0,0.4,,15,16,2.0,,,,,,,,223,21026,1,32,8000,10,3,NVIDIA A100-SXM4-80GB,
2026-03-24T16:02:11.416416,HSF_ideal__Orai1WT-MDSnap-Fr499_cleaned,Orai1WT-MDSnap-Fr499_cleaned,HSF_ideal,failed,No output from any sub-box,0,0.4,,20,20,7.0,,,,,,,,223,21026,1,32,8000,10,3,NVIDIA A100-SXM4-80GB,
2026-03-24T16:02:11.439835,HXA_ideal__Orai1WT-MDSnap-Fr499_cleaned,Orai1WT-MDSnap-Fr499_cleaned,HXA_ideal,failed,No output from any sub-box,0,0.4,,24,25,7.0,,,,,,,,223,21026,1,32,8000,10,3,NVIDIA A100-SXM4-80GB,
2026-03-24T16:02:11.464000,HXC_ideal__Orai1WT-MDSnap-Fr499_cleaned,Orai1WT-MDSnap-Fr499_cleaned,HXC_ideal,failed,No output from any sub-box,0,0.4,,55,65,15.0,,,,,,,,223,21026,1,32,8000,10,3,NVIDIA A100-SXM4-80GB,
2026-03-24T16:02:11.488462,HXP_ideal__Orai1WT-MDSnap-Fr499_cleaned,Orai1WT-MDSnap-Fr499_cleaned,HXP_ideal,failed,No output from any sub-box,0,0.4,,21,24,3.0,,,,,,,,223,21026,1,32,8000,10,3,NVIDIA A100-SXM4-80GB,
2026-03-24T16:02:11.516197,HY1_ideal__Orai1WT-MDSnap-Fr499_cleaned,Orai1WT-MDSnap-Fr499_cleaned,HY1_ideal,failed,No output from any sub-box,0,0.4,,9,9,1.0,,,,,,,,223,21026,1,32,8000,10,3,NVIDIA A100-SXM4-80GB,
2026-03-24T16:02:11.539682,HYC_ideal__Orai1WT-MDSnap-Fr499_cleaned,Orai1WT-MDSnap-Fr499_cleaned,HYC_ideal,failed,No output from any sub-box,0,0.4,,49,55,9.0,,,,,,,,223,21026,1,32,8000,10,3,NVIDIA A100-SXM4-80GB,
2026-03-24T16:02:11.564529,I12_ideal__Orai1WT-MDSnap-Fr499_cleaned,Orai1WT-MDSnap-Fr499_cleaned,I12_ideal,failed,No output from any sub-box,0,0.4,,44,49,8.0,,,,,,,,223,21026,1,32,8000,10,3,NVIDIA A100-SXM4-80GB,
2026-03-24T16:02:11.587451,I15_ideal__Orai1WT-MDSnap-Fr499_cleaned,Orai1WT-MDSnap-Fr499_cleaned,I15_ideal,failed,No output from any sub-box,0,0.4,,22,23,1.0,,,,,,,,223,21026,1,32,8000,10,3,NVIDIA A100-SXM4-80GB,
2026-03-24T16:02:11.616592,I50_ideal__Orai1WT-MDSnap-Fr499_cleaned,Orai1WT-MDSnap-Fr499_cleaned,I50_ideal,failed,No output from any sub-box,0,0.4,,30,36,5.0,,,,,,,,223,21026,1,32,8000,10,3,NVIDIA A100-SXM4-80GB,
2026-03-24T16:02:11.642396,I52_ideal__Orai1WT-MDSnap-Fr499_cleaned,Orai1WT-MDSnap-Fr499_cleaned,I52_ideal,failed,No output from any sub-box,0,0.4,,40,43,7.0,,,,,,,,223,21026,1,32,8000,10,3,NVIDIA A100-SXM4-80GB,
2026-03-24T16:02:11.666746,I6H_ideal__Orai1WT-MDSnap-Fr499_cleaned,Orai1WT-MDSnap-Fr499_cleaned,I6H_ideal,failed,No output from any sub-box,0,0.4,,33,33,6.0,,,,,,,,223,21026,1,32,8000,10,3,NVIDIA A100-SXM4-80GB,
2026-03-24T16:02:11.690525,IB2_ideal__Orai1WT-MDSnap-Fr499_cleaned,Orai1WT-MDSnap-Fr499_cleaned,IB2_ideal,failed,No output from any sub-box,0,0.4,,49,60,10.0,,,,,,,,223,21026,1,32,8000,10,3,NVIDIA A100-SXM4-80GB,
2026-03-24T16:02:11.717477,IBI_ideal__Orai1WT-MDSnap-Fr499_cleaned,Orai1WT-MDSnap-Fr499_cleaned,IBI_ideal,failed,No output from any sub-box,0,0.4,,45,47,5.0,,,,,,,,223,21026,1,32,8000,10,3,NVIDIA A100-SXM4-80GB,
2026-03-24T16:02:11.742433,IBO_ideal__Orai1WT-MDSnap-Fr499_cleaned,Orai1WT-MDSnap-Fr499_cleaned,IBO_ideal,failed,No output from any sub-box,0,0.4,,6,8,0.0,,,,,,,,223,21026,1,32,8000,10,3,NVIDIA A100-SXM4-80GB,
2026-03-24T16:02:11.764963,IBP_ideal__Orai1WT-MDSnap-Fr499_cleaned,Orai1WT-MDSnap-Fr499_cleaned,IBP_ideal,failed,No output from any sub-box,0,0.4,,15,16,2.0,,,,,,,,223,21026,1,32,8000,10,3,NVIDIA A100-SXM4-80GB,
2026-03-24T16:02:11.793668,IC1_ideal__Orai1WT-MDSnap-Fr499_cleaned,Orai1WT-MDSnap-Fr499_cleaned,IC1_ideal,failed,No output from any sub-box,0,0.4,,23,24,2.0,,,,,,,,223,21026,1,32,8000,10,3,NVIDIA A100-SXM4-80GB,
2026-03-24T16:02:11.819585,ICF_ideal__Orai1WT-MDSnap-Fr499_cleaned,Orai1WT-MDSnap-Fr499_cleaned,ICF_ideal,failed,No output from any sub-box,0,0.4,,10,10,1.0,,,,,,,,223,21026,1,32,8000,10,3,NVIDIA A100-SXM4-80GB,
2026-03-24T16:02:11.843016,IDB_ideal__Orai1WT-MDSnap-Fr499_cleaned,Orai1WT-MDSnap-Fr499_cleaned,IDB_ideal,failed,No output from any sub-box,0,0.4,,34,38,5.0,,,,,,,,223,21026,1,32,8000,10,3,NVIDIA A100-SXM4-80GB,
2026-03-24T16:02:11.880963,IET_ideal__Orai1WT-MDSnap-Fr499_cleaned,Orai1WT-MDSnap-Fr499_cleaned,IET_ideal,failed,No output from any sub-box,0,0.4,,23,26,1.0,,,,,,,,223,21026,1,32,8000,10,3,NVIDIA A100-SXM4-80GB,
2026-03-24T16:02:11.916921,IGL_ideal__Orai1WT-MDSnap-Fr499_cleaned,Orai1WT-MDSnap-Fr499_cleaned,IGL_ideal,failed,No output from any sub-box,0,0.4,,14,17,2.0,,,,,,,,223,21026,1,32,8000,10,3,NVIDIA A100-SXM4-80GB,
2026-03-24T16:02:11.939466,IH4_ideal__Orai1WT-MDSnap-Fr499_cleaned,Orai1WT-MDSnap-Fr499_cleaned,IH4_ideal,failed,No output from any sub-box,0,0.4,,44,45,7.0,,,,,,,,223,21026,1,32,8000,10,3,NVIDIA A100-SXM4-80GB,
2026-03-24T16:02:11.962207,IK7_ideal__Orai1WT-MDSnap-Fr499_cleaned,Orai1WT-MDSnap-Fr499_cleaned,IK7_ideal,failed,No output from any sub-box,0,0.4,,30,32,1.0,,,,,,,,223,21026,1,32,8000,10,3,NVIDIA A100-SXM4-80GB,
2026-03-24T16:02:11.985154,ILW_ideal__Orai1WT-MDSnap-Fr499_cleaned,Orai1WT-MDSnap-Fr499_cleaned,ILW_ideal,failed,No output from any sub-box,0,0.4,,12,12,1.0,,,,,,,,223,21026,1,32,8000,10,3,NVIDIA A100-SXM4-80GB,
2026-03-24T16:02:12.045032,INA_ideal__Orai1WT-MDSnap-Fr499_cleaned,Orai1WT-MDSnap-Fr499_cleaned,INA_ideal,failed,No output from any sub-box,0,0.4,,42,48,8.0,,,,,,,,223,21026,1,32,8000,10,3,NVIDIA A100-SXM4-80GB,
2026-03-24T16:02:12.068400,INB_ideal__Orai1WT-MDSnap-Fr499_cleaned,Orai1WT-MDSnap-Fr499_cleaned,INB_ideal,failed,No output from any sub-box,0,0.4,,35,37,14.0,,,,,,,,223,21026,1,32,8000,10,3,NVIDIA A100-SXM4-80GB,
2026-03-24T16:02:12.092376,INV_ideal__Orai1WT-MDSnap-Fr499_cleaned,Orai1WT-MDSnap-Fr499_cleaned,INV_ideal,failed,No output from any sub-box,0,0.4,,21,24,2.0,,,,,,,,223,21026,1,32,8000,10,3,NVIDIA A100-SXM4-80GB,
2026-03-24T16:02:12.116507,IOE_ideal__Orai1WT-MDSnap-Fr499_cleaned,Orai1WT-MDSnap-Fr499_cleaned,IOE_ideal,failed,No output from any sub-box,0,0.4,,23,26,2.0,,,,,,,,223,21026,1,32,8000,10,3,NVIDIA A100-SXM4-80GB,
2026-03-24T16:02:12.140823,IOF_ideal__Orai1WT-MDSnap-Fr499_cleaned,Orai1WT-MDSnap-Fr499_cleaned,IOF_ideal,failed,No output from any sub-box,0,0.4,,23,26,2.0,,,,,,,,223,21026,1,32,8000,10,3,NVIDIA A100-SXM4-80GB,
2026-03-24T16:02:12.164566,IOL_ideal__Orai1WT-MDSnap-Fr499_cleaned,Orai1WT-MDSnap-Fr499_cleaned,IOL_ideal,failed,No output from any sub-box,0,0.4,,8,9,0.0,,,,,,,,223,21026,1,32,8000,10,3,NVIDIA A100-SXM4-80GB,
2026-03-24T16:02:12.188411,IOY_ideal__Orai1WT-MDSnap-Fr499_cleaned,Orai1WT-MDSnap-Fr499_cleaned,IOY_ideal,failed,No output from any sub-box,0,0.4,,13,16,2.0,,,,,,,,223,21026,1,32,8000,10,3,NVIDIA A100-SXM4-80GB,
2026-03-24T16:02:12.216658,IPA_ideal__Orai1WT-MDSnap-Fr499_cleaned,Orai1WT-MDSnap-Fr499_cleaned,IPA_ideal,failed,No output from any sub-box,0,0.4,,4,5,0.0,,,,,,,,223,21026,1,32,8000,10,3,NVIDIA A100-SXM4-80GB,
2026-03-24T16:02:12.244545,IPH_ideal__Orai1WT-MDSnap-Fr499_cleaned,Orai1WT-MDSnap-Fr499_cleaned,IPH_ideal,failed,No output from any sub-box,0,0.4,,7,8,0.0,,,,,,,,223,21026,1,32,8000,10,3,NVIDIA A100-SXM4-80GB,
2026-03-24T16:02:12.268263,IS2_ideal__Orai1WT-MDSnap-Fr499_cleaned,Orai1WT-MDSnap-Fr499_cleaned,IS2_ideal,failed,No output from any sub-box,0,0.4,,15,18,2.0,,,,,,,,223,21026,1,32,8000,10,3,NVIDIA A100-SXM4-80GB,
2026-03-24T16:02:12.291435,ISA_ideal__Orai1WT-MDSnap-Fr499_cleaned,Orai1WT-MDSnap-Fr499_cleaned,ISA_ideal,failed,No output from any sub-box,0,0.4,,13,15,2.0,,,,,,,,223,21026,1,32,8000,10,3,NVIDIA A100-SXM4-80GB,
2026-03-24T16:02:12.316680,ISO_ideal__Orai1WT-MDSnap-Fr499_cleaned,Orai1WT-MDSnap-Fr499_cleaned,ISO_ideal,failed,No output from any sub-box,0,0.4,,10,12,1.0,,,,,,,,223,21026,1,32,8000,10,3,NVIDIA A100-SXM4-80GB,
2026-03-24T16:02:12.342430,ISP_ideal__Orai1WT-MDSnap-Fr499_cleaned,Orai1WT-MDSnap-Fr499_cleaned,ISP_ideal,failed,No output from any sub-box,0,0.4,,8,10,2.0,,,,,,,,223,21026,1,32,8000,10,3,NVIDIA A100-SXM4-80GB,
2026-03-24T16:02:12.365636,IXX_ideal__Orai1WT-MDSnap-Fr499_cleaned,Orai1WT-MDSnap-Fr499_cleaned,IXX_ideal,failed,No output from any sub-box,0,0.4,,23,23,4.0,,,,,,,,223,21026,1,32,8000,10,3,NVIDIA A100-SXM4-80GB,
2026-03-24T16:02:12.389740,J12_ideal__Orai1WT-MDSnap-Fr499_cleaned,Orai1WT-MDSnap-Fr499_cleaned,J12_ideal,failed,No output from any sub-box,0,0.4,,43,51,9.0,,,,,,,,223,21026,1,32,8000,10,3,NVIDIA A100-SXM4-80GB,
2026-03-24T16:02:12.416068,J15_ideal__Orai1WT-MDSnap-Fr499_cleaned,Orai1WT-MDSnap-Fr499_cleaned,J15_ideal,failed,No output from any sub-box,0,0.4,,37,44,8.0,,,,,,,,223,21026,1,32,8000,10,3,NVIDIA A100-SXM4-80GB,
2026-03-24T16:02:12.440228,J5Z_ideal__Orai1WT-MDSnap-Fr499_cleaned,Orai1WT-MDSnap-Fr499_cleaned,J5Z_ideal,failed,No output from any sub-box,0,0.4,,21,22,1.0,,,,,,,,223,21026,1,32,8000,10,3,NVIDIA A100-SXM4-80GB,
2026-03-24T16:02:12.465904,J78_ideal__Orai1WT-MDSnap-Fr499_cleaned,Orai1WT-MDSnap-Fr499_cleaned,J78_ideal,failed,No output from any sub-box,0,0.4,,28,28,4.0,,,,,,,,223,21026,1,32,8000,10,3,NVIDIA A100-SXM4-80GB,
2026-03-24T16:02:12.488991,J80_ideal__Orai1WT-MDSnap-Fr499_cleaned,Orai1WT-MDSnap-Fr499_cleaned,J80_ideal,failed,No output from any sub-box,0,0.4,,29,29,5.0,,,,,,,,223,21026,1,32,8000,10,3,NVIDIA A100-SXM4-80GB,
2026-03-24T16:02:12.516711,J8C_ideal__Orai1WT-MDSnap-Fr499_cleaned,Orai1WT-MDSnap-Fr499_cleaned,J8C_ideal,failed,No output from any sub-box,0,0.4,,37,38,5.0,,,,,,,,223,21026,1,32,8000,10,3,NVIDIA A100-SXM4-80GB,
2026-03-24T16:02:12.562911,JAL_ideal__Orai1WT-MDSnap-Fr499_cleaned,Orai1WT-MDSnap-Fr499_cleaned,JAL_ideal,failed,No output from any sub-box,0,0.4,,17,19,2.0,,,,,,,,223,21026,1,32,8000,10,3,NVIDIA A100-SXM4-80GB,
2026-03-24T16:02:12.586253,JAS_ideal__Orai1WT-MDSnap-Fr499_cleaned,Orai1WT-MDSnap-Fr499_cleaned,JAS_ideal,failed,No output from any sub-box,0,0.4,,63,66,17.0,,,,,,,,223,21026,1,32,8000,10,3,NVIDIA A100-SXM4-80GB,
2026-03-24T16:02:12.616044,JBC_ideal__Orai1WT-MDSnap-Fr499_cleaned,Orai1WT-MDSnap-Fr499_cleaned,JBC_ideal,failed,No output from any sub-box,0,0.4,,22,26,4.0,,,,,,,,223,21026,1,32,8000,10,3,NVIDIA A100-SXM4-80GB,
2026-03-24T16:02:12.638568,JE2_ideal__Orai1WT-MDSnap-Fr499_cleaned,Orai1WT-MDSnap-Fr499_cleaned,JE2_ideal,failed,No output from any sub-box,0,0.4,,41,45,6.0,,,,,,,,223,21026,1,32,8000,10,3,NVIDIA A100-SXM4-80GB,
2026-03-24T16:02:12.662207,JER_ideal__Orai1WT-MDSnap-Fr499_cleaned,Orai1WT-MDSnap-Fr499_cleaned,JER_ideal,failed,No output from any sub-box,0,0.4,,33,35,5.0,,,,,,,,223,21026,1,32,8000,10,3,NVIDIA A100-SXM4-80GB,
2026-03-24T16:02:12.685159,JEU_ideal__Orai1WT-MDSnap-Fr499_cleaned,Orai1WT-MDSnap-Fr499_cleaned,JEU_ideal,failed,No output from any sub-box,0,0.4,,30,32,4.0,,,,,,,,223,21026,1,32,8000,10,3,NVIDIA A100-SXM4-80GB,
2026-03-24T16:02:12.725505,JHN_ideal__Orai1WT-MDSnap-Fr499_cleaned,Orai1WT-MDSnap-Fr499_cleaned,JHN_ideal,failed,No output from any sub-box,0,0.4,,33,34,2.0,,,,,,,,223,21026,1,32,8000,10,3,NVIDIA A100-SXM4-80GB,
2026-03-24T16:02:12.748160,JJH_ideal__Orai1WT-MDSnap-Fr499_cleaned,Orai1WT-MDSnap-Fr499_cleaned,JJH_ideal,failed,No output from any sub-box,0,0.4,,42,45,5.0,,,,,,,,223,21026,1,32,8000,10,3,NVIDIA A100-SXM4-80GB,
2026-03-24T16:02:12.771158,JNK_ideal__Orai1WT-MDSnap-Fr499_cleaned,Orai1WT-MDSnap-Fr499_cleaned,JNK_ideal,failed,No output from any sub-box,0,0.4,,31,33,3.0,,,,,,,,223,21026,1,32,8000,10,3,NVIDIA A100-SXM4-80GB,
2026-03-24T16:02:12.793728,JPR_ideal__Orai1WT-MDSnap-Fr499_cleaned,Orai1WT-MDSnap-Fr499_cleaned,JPR_ideal,failed,No output from any sub-box,0,0.4,,25,27,4.0,,,,,,,,223,21026,1,32,8000,10,3,NVIDIA A100-SXM4-80GB,
2026-03-24T16:02:12.815998,JT1_ideal__Orai1WT-MDSnap-Fr499_cleaned,Orai1WT-MDSnap-Fr499_cleaned,JT1_ideal,failed,No output from any sub-box,0,0.4,,47,48,5.0,,,,,,,,223,21026,1,32,8000,10,3,NVIDIA A100-SXM4-80GB,
2026-03-24T16:02:12.839244,K3R_ideal__Orai1WT-MDSnap-Fr499_cleaned,Orai1WT-MDSnap-Fr499_cleaned,K3R_ideal,failed,No output from any sub-box,0,0.4,,38,39,5.0,,,,,,,,223,21026,1,32,8000,10,3,NVIDIA A100-SXM4-80GB,
2026-03-24T16:02:12.860786,K5O_ideal__Orai1WT-MDSnap-Fr499_cleaned,Orai1WT-MDSnap-Fr499_cleaned,K5O_ideal,failed,No output from any sub-box,0,0.4,,49,51,5.0,,,,,,,,223,21026,1,32,8000,10,3,NVIDIA A100-SXM4-80GB,
2026-03-24T16:02:12.883670,K94_ideal__Orai1WT-MDSnap-Fr499_cleaned,Orai1WT-MDSnap-Fr499_cleaned,K94_ideal,failed,No output from any sub-box,0,0.4,,12,15,3.0,,,,,,,,223,21026,1,32,8000,10,3,NVIDIA A100-SXM4-80GB,
2026-03-24T16:02:12.917214,KAB_ideal__Orai1WT-MDSnap-Fr499_cleaned,Orai1WT-MDSnap-Fr499_cleaned,KAB_ideal,failed,No output from any sub-box,0,0.4,,69,74,19.0,,,,,,,,223,21026,1,32,8000,10,3,NVIDIA A100-SXM4-80GB,
2026-03-24T16:02:12.940096,KHF_ideal__Orai1WT-MDSnap-Fr499_cleaned,Orai1WT-MDSnap-Fr499_cleaned,KHF_ideal,failed,No output from any sub-box,0,0.4,,44,46,4.0,,,,,,,,223,21026,1,32,8000,10,3,NVIDIA A100-SXM4-80GB,
2026-03-24T16:02:12.964982,KLN_ideal__Orai1WT-MDSnap-Fr499_cleaned,Orai1WT-MDSnap-Fr499_cleaned,KLN_ideal,failed,No output from any sub-box,0,0.4,,36,36,3.0,,,,,,,,223,21026,1,32,8000,10,3,NVIDIA A100-SXM4-80GB,
2026-03-24T16:02:12.987307,KNT_ideal__Orai1WT-MDSnap-Fr499_cleaned,Orai1WT-MDSnap-Fr499_cleaned,KNT_ideal,failed,No output from any sub-box,0,0.4,,36,38,4.0,,,,,,,,223,21026,1,32,8000,10,3,NVIDIA A100-SXM4-80GB,
2026-03-24T16:02:13.016744,KOS_ideal__Orai1WT-MDSnap-Fr499_cleaned,Orai1WT-MDSnap-Fr499_cleaned,KOS_ideal,failed,No output from any sub-box,0,0.4,,46,51,10.0,,,,,,,,223,21026,1,32,8000,10,3,NVIDIA A100-SXM4-80GB,
2026-03-24T16:02:13.041556,KTY_ideal__Orai1WT-MDSnap-Fr499_cleaned,Orai1WT-MDSnap-Fr499_cleaned,KTY_ideal,failed,No output from any sub-box,0,0.4,,39,46,15.0,,,,,,,,223,21026,1,32,8000,10,3,NVIDIA A100-SXM4-80GB,
2026-03-24T16:02:13.065070,KZF_ideal__Orai1WT-MDSnap-Fr499_cleaned,Orai1WT-MDSnap-Fr499_cleaned,KZF_ideal,failed,No output from any sub-box,0,0.4,,13,15,2.0,,,,,,,,223,21026,1,32,8000,10,3,NVIDIA A100-SXM4-80GB,
2026-03-24T16:02:13.086654,L02_ideal__Orai1WT-MDSnap-Fr499_cleaned,Orai1WT-MDSnap-Fr499_cleaned,L02_ideal,failed,No output from any sub-box,0,0.4,,18,20,1.0,,,,,,,,223,21026,1,32,8000,10,3,NVIDIA A100-SXM4-80GB,
2026-03-24T16:02:13.116377,L17_ideal__Orai1WT-MDSnap-Fr499_cleaned,Orai1WT-MDSnap-Fr499_cleaned,L17_ideal,failed,No output from any sub-box,0,0.4,,33,35,4.0,,,,,,,,223,21026,1,32,8000,10,3,NVIDIA A100-SXM4-80GB,
2026-03-24T16:02:13.139018,L1P_ideal__Orai1WT-MDSnap-Fr499_cleaned,Orai1WT-MDSnap-Fr499_cleaned,L1P_ideal,failed,No output from any sub-box,0,0.4,,50,52,19.0,,,,,,,,223,21026,1,32,8000,10,3,NVIDIA A100-SXM4-80GB,
2026-03-24T16:02:13.162221,L24_ideal__Orai1WT-MDSnap-Fr499_cleaned,Orai1WT-MDSnap-Fr499_cleaned,L24_ideal,failed,No output from any sub-box,0,0.4,,32,39,6.0,,,,,,,,223,21026,1,32,8000,10,3,NVIDIA A100-SXM4-80GB,
2026-03-24T16:02:13.183786,L2P_ideal__Orai1WT-MDSnap-Fr499_cleaned,Orai1WT-MDSnap-Fr499_cleaned,L2P_ideal,failed,No output from any sub-box,0,0.4,,46,47,17.0,,,,,,,,223,21026,1,32,8000,10,3,NVIDIA A100-SXM4-80GB,
2026-03-24T16:02:13.215763,L3P_ideal__Orai1WT-MDSnap-Fr499_cleaned,Orai1WT-MDSnap-Fr499_cleaned,L3P_ideal,failed,No output from any sub-box,0,0.4,,59,61,22.0,,,,,,,,223,21026,1,32,8000,10,3,NVIDIA A100-SXM4-80GB,
2026-03-24T16:02:13.239995,L41_ideal__Orai1WT-MDSnap-Fr499_cleaned,Orai1WT-MDSnap-Fr499_cleaned,L41_ideal,failed,No output from any sub-box,0,0.4,,29,31,7.0,,,,,,,,223,21026,1,32,8000,10,3,NVIDIA A100-SXM4-80GB,
2026-03-24T16:02:13.263755,L75_ideal__Orai1WT-MDSnap-Fr499_cleaned,Orai1WT-MDSnap-Fr499_cleaned,L75_ideal,failed,No output from any sub-box,0,0.4,,48,52,7.0,,,,,,,,223,21026,1,32,8000,10,3,NVIDIA A100-SXM4-80GB,
2026-03-24T16:02:13.289143,LAZ_ideal__Orai1WT-MDSnap-Fr499_cleaned,Orai1WT-MDSnap-Fr499_cleaned,LAZ_ideal,failed,No output from any sub-box,0,0.4,,13,15,2.0,,,,,,,,223,21026,1,32,8000,10,3,NVIDIA A100-SXM4-80GB,
2026-03-24T16:02:13.315673,LBM_ideal__Orai1WT-MDSnap-Fr499_cleaned,Orai1WT-MDSnap-Fr499_cleaned,LBM_ideal,failed,No output from any sub-box,0,0.4,,61,64,6.0,,,,,,,,223,21026,1,32,8000,10,3,NVIDIA A100-SXM4-80GB,
2026-03-24T16:02:13.340299,LCO_ideal__Orai1WT-MDSnap-Fr499_cleaned,Orai1WT-MDSnap-Fr499_cleaned,LCO_ideal,failed,No output from any sub-box,0,0.4,,4,4,,,,,,,,,223,21026,1,32,8000,10,3,NVIDIA A100-SXM4-80GB,
2026-03-24T16:02:13.365297,LCP_ideal__Orai1WT-MDSnap-Fr499_cleaned,Orai1WT-MDSnap-Fr499_cleaned,LCP_ideal,failed,No output from any sub-box,0,0.4,,5,5,,,,,,,,,223,21026,1,32,8000,10,3,NVIDIA A100-SXM4-80GB,
2026-03-24T16:02:13.389275,LDM_ideal__Orai1WT-MDSnap-Fr499_cleaned,Orai1WT-MDSnap-Fr499_cleaned,LDM_ideal,failed,No output from any sub-box,0,0.4,,21,22,7.0,,,,,,,,223,21026,1,32,8000,10,3,NVIDIA A100-SXM4-80GB,
2026-03-24T16:02:13.417589,LEH_ideal__Orai1WT-MDSnap-Fr499_cleaned,Orai1WT-MDSnap-Fr499_cleaned,LEH_ideal,failed,No output from any sub-box,0,0.4,,27,29,8.0,,,,,,,,223,21026,1,32,8000,10,3,NVIDIA A100-SXM4-80GB,
2026-03-24T16:02:13.441550,LHG_ideal__Orai1WT-MDSnap-Fr499_cleaned,Orai1WT-MDSnap-Fr499_cleaned,LHG_ideal,failed,No output from any sub-box,0,0.4,,49,52,21.0,,,,,,,,223,21026,1,32,8000,10,3,NVIDIA A100-SXM4-80GB,
2026-03-24T16:02:13.464889,LIL_ideal__Orai1WT-MDSnap-Fr499_cleaned,Orai1WT-MDSnap-Fr499_cleaned,LIL_ideal,failed,No output from any sub-box,0,0.4,,32,33,13.0,,,,,,,,223,21026,1,32,8000,10,3,NVIDIA A100-SXM4-80GB,
2026-03-24T16:02:13.499532,LIM_ideal__Orai1WT-MDSnap-Fr499_cleaned,Orai1WT-MDSnap-Fr499_cleaned,LIM_ideal,failed,No output from any sub-box,0,0.4,,18,19,7.0,,,,,,,,223,21026,1,32,8000,10,3,NVIDIA A100-SXM4-80GB,
2026-03-24T16:02:13.533008,LJ1_ideal__Orai1WT-MDSnap-Fr499_cleaned,Orai1WT-MDSnap-Fr499_cleaned,LJ1_ideal,failed,No output from any sub-box,0,0.4,,17,18,1.0,,,,,,,,223,21026,1,32,8000,10,3,NVIDIA A100-SXM4-80GB,
2026-03-24T16:02:13.558510,LJ2_ideal__Orai1WT-MDSnap-Fr499_cleaned,Orai1WT-MDSnap-Fr499_cleaned,LJ2_ideal,failed,No output from any sub-box,0,0.4,,17,18,1.0,,,,,,,,223,21026,1,32,8000,10,3,NVIDIA A100-SXM4-80GB,
2026-03-24T16:02:13.582457,LJ3_ideal__Orai1WT-MDSnap-Fr499_cleaned,Orai1WT-MDSnap-Fr499_cleaned,LJ3_ideal,failed,No output from any sub-box,0,0.4,,15,16,1.0,,,,,,,,223,21026,1,32,8000,10,3,NVIDIA A100-SXM4-80GB,
2026-03-24T16:02:13.616049,LJ4_ideal__Orai1WT-MDSnap-Fr499_cleaned,Orai1WT-MDSnap-Fr499_cleaned,LJ4_ideal,failed,No output from any sub-box,0,0.4,,16,17,1.0,,,,,,,,223,21026,1,32,8000,10,3,NVIDIA A100-SXM4-80GB,
2026-03-24T16:02:13.733396,LJ5_ideal__Orai1WT-MDSnap-Fr499_cleaned,Orai1WT-MDSnap-Fr499_cleaned,LJ5_ideal,failed,No output from any sub-box,0,0.4,,18,20,1.0,,,,,,,,223,21026,1,32,8000,10,3,NVIDIA A100-SXM4-80GB,
2026-03-24T16:02:13.756404,LK2_ideal__Orai1WT-MDSnap-Fr499_cleaned,Orai1WT-MDSnap-Fr499_cleaned,LK2_ideal,failed,No output from any sub-box,0,0.4,,28,31,6.0,,,,,,,,223,21026,1,32,8000,10,3,NVIDIA A100-SXM4-80GB,
2026-03-24T16:02:13.780485,LK3_ideal__Orai1WT-MDSnap-Fr499_cleaned,Orai1WT-MDSnap-Fr499_cleaned,LK3_ideal,failed,No output from any sub-box,0,0.4,,29,32,7.0,,,,,,,,223,21026,1,32,8000,10,3,NVIDIA A100-SXM4-80GB,
2026-03-24T16:02:13.817742,LK4_ideal__Orai1WT-MDSnap-Fr499_cleaned,Orai1WT-MDSnap-Fr499_cleaned,LK4_ideal,failed,No output from any sub-box,0,0.4,,33,36,6.0,,,,,,,,223,21026,1,32,8000,10,3,NVIDIA A100-SXM4-80GB,
2026-03-24T16:02:13.842435,LL2_ideal__Orai1WT-MDSnap-Fr499_cleaned,Orai1WT-MDSnap-Fr499_cleaned,LL2_ideal,failed,No output from any sub-box,0,0.4,,13,15,1.0,,,,,,,,223,21026,1,32,8000,10,3,NVIDIA A100-SXM4-80GB,
2026-03-24T16:02:13.865553,LMU_ideal__Orai1WT-MDSnap-Fr499_cleaned,Orai1WT-MDSnap-Fr499_cleaned,LMU_ideal,failed,No output from any sub-box,0,0.4,,35,42,11.0,,,,,,,,223,21026,1,32,8000,10,3,NVIDIA A100-SXM4-80GB,
2026-03-24T16:02:13.889363,LPE_ideal__Orai1WT-MDSnap-Fr499_cleaned,Orai1WT-MDSnap-Fr499_cleaned,LPE_ideal,failed,No output from any sub-box,0,0.4,,34,36,14.0,,,,,,,,223,21026,1,32,8000,10,3,NVIDIA A100-SXM4-80GB,
2026-03-24T16:02:13.920462,LPS_ideal__Orai1WT-MDSnap-Fr499_cleaned,Orai1WT-MDSnap-Fr499_cleaned,LPS_ideal,failed,No output from any sub-box,0,0.4,,32,38,14.0,,,,,,,,223,21026,1,32,8000,10,3,NVIDIA A100-SXM4-80GB,
2026-03-24T16:02:13.949053,LTD_ideal__Orai1WT-MDSnap-Fr499_cleaned,Orai1WT-MDSnap-Fr499_cleaned,LTD_ideal,failed,No output from any sub-box,0,0.4,,34,40,12.0,,,,,,,,223,21026,1,32,8000,10,3,NVIDIA A100-SXM4-80GB,
2026-03-24T16:02:13.972228,LTX_ideal__Orai1WT-MDSnap-Fr499_cleaned,Orai1WT-MDSnap-Fr499_cleaned,LTX_ideal,failed,No output from any sub-box,0,0.4,,43,51,15.0,,,,,,,,223,21026,1,32,8000,10,3,NVIDIA A100-SXM4-80GB,
2026-03-24T16:02:13.995017,LVO_ideal__Orai1WT-MDSnap-Fr499_cleaned,Orai1WT-MDSnap-Fr499_cleaned,LVO_ideal,failed,No output from any sub-box,0,0.4,,33,40,8.0,,,,,,,,223,21026,1,32,8000,10,3,NVIDIA A100-SXM4-80GB,
2026-03-24T16:02:14.018121,LYB_ideal__Orai1WT-MDSnap-Fr499_cleaned,Orai1WT-MDSnap-Fr499_cleaned,LYB_ideal,failed,No output from any sub-box,0,0.4,,58,71,15.0,,,,,,,,223,21026,1,32,8000,10,3,NVIDIA A100-SXM4-80GB,
2026-03-24T16:02:14.042389,LZ4_ideal__Orai1WT-MDSnap-Fr499_cleaned,Orai1WT-MDSnap-Fr499_cleaned,LZ4_ideal,failed,No output from any sub-box,0,0.4,,18,21,2.0,,,,,,,,223,21026,1,32,8000,10,3,NVIDIA A100-SXM4-80GB,
2026-03-24T16:02:14.065821,LZ8_ideal__Orai1WT-MDSnap-Fr499_cleaned,Orai1WT-MDSnap-Fr499_cleaned,LZ8_ideal,failed,No output from any sub-box,0,0.4,,24,27,2.0,,,,,,,,223,21026,1,32,8000,10,3,NVIDIA A100-SXM4-80GB,
2026-03-24T16:02:14.088830,LZE_ideal__Orai1WT-MDSnap-Fr499_cleaned,Orai1WT-MDSnap-Fr499_cleaned,LZE_ideal,failed,No output from any sub-box,0,0.4,,25,29,2.0,,,,,,,,223,21026,1,32,8000,10,3,NVIDIA A100-SXM4-80GB,
2026-03-24T16:02:14.116767,LZJ_ideal__Orai1WT-MDSnap-Fr499_cleaned,Orai1WT-MDSnap-Fr499_cleaned,LZJ_ideal,failed,No output from any sub-box,0,0.4,,20,24,1.0,,,,,,,,223,21026,1,32,8000,10,3,NVIDIA A100-SXM4-80GB,
2026-03-24T16:02:14.142244,LZK_ideal__Orai1WT-MDSnap-Fr499_cleaned,Orai1WT-MDSnap-Fr499_cleaned,LZK_ideal,failed,No output from any sub-box,0,0.4,,22,26,2.0,,,,,,,,223,21026,1,32,8000,10,3,NVIDIA A100-SXM4-80GB,
2026-03-24T16:02:14.244520,M0N_ideal__Orai1WT-MDSnap-Fr499_cleaned,Orai1WT-MDSnap-Fr499_cleaned,M0N_ideal,failed,No output from any sub-box,0,0.4,,20,25,4.0,,,,,,,,223,21026,1,32,8000,10,3,NVIDIA A100-SXM4-80GB,
2026-03-24T16:02:14.273329,M25_ideal__Orai1WT-MDSnap-Fr499_cleaned,Orai1WT-MDSnap-Fr499_cleaned,M25_ideal,failed,No output from any sub-box,0,0.4,,16,19,2.0,,,,,,,,223,21026,1,32,8000,10,3,NVIDIA A100-SXM4-80GB,
2026-03-24T16:02:14.297296,M28_ideal__Orai1WT-MDSnap-Fr499_cleaned,Orai1WT-MDSnap-Fr499_cleaned,M28_ideal,failed,No output from any sub-box,0,0.4,,15,18,3.0,,,,,,,,223,21026,1,32,8000,10,3,NVIDIA A100-SXM4-80GB,
2026-03-24T16:02:14.333632,MA4_ideal__Orai1WT-MDSnap-Fr499_cleaned,Orai1WT-MDSnap-Fr499_cleaned,MA4_ideal,failed,No output from any sub-box,0,0.4,,35,42,9.0,,,,,,,,223,21026,1,32,8000,10,3,NVIDIA A100-SXM4-80GB,
2026-03-24T16:02:14.355455,MAE_ideal__Orai1WT-MDSnap-Fr499_cleaned,Orai1WT-MDSnap-Fr499_cleaned,MAE_ideal,failed,No output from any sub-box,0,0.4,,8,10,2.0,,,,,,,,223,21026,1,32,8000,10,3,NVIDIA A100-SXM4-80GB,
2026-03-24T16:02:14.378885,MAH_ideal__Orai1WT-MDSnap-Fr499_cleaned,Orai1WT-MDSnap-Fr499_cleaned,MAH_ideal,failed,No output from any sub-box,0,0.4,,11,14,3.0,,,,,,,,223,21026,1,32,8000,10,3,NVIDIA A100-SXM4-80GB,
2026-03-24T16:02:14.400687,MAK_ideal__Orai1WT-MDSnap-Fr499_cleaned,Orai1WT-MDSnap-Fr499_cleaned,MAK_ideal,failed,No output from any sub-box,0,0.4,,8,10,2.0,,,,,,,,223,21026,1,32,8000,10,3,NVIDIA A100-SXM4-80GB,
2026-03-24T16:02:14.437459,MAY_ideal__Orai1WT-MDSnap-Fr499_cleaned,Orai1WT-MDSnap-Fr499_cleaned,MAY_ideal,failed,No output from any sub-box,0,0.4,,25,25,8.0,,,,,,,,223,21026,1,32,8000,10,3,NVIDIA A100-SXM4-80GB,
2026-03-24T16:02:14.461215,MBN_ideal__Orai1WT-MDSnap-Fr499_cleaned,Orai1WT-MDSnap-Fr499_cleaned,MBN_ideal,failed,No output from any sub-box,0,0.4,,7,7,,,,,,,,,223,21026,1,32,8000,10,3,NVIDIA A100-SXM4-80GB,
2026-03-24T16:02:14.516456,MBR_ideal__Orai1WT-MDSnap-Fr499_cleaned,Orai1WT-MDSnap-Fr499_cleaned,MBR_ideal,failed,No output from any sub-box,0,0.4,,4,4,,,,,,,,,223,21026,1,32,8000,10,3,NVIDIA A100-SXM4-80GB,
2026-03-24T16:02:14.550195,MBT_ideal__Orai1WT-MDSnap-Fr499_cleaned,Orai1WT-MDSnap-Fr499_cleaned,MBT_ideal,failed,No output from any sub-box,0,0.4,,20,20,1.0,,,,,,,,223,21026,1,32,8000,10,3,NVIDIA A100-SXM4-80GB,
2026-03-24T16:02:14.574874,MCA_ideal__Orai1WT-MDSnap-Fr499_cleaned,Orai1WT-MDSnap-Fr499_cleaned,MCA_ideal,failed,No output from any sub-box,0,0.4,,55,66,15.0,,,,,,,,223,21026,1,32,8000,10,3,NVIDIA A100-SXM4-80GB,
2026-03-24T16:02:14.598624,MCH_ideal__Orai1WT-MDSnap-Fr499_cleaned,Orai1WT-MDSnap-Fr499_cleaned,MCH_ideal,failed,No output from any sub-box,0,0.4,,4,4,,,,,,,,,223,21026,1,32,8000,10,3,NVIDIA A100-SXM4-80GB,
2026-03-24T16:02:14.635418,MCN_ideal__Orai1WT-MDSnap-Fr499_cleaned,Orai1WT-MDSnap-Fr499_cleaned,MCN_ideal,failed,No output from any sub-box,0,0.4,,44,55,9.0,,,,,,,,223,21026,1,32,8000,10,3,NVIDIA A100-SXM4-80GB,
2026-03-24T16:02:14.658148,MD7_ideal__Orai1WT-MDSnap-Fr499_cleaned,Orai1WT-MDSnap-Fr499_cleaned,MD7_ideal,failed,No output from any sub-box,0,0.4,,23,25,2.0,,,,,,,,223,21026,1,32,8000,10,3,NVIDIA A100-SXM4-80GB,
2026-03-24T16:02:14.680917,MDD_ideal__Orai1WT-MDSnap-Fr499_cleaned,Orai1WT-MDSnap-Fr499_cleaned,MDD_ideal,failed,No output from any sub-box,0,0.4,,5,5,1.0,,,,,,,,223,21026,1,32,8000,10,3,NVIDIA A100-SXM4-80GB,
2026-03-24T16:02:14.717915,MDE_ideal__Orai1WT-MDSnap-Fr499_cleaned,Orai1WT-MDSnap-Fr499_cleaned,MDE_ideal,failed,No output from any sub-box,0,0.4,,63,74,19.0,,,,,,,,223,21026,1,32,8000,10,3,NVIDIA A100-SXM4-80GB,
2026-03-24T16:02:14.739798,MDN_ideal__Orai1WT-MDSnap-Fr499_cleaned,Orai1WT-MDSnap-Fr499_cleaned,MDN_ideal,failed,No output from any sub-box,0,0.4,,9,13,3.0,,,,,,,,223,21026,1,32,8000,10,3,NVIDIA A100-SXM4-80GB,
2026-03-24T16:02:14.763106,MES_ideal__Orai1WT-MDSnap-Fr499_cleaned,Orai1WT-MDSnap-Fr499_cleaned,MES_ideal,failed,No output from any sub-box,0,0.4,,12,13,1.0,,,,,,,,223,21026,1,32,8000,10,3,NVIDIA A100-SXM4-80GB,
2026-03-24T16:02:14.788198,MF3_ideal__Orai1WT-MDSnap-Fr499_cleaned,Orai1WT-MDSnap-Fr499_cleaned,MF3_ideal,failed,No output from any sub-box,0,0.4,,12,15,3.0,,,,,,,,223,21026,1,32,8000,10,3,NVIDIA A100-SXM4-80GB,
2026-03-24T16:02:14.816678,MGE_ideal__Orai1WT-MDSnap-Fr499_cleaned,Orai1WT-MDSnap-Fr499_cleaned,MGE_ideal,failed,No output from any sub-box,0,0.4,,48,52,19.0,,,,,,,,223,21026,1,32,8000,10,3,NVIDIA A100-SXM4-80GB,
2026-03-24T16:02:14.841005,MGM_ideal__Orai1WT-MDSnap-Fr499_cleaned,Orai1WT-MDSnap-Fr499_cleaned,MGM_ideal,failed,No output from any sub-box,0,0.4,,29,32,9.0,,,,,,,,223,21026,1,32,8000,10,3,NVIDIA A100-SXM4-80GB,
2026-03-24T16:02:14.864740,MGR_ideal__Orai1WT-MDSnap-Fr499_cleaned,Orai1WT-MDSnap-Fr499_cleaned,MGR_ideal,failed,No output from any sub-box,0,0.4,,25,25,1.0,,,,,,,,223,21026,1,32,8000,10,3,NVIDIA A100-SXM4-80GB,
2026-03-24T16:02:14.888268,MIM_ideal__Orai1WT-MDSnap-Fr499_cleaned,Orai1WT-MDSnap-Fr499_cleaned,MIM_ideal,failed,No output from any sub-box,0,0.4,,43,49,10.0,,,,,,,,223,21026,1,32,8000,10,3,NVIDIA A100-SXM4-80GB,
2026-03-24T16:02:14.916184,MJV_ideal__Orai1WT-MDSnap-Fr499_cleaned,Orai1WT-MDSnap-Fr499_cleaned,MJV_ideal,failed,No output from any sub-box,0,0.4,,29,31,2.0,,,,,,,,223,21026,1,32,8000,10,3,NVIDIA A100-SXM4-80GB,
2026-03-24T16:02:14.941752,MK1_ideal__Orai1WT-MDSnap-Fr499_cleaned,Orai1WT-MDSnap-Fr499_cleaned,MK1_ideal,failed,No output from any sub-box,0,0.4,,45,49,7.0,,,,,,,,223,21026,1,32,8000,10,3,NVIDIA A100-SXM4-80GB,
2026-03-24T16:02:14.965204,MK6_ideal__Orai1WT-MDSnap-Fr499_cleaned,Orai1WT-MDSnap-Fr499_cleaned,MK6_ideal,failed,No output from any sub-box,0,0.4,,37,38,5.0,,,,,,,,223,21026,1,32,8000,10,3,NVIDIA A100-SXM4-80GB,
2026-03-24T16:02:14.988171,MLA_ideal__Orai1WT-MDSnap-Fr499_cleaned,Orai1WT-MDSnap-Fr499_cleaned,MLA_ideal,failed,No output from any sub-box,0,0.4,,7,9,2.0,,,,,,,,223,21026,1,32,8000,10,3,NVIDIA A100-SXM4-80GB,
2026-03-24T16:02:15.017744,MLC_ideal__Orai1WT-MDSnap-Fr499_cleaned,Orai1WT-MDSnap-Fr499_cleaned,MLC_ideal,failed,No output from any sub-box,0,0.4,,54,65,15.0,,,,,,,,223,21026,1,32,8000,10,3,NVIDIA A100-SXM4-80GB,
2026-03-24T16:02:15.042456,MLD_ideal__Orai1WT-MDSnap-Fr499_cleaned,Orai1WT-MDSnap-Fr499_cleaned,MLD_ideal,failed,No output from any sub-box,0,0.4,,64,78,15.0,,,,,,,,223,21026,1,32,8000,10,3,NVIDIA A100-SXM4-80GB,
2026-03-24T16:02:15.069934,MLI_ideal__Orai1WT-MDSnap-Fr499_cleaned,Orai1WT-MDSnap-Fr499_cleaned,MLI_ideal,failed,No output from any sub-box,0,0.4,,7,7,1.0,,,,,,,,223,21026,1,32,8000,10,3,NVIDIA A100-SXM4-80GB,
2026-03-24T16:02:15.094482,MM3_ideal__Orai1WT-MDSnap-Fr499_cleaned,Orai1WT-MDSnap-Fr499_cleaned,MM3_ideal,failed,No output from any sub-box,0,0.4,,26,28,5.0,,,,,,,,223,21026,1,32,8000,10,3,NVIDIA A100-SXM4-80GB,
2026-03-24T16:02:15.118540,MMI_ideal__Orai1WT-MDSnap-Fr499_cleaned,Orai1WT-MDSnap-Fr499_cleaned,MMI_ideal,failed,No output from any sub-box,0,0.4,,54,61,13.0,,,,,,,,223,21026,1,32,8000,10,3,NVIDIA A100-SXM4-80GB,
2026-03-24T16:02:15.140097,MMQ_ideal__Orai1WT-MDSnap-Fr499_cleaned,Orai1WT-MDSnap-Fr499_cleaned,MMQ_ideal,failed,No output from any sub-box,0,0.4,,6,7,1.0,,,,,,,,223,21026,1,32,8000,10,3,NVIDIA A100-SXM4-80GB,
2026-03-24T16:02:15.162186,MNN_ideal__Orai1WT-MDSnap-Fr499_cleaned,Orai1WT-MDSnap-Fr499_cleaned,MNN_ideal,failed,No output from any sub-box,0,0.4,,10,11,1.0,,,,,,,,223,21026,1,32,8000,10,3,NVIDIA A100-SXM4-80GB,
2026-03-24T16:02:15.187540,MNY_ideal__Orai1WT-MDSnap-Fr499_cleaned,Orai1WT-MDSnap-Fr499_cleaned,MNY_ideal,failed,No output from any sub-box,0,0.4,,20,26,2.0,,,,,,,,223,21026,1,32,8000,10,3,NVIDIA A100-SXM4-80GB,
2026-03-24T16:02:15.216263,MPB_ideal__Orai1WT-MDSnap-Fr499_cleaned,Orai1WT-MDSnap-Fr499_cleaned,MPB_ideal,failed,No output from any sub-box,0,0.4,,11,12,1.0,,,,,,,,223,21026,1,32,8000,10,3,NVIDIA A100-SXM4-80GB,
2026-03-24T16:02:15.281273,MPG_ideal__Orai1WT-MDSnap-Fr499_cleaned,Orai1WT-MDSnap-Fr499_cleaned,MPG_ideal,failed,No output from any sub-box,0,0.4,,25,27,10.0,,,,,,,,223,21026,1,32,8000,10,3,NVIDIA A100-SXM4-80GB,
2026-03-24T16:02:15.317799,MPO_ideal__Orai1WT-MDSnap-Fr499_cleaned,Orai1WT-MDSnap-Fr499_cleaned,MPO_ideal,failed,No output from any sub-box,0,0.4,,13,14,2.0,,,,,,,,223,21026,1,32,8000,10,3,NVIDIA A100-SXM4-80GB,
2026-03-24T16:02:15.343243,MPX_ideal__Orai1WT-MDSnap-Fr499_cleaned,Orai1WT-MDSnap-Fr499_cleaned,MPX_ideal,failed,No output from any sub-box,0,0.4,,21,25,2.0,,,,,,,,223,21026,1,32,8000,10,3,NVIDIA A100-SXM4-80GB,
2026-03-24T16:02:15.366000,MPZ_ideal__Orai1WT-MDSnap-Fr499_cleaned,Orai1WT-MDSnap-Fr499_cleaned,MPZ_ideal,failed,No output from any sub-box,0,0.4,,36,38,3.0,,,,,,,,223,21026,1,32,8000,10,3,NVIDIA A100-SXM4-80GB,
2026-03-24T16:02:15.388949,MQ7_ideal__Orai1WT-MDSnap-Fr499_cleaned,Orai1WT-MDSnap-Fr499_cleaned,MQ7_ideal,failed,No output from any sub-box,0,0.4,,48,48,10.0,,,,,,,,223,21026,1,32,8000,10,3,NVIDIA A100-SXM4-80GB,
2026-03-24T16:02:15.415731,MR4_ideal__Orai1WT-MDSnap-Fr499_cleaned,Orai1WT-MDSnap-Fr499_cleaned,MR4_ideal,failed,No output from any sub-box,0,0.4,,18,19,1.0,,,,,,,,223,21026,1,32,8000,10,3,NVIDIA A100-SXM4-80GB,
2026-03-24T16:02:15.439257,MR5_ideal__Orai1WT-MDSnap-Fr499_cleaned,Orai1WT-MDSnap-Fr499_cleaned,MR5_ideal,failed,No output from any sub-box,0,0.4,,18,19,1.0,,,,,,,,223,21026,1,32,8000,10,3,NVIDIA A100-SXM4-80GB,
2026-03-24T16:02:15.461783,MR6_ideal__Orai1WT-MDSnap-Fr499_cleaned,Orai1WT-MDSnap-Fr499_cleaned,MR6_ideal,failed,No output from any sub-box,0,0.4,,17,17,0.0,,,,,,,,223,21026,1,32,8000,10,3,NVIDIA A100-SXM4-80GB,
2026-03-24T16:02:15.485301,MRC_ideal__Orai1WT-MDSnap-Fr499_cleaned,Orai1WT-MDSnap-Fr499_cleaned,MRC_ideal,failed,No output from any sub-box,0,0.4,,35,39,10.0,,,,,,,,223,21026,1,32,8000,10,3,NVIDIA A100-SXM4-80GB,
2026-03-24T16:02:15.518015,MRE_ideal__Orai1WT-MDSnap-Fr499_cleaned,Orai1WT-MDSnap-Fr499_cleaned,MRE_ideal,failed,No output from any sub-box,0,0.4,,20,21,2.0,,,,,,,,223,21026,1,32,8000,10,3,NVIDIA A100-SXM4-80GB,
2026-03-24T16:02:15.540956,MS1_ideal__Orai1WT-MDSnap-Fr499_cleaned,Orai1WT-MDSnap-Fr499_cleaned,MS1_ideal,failed,No output from any sub-box,0,0.4,,57,69,12.0,,,,,,,,223,21026,1,32,8000,10,3,NVIDIA A100-SXM4-80GB,
2026-03-24T16:02:15.564109,MS3_ideal__Orai1WT-MDSnap-Fr499_cleaned,Orai1WT-MDSnap-Fr499_cleaned,MS3_ideal,failed,No output from any sub-box,0,0.4,,56,62,11.0,,,,,,,,223,21026,1,32,8000,10,3,NVIDIA A100-SXM4-80GB,
2026-03-24T16:02:15.585821,MSB_ideal__Orai1WT-MDSnap-Fr499_cleaned,Orai1WT-MDSnap-Fr499_cleaned,MSB_ideal,failed,No output from any sub-box,0,0.4,,11,12,1.0,,,,,,,,223,21026,1,32,8000,10,3,NVIDIA A100-SXM4-80GB,
2026-03-24T16:02:15.615992,MSR_ideal__Orai1WT-MDSnap-Fr499_cleaned,Orai1WT-MDSnap-Fr499_cleaned,MSR_ideal,failed,No output from any sub-box,0,0.4,,12,13,1.0,,,,,,,,223,21026,1,32,8000,10,3,NVIDIA A100-SXM4-80GB,
2026-03-24T16:02:15.653477,MWV_ideal__Orai1WT-MDSnap-Fr499_cleaned,Orai1WT-MDSnap-Fr499_cleaned,MWV_ideal,failed,No output from any sub-box,0,0.4,,36,37,6.0,,,,,,,,223,21026,1,32,8000,10,3,NVIDIA A100-SXM4-80GB,
2026-03-24T16:02:15.677748,MXP_ideal__Orai1WT-MDSnap-Fr499_cleaned,Orai1WT-MDSnap-Fr499_cleaned,MXP_ideal,failed,No output from any sub-box,0,0.4,,30,32,6.0,,,,,,,,223,21026,1,32,8000,10,3,NVIDIA A100-SXM4-80GB,
2026-03-24T16:02:15.733243,MXT_ideal__Orai1WT-MDSnap-Fr499_cleaned,Orai1WT-MDSnap-Fr499_cleaned,MXT_ideal,failed,No output from any sub-box,0,0.4,,18,19,1.0,,,,,,,,223,21026,1,32,8000,10,3,NVIDIA A100-SXM4-80GB,
2026-03-24T16:02:15.816008,MYA_ideal__Orai1WT-MDSnap-Fr499_cleaned,Orai1WT-MDSnap-Fr499_cleaned,MYA_ideal,failed,No output from any sub-box,0,0.4,,63,73,19.0,,,,,,,,223,21026,1,32,8000,10,3,NVIDIA A100-SXM4-80GB,
2026-03-24T16:02:15.839396,MYP_ideal__Orai1WT-MDSnap-Fr499_cleaned,Orai1WT-MDSnap-Fr499_cleaned,MYP_ideal,failed,No output from any sub-box,0,0.4,,41,43,5.0,,,,,,,,223,21026,1,32,8000,10,3,NVIDIA A100-SXM4-80GB,
2026-03-24T16:02:15.863442,MYX_ideal__Orai1WT-MDSnap-Fr499_cleaned,Orai1WT-MDSnap-Fr499_cleaned,MYX_ideal,failed,No output from any sub-box,0,0.4,,33,35,6.0,,,,,,,,223,21026,1,32,8000,10,3,NVIDIA A100-SXM4-80GB,
2026-03-24T16:02:15.885055,N2P_ideal__Orai1WT-MDSnap-Fr499_cleaned,Orai1WT-MDSnap-Fr499_cleaned,N2P_ideal,failed,No output from any sub-box,0,0.4,,7,11,3.0,,,,,,,,223,21026,1,32,8000,10,3,NVIDIA A100-SXM4-80GB,
2026-03-24T16:02:15.918798,N3C_ideal__Orai1WT-MDSnap-Fr499_cleaned,Orai1WT-MDSnap-Fr499_cleaned,N3C_ideal,failed,No output from any sub-box,0,0.4,,56,58,8.0,,,,,,,,223,21026,1,32,8000,10,3,NVIDIA A100-SXM4-80GB,
2026-03-24T16:02:15.942342,N4E_ideal__Orai1WT-MDSnap-Fr499_cleaned,Orai1WT-MDSnap-Fr499_cleaned,N4E_ideal,failed,No output from any sub-box,0,0.4,,13,14,1.0,,,,,,,,223,21026,1,32,8000,10,3,NVIDIA A100-SXM4-80GB,
2026-03-24T16:02:15.964204,N5B_ideal__Orai1WT-MDSnap-Fr499_cleaned,Orai1WT-MDSnap-Fr499_cleaned,N5B_ideal,failed,No output from any sub-box,0,0.4,,17,19,1.0,,,,,,,,223,21026,1,32,8000,10,3,NVIDIA A100-SXM4-80GB,
2026-03-24T16:02:15.987245,N6W_ideal__Orai1WT-MDSnap-Fr499_cleaned,Orai1WT-MDSnap-Fr499_cleaned,N6W_ideal,failed,No output from any sub-box,0,0.4,,18,20,,,,,,,,,223,21026,1,32,8000,10,3,NVIDIA A100-SXM4-80GB,
2026-03-24T16:02:16.016954,N7R_ideal__Orai1WT-MDSnap-Fr499_cleaned,Orai1WT-MDSnap-Fr499_cleaned,N7R_ideal,failed,No output from any sub-box,0,0.4,,42,44,5.0,,,,,,,,223,21026,1,32,8000,10,3,NVIDIA A100-SXM4-80GB,
2026-03-24T16:02:16.039436,N8E_ideal__Orai1WT-MDSnap-Fr499_cleaned,Orai1WT-MDSnap-Fr499_cleaned,N8E_ideal,failed,No output from any sub-box,0,0.4,,24,25,11.0,,,,,,,,223,21026,1,32,8000,10,3,NVIDIA A100-SXM4-80GB,
2026-03-24T16:02:16.063628,NAD_ideal__Orai1WT-MDSnap-Fr499_cleaned,Orai1WT-MDSnap-Fr499_cleaned,NAD_ideal,failed,No output from any sub-box,0,0.4,,44,53,8.0,,,,,,,,223,21026,1,32,8000,10,3,NVIDIA A100-SXM4-80GB,
2026-03-24T16:02:16.085811,NAE_ideal__Orai1WT-MDSnap-Fr499_cleaned,Orai1WT-MDSnap-Fr499_cleaned,NAE_ideal,failed,No output from any sub-box,0,0.4,,48,57,9.0,,,,,,,,223,21026,1,32,8000,10,3,NVIDIA A100-SXM4-80GB,
2026-03-24T16:02:16.116164,NAF_ideal__Orai1WT-MDSnap-Fr499_cleaned,Orai1WT-MDSnap-Fr499_cleaned,NAF_ideal,failed,No output from any sub-box,0,0.4,,17,19,2.0,,,,,,,,223,21026,1,32,8000,10,3,NVIDIA A100-SXM4-80GB,
2026-03-24T16:02:16.139483,NAI_ideal__Orai1WT-MDSnap-Fr499_cleaned,Orai1WT-MDSnap-Fr499_cleaned,NAI_ideal,failed,No output from any sub-box,0,0.4,,44,54,9.0,,,,,,,,223,21026,1,32,8000,10,3,NVIDIA A100-SXM4-80GB,
2026-03-24T16:02:16.163447,NAJ_ideal__Orai1WT-MDSnap-Fr499_cleaned,Orai1WT-MDSnap-Fr499_cleaned,NAJ_ideal,failed,No output from any sub-box,0,0.4,,44,53,8.0,,,,,,,,223,21026,1,32,8000,10,3,NVIDIA A100-SXM4-80GB,
2026-03-24T16:02:16.189794,NAP_ideal__Orai1WT-MDSnap-Fr499_cleaned,Orai1WT-MDSnap-Fr499_cleaned,NAP_ideal,failed,No output from any sub-box,0,0.4,,48,58,10.0,,,,,,,,223,21026,1,32,8000,10,3,NVIDIA A100-SXM4-80GB,
2026-03-24T16:02:16.233422,NAQ_ideal__Orai1WT-MDSnap-Fr499_cleaned,Orai1WT-MDSnap-Fr499_cleaned,NAQ_ideal,failed,No output from any sub-box,0,0.4,,50,59,10.0,,,,,,,,223,21026,1,32,8000,10,3,NVIDIA A100-SXM4-80GB,
2026-03-24T16:02:16.258509,NBC_ideal__Orai1WT-MDSnap-Fr499_cleaned,Orai1WT-MDSnap-Fr499_cleaned,NBC_ideal,failed,No output from any sub-box,0,0.4,,56,66,15.0,,,,,,,,223,21026,1,32,8000,10,3,NVIDIA A100-SXM4-80GB,
2026-03-24T16:02:16.280843,NBP_ideal__Orai1WT-MDSnap-Fr499_cleaned,Orai1WT-MDSnap-Fr499_cleaned,NBP_ideal,failed,No output from any sub-box,0,0.4,,49,59,10.0,,,,,,,,223,21026,1,32,8000,10,3,NVIDIA A100-SXM4-80GB,
2026-03-24T16:02:16.316972,NBU_ideal__Orai1WT-MDSnap-Fr499_cleaned,Orai1WT-MDSnap-Fr499_cleaned,NBU_ideal,failed,No output from any sub-box,0,0.4,,4,4,0.0,,,,,,,,223,21026,1,32,8000,10,3,NVIDIA A100-SXM4-80GB,
2026-03-24T16:02:16.345331,NDA_ideal__Orai1WT-MDSnap-Fr499_cleaned,Orai1WT-MDSnap-Fr499_cleaned,NDA_ideal,failed,No output from any sub-box,0,0.4,,43,52,9.0,,,,,,,,223,21026,1,32,8000,10,3,NVIDIA A100-SXM4-80GB,
2026-03-24T16:02:16.369488,NDC_ideal__Orai1WT-MDSnap-Fr499_cleaned,Orai1WT-MDSnap-Fr499_cleaned,NDC_ideal,failed,No output from any sub-box,0,0.4,,51,60,9.0,,,,,,,,223,21026,1,32,8000,10,3,NVIDIA A100-SXM4-80GB,
2026-03-24T16:02:16.393139,NDD_ideal__Orai1WT-MDSnap-Fr499_cleaned,Orai1WT-MDSnap-Fr499_cleaned,NDD_ideal,failed,No output from any sub-box,0,0.4,,16,18,2.0,,,,,,,,223,21026,1,32,8000,10,3,NVIDIA A100-SXM4-80GB,
2026-03-24T16:02:16.416688,NDP_ideal__Orai1WT-MDSnap-Fr499_cleaned,Orai1WT-MDSnap-Fr499_cleaned,NDP_ideal,failed,No output from any sub-box,0,0.4,,48,59,10.0,,,,,,,,223,21026,1,32,8000,10,3,NVIDIA A100-SXM4-80GB,
2026-03-24T16:02:16.439317,NE6_ideal__Orai1WT-MDSnap-Fr499_cleaned,Orai1WT-MDSnap-Fr499_cleaned,NE6_ideal,failed,No output from any sub-box,0,0.4,,30,30,6.0,,,,,,,,223,21026,1,32,8000,10,3,NVIDIA A100-SXM4-80GB,
2026-03-24T16:02:16.462231,NEN_ideal__Orai1WT-MDSnap-Fr499_cleaned,Orai1WT-MDSnap-Fr499_cleaned,NEN_ideal,failed,No output from any sub-box,0,0.4,,9,9,0.0,,,,,,,,223,21026,1,32,8000,10,3,NVIDIA A100-SXM4-80GB,
2026-03-24T16:02:16.485080,NEQ_ideal__Orai1WT-MDSnap-Fr499_cleaned,Orai1WT-MDSnap-Fr499_cleaned,NEQ_ideal,failed,No output from any sub-box,0,0.4,,9,9,0.0,,,,,,,,223,21026,1,32,8000,10,3,NVIDIA A100-SXM4-80GB,
2026-03-24T16:02:16.517500,NET_ideal__Orai1WT-MDSnap-Fr499_cleaned,Orai1WT-MDSnap-Fr499_cleaned,NET_ideal,failed,No output from any sub-box,0,0.4,,9,9,2.0,,,,,,,,223,21026,1,32,8000,10,3,NVIDIA A100-SXM4-80GB,
2026-03-24T16:02:16.540894,NFA_ideal__Orai1WT-MDSnap-Fr499_cleaned,Orai1WT-MDSnap-Fr499_cleaned,NFA_ideal,failed,No output from any sub-box,0,0.4,,12,16,2.0,,,,,,,,223,21026,1,32,8000,10,3,NVIDIA A100-SXM4-80GB,
2026-03-24T16:02:16.563804,NHE_ideal__Orai1WT-MDSnap-Fr499_cleaned,Orai1WT-MDSnap-Fr499_cleaned,NHE_ideal,failed,No output from any sub-box,0,0.4,,13,15,2.0,,,,,,,,223,21026,1,32,8000,10,3,NVIDIA A100-SXM4-80GB,
2026-03-24T16:02:16.587248,NHM_ideal__Orai1WT-MDSnap-Fr499_cleaned,Orai1WT-MDSnap-Fr499_cleaned,NHM_ideal,failed,No output from any sub-box,0,0.4,,64,74,20.0,,,,,,,,223,21026,1,32,8000,10,3,NVIDIA A100-SXM4-80GB,
2026-03-24T16:02:16.619175,NHO_ideal__Orai1WT-MDSnap-Fr499_cleaned,Orai1WT-MDSnap-Fr499_cleaned,NHO_ideal,failed,No output from any sub-box,0,0.4,,54,68,13.0,,,,,,,,223,21026,1,32,8000,10,3,NVIDIA A100-SXM4-80GB,
2026-03-24T16:02:16.643006,NIN_ideal__Orai1WT-MDSnap-Fr499_cleaned,Orai1WT-MDSnap-Fr499_cleaned,NIN_ideal,failed,No output from any sub-box,0,0.4,,12,12,1.0,,,,,,,,223,21026,1,32,8000,10,3,NVIDIA A100-SXM4-80GB,
2026-03-24T16:02:16.665502,NIZ_ideal__Orai1WT-MDSnap-Fr499_cleaned,Orai1WT-MDSnap-Fr499_cleaned,NIZ_ideal,failed,No output from any sub-box,0,0.4,,10,13,1.0,,,,,,,,223,21026,1,32,8000,10,3,NVIDIA A100-SXM4-80GB,
2026-03-24T16:02:16.689888,NMX_ideal__Orai1WT-MDSnap-Fr499_cleaned,Orai1WT-MDSnap-Fr499_cleaned,NMX_ideal,failed,No output from any sub-box,0,0.4,,51,61,13.0,,,,,,,,223,21026,1,32,8000,10,3,NVIDIA A100-SXM4-80GB,
2026-03-24T16:02:16.717307,NNB_ideal__Orai1WT-MDSnap-Fr499_cleaned,Orai1WT-MDSnap-Fr499_cleaned,NNB_ideal,failed,No output from any sub-box,0,0.4,,24,25,2.0,,,,,,,,223,21026,1,32,8000,10,3,NVIDIA A100-SXM4-80GB,
2026-03-24T16:02:16.740782,NNC_ideal__Orai1WT-MDSnap-Fr499_cleaned,Orai1WT-MDSnap-Fr499_cleaned,NNC_ideal,failed,No output from any sub-box,0,0.4,,24,25,2.0,,,,,,,,223,21026,1,32,8000,10,3,NVIDIA A100-SXM4-80GB,
2026-03-24T16:02:16.763167,NNI_ideal__Orai1WT-MDSnap-Fr499_cleaned,Orai1WT-MDSnap-Fr499_cleaned,NNI_ideal,failed,No output from any sub-box,0,0.4,,24,25,2.0,,,,,,,,223,21026,1,32,8000,10,3,NVIDIA A100-SXM4-80GB,
2026-03-24T16:02:16.787376,NO3_ideal__Orai1WT-MDSnap-Fr499_cleaned,Orai1WT-MDSnap-Fr499_cleaned,NO3_ideal,failed,No output from any sub-box,0,0.4,,4,4,,,,,,,,,223,21026,1,32,8000,10,3,NVIDIA A100-SXM4-80GB,
2026-03-24T16:02:16.815874,NOV_ideal__Orai1WT-MDSnap-Fr499_cleaned,Orai1WT-MDSnap-Fr499_cleaned,NOV_ideal,failed,No output from any sub-box,0,0.4,,44,50,6.0,,,,,,,,223,21026,1,32,8000,10,3,NVIDIA A100-SXM4-80GB,
2026-03-24T16:02:16.841243,NPO_ideal__Orai1WT-MDSnap-Fr499_cleaned,Orai1WT-MDSnap-Fr499_cleaned,NPO_ideal,failed,No output from any sub-box,0,0.4,,10,11,1.0,,,,,,,,223,21026,1,32,8000,10,3,NVIDIA A100-SXM4-80GB,
2026-03-24T16:02:16.863870,NR2_ideal__Orai1WT-MDSnap-Fr499_cleaned,Orai1WT-MDSnap-Fr499_cleaned,NR2_ideal,failed,No output from any sub-box,0,0.4,,24,28,2.0,,,,,,,,223,21026,1,32,8000,10,3,NVIDIA A100-SXM4-80GB,
2026-03-24T16:02:16.886513,NTD_ideal__Orai1WT-MDSnap-Fr499_cleaned,Orai1WT-MDSnap-Fr499_cleaned,NTD_ideal,failed,No output from any sub-box,0,0.4,,23,24,2.0,,,,,,,,223,21026,1,32,8000,10,3,NVIDIA A100-SXM4-80GB,
2026-03-24T16:02:16.916364,NTU_ideal__Orai1WT-MDSnap-Fr499_cleaned,Orai1WT-MDSnap-Fr499_cleaned,NTU_ideal,failed,No output from any sub-box,0,0.4,,24,28,8.0,,,,,,,,223,21026,1,32,8000,10,3,NVIDIA A100-SXM4-80GB,
2026-03-24T16:02:16.939906,NXX_ideal__Orai1WT-MDSnap-Fr499_cleaned,Orai1WT-MDSnap-Fr499_cleaned,NXX_ideal,failed,No output from any sub-box,0,0.4,,44,53,9.0,,,,,,,,223,21026,1,32,8000,10,3,NVIDIA A100-SXM4-80GB,
2026-03-24T16:02:16.963496,NYL_ideal__Orai1WT-MDSnap-Fr499_cleaned,Orai1WT-MDSnap-Fr499_cleaned,NYL_ideal,failed,No output from any sub-box,0,0.4,,10,11,1.0,,,,,,,,223,21026,1,32,8000,10,3,NVIDIA A100-SXM4-80GB,
2026-03-24T16:02:16.985950,NZQ_ideal__Orai1WT-MDSnap-Fr499_cleaned,Orai1WT-MDSnap-Fr499_cleaned,NZQ_ideal,failed,No output from any sub-box,0,0.4,,50,63,11.0,,,,,,,,223,21026,1,32,8000,10,3,NVIDIA A100-SXM4-80GB,
2026-03-24T16:02:17.019087,O8N_ideal__Orai1WT-MDSnap-Fr499_cleaned,Orai1WT-MDSnap-Fr499_cleaned,O8N_ideal,failed,No output from any sub-box,0,0.4,,29,30,13.0,,,,,,,,223,21026,1,32,8000,10,3,NVIDIA A100-SXM4-80GB,
2026-03-24T16:02:17.044744,ODD_ideal__Orai1WT-MDSnap-Fr499_cleaned,Orai1WT-MDSnap-Fr499_cleaned,ODD_ideal,failed,No output from any sub-box,0,0.4,,20,21,7.0,,,,,,,,223,21026,1,32,8000,10,3,NVIDIA A100-SXM4-80GB,
2026-03-24T16:02:17.068475,ODS_ideal__Orai1WT-MDSnap-Fr499_cleaned,Orai1WT-MDSnap-Fr499_cleaned,ODS_ideal,failed,No output from any sub-box,0,0.4,,10,11,0.0,,,,,,,,223,21026,1,32,8000,10,3,NVIDIA A100-SXM4-80GB,
2026-03-24T16:02:17.093729,ODT_ideal__Orai1WT-MDSnap-Fr499_cleaned,Orai1WT-MDSnap-Fr499_cleaned,ODT_ideal,failed,No output from any sub-box,0,0.4,,20,21,7.0,,,,,,,,223,21026,1,32,8000,10,3,NVIDIA A100-SXM4-80GB,
2026-03-24T16:02:17.116782,OFF_ideal__Orai1WT-MDSnap-Fr499_cleaned,Orai1WT-MDSnap-Fr499_cleaned,OFF_ideal,failed,No output from any sub-box,0,0.4,,33,37,8.0,,,,,,,,223,21026,1,32,8000,10,3,NVIDIA A100-SXM4-80GB,
2026-03-24T16:02:17.139825,OHH_ideal__Orai1WT-MDSnap-Fr499_cleaned,Orai1WT-MDSnap-Fr499_cleaned,OHH_ideal,failed,No output from any sub-box,0,0.4,,49,51,5.0,,,,,,,,223,21026,1,32,8000,10,3,NVIDIA A100-SXM4-80GB,
2026-03-24T16:02:17.162564,OHM_ideal__Orai1WT-MDSnap-Fr499_cleaned,Orai1WT-MDSnap-Fr499_cleaned,OHM_ideal,failed,No output from any sub-box,0,0.4,,21,23,5.0,,,,,,,,223,21026,1,32,8000,10,3,NVIDIA A100-SXM4-80GB,
2026-03-24T16:02:17.186727,OHN_ideal__Orai1WT-MDSnap-Fr499_cleaned,Orai1WT-MDSnap-Fr499_cleaned,OHN_ideal,failed,No output from any sub-box,0,0.4,,21,22,5.0,,,,,,,,223,21026,1,32,8000,10,3,NVIDIA A100-SXM4-80GB,
2026-03-24T16:02:17.216435,OKA_ideal__Orai1WT-MDSnap-Fr499_cleaned,Orai1WT-MDSnap-Fr499_cleaned,OKA_ideal,failed,No output from any sub-box,0,0.4,,57,62,7.0,,,,,,,,223,21026,1,32,8000,10,3,NVIDIA A100-SXM4-80GB,
2026-03-24T16:02:17.240894,OPP_ideal__Orai1WT-MDSnap-Fr499_cleaned,Orai1WT-MDSnap-Fr499_cleaned,OPP_ideal,failed,No output from any sub-box,0,0.4,,17,17,2.0,,,,,,,,223,21026,1,32,8000,10,3,NVIDIA A100-SXM4-80GB,
2026-03-24T16:02:17.263286,OSP_ideal__Orai1WT-MDSnap-Fr499_cleaned,Orai1WT-MDSnap-Fr499_cleaned,OSP_ideal,failed,No output from any sub-box,0,0.4,,18,20,1.0,,,,,,,,223,21026,1,32,8000,10,3,NVIDIA A100-SXM4-80GB,
2026-03-24T16:02:17.285335,OX3_ideal__Orai1WT-MDSnap-Fr499_cleaned,Orai1WT-MDSnap-Fr499_cleaned,OX3_ideal,failed,No output from any sub-box,0,0.4,,18,19,2.0,,,,,,,,223,21026,1,32,8000,10,3,NVIDIA A100-SXM4-80GB,
2026-03-24T16:02:17.316062,OX5_ideal__Orai1WT-MDSnap-Fr499_cleaned,Orai1WT-MDSnap-Fr499_cleaned,OX5_ideal,failed,No output from any sub-box,0,0.4,,17,18,3.0,,,,,,,,223,21026,1,32,8000,10,3,NVIDIA A100-SXM4-80GB,
2026-03-24T16:02:17.342271,OX6_ideal__Orai1WT-MDSnap-Fr499_cleaned,Orai1WT-MDSnap-Fr499_cleaned,OX6_ideal,failed,No output from any sub-box,0,0.4,,17,18,2.0,,,,,,,,223,21026,1,32,8000,10,3,NVIDIA A100-SXM4-80GB,
2026-03-24T16:02:17.364546,OX7_ideal__Orai1WT-MDSnap-Fr499_cleaned,Orai1WT-MDSnap-Fr499_cleaned,OX7_ideal,failed,No output from any sub-box,0,0.4,,17,18,2.0,,,,,,,,223,21026,1,32,8000,10,3,NVIDIA A100-SXM4-80GB,
2026-03-24T16:02:17.385809,OXC_ideal__Orai1WT-MDSnap-Fr499_cleaned,Orai1WT-MDSnap-Fr499_cleaned,OXC_ideal,failed,No output from any sub-box,0,0.4,,11,15,1.0,,,,,,,,223,21026,1,32,8000,10,3,NVIDIA A100-SXM4-80GB,
2026-03-24T16:02:17.487243,OXD_ideal__Orai1WT-MDSnap-Fr499_cleaned,Orai1WT-MDSnap-Fr499_cleaned,OXD_ideal,failed,No output from any sub-box,0,0.4,,6,8,1.0,,,,,,,,223,21026,1,32,8000,10,3,NVIDIA A100-SXM4-80GB,
2026-03-24T16:02:17.518121,P0E_ideal__Orai1WT-MDSnap-Fr499_cleaned,Orai1WT-MDSnap-Fr499_cleaned,P0E_ideal,failed,No output from any sub-box,0,0.4,,49,51,20.0,,,,,,,,223,21026,1,32,8000,10,3,NVIDIA A100-SXM4-80GB,
2026-03-24T16:02:17.542441,P1L_ideal__Orai1WT-MDSnap-Fr499_cleaned,Orai1WT-MDSnap-Fr499_cleaned,P1L_ideal,failed,No output from any sub-box,0,0.4,,24,27,10.0,,,,,,,,223,21026,1,32,8000,10,3,NVIDIA A100-SXM4-80GB,
2026-03-24T16:02:17.566003,P2Z_ideal__Orai1WT-MDSnap-Fr499_cleaned,Orai1WT-MDSnap-Fr499_cleaned,P2Z_ideal,failed,No output from any sub-box,0,0.4,,20,20,2.0,,,,,,,,223,21026,1,32,8000,10,3,NVIDIA A100-SXM4-80GB,
2026-03-24T16:02:17.590226,P30_ideal__Orai1WT-MDSnap-Fr499_cleaned,Orai1WT-MDSnap-Fr499_cleaned,P30_ideal,failed,No output from any sub-box,0,0.4,,40,42,4.0,,,,,,,,223,21026,1,32,8000,10,3,NVIDIA A100-SXM4-80GB,
2026-03-24T16:02:17.617803,P40_ideal__Orai1WT-MDSnap-Fr499_cleaned,Orai1WT-MDSnap-Fr499_cleaned,P40_ideal,failed,No output from any sub-box,0,0.4,,32,34,3.0,,,,,,,,223,21026,1,32,8000,10,3,NVIDIA A100-SXM4-80GB,
2026-03-24T16:02:17.642351,P48_ideal__Orai1WT-MDSnap-Fr499_cleaned,Orai1WT-MDSnap-Fr499_cleaned,P48_ideal,failed,No output from any sub-box,0,0.4,,34,36,2.0,,,,,,,,223,21026,1,32,8000,10,3,NVIDIA A100-SXM4-80GB,
2026-03-24T16:02:17.665982,P5B_ideal__Orai1WT-MDSnap-Fr499_cleaned,Orai1WT-MDSnap-Fr499_cleaned,P5B_ideal,failed,No output from any sub-box,0,0.4,,39,48,7.0,,,,,,,,223,21026,1,32,8000,10,3,NVIDIA A100-SXM4-80GB,
2026-03-24T16:02:17.689586,P5S_ideal__Orai1WT-MDSnap-Fr499_cleaned,Orai1WT-MDSnap-Fr499_cleaned,P5S_ideal,failed,No output from any sub-box,0,0.4,,54,58,23.0,,,,,,,,223,21026,1,32,8000,10,3,NVIDIA A100-SXM4-80GB,
2026-03-24T16:02:17.715964,P89_ideal__Orai1WT-MDSnap-Fr499_cleaned,Orai1WT-MDSnap-Fr499_cleaned,P89_ideal,failed,No output from any sub-box,0,0.4,,28,31,8.0,,,,,,,,223,21026,1,32,8000,10,3,NVIDIA A100-SXM4-80GB,
2026-03-24T16:02:17.739734,PAB_ideal__Orai1WT-MDSnap-Fr499_cleaned,Orai1WT-MDSnap-Fr499_cleaned,PAB_ideal,failed,No output from any sub-box,0,0.4,,10,13,1.0,,,,,,,,223,21026,1,32,8000,10,3,NVIDIA A100-SXM4-80GB,
2026-03-24T16:02:17.761630,PAC_ideal__Orai1WT-MDSnap-Fr499_cleaned,Orai1WT-MDSnap-Fr499_cleaned,PAC_ideal,failed,No output from any sub-box,0,0.4,,10,11,1.0,,,,,,,,223,21026,1,32,8000,10,3,NVIDIA A100-SXM4-80GB,
2026-03-24T16:02:17.785283,PAD_ideal__Orai1WT-MDSnap-Fr499_cleaned,Orai1WT-MDSnap-Fr499_cleaned,PAD_ideal,failed,No output from any sub-box,0,0.4,,44,54,8.0,,,,,,,,223,21026,1,32,8000,10,3,NVIDIA A100-SXM4-80GB,
2026-03-24T16:02:17.815921,PB2_ideal__Orai1WT-MDSnap-Fr499_cleaned,Orai1WT-MDSnap-Fr499_cleaned,PB2_ideal,failed,No output from any sub-box,0,0.4,,18,18,1.0,,,,,,,,223,21026,1,32,8000,10,3,NVIDIA A100-SXM4-80GB,
2026-03-24T16:02:17.844699,PBA_ideal__Orai1WT-MDSnap-Fr499_cleaned,Orai1WT-MDSnap-Fr499_cleaned,PBA_ideal,failed,No output from any sub-box,0,0.4,,11,13,2.0,,,,,,,,223,21026,1,32,8000,10,3,NVIDIA A100-SXM4-80GB,
2026-03-24T16:02:17.868009,PBC_ideal__Orai1WT-MDSnap-Fr499_cleaned,Orai1WT-MDSnap-Fr499_cleaned,PBC_ideal,failed,No output from any sub-box,0,0.4,,9,11,1.0,,,,,,,,223,21026,1,32,8000,10,3,NVIDIA A100-SXM4-80GB,
2026-03-24T16:02:17.889956,PBN_ideal__Orai1WT-MDSnap-Fr499_cleaned,Orai1WT-MDSnap-Fr499_cleaned,PBN_ideal,failed,No output from any sub-box,0,0.4,,11,13,2.0,,,,,,,,223,21026,1,32,8000,10,3,NVIDIA A100-SXM4-80GB,
2026-03-24T16:02:17.915799,PBR_ideal__Orai1WT-MDSnap-Fr499_cleaned,Orai1WT-MDSnap-Fr499_cleaned,PBR_ideal,failed,No output from any sub-box,0,0.4,,12,13,0.0,,,,,,,,223,21026,1,32,8000,10,3,NVIDIA A100-SXM4-80GB,
2026-03-24T16:02:17.939049,PCB_ideal__Orai1WT-MDSnap-Fr499_cleaned,Orai1WT-MDSnap-Fr499_cleaned,PCB_ideal,failed,No output from any sub-box,0,0.4,,24,24,1.0,,,,,,,,223,21026,1,32,8000,10,3,NVIDIA A100-SXM4-80GB,
2026-03-24T16:02:17.962574,PCF_ideal__Orai1WT-MDSnap-Fr499_cleaned,Orai1WT-MDSnap-Fr499_cleaned,PCF_ideal,failed,No output from any sub-box,0,0.4,,50,50,20.0,,,,,,,,223,21026,1,32,8000,10,3,NVIDIA A100-SXM4-80GB,
2026-03-24T16:02:17.985860,PCM_ideal__Orai1WT-MDSnap-Fr499_cleaned,Orai1WT-MDSnap-Fr499_cleaned,PCM_ideal,failed,No output from any sub-box,0,0.4,,43,46,8.0,,,,,,,,223,21026,1,32,8000,10,3,NVIDIA A100-SXM4-80GB,
2026-03-24T16:02:18.017501,PCQ_ideal__Orai1WT-MDSnap-Fr499_cleaned,Orai1WT-MDSnap-Fr499_cleaned,PCQ_ideal,failed,No output from any sub-box,0,0.4,,18,20,1.0,,,,,,,,223,21026,1,32,8000,10,3,NVIDIA A100-SXM4-80GB,
2026-03-24T16:02:18.040709,PCR_ideal__Orai1WT-MDSnap-Fr499_cleaned,Orai1WT-MDSnap-Fr499_cleaned,PCR_ideal,failed,No output from any sub-box,0,0.4,,8,9,0.0,,,,,,,,223,21026,1,32,8000,10,3,NVIDIA A100-SXM4-80GB,
2026-03-24T16:02:18.064088,PCS_ideal__Orai1WT-MDSnap-Fr499_cleaned,Orai1WT-MDSnap-Fr499_cleaned,PCS_ideal,failed,No output from any sub-box,0,0.4,,13,15,2.0,,,,,,,,223,21026,1,32,8000,10,3,NVIDIA A100-SXM4-80GB,
2026-03-24T16:02:18.087460,PCW_ideal__Orai1WT-MDSnap-Fr499_cleaned,Orai1WT-MDSnap-Fr499_cleaned,PCW_ideal,failed,No output from any sub-box,0,0.4,,54,55,21.0,,,,,,,,223,21026,1,32,8000,10,3,NVIDIA A100-SXM4-80GB,
2026-03-24T16:02:18.116015,PC_ideal__Orai1WT-MDSnap-Fr499_cleaned,Orai1WT-MDSnap-Fr499_cleaned,PC_ideal,failed,No output from any sub-box,0,0.4,,11,13,3.0,,,,,,,,223,21026,1,32,8000,10,3,NVIDIA A100-SXM4-80GB,
2026-03-24T16:02:18.139939,PD7_ideal__Orai1WT-MDSnap-Fr499_cleaned,Orai1WT-MDSnap-Fr499_cleaned,PD7_ideal,failed,No output from any sub-box,0,0.4,,26,28,10.0,,,,,,,,223,21026,1,32,8000,10,3,NVIDIA A100-SXM4-80GB,
2026-03-24T16:02:18.162634,PDC_ideal__Orai1WT-MDSnap-Fr499_cleaned,Orai1WT-MDSnap-Fr499_cleaned,PDC_ideal,failed,No output from any sub-box,0,0.4,,12,14,2.0,,,,,,,,223,21026,1,32,8000,10,3,NVIDIA A100-SXM4-80GB,
2026-03-24T16:02:18.184581,PDO_ideal__Orai1WT-MDSnap-Fr499_cleaned,Orai1WT-MDSnap-Fr499_cleaned,PDO_ideal,failed,No output from any sub-box,0,0.4,,5,7,2.0,,,,,,,,223,21026,1,32,8000,10,3,NVIDIA A100-SXM4-80GB,
2026-03-24T16:02:18.217152,PE5_ideal__Orai1WT-MDSnap-Fr499_cleaned,Orai1WT-MDSnap-Fr499_cleaned,PE5_ideal,failed,No output from any sub-box,0,0.4,,27,28,12.0,,,,,,,,223,21026,1,32,8000,10,3,NVIDIA A100-SXM4-80GB,
2026-03-24T16:02:18.241340,PE7_ideal__Orai1WT-MDSnap-Fr499_cleaned,Orai1WT-MDSnap-Fr499_cleaned,PE7_ideal,failed,No output from any sub-box,0,0.4,,22,24,10.0,,,,,,,,223,21026,1,32,8000,10,3,NVIDIA A100-SXM4-80GB,
2026-03-24T16:02:18.264014,PEA_ideal__Orai1WT-MDSnap-Fr499_cleaned,Orai1WT-MDSnap-Fr499_cleaned,PEA_ideal,failed,No output from any sub-box,0,0.4,,9,12,1.0,,,,,,,,223,21026,1,32,8000,10,3,NVIDIA A100-SXM4-80GB,
2026-03-24T16:02:18.293901,PEE_ideal__Orai1WT-MDSnap-Fr499_cleaned,Orai1WT-MDSnap-Fr499_cleaned,PEE_ideal,failed,No output from any sub-box,0,0.4,,51,54,21.0,,,,,,,,223,21026,1,32,8000,10,3,NVIDIA A100-SXM4-80GB,
2026-03-24T16:02:18.317765,PEF_ideal__Orai1WT-MDSnap-Fr499_cleaned,Orai1WT-MDSnap-Fr499_cleaned,PEF_ideal,failed,No output from any sub-box,0,0.4,,47,50,20.0,,,,,,,,223,21026,1,32,8000,10,3,NVIDIA A100-SXM4-80GB,
2026-03-24T16:02:18.339622,PEL_ideal__Orai1WT-MDSnap-Fr499_cleaned,Orai1WT-MDSnap-Fr499_cleaned,PEL_ideal,failed,No output from any sub-box,0,0.4,,9,10,1.0,,,,,,,,223,21026,1,32,8000,10,3,NVIDIA A100-SXM4-80GB,
2026-03-24T16:02:18.401216,PFB_ideal__Orai1WT-MDSnap-Fr499_cleaned,Orai1WT-MDSnap-Fr499_cleaned,PFB_ideal,failed,No output from any sub-box,0,0.4,,13,14,1.0,,,,,,,,223,21026,1,32,8000,10,3,NVIDIA A100-SXM4-80GB,
2026-03-24T16:02:18.438517,PFL_ideal__Orai1WT-MDSnap-Fr499_cleaned,Orai1WT-MDSnap-Fr499_cleaned,PFL_ideal,failed,No output from any sub-box,0,0.4,,13,14,1.0,,,,,,,,223,21026,1,32,8000,10,3,NVIDIA A100-SXM4-80GB,
2026-03-24T16:02:18.461476,PFS_ideal__Orai1WT-MDSnap-Fr499_cleaned,Orai1WT-MDSnap-Fr499_cleaned,PFS_ideal,failed,No output from any sub-box,0,0.4,,35,35,13.0,,,,,,,,223,21026,1,32,8000,10,3,NVIDIA A100-SXM4-80GB,
2026-03-24T16:02:18.488205,PGM_ideal__Orai1WT-MDSnap-Fr499_cleaned,Orai1WT-MDSnap-Fr499_cleaned,PGM_ideal,failed,No output from any sub-box,0,0.4,,32,35,13.0,,,,,,,,223,21026,1,32,8000,10,3,NVIDIA A100-SXM4-80GB,
2026-03-24T16:02:18.517629,PHB_ideal__Orai1WT-MDSnap-Fr499_cleaned,Orai1WT-MDSnap-Fr499_cleaned,PHB_ideal,failed,No output from any sub-box,0,0.4,,10,12,1.0,,,,,,,,223,21026,1,32,8000,10,3,NVIDIA A100-SXM4-80GB,
2026-03-24T16:02:18.540545,PHE_ideal__Orai1WT-MDSnap-Fr499_cleaned,Orai1WT-MDSnap-Fr499_cleaned,PHE_ideal,failed,No output from any sub-box,0,0.4,,12,15,2.0,,,,,,,,223,21026,1,32,8000,10,3,NVIDIA A100-SXM4-80GB,
2026-03-24T16:02:18.563197,PHI_ideal__Orai1WT-MDSnap-Fr499_cleaned,Orai1WT-MDSnap-Fr499_cleaned,PHI_ideal,failed,No output from any sub-box,0,0.4,,13,16,2.0,,,,,,,,223,21026,1,32,8000,10,3,NVIDIA A100-SXM4-80GB,
2026-03-24T16:02:18.585031,PHJ_ideal__Orai1WT-MDSnap-Fr499_cleaned,Orai1WT-MDSnap-Fr499_cleaned,PHJ_ideal,failed,No output from any sub-box,0,0.4,,11,14,1.0,,,,,,,,223,21026,1,32,8000,10,3,NVIDIA A100-SXM4-80GB,
2026-03-24T16:02:18.679129,PHK_ideal__Orai1WT-MDSnap-Fr499_cleaned,Orai1WT-MDSnap-Fr499_cleaned,PHK_ideal,failed,No output from any sub-box,0,0.4,,13,16,3.0,,,,,,,,223,21026,1,32,8000,10,3,NVIDIA A100-SXM4-80GB,
2026-03-24T16:02:18.715958,PHL_ideal__Orai1WT-MDSnap-Fr499_cleaned,Orai1WT-MDSnap-Fr499_cleaned,PHL_ideal,failed,No output from any sub-box,0,0.4,,11,14,2.0,,,,,,,,223,21026,1,32,8000,10,3,NVIDIA A100-SXM4-80GB,
2026-03-24T16:02:18.738209,PHN_ideal__Orai1WT-MDSnap-Fr499_cleaned,Orai1WT-MDSnap-Fr499_cleaned,PHN_ideal,failed,No output from any sub-box,0,0.4,,14,14,,,,,,,,,223,21026,1,32,8000,10,3,NVIDIA A100-SXM4-80GB,
2026-03-24T16:02:18.769133,PHQ_ideal__Orai1WT-MDSnap-Fr499_cleaned,Orai1WT-MDSnap-Fr499_cleaned,PHQ_ideal,failed,No output from any sub-box,0,0.4,,11,11,1.0,,,,,,,,223,21026,1,32,8000,10,3,NVIDIA A100-SXM4-80GB,
2026-03-24T16:02:18.792549,PHT_ideal__Orai1WT-MDSnap-Fr499_cleaned,Orai1WT-MDSnap-Fr499_cleaned,PHT_ideal,failed,No output from any sub-box,0,0.4,,12,14,2.0,,,,,,,,223,21026,1,32,8000,10,3,NVIDIA A100-SXM4-80GB,
2026-03-24T16:02:18.817967,PIE_ideal__Orai1WT-MDSnap-Fr499_cleaned,Orai1WT-MDSnap-Fr499_cleaned,PIE_ideal,failed,No output from any sub-box,0,0.4,,57,62,22.0,,,,,,,,223,21026,1,32,8000,10,3,NVIDIA A100-SXM4-80GB,
2026-03-24T16:02:18.843725,PIH_ideal__Orai1WT-MDSnap-Fr499_cleaned,Orai1WT-MDSnap-Fr499_cleaned,PIH_ideal,failed,No output from any sub-box,0,0.4,,7,7,,,,,,,,,223,21026,1,32,8000,10,3,NVIDIA A100-SXM4-80GB,
2026-03-24T16:02:18.866002,PIM_ideal__Orai1WT-MDSnap-Fr499_cleaned,Orai1WT-MDSnap-Fr499_cleaned,PIM_ideal,failed,No output from any sub-box,0,0.4,,11,12,0.0,,,,,,,,223,21026,1,32,8000,10,3,NVIDIA A100-SXM4-80GB,
2026-03-24T16:02:18.889450,PIT_ideal__Orai1WT-MDSnap-Fr499_cleaned,Orai1WT-MDSnap-Fr499_cleaned,PIT_ideal,failed,No output from any sub-box,0,0.4,,18,22,3.0,,,,,,,,223,21026,1,32,8000,10,3,NVIDIA A100-SXM4-80GB,
2026-03-24T16:02:18.938516,PIU_ideal__Orai1WT-MDSnap-Fr499_cleaned,Orai1WT-MDSnap-Fr499_cleaned,PIU_ideal,failed,No output from any sub-box,0,0.4,,21,23,2.0,,,,,,,,223,21026,1,32,8000,10,3,NVIDIA A100-SXM4-80GB,
2026-03-24T16:02:18.962663,PKF_ideal__Orai1WT-MDSnap-Fr499_cleaned,Orai1WT-MDSnap-Fr499_cleaned,PKF_ideal,failed,No output from any sub-box,0,0.4,,52,59,11.0,,,,,,,,223,21026,1,32,8000,10,3,NVIDIA A100-SXM4-80GB,
2026-03-24T16:02:18.985513,PL3_ideal__Orai1WT-MDSnap-Fr499_cleaned,Orai1WT-MDSnap-Fr499_cleaned,PL3_ideal,failed,No output from any sub-box,0,0.4,,17,18,7.0,,,,,,,,223,21026,1,32,8000,10,3,NVIDIA A100-SXM4-80GB,
2026-03-24T16:02:19.016798,PLC_ideal__Orai1WT-MDSnap-Fr499_cleaned,Orai1WT-MDSnap-Fr499_cleaned,PLC_ideal,failed,No output from any sub-box,0,0.4,,42,43,16.0,,,,,,,,223,21026,1,32,8000,10,3,NVIDIA A100-SXM4-80GB,
2026-03-24T16:02:19.042446,PLM_ideal__Orai1WT-MDSnap-Fr499_cleaned,Orai1WT-MDSnap-Fr499_cleaned,PLM_ideal,failed,No output from any sub-box,0,0.4,,18,19,7.0,,,,,,,,223,21026,1,32,8000,10,3,NVIDIA A100-SXM4-80GB,
2026-03-24T16:02:19.064701,PLU_ideal__Orai1WT-MDSnap-Fr499_cleaned,Orai1WT-MDSnap-Fr499_cleaned,PLU_ideal,failed,No output from any sub-box,0,0.4,,10,14,3.0,,,,,,,,223,21026,1,32,8000,10,3,NVIDIA A100-SXM4-80GB,
2026-03-24T16:02:19.086536,PM4_ideal__Orai1WT-MDSnap-Fr499_cleaned,Orai1WT-MDSnap-Fr499_cleaned,PM4_ideal,failed,No output from any sub-box,0,0.4,,28,33,9.0,,,,,,,,223,21026,1,32,8000,10,3,NVIDIA A100-SXM4-80GB,
2026-03-24T16:02:19.117501,PM5_ideal__Orai1WT-MDSnap-Fr499_cleaned,Orai1WT-MDSnap-Fr499_cleaned,PM5_ideal,failed,No output from any sub-box,0,0.4,,29,34,9.0,,,,,,,,223,21026,1,32,8000,10,3,NVIDIA A100-SXM4-80GB,
2026-03-24T16:02:19.158106,PMA_ideal__Orai1WT-MDSnap-Fr499_cleaned,Orai1WT-MDSnap-Fr499_cleaned,PMA_ideal,failed,No output from any sub-box,0,0.4,,18,22,4.0,,,,,,,,223,21026,1,32,8000,10,3,NVIDIA A100-SXM4-80GB,
2026-03-24T16:02:19.181209,PMS_ideal__Orai1WT-MDSnap-Fr499_cleaned,Orai1WT-MDSnap-Fr499_cleaned,PMS_ideal,failed,No output from any sub-box,0,0.4,,11,12,1.0,,,,,,,,223,21026,1,32,8000,10,3,NVIDIA A100-SXM4-80GB,
2026-03-24T16:02:19.215811,PN6_ideal__Orai1WT-MDSnap-Fr499_cleaned,Orai1WT-MDSnap-Fr499_cleaned,PN6_ideal,failed,No output from any sub-box,0,0.4,,25,28,1.0,,,,,,,,223,21026,1,32,8000,10,3,NVIDIA A100-SXM4-80GB,
2026-03-24T16:02:19.238853,PNF_ideal__Orai1WT-MDSnap-Fr499_cleaned,Orai1WT-MDSnap-Fr499_cleaned,PNF_ideal,failed,No output from any sub-box,0,0.4,,27,30,7.0,,,,,,,,223,21026,1,32,8000,10,3,NVIDIA A100-SXM4-80GB,
2026-03-24T16:02:19.261577,PNT_ideal__Orai1WT-MDSnap-Fr499_cleaned,Orai1WT-MDSnap-Fr499_cleaned,PNT_ideal,failed,No output from any sub-box,0,0.4,,25,31,5.0,,,,,,,,223,21026,1,32,8000,10,3,NVIDIA A100-SXM4-80GB,
2026-03-24T16:02:19.284915,PO4_ideal__Orai1WT-MDSnap-Fr499_cleaned,Orai1WT-MDSnap-Fr499_cleaned,PO4_ideal,failed,No output from any sub-box,0,0.4,,5,5,,,,,,,,,223,21026,1,32,8000,10,3,NVIDIA A100-SXM4-80GB,
2026-03-24T16:02:19.316117,PP1_ideal__Orai1WT-MDSnap-Fr499_cleaned,Orai1WT-MDSnap-Fr499_cleaned,PP1_ideal,failed,No output from any sub-box,0,0.4,,21,23,1.0,,,,,,,,223,21026,1,32,8000,10,3,NVIDIA A100-SXM4-80GB,
2026-03-24T16:02:19.339513,PP2_ideal__Orai1WT-MDSnap-Fr499_cleaned,Orai1WT-MDSnap-Fr499_cleaned,PP2_ideal,failed,No output from any sub-box,0,0.4,,21,24,1.0,,,,,,,,223,21026,1,32,8000,10,3,NVIDIA A100-SXM4-80GB,
2026-03-24T16:02:19.360774,PPK_ideal__Orai1WT-MDSnap-Fr499_cleaned,Orai1WT-MDSnap-Fr499_cleaned,PPK_ideal,failed,No output from any sub-box,0,0.4,,13,19,4.0,,,,,,,,223,21026,1,32,8000,10,3,NVIDIA A100-SXM4-80GB,
2026-03-24T16:02:19.384106,PPT_ideal__Orai1WT-MDSnap-Fr499_cleaned,Orai1WT-MDSnap-Fr499_cleaned,PPT_ideal,failed,No output from any sub-box,0,0.4,,12,13,2.0,,,,,,,,223,21026,1,32,8000,10,3,NVIDIA A100-SXM4-80GB,
2026-03-24T16:02:19.415575,PPV_ideal__Orai1WT-MDSnap-Fr499_cleaned,Orai1WT-MDSnap-Fr499_cleaned,PPV_ideal,failed,No output from any sub-box,0,0.4,,9,13,3.0,,,,,,,,223,21026,1,32,8000,10,3,NVIDIA A100-SXM4-80GB,
2026-03-24T16:02:19.439349,PPX_ideal__Orai1WT-MDSnap-Fr499_cleaned,Orai1WT-MDSnap-Fr499_cleaned,PPX_ideal,failed,No output from any sub-box,0,0.4,,28,32,5.0,,,,,,,,223,21026,1,32,8000,10,3,NVIDIA A100-SXM4-80GB,
2026-03-24T16:02:19.463586,PPY_ideal__Orai1WT-MDSnap-Fr499_cleaned,Orai1WT-MDSnap-Fr499_cleaned,PPY_ideal,failed,No output from any sub-box,0,0.4,,12,13,2.0,,,,,,,,223,21026,1,32,8000,10,3,NVIDIA A100-SXM4-80GB,
2026-03-24T16:02:19.486707,PQN_ideal__Orai1WT-MDSnap-Fr499_cleaned,Orai1WT-MDSnap-Fr499_cleaned,PQN_ideal,failed,No output from any sub-box,0,0.4,,33,33,7.0,,,,,,,,223,21026,1,32,8000,10,3,NVIDIA A100-SXM4-80GB,
2026-03-24T16:02:19.517219,PRA_ideal__Orai1WT-MDSnap-Fr499_cleaned,Orai1WT-MDSnap-Fr499_cleaned,PRA_ideal,failed,No output from any sub-box,0,0.4,,10,12,2.0,,,,,,,,223,21026,1,32,8000,10,3,NVIDIA A100-SXM4-80GB,
2026-03-24T16:02:19.541035,PRL_ideal__Orai1WT-MDSnap-Fr499_cleaned,Orai1WT-MDSnap-Fr499_cleaned,PRL_ideal,failed,No output from any sub-box,0,0.4,,16,20,1.0,,,,,,,,223,21026,1,32,8000,10,3,NVIDIA A100-SXM4-80GB,
2026-03-24T16:02:19.563102,PRT_ideal__Orai1WT-MDSnap-Fr499_cleaned,Orai1WT-MDSnap-Fr499_cleaned,PRT_ideal,failed,No output from any sub-box,0,0.4,,44,55,11.0,,,,,,,,223,21026,1,32,8000,10,3,NVIDIA A100-SXM4-80GB,
2026-03-24T16:02:19.585729,PS5_ideal__Orai1WT-MDSnap-Fr499_cleaned,Orai1WT-MDSnap-Fr499_cleaned,PS5_ideal,failed,No output from any sub-box,0,0.4,,5,5,1.0,,,,,,,,223,21026,1,32,8000,10,3,NVIDIA A100-SXM4-80GB,
2026-03-24T16:02:19.624425,PS9_ideal__Orai1WT-MDSnap-Fr499_cleaned,Orai1WT-MDSnap-Fr499_cleaned,PS9_ideal,failed,No output from any sub-box,0,0.4,,8,8,,,,,,,,,223,21026,1,32,8000,10,3,NVIDIA A100-SXM4-80GB,
2026-03-24T16:02:19.654958,PSI_ideal__Orai1WT-MDSnap-Fr499_cleaned,Orai1WT-MDSnap-Fr499_cleaned,PSI_ideal,failed,No output from any sub-box,0,0.4,,41,48,9.0,,,,,,,,223,21026,1,32,8000,10,3,NVIDIA A100-SXM4-80GB,
2026-03-24T16:02:19.677201,PSY_ideal__Orai1WT-MDSnap-Fr499_cleaned,Orai1WT-MDSnap-Fr499_cleaned,PSY_ideal,failed,No output from any sub-box,0,0.4,,12,12,1.0,,,,,,,,223,21026,1,32,8000,10,3,NVIDIA A100-SXM4-80GB,
2026-03-24T16:02:19.699866,PTD_ideal__Orai1WT-MDSnap-Fr499_cleaned,Orai1WT-MDSnap-Fr499_cleaned,PTD_ideal,failed,No output from any sub-box,0,0.4,,7,7,2.0,,,,,,,,223,21026,1,32,8000,10,3,NVIDIA A100-SXM4-80GB,
2026-03-24T16:02:19.734841,PTG_ideal__Orai1WT-MDSnap-Fr499_cleaned,Orai1WT-MDSnap-Fr499_cleaned,PTG_ideal,failed,No output from any sub-box,0,0.4,,23,24,6.0,,,,,,,,223,21026,1,32,8000,10,3,NVIDIA A100-SXM4-80GB,
2026-03-24T16:02:19.760076,PTU_ideal__Orai1WT-MDSnap-Fr499_cleaned,Orai1WT-MDSnap-Fr499_cleaned,PTU_ideal,failed,No output from any sub-box,0,0.4,,12,14,1.0,,,,,,,,223,21026,1,32,8000,10,3,NVIDIA A100-SXM4-80GB,
2026-03-24T16:02:19.781311,PUA_ideal__Orai1WT-MDSnap-Fr499_cleaned,Orai1WT-MDSnap-Fr499_cleaned,PUA_ideal,failed,No output from any sub-box,0,0.4,,50,60,11.0,,,,,,,,223,21026,1,32,8000,10,3,NVIDIA A100-SXM4-80GB,
2026-03-24T16:02:19.815786,PUT_ideal__Orai1WT-MDSnap-Fr499_cleaned,Orai1WT-MDSnap-Fr499_cleaned,PUT_ideal,failed,No output from any sub-box,0,0.4,,6,10,2.0,,,,,,,,223,21026,1,32,8000,10,3,NVIDIA A100-SXM4-80GB,
2026-03-24T16:02:19.839770,PVC_ideal__Orai1WT-MDSnap-Fr499_cleaned,Orai1WT-MDSnap-Fr499_cleaned,PVC_ideal,failed,No output from any sub-box,0,0.4,,30,35,12.0,,,,,,,,223,21026,1,32,8000,10,3,NVIDIA A100-SXM4-80GB,
2026-03-24T16:02:19.863930,PYE_ideal__Orai1WT-MDSnap-Fr499_cleaned,Orai1WT-MDSnap-Fr499_cleaned,PYE_ideal,failed,No output from any sub-box,0,0.4,,6,6,,,,,,,,,223,21026,1,32,8000,10,3,NVIDIA A100-SXM4-80GB,
2026-03-24T16:02:19.886802,PYU_ideal__Orai1WT-MDSnap-Fr499_cleaned,Orai1WT-MDSnap-Fr499_cleaned,PYU_ideal,failed,No output from any sub-box,0,0.4,,16,19,2.0,,,,,,,,223,21026,1,32,8000,10,3,NVIDIA A100-SXM4-80GB,
2026-03-24T16:02:19.915616,PZE_ideal__Orai1WT-MDSnap-Fr499_cleaned,Orai1WT-MDSnap-Fr499_cleaned,PZE_ideal,failed,No output from any sub-box,0,0.4,,6,8,,,,,,,,,223,21026,1,32,8000,10,3,NVIDIA A100-SXM4-80GB,
2026-03-24T16:02:19.951341,Q8U_ideal__Orai1WT-MDSnap-Fr499_cleaned,Orai1WT-MDSnap-Fr499_cleaned,Q8U_ideal,failed,No output from any sub-box,0,0.4,,42,45,7.0,,,,,,,,223,21026,1,32,8000,10,3,NVIDIA A100-SXM4-80GB,
2026-03-24T16:02:19.974551,QCM_ideal__Orai1WT-MDSnap-Fr499_cleaned,Orai1WT-MDSnap-Fr499_cleaned,QCM_ideal,failed,No output from any sub-box,0,0.4,,31,34,5.0,,,,,,,,223,21026,1,32,8000,10,3,NVIDIA A100-SXM4-80GB,
2026-03-24T16:02:19.999688,QDH_ideal__Orai1WT-MDSnap-Fr499_cleaned,Orai1WT-MDSnap-Fr499_cleaned,QDH_ideal,failed,No output from any sub-box,0,0.4,,37,43,7.0,,,,,,,,223,21026,1,32,8000,10,3,NVIDIA A100-SXM4-80GB,
2026-03-24T16:02:20.037391,QFC_ideal__Orai1WT-MDSnap-Fr499_cleaned,Orai1WT-MDSnap-Fr499_cleaned,QFC_ideal,failed,No output from any sub-box,0,0.4,,42,43,3.0,,,,,,,,223,21026,1,32,8000,10,3,NVIDIA A100-SXM4-80GB,
2026-03-24T16:02:20.061585,QO4_ideal__Orai1WT-MDSnap-Fr499_cleaned,Orai1WT-MDSnap-Fr499_cleaned,QO4_ideal,failed,No output from any sub-box,0,0.4,,36,38,5.0,,,,,,,,223,21026,1,32,8000,10,3,NVIDIA A100-SXM4-80GB,
2026-03-24T16:02:20.085816,QWP_ideal__Orai1WT-MDSnap-Fr499_cleaned,Orai1WT-MDSnap-Fr499_cleaned,QWP_ideal,failed,No output from any sub-box,0,0.4,,76,87,13.0,,,,,,,,223,21026,1,32,8000,10,3,NVIDIA A100-SXM4-80GB,
2026-03-24T16:02:20.116593,R03_ideal__Orai1WT-MDSnap-Fr499_cleaned,Orai1WT-MDSnap-Fr499_cleaned,R03_ideal,failed,No output from any sub-box,0,0.4,,29,29,5.0,,,,,,,,223,21026,1,32,8000,10,3,NVIDIA A100-SXM4-80GB,
2026-03-24T16:02:20.138953,R0Z_ideal__Orai1WT-MDSnap-Fr499_cleaned,Orai1WT-MDSnap-Fr499_cleaned,R0Z_ideal,failed,No output from any sub-box,0,0.4,,42,44,4.0,,,,,,,,223,21026,1,32,8000,10,3,NVIDIA A100-SXM4-80GB,
2026-03-24T16:02:20.162416,R19_ideal__Orai1WT-MDSnap-Fr499_cleaned,Orai1WT-MDSnap-Fr499_cleaned,R19_ideal,failed,No output from any sub-box,0,0.4,,28,28,5.0,,,,,,,,223,21026,1,32,8000,10,3,NVIDIA A100-SXM4-80GB,
2026-03-24T16:02:20.185010,R1H_ideal__Orai1WT-MDSnap-Fr499_cleaned,Orai1WT-MDSnap-Fr499_cleaned,R1H_ideal,failed,No output from any sub-box,0,0.4,,48,50,5.0,,,,,,,,223,21026,1,32,8000,10,3,NVIDIA A100-SXM4-80GB,
2026-03-24T16:02:20.215659,R1L_ideal__Orai1WT-MDSnap-Fr499_cleaned,Orai1WT-MDSnap-Fr499_cleaned,R1L_ideal,failed,No output from any sub-box,0,0.4,,49,51,5.0,,,,,,,,223,21026,1,32,8000,10,3,NVIDIA A100-SXM4-80GB,
2026-03-24T16:02:20.238361,R64_ideal__Orai1WT-MDSnap-Fr499_cleaned,Orai1WT-MDSnap-Fr499_cleaned,R64_ideal,failed,No output from any sub-box,0,0.4,,30,31,4.0,,,,,,,,223,21026,1,32,8000,10,3,NVIDIA A100-SXM4-80GB,
2026-03-24T16:02:20.261151,R71_ideal__Orai1WT-MDSnap-Fr499_cleaned,Orai1WT-MDSnap-Fr499_cleaned,R71_ideal,failed,No output from any sub-box,0,0.4,,28,28,6.0,,,,,,,,223,21026,1,32,8000,10,3,NVIDIA A100-SXM4-80GB,
2026-03-24T16:02:20.284508,R78_ideal__Orai1WT-MDSnap-Fr499_cleaned,Orai1WT-MDSnap-Fr499_cleaned,R78_ideal,failed,No output from any sub-box,0,0.4,,38,40,3.0,,,,,,,,223,21026,1,32,8000,10,3,NVIDIA A100-SXM4-80GB,
2026-03-24T16:02:20.374766,R79_ideal__Orai1WT-MDSnap-Fr499_cleaned,Orai1WT-MDSnap-Fr499_cleaned,R79_ideal,failed,No output from any sub-box,0,0.4,,28,28,5.0,,,,,,,,223,21026,1,32,8000,10,3,NVIDIA A100-SXM4-80GB,
2026-03-24T16:02:20.399808,RA4_ideal__Orai1WT-MDSnap-Fr499_cleaned,Orai1WT-MDSnap-Fr499_cleaned,RA4_ideal,failed,No output from any sub-box,0,0.4,,35,41,6.0,,,,,,,,223,21026,1,32,8000,10,3,NVIDIA A100-SXM4-80GB,
2026-03-24T16:02:20.435291,RA8_ideal__Orai1WT-MDSnap-Fr499_cleaned,Orai1WT-MDSnap-Fr499_cleaned,RA8_ideal,failed,No output from any sub-box,0,0.4,,34,40,7.0,,,,,,,,223,21026,1,32,8000,10,3,NVIDIA A100-SXM4-80GB,
2026-03-24T16:02:20.459151,RAP_ideal__Orai1WT-MDSnap-Fr499_cleaned,Orai1WT-MDSnap-Fr499_cleaned,RAP_ideal,failed,No output from any sub-box,0,0.4,,67,70,15.0,,,,,,,,223,21026,1,32,8000,10,3,NVIDIA A100-SXM4-80GB,
2026-03-24T16:02:20.484407,RCL_ideal__Orai1WT-MDSnap-Fr499_cleaned,Orai1WT-MDSnap-Fr499_cleaned,RCL_ideal,failed,No output from any sub-box,0,0.4,,21,23,8.0,,,,,,,,223,21026,1,32,8000,10,3,NVIDIA A100-SXM4-80GB,
2026-03-24T16:02:20.516761,RCO_ideal__Orai1WT-MDSnap-Fr499_cleaned,Orai1WT-MDSnap-Fr499_cleaned,RCO_ideal,failed,No output from any sub-box,0,0.4,,8,10,1.0,,,,,,,,223,21026,1,32,8000,10,3,NVIDIA A100-SXM4-80GB,
2026-03-24T16:02:20.540620,RCX_ideal__Orai1WT-MDSnap-Fr499_cleaned,Orai1WT-MDSnap-Fr499_cleaned,RCX_ideal,failed,No output from any sub-box,0,0.4,,22,22,1.0,,,,,,,,223,21026,1,32,8000,10,3,NVIDIA A100-SXM4-80GB,
2026-03-24T16:02:20.564147,RD8_ideal__Orai1WT-MDSnap-Fr499_cleaned,Orai1WT-MDSnap-Fr499_cleaned,RD8_ideal,failed,No output from any sub-box,0,0.4,,32,35,4.0,,,,,,,,223,21026,1,32,8000,10,3,NVIDIA A100-SXM4-80GB,
2026-03-24T16:02:20.616112,RE2_ideal__Orai1WT-MDSnap-Fr499_cleaned,Orai1WT-MDSnap-Fr499_cleaned,RE2_ideal,failed,No output from any sub-box,0,0.4,,17,20,3.0,,,,,,,,223,21026,1,32,8000,10,3,NVIDIA A100-SXM4-80GB,
2026-03-24T16:02:20.639691,RF1_ideal__Orai1WT-MDSnap-Fr499_cleaned,Orai1WT-MDSnap-Fr499_cleaned,RF1_ideal,failed,No output from any sub-box,0,0.4,,23,23,2.0,,,,,,,,223,21026,1,32,8000,10,3,NVIDIA A100-SXM4-80GB,
2026-03-24T16:02:20.664370,RF2_ideal__Orai1WT-MDSnap-Fr499_cleaned,Orai1WT-MDSnap-Fr499_cleaned,RF2_ideal,failed,No output from any sub-box,0,0.4,,18,19,1.0,,,,,,,,223,21026,1,32,8000,10,3,NVIDIA A100-SXM4-80GB,
2026-03-24T16:02:20.688278,RFL_ideal__Orai1WT-MDSnap-Fr499_cleaned,Orai1WT-MDSnap-Fr499_cleaned,RFL_ideal,failed,No output from any sub-box,0,0.4,,55,65,11.0,,,,,,,,223,21026,1,32,8000,10,3,NVIDIA A100-SXM4-80GB,
2026-03-24T16:02:20.715728,RGA_ideal__Orai1WT-MDSnap-Fr499_cleaned,Orai1WT-MDSnap-Fr499_cleaned,RGA_ideal,failed,No output from any sub-box,0,0.4,,70,70,19.0,,,,,,,,223,21026,1,32,8000,10,3,NVIDIA A100-SXM4-80GB,
2026-03-24T16:02:20.759398,RGC_ideal__Orai1WT-MDSnap-Fr499_cleaned,Orai1WT-MDSnap-Fr499_cleaned,RGC_ideal,failed,No output from any sub-box,0,0.4,,68,69,19.0,,,,,,,,223,21026,1,32,8000,10,3,NVIDIA A100-SXM4-80GB,
2026-03-24T16:02:20.781465,RIF_ideal__Orai1WT-MDSnap-Fr499_cleaned,Orai1WT-MDSnap-Fr499_cleaned,RIF_ideal,failed,No output from any sub-box,0,0.4,,69,75,13.0,,,,,,,,223,21026,1,32,8000,10,3,NVIDIA A100-SXM4-80GB,
2026-03-24T16:02:20.816844,RIS_ideal__Orai1WT-MDSnap-Fr499_cleaned,Orai1WT-MDSnap-Fr499_cleaned,RIS_ideal,failed,No output from any sub-box,0,0.4,,17,22,4.0,,,,,,,,223,21026,1,32,8000,10,3,NVIDIA A100-SXM4-80GB,
2026-03-24T16:02:20.844598,RIT_ideal__Orai1WT-MDSnap-Fr499_cleaned,Orai1WT-MDSnap-Fr499_cleaned,RIT_ideal,failed,No output from any sub-box,0,0.4,,50,54,10.0,,,,,,,,223,21026,1,32,8000,10,3,NVIDIA A100-SXM4-80GB,
2026-03-24T16:02:20.872255,RMN_ideal__Orai1WT-MDSnap-Fr499_cleaned,Orai1WT-MDSnap-Fr499_cleaned,RMN_ideal,failed,No output from any sub-box,0,0.4,,11,13,2.0,,,,,,,,223,21026,1,32,8000,10,3,NVIDIA A100-SXM4-80GB,
2026-03-24T16:02:20.893965,RNO_ideal__Orai1WT-MDSnap-Fr499_cleaned,Orai1WT-MDSnap-Fr499_cleaned,RNO_ideal,failed,No output from any sub-box,0,0.4,,12,12,1.0,,,,,,,,223,21026,1,32,8000,10,3,NVIDIA A100-SXM4-80GB,
2026-03-24T16:02:20.917091,ROC_ideal__Orai1WT-MDSnap-Fr499_cleaned,Orai1WT-MDSnap-Fr499_cleaned,ROC_ideal,failed,No output from any sub-box,0,0.4,,49,55,7.0,,,,,,,,223,21026,1,32,8000,10,3,NVIDIA A100-SXM4-80GB,
2026-03-24T16:02:20.941052,ROK_ideal__Orai1WT-MDSnap-Fr499_cleaned,Orai1WT-MDSnap-Fr499_cleaned,ROK_ideal,failed,No output from any sub-box,0,0.4,,17,22,3.0,,,,,,,,223,21026,1,32,8000,10,3,NVIDIA A100-SXM4-80GB,
2026-03-24T16:02:20.967248,RR6_ideal__Orai1WT-MDSnap-Fr499_cleaned,Orai1WT-MDSnap-Fr499_cleaned,RR6_ideal,failed,No output from any sub-box,0,0.4,,72,84,12.0,,,,,,,,223,21026,1,32,8000,10,3,NVIDIA A100-SXM4-80GB,
2026-03-24T16:02:20.989471,RRX_ideal__Orai1WT-MDSnap-Fr499_cleaned,Orai1WT-MDSnap-Fr499_cleaned,RRX_ideal,failed,No output from any sub-box,0,0.4,,41,42,5.0,,,,,,,,223,21026,1,32,8000,10,3,NVIDIA A100-SXM4-80GB,
2026-03-24T16:02:21.017257,RSO_ideal__Orai1WT-MDSnap-Fr499_cleaned,Orai1WT-MDSnap-Fr499_cleaned,RSO_ideal,failed,No output from any sub-box,0,0.4,,9,9,0.0,,,,,,,,223,21026,1,32,8000,10,3,NVIDIA A100-SXM4-80GB,
2026-03-24T16:02:21.043508,RXD_ideal__Orai1WT-MDSnap-Fr499_cleaned,Orai1WT-MDSnap-Fr499_cleaned,RXD_ideal,failed,No output from any sub-box,0,0.4,,31,34,4.0,,,,,,,,223,21026,1,32,8000,10,3,NVIDIA A100-SXM4-80GB,
2026-03-24T16:02:21.066596,RXP_ideal__Orai1WT-MDSnap-Fr499_cleaned,Orai1WT-MDSnap-Fr499_cleaned,RXP_ideal,failed,No output from any sub-box,0,0.4,,50,56,9.0,,,,,,,,223,21026,1,32,8000,10,3,NVIDIA A100-SXM4-80GB,
2026-03-24T16:02:21.089994,RYO_ideal__Orai1WT-MDSnap-Fr499_cleaned,Orai1WT-MDSnap-Fr499_cleaned,RYO_ideal,failed,No output from any sub-box,0,0.4,,66,70,14.0,,,,,,,,223,21026,1,32,8000,10,3,NVIDIA A100-SXM4-80GB,
2026-03-24T16:02:21.116235,RYW_ideal__Orai1WT-MDSnap-Fr499_cleaned,Orai1WT-MDSnap-Fr499_cleaned,RYW_ideal,failed,No output from any sub-box,0,0.4,,41,44,5.0,,,,,,,,223,21026,1,32,8000,10,3,NVIDIA A100-SXM4-80GB,
2026-03-24T16:02:21.139838,S1H_ideal__Orai1WT-MDSnap-Fr499_cleaned,Orai1WT-MDSnap-Fr499_cleaned,S1H_ideal,failed,No output from any sub-box,0,0.4,,26,29,10.0,,,,,,,,223,21026,1,32,8000,10,3,NVIDIA A100-SXM4-80GB,
2026-03-24T16:02:21.163966,S3V_ideal__Orai1WT-MDSnap-Fr499_cleaned,Orai1WT-MDSnap-Fr499_cleaned,S3V_ideal,failed,No output from any sub-box,0,0.4,,9,10,1.0,,,,,,,,223,21026,1,32,8000,10,3,NVIDIA A100-SXM4-80GB,
2026-03-24T16:02:21.188078,S4R_ideal__Orai1WT-MDSnap-Fr499_cleaned,Orai1WT-MDSnap-Fr499_cleaned,S4R_ideal,failed,No output from any sub-box,0,0.4,,40,41,3.0,,,,,,,,223,21026,1,32,8000,10,3,NVIDIA A100-SXM4-80GB,
2026-03-24T16:02:21.216687,SAN_ideal__Orai1WT-MDSnap-Fr499_cleaned,Orai1WT-MDSnap-Fr499_cleaned,SAN_ideal,failed,No output from any sub-box,0,0.4,,11,15,1.0,,,,,,,,223,21026,1,32,8000,10,3,NVIDIA A100-SXM4-80GB,
2026-03-24T16:02:21.239891,SBE_ideal__Orai1WT-MDSnap-Fr499_cleaned,Orai1WT-MDSnap-Fr499_cleaned,SBE_ideal,failed,No output from any sub-box,0,0.4,,6,7,0.0,,,,,,,,223,21026,1,32,8000,10,3,NVIDIA A100-SXM4-80GB,
2026-03-24T16:02:21.262167,SBN_ideal__Orai1WT-MDSnap-Fr499_cleaned,Orai1WT-MDSnap-Fr499_cleaned,SBN_ideal,failed,No output from any sub-box,0,0.4,,20,22,1.0,,,,,,,,223,21026,1,32,8000,10,3,NVIDIA A100-SXM4-80GB,
2026-03-24T16:02:21.284974,SBZ_ideal__Orai1WT-MDSnap-Fr499_cleaned,Orai1WT-MDSnap-Fr499_cleaned,SBZ_ideal,failed,No output from any sub-box,0,0.4,,16,20,2.0,,,,,,,,223,21026,1,32,8000,10,3,NVIDIA A100-SXM4-80GB,
2026-03-24T16:02:21.315977,SCA_ideal__Orai1WT-MDSnap-Fr499_cleaned,Orai1WT-MDSnap-Fr499_cleaned,SCA_ideal,failed,No output from any sub-box,0,0.4,,55,66,15.0,,,,,,,,223,21026,1,32,8000,10,3,NVIDIA A100-SXM4-80GB,
2026-03-24T16:02:21.340053,SCO_ideal__Orai1WT-MDSnap-Fr499_cleaned,Orai1WT-MDSnap-Fr499_cleaned,SCO_ideal,failed,No output from any sub-box,0,0.4,,55,67,15.0,,,,,,,,223,21026,1,32,8000,10,3,NVIDIA A100-SXM4-80GB,
2026-03-24T16:02:21.363448,SDZ_ideal__Orai1WT-MDSnap-Fr499_cleaned,Orai1WT-MDSnap-Fr499_cleaned,SDZ_ideal,failed,No output from any sub-box,0,0.4,,29,30,4.0,,,,,,,,223,21026,1,32,8000,10,3,NVIDIA A100-SXM4-80GB,
2026-03-24T16:02:21.386416,SEI_ideal__Orai1WT-MDSnap-Fr499_cleaned,Orai1WT-MDSnap-Fr499_cleaned,SEI_ideal,failed,No output from any sub-box,0,0.4,,44,46,6.0,,,,,,,,223,21026,1,32,8000,10,3,NVIDIA A100-SXM4-80GB,
2026-03-24T16:02:21.416307,SFA_ideal__Orai1WT-MDSnap-Fr499_cleaned,Orai1WT-MDSnap-Fr499_cleaned,SFA_ideal,failed,No output from any sub-box,0,0.4,,80,89,17.0,,,,,,,,223,21026,1,32,8000,10,3,NVIDIA A100-SXM4-80GB,
2026-03-24T16:02:21.438545,SFP_ideal__Orai1WT-MDSnap-Fr499_cleaned,Orai1WT-MDSnap-Fr499_cleaned,SFP_ideal,failed,No output from any sub-box,0,0.4,,64,74,8.0,,,,,,,,223,21026,1,32,8000,10,3,NVIDIA A100-SXM4-80GB,
2026-03-24T16:02:21.477439,SFT_ideal__Orai1WT-MDSnap-Fr499_cleaned,Orai1WT-MDSnap-Fr499_cleaned,SFT_ideal,failed,No output from any sub-box,0,0.4,,62,69,24.0,,,,,,,,223,21026,1,32,8000,10,3,NVIDIA A100-SXM4-80GB,
2026-03-24T16:02:21.515740,SFY_ideal__Orai1WT-MDSnap-Fr499_cleaned,Orai1WT-MDSnap-Fr499_cleaned,SFY_ideal,failed,No output from any sub-box,0,0.4,,17,20,2.0,,,,,,,,223,21026,1,32,8000,10,3,NVIDIA A100-SXM4-80GB,
2026-03-24T16:02:21.540970,SIF_ideal__Orai1WT-MDSnap-Fr499_cleaned,Orai1WT-MDSnap-Fr499_cleaned,SIF_ideal,failed,No output from any sub-box,0,0.4,,12,14,3.0,,,,,,,,223,21026,1,32,8000,10,3,NVIDIA A100-SXM4-80GB,
2026-03-24T16:02:21.564931,SIN_ideal__Orai1WT-MDSnap-Fr499_cleaned,Orai1WT-MDSnap-Fr499_cleaned,SIN_ideal,failed,No output from any sub-box,0,0.4,,8,10,2.0,,,,,,,,223,21026,1,32,8000,10,3,NVIDIA A100-SXM4-80GB,
2026-03-24T16:02:21.587881,SMN_ideal__Orai1WT-MDSnap-Fr499_cleaned,Orai1WT-MDSnap-Fr499_cleaned,SMN_ideal,failed,No output from any sub-box,0,0.4,,11,13,2.0,,,,,,,,223,21026,1,32,8000,10,3,NVIDIA A100-SXM4-80GB,
2026-03-24T16:02:21.615946,SNA_ideal__Orai1WT-MDSnap-Fr499_cleaned,Orai1WT-MDSnap-Fr499_cleaned,SNA_ideal,failed,No output from any sub-box,0,0.4,,57,69,14.0,,,,,,,,223,21026,1,32,8000,10,3,NVIDIA A100-SXM4-80GB,
2026-03-24T16:02:21.639408,SND_ideal__Orai1WT-MDSnap-Fr499_cleaned,Orai1WT-MDSnap-Fr499_cleaned,SND_ideal,failed,No output from any sub-box,0,0.4,,44,53,8.0,,,,,,,,223,21026,1,32,8000,10,3,NVIDIA A100-SXM4-80GB,
2026-03-24T16:02:21.663102,SNO_ideal__Orai1WT-MDSnap-Fr499_cleaned,Orai1WT-MDSnap-Fr499_cleaned,SNO_ideal,failed,No output from any sub-box,0,0.4,,12,12,1.0,,,,,,,,223,21026,1,32,8000,10,3,NVIDIA A100-SXM4-80GB,
2026-03-24T16:02:21.685135,SO2_ideal__Orai1WT-MDSnap-Fr499_cleaned,Orai1WT-MDSnap-Fr499_cleaned,SO2_ideal,failed,No output from any sub-box,0,0.4,,3,3,,,,,,,,,223,21026,1,32,8000,10,3,NVIDIA A100-SXM4-80GB,
2026-03-24T16:02:21.717538,SO4_ideal__Orai1WT-MDSnap-Fr499_cleaned,Orai1WT-MDSnap-Fr499_cleaned,SO4_ideal,failed,No output from any sub-box,0,0.4,,5,5,,,,,,,,,223,21026,1,32,8000,10,3,NVIDIA A100-SXM4-80GB,
2026-03-24T16:02:21.743668,SPF_ideal__Orai1WT-MDSnap-Fr499_cleaned,Orai1WT-MDSnap-Fr499_cleaned,SPF_ideal,failed,No output from any sub-box,0,0.4,,63,74,15.0,,,,,,,,223,21026,1,32,8000,10,3,NVIDIA A100-SXM4-80GB,
2026-03-24T16:02:21.768499,SPR_ideal__Orai1WT-MDSnap-Fr499_cleaned,Orai1WT-MDSnap-Fr499_cleaned,SPR_ideal,failed,No output from any sub-box,0,0.4,,61,65,14.0,,,,,,,,223,21026,1,32,8000,10,3,NVIDIA A100-SXM4-80GB,
2026-03-24T16:02:21.792176,SPX_ideal__Orai1WT-MDSnap-Fr499_cleaned,Orai1WT-MDSnap-Fr499_cleaned,SPX_ideal,failed,No output from any sub-box,0,0.4,,70,72,19.0,,,,,,,,223,21026,1,32,8000,10,3,NVIDIA A100-SXM4-80GB,
2026-03-24T16:02:21.816594,SQL_ideal__Orai1WT-MDSnap-Fr499_cleaned,Orai1WT-MDSnap-Fr499_cleaned,SQL_ideal,failed,No output from any sub-box,0,0.4,,30,30,7.0,,,,,,,,223,21026,1,32,8000,10,3,NVIDIA A100-SXM4-80GB,
2026-03-24T16:02:21.840665,SQS_ideal__Orai1WT-MDSnap-Fr499_cleaned,Orai1WT-MDSnap-Fr499_cleaned,SQS_ideal,failed,No output from any sub-box,0,0.4,,21,25,9.0,,,,,,,,223,21026,1,32,8000,10,3,NVIDIA A100-SXM4-80GB,
2026-03-24T16:02:21.865210,SS2_ideal__Orai1WT-MDSnap-Fr499_cleaned,Orai1WT-MDSnap-Fr499_cleaned,SS2_ideal,failed,No output from any sub-box,0,0.4,,9,10,1.0,,,,,,,,223,21026,1,32,8000,10,3,NVIDIA A100-SXM4-80GB,
2026-03-24T16:02:21.889354,SS4_ideal__Orai1WT-MDSnap-Fr499_cleaned,Orai1WT-MDSnap-Fr499_cleaned,SS4_ideal,failed,No output from any sub-box,0,0.4,,28,31,3.0,,,,,,,,223,21026,1,32,8000,10,3,NVIDIA A100-SXM4-80GB,
2026-03-24T16:02:21.916358,STC_ideal__Orai1WT-MDSnap-Fr499_cleaned,Orai1WT-MDSnap-Fr499_cleaned,STC_ideal,failed,No output from any sub-box,0,0.4,,19,21,2.0,,,,,,,,223,21026,1,32,8000,10,3,NVIDIA A100-SXM4-80GB,
2026-03-24T16:02:21.940332,STE_ideal__Orai1WT-MDSnap-Fr499_cleaned,Orai1WT-MDSnap-Fr499_cleaned,STE_ideal,failed,No output from any sub-box,0,0.4,,20,21,8.0,,,,,,,,223,21026,1,32,8000,10,3,NVIDIA A100-SXM4-80GB,
2026-03-24T16:02:21.963474,STF_ideal__Orai1WT-MDSnap-Fr499_cleaned,Orai1WT-MDSnap-Fr499_cleaned,STF_ideal,failed,No output from any sub-box,0,0.4,,18,19,2.0,,,,,,,,223,21026,1,32,8000,10,3,NVIDIA A100-SXM4-80GB,
2026-03-24T16:02:21.987381,STI_ideal__Orai1WT-MDSnap-Fr499_cleaned,Orai1WT-MDSnap-Fr499_cleaned,STI_ideal,failed,No output from any sub-box,0,0.4,,37,39,3.0,,,,,,,,223,21026,1,32,8000,10,3,NVIDIA A100-SXM4-80GB,
2026-03-24T16:02:22.017084,STL_ideal__Orai1WT-MDSnap-Fr499_cleaned,Orai1WT-MDSnap-Fr499_cleaned,STL_ideal,failed,No output from any sub-box,0,0.4,,17,20,2.0,,,,,,,,223,21026,1,32,8000,10,3,NVIDIA A100-SXM4-80GB,
2026-03-24T16:02:22.040935,SUD_ideal__Orai1WT-MDSnap-Fr499_cleaned,Orai1WT-MDSnap-Fr499_cleaned,SUD_ideal,failed,No output from any sub-box,0,0.4,,37,47,11.0,,,,,,,,223,21026,1,32,8000,10,3,NVIDIA A100-SXM4-80GB,
2026-03-24T16:02:22.064323,SVR_ideal__Orai1WT-MDSnap-Fr499_cleaned,Orai1WT-MDSnap-Fr499_cleaned,SVR_ideal,failed,No output from any sub-box,0,0.4,,86,98,11.0,,,,,,,,223,21026,1,32,8000,10,3,NVIDIA A100-SXM4-80GB,
2026-03-24T16:02:22.088027,SXH_ideal__Orai1WT-MDSnap-Fr499_cleaned,Orai1WT-MDSnap-Fr499_cleaned,SXH_ideal,failed,No output from any sub-box,0,0.4,,29,34,9.0,,,,,,,,223,21026,1,32,8000,10,3,NVIDIA A100-SXM4-80GB,
2026-03-24T16:02:22.115910,SXO_ideal__Orai1WT-MDSnap-Fr499_cleaned,Orai1WT-MDSnap-Fr499_cleaned,SXO_ideal,failed,No output from any sub-box,0,0.4,,31,36,10.0,,,,,,,,223,21026,1,32,8000,10,3,NVIDIA A100-SXM4-80GB,
2026-03-24T16:02:22.138915,SXX_ideal__Orai1WT-MDSnap-Fr499_cleaned,Orai1WT-MDSnap-Fr499_cleaned,SXX_ideal,failed,No output from any sub-box,0,0.4,,16,18,3.0,,,,,,,,223,21026,1,32,8000,10,3,NVIDIA A100-SXM4-80GB,
2026-03-24T16:02:22.161503,SYR_ideal__Orai1WT-MDSnap-Fr499_cleaned,Orai1WT-MDSnap-Fr499_cleaned,SYR_ideal,failed,No output from any sub-box,0,0.4,,15,16,2.0,,,,,,,,223,21026,1,32,8000,10,3,NVIDIA A100-SXM4-80GB,
2026-03-24T16:02:22.183558,T13_ideal__Orai1WT-MDSnap-Fr499_cleaned,Orai1WT-MDSnap-Fr499_cleaned,T13_ideal,failed,No output from any sub-box,0,0.4,,24,25,2.0,,,,,,,,223,21026,1,32,8000,10,3,NVIDIA A100-SXM4-80GB,
2026-03-24T16:02:22.215714,T2D_ideal__Orai1WT-MDSnap-Fr499_cleaned,Orai1WT-MDSnap-Fr499_cleaned,T2D_ideal,failed,No output from any sub-box,0,0.4,,14,15,0.0,,,,,,,,223,21026,1,32,8000,10,3,NVIDIA A100-SXM4-80GB,
2026-03-24T16:02:22.240342,T2M_ideal__Orai1WT-MDSnap-Fr499_cleaned,Orai1WT-MDSnap-Fr499_cleaned,T2M_ideal,failed,No output from any sub-box,0,0.4,,12,13,1.0,,,,,,,,223,21026,1,32,8000,10,3,NVIDIA A100-SXM4-80GB,
2026-03-24T16:02:22.264115,T3X_ideal__Orai1WT-MDSnap-Fr499_cleaned,Orai1WT-MDSnap-Fr499_cleaned,T3X_ideal,failed,No output from any sub-box,0,0.4,,39,41,3.0,,,,,,,,223,21026,1,32,8000,10,3,NVIDIA A100-SXM4-80GB,
2026-03-24T16:02:22.288159,T4T_ideal__Orai1WT-MDSnap-Fr499_cleaned,Orai1WT-MDSnap-Fr499_cleaned,T4T_ideal,failed,No output from any sub-box,0,0.4,,19,20,8.0,,,,,,,,223,21026,1,32,8000,10,3,NVIDIA A100-SXM4-80GB,
2026-03-24T16:02:22.317361,T57_ideal__Orai1WT-MDSnap-Fr499_cleaned,Orai1WT-MDSnap-Fr499_cleaned,T57_ideal,failed,No output from any sub-box,0,0.4,,48,57,15.0,,,,,,,,223,21026,1,32,8000,10,3,NVIDIA A100-SXM4-80GB,
2026-03-24T16:02:22.340549,T5A_ideal__Orai1WT-MDSnap-Fr499_cleaned,Orai1WT-MDSnap-Fr499_cleaned,T5A_ideal,failed,No output from any sub-box,0,0.4,,55,66,12.0,,,,,,,,223,21026,1,32,8000,10,3,NVIDIA A100-SXM4-80GB,
2026-03-24T16:02:22.363550,T87_ideal__Orai1WT-MDSnap-Fr499_cleaned,Orai1WT-MDSnap-Fr499_cleaned,T87_ideal,failed,No output from any sub-box,0,0.4,,39,43,6.0,,,,,,,,223,21026,1,32,8000,10,3,NVIDIA A100-SXM4-80GB,
2026-03-24T16:02:22.384582,TAP_ideal__Orai1WT-MDSnap-Fr499_cleaned,Orai1WT-MDSnap-Fr499_cleaned,TAP_ideal,failed,No output from any sub-box,0,0.4,,48,58,10.0,,,,,,,,223,21026,1,32,8000,10,3,NVIDIA A100-SXM4-80GB,
2026-03-24T16:02:22.415554,TAR_ideal__Orai1WT-MDSnap-Fr499_cleaned,Orai1WT-MDSnap-Fr499_cleaned,TAR_ideal,failed,No output from any sub-box,0,0.4,,10,14,3.0,,,,,,,,223,21026,1,32,8000,10,3,NVIDIA A100-SXM4-80GB,
2026-03-24T16:02:22.438930,TBF_ideal__Orai1WT-MDSnap-Fr499_cleaned,Orai1WT-MDSnap-Fr499_cleaned,TBF_ideal,failed,No output from any sub-box,0,0.4,,7,7,1.0,,,,,,,,223,21026,1,32,8000,10,3,NVIDIA A100-SXM4-80GB,
2026-03-24T16:02:22.462644,TBP_ideal__Orai1WT-MDSnap-Fr499_cleaned,Orai1WT-MDSnap-Fr499_cleaned,TBP_ideal,failed,No output from any sub-box,0,0.4,,10,11,0.0,,,,,,,,223,21026,1,32,8000,10,3,NVIDIA A100-SXM4-80GB,
2026-03-24T16:02:22.483770,TBU_ideal__Orai1WT-MDSnap-Fr499_cleaned,Orai1WT-MDSnap-Fr499_cleaned,TBU_ideal,failed,No output from any sub-box,0,0.4,,5,6,0.0,,,,,,,,223,21026,1,32,8000,10,3,NVIDIA A100-SXM4-80GB,
2026-03-24T16:02:22.516097,TCA_ideal__Orai1WT-MDSnap-Fr499_cleaned,Orai1WT-MDSnap-Fr499_cleaned,TCA_ideal,failed,No output from any sub-box,0,0.4,,11,12,1.0,,,,,,,,223,21026,1,32,8000,10,3,NVIDIA A100-SXM4-80GB,
2026-03-24T16:02:22.542147,TCH_ideal__Orai1WT-MDSnap-Fr499_cleaned,Orai1WT-MDSnap-Fr499_cleaned,TCH_ideal,failed,No output from any sub-box,0,0.4,,35,40,5.0,,,,,,,,223,21026,1,32,8000,10,3,NVIDIA A100-SXM4-80GB,
2026-03-24T16:02:22.564651,TCO_ideal__Orai1WT-MDSnap-Fr499_cleaned,Orai1WT-MDSnap-Fr499_cleaned,TCO_ideal,failed,No output from any sub-box,0,0.4,,17,18,2.0,,,,,,,,223,21026,1,32,8000,10,3,NVIDIA A100-SXM4-80GB,
2026-03-24T16:02:22.588795,TCV_ideal__Orai1WT-MDSnap-Fr499_cleaned,Orai1WT-MDSnap-Fr499_cleaned,TCV_ideal,failed,No output from any sub-box,0,0.4,,5,5,,,,,,,,,223,21026,1,32,8000,10,3,NVIDIA A100-SXM4-80GB,
2026-03-24T16:02:22.683852,TCZ_ideal__Orai1WT-MDSnap-Fr499_cleaned,Orai1WT-MDSnap-Fr499_cleaned,TCZ_ideal,failed,No output from any sub-box,0,0.4,,9,9,,,,,,,,,223,21026,1,32,8000,10,3,NVIDIA A100-SXM4-80GB,
2026-03-24T16:02:22.717339,TD2_ideal__Orai1WT-MDSnap-Fr499_cleaned,Orai1WT-MDSnap-Fr499_cleaned,TD2_ideal,failed,No output from any sub-box,0,0.4,,45,51,7.0,,,,,,,,223,21026,1,32,8000,10,3,NVIDIA A100-SXM4-80GB,
2026-03-24T16:02:22.739997,TDT_ideal__Orai1WT-MDSnap-Fr499_cleaned,Orai1WT-MDSnap-Fr499_cleaned,TDT_ideal,failed,No output from any sub-box,0,0.4,,72,78,12.0,,,,,,,,223,21026,1,32,8000,10,3,NVIDIA A100-SXM4-80GB,
2026-03-24T16:02:22.764066,TEL_ideal__Orai1WT-MDSnap-Fr499_cleaned,Orai1WT-MDSnap-Fr499_cleaned,TEL_ideal,failed,No output from any sub-box,0,0.4,,60,61,12.0,,,,,,,,223,21026,1,32,8000,10,3,NVIDIA A100-SXM4-80GB,
2026-03-24T16:02:22.792664,TF3_ideal__Orai1WT-MDSnap-Fr499_cleaned,Orai1WT-MDSnap-Fr499_cleaned,TF3_ideal,failed,No output from any sub-box,0,0.4,,25,28,4.0,,,,,,,,223,21026,1,32,8000,10,3,NVIDIA A100-SXM4-80GB,
2026-03-24T16:02:22.820261,TF4_ideal__Orai1WT-MDSnap-Fr499_cleaned,Orai1WT-MDSnap-Fr499_cleaned,TF4_ideal,failed,No output from any sub-box,0,0.4,,6,7,1.0,,,,,,,,223,21026,1,32,8000,10,3,NVIDIA A100-SXM4-80GB,
2026-03-24T16:02:22.844159,TF9_ideal__Orai1WT-MDSnap-Fr499_cleaned,Orai1WT-MDSnap-Fr499_cleaned,TF9_ideal,failed,No output from any sub-box,0,0.4,,22,24,2.0,,,,,,,,223,21026,1,32,8000,10,3,NVIDIA A100-SXM4-80GB,
2026-03-24T16:02:22.868185,TFL_ideal__Orai1WT-MDSnap-Fr499_cleaned,Orai1WT-MDSnap-Fr499_cleaned,TFL_ideal,failed,No output from any sub-box,0,0.4,,20,21,1.0,,,,,,,,223,21026,1,32,8000,10,3,NVIDIA A100-SXM4-80GB,
2026-03-24T16:02:22.890700,TFM_ideal__Orai1WT-MDSnap-Fr499_cleaned,Orai1WT-MDSnap-Fr499_cleaned,TFM_ideal,failed,No output from any sub-box,0,0.4,,16,18,2.0,,,,,,,,223,21026,1,32,8000,10,3,NVIDIA A100-SXM4-80GB,
2026-03-24T16:02:22.916427,TFQ_ideal__Orai1WT-MDSnap-Fr499_cleaned,Orai1WT-MDSnap-Fr499_cleaned,TFQ_ideal,failed,No output from any sub-box,0,0.4,,17,20,3.0,,,,,,,,223,21026,1,32,8000,10,3,NVIDIA A100-SXM4-80GB,
2026-03-24T16:02:22.941010,TGF_ideal__Orai1WT-MDSnap-Fr499_cleaned,Orai1WT-MDSnap-Fr499_cleaned,TGF_ideal,failed,No output from any sub-box,0,0.4,,52,64,12.0,,,,,,,,223,21026,1,32,8000,10,3,NVIDIA A100-SXM4-80GB,
2026-03-24T16:02:22.963848,THT_ideal__Orai1WT-MDSnap-Fr499_cleaned,Orai1WT-MDSnap-Fr499_cleaned,THT_ideal,failed,No output from any sub-box,0,0.4,,24,25,9.0,,,,,,,,223,21026,1,32,8000,10,3,NVIDIA A100-SXM4-80GB,
2026-03-24T16:02:22.988203,TIK_ideal__Orai1WT-MDSnap-Fr499_cleaned,Orai1WT-MDSnap-Fr499_cleaned,TIK_ideal,failed,No output from any sub-box,0,0.4,,14,14,2.0,,,,,,,,223,21026,1,32,8000,10,3,NVIDIA A100-SXM4-80GB,
2026-03-24T16:02:23.020393,TLA_ideal__Orai1WT-MDSnap-Fr499_cleaned,Orai1WT-MDSnap-Fr499_cleaned,TLA_ideal,failed,No output from any sub-box,0,0.4,,10,14,3.0,,,,,,,,223,21026,1,32,8000,10,3,NVIDIA A100-SXM4-80GB,
2026-03-24T16:02:23.043951,TMA_ideal__Orai1WT-MDSnap-Fr499_cleaned,Orai1WT-MDSnap-Fr499_cleaned,TMA_ideal,failed,No output from any sub-box,0,0.4,,5,5,,,,,,,,,223,21026,1,32,8000,10,3,NVIDIA A100-SXM4-80GB,
2026-03-24T16:02:23.067214,TMM_ideal__Orai1WT-MDSnap-Fr499_cleaned,Orai1WT-MDSnap-Fr499_cleaned,TMM_ideal,failed,No output from any sub-box,0,0.4,,15,18,3.0,,,,,,,,223,21026,1,32,8000,10,3,NVIDIA A100-SXM4-80GB,
2026-03-24T16:02:23.089281,TNE_ideal__Orai1WT-MDSnap-Fr499_cleaned,Orai1WT-MDSnap-Fr499_cleaned,TNE_ideal,failed,No output from any sub-box,0,0.4,,10,10,,,,,,,,,223,21026,1,32,8000,10,3,NVIDIA A100-SXM4-80GB,
2026-03-24T16:02:23.117553,TNF_ideal__Orai1WT-MDSnap-Fr499_cleaned,Orai1WT-MDSnap-Fr499_cleaned,TNF_ideal,failed,No output from any sub-box,0,0.4,,16,17,2.0,,,,,,,,223,21026,1,32,8000,10,3,NVIDIA A100-SXM4-80GB,
2026-03-24T16:02:23.140082,TNL_ideal__Orai1WT-MDSnap-Fr499_cleaned,Orai1WT-MDSnap-Fr499_cleaned,TNL_ideal,failed,No output from any sub-box,0,0.4,,16,16,1.0,,,,,,,,223,21026,1,32,8000,10,3,NVIDIA A100-SXM4-80GB,
2026-03-24T16:02:23.178427,TP0_ideal__Orai1WT-MDSnap-Fr499_cleaned,Orai1WT-MDSnap-Fr499_cleaned,TP0_ideal,failed,No output from any sub-box,0,0.4,,23,23,3.0,,,,,,,,223,21026,1,32,8000,10,3,NVIDIA A100-SXM4-80GB,
2026-03-24T16:02:23.200416,TPA_ideal__Orai1WT-MDSnap-Fr499_cleaned,Orai1WT-MDSnap-Fr499_cleaned,TPA_ideal,failed,No output from any sub-box,0,0.4,,10,13,1.0,,,,,,,,223,21026,1,32,8000,10,3,NVIDIA A100-SXM4-80GB,
2026-03-24T16:02:23.235776,TPB_ideal__Orai1WT-MDSnap-Fr499_cleaned,Orai1WT-MDSnap-Fr499_cleaned,TPB_ideal,failed,No output from any sub-box,0,0.4,,25,27,2.0,,,,,,,,223,21026,1,32,8000,10,3,NVIDIA A100-SXM4-80GB,
2026-03-24T16:02:23.258196,TPR_ideal__Orai1WT-MDSnap-Fr499_cleaned,Orai1WT-MDSnap-Fr499_cleaned,TPR_ideal,failed,No output from any sub-box,0,0.4,,18,19,2.0,,,,,,,,223,21026,1,32,8000,10,3,NVIDIA A100-SXM4-80GB,
2026-03-24T16:02:23.280308,TQ5_ideal__Orai1WT-MDSnap-Fr499_cleaned,Orai1WT-MDSnap-Fr499_cleaned,TQ5_ideal,failed,No output from any sub-box,0,0.4,,23,27,2.0,,,,,,,,223,21026,1,32,8000,10,3,NVIDIA A100-SXM4-80GB,
2026-03-24T16:02:23.315813,TR1_ideal__Orai1WT-MDSnap-Fr499_cleaned,Orai1WT-MDSnap-Fr499_cleaned,TR1_ideal,failed,No output from any sub-box,0,0.4,,32,36,6.0,,,,,,,,223,21026,1,32,8000,10,3,NVIDIA A100-SXM4-80GB,
2026-03-24T16:02:23.344048,TRI_ideal__Orai1WT-MDSnap-Fr499_cleaned,Orai1WT-MDSnap-Fr499_cleaned,TRI_ideal,failed,No output from any sub-box,0,0.4,,5,6,,,,,,,,,223,21026,1,32,8000,10,3,NVIDIA A100-SXM4-80GB,
2026-03-24T16:02:23.375134,TRS_ideal__Orai1WT-MDSnap-Fr499_cleaned,Orai1WT-MDSnap-Fr499_cleaned,TRS_ideal,failed,No output from any sub-box,0,0.4,,8,14,3.0,,,,,,,,223,21026,1,32,8000,10,3,NVIDIA A100-SXM4-80GB,
2026-03-24T16:02:23.400849,TRU_ideal__Orai1WT-MDSnap-Fr499_cleaned,Orai1WT-MDSnap-Fr499_cleaned,TRU_ideal,failed,No output from any sub-box,0,0.4,,20,24,1.0,,,,,,,,223,21026,1,32,8000,10,3,NVIDIA A100-SXM4-80GB,
2026-03-24T16:02:23.435790,TS4_ideal__Orai1WT-MDSnap-Fr499_cleaned,Orai1WT-MDSnap-Fr499_cleaned,TS4_ideal,failed,No output from any sub-box,0,0.4,,58,76,21.0,,,,,,,,223,21026,1,32,8000,10,3,NVIDIA A100-SXM4-80GB,
2026-03-24T16:02:23.463322,TS5_ideal__Orai1WT-MDSnap-Fr499_cleaned,Orai1WT-MDSnap-Fr499_cleaned,TS5_ideal,failed,No output from any sub-box,0,0.4,,29,39,10.0,,,,,,,,223,21026,1,32,8000,10,3,NVIDIA A100-SXM4-80GB,
2026-03-24T16:02:23.487789,TSU_ideal__Orai1WT-MDSnap-Fr499_cleaned,Orai1WT-MDSnap-Fr499_cleaned,TSU_ideal,failed,No output from any sub-box,0,0.4,,11,12,1.0,,,,,,,,223,21026,1,32,8000,10,3,NVIDIA A100-SXM4-80GB,
2026-03-24T16:02:23.517892,TTN_ideal__Orai1WT-MDSnap-Fr499_cleaned,Orai1WT-MDSnap-Fr499_cleaned,TTN_ideal,failed,No output from any sub-box,0,0.4,,8,9,1.0,,,,,,,,223,21026,1,32,8000,10,3,NVIDIA A100-SXM4-80GB,
2026-03-24T16:02:23.539943,TUD_ideal__Orai1WT-MDSnap-Fr499_cleaned,Orai1WT-MDSnap-Fr499_cleaned,TUD_ideal,failed,No output from any sub-box,0,0.4,,34,38,5.0,,,,,,,,223,21026,1,32,8000,10,3,NVIDIA A100-SXM4-80GB,
2026-03-24T16:02:23.570020,TUI_ideal__Orai1WT-MDSnap-Fr499_cleaned,Orai1WT-MDSnap-Fr499_cleaned,TUI_ideal,failed,No output from any sub-box,0,0.4,,33,37,5.0,,,,,,,,223,21026,1,32,8000,10,3,NVIDIA A100-SXM4-80GB,
2026-03-24T16:02:23.593432,TUX_ideal__Orai1WT-MDSnap-Fr499_cleaned,Orai1WT-MDSnap-Fr499_cleaned,TUX_ideal,failed,No output from any sub-box,0,0.4,,30,34,10.0,,,,,,,,223,21026,1,32,8000,10,3,NVIDIA A100-SXM4-80GB,
2026-03-24T16:02:23.662321,TYB_ideal__Orai1WT-MDSnap-Fr499_cleaned,Orai1WT-MDSnap-Fr499_cleaned,TYB_ideal,failed,No output from any sub-box,0,0.4,,12,15,2.0,,,,,,,,223,21026,1,32,8000,10,3,NVIDIA A100-SXM4-80GB,
2026-03-24T16:02:23.685267,TYC_ideal__Orai1WT-MDSnap-Fr499_cleaned,Orai1WT-MDSnap-Fr499_cleaned,TYC_ideal,failed,No output from any sub-box,0,0.4,,13,18,2.0,,,,,,,,223,21026,1,32,8000,10,3,NVIDIA A100-SXM4-80GB,
2026-03-24T16:02:23.715845,TYI_ideal__Orai1WT-MDSnap-Fr499_cleaned,Orai1WT-MDSnap-Fr499_cleaned,TYI_ideal,failed,No output from any sub-box,0,0.4,,15,19,3.0,,,,,,,,223,21026,1,32,8000,10,3,NVIDIA A100-SXM4-80GB,
2026-03-24T16:02:23.779942,TYK_ideal__Orai1WT-MDSnap-Fr499_cleaned,Orai1WT-MDSnap-Fr499_cleaned,TYK_ideal,failed,No output from any sub-box,0,0.4,,66,71,15.0,,,,,,,,223,21026,1,32,8000,10,3,NVIDIA A100-SXM4-80GB,
2026-03-24T16:02:23.801630,TYL_ideal__Orai1WT-MDSnap-Fr499_cleaned,Orai1WT-MDSnap-Fr499_cleaned,TYL_ideal,failed,No output from any sub-box,0,0.4,,11,13,1.0,,,,,,,,223,21026,1,32,8000,10,3,NVIDIA A100-SXM4-80GB,
2026-03-24T16:02:23.838640,TYR_ideal__Orai1WT-MDSnap-Fr499_cleaned,Orai1WT-MDSnap-Fr499_cleaned,TYR_ideal,failed,No output from any sub-box,0,0.4,,13,17,3.0,,,,,,,,223,21026,1,32,8000,10,3,NVIDIA A100-SXM4-80GB,
2026-03-24T16:02:23.863398,TYZ_ideal__Orai1WT-MDSnap-Fr499_cleaned,Orai1WT-MDSnap-Fr499_cleaned,TYZ_ideal,failed,No output from any sub-box,0,0.4,,13,15,1.0,,,,,,,,223,21026,1,32,8000,10,3,NVIDIA A100-SXM4-80GB,
2026-03-24T16:02:23.889102,TZ4_ideal__Orai1WT-MDSnap-Fr499_cleaned,Orai1WT-MDSnap-Fr499_cleaned,TZ4_ideal,failed,No output from any sub-box,0,0.4,,50,55,7.0,,,,,,,,223,21026,1,32,8000,10,3,NVIDIA A100-SXM4-80GB,
2026-03-24T16:02:23.916129,TZ5_ideal__Orai1WT-MDSnap-Fr499_cleaned,Orai1WT-MDSnap-Fr499_cleaned,TZ5_ideal,failed,No output from any sub-box,0,0.4,,50,55,7.0,,,,,,,,223,21026,1,32,8000,10,3,NVIDIA A100-SXM4-80GB,
2026-03-24T16:02:23.944269,U04_ideal__Orai1WT-MDSnap-Fr499_cleaned,Orai1WT-MDSnap-Fr499_cleaned,U04_ideal,failed,No output from any sub-box,0,0.4,,33,36,4.0,,,,,,,,223,21026,1,32,8000,10,3,NVIDIA A100-SXM4-80GB,
2026-03-24T16:02:23.967211,U10_ideal__Orai1WT-MDSnap-Fr499_cleaned,Orai1WT-MDSnap-Fr499_cleaned,U10_ideal,failed,No output from any sub-box,0,0.4,,63,63,15.0,,,,,,,,223,21026,1,32,8000,10,3,NVIDIA A100-SXM4-80GB,
2026-03-24T16:02:23.990577,U32_ideal__Orai1WT-MDSnap-Fr499_cleaned,Orai1WT-MDSnap-Fr499_cleaned,U32_ideal,failed,No output from any sub-box,0,0.4,,19,22,2.0,,,,,,,,223,21026,1,32,8000,10,3,NVIDIA A100-SXM4-80GB,
2026-03-24T16:02:24.016910,U55_ideal__Orai1WT-MDSnap-Fr499_cleaned,Orai1WT-MDSnap-Fr499_cleaned,U55_ideal,failed,No output from any sub-box,0,0.4,,18,23,2.0,,,,,,,,223,21026,1,32,8000,10,3,NVIDIA A100-SXM4-80GB,
2026-03-24T16:02:24.040943,UA5_ideal__Orai1WT-MDSnap-Fr499_cleaned,Orai1WT-MDSnap-Fr499_cleaned,UA5_ideal,failed,No output from any sub-box,0,0.4,,13,15,2.0,,,,,,,,223,21026,1,32,8000,10,3,NVIDIA A100-SXM4-80GB,
2026-03-24T16:02:24.064278,UAG_ideal__Orai1WT-MDSnap-Fr499_cleaned,Orai1WT-MDSnap-Fr499_cleaned,UAG_ideal,failed,No output from any sub-box,0,0.4,,58,70,14.0,,,,,,,,223,21026,1,32,8000,10,3,NVIDIA A100-SXM4-80GB,
2026-03-24T16:02:24.090033,UAS_ideal__Orai1WT-MDSnap-Fr499_cleaned,Orai1WT-MDSnap-Fr499_cleaned,UAS_ideal,failed,No output from any sub-box,0,0.4,,17,17,0.0,,,,,,,,223,21026,1,32,8000,10,3,NVIDIA A100-SXM4-80GB,
2026-03-24T16:02:24.115258,UDH_ideal__Orai1WT-MDSnap-Fr499_cleaned,Orai1WT-MDSnap-Fr499_cleaned,UDH_ideal,failed,No output from any sub-box,0,0.4,,32,39,9.0,,,,,,,,223,21026,1,32,8000,10,3,NVIDIA A100-SXM4-80GB,
2026-03-24T16:02:24.139108,UK4_ideal__Orai1WT-MDSnap-Fr499_cleaned,Orai1WT-MDSnap-Fr499_cleaned,UK4_ideal,failed,No output from any sub-box,0,0.4,,41,42,5.0,,,,,,,,223,21026,1,32,8000,10,3,NVIDIA A100-SXM4-80GB,
2026-03-24T16:02:24.161668,UKA_ideal__Orai1WT-MDSnap-Fr499_cleaned,Orai1WT-MDSnap-Fr499_cleaned,UKA_ideal,failed,No output from any sub-box,0,0.4,,57,64,8.0,,,,,,,,223,21026,1,32,8000,10,3,NVIDIA A100-SXM4-80GB,
2026-03-24T16:02:24.184143,ULA_ideal__Orai1WT-MDSnap-Fr499_cleaned,Orai1WT-MDSnap-Fr499_cleaned,ULA_ideal,failed,No output from any sub-box,0,0.4,,65,67,17.0,,,,,,,,223,21026,1,32,8000,10,3,NVIDIA A100-SXM4-80GB,
2026-03-24T16:02:24.215580,UMA_ideal__Orai1WT-MDSnap-Fr499_cleaned,Orai1WT-MDSnap-Fr499_cleaned,UMA_ideal,failed,No output from any sub-box,0,0.4,,49,59,11.0,,,,,,,,223,21026,1,32,8000,10,3,NVIDIA A100-SXM4-80GB,
2026-03-24T16:02:24.239058,UMG_ideal__Orai1WT-MDSnap-Fr499_cleaned,Orai1WT-MDSnap-Fr499_cleaned,UMG_ideal,failed,No output from any sub-box,0,0.4,,55,65,9.0,,,,,,,,223,21026,1,32,8000,10,3,NVIDIA A100-SXM4-80GB,
2026-03-24T16:02:24.262325,UMQ_ideal__Orai1WT-MDSnap-Fr499_cleaned,Orai1WT-MDSnap-Fr499_cleaned,UMQ_ideal,failed,No output from any sub-box,0,0.4,,34,41,11.0,,,,,,,,223,21026,1,32,8000,10,3,NVIDIA A100-SXM4-80GB,
2026-03-24T16:02:24.336012,UN3_ideal__Orai1WT-MDSnap-Fr499_cleaned,Orai1WT-MDSnap-Fr499_cleaned,UN3_ideal,failed,No output from any sub-box,0,0.4,,17,19,2.0,,,,,,,,223,21026,1,32,8000,10,3,NVIDIA A100-SXM4-80GB,
2026-03-24T16:02:24.358228,UP5_ideal__Orai1WT-MDSnap-Fr499_cleaned,Orai1WT-MDSnap-Fr499_cleaned,UP5_ideal,failed,No output from any sub-box,0,0.4,,55,67,13.0,,,,,,,,223,21026,1,32,8000,10,3,NVIDIA A100-SXM4-80GB,
2026-03-24T16:02:24.380078,UQA_ideal__Orai1WT-MDSnap-Fr499_cleaned,Orai1WT-MDSnap-Fr499_cleaned,UQA_ideal,failed,No output from any sub-box,0,0.4,,17,19,1.0,,,,,,,,223,21026,1,32,8000,10,3,NVIDIA A100-SXM4-80GB,
2026-03-24T16:02:24.415498,UR2_ideal__Orai1WT-MDSnap-Fr499_cleaned,Orai1WT-MDSnap-Fr499_cleaned,UR2_ideal,failed,No output from any sub-box,0,0.4,,39,44,10.0,,,,,,,,223,21026,1,32,8000,10,3,NVIDIA A100-SXM4-80GB,
2026-03-24T16:02:24.439061,URE_ideal__Orai1WT-MDSnap-Fr499_cleaned,Orai1WT-MDSnap-Fr499_cleaned,URE_ideal,failed,No output from any sub-box,0,0.4,,4,8,,,,,,,,,223,21026,1,32,8000,10,3,NVIDIA A100-SXM4-80GB,
2026-03-24T16:02:24.464523,URS_ideal__Orai1WT-MDSnap-Fr499_cleaned,Orai1WT-MDSnap-Fr499_cleaned,URS_ideal,failed,No output from any sub-box,0,0.4,,10,13,0.0,,,,,,,,223,21026,1,32,8000,10,3,NVIDIA A100-SXM4-80GB,
2026-03-24T16:02:24.487974,V35_ideal__Orai1WT-MDSnap-Fr499_cleaned,Orai1WT-MDSnap-Fr499_cleaned,V35_ideal,failed,No output from any sub-box,0,0.4,,17,21,3.0,,,,,,,,223,21026,1,32,8000,10,3,NVIDIA A100-SXM4-80GB,
2026-03-24T16:02:24.533498,V36_ideal__Orai1WT-MDSnap-Fr499_cleaned,Orai1WT-MDSnap-Fr499_cleaned,V36_ideal,failed,No output from any sub-box,0,0.4,,17,21,3.0,,,,,,,,223,21026,1,32,8000,10,3,NVIDIA A100-SXM4-80GB,
2026-03-24T16:02:24.555627,V6G_ideal__Orai1WT-MDSnap-Fr499_cleaned,Orai1WT-MDSnap-Fr499_cleaned,V6G_ideal,failed,No output from any sub-box,0,0.4,,65,66,4.0,,,,,,,,223,21026,1,32,8000,10,3,NVIDIA A100-SXM4-80GB,
2026-03-24T16:02:24.570417,VCA_ideal__Orai1WT-MDSnap-Fr499_cleaned,Orai1WT-MDSnap-Fr499_cleaned,VCA_ideal,failed,No output from any sub-box,0,0.4,,20,21,8.0,,,,,,,,223,21026,1,32,8000,10,3,NVIDIA A100-SXM4-80GB,
2026-03-24T16:02:24.586415,VES_ideal__Orai1WT-MDSnap-Fr499_cleaned,Orai1WT-MDSnap-Fr499_cleaned,VES_ideal,failed,No output from any sub-box,0,0.4,,5,6,,,,,,,,,223,21026,1,32,8000,10,3,NVIDIA A100-SXM4-80GB,
2026-03-24T16:02:24.601375,VII_ideal__Orai1WT-MDSnap-Fr499_cleaned,Orai1WT-MDSnap-Fr499_cleaned,VII_ideal,failed,No output from any sub-box,0,0.4,,23,25,3.0,,,,,,,,223,21026,1,32,8000,10,3,NVIDIA A100-SXM4-80GB,
2026-03-24T16:02:24.652261,VIV_ideal__Orai1WT-MDSnap-Fr499_cleaned,Orai1WT-MDSnap-Fr499_cleaned,VIV_ideal,failed,No output from any sub-box,0,0.4,,31,32,6.0,,,,,,,,223,21026,1,32,8000,10,3,NVIDIA A100-SXM4-80GB,
2026-03-24T16:02:24.667712,VL1_ideal__Orai1WT-MDSnap-Fr499_cleaned,Orai1WT-MDSnap-Fr499_cleaned,VL1_ideal,failed,No output from any sub-box,0,0.4,,45,47,3.0,,,,,,,,223,21026,1,32,8000,10,3,NVIDIA A100-SXM4-80GB,
2026-03-24T16:02:24.717728,VS2_ideal__Orai1WT-MDSnap-Fr499_cleaned,Orai1WT-MDSnap-Fr499_cleaned,VS2_ideal,failed,No output from any sub-box,0,0.4,,43,45,8.0,,,,,,,,223,21026,1,32,8000,10,3,NVIDIA A100-SXM4-80GB,
2026-03-24T16:02:24.739864,VSO_ideal__Orai1WT-MDSnap-Fr499_cleaned,Orai1WT-MDSnap-Fr499_cleaned,VSO_ideal,failed,No output from any sub-box,0,0.4,,6,7,1.0,,,,,,,,223,21026,1,32,8000,10,3,NVIDIA A100-SXM4-80GB,
2026-03-24T16:02:24.773180,VTQ_ideal__Orai1WT-MDSnap-Fr499_cleaned,Orai1WT-MDSnap-Fr499_cleaned,VTQ_ideal,failed,No output from any sub-box,0,0.4,,32,33,8.0,,,,,,,,223,21026,1,32,8000,10,3,NVIDIA A100-SXM4-80GB,
2026-03-24T16:02:24.830343,VVM_ideal__Orai1WT-MDSnap-Fr499_cleaned,Orai1WT-MDSnap-Fr499_cleaned,VVM_ideal,failed,No output from any sub-box,0,0.4,,17,20,2.0,,,,,,,,223,21026,1,32,8000,10,3,NVIDIA A100-SXM4-80GB,
2026-03-24T16:02:24.851275,VXI_ideal__Orai1WT-MDSnap-Fr499_cleaned,Orai1WT-MDSnap-Fr499_cleaned,VXI_ideal,failed,No output from any sub-box,0,0.4,,37,37,7.0,,,,,,,,223,21026,1,32,8000,10,3,NVIDIA A100-SXM4-80GB,
2026-03-24T16:02:24.871331,W1P_ideal__Orai1WT-MDSnap-Fr499_cleaned,Orai1WT-MDSnap-Fr499_cleaned,W1P_ideal,failed,No output from any sub-box,0,0.4,,13,13,0.0,,,,,,,,223,21026,1,32,8000,10,3,NVIDIA A100-SXM4-80GB,
2026-03-24T16:02:24.891436,W42_ideal__Orai1WT-MDSnap-Fr499_cleaned,Orai1WT-MDSnap-Fr499_cleaned,W42_ideal,failed,No output from any sub-box,0,0.4,,31,32,7.0,,,,,,,,223,21026,1,32,8000,10,3,NVIDIA A100-SXM4-80GB,
2026-03-24T16:02:24.916164,W43_ideal__Orai1WT-MDSnap-Fr499_cleaned,Orai1WT-MDSnap-Fr499_cleaned,W43_ideal,failed,No output from any sub-box,0,0.4,,27,27,5.0,,,,,,,,223,21026,1,32,8000,10,3,NVIDIA A100-SXM4-80GB,
2026-03-24T16:02:24.935788,W56_ideal__Orai1WT-MDSnap-Fr499_cleaned,Orai1WT-MDSnap-Fr499_cleaned,W56_ideal,failed,No output from any sub-box,0,0.4,,24,24,4.0,,,,,,,,223,21026,1,32,8000,10,3,NVIDIA A100-SXM4-80GB,
2026-03-24T16:02:24.956473,W59_ideal__Orai1WT-MDSnap-Fr499_cleaned,Orai1WT-MDSnap-Fr499_cleaned,W59_ideal,failed,No output from any sub-box,0,0.4,,27,27,5.0,,,,,,,,223,21026,1,32,8000,10,3,NVIDIA A100-SXM4-80GB,
2026-03-24T16:02:24.977222,W71_ideal__Orai1WT-MDSnap-Fr499_cleaned,Orai1WT-MDSnap-Fr499_cleaned,W71_ideal,failed,No output from any sub-box,0,0.4,,25,25,5.0,,,,,,,,223,21026,1,32,8000,10,3,NVIDIA A100-SXM4-80GB,
2026-03-24T16:02:24.996311,W8R_ideal__Orai1WT-MDSnap-Fr499_cleaned,Orai1WT-MDSnap-Fr499_cleaned,W8R_ideal,failed,No output from any sub-box,0,0.4,,26,26,5.0,,,,,,,,223,21026,1,32,8000,10,3,NVIDIA A100-SXM4-80GB,
2026-03-24T16:02:25.033249,WSK_ideal__Orai1WT-MDSnap-Fr499_cleaned,Orai1WT-MDSnap-Fr499_cleaned,WSK_ideal,failed,No output from any sub-box,0,0.4,,22,23,2.0,,,,,,,,223,21026,1,32,8000,10,3,NVIDIA A100-SXM4-80GB,
2026-03-24T16:02:25.056379,WVN_ideal__Orai1WT-MDSnap-Fr499_cleaned,Orai1WT-MDSnap-Fr499_cleaned,WVN_ideal,failed,No output from any sub-box,0,0.4,,40,40,5.0,,,,,,,,223,21026,1,32,8000,10,3,NVIDIA A100-SXM4-80GB,
2026-03-24T16:02:25.079068,WWZ_ideal__Orai1WT-MDSnap-Fr499_cleaned,Orai1WT-MDSnap-Fr499_cleaned,WWZ_ideal,failed,No output from any sub-box,0,0.4,,21,25,2.0,,,,,,,,223,21026,1,32,8000,10,3,NVIDIA A100-SXM4-80GB,
2026-03-24T16:02:25.115688,WYB_ideal__Orai1WT-MDSnap-Fr499_cleaned,Orai1WT-MDSnap-Fr499_cleaned,WYB_ideal,failed,No output from any sub-box,0,0.4,,21,25,3.0,,,,,,,,223,21026,1,32,8000,10,3,NVIDIA A100-SXM4-80GB,
2026-03-24T16:02:25.140030,X2N_ideal__Orai1WT-MDSnap-Fr499_cleaned,Orai1WT-MDSnap-Fr499_cleaned,X2N_ideal,failed,No output from any sub-box,0,0.4,,51,52,6.0,,,,,,,,223,21026,1,32,8000,10,3,NVIDIA A100-SXM4-80GB,
2026-03-24T16:02:25.161311,X4U_ideal__Orai1WT-MDSnap-Fr499_cleaned,Orai1WT-MDSnap-Fr499_cleaned,X4U_ideal,failed,No output from any sub-box,0,0.4,,33,36,6.0,,,,,,,,223,21026,1,32,8000,10,3,NVIDIA A100-SXM4-80GB,
2026-03-24T16:02:25.184780,XAT_ideal__Orai1WT-MDSnap-Fr499_cleaned,Orai1WT-MDSnap-Fr499_cleaned,XAT_ideal,failed,No output from any sub-box,0,0.4,,44,46,6.0,,,,,,,,223,21026,1,32,8000,10,3,NVIDIA A100-SXM4-80GB,
2026-03-24T16:02:25.218686,XB2_ideal__Orai1WT-MDSnap-Fr499_cleaned,Orai1WT-MDSnap-Fr499_cleaned,XB2_ideal,failed,No output from any sub-box,0,0.4,,20,22,2.0,,,,,,,,223,21026,1,32,8000,10,3,NVIDIA A100-SXM4-80GB,
2026-03-24T16:02:25.243427,XB7_ideal__Orai1WT-MDSnap-Fr499_cleaned,Orai1WT-MDSnap-Fr499_cleaned,XB7_ideal,failed,No output from any sub-box,0,0.4,,34,35,4.0,,,,,,,,223,21026,1,32,8000,10,3,NVIDIA A100-SXM4-80GB,
2026-03-24T16:02:25.266685,XC9_ideal__Orai1WT-MDSnap-Fr499_cleaned,Orai1WT-MDSnap-Fr499_cleaned,XC9_ideal,failed,No output from any sub-box,0,0.4,,34,44,4.0,,,,,,,,223,21026,1,32,8000,10,3,NVIDIA A100-SXM4-80GB,
2026-03-24T16:02:25.334677,XIN_ideal__Orai1WT-MDSnap-Fr499_cleaned,Orai1WT-MDSnap-Fr499_cleaned,XIN_ideal,failed,No output from any sub-box,0,0.4,,40,42,4.0,,,,,,,,223,21026,1,32,8000,10,3,NVIDIA A100-SXM4-80GB,
2026-03-24T16:02:25.363015,XMJ_ideal__Orai1WT-MDSnap-Fr499_cleaned,Orai1WT-MDSnap-Fr499_cleaned,XMJ_ideal,failed,No output from any sub-box,0,0.4,,32,32,3.0,,,,,,,,223,21026,1,32,8000,10,3,NVIDIA A100-SXM4-80GB,
2026-03-24T16:02:25.384616,XNH_ideal__Orai1WT-MDSnap-Fr499_cleaned,Orai1WT-MDSnap-Fr499_cleaned,XNH_ideal,failed,No output from any sub-box,0,0.4,,35,35,3.0,,,,,,,,223,21026,1,32,8000,10,3,NVIDIA A100-SXM4-80GB,
2026-03-24T16:02:25.415912,XP1_ideal__Orai1WT-MDSnap-Fr499_cleaned,Orai1WT-MDSnap-Fr499_cleaned,XP1_ideal,failed,No output from any sub-box,0,0.4,,12,13,1.0,,,,,,,,223,21026,1,32,8000,10,3,NVIDIA A100-SXM4-80GB,
2026-03-24T16:02:25.440387,XPG_ideal__Orai1WT-MDSnap-Fr499_cleaned,Orai1WT-MDSnap-Fr499_cleaned,XPG_ideal,failed,No output from any sub-box,0,0.4,,25,28,8.0,,,,,,,,223,21026,1,32,8000,10,3,NVIDIA A100-SXM4-80GB,
2026-03-24T16:02:25.465304,XQZ_ideal__Orai1WT-MDSnap-Fr499_cleaned,Orai1WT-MDSnap-Fr499_cleaned,XQZ_ideal,failed,No output from any sub-box,0,0.4,,6,8,1.0,,,,,,,,223,21026,1,32,8000,10,3,NVIDIA A100-SXM4-80GB,
2026-03-24T16:02:25.487390,XR1_ideal__Orai1WT-MDSnap-Fr499_cleaned,Orai1WT-MDSnap-Fr499_cleaned,XR1_ideal,failed,No output from any sub-box,0,0.4,,39,40,3.0,,,,,,,,223,21026,1,32,8000,10,3,NVIDIA A100-SXM4-80GB,
2026-03-24T16:02:25.516269,XZ5_ideal__Orai1WT-MDSnap-Fr499_cleaned,Orai1WT-MDSnap-Fr499_cleaned,XZ5_ideal,failed,No output from any sub-box,0,0.4,,5,5,,,,,,,,,223,21026,1,32,8000,10,3,NVIDIA A100-SXM4-80GB,
2026-03-24T16:02:25.539848,Y9J_ideal__Orai1WT-MDSnap-Fr499_cleaned,Orai1WT-MDSnap-Fr499_cleaned,Y9J_ideal,failed,No output from any sub-box,0,0.4,,28,31,6.0,,,,,,,,223,21026,1,32,8000,10,3,NVIDIA A100-SXM4-80GB,
2026-03-24T16:02:25.563231,YAN_ideal__Orai1WT-MDSnap-Fr499_cleaned,Orai1WT-MDSnap-Fr499_cleaned,YAN_ideal,failed,No output from any sub-box,0,0.4,,8,8,,,,,,,,,223,21026,1,32,8000,10,3,NVIDIA A100-SXM4-80GB,
2026-03-24T16:02:25.585498,YG7_ideal__Orai1WT-MDSnap-Fr499_cleaned,Orai1WT-MDSnap-Fr499_cleaned,YG7_ideal,failed,No output from any sub-box,0,0.4,,33,36,3.0,,,,,,,,223,21026,1,32,8000,10,3,NVIDIA A100-SXM4-80GB,
2026-03-24T16:02:25.615363,YHR_ideal__Orai1WT-MDSnap-Fr499_cleaned,Orai1WT-MDSnap-Fr499_cleaned,YHR_ideal,failed,No output from any sub-box,0,0.4,,44,45,5.0,,,,,,,,223,21026,1,32,8000,10,3,NVIDIA A100-SXM4-80GB,
2026-03-24T16:02:25.638508,YIS_ideal__Orai1WT-MDSnap-Fr499_cleaned,Orai1WT-MDSnap-Fr499_cleaned,YIS_ideal,failed,No output from any sub-box,0,0.4,,48,52,6.0,,,,,,,,223,21026,1,32,8000,10,3,NVIDIA A100-SXM4-80GB,
2026-03-24T16:02:25.661244,YKQ_ideal__Orai1WT-MDSnap-Fr499_cleaned,Orai1WT-MDSnap-Fr499_cleaned,YKQ_ideal,failed,No output from any sub-box,0,0.4,,36,39,3.0,,,,,,,,223,21026,1,32,8000,10,3,NVIDIA A100-SXM4-80GB,
2026-03-24T16:02:25.684339,YMA_ideal__Orai1WT-MDSnap-Fr499_cleaned,Orai1WT-MDSnap-Fr499_cleaned,YMA_ideal,failed,No output from any sub-box,0,0.4,,33,40,12.0,,,,,,,,223,21026,1,32,8000,10,3,NVIDIA A100-SXM4-80GB,
2026-03-24T16:02:25.715996,YPQ_ideal__Orai1WT-MDSnap-Fr499_cleaned,Orai1WT-MDSnap-Fr499_cleaned,YPQ_ideal,failed,No output from any sub-box,0,0.4,,22,22,2.0,,,,,,,,223,21026,1,32,8000,10,3,NVIDIA A100-SXM4-80GB,
2026-03-24T16:02:25.739639,YRL_ideal__Orai1WT-MDSnap-Fr499_cleaned,Orai1WT-MDSnap-Fr499_cleaned,YRL_ideal,failed,No output from any sub-box,0,0.4,,10,12,2.0,,,,,,,,223,21026,1,32,8000,10,3,NVIDIA A100-SXM4-80GB,
2026-03-24T16:02:25.762262,YTT_ideal__Orai1WT-MDSnap-Fr499_cleaned,Orai1WT-MDSnap-Fr499_cleaned,YTT_ideal,failed,No output from any sub-box,0,0.4,,24,28,3.0,,,,,,,,223,21026,1,32,8000,10,3,NVIDIA A100-SXM4-80GB,
2026-03-24T16:02:25.832471,YTZ_ideal__Orai1WT-MDSnap-Fr499_cleaned,Orai1WT-MDSnap-Fr499_cleaned,YTZ_ideal,failed,No output from any sub-box,0,0.4,,16,19,2.0,,,,,,,,223,21026,1,32,8000,10,3,NVIDIA A100-SXM4-80GB,
2026-03-24T16:02:25.855489,Z6V_ideal__Orai1WT-MDSnap-Fr499_cleaned,Orai1WT-MDSnap-Fr499_cleaned,Z6V_ideal,failed,No output from any sub-box,0,0.4,,32,33,3.0,,,,,,,,223,21026,1,32,8000,10,3,NVIDIA A100-SXM4-80GB,
2026-03-24T16:02:25.879772,Z90_ideal__Orai1WT-MDSnap-Fr499_cleaned,Orai1WT-MDSnap-Fr499_cleaned,Z90_ideal,failed,No output from any sub-box,0,0.4,,42,44,9.0,,,,,,,,223,21026,1,32,8000,10,3,NVIDIA A100-SXM4-80GB,
2026-03-24T16:02:25.916100,ZHZ_ideal__Orai1WT-MDSnap-Fr499_cleaned,Orai1WT-MDSnap-Fr499_cleaned,ZHZ_ideal,failed,No output from any sub-box,0,0.4,,12,14,1.0,,,,,,,,223,21026,1,32,8000,10,3,NVIDIA A100-SXM4-80GB,
2026-03-24T16:02:25.940392,ZIY_ideal__Orai1WT-MDSnap-Fr499_cleaned,Orai1WT-MDSnap-Fr499_cleaned,ZIY_ideal,failed,No output from any sub-box,0,0.4,,81,85,18.0,,,,,,,,223,21026,1,32,8000,10,3,NVIDIA A100-SXM4-80GB,
2026-03-24T16:02:25.964217,ZOL_ideal__Orai1WT-MDSnap-Fr499_cleaned,Orai1WT-MDSnap-Fr499_cleaned,ZOL_ideal,failed,No output from any sub-box,0,0.4,,16,21,4.0,,,,,,,,223,21026,1,32,8000,10,3,NVIDIA A100-SXM4-80GB,
2026-03-24T16:02:25.988043,ZYS_ideal__Orai1WT-MDSnap-Fr499_cleaned,Orai1WT-MDSnap-Fr499_cleaned,ZYS_ideal,failed,No output from any sub-box,0,0.4,,19,22,2.0,,,,,,,,223,21026,1,32,8000,10,3,NVIDIA A100-SXM4-80GB,
2026-03-24T16:02:26.020536,ZYX_ideal__Orai1WT-MDSnap-Fr499_cleaned,Orai1WT-MDSnap-Fr499_cleaned,ZYX_ideal,failed,No output from any sub-box,0,0.4,,13,17,2.0,,,,,,,,223,21026,1,32,8000,10,3,NVIDIA A100-SXM4-80GB,
2026-03-24T16:13:08.824516,007_ideal__Orai1WT-START-Fr0_cleaned,Orai1WT-START-Fr0_cleaned,007_ideal,failed,No output from any sub-box,0,0.43,,13,15,1.0,,,,,,,,223,21026,1,32,8000,10,3,NVIDIA A100-SXM4-80GB,
2026-03-24T16:13:08.847007,010_ideal__Orai1WT-START-Fr0_cleaned,Orai1WT-START-Fr0_cleaned,010_ideal,failed,No output from any sub-box,0,0.43,,8,9,1.0,,,,,,,,223,21026,1,32,8000,10,3,NVIDIA A100-SXM4-80GB,
2026-03-24T16:13:08.869558,05J_ideal__Orai1WT-START-Fr0_cleaned,Orai1WT-START-Fr0_cleaned,05J_ideal,failed,No output from any sub-box,0,0.43,,39,41,4.0,,,,,,,,223,21026,1,32,8000,10,3,NVIDIA A100-SXM4-80GB,
2026-03-24T16:13:08.891783,07J_ideal__Orai1WT-START-Fr0_cleaned,Orai1WT-START-Fr0_cleaned,07J_ideal,failed,No output from any sub-box,0,0.43,,38,40,4.0,,,,,,,,223,21026,1,32,8000,10,3,NVIDIA A100-SXM4-80GB,
2026-03-24T16:13:08.934699,08D_ideal__Orai1WT-START-Fr0_cleaned,Orai1WT-START-Fr0_cleaned,08D_ideal,failed,No output from any sub-box,0,0.43,,17,20,2.0,,,,,,,,223,21026,1,32,8000,10,3,NVIDIA A100-SXM4-80GB,
2026-03-24T16:13:08.956692,0A9_ideal__Orai1WT-START-Fr0_cleaned,Orai1WT-START-Fr0_cleaned,0A9_ideal,failed,No output from any sub-box,0,0.43,,13,15,2.0,,,,,,,,223,21026,1,32,8000,10,3,NVIDIA A100-SXM4-80GB,
2026-03-24T16:13:08.979099,0LI_ideal__Orai1WT-START-Fr0_cleaned,Orai1WT-START-Fr0_cleaned,0LI_ideal,failed,No output from any sub-box,0,0.43,,39,40,3.0,,,,,,,,223,21026,1,32,8000,10,3,NVIDIA A100-SXM4-80GB,
2026-03-24T16:13:09.016118,10A_ideal__Orai1WT-START-Fr0_cleaned,Orai1WT-START-Fr0_cleaned,10A_ideal,failed,No output from any sub-box,0,0.43,,23,23,9.0,,,,,,,,223,21026,1,32,8000,10,3,NVIDIA A100-SXM4-80GB,
2026-03-24T16:13:09.040220,11U_ideal__Orai1WT-START-Fr0_cleaned,Orai1WT-START-Fr0_cleaned,11U_ideal,failed,No output from any sub-box,0,0.43,,28,33,4.0,,,,,,,,223,21026,1,32,8000,10,3,NVIDIA A100-SXM4-80GB,
2026-03-24T16:13:09.099287,128_ideal__Orai1WT-START-Fr0_cleaned,Orai1WT-START-Fr0_cleaned,128_ideal,failed,No output from any sub-box,0,0.43,,46,53,8.0,,,,,,,,223,21026,1,32,8000,10,3,NVIDIA A100-SXM4-80GB,
2026-03-24T16:13:09.134345,138_ideal__Orai1WT-START-Fr0_cleaned,Orai1WT-START-Fr0_cleaned,138_ideal,failed,No output from any sub-box,0,0.43,,52,65,13.0,,,,,,,,223,21026,1,32,8000,10,3,NVIDIA A100-SXM4-80GB,
2026-03-24T16:13:09.158787,13X_ideal__Orai1WT-START-Fr0_cleaned,Orai1WT-START-Fr0_cleaned,13X_ideal,failed,No output from any sub-box,0,0.43,,9,12,1.0,,,,,,,,223,21026,1,32,8000,10,3,NVIDIA A100-SXM4-80GB,
2026-03-24T16:13:09.181409,140_ideal__Orai1WT-START-Fr0_cleaned,Orai1WT-START-Fr0_cleaned,140_ideal,failed,No output from any sub-box,0,0.43,,22,24,8.0,,,,,,,,223,21026,1,32,8000,10,3,NVIDIA A100-SXM4-80GB,
2026-03-24T16:13:09.217395,144_ideal__Orai1WT-START-Fr0_cleaned,Orai1WT-START-Fr0_cleaned,144_ideal,failed,No output from any sub-box,0,0.43,,8,11,3.0,,,,,,,,223,21026,1,32,8000,10,3,NVIDIA A100-SXM4-80GB,
2026-03-24T16:13:09.249728,146_ideal__Orai1WT-START-Fr0_cleaned,Orai1WT-START-Fr0_cleaned,146_ideal,failed,No output from any sub-box,0,0.43,,64,70,10.0,,,,,,,,223,21026,1,32,8000,10,3,NVIDIA A100-SXM4-80GB,
2026-03-24T16:13:09.273892,150_ideal__Orai1WT-START-Fr0_cleaned,Orai1WT-START-Fr0_cleaned,150_ideal,failed,No output from any sub-box,0,0.43,,10,14,1.0,,,,,,,,223,21026,1,32,8000,10,3,NVIDIA A100-SXM4-80GB,
2026-03-24T16:13:09.297123,152_ideal__Orai1WT-START-Fr0_cleaned,Orai1WT-START-Fr0_cleaned,152_ideal,failed,No output from any sub-box,0,0.43,,11,13,3.0,,,,,,,,223,21026,1,32,8000,10,3,NVIDIA A100-SXM4-80GB,
2026-03-24T16:13:09.334993,169_ideal__Orai1WT-START-Fr0_cleaned,Orai1WT-START-Fr0_cleaned,169_ideal,failed,No output from any sub-box,0,0.43,,30,37,5.0,,,,,,,,223,21026,1,32,8000,10,3,NVIDIA A100-SXM4-80GB,
2026-03-24T16:13:09.358484,16A_ideal__Orai1WT-START-Fr0_cleaned,Orai1WT-START-Fr0_cleaned,16A_ideal,failed,No output from any sub-box,0,0.43,,20,20,7.0,,,,,,,,223,21026,1,32,8000,10,3,NVIDIA A100-SXM4-80GB,
2026-03-24T16:13:09.382132,171_ideal__Orai1WT-START-Fr0_cleaned,Orai1WT-START-Fr0_cleaned,171_ideal,failed,No output from any sub-box,0,0.43,,13,15,2.0,,,,,,,,223,21026,1,32,8000,10,3,NVIDIA A100-SXM4-80GB,
2026-03-24T16:13:09.417090,173_ideal__Orai1WT-START-Fr0_cleaned,Orai1WT-START-Fr0_cleaned,173_ideal,failed,No output from any sub-box,0,0.43,,11,12,1.0,,,,,,,,223,21026,1,32,8000,10,3,NVIDIA A100-SXM4-80GB,
2026-03-24T16:13:09.442305,174_ideal__Orai1WT-START-Fr0_cleaned,Orai1WT-START-Fr0_cleaned,174_ideal,failed,No output from any sub-box,0,0.43,,10,11,1.0,,,,,,,,223,21026,1,32,8000,10,3,NVIDIA A100-SXM4-80GB,
2026-03-24T16:13:09.466520,178_ideal__Orai1WT-START-Fr0_cleaned,Orai1WT-START-Fr0_cleaned,178_ideal,failed,No output from any sub-box,0,0.43,,21,23,3.0,,,,,,,,223,21026,1,32,8000,10,3,NVIDIA A100-SXM4-80GB,
2026-03-24T16:13:09.489683,17F_ideal__Orai1WT-START-Fr0_cleaned,Orai1WT-START-Fr0_cleaned,17F_ideal,failed,No output from any sub-box,0,0.43,,54,58,22.0,,,,,,,,223,21026,1,32,8000,10,3,NVIDIA A100-SXM4-80GB,
2026-03-24T16:13:09.517289,1AL_ideal__Orai1WT-START-Fr0_cleaned,Orai1WT-START-Fr0_cleaned,1AL_ideal,failed,No output from any sub-box,0,0.43,,12,18,1.0,,,,,,,,223,21026,1,32,8000,10,3,NVIDIA A100-SXM4-80GB,
2026-03-24T16:13:09.540356,1BN_ideal__Orai1WT-START-Fr0_cleaned,Orai1WT-START-Fr0_cleaned,1BN_ideal,failed,No output from any sub-box,0,0.43,,12,12,1.0,,,,,,,,223,21026,1,32,8000,10,3,NVIDIA A100-SXM4-80GB,
2026-03-24T16:13:09.563676,1CM_ideal__Orai1WT-START-Fr0_cleaned,Orai1WT-START-Fr0_cleaned,1CM_ideal,failed,No output from any sub-box,0,0.43,,18,19,2.0,,,,,,,,223,21026,1,32,8000,10,3,NVIDIA A100-SXM4-80GB,
2026-03-24T16:13:09.586509,1CY_ideal__Orai1WT-START-Fr0_cleaned,Orai1WT-START-Fr0_cleaned,1CY_ideal,failed,No output from any sub-box,0,0.43,,17,21,0.0,,,,,,,,223,21026,1,32,8000,10,3,NVIDIA A100-SXM4-80GB,
2026-03-24T16:13:09.616271,1JY_ideal__Orai1WT-START-Fr0_cleaned,Orai1WT-START-Fr0_cleaned,1JY_ideal,failed,No output from any sub-box,0,0.43,,47,54,9.0,,,,,,,,223,21026,1,32,8000,10,3,NVIDIA A100-SXM4-80GB,
2026-03-24T16:13:09.642972,1K5_ideal__Orai1WT-START-Fr0_cleaned,Orai1WT-START-Fr0_cleaned,1K5_ideal,failed,No output from any sub-box,0,0.43,,19,20,1.0,,,,,,,,223,21026,1,32,8000,10,3,NVIDIA A100-SXM4-80GB,
2026-03-24T16:13:09.665993,1L3_ideal__Orai1WT-START-Fr0_cleaned,Orai1WT-START-Fr0_cleaned,1L3_ideal,failed,No output from any sub-box,0,0.43,,33,33,5.0,,,,,,,,223,21026,1,32,8000,10,3,NVIDIA A100-SXM4-80GB,
2026-03-24T16:13:09.689243,1N1_ideal__Orai1WT-START-Fr0_cleaned,Orai1WT-START-Fr0_cleaned,1N1_ideal,failed,No output from any sub-box,0,0.43,,33,36,4.0,,,,,,,,223,21026,1,32,8000,10,3,NVIDIA A100-SXM4-80GB,
2026-03-24T16:13:09.717128,1OH_ideal__Orai1WT-START-Fr0_cleaned,Orai1WT-START-Fr0_cleaned,1OH_ideal,failed,No output from any sub-box,0,0.43,,16,17,1.0,,,,,,,,223,21026,1,32,8000,10,3,NVIDIA A100-SXM4-80GB,
2026-03-24T16:13:09.739973,1PC_ideal__Orai1WT-START-Fr0_cleaned,Orai1WT-START-Fr0_cleaned,1PC_ideal,failed,No output from any sub-box,0,0.43,,18,18,1.0,,,,,,,,223,21026,1,32,8000,10,3,NVIDIA A100-SXM4-80GB,
2026-03-24T16:13:09.763436,1VU_ideal__Orai1WT-START-Fr0_cleaned,Orai1WT-START-Fr0_cleaned,1VU_ideal,failed,No output from any sub-box,0,0.43,,52,62,14.0,,,,,,,,223,21026,1,32,8000,10,3,NVIDIA A100-SXM4-80GB,
2026-03-24T16:13:09.785353,1WE_ideal__Orai1WT-START-Fr0_cleaned,Orai1WT-START-Fr0_cleaned,1WE_ideal,failed,No output from any sub-box,0,0.43,,10,12,1.0,,,,,,,,223,21026,1,32,8000,10,3,NVIDIA A100-SXM4-80GB,
2026-03-24T16:13:09.816715,1XJ_ideal__Orai1WT-START-Fr0_cleaned,Orai1WT-START-Fr0_cleaned,1XJ_ideal,failed,No output from any sub-box,0,0.43,,65,67,8.0,,,,,,,,223,21026,1,32,8000,10,3,NVIDIA A100-SXM4-80GB,
2026-03-24T16:13:09.840139,201_ideal__Orai1WT-START-Fr0_cleaned,Orai1WT-START-Fr0_cleaned,201_ideal,failed,No output from any sub-box,0,0.43,,24,27,2.0,,,,,,,,223,21026,1,32,8000,10,3,NVIDIA A100-SXM4-80GB,
2026-03-24T16:13:09.862752,205_ideal__Orai1WT-START-Fr0_cleaned,Orai1WT-START-Fr0_cleaned,205_ideal,failed,No output from any sub-box,0,0.43,,20,21,1.0,,,,,,,,223,21026,1,32,8000,10,3,NVIDIA A100-SXM4-80GB,
2026-03-24T16:13:09.885886,210_ideal__Orai1WT-START-Fr0_cleaned,Orai1WT-START-Fr0_cleaned,210_ideal,failed,No output from any sub-box,0,0.43,,13,20,5.0,,,,,,,,223,21026,1,32,8000,10,3,NVIDIA A100-SXM4-80GB,
2026-03-24T16:13:09.916580,21B_ideal__Orai1WT-START-Fr0_cleaned,Orai1WT-START-Fr0_cleaned,21B_ideal,failed,No output from any sub-box,0,0.43,,22,23,3.0,,,,,,,,223,21026,1,32,8000,10,3,NVIDIA A100-SXM4-80GB,
2026-03-24T16:13:09.940458,21V_ideal__Orai1WT-START-Fr0_cleaned,Orai1WT-START-Fr0_cleaned,21V_ideal,failed,No output from any sub-box,0,0.43,,32,39,6.0,,,,,,,,223,21026,1,32,8000,10,3,NVIDIA A100-SXM4-80GB,
2026-03-24T16:13:09.964242,221_ideal__Orai1WT-START-Fr0_cleaned,Orai1WT-START-Fr0_cleaned,221_ideal,failed,No output from any sub-box,0,0.43,,23,27,3.0,,,,,,,,223,21026,1,32,8000,10,3,NVIDIA A100-SXM4-80GB,
2026-03-24T16:13:09.987101,22F_ideal__Orai1WT-START-Fr0_cleaned,Orai1WT-START-Fr0_cleaned,22F_ideal,failed,No output from any sub-box,0,0.43,,15,15,1.0,,,,,,,,223,21026,1,32,8000,10,3,NVIDIA A100-SXM4-80GB,
2026-03-24T16:13:10.020038,231_ideal__Orai1WT-START-Fr0_cleaned,Orai1WT-START-Fr0_cleaned,231_ideal,failed,No output from any sub-box,0,0.43,,11,12,0.0,,,,,,,,223,21026,1,32,8000,10,3,NVIDIA A100-SXM4-80GB,
2026-03-24T16:13:10.044906,23F_ideal__Orai1WT-START-Fr0_cleaned,Orai1WT-START-Fr0_cleaned,23F_ideal,failed,No output from any sub-box,0,0.43,,12,15,2.0,,,,,,,,223,21026,1,32,8000,10,3,NVIDIA A100-SXM4-80GB,
2026-03-24T16:13:10.069484,243_ideal__Orai1WT-START-Fr0_cleaned,Orai1WT-START-Fr0_cleaned,243_ideal,failed,No output from any sub-box,0,0.43,,21,23,8.0,,,,,,,,223,21026,1,32,8000,10,3,NVIDIA A100-SXM4-80GB,
2026-03-24T16:13:10.091149,251_ideal__Orai1WT-START-Fr0_cleaned,Orai1WT-START-Fr0_cleaned,251_ideal,failed,No output from any sub-box,0,0.43,,24,28,2.0,,,,,,,,223,21026,1,32,8000,10,3,NVIDIA A100-SXM4-80GB,
2026-03-24T16:13:10.117736,256_ideal__Orai1WT-START-Fr0_cleaned,Orai1WT-START-Fr0_cleaned,256_ideal,failed,No output from any sub-box,0,0.43,,14,16,2.0,,,,,,,,223,21026,1,32,8000,10,3,NVIDIA A100-SXM4-80GB,
2026-03-24T16:13:10.181269,268_ideal__Orai1WT-START-Fr0_cleaned,Orai1WT-START-Fr0_cleaned,268_ideal,failed,No output from any sub-box,0,0.43,,10,11,2.0,,,,,,,,223,21026,1,32,8000,10,3,NVIDIA A100-SXM4-80GB,
2026-03-24T16:13:10.195453,269_ideal__Orai1WT-START-Fr0_cleaned,Orai1WT-START-Fr0_cleaned,269_ideal,failed,No output from any sub-box,0,0.43,,11,12,2.0,,,,,,,,223,21026,1,32,8000,10,3,NVIDIA A100-SXM4-80GB,
2026-03-24T16:13:10.218278,26C_ideal__Orai1WT-START-Fr0_cleaned,Orai1WT-START-Fr0_cleaned,26C_ideal,failed,No output from any sub-box,0,0.43,,17,18,1.0,,,,,,,,223,21026,1,32,8000,10,3,NVIDIA A100-SXM4-80GB,
2026-03-24T16:13:10.232943,270_ideal__Orai1WT-START-Fr0_cleaned,Orai1WT-START-Fr0_cleaned,270_ideal,failed,No output from any sub-box,0,0.43,,10,12,0.0,,,,,,,,223,21026,1,32,8000,10,3,NVIDIA A100-SXM4-80GB,
2026-03-24T16:13:10.247031,276_ideal__Orai1WT-START-Fr0_cleaned,Orai1WT-START-Fr0_cleaned,276_ideal,failed,No output from any sub-box,0,0.43,,32,35,3.0,,,,,,,,223,21026,1,32,8000,10,3,NVIDIA A100-SXM4-80GB,
2026-03-24T16:13:10.261552,27U_ideal__Orai1WT-START-Fr0_cleaned,Orai1WT-START-Fr0_cleaned,27U_ideal,failed,No output from any sub-box,0,0.43,,28,32,4.0,,,,,,,,223,21026,1,32,8000,10,3,NVIDIA A100-SXM4-80GB,
2026-03-24T16:13:10.275415,283_ideal__Orai1WT-START-Fr0_cleaned,Orai1WT-START-Fr0_cleaned,283_ideal,failed,No output from any sub-box,0,0.43,,20,21,3.0,,,,,,,,223,21026,1,32,8000,10,3,NVIDIA A100-SXM4-80GB,
2026-03-24T16:13:10.287855,299_ideal__Orai1WT-START-Fr0_cleaned,Orai1WT-START-Fr0_cleaned,299_ideal,failed,No output from any sub-box,0,0.43,,16,18,3.0,,,,,,,,223,21026,1,32,8000,10,3,NVIDIA A100-SXM4-80GB,
2026-03-24T16:13:10.301088,2C7_ideal__Orai1WT-START-Fr0_cleaned,Orai1WT-START-Fr0_cleaned,2C7_ideal,failed,No output from any sub-box,0,0.43,,26,28,5.0,,,,,,,,223,21026,1,32,8000,10,3,NVIDIA A100-SXM4-80GB,
2026-03-24T16:13:10.332933,2CP_ideal__Orai1WT-START-Fr0_cleaned,Orai1WT-START-Fr0_cleaned,2CP_ideal,failed,No output from any sub-box,0,0.43,,54,65,15.0,,,,,,,,223,21026,1,32,8000,10,3,NVIDIA A100-SXM4-80GB,
2026-03-24T16:13:10.346794,2ED_ideal__Orai1WT-START-Fr0_cleaned,Orai1WT-START-Fr0_cleaned,2ED_ideal,failed,No output from any sub-box,0,0.43,,24,27,9.0,,,,,,,,223,21026,1,32,8000,10,3,NVIDIA A100-SXM4-80GB,
2026-03-24T16:13:10.364691,2H3_ideal__Orai1WT-START-Fr0_cleaned,Orai1WT-START-Fr0_cleaned,2H3_ideal,failed,No output from any sub-box,0,0.43,,12,18,3.0,,,,,,,,223,21026,1,32,8000,10,3,NVIDIA A100-SXM4-80GB,
2026-03-24T16:13:10.378916,2HA_ideal__Orai1WT-START-Fr0_cleaned,Orai1WT-START-Fr0_cleaned,2HA_ideal,failed,No output from any sub-box,0,0.43,,6,8,2.0,,,,,,,,223,21026,1,32,8000,10,3,NVIDIA A100-SXM4-80GB,
2026-03-24T16:13:10.392973,2HP_ideal__Orai1WT-START-Fr0_cleaned,Orai1WT-START-Fr0_cleaned,2HP_ideal,failed,No output from any sub-box,0,0.43,,5,7,1.0,,,,,,,,223,21026,1,32,8000,10,3,NVIDIA A100-SXM4-80GB,
2026-03-24T16:13:10.417493,2I4_ideal__Orai1WT-START-Fr0_cleaned,Orai1WT-START-Fr0_cleaned,2I4_ideal,failed,No output from any sub-box,0,0.43,,42,44,4.0,,,,,,,,223,21026,1,32,8000,10,3,NVIDIA A100-SXM4-80GB,
2026-03-24T16:13:10.431701,2MC_ideal__Orai1WT-START-Fr0_cleaned,Orai1WT-START-Fr0_cleaned,2MC_ideal,failed,No output from any sub-box,0,0.43,,53,63,14.0,,,,,,,,223,21026,1,32,8000,10,3,NVIDIA A100-SXM4-80GB,
2026-03-24T16:13:10.446029,2OH_ideal__Orai1WT-START-Fr0_cleaned,Orai1WT-START-Fr0_cleaned,2OH_ideal,failed,No output from any sub-box,0,0.43,,17,19,2.0,,,,,,,,223,21026,1,32,8000,10,3,NVIDIA A100-SXM4-80GB,
2026-03-24T16:13:10.460132,2RD_ideal__Orai1WT-START-Fr0_cleaned,Orai1WT-START-Fr0_cleaned,2RD_ideal,failed,No output from any sub-box,0,0.43,,21,23,7.0,,,,,,,,223,21026,1,32,8000,10,3,NVIDIA A100-SXM4-80GB,
2026-03-24T16:13:10.471885,2S8_ideal__Orai1WT-START-Fr0_cleaned,Orai1WT-START-Fr0_cleaned,2S8_ideal,failed,No output from any sub-box,0,0.43,,27,30,6.0,,,,,,,,223,21026,1,32,8000,10,3,NVIDIA A100-SXM4-80GB,
2026-03-24T16:13:10.484763,2TA_ideal__Orai1WT-START-Fr0_cleaned,Orai1WT-START-Fr0_cleaned,2TA_ideal,failed,No output from any sub-box,0,0.43,,37,40,5.0,,,,,,,,223,21026,1,32,8000,10,3,NVIDIA A100-SXM4-80GB,
2026-03-24T16:13:10.497053,2YB_ideal__Orai1WT-START-Fr0_cleaned,Orai1WT-START-Fr0_cleaned,2YB_ideal,failed,No output from any sub-box,0,0.43,,37,38,6.0,,,,,,,,223,21026,1,32,8000,10,3,NVIDIA A100-SXM4-80GB,
2026-03-24T16:13:10.523481,30B_ideal__Orai1WT-START-Fr0_cleaned,Orai1WT-START-Fr0_cleaned,30B_ideal,failed,No output from any sub-box,0,0.43,,54,56,8.0,,,,,,,,223,21026,1,32,8000,10,3,NVIDIA A100-SXM4-80GB,
2026-03-24T16:13:10.536790,328_ideal__Orai1WT-START-Fr0_cleaned,Orai1WT-START-Fr0_cleaned,328_ideal,failed,No output from any sub-box,0,0.43,,25,26,2.0,,,,,,,,223,21026,1,32,8000,10,3,NVIDIA A100-SXM4-80GB,
2026-03-24T16:13:10.551451,32U_ideal__Orai1WT-START-Fr0_cleaned,Orai1WT-START-Fr0_cleaned,32U_ideal,failed,No output from any sub-box,0,0.43,,29,36,4.0,,,,,,,,223,21026,1,32,8000,10,3,NVIDIA A100-SXM4-80GB,
2026-03-24T16:13:10.564731,347_ideal__Orai1WT-START-Fr0_cleaned,Orai1WT-START-Fr0_cleaned,347_ideal,failed,No output from any sub-box,0,0.43,,32,35,5.0,,,,,,,,223,21026,1,32,8000,10,3,NVIDIA A100-SXM4-80GB,
2026-03-24T16:13:10.578620,34W_ideal__Orai1WT-START-Fr0_cleaned,Orai1WT-START-Fr0_cleaned,34W_ideal,failed,No output from any sub-box,0,0.43,,34,37,4.0,,,,,,,,223,21026,1,32,8000,10,3,NVIDIA A100-SXM4-80GB,
2026-03-24T16:13:10.591191,36M_ideal__Orai1WT-START-Fr0_cleaned,Orai1WT-START-Fr0_cleaned,36M_ideal,failed,No output from any sub-box,0,0.43,,13,14,2.0,,,,,,,,223,21026,1,32,8000,10,3,NVIDIA A100-SXM4-80GB,
2026-03-24T16:13:10.616953,385_ideal__Orai1WT-START-Fr0_cleaned,Orai1WT-START-Fr0_cleaned,385_ideal,failed,No output from any sub-box,0,0.43,,48,50,8.0,,,,,,,,223,21026,1,32,8000,10,3,NVIDIA A100-SXM4-80GB,
2026-03-24T16:13:10.633600,38P_ideal__Orai1WT-START-Fr0_cleaned,Orai1WT-START-Fr0_cleaned,38P_ideal,failed,No output from any sub-box,0,0.43,,30,33,3.0,,,,,,,,223,21026,1,32,8000,10,3,NVIDIA A100-SXM4-80GB,
2026-03-24T16:13:10.650009,3B9_ideal__Orai1WT-START-Fr0_cleaned,Orai1WT-START-Fr0_cleaned,3B9_ideal,failed,No output from any sub-box,0,0.43,,32,37,4.0,,,,,,,,223,21026,1,32,8000,10,3,NVIDIA A100-SXM4-80GB,
2026-03-24T16:13:10.666154,3CB_ideal__Orai1WT-START-Fr0_cleaned,Orai1WT-START-Fr0_cleaned,3CB_ideal,failed,No output from any sub-box,0,0.43,,41,51,8.0,,,,,,,,223,21026,1,32,8000,10,3,NVIDIA A100-SXM4-80GB,
2026-03-24T16:13:10.681630,3FG_ideal__Orai1WT-START-Fr0_cleaned,Orai1WT-START-Fr0_cleaned,3FG_ideal,failed,No output from any sub-box,0,0.43,,13,18,3.0,,,,,,,,223,21026,1,32,8000,10,3,NVIDIA A100-SXM4-80GB,
2026-03-24T16:13:10.724599,3G3_ideal__Orai1WT-START-Fr0_cleaned,Orai1WT-START-Fr0_cleaned,3G3_ideal,failed,No output from any sub-box,0,0.43,,18,19,1.0,,,,,,,,223,21026,1,32,8000,10,3,NVIDIA A100-SXM4-80GB,
2026-03-24T16:13:10.748843,3H4_ideal__Orai1WT-START-Fr0_cleaned,Orai1WT-START-Fr0_cleaned,3H4_ideal,failed,No output from any sub-box,0,0.43,,41,45,8.0,,,,,,,,223,21026,1,32,8000,10,3,NVIDIA A100-SXM4-80GB,
2026-03-24T16:13:10.768843,3HC_ideal__Orai1WT-START-Fr0_cleaned,Orai1WT-START-Fr0_cleaned,3HC_ideal,failed,No output from any sub-box,0,0.43,,54,65,15.0,,,,,,,,223,21026,1,32,8000,10,3,NVIDIA A100-SXM4-80GB,
2026-03-24T16:13:10.817029,3HG_ideal__Orai1WT-START-Fr0_cleaned,Orai1WT-START-Fr0_cleaned,3HG_ideal,failed,No output from any sub-box,0,0.43,,10,13,3.0,,,,,,,,223,21026,1,32,8000,10,3,NVIDIA A100-SXM4-80GB,
2026-03-24T16:13:10.838993,3IM_ideal__Orai1WT-START-Fr0_cleaned,Orai1WT-START-Fr0_cleaned,3IM_ideal,failed,No output from any sub-box,0,0.43,,16,17,1.0,,,,,,,,223,21026,1,32,8000,10,3,NVIDIA A100-SXM4-80GB,
2026-03-24T16:13:10.855483,3IN_ideal__Orai1WT-START-Fr0_cleaned,Orai1WT-START-Fr0_cleaned,3IN_ideal,failed,No output from any sub-box,0,0.43,,51,55,7.0,,,,,,,,223,21026,1,32,8000,10,3,NVIDIA A100-SXM4-80GB,
2026-03-24T16:13:10.874540,3MI_ideal__Orai1WT-START-Fr0_cleaned,Orai1WT-START-Fr0_cleaned,3MI_ideal,failed,No output from any sub-box,0,0.43,,20,21,1.0,,,,,,,,223,21026,1,32,8000,10,3,NVIDIA A100-SXM4-80GB,
2026-03-24T16:13:10.896484,3N6_ideal__Orai1WT-START-Fr0_cleaned,Orai1WT-START-Fr0_cleaned,3N6_ideal,failed,No output from any sub-box,0,0.43,,54,60,7.0,,,,,,,,223,21026,1,32,8000,10,3,NVIDIA A100-SXM4-80GB,
2026-03-24T16:13:10.928945,3PC_ideal__Orai1WT-START-Fr0_cleaned,Orai1WT-START-Fr0_cleaned,3PC_ideal,failed,No output from any sub-box,0,0.43,,30,30,10.0,,,,,,,,223,21026,1,32,8000,10,3,NVIDIA A100-SXM4-80GB,
2026-03-24T16:13:10.950257,3PO_ideal__Orai1WT-START-Fr0_cleaned,Orai1WT-START-Fr0_cleaned,3PO_ideal,failed,No output from any sub-box,0,0.43,,13,18,4.0,,,,,,,,223,21026,1,32,8000,10,3,NVIDIA A100-SXM4-80GB,
2026-03-24T16:13:10.971431,3RL_ideal__Orai1WT-START-Fr0_cleaned,Orai1WT-START-Fr0_cleaned,3RL_ideal,failed,No output from any sub-box,0,0.43,,19,20,2.0,,,,,,,,223,21026,1,32,8000,10,3,NVIDIA A100-SXM4-80GB,
2026-03-24T16:13:10.992902,3SY_ideal__Orai1WT-START-Fr0_cleaned,Orai1WT-START-Fr0_cleaned,3SY_ideal,failed,No output from any sub-box,0,0.43,,9,13,4.0,,,,,,,,223,21026,1,32,8000,10,3,NVIDIA A100-SXM4-80GB,
2026-03-24T16:13:11.035624,3ZC_ideal__Orai1WT-START-Fr0_cleaned,Orai1WT-START-Fr0_cleaned,3ZC_ideal,failed,No output from any sub-box,0,0.43,,33,36,4.0,,,,,,,,223,21026,1,32,8000,10,3,NVIDIA A100-SXM4-80GB,
2026-03-24T16:13:11.057842,416_ideal__Orai1WT-START-Fr0_cleaned,Orai1WT-START-Fr0_cleaned,416_ideal,failed,No output from any sub-box,0,0.43,,22,23,2.0,,,,,,,,223,21026,1,32,8000,10,3,NVIDIA A100-SXM4-80GB,
2026-03-24T16:13:11.081305,41A_ideal__Orai1WT-START-Fr0_cleaned,Orai1WT-START-Fr0_cleaned,41A_ideal,failed,No output from any sub-box,0,0.43,,18,18,0.0,,,,,,,,223,21026,1,32,8000,10,3,NVIDIA A100-SXM4-80GB,
2026-03-24T16:13:11.116385,442_ideal__Orai1WT-START-Fr0_cleaned,Orai1WT-START-Fr0_cleaned,442_ideal,failed,No output from any sub-box,0,0.43,,31,36,6.0,,,,,,,,223,21026,1,32,8000,10,3,NVIDIA A100-SXM4-80GB,
2026-03-24T16:13:11.140791,44B_ideal__Orai1WT-START-Fr0_cleaned,Orai1WT-START-Fr0_cleaned,44B_ideal,failed,No output from any sub-box,0,0.43,,22,24,3.0,,,,,,,,223,21026,1,32,8000,10,3,NVIDIA A100-SXM4-80GB,
2026-03-24T16:13:11.164643,46U_ideal__Orai1WT-START-Fr0_cleaned,Orai1WT-START-Fr0_cleaned,46U_ideal,failed,No output from any sub-box,0,0.43,,28,32,4.0,,,,,,,,223,21026,1,32,8000,10,3,NVIDIA A100-SXM4-80GB,
2026-03-24T16:13:11.188114,4AZ_ideal__Orai1WT-START-Fr0_cleaned,Orai1WT-START-Fr0_cleaned,4AZ_ideal,failed,No output from any sub-box,0,0.43,,11,14,2.0,,,,,,,,223,21026,1,32,8000,10,3,NVIDIA A100-SXM4-80GB,
2026-03-24T16:13:11.216689,4BB_ideal__Orai1WT-START-Fr0_cleaned,Orai1WT-START-Fr0_cleaned,4BB_ideal,failed,No output from any sub-box,0,0.43,,25,28,3.0,,,,,,,,223,21026,1,32,8000,10,3,NVIDIA A100-SXM4-80GB,
2026-03-24T16:13:11.245886,4BR_ideal__Orai1WT-START-Fr0_cleaned,Orai1WT-START-Fr0_cleaned,4BR_ideal,failed,No output from any sub-box,0,0.43,,13,14,2.0,,,,,,,,223,21026,1,32,8000,10,3,NVIDIA A100-SXM4-80GB,
2026-03-24T16:13:11.277196,4CA_ideal__Orai1WT-START-Fr0_cleaned,Orai1WT-START-Fr0_cleaned,4CA_ideal,failed,No output from any sub-box,0,0.43,,56,67,14.0,,,,,,,,223,21026,1,32,8000,10,3,NVIDIA A100-SXM4-80GB,
2026-03-24T16:13:11.300912,4CB_ideal__Orai1WT-START-Fr0_cleaned,Orai1WT-START-Fr0_cleaned,4CB_ideal,failed,No output from any sub-box,0,0.43,,12,15,2.0,,,,,,,,223,21026,1,32,8000,10,3,NVIDIA A100-SXM4-80GB,
2026-03-24T16:13:11.339113,4CC_ideal__Orai1WT-START-Fr0_cleaned,Orai1WT-START-Fr0_cleaned,4CC_ideal,failed,No output from any sub-box,0,0.43,,35,40,5.0,,,,,,,,223,21026,1,32,8000,10,3,NVIDIA A100-SXM4-80GB,
2026-03-24T16:13:11.364423,4CH_ideal__Orai1WT-START-Fr0_cleaned,Orai1WT-START-Fr0_cleaned,4CH_ideal,failed,No output from any sub-box,0,0.43,,8,9,0.0,,,,,,,,223,21026,1,32,8000,10,3,NVIDIA A100-SXM4-80GB,
2026-03-24T16:13:11.388801,4CO_ideal__Orai1WT-START-Fr0_cleaned,Orai1WT-START-Fr0_cleaned,4CO_ideal,failed,No output from any sub-box,0,0.43,,58,69,15.0,,,,,,,,223,21026,1,32,8000,10,3,NVIDIA A100-SXM4-80GB,
2026-03-24T16:13:11.416223,4EA_ideal__Orai1WT-START-Fr0_cleaned,Orai1WT-START-Fr0_cleaned,4EA_ideal,failed,No output from any sub-box,0,0.43,,28,31,4.0,,,,,,,,223,21026,1,32,8000,10,3,NVIDIA A100-SXM4-80GB,
2026-03-24T16:13:11.447223,4FA_ideal__Orai1WT-START-Fr0_cleaned,Orai1WT-START-Fr0_cleaned,4FA_ideal,failed,No output from any sub-box,0,0.43,,10,11,1.0,,,,,,,,223,21026,1,32,8000,10,3,NVIDIA A100-SXM4-80GB,
2026-03-24T16:13:11.497105,4FC_ideal__Orai1WT-START-Fr0_cleaned,Orai1WT-START-Fr0_cleaned,4FC_ideal,failed,No output from any sub-box,0,0.43,,16,17,1.0,,,,,,,,223,21026,1,32,8000,10,3,NVIDIA A100-SXM4-80GB,
2026-03-24T16:13:11.534630,4FP_ideal__Orai1WT-START-Fr0_cleaned,Orai1WT-START-Fr0_cleaned,4FP_ideal,failed,No output from any sub-box,0,0.43,,14,15,1.0,,,,,,,,223,21026,1,32,8000,10,3,NVIDIA A100-SXM4-80GB,
2026-03-24T16:13:11.560774,4HD_ideal__Orai1WT-START-Fr0_cleaned,Orai1WT-START-Fr0_cleaned,4HD_ideal,failed,No output from any sub-box,0,0.43,,25,27,8.0,,,,,,,,223,21026,1,32,8000,10,3,NVIDIA A100-SXM4-80GB,
2026-03-24T16:13:11.587892,4IF_ideal__Orai1WT-START-Fr0_cleaned,Orai1WT-START-Fr0_cleaned,4IF_ideal,failed,No output from any sub-box,0,0.43,,20,21,8.0,,,,,,,,223,21026,1,32,8000,10,3,NVIDIA A100-SXM4-80GB,
2026-03-24T16:13:11.616781,4J8_ideal__Orai1WT-START-Fr0_cleaned,Orai1WT-START-Fr0_cleaned,4J8_ideal,failed,No output from any sub-box,0,0.43,,11,13,1.0,,,,,,,,223,21026,1,32,8000,10,3,NVIDIA A100-SXM4-80GB,
2026-03-24T16:13:11.640372,4KS_ideal__Orai1WT-START-Fr0_cleaned,Orai1WT-START-Fr0_cleaned,4KS_ideal,failed,No output from any sub-box,0,0.43,,9,10,1.0,,,,,,,,223,21026,1,32,8000,10,3,NVIDIA A100-SXM4-80GB,
2026-03-24T16:13:11.666040,4MB_ideal__Orai1WT-START-Fr0_cleaned,Orai1WT-START-Fr0_cleaned,4MB_ideal,failed,No output from any sub-box,0,0.43,,14,16,2.0,,,,,,,,223,21026,1,32,8000,10,3,NVIDIA A100-SXM4-80GB,
2026-03-24T16:13:11.689807,4ND_ideal__Orai1WT-START-Fr0_cleaned,Orai1WT-START-Fr0_cleaned,4ND_ideal,failed,No output from any sub-box,0,0.43,,20,25,1.0,,,,,,,,223,21026,1,32,8000,10,3,NVIDIA A100-SXM4-80GB,
2026-03-24T16:13:11.718033,4NL_ideal__Orai1WT-START-Fr0_cleaned,Orai1WT-START-Fr0_cleaned,4NL_ideal,failed,No output from any sub-box,0,0.43,,8,11,1.0,,,,,,,,223,21026,1,32,8000,10,3,NVIDIA A100-SXM4-80GB,
2026-03-24T16:13:11.743440,4NP_ideal__Orai1WT-START-Fr0_cleaned,Orai1WT-START-Fr0_cleaned,4NP_ideal,failed,No output from any sub-box,0,0.43,,14,16,2.0,,,,,,,,223,21026,1,32,8000,10,3,NVIDIA A100-SXM4-80GB,
2026-03-24T16:13:11.766275,4PG_ideal__Orai1WT-START-Fr0_cleaned,Orai1WT-START-Fr0_cleaned,4PG_ideal,failed,No output from any sub-box,0,0.43,,19,23,2.0,,,,,,,,223,21026,1,32,8000,10,3,NVIDIA A100-SXM4-80GB,
2026-03-24T16:13:11.788163,4PI_ideal__Orai1WT-START-Fr0_cleaned,Orai1WT-START-Fr0_cleaned,4PI_ideal,failed,No output from any sub-box,0,0.43,,22,22,1.0,,,,,,,,223,21026,1,32,8000,10,3,NVIDIA A100-SXM4-80GB,
2026-03-24T16:13:11.816873,4PN_ideal__Orai1WT-START-Fr0_cleaned,Orai1WT-START-Fr0_cleaned,4PN_ideal,failed,No output from any sub-box,0,0.43,,12,13,0.0,,,,,,,,223,21026,1,32,8000,10,3,NVIDIA A100-SXM4-80GB,
2026-03-24T16:13:11.840234,4SO_ideal__Orai1WT-START-Fr0_cleaned,Orai1WT-START-Fr0_cleaned,4SO_ideal,failed,No output from any sub-box,0,0.43,,13,16,2.0,,,,,,,,223,21026,1,32,8000,10,3,NVIDIA A100-SXM4-80GB,
2026-03-24T16:13:11.864833,4UH_ideal__Orai1WT-START-Fr0_cleaned,Orai1WT-START-Fr0_cleaned,4UH_ideal,failed,No output from any sub-box,0,0.43,,65,78,7.0,,,,,,,,223,21026,1,32,8000,10,3,NVIDIA A100-SXM4-80GB,
2026-03-24T16:13:11.898763,505_ideal__Orai1WT-START-Fr0_cleaned,Orai1WT-START-Fr0_cleaned,505_ideal,failed,No output from any sub-box,0,0.43,,13,15,2.0,,,,,,,,223,21026,1,32,8000,10,3,NVIDIA A100-SXM4-80GB,
2026-03-24T16:13:11.933559,50U_ideal__Orai1WT-START-Fr0_cleaned,Orai1WT-START-Fr0_cleaned,50U_ideal,failed,No output from any sub-box,0,0.43,,28,32,4.0,,,,,,,,223,21026,1,32,8000,10,3,NVIDIA A100-SXM4-80GB,
2026-03-24T16:13:11.956380,521_ideal__Orai1WT-START-Fr0_cleaned,Orai1WT-START-Fr0_cleaned,521_ideal,failed,No output from any sub-box,0,0.43,,20,21,1.0,,,,,,,,223,21026,1,32,8000,10,3,NVIDIA A100-SXM4-80GB,
2026-03-24T16:13:11.979816,54J_ideal__Orai1WT-START-Fr0_cleaned,Orai1WT-START-Fr0_cleaned,54J_ideal,failed,No output from any sub-box,0,0.43,,40,41,4.0,,,,,,,,223,21026,1,32,8000,10,3,NVIDIA A100-SXM4-80GB,
2026-03-24T16:13:12.017301,566_ideal__Orai1WT-START-Fr0_cleaned,Orai1WT-START-Fr0_cleaned,566_ideal,failed,No output from any sub-box,0,0.43,,21,22,1.0,,,,,,,,223,21026,1,32,8000,10,3,NVIDIA A100-SXM4-80GB,
2026-03-24T16:13:12.042101,570_ideal__Orai1WT-START-Fr0_cleaned,Orai1WT-START-Fr0_cleaned,570_ideal,failed,No output from any sub-box,0,0.43,,41,43,6.0,,,,,,,,223,21026,1,32,8000,10,3,NVIDIA A100-SXM4-80GB,
2026-03-24T16:13:12.070396,572_ideal__Orai1WT-START-Fr0_cleaned,Orai1WT-START-Fr0_cleaned,572_ideal,failed,No output from any sub-box,0,0.43,,20,21,2.0,,,,,,,,223,21026,1,32,8000,10,3,NVIDIA A100-SXM4-80GB,
2026-03-24T16:13:12.094465,587_ideal__Orai1WT-START-Fr0_cleaned,Orai1WT-START-Fr0_cleaned,587_ideal,failed,No output from any sub-box,0,0.43,,69,72,13.0,,,,,,,,223,21026,1,32,8000,10,3,NVIDIA A100-SXM4-80GB,
2026-03-24T16:13:12.118113,59U_ideal__Orai1WT-START-Fr0_cleaned,Orai1WT-START-Fr0_cleaned,59U_ideal,failed,No output from any sub-box,0,0.43,,37,38,3.0,,,,,,,,223,21026,1,32,8000,10,3,NVIDIA A100-SXM4-80GB,
2026-03-24T16:13:12.141803,5AN_ideal__Orai1WT-START-Fr0_cleaned,Orai1WT-START-Fr0_cleaned,5AN_ideal,failed,No output from any sub-box,0,0.43,,9,11,0.0,,,,,,,,223,21026,1,32,8000,10,3,NVIDIA A100-SXM4-80GB,
2026-03-24T16:13:12.164556,5B3_ideal__Orai1WT-START-Fr0_cleaned,Orai1WT-START-Fr0_cleaned,5B3_ideal,failed,No output from any sub-box,0,0.43,,24,28,2.0,,,,,,,,223,21026,1,32,8000,10,3,NVIDIA A100-SXM4-80GB,
2026-03-24T16:13:12.218174,5CB_ideal__Orai1WT-START-Fr0_cleaned,Orai1WT-START-Fr0_cleaned,5CB_ideal,failed,No output from any sub-box,0,0.43,,32,35,4.0,,,,,,,,223,21026,1,32,8000,10,3,NVIDIA A100-SXM4-80GB,
2026-03-24T16:13:12.243248,5D5_ideal__Orai1WT-START-Fr0_cleaned,Orai1WT-START-Fr0_cleaned,5D5_ideal,failed,No output from any sub-box,0,0.43,,34,38,5.0,,,,,,,,223,21026,1,32,8000,10,3,NVIDIA A100-SXM4-80GB,
2026-03-24T16:13:12.266289,5FA_ideal__Orai1WT-START-Fr0_cleaned,Orai1WT-START-Fr0_cleaned,5FA_ideal,failed,No output from any sub-box,0,0.43,,39,49,10.0,,,,,,,,223,21026,1,32,8000,10,3,NVIDIA A100-SXM4-80GB,
2026-03-24T16:13:12.291054,5MV_ideal__Orai1WT-START-Fr0_cleaned,Orai1WT-START-Fr0_cleaned,5MV_ideal,failed,No output from any sub-box,0,0.43,,41,43,5.0,,,,,,,,223,21026,1,32,8000,10,3,NVIDIA A100-SXM4-80GB,
2026-03-24T16:13:12.319039,5PI_ideal__Orai1WT-START-Fr0_cleaned,Orai1WT-START-Fr0_cleaned,5PI_ideal,failed,No output from any sub-box,0,0.43,,43,52,8.0,,,,,,,,223,21026,1,32,8000,10,3,NVIDIA A100-SXM4-80GB,
2026-03-24T16:13:12.344467,5X6_ideal__Orai1WT-START-Fr0_cleaned,Orai1WT-START-Fr0_cleaned,5X6_ideal,failed,No output from any sub-box,0,0.43,,42,44,6.0,,,,,,,,223,21026,1,32,8000,10,3,NVIDIA A100-SXM4-80GB,
2026-03-24T16:13:12.368018,5YM_ideal__Orai1WT-START-Fr0_cleaned,Orai1WT-START-Fr0_cleaned,5YM_ideal,failed,No output from any sub-box,0,0.43,,23,25,9.0,,,,,,,,223,21026,1,32,8000,10,3,NVIDIA A100-SXM4-80GB,
2026-03-24T16:13:12.390670,626_ideal__Orai1WT-START-Fr0_cleaned,Orai1WT-START-Fr0_cleaned,626_ideal,failed,No output from any sub-box,0,0.43,,32,34,3.0,,,,,,,,223,21026,1,32,8000,10,3,NVIDIA A100-SXM4-80GB,
2026-03-24T16:13:12.415762,63J_ideal__Orai1WT-START-Fr0_cleaned,Orai1WT-START-Fr0_cleaned,63J_ideal,failed,No output from any sub-box,0,0.43,,40,42,6.0,,,,,,,,223,21026,1,32,8000,10,3,NVIDIA A100-SXM4-80GB,
2026-03-24T16:13:12.439335,63K_ideal__Orai1WT-START-Fr0_cleaned,Orai1WT-START-Fr0_cleaned,63K_ideal,failed,No output from any sub-box,0,0.43,,38,40,3.0,,,,,,,,223,21026,1,32,8000,10,3,NVIDIA A100-SXM4-80GB,
2026-03-24T16:13:12.463870,641_ideal__Orai1WT-START-Fr0_cleaned,Orai1WT-START-Fr0_cleaned,641_ideal,failed,No output from any sub-box,0,0.43,,23,24,1.0,,,,,,,,223,21026,1,32,8000,10,3,NVIDIA A100-SXM4-80GB,
2026-03-24T16:13:12.486205,65C_ideal__Orai1WT-START-Fr0_cleaned,Orai1WT-START-Fr0_cleaned,65C_ideal,failed,No output from any sub-box,0,0.43,,32,35,3.0,,,,,,,,223,21026,1,32,8000,10,3,NVIDIA A100-SXM4-80GB,
2026-03-24T16:13:12.516874,66T_ideal__Orai1WT-START-Fr0_cleaned,Orai1WT-START-Fr0_cleaned,66T_ideal,failed,No output from any sub-box,0,0.43,,34,37,4.0,,,,,,,,223,21026,1,32,8000,10,3,NVIDIA A100-SXM4-80GB,
2026-03-24T16:13:12.541123,6BD_ideal__Orai1WT-START-Fr0_cleaned,Orai1WT-START-Fr0_cleaned,6BD_ideal,failed,No output from any sub-box,0,0.43,,21,22,2.0,,,,,,,,223,21026,1,32,8000,10,3,NVIDIA A100-SXM4-80GB,
2026-03-24T16:13:12.566433,6E2_ideal__Orai1WT-START-Fr0_cleaned,Orai1WT-START-Fr0_cleaned,6E2_ideal,failed,No output from any sub-box,0,0.43,,35,38,4.0,,,,,,,,223,21026,1,32,8000,10,3,NVIDIA A100-SXM4-80GB,
2026-03-24T16:13:12.590468,6EJ_ideal__Orai1WT-START-Fr0_cleaned,Orai1WT-START-Fr0_cleaned,6EJ_ideal,failed,No output from any sub-box,0,0.43,,33,34,2.0,,,,,,,,223,21026,1,32,8000,10,3,NVIDIA A100-SXM4-80GB,
2026-03-24T16:13:12.616675,6F6_ideal__Orai1WT-START-Fr0_cleaned,Orai1WT-START-Fr0_cleaned,6F6_ideal,failed,No output from any sub-box,0,0.43,,54,55,22.0,,,,,,,,223,21026,1,32,8000,10,3,NVIDIA A100-SXM4-80GB,
2026-03-24T16:13:12.640310,6FA_ideal__Orai1WT-START-Fr0_cleaned,Orai1WT-START-Fr0_cleaned,6FA_ideal,failed,No output from any sub-box,0,0.43,,54,65,11.0,,,,,,,,223,21026,1,32,8000,10,3,NVIDIA A100-SXM4-80GB,
2026-03-24T16:13:12.664732,6GY_ideal__Orai1WT-START-Fr0_cleaned,Orai1WT-START-Fr0_cleaned,6GY_ideal,failed,No output from any sub-box,0,0.43,,40,42,4.0,,,,,,,,223,21026,1,32,8000,10,3,NVIDIA A100-SXM4-80GB,
2026-03-24T16:13:12.688582,6K9_ideal__Orai1WT-START-Fr0_cleaned,Orai1WT-START-Fr0_cleaned,6K9_ideal,failed,No output from any sub-box,0,0.43,,54,57,8.0,,,,,,,,223,21026,1,32,8000,10,3,NVIDIA A100-SXM4-80GB,
2026-03-24T16:13:12.716438,6LH_ideal__Orai1WT-START-Fr0_cleaned,Orai1WT-START-Fr0_cleaned,6LH_ideal,failed,No output from any sub-box,0,0.43,,12,16,2.0,,,,,,,,223,21026,1,32,8000,10,3,NVIDIA A100-SXM4-80GB,
2026-03-24T16:13:12.740641,6LR_ideal__Orai1WT-START-Fr0_cleaned,Orai1WT-START-Fr0_cleaned,6LR_ideal,failed,No output from any sub-box,0,0.43,,6,7,,,,,,,,,223,21026,1,32,8000,10,3,NVIDIA A100-SXM4-80GB,
2026-03-24T16:13:12.764331,6SA_ideal__Orai1WT-START-Fr0_cleaned,Orai1WT-START-Fr0_cleaned,6SA_ideal,failed,No output from any sub-box,0,0.43,,66,86,17.0,,,,,,,,223,21026,1,32,8000,10,3,NVIDIA A100-SXM4-80GB,
2026-03-24T16:13:12.786143,6WT_ideal__Orai1WT-START-Fr0_cleaned,Orai1WT-START-Fr0_cleaned,6WT_ideal,failed,No output from any sub-box,0,0.43,,19,19,1.0,,,,,,,,223,21026,1,32,8000,10,3,NVIDIA A100-SXM4-80GB,
2026-03-24T16:13:12.817906,6ZV_ideal__Orai1WT-START-Fr0_cleaned,Orai1WT-START-Fr0_cleaned,6ZV_ideal,failed,No output from any sub-box,0,0.43,,37,38,3.0,,,,,,,,223,21026,1,32,8000,10,3,NVIDIA A100-SXM4-80GB,
2026-03-24T16:13:12.840946,710_ideal__Orai1WT-START-Fr0_cleaned,Orai1WT-START-Fr0_cleaned,710_ideal,failed,No output from any sub-box,0,0.43,,32,36,3.0,,,,,,,,223,21026,1,32,8000,10,3,NVIDIA A100-SXM4-80GB,
2026-03-24T16:13:12.865635,711_ideal__Orai1WT-START-Fr0_cleaned,Orai1WT-START-Fr0_cleaned,711_ideal,failed,No output from any sub-box,0,0.43,,34,39,2.0,,,,,,,,223,21026,1,32,8000,10,3,NVIDIA A100-SXM4-80GB,
2026-03-24T16:13:13.067094,740_ideal__Orai1WT-START-Fr0_cleaned,Orai1WT-START-Fr0_cleaned,740_ideal,failed,No output from any sub-box,0,0.43,,32,34,2.0,,,,,,,,223,21026,1,32,8000,10,3,NVIDIA A100-SXM4-80GB,
2026-03-24T16:13:13.119077,742_ideal__Orai1WT-START-Fr0_cleaned,Orai1WT-START-Fr0_cleaned,742_ideal,failed,No output from any sub-box,0,0.43,,25,29,9.0,,,,,,,,223,21026,1,32,8000,10,3,NVIDIA A100-SXM4-80GB,
2026-03-24T16:13:13.150421,74T_ideal__Orai1WT-START-Fr0_cleaned,Orai1WT-START-Fr0_cleaned,74T_ideal,failed,No output from any sub-box,0,0.43,,52,55,8.0,,,,,,,,223,21026,1,32,8000,10,3,NVIDIA A100-SXM4-80GB,
2026-03-24T16:13:13.179690,787_ideal__Orai1WT-START-Fr0_cleaned,Orai1WT-START-Fr0_cleaned,787_ideal,failed,No output from any sub-box,0,0.43,,15,19,3.0,,,,,,,,223,21026,1,32,8000,10,3,NVIDIA A100-SXM4-80GB,
2026-03-24T16:13:13.216055,791_ideal__Orai1WT-START-Fr0_cleaned,Orai1WT-START-Fr0_cleaned,791_ideal,failed,No output from any sub-box,0,0.43,,13,15,2.0,,,,,,,,223,21026,1,32,8000,10,3,NVIDIA A100-SXM4-80GB,
2026-03-24T16:13:13.239858,7AK_ideal__Orai1WT-START-Fr0_cleaned,Orai1WT-START-Fr0_cleaned,7AK_ideal,failed,No output from any sub-box,0,0.43,,42,48,10.0,,,,,,,,223,21026,1,32,8000,10,3,NVIDIA A100-SXM4-80GB,
2026-03-24T16:13:13.263048,7BD_ideal__Orai1WT-START-Fr0_cleaned,Orai1WT-START-Fr0_cleaned,7BD_ideal,failed,No output from any sub-box,0,0.43,,20,21,2.0,,,,,,,,223,21026,1,32,8000,10,3,NVIDIA A100-SXM4-80GB,
2026-03-24T16:13:13.285229,7I4_ideal__Orai1WT-START-Fr0_cleaned,Orai1WT-START-Fr0_cleaned,7I4_ideal,failed,No output from any sub-box,0,0.43,,30,31,4.0,,,,,,,,223,21026,1,32,8000,10,3,NVIDIA A100-SXM4-80GB,
2026-03-24T16:13:13.317442,7IX_ideal__Orai1WT-START-Fr0_cleaned,Orai1WT-START-Fr0_cleaned,7IX_ideal,failed,No output from any sub-box,0,0.43,,40,42,5.0,,,,,,,,223,21026,1,32,8000,10,3,NVIDIA A100-SXM4-80GB,
2026-03-24T16:13:13.341576,7N8_ideal__Orai1WT-START-Fr0_cleaned,Orai1WT-START-Fr0_cleaned,7N8_ideal,failed,No output from any sub-box,0,0.43,,15,20,4.0,,,,,,,,223,21026,1,32,8000,10,3,NVIDIA A100-SXM4-80GB,
2026-03-24T16:13:13.368979,7RU_ideal__Orai1WT-START-Fr0_cleaned,Orai1WT-START-Fr0_cleaned,7RU_ideal,failed,No output from any sub-box,0,0.43,,28,29,2.0,,,,,,,,223,21026,1,32,8000,10,3,NVIDIA A100-SXM4-80GB,
2026-03-24T16:13:13.391062,7T1_ideal__Orai1WT-START-Fr0_cleaned,Orai1WT-START-Fr0_cleaned,7T1_ideal,failed,No output from any sub-box,0,0.43,,30,31,4.0,,,,,,,,223,21026,1,32,8000,10,3,NVIDIA A100-SXM4-80GB,
2026-03-24T16:13:13.416917,7TB_ideal__Orai1WT-START-Fr0_cleaned,Orai1WT-START-Fr0_cleaned,7TB_ideal,failed,No output from any sub-box,0,0.43,,35,36,8.0,,,,,,,,223,21026,1,32,8000,10,3,NVIDIA A100-SXM4-80GB,
2026-03-24T16:13:13.440677,7TI_ideal__Orai1WT-START-Fr0_cleaned,Orai1WT-START-Fr0_cleaned,7TI_ideal,failed,No output from any sub-box,0,0.43,,20,26,3.0,,,,,,,,223,21026,1,32,8000,10,3,NVIDIA A100-SXM4-80GB,
2026-03-24T16:13:13.461996,7X1_ideal__Orai1WT-START-Fr0_cleaned,Orai1WT-START-Fr0_cleaned,7X1_ideal,failed,No output from any sub-box,0,0.43,,33,34,4.0,,,,,,,,223,21026,1,32,8000,10,3,NVIDIA A100-SXM4-80GB,
2026-03-24T16:13:13.484781,7Y5_ideal__Orai1WT-START-Fr0_cleaned,Orai1WT-START-Fr0_cleaned,7Y5_ideal,failed,No output from any sub-box,0,0.43,,43,46,7.0,,,,,,,,223,21026,1,32,8000,10,3,NVIDIA A100-SXM4-80GB,
2026-03-24T16:13:13.518255,80G_ideal__Orai1WT-START-Fr0_cleaned,Orai1WT-START-Fr0_cleaned,80G_ideal,failed,No output from any sub-box,0,0.43,,13,15,1.0,,,,,,,,223,21026,1,32,8000,10,3,NVIDIA A100-SXM4-80GB,
2026-03-24T16:13:13.542885,80I_ideal__Orai1WT-START-Fr0_cleaned,Orai1WT-START-Fr0_cleaned,80I_ideal,failed,No output from any sub-box,0,0.43,,38,44,7.0,,,,,,,,223,21026,1,32,8000,10,3,NVIDIA A100-SXM4-80GB,
2026-03-24T16:13:13.565402,88Z_ideal__Orai1WT-START-Fr0_cleaned,Orai1WT-START-Fr0_cleaned,88Z_ideal,failed,No output from any sub-box,0,0.43,,46,48,6.0,,,,,,,,223,21026,1,32,8000,10,3,NVIDIA A100-SXM4-80GB,
2026-03-24T16:13:13.589473,8DZ_ideal__Orai1WT-START-Fr0_cleaned,Orai1WT-START-Fr0_cleaned,8DZ_ideal,failed,No output from any sub-box,0,0.43,,45,45,12.0,,,,,,,,223,21026,1,32,8000,10,3,NVIDIA A100-SXM4-80GB,
2026-03-24T16:13:13.616723,8I2_ideal__Orai1WT-START-Fr0_cleaned,Orai1WT-START-Fr0_cleaned,8I2_ideal,failed,No output from any sub-box,0,0.43,,82,82,18.0,,,,,,,,223,21026,1,32,8000,10,3,NVIDIA A100-SXM4-80GB,
2026-03-24T16:13:13.701997,8JC_ideal__Orai1WT-START-Fr0_cleaned,Orai1WT-START-Fr0_cleaned,8JC_ideal,failed,No output from any sub-box,0,0.43,,40,43,4.0,,,,,,,,223,21026,1,32,8000,10,3,NVIDIA A100-SXM4-80GB,
2026-03-24T16:13:13.738460,8PP_ideal__Orai1WT-START-Fr0_cleaned,Orai1WT-START-Fr0_cleaned,8PP_ideal,failed,No output from any sub-box,0,0.43,,47,48,12.0,,,,,,,,223,21026,1,32,8000,10,3,NVIDIA A100-SXM4-80GB,
2026-03-24T16:13:13.760878,8QW_ideal__Orai1WT-START-Fr0_cleaned,Orai1WT-START-Fr0_cleaned,8QW_ideal,failed,No output from any sub-box,0,0.43,,40,42,4.0,,,,,,,,223,21026,1,32,8000,10,3,NVIDIA A100-SXM4-80GB,
2026-03-24T16:13:13.785083,8RC_ideal__Orai1WT-START-Fr0_cleaned,Orai1WT-START-Fr0_cleaned,8RC_ideal,failed,No output from any sub-box,0,0.43,,41,44,5.0,,,,,,,,223,21026,1,32,8000,10,3,NVIDIA A100-SXM4-80GB,
2026-03-24T16:13:13.817014,8VP_ideal__Orai1WT-START-Fr0_cleaned,Orai1WT-START-Fr0_cleaned,8VP_ideal,failed,No output from any sub-box,0,0.43,,32,32,3.0,,,,,,,,223,21026,1,32,8000,10,3,NVIDIA A100-SXM4-80GB,
2026-03-24T16:13:13.841528,8X7_ideal__Orai1WT-START-Fr0_cleaned,Orai1WT-START-Fr0_cleaned,8X7_ideal,failed,No output from any sub-box,0,0.43,,37,39,4.0,,,,,,,,223,21026,1,32,8000,10,3,NVIDIA A100-SXM4-80GB,
2026-03-24T16:13:13.864217,8XJ_ideal__Orai1WT-START-Fr0_cleaned,Orai1WT-START-Fr0_cleaned,8XJ_ideal,failed,No output from any sub-box,0,0.43,,40,42,3.0,,,,,,,,223,21026,1,32,8000,10,3,NVIDIA A100-SXM4-80GB,
2026-03-24T16:13:13.888767,911_ideal__Orai1WT-START-Fr0_cleaned,Orai1WT-START-Fr0_cleaned,911_ideal,failed,No output from any sub-box,0,0.43,,11,16,3.0,,,,,,,,223,21026,1,32,8000,10,3,NVIDIA A100-SXM4-80GB,
2026-03-24T16:13:13.915983,919_ideal__Orai1WT-START-Fr0_cleaned,Orai1WT-START-Fr0_cleaned,919_ideal,failed,No output from any sub-box,0,0.43,,41,44,3.0,,,,,,,,223,21026,1,32,8000,10,3,NVIDIA A100-SXM4-80GB,
2026-03-24T16:13:13.939300,92G_ideal__Orai1WT-START-Fr0_cleaned,Orai1WT-START-Fr0_cleaned,92G_ideal,failed,No output from any sub-box,0,0.43,,13,16,1.0,,,,,,,,223,21026,1,32,8000,10,3,NVIDIA A100-SXM4-80GB,
2026-03-24T16:13:13.962026,949_ideal__Orai1WT-START-Fr0_cleaned,Orai1WT-START-Fr0_cleaned,949_ideal,failed,No output from any sub-box,0,0.43,,25,27,2.0,,,,,,,,223,21026,1,32,8000,10,3,NVIDIA A100-SXM4-80GB,
2026-03-24T16:13:13.983693,964_ideal__Orai1WT-START-Fr0_cleaned,Orai1WT-START-Fr0_cleaned,964_ideal,failed,No output from any sub-box,0,0.43,,31,35,6.0,,,,,,,,223,21026,1,32,8000,10,3,NVIDIA A100-SXM4-80GB,
2026-03-24T16:13:14.018081,96Q_ideal__Orai1WT-START-Fr0_cleaned,Orai1WT-START-Fr0_cleaned,96Q_ideal,failed,No output from any sub-box,0,0.43,,45,48,4.0,,,,,,,,223,21026,1,32,8000,10,3,NVIDIA A100-SXM4-80GB,
2026-03-24T16:13:14.041103,98I_ideal__Orai1WT-START-Fr0_cleaned,Orai1WT-START-Fr0_cleaned,98I_ideal,failed,No output from any sub-box,0,0.43,,64,68,7.0,,,,,,,,223,21026,1,32,8000,10,3,NVIDIA A100-SXM4-80GB,
2026-03-24T16:13:14.064129,9AJ_ideal__Orai1WT-START-Fr0_cleaned,Orai1WT-START-Fr0_cleaned,9AJ_ideal,failed,No output from any sub-box,0,0.43,,49,51,4.0,,,,,,,,223,21026,1,32,8000,10,3,NVIDIA A100-SXM4-80GB,
2026-03-24T16:13:14.086707,9B0_ideal__Orai1WT-START-Fr0_cleaned,Orai1WT-START-Fr0_cleaned,9B0_ideal,failed,No output from any sub-box,0,0.43,,55,59,15.0,,,,,,,,223,21026,1,32,8000,10,3,NVIDIA A100-SXM4-80GB,
2026-03-24T16:13:14.116984,9CA_ideal__Orai1WT-START-Fr0_cleaned,Orai1WT-START-Fr0_cleaned,9CA_ideal,failed,No output from any sub-box,0,0.43,,13,14,,,,,,,,,223,21026,1,32,8000,10,3,NVIDIA A100-SXM4-80GB,
2026-03-24T16:13:14.141155,9HO_ideal__Orai1WT-START-Fr0_cleaned,Orai1WT-START-Fr0_cleaned,9HO_ideal,failed,No output from any sub-box,0,0.43,,21,23,8.0,,,,,,,,223,21026,1,32,8000,10,3,NVIDIA A100-SXM4-80GB,
2026-03-24T16:13:14.164201,9IN_ideal__Orai1WT-START-Fr0_cleaned,Orai1WT-START-Fr0_cleaned,9IN_ideal,failed,No output from any sub-box,0,0.43,,45,50,9.0,,,,,,,,223,21026,1,32,8000,10,3,NVIDIA A100-SXM4-80GB,
2026-03-24T16:13:14.185348,9N6_ideal__Orai1WT-START-Fr0_cleaned,Orai1WT-START-Fr0_cleaned,9N6_ideal,failed,No output from any sub-box,0,0.43,,43,43,8.0,,,,,,,,223,21026,1,32,8000,10,3,NVIDIA A100-SXM4-80GB,
2026-03-24T16:13:14.217193,9SC_ideal__Orai1WT-START-Fr0_cleaned,Orai1WT-START-Fr0_cleaned,9SC_ideal,failed,No output from any sub-box,0,0.43,,30,31,3.0,,,,,,,,223,21026,1,32,8000,10,3,NVIDIA A100-SXM4-80GB,
2026-03-24T16:13:14.240980,9TP_ideal__Orai1WT-START-Fr0_cleaned,Orai1WT-START-Fr0_cleaned,9TP_ideal,failed,No output from any sub-box,0,0.43,,46,49,4.0,,,,,,,,223,21026,1,32,8000,10,3,NVIDIA A100-SXM4-80GB,
2026-03-24T16:13:14.265133,9Y6_ideal__Orai1WT-START-Fr0_cleaned,Orai1WT-START-Fr0_cleaned,9Y6_ideal,failed,No output from any sub-box,0,0.43,,10,10,1.0,,,,,,,,223,21026,1,32,8000,10,3,NVIDIA A100-SXM4-80GB,
2026-03-24T16:13:14.288833,A00_ideal__Orai1WT-START-Fr0_cleaned,Orai1WT-START-Fr0_cleaned,A00_ideal,failed,No output from any sub-box,0,0.43,,44,49,9.0,,,,,,,,223,21026,1,32,8000,10,3,NVIDIA A100-SXM4-80GB,
2026-03-24T16:13:14.319568,A1AAC_ideal__Orai1WT-START-Fr0_cleaned,Orai1WT-START-Fr0_cleaned,A1AAC_ideal,failed,No output from any sub-box,0,0.43,,36,38,2.0,,,,,,,,223,21026,1,32,8000,10,3,NVIDIA A100-SXM4-80GB,
2026-03-24T16:13:14.341748,A1AF4_ideal__Orai1WT-START-Fr0_cleaned,Orai1WT-START-Fr0_cleaned,A1AF4_ideal,failed,No output from any sub-box,0,0.43,,39,41,3.0,,,,,,,,223,21026,1,32,8000,10,3,NVIDIA A100-SXM4-80GB,
2026-03-24T16:13:14.371965,A1AIA_ideal__Orai1WT-START-Fr0_cleaned,Orai1WT-START-Fr0_cleaned,A1AIA_ideal,failed,No output from any sub-box,0,0.43,,16,18,1.0,,,,,,,,223,21026,1,32,8000,10,3,NVIDIA A100-SXM4-80GB,
2026-03-24T16:13:14.395890,A1AIK_ideal__Orai1WT-START-Fr0_cleaned,Orai1WT-START-Fr0_cleaned,A1AIK_ideal,failed,No output from any sub-box,0,0.43,,22,23,1.0,,,,,,,,223,21026,1,32,8000,10,3,NVIDIA A100-SXM4-80GB,
2026-03-24T16:13:14.434151,A1APA_ideal__Orai1WT-START-Fr0_cleaned,Orai1WT-START-Fr0_cleaned,A1APA_ideal,failed,No output from any sub-box,0,0.43,,54,57,10.0,,,,,,,,223,21026,1,32,8000,10,3,NVIDIA A100-SXM4-80GB,
2026-03-24T16:13:14.457320,A1AT0_ideal__Orai1WT-START-Fr0_cleaned,Orai1WT-START-Fr0_cleaned,A1AT0_ideal,failed,No output from any sub-box,0,0.43,,19,19,1.0,,,,,,,,223,21026,1,32,8000,10,3,NVIDIA A100-SXM4-80GB,
2026-03-24T16:13:14.481522,A1AZ7_ideal__Orai1WT-START-Fr0_cleaned,Orai1WT-START-Fr0_cleaned,A1AZ7_ideal,failed,No output from any sub-box,0,0.43,,65,78,7.0,,,,,,,,223,21026,1,32,8000,10,3,NVIDIA A100-SXM4-80GB,
2026-03-24T16:13:14.522330,A1BLM_ideal__Orai1WT-START-Fr0_cleaned,Orai1WT-START-Fr0_cleaned,A1BLM_ideal,failed,No output from any sub-box,0,0.43,,33,36,4.0,,,,,,,,223,21026,1,32,8000,10,3,NVIDIA A100-SXM4-80GB,
2026-03-24T16:13:14.548541,A1BPC_ideal__Orai1WT-START-Fr0_cleaned,Orai1WT-START-Fr0_cleaned,A1BPC_ideal,failed,No output from any sub-box,0,0.43,,34,36,3.0,,,,,,,,223,21026,1,32,8000,10,3,NVIDIA A100-SXM4-80GB,
2026-03-24T16:13:14.573169,A1C3G_ideal__Orai1WT-START-Fr0_cleaned,Orai1WT-START-Fr0_cleaned,A1C3G_ideal,failed,No output from any sub-box,0,0.43,,62,73,12.0,,,,,,,,223,21026,1,32,8000,10,3,NVIDIA A100-SXM4-80GB,
2026-03-24T16:13:14.597961,A1CB7_ideal__Orai1WT-START-Fr0_cleaned,Orai1WT-START-Fr0_cleaned,A1CB7_ideal,failed,No output from any sub-box,0,0.43,,107,127,34.0,,,,,,,,223,21026,1,32,8000,10,3,NVIDIA A100-SXM4-80GB,
2026-03-24T16:13:14.716191,A1CEA_ideal__Orai1WT-START-Fr0_cleaned,Orai1WT-START-Fr0_cleaned,A1CEA_ideal,failed,No output from any sub-box,0,0.43,,34,36,4.0,,,,,,,,223,21026,1,32,8000,10,3,NVIDIA A100-SXM4-80GB,
2026-03-24T16:13:14.739781,A1CR0_ideal__Orai1WT-START-Fr0_cleaned,Orai1WT-START-Fr0_cleaned,A1CR0_ideal,failed,No output from any sub-box,0,0.43,,21,23,2.0,,,,,,,,223,21026,1,32,8000,10,3,NVIDIA A100-SXM4-80GB,
2026-03-24T16:13:14.763630,A1D8M_ideal__Orai1WT-START-Fr0_cleaned,Orai1WT-START-Fr0_cleaned,A1D8M_ideal,failed,No output from any sub-box,0,0.43,,34,36,5.0,,,,,,,,223,21026,1,32,8000,10,3,NVIDIA A100-SXM4-80GB,
2026-03-24T16:13:14.789089,A1D8Y_ideal__Orai1WT-START-Fr0_cleaned,Orai1WT-START-Fr0_cleaned,A1D8Y_ideal,failed,No output from any sub-box,0,0.43,,32,32,3.0,,,,,,,,223,21026,1,32,8000,10,3,NVIDIA A100-SXM4-80GB,
2026-03-24T16:13:14.816743,A1EEY_ideal__Orai1WT-START-Fr0_cleaned,Orai1WT-START-Fr0_cleaned,A1EEY_ideal,failed,No output from any sub-box,0,0.43,,17,19,2.0,,,,,,,,223,21026,1,32,8000,10,3,NVIDIA A100-SXM4-80GB,
2026-03-24T16:13:14.840203,A1E_ideal__Orai1WT-START-Fr0_cleaned,Orai1WT-START-Fr0_cleaned,A1E_ideal,failed,No output from any sub-box,0,0.43,,37,40,6.0,,,,,,,,223,21026,1,32,8000,10,3,NVIDIA A100-SXM4-80GB,
2026-03-24T16:13:14.864508,A1H3T_ideal__Orai1WT-START-Fr0_cleaned,Orai1WT-START-Fr0_cleaned,A1H3T_ideal,failed,No output from any sub-box,0,0.43,,36,37,4.0,,,,,,,,223,21026,1,32,8000,10,3,NVIDIA A100-SXM4-80GB,
2026-03-24T16:13:14.887305,A1IPI_ideal__Orai1WT-START-Fr0_cleaned,Orai1WT-START-Fr0_cleaned,A1IPI_ideal,failed,No output from any sub-box,0,0.43,,12,12,2.0,,,,,,,,223,21026,1,32,8000,10,3,NVIDIA A100-SXM4-80GB,
2026-03-24T16:13:14.915975,A1JBL_ideal__Orai1WT-START-Fr0_cleaned,Orai1WT-START-Fr0_cleaned,A1JBL_ideal,failed,No output from any sub-box,0,0.43,,22,23,2.0,,,,,,,,223,21026,1,32,8000,10,3,NVIDIA A100-SXM4-80GB,
2026-03-24T16:13:14.935622,A1JMR_ideal__Orai1WT-START-Fr0_cleaned,Orai1WT-START-Fr0_cleaned,A1JMR_ideal,failed,No output from any sub-box,0,0.43,,39,42,4.0,,,,,,,,223,21026,1,32,8000,10,3,NVIDIA A100-SXM4-80GB,
2026-03-24T16:13:14.956625,A1JS8_ideal__Orai1WT-START-Fr0_cleaned,Orai1WT-START-Fr0_cleaned,A1JS8_ideal,failed,No output from any sub-box,0,0.43,,37,39,4.0,,,,,,,,223,21026,1,32,8000,10,3,NVIDIA A100-SXM4-80GB,
2026-03-24T16:13:14.973780,A1JSO_ideal__Orai1WT-START-Fr0_cleaned,Orai1WT-START-Fr0_cleaned,A1JSO_ideal,failed,No output from any sub-box,0,0.43,,45,48,6.0,,,,,,,,223,21026,1,32,8000,10,3,NVIDIA A100-SXM4-80GB,
2026-03-24T16:13:14.990427,A1JSR_ideal__Orai1WT-START-Fr0_cleaned,Orai1WT-START-Fr0_cleaned,A1JSR_ideal,failed,No output from any sub-box,0,0.43,,43,46,5.0,,,,,,,,223,21026,1,32,8000,10,3,NVIDIA A100-SXM4-80GB,
2026-03-24T16:13:15.018160,A1JTY_ideal__Orai1WT-START-Fr0_cleaned,Orai1WT-START-Fr0_cleaned,A1JTY_ideal,failed,No output from any sub-box,0,0.43,,24,27,8.0,,,,,,,,223,21026,1,32,8000,10,3,NVIDIA A100-SXM4-80GB,
2026-03-24T16:13:15.036373,A1L66_ideal__Orai1WT-START-Fr0_cleaned,Orai1WT-START-Fr0_cleaned,A1L66_ideal,failed,No output from any sub-box,0,0.43,,81,86,10.0,,,,,,,,223,21026,1,32,8000,10,3,NVIDIA A100-SXM4-80GB,
2026-03-24T16:13:15.054331,A1LVF_ideal__Orai1WT-START-Fr0_cleaned,Orai1WT-START-Fr0_cleaned,A1LVF_ideal,failed,No output from any sub-box,0,0.43,,63,63,26.0,,,,,,,,223,21026,1,32,8000,10,3,NVIDIA A100-SXM4-80GB,
2026-03-24T16:13:15.071085,A1LWH_ideal__Orai1WT-START-Fr0_cleaned,Orai1WT-START-Fr0_cleaned,A1LWH_ideal,failed,No output from any sub-box,0,0.43,,19,21,2.0,,,,,,,,223,21026,1,32,8000,10,3,NVIDIA A100-SXM4-80GB,
2026-03-24T16:13:15.087053,A1LXP_ideal__Orai1WT-START-Fr0_cleaned,Orai1WT-START-Fr0_cleaned,A1LXP_ideal,failed,No output from any sub-box,0,0.43,,42,44,6.0,,,,,,,,223,21026,1,32,8000,10,3,NVIDIA A100-SXM4-80GB,
2026-03-24T16:13:15.116602,A1LY1_ideal__Orai1WT-START-Fr0_cleaned,Orai1WT-START-Fr0_cleaned,A1LY1_ideal,failed,No output from any sub-box,0,0.43,,43,46,6.0,,,,,,,,223,21026,1,32,8000,10,3,NVIDIA A100-SXM4-80GB,
2026-03-24T16:13:15.137938,A26_ideal__Orai1WT-START-Fr0_cleaned,Orai1WT-START-Fr0_cleaned,A26_ideal,failed,No output from any sub-box,0,0.43,,19,21,2.0,,,,,,,,223,21026,1,32,8000,10,3,NVIDIA A100-SXM4-80GB,
2026-03-24T16:13:15.159578,A2E_ideal__Orai1WT-START-Fr0_cleaned,Orai1WT-START-Fr0_cleaned,A2E_ideal,failed,No output from any sub-box,0,0.43,,37,40,6.0,,,,,,,,223,21026,1,32,8000,10,3,NVIDIA A100-SXM4-80GB,
2026-03-24T16:13:15.176904,A3D_ideal__Orai1WT-START-Fr0_cleaned,Orai1WT-START-Fr0_cleaned,A3D_ideal,failed,No output from any sub-box,0,0.43,,44,51,8.0,,,,,,,,223,21026,1,32,8000,10,3,NVIDIA A100-SXM4-80GB,
2026-03-24T16:13:15.197685,A3M_ideal__Orai1WT-START-Fr0_cleaned,Orai1WT-START-Fr0_cleaned,A3M_ideal,failed,No output from any sub-box,0,0.43,,12,14,1.0,,,,,,,,223,21026,1,32,8000,10,3,NVIDIA A100-SXM4-80GB,
2026-03-24T16:13:15.234392,A41_ideal__Orai1WT-START-Fr0_cleaned,Orai1WT-START-Fr0_cleaned,A41_ideal,failed,No output from any sub-box,0,0.43,,20,22,2.0,,,,,,,,223,21026,1,32,8000,10,3,NVIDIA A100-SXM4-80GB,
2026-03-24T16:13:15.258729,A4I_ideal__Orai1WT-START-Fr0_cleaned,Orai1WT-START-Fr0_cleaned,A4I_ideal,failed,No output from any sub-box,0,0.43,,75,79,18.0,,,,,,,,223,21026,1,32,8000,10,3,NVIDIA A100-SXM4-80GB,
2026-03-24T16:13:15.281834,A4P_ideal__Orai1WT-START-Fr0_cleaned,Orai1WT-START-Fr0_cleaned,A4P_ideal,failed,No output from any sub-box,0,0.43,,48,60,10.0,,,,,,,,223,21026,1,32,8000,10,3,NVIDIA A100-SXM4-80GB,
2026-03-24T16:13:15.316506,A56_ideal__Orai1WT-START-Fr0_cleaned,Orai1WT-START-Fr0_cleaned,A56_ideal,failed,No output from any sub-box,0,0.43,,19,23,1.0,,,,,,,,223,21026,1,32,8000,10,3,NVIDIA A100-SXM4-80GB,
2026-03-24T16:13:15.374699,A6L_ideal__Orai1WT-START-Fr0_cleaned,Orai1WT-START-Fr0_cleaned,A6L_ideal,failed,No output from any sub-box,0,0.43,,25,27,10.0,,,,,,,,223,21026,1,32,8000,10,3,NVIDIA A100-SXM4-80GB,
2026-03-24T16:13:15.398593,A86_ideal__Orai1WT-START-Fr0_cleaned,Orai1WT-START-Fr0_cleaned,A86_ideal,failed,No output from any sub-box,0,0.43,,48,50,7.0,,,,,,,,223,21026,1,32,8000,10,3,NVIDIA A100-SXM4-80GB,
2026-03-24T16:13:15.435143,A8B_ideal__Orai1WT-START-Fr0_cleaned,Orai1WT-START-Fr0_cleaned,A8B_ideal,failed,No output from any sub-box,0,0.43,,34,36,5.0,,,,,,,,223,21026,1,32,8000,10,3,NVIDIA A100-SXM4-80GB,
2026-03-24T16:13:15.457231,AA2_ideal__Orai1WT-START-Fr0_cleaned,Orai1WT-START-Fr0_cleaned,AA2_ideal,failed,No output from any sub-box,0,0.43,,32,35,4.0,,,,,,,,223,21026,1,32,8000,10,3,NVIDIA A100-SXM4-80GB,
2026-03-24T16:13:15.480084,AAF_ideal__Orai1WT-START-Fr0_cleaned,Orai1WT-START-Fr0_cleaned,AAF_ideal,failed,No output from any sub-box,0,0.43,,29,34,4.0,,,,,,,,223,21026,1,32,8000,10,3,NVIDIA A100-SXM4-80GB,
2026-03-24T16:13:15.515198,AAN_ideal__Orai1WT-START-Fr0_cleaned,Orai1WT-START-Fr0_cleaned,AAN_ideal,failed,No output from any sub-box,0,0.43,,13,14,2.0,,,,,,,,223,21026,1,32,8000,10,3,NVIDIA A100-SXM4-80GB,
2026-03-24T16:13:15.541038,AAO_ideal__Orai1WT-START-Fr0_cleaned,Orai1WT-START-Fr0_cleaned,AAO_ideal,failed,No output from any sub-box,0,0.43,,66,86,17.0,,,,,,,,223,21026,1,32,8000,10,3,NVIDIA A100-SXM4-80GB,
2026-03-24T16:13:15.568035,ABC_ideal__Orai1WT-START-Fr0_cleaned,Orai1WT-START-Fr0_cleaned,ABC_ideal,failed,No output from any sub-box,0,0.43,,64,82,15.0,,,,,,,,223,21026,1,32,8000,10,3,NVIDIA A100-SXM4-80GB,
2026-03-24T16:13:15.590780,ABN_ideal__Orai1WT-START-Fr0_cleaned,Orai1WT-START-Fr0_cleaned,ABN_ideal,failed,No output from any sub-box,0,0.43,,8,10,1.0,,,,,,,,223,21026,1,32,8000,10,3,NVIDIA A100-SXM4-80GB,
2026-03-24T16:13:15.616985,AC0_ideal__Orai1WT-START-Fr0_cleaned,Orai1WT-START-Fr0_cleaned,AC0_ideal,failed,No output from any sub-box,0,0.43,,9,9,0.0,,,,,,,,223,21026,1,32,8000,10,3,NVIDIA A100-SXM4-80GB,
2026-03-24T16:13:15.640922,AC5_ideal__Orai1WT-START-Fr0_cleaned,Orai1WT-START-Fr0_cleaned,AC5_ideal,failed,No output from any sub-box,0,0.43,,9,12,1.0,,,,,,,,223,21026,1,32,8000,10,3,NVIDIA A100-SXM4-80GB,
2026-03-24T16:13:15.664517,ACG_ideal__Orai1WT-START-Fr0_cleaned,Orai1WT-START-Fr0_cleaned,ACG_ideal,failed,No output from any sub-box,0,0.43,,54,70,13.0,,,,,,,,223,21026,1,32,8000,10,3,NVIDIA A100-SXM4-80GB,
2026-03-24T16:13:15.686826,ACH_ideal__Orai1WT-START-Fr0_cleaned,Orai1WT-START-Fr0_cleaned,ACH_ideal,failed,No output from any sub-box,0,0.43,,10,10,2.0,,,,,,,,223,21026,1,32,8000,10,3,NVIDIA A100-SXM4-80GB,
2026-03-24T16:13:15.716443,ACQ_ideal__Orai1WT-START-Fr0_cleaned,Orai1WT-START-Fr0_cleaned,ACQ_ideal,failed,No output from any sub-box,0,0.43,,35,44,9.0,,,,,,,,223,21026,1,32,8000,10,3,NVIDIA A100-SXM4-80GB,
2026-03-24T16:13:15.749323,ADB_ideal__Orai1WT-START-Fr0_cleaned,Orai1WT-START-Fr0_cleaned,ADB_ideal,failed,No output from any sub-box,0,0.43,,25,28,2.0,,,,,,,,223,21026,1,32,8000,10,3,NVIDIA A100-SXM4-80GB,
2026-03-24T16:13:15.773323,ADV_ideal__Orai1WT-START-Fr0_cleaned,Orai1WT-START-Fr0_cleaned,ADV_ideal,failed,No output from any sub-box,0,0.43,,36,45,8.0,,,,,,,,223,21026,1,32,8000,10,3,NVIDIA A100-SXM4-80GB,
2026-03-24T16:13:15.796295,AEF_ideal__Orai1WT-START-Fr0_cleaned,Orai1WT-START-Fr0_cleaned,AEF_ideal,failed,No output from any sub-box,0,0.43,,10,13,2.0,,,,,,,,223,21026,1,32,8000,10,3,NVIDIA A100-SXM4-80GB,
2026-03-24T16:13:15.834827,AES_ideal__Orai1WT-START-Fr0_cleaned,Orai1WT-START-Fr0_cleaned,AES_ideal,failed,No output from any sub-box,0,0.43,,13,15,2.0,,,,,,,,223,21026,1,32,8000,10,3,NVIDIA A100-SXM4-80GB,
2026-03-24T16:13:15.859744,AGA_ideal__Orai1WT-START-Fr0_cleaned,Orai1WT-START-Fr0_cleaned,AGA_ideal,failed,No output from any sub-box,0,0.43,,30,32,11.0,,,,,,,,223,21026,1,32,8000,10,3,NVIDIA A100-SXM4-80GB,
2026-03-24T16:13:15.887415,AGH_ideal__Orai1WT-START-Fr0_cleaned,Orai1WT-START-Fr0_cleaned,AGH_ideal,failed,No output from any sub-box,0,0.43,,60,67,25.0,,,,,,,,223,21026,1,32,8000,10,3,NVIDIA A100-SXM4-80GB,
2026-03-24T16:13:15.916341,AH4_ideal__Orai1WT-START-Fr0_cleaned,Orai1WT-START-Fr0_cleaned,AH4_ideal,failed,No output from any sub-box,0,0.43,,32,35,6.0,,,,,,,,223,21026,1,32,8000,10,3,NVIDIA A100-SXM4-80GB,
2026-03-24T16:13:15.940951,AHC_ideal__Orai1WT-START-Fr0_cleaned,Orai1WT-START-Fr0_cleaned,AHC_ideal,failed,No output from any sub-box,0,0.43,,12,15,2.0,,,,,,,,223,21026,1,32,8000,10,3,NVIDIA A100-SXM4-80GB,
2026-03-24T16:13:15.963570,AHZ_ideal__Orai1WT-START-Fr0_cleaned,Orai1WT-START-Fr0_cleaned,AHZ_ideal,failed,No output from any sub-box,0,0.43,,38,42,7.0,,,,,,,,223,21026,1,32,8000,10,3,NVIDIA A100-SXM4-80GB,
2026-03-24T16:13:16.035031,AIK_ideal__Orai1WT-START-Fr0_cleaned,Orai1WT-START-Fr0_cleaned,AIK_ideal,failed,No output from any sub-box,0,0.43,,38,42,5.0,,,,,,,,223,21026,1,32,8000,10,3,NVIDIA A100-SXM4-80GB,
2026-03-24T16:13:16.058629,AK1_ideal__Orai1WT-START-Fr0_cleaned,Orai1WT-START-Fr0_cleaned,AK1_ideal,failed,No output from any sub-box,0,0.43,,31,34,3.0,,,,,,,,223,21026,1,32,8000,10,3,NVIDIA A100-SXM4-80GB,
2026-03-24T16:13:16.081190,AK2_ideal__Orai1WT-START-Fr0_cleaned,Orai1WT-START-Fr0_cleaned,AK2_ideal,failed,No output from any sub-box,0,0.43,,28,31,3.0,,,,,,,,223,21026,1,32,8000,10,3,NVIDIA A100-SXM4-80GB,
2026-03-24T16:13:16.118651,AK3_ideal__Orai1WT-START-Fr0_cleaned,Orai1WT-START-Fr0_cleaned,AK3_ideal,failed,No output from any sub-box,0,0.43,,32,35,3.0,,,,,,,,223,21026,1,32,8000,10,3,NVIDIA A100-SXM4-80GB,
2026-03-24T16:13:16.143137,AKA_ideal__Orai1WT-START-Fr0_cleaned,Orai1WT-START-Fr0_cleaned,AKA_ideal,failed,No output from any sub-box,0,0.43,,54,58,6.0,,,,,,,,223,21026,1,32,8000,10,3,NVIDIA A100-SXM4-80GB,
2026-03-24T16:13:16.165521,AL2_ideal__Orai1WT-START-Fr0_cleaned,Orai1WT-START-Fr0_cleaned,AL2_ideal,failed,No output from any sub-box,0,0.43,,24,27,2.0,,,,,,,,223,21026,1,32,8000,10,3,NVIDIA A100-SXM4-80GB,
2026-03-24T16:13:16.188716,ALC_ideal__Orai1WT-START-Fr0_cleaned,Orai1WT-START-Fr0_cleaned,ALC_ideal,failed,No output from any sub-box,0,0.43,,12,15,2.0,,,,,,,,223,21026,1,32,8000,10,3,NVIDIA A100-SXM4-80GB,
2026-03-24T16:13:16.216837,ALQ_ideal__Orai1WT-START-Fr0_cleaned,Orai1WT-START-Fr0_cleaned,ALQ_ideal,failed,No output from any sub-box,0,0.43,,6,7,1.0,,,,,,,,223,21026,1,32,8000,10,3,NVIDIA A100-SXM4-80GB,
2026-03-24T16:13:16.241032,ALR_ideal__Orai1WT-START-Fr0_cleaned,Orai1WT-START-Fr0_cleaned,ALR_ideal,failed,No output from any sub-box,0,0.43,,19,20,1.0,,,,,,,,223,21026,1,32,8000,10,3,NVIDIA A100-SXM4-80GB,
2026-03-24T16:13:16.265598,AM4_ideal__Orai1WT-START-Fr0_cleaned,Orai1WT-START-Fr0_cleaned,AM4_ideal,failed,No output from any sub-box,0,0.43,,13,16,1.0,,,,,,,,223,21026,1,32,8000,10,3,NVIDIA A100-SXM4-80GB,
2026-03-24T16:13:16.289512,AMC_ideal__Orai1WT-START-Fr0_cleaned,Orai1WT-START-Fr0_cleaned,AMC_ideal,failed,No output from any sub-box,0,0.43,,8,11,1.0,,,,,,,,223,21026,1,32,8000,10,3,NVIDIA A100-SXM4-80GB,
2026-03-24T16:13:16.317466,AN1_ideal__Orai1WT-START-Fr0_cleaned,Orai1WT-START-Fr0_cleaned,AN1_ideal,failed,No output from any sub-box,0,0.43,,20,21,2.0,,,,,,,,223,21026,1,32,8000,10,3,NVIDIA A100-SXM4-80GB,
2026-03-24T16:13:16.381694,ANL_ideal__Orai1WT-START-Fr0_cleaned,Orai1WT-START-Fr0_cleaned,ANL_ideal,failed,No output from any sub-box,0,0.43,,7,9,0.0,,,,,,,,223,21026,1,32,8000,10,3,NVIDIA A100-SXM4-80GB,
2026-03-24T16:13:16.416084,ANN_ideal__Orai1WT-START-Fr0_cleaned,Orai1WT-START-Fr0_cleaned,ANN_ideal,failed,No output from any sub-box,0,0.43,,11,12,1.0,,,,,,,,223,21026,1,32,8000,10,3,NVIDIA A100-SXM4-80GB,
2026-03-24T16:13:16.439375,AOE_ideal__Orai1WT-START-Fr0_cleaned,Orai1WT-START-Fr0_cleaned,AOE_ideal,failed,No output from any sub-box,0,0.43,,38,40,8.0,,,,,,,,223,21026,1,32,8000,10,3,NVIDIA A100-SXM4-80GB,
2026-03-24T16:13:16.462928,AP5_ideal__Orai1WT-START-Fr0_cleaned,Orai1WT-START-Fr0_cleaned,AP5_ideal,failed,No output from any sub-box,0,0.43,,57,70,13.0,,,,,,,,223,21026,1,32,8000,10,3,NVIDIA A100-SXM4-80GB,
2026-03-24T16:13:16.486934,AP8_ideal__Orai1WT-START-Fr0_cleaned,Orai1WT-START-Fr0_cleaned,AP8_ideal,failed,No output from any sub-box,0,0.43,,78,80,23.0,,,,,,,,223,21026,1,32,8000,10,3,NVIDIA A100-SXM4-80GB,
2026-03-24T16:13:16.516276,APF_ideal__Orai1WT-START-Fr0_cleaned,Orai1WT-START-Fr0_cleaned,APF_ideal,failed,No output from any sub-box,0,0.43,,18,19,2.0,,,,,,,,223,21026,1,32,8000,10,3,NVIDIA A100-SXM4-80GB,
2026-03-24T16:13:16.540246,APG_ideal__Orai1WT-START-Fr0_cleaned,Orai1WT-START-Fr0_cleaned,APG_ideal,failed,No output from any sub-box,0,0.43,,12,14,2.0,,,,,,,,223,21026,1,32,8000,10,3,NVIDIA A100-SXM4-80GB,
2026-03-24T16:13:16.562892,APL_ideal__Orai1WT-START-Fr0_cleaned,Orai1WT-START-Fr0_cleaned,APL_ideal,failed,No output from any sub-box,0,0.43,,19,22,3.0,,,,,,,,223,21026,1,32,8000,10,3,NVIDIA A100-SXM4-80GB,
2026-03-24T16:13:16.585202,APX_ideal__Orai1WT-START-Fr0_cleaned,Orai1WT-START-Fr0_cleaned,APX_ideal,failed,No output from any sub-box,0,0.43,,40,53,10.0,,,,,,,,223,21026,1,32,8000,10,3,NVIDIA A100-SXM4-80GB,
2026-03-24T16:13:16.617116,ARC_ideal__Orai1WT-START-Fr0_cleaned,Orai1WT-START-Fr0_cleaned,ARC_ideal,failed,No output from any sub-box,0,0.43,,21,22,7.0,,,,,,,,223,21026,1,32,8000,10,3,NVIDIA A100-SXM4-80GB,
2026-03-24T16:13:16.641078,ARE_ideal__Orai1WT-START-Fr0_cleaned,Orai1WT-START-Fr0_cleaned,ARE_ideal,failed,No output from any sub-box,0,0.43,,55,72,14.0,,,,,,,,223,21026,1,32,8000,10,3,NVIDIA A100-SXM4-80GB,
2026-03-24T16:13:16.666570,ARL_ideal__Orai1WT-START-Fr0_cleaned,Orai1WT-START-Fr0_cleaned,ARL_ideal,failed,No output from any sub-box,0,0.43,,25,26,3.0,,,,,,,,223,21026,1,32,8000,10,3,NVIDIA A100-SXM4-80GB,
2026-03-24T16:13:16.690492,ARR_ideal__Orai1WT-START-Fr0_cleaned,Orai1WT-START-Fr0_cleaned,ARR_ideal,failed,No output from any sub-box,0,0.43,,25,28,3.0,,,,,,,,223,21026,1,32,8000,10,3,NVIDIA A100-SXM4-80GB,
2026-03-24T16:13:16.716395,AUR_ideal__Orai1WT-START-Fr0_cleaned,Orai1WT-START-Fr0_cleaned,AUR_ideal,failed,No output from any sub-box,0,0.43,,33,34,4.0,,,,,,,,223,21026,1,32,8000,10,3,NVIDIA A100-SXM4-80GB,
2026-03-24T16:13:16.740695,AX3_ideal__Orai1WT-START-Fr0_cleaned,Orai1WT-START-Fr0_cleaned,AX3_ideal,failed,No output from any sub-box,0,0.43,,12,17,2.0,,,,,,,,223,21026,1,32,8000,10,3,NVIDIA A100-SXM4-80GB,
2026-03-24T16:13:16.791694,B18_ideal__Orai1WT-START-Fr0_cleaned,Orai1WT-START-Fr0_cleaned,B18_ideal,failed,No output from any sub-box,0,0.43,,31,35,3.0,,,,,,,,223,21026,1,32,8000,10,3,NVIDIA A100-SXM4-80GB,
2026-03-24T16:13:16.816628,B1T_ideal__Orai1WT-START-Fr0_cleaned,Orai1WT-START-Fr0_cleaned,B1T_ideal,failed,No output from any sub-box,0,0.43,,19,21,2.0,,,,,,,,223,21026,1,32,8000,10,3,NVIDIA A100-SXM4-80GB,
2026-03-24T16:13:16.840221,B1V_ideal__Orai1WT-START-Fr0_cleaned,Orai1WT-START-Fr0_cleaned,B1V_ideal,failed,No output from any sub-box,0,0.43,,21,22,2.0,,,,,,,,223,21026,1,32,8000,10,3,NVIDIA A100-SXM4-80GB,
2026-03-24T16:13:16.878419,B2F_ideal__Orai1WT-START-Fr0_cleaned,Orai1WT-START-Fr0_cleaned,B2F_ideal,failed,No output from any sub-box,0,0.43,,12,16,3.0,,,,,,,,223,21026,1,32,8000,10,3,NVIDIA A100-SXM4-80GB,
2026-03-24T16:13:16.917907,B32_ideal__Orai1WT-START-Fr0_cleaned,Orai1WT-START-Fr0_cleaned,B32_ideal,failed,No output from any sub-box,0,0.43,,32,37,9.0,,,,,,,,223,21026,1,32,8000,10,3,NVIDIA A100-SXM4-80GB,
2026-03-24T16:13:16.942085,B3N_ideal__Orai1WT-START-Fr0_cleaned,Orai1WT-START-Fr0_cleaned,B3N_ideal,failed,No output from any sub-box,0,0.43,,22,25,5.0,,,,,,,,223,21026,1,32,8000,10,3,NVIDIA A100-SXM4-80GB,
2026-03-24T16:13:16.965457,B40_ideal__Orai1WT-START-Fr0_cleaned,Orai1WT-START-Fr0_cleaned,B40_ideal,failed,No output from any sub-box,0,0.43,,11,12,1.0,,,,,,,,223,21026,1,32,8000,10,3,NVIDIA A100-SXM4-80GB,
2026-03-24T16:13:16.988691,B8L_ideal__Orai1WT-START-Fr0_cleaned,Orai1WT-START-Fr0_cleaned,B8L_ideal,failed,No output from any sub-box,0,0.43,,43,47,9.0,,,,,,,,223,21026,1,32,8000,10,3,NVIDIA A100-SXM4-80GB,
2026-03-24T16:13:17.018625,B96_ideal__Orai1WT-START-Fr0_cleaned,Orai1WT-START-Fr0_cleaned,B96_ideal,failed,No output from any sub-box,0,0.43,,39,41,4.0,,,,,,,,223,21026,1,32,8000,10,3,NVIDIA A100-SXM4-80GB,
2026-03-24T16:13:17.042026,BA3_ideal__Orai1WT-START-Fr0_cleaned,Orai1WT-START-Fr0_cleaned,BA3_ideal,failed,No output from any sub-box,0,0.43,,49,60,10.0,,,,,,,,223,21026,1,32,8000,10,3,NVIDIA A100-SXM4-80GB,
2026-03-24T16:13:17.065929,BAS_ideal__Orai1WT-START-Fr0_cleaned,Orai1WT-START-Fr0_cleaned,BAS_ideal,failed,No output from any sub-box,0,0.43,,12,13,1.0,,,,,,,,223,21026,1,32,8000,10,3,NVIDIA A100-SXM4-80GB,
2026-03-24T16:13:17.089097,BBS_ideal__Orai1WT-START-Fr0_cleaned,Orai1WT-START-Fr0_cleaned,BBS_ideal,failed,No output from any sub-box,0,0.43,,14,15,1.0,,,,,,,,223,21026,1,32,8000,10,3,NVIDIA A100-SXM4-80GB,
2026-03-24T16:13:17.117381,BBT_ideal__Orai1WT-START-Fr0_cleaned,Orai1WT-START-Fr0_cleaned,BBT_ideal,failed,No output from any sub-box,0,0.43,,24,27,3.0,,,,,,,,223,21026,1,32,8000,10,3,NVIDIA A100-SXM4-80GB,
2026-03-24T16:13:17.140860,BBZ_ideal__Orai1WT-START-Fr0_cleaned,Orai1WT-START-Fr0_cleaned,BBZ_ideal,failed,No output from any sub-box,0,0.43,,34,36,2.0,,,,,,,,223,21026,1,32,8000,10,3,NVIDIA A100-SXM4-80GB,
2026-03-24T16:13:17.164457,BC1_ideal__Orai1WT-START-Fr0_cleaned,Orai1WT-START-Fr0_cleaned,BC1_ideal,failed,No output from any sub-box,0,0.43,,25,27,2.0,,,,,,,,223,21026,1,32,8000,10,3,NVIDIA A100-SXM4-80GB,
2026-03-24T16:13:17.187750,BCE_ideal__Orai1WT-START-Fr0_cleaned,Orai1WT-START-Fr0_cleaned,BCE_ideal,failed,No output from any sub-box,0,0.43,,21,23,2.0,,,,,,,,223,21026,1,32,8000,10,3,NVIDIA A100-SXM4-80GB,
2026-03-24T16:13:17.216650,BDB_ideal__Orai1WT-START-Fr0_cleaned,Orai1WT-START-Fr0_cleaned,BDB_ideal,failed,No output from any sub-box,0,0.43,,18,22,3.0,,,,,,,,223,21026,1,32,8000,10,3,NVIDIA A100-SXM4-80GB,
2026-03-24T16:13:17.241176,BEK_ideal__Orai1WT-START-Fr0_cleaned,Orai1WT-START-Fr0_cleaned,BEK_ideal,failed,No output from any sub-box,0,0.43,,15,17,1.0,,,,,,,,223,21026,1,32,8000,10,3,NVIDIA A100-SXM4-80GB,
2026-03-24T16:13:17.264693,BET_ideal__Orai1WT-START-Fr0_cleaned,Orai1WT-START-Fr0_cleaned,BET_ideal,failed,No output from any sub-box,0,0.43,,8,9,1.0,,,,,,,,223,21026,1,32,8000,10,3,NVIDIA A100-SXM4-80GB,
2026-03-24T16:13:17.285997,BEZ_ideal__Orai1WT-START-Fr0_cleaned,Orai1WT-START-Fr0_cleaned,BEZ_ideal,failed,No output from any sub-box,0,0.43,,9,10,1.0,,,,,,,,223,21026,1,32,8000,10,3,NVIDIA A100-SXM4-80GB,
2026-03-24T16:13:17.316841,BFF_ideal__Orai1WT-START-Fr0_cleaned,Orai1WT-START-Fr0_cleaned,BFF_ideal,failed,No output from any sub-box,0,0.43,,32,36,5.0,,,,,,,,223,21026,1,32,8000,10,3,NVIDIA A100-SXM4-80GB,
2026-03-24T16:13:17.340671,BFL_ideal__Orai1WT-START-Fr0_cleaned,Orai1WT-START-Fr0_cleaned,BFL_ideal,failed,No output from any sub-box,0,0.43,,17,18,2.0,,,,,,,,223,21026,1,32,8000,10,3,NVIDIA A100-SXM4-80GB,
2026-03-24T16:13:17.364657,BH7_ideal__Orai1WT-START-Fr0_cleaned,Orai1WT-START-Fr0_cleaned,BH7_ideal,failed,No output from any sub-box,0,0.43,,24,28,6.0,,,,,,,,223,21026,1,32,8000,10,3,NVIDIA A100-SXM4-80GB,
2026-03-24T16:13:17.398393,BHO_ideal__Orai1WT-START-Fr0_cleaned,Orai1WT-START-Fr0_cleaned,BHO_ideal,failed,No output from any sub-box,0,0.43,,10,12,1.0,,,,,,,,223,21026,1,32,8000,10,3,NVIDIA A100-SXM4-80GB,
2026-03-24T16:13:17.433862,BHQ_ideal__Orai1WT-START-Fr0_cleaned,Orai1WT-START-Fr0_cleaned,BHQ_ideal,failed,No output from any sub-box,0,0.43,,16,18,2.0,,,,,,,,223,21026,1,32,8000,10,3,NVIDIA A100-SXM4-80GB,
2026-03-24T16:13:17.458428,BIF_ideal__Orai1WT-START-Fr0_cleaned,Orai1WT-START-Fr0_cleaned,BIF_ideal,failed,No output from any sub-box,0,0.43,,18,21,3.0,,,,,,,,223,21026,1,32,8000,10,3,NVIDIA A100-SXM4-80GB,
2026-03-24T16:13:17.481013,BIH_ideal__Orai1WT-START-Fr0_cleaned,Orai1WT-START-Fr0_cleaned,BIH_ideal,failed,No output from any sub-box,0,0.43,,18,20,2.0,,,,,,,,223,21026,1,32,8000,10,3,NVIDIA A100-SXM4-80GB,
2026-03-24T16:13:17.516175,BIP_ideal__Orai1WT-START-Fr0_cleaned,Orai1WT-START-Fr0_cleaned,BIP_ideal,failed,No output from any sub-box,0,0.43,,13,14,2.0,,,,,,,,223,21026,1,32,8000,10,3,NVIDIA A100-SXM4-80GB,
2026-03-24T16:13:17.541056,BL5_ideal__Orai1WT-START-Fr0_cleaned,Orai1WT-START-Fr0_cleaned,BL5_ideal,failed,No output from any sub-box,0,0.43,,50,60,14.0,,,,,,,,223,21026,1,32,8000,10,3,NVIDIA A100-SXM4-80GB,
2026-03-24T16:13:17.565176,BLI_ideal__Orai1WT-START-Fr0_cleaned,Orai1WT-START-Fr0_cleaned,BLI_ideal,failed,No output from any sub-box,0,0.43,,34,38,3.0,,,,,,,,223,21026,1,32,8000,10,3,NVIDIA A100-SXM4-80GB,
2026-03-24T16:13:17.589035,BLM_ideal__Orai1WT-START-Fr0_cleaned,Orai1WT-START-Fr0_cleaned,BLM_ideal,failed,No output from any sub-box,0,0.43,,96,122,23.0,,,,,,,,223,21026,1,32,8000,10,3,NVIDIA A100-SXM4-80GB,
2026-03-24T16:13:17.617006,BMU_ideal__Orai1WT-START-Fr0_cleaned,Orai1WT-START-Fr0_cleaned,BMU_ideal,failed,No output from any sub-box,0,0.43,,21,23,1.0,,,,,,,,223,21026,1,32,8000,10,3,NVIDIA A100-SXM4-80GB,
2026-03-24T16:13:17.642889,BN2_ideal__Orai1WT-START-Fr0_cleaned,Orai1WT-START-Fr0_cleaned,BN2_ideal,failed,No output from any sub-box,0,0.43,,31,34,5.0,,,,,,,,223,21026,1,32,8000,10,3,NVIDIA A100-SXM4-80GB,
2026-03-24T16:13:17.666425,BN3_ideal__Orai1WT-START-Fr0_cleaned,Orai1WT-START-Fr0_cleaned,BN3_ideal,failed,No output from any sub-box,0,0.43,,28,31,4.0,,,,,,,,223,21026,1,32,8000,10,3,NVIDIA A100-SXM4-80GB,
2026-03-24T16:13:17.688280,BN4_ideal__Orai1WT-START-Fr0_cleaned,Orai1WT-START-Fr0_cleaned,BN4_ideal,failed,No output from any sub-box,0,0.43,,29,32,4.0,,,,,,,,223,21026,1,32,8000,10,3,NVIDIA A100-SXM4-80GB,
2026-03-24T16:13:17.716266,BN5_ideal__Orai1WT-START-Fr0_cleaned,Orai1WT-START-Fr0_cleaned,BN5_ideal,failed,No output from any sub-box,0,0.43,,29,32,4.0,,,,,,,,223,21026,1,32,8000,10,3,NVIDIA A100-SXM4-80GB,
2026-03-24T16:13:17.739129,BNF_ideal__Orai1WT-START-Fr0_cleaned,Orai1WT-START-Fr0_cleaned,BNF_ideal,failed,No output from any sub-box,0,0.43,,10,11,1.0,,,,,,,,223,21026,1,32,8000,10,3,NVIDIA A100-SXM4-80GB,
2026-03-24T16:13:17.761324,BNS_ideal__Orai1WT-START-Fr0_cleaned,Orai1WT-START-Fr0_cleaned,BNS_ideal,failed,No output from any sub-box,0,0.43,,10,11,1.0,,,,,,,,223,21026,1,32,8000,10,3,NVIDIA A100-SXM4-80GB,
2026-03-24T16:13:17.789098,BO3_ideal__Orai1WT-START-Fr0_cleaned,Orai1WT-START-Fr0_cleaned,BO3_ideal,failed,No output from any sub-box,0,0.43,,4,7,1.0,,,,,,,,223,21026,1,32,8000,10,3,NVIDIA A100-SXM4-80GB,
2026-03-24T16:13:17.816562,BO9_ideal__Orai1WT-START-Fr0_cleaned,Orai1WT-START-Fr0_cleaned,BO9_ideal,failed,No output from any sub-box,0,0.43,,41,48,11.0,,,,,,,,223,21026,1,32,8000,10,3,NVIDIA A100-SXM4-80GB,
2026-03-24T16:13:17.840971,BOS_ideal__Orai1WT-START-Fr0_cleaned,Orai1WT-START-Fr0_cleaned,BOS_ideal,failed,No output from any sub-box,0,0.43,,20,24,2.0,,,,,,,,223,21026,1,32,8000,10,3,NVIDIA A100-SXM4-80GB,
2026-03-24T16:13:17.864115,BP4_ideal__Orai1WT-START-Fr0_cleaned,Orai1WT-START-Fr0_cleaned,BP4_ideal,failed,No output from any sub-box,0,0.43,,16,17,2.0,,,,,,,,223,21026,1,32,8000,10,3,NVIDIA A100-SXM4-80GB,
2026-03-24T16:13:17.892233,BP6_ideal__Orai1WT-START-Fr0_cleaned,Orai1WT-START-Fr0_cleaned,BP6_ideal,failed,No output from any sub-box,0,0.43,,16,18,1.0,,,,,,,,223,21026,1,32,8000,10,3,NVIDIA A100-SXM4-80GB,
2026-03-24T16:13:17.917090,BPZ_ideal__Orai1WT-START-Fr0_cleaned,Orai1WT-START-Fr0_cleaned,BPZ_ideal,failed,No output from any sub-box,0,0.43,,20,22,2.0,,,,,,,,223,21026,1,32,8000,10,3,NVIDIA A100-SXM4-80GB,
2026-03-24T16:13:17.940536,BR4_ideal__Orai1WT-START-Fr0_cleaned,Orai1WT-START-Fr0_cleaned,BR4_ideal,failed,No output from any sub-box,0,0.43,,29,31,7.0,,,,,,,,223,21026,1,32,8000,10,3,NVIDIA A100-SXM4-80GB,
2026-03-24T16:13:17.965065,BRB_ideal__Orai1WT-START-Fr0_cleaned,Orai1WT-START-Fr0_cleaned,BRB_ideal,failed,No output from any sub-box,0,0.43,,9,10,1.0,,,,,,,,223,21026,1,32,8000,10,3,NVIDIA A100-SXM4-80GB,
2026-03-24T16:13:17.989810,BRV_ideal__Orai1WT-START-Fr0_cleaned,Orai1WT-START-Fr0_cleaned,BRV_ideal,failed,No output from any sub-box,0,0.43,,16,20,2.0,,,,,,,,223,21026,1,32,8000,10,3,NVIDIA A100-SXM4-80GB,
2026-03-24T16:13:18.018016,BS4_ideal__Orai1WT-START-Fr0_cleaned,Orai1WT-START-Fr0_cleaned,BS4_ideal,failed,No output from any sub-box,0,0.43,,19,22,2.0,,,,,,,,223,21026,1,32,8000,10,3,NVIDIA A100-SXM4-80GB,
2026-03-24T16:13:18.041838,BSB_ideal__Orai1WT-START-Fr0_cleaned,Orai1WT-START-Fr0_cleaned,BSB_ideal,failed,No output from any sub-box,0,0.43,,20,23,2.0,,,,,,,,223,21026,1,32,8000,10,3,NVIDIA A100-SXM4-80GB,
2026-03-24T16:13:18.065822,BSU_ideal__Orai1WT-START-Fr0_cleaned,Orai1WT-START-Fr0_cleaned,BSU_ideal,failed,No output from any sub-box,0,0.43,,16,18,1.0,,,,,,,,223,21026,1,32,8000,10,3,NVIDIA A100-SXM4-80GB,
2026-03-24T16:13:18.116748,BTL_ideal__Orai1WT-START-Fr0_cleaned,Orai1WT-START-Fr0_cleaned,BTL_ideal,failed,No output from any sub-box,0,0.43,,7,7,1.0,,,,,,,,223,21026,1,32,8000,10,3,NVIDIA A100-SXM4-80GB,
2026-03-24T16:13:18.141080,BTP_ideal__Orai1WT-START-Fr0_cleaned,Orai1WT-START-Fr0_cleaned,BTP_ideal,failed,No output from any sub-box,0,0.43,,13,15,3.0,,,,,,,,223,21026,1,32,8000,10,3,NVIDIA A100-SXM4-80GB,
2026-03-24T16:13:18.177887,BTX_ideal__Orai1WT-START-Fr0_cleaned,Orai1WT-START-Fr0_cleaned,BTX_ideal,failed,No output from any sub-box,0,0.43,,37,44,7.0,,,,,,,,223,21026,1,32,8000,10,3,NVIDIA A100-SXM4-80GB,
2026-03-24T16:13:18.201273,BU1_ideal__Orai1WT-START-Fr0_cleaned,Orai1WT-START-Fr0_cleaned,BU1_ideal,failed,No output from any sub-box,0,0.43,,6,8,2.0,,,,,,,,223,21026,1,32,8000,10,3,NVIDIA A100-SXM4-80GB,
2026-03-24T16:13:18.242828,BUI_ideal__Orai1WT-START-Fr0_cleaned,Orai1WT-START-Fr0_cleaned,BUI_ideal,failed,No output from any sub-box,0,0.43,,28,30,9.0,,,,,,,,223,21026,1,32,8000,10,3,NVIDIA A100-SXM4-80GB,
2026-03-24T16:13:18.265949,BUM_ideal__Orai1WT-START-Fr0_cleaned,Orai1WT-START-Fr0_cleaned,BUM_ideal,failed,No output from any sub-box,0,0.43,,10,13,1.0,,,,,,,,223,21026,1,32,8000,10,3,NVIDIA A100-SXM4-80GB,
2026-03-24T16:13:18.291278,BV1_ideal__Orai1WT-START-Fr0_cleaned,Orai1WT-START-Fr0_cleaned,BV1_ideal,failed,No output from any sub-box,0,0.43,,80,92,18.0,,,,,,,,223,21026,1,32,8000,10,3,NVIDIA A100-SXM4-80GB,
2026-03-24T16:13:18.316842,BV2_ideal__Orai1WT-START-Fr0_cleaned,Orai1WT-START-Fr0_cleaned,BV2_ideal,failed,No output from any sub-box,0,0.43,,84,98,20.0,,,,,,,,223,21026,1,32,8000,10,3,NVIDIA A100-SXM4-80GB,
2026-03-24T16:13:18.341296,BV3_ideal__Orai1WT-START-Fr0_cleaned,Orai1WT-START-Fr0_cleaned,BV3_ideal,failed,No output from any sub-box,0,0.43,,104,122,25.0,,,,,,,,223,21026,1,32,8000,10,3,NVIDIA A100-SXM4-80GB,
2026-03-24T16:13:18.365810,BV4_ideal__Orai1WT-START-Fr0_cleaned,Orai1WT-START-Fr0_cleaned,BV4_ideal,failed,No output from any sub-box,0,0.43,,126,144,36.0,,,,,,,,223,21026,1,32,8000,10,3,NVIDIA A100-SXM4-80GB,
2026-03-24T16:13:18.389270,BY6_ideal__Orai1WT-START-Fr0_cleaned,Orai1WT-START-Fr0_cleaned,BY6_ideal,failed,No output from any sub-box,0,0.43,,103,132,27.0,,,,,,,,223,21026,1,32,8000,10,3,NVIDIA A100-SXM4-80GB,
2026-03-24T16:13:18.427842,BZM_ideal__Orai1WT-START-Fr0_cleaned,Orai1WT-START-Fr0_cleaned,BZM_ideal,failed,No output from any sub-box,0,0.43,,16,16,2.0,,,,,,,,223,21026,1,32,8000,10,3,NVIDIA A100-SXM4-80GB,
2026-03-24T16:13:18.451843,BZQ_ideal__Orai1WT-START-Fr0_cleaned,Orai1WT-START-Fr0_cleaned,BZQ_ideal,failed,No output from any sub-box,0,0.43,,14,14,1.0,,,,,,,,223,21026,1,32,8000,10,3,NVIDIA A100-SXM4-80GB,
2026-03-24T16:13:18.474921,C11_ideal__Orai1WT-START-Fr0_cleaned,Orai1WT-START-Fr0_cleaned,C11_ideal,failed,No output from any sub-box,0,0.43,,18,19,7.0,,,,,,,,223,21026,1,32,8000,10,3,NVIDIA A100-SXM4-80GB,
2026-03-24T16:13:18.500211,C1D_ideal__Orai1WT-START-Fr0_cleaned,Orai1WT-START-Fr0_cleaned,C1D_ideal,failed,No output from any sub-box,0,0.43,,31,37,5.0,,,,,,,,223,21026,1,32,8000,10,3,NVIDIA A100-SXM4-80GB,
2026-03-24T16:13:18.538020,C1N_ideal__Orai1WT-START-Fr0_cleaned,Orai1WT-START-Fr0_cleaned,C1N_ideal,failed,No output from any sub-box,0,0.43,,40,44,8.0,,,,,,,,223,21026,1,32,8000,10,3,NVIDIA A100-SXM4-80GB,
2026-03-24T16:13:18.561679,C1R_ideal__Orai1WT-START-Fr0_cleaned,Orai1WT-START-Fr0_cleaned,C1R_ideal,failed,No output from any sub-box,0,0.43,,11,12,2.0,,,,,,,,223,21026,1,32,8000,10,3,NVIDIA A100-SXM4-80GB,
2026-03-24T16:13:18.587054,C3S_ideal__Orai1WT-START-Fr0_cleaned,Orai1WT-START-Fr0_cleaned,C3S_ideal,failed,No output from any sub-box,0,0.43,,32,33,4.0,,,,,,,,223,21026,1,32,8000,10,3,NVIDIA A100-SXM4-80GB,
2026-03-24T16:13:18.616457,C41_ideal__Orai1WT-START-Fr0_cleaned,Orai1WT-START-Fr0_cleaned,C41_ideal,failed,No output from any sub-box,0,0.43,,39,45,10.0,,,,,,,,223,21026,1,32,8000,10,3,NVIDIA A100-SXM4-80GB,
2026-03-24T16:13:18.640584,C5U_ideal__Orai1WT-START-Fr0_cleaned,Orai1WT-START-Fr0_cleaned,C5U_ideal,failed,No output from any sub-box,0,0.43,,25,26,3.0,,,,,,,,223,21026,1,32,8000,10,3,NVIDIA A100-SXM4-80GB,
2026-03-24T16:13:18.663675,C87_ideal__Orai1WT-START-Fr0_cleaned,Orai1WT-START-Fr0_cleaned,C87_ideal,failed,No output from any sub-box,0,0.43,,31,33,3.0,,,,,,,,223,21026,1,32,8000,10,3,NVIDIA A100-SXM4-80GB,
2026-03-24T16:13:18.689965,C8E_ideal__Orai1WT-START-Fr0_cleaned,Orai1WT-START-Fr0_cleaned,C8E_ideal,failed,No output from any sub-box,0,0.43,,21,22,9.0,,,,,,,,223,21026,1,32,8000,10,3,NVIDIA A100-SXM4-80GB,
2026-03-24T16:13:18.716349,C90_ideal__Orai1WT-START-Fr0_cleaned,Orai1WT-START-Fr0_cleaned,C90_ideal,failed,No output from any sub-box,0,0.43,,32,36,4.0,,,,,,,,223,21026,1,32,8000,10,3,NVIDIA A100-SXM4-80GB,
2026-03-24T16:13:18.740394,CA3_ideal__Orai1WT-START-Fr0_cleaned,Orai1WT-START-Fr0_cleaned,CA3_ideal,failed,No output from any sub-box,0,0.43,,66,78,17.0,,,,,,,,223,21026,1,32,8000,10,3,NVIDIA A100-SXM4-80GB,
2026-03-24T16:13:18.765105,CA5_ideal__Orai1WT-START-Fr0_cleaned,Orai1WT-START-Fr0_cleaned,CA5_ideal,failed,No output from any sub-box,0,0.43,,64,76,15.0,,,,,,,,223,21026,1,32,8000,10,3,NVIDIA A100-SXM4-80GB,
2026-03-24T16:13:18.788884,CAA_ideal__Orai1WT-START-Fr0_cleaned,Orai1WT-START-Fr0_cleaned,CAA_ideal,failed,No output from any sub-box,0,0.43,,54,64,14.0,,,,,,,,223,21026,1,32,8000,10,3,NVIDIA A100-SXM4-80GB,
2026-03-24T16:13:18.816950,CAI_ideal__Orai1WT-START-Fr0_cleaned,Orai1WT-START-Fr0_cleaned,CAI_ideal,failed,No output from any sub-box,0,0.43,,61,63,14.0,,,,,,,,223,21026,1,32,8000,10,3,NVIDIA A100-SXM4-80GB,
2026-03-24T16:13:18.842772,CAO_ideal__Orai1WT-START-Fr0_cleaned,Orai1WT-START-Fr0_cleaned,CAO_ideal,failed,No output from any sub-box,0,0.43,,49,60,13.0,,,,,,,,223,21026,1,32,8000,10,3,NVIDIA A100-SXM4-80GB,
2026-03-24T16:13:18.865669,CAQ_ideal__Orai1WT-START-Fr0_cleaned,Orai1WT-START-Fr0_cleaned,CAQ_ideal,failed,No output from any sub-box,0,0.43,,8,10,1.0,,,,,,,,223,21026,1,32,8000,10,3,NVIDIA A100-SXM4-80GB,
2026-03-24T16:13:18.890443,CAX_ideal__Orai1WT-START-Fr0_cleaned,Orai1WT-START-Fr0_cleaned,CAX_ideal,failed,No output from any sub-box,0,0.43,,13,15,2.0,,,,,,,,223,21026,1,32,8000,10,3,NVIDIA A100-SXM4-80GB,
2026-03-24T16:13:18.916571,CBD_ideal__Orai1WT-START-Fr0_cleaned,Orai1WT-START-Fr0_cleaned,CBD_ideal,failed,No output from any sub-box,0,0.43,,51,59,6.0,,,,,,,,223,21026,1,32,8000,10,3,NVIDIA A100-SXM4-80GB,
2026-03-24T16:13:18.941560,CBN_ideal__Orai1WT-START-Fr0_cleaned,Orai1WT-START-Fr0_cleaned,CBN_ideal,failed,No output from any sub-box,0,0.43,,49,54,6.0,,,,,,,,223,21026,1,32,8000,10,3,NVIDIA A100-SXM4-80GB,
2026-03-24T16:13:18.966851,CBO_ideal__Orai1WT-START-Fr0_cleaned,Orai1WT-START-Fr0_cleaned,CBO_ideal,failed,No output from any sub-box,0,0.43,,41,43,4.0,,,,,,,,223,21026,1,32,8000,10,3,NVIDIA A100-SXM4-80GB,
2026-03-24T16:13:18.991207,CBQ_ideal__Orai1WT-START-Fr0_cleaned,Orai1WT-START-Fr0_cleaned,CBQ_ideal,failed,No output from any sub-box,0,0.43,,17,22,4.0,,,,,,,,223,21026,1,32,8000,10,3,NVIDIA A100-SXM4-80GB,
2026-03-24T16:13:19.019659,CC0_ideal__Orai1WT-START-Fr0_cleaned,Orai1WT-START-Fr0_cleaned,CC0_ideal,failed,No output from any sub-box,0,0.43,,43,50,8.0,,,,,,,,223,21026,1,32,8000,10,3,NVIDIA A100-SXM4-80GB,
2026-03-24T16:13:19.042761,CCB_ideal__Orai1WT-START-Fr0_cleaned,Orai1WT-START-Fr0_cleaned,CCB_ideal,failed,No output from any sub-box,0,0.43,,12,12,1.0,,,,,,,,223,21026,1,32,8000,10,3,NVIDIA A100-SXM4-80GB,
2026-03-24T16:13:19.064793,CCE_ideal__Orai1WT-START-Fr0_cleaned,Orai1WT-START-Fr0_cleaned,CCE_ideal,failed,No output from any sub-box,0,0.43,,10,12,2.0,,,,,,,,223,21026,1,32,8000,10,3,NVIDIA A100-SXM4-80GB,
2026-03-24T16:13:19.088018,CCQ_ideal__Orai1WT-START-Fr0_cleaned,Orai1WT-START-Fr0_cleaned,CCQ_ideal,failed,No output from any sub-box,0,0.43,,58,68,15.0,,,,,,,,223,21026,1,32,8000,10,3,NVIDIA A100-SXM4-80GB,
2026-03-24T16:13:19.116527,CDA_ideal__Orai1WT-START-Fr0_cleaned,Orai1WT-START-Fr0_cleaned,CDA_ideal,failed,No output from any sub-box,0,0.43,,31,33,4.0,,,,,,,,223,21026,1,32,8000,10,3,NVIDIA A100-SXM4-80GB,
2026-03-24T16:13:19.142227,CDB_ideal__Orai1WT-START-Fr0_cleaned,Orai1WT-START-Fr0_cleaned,CDB_ideal,failed,No output from any sub-box,0,0.43,,32,36,4.0,,,,,,,,223,21026,1,32,8000,10,3,NVIDIA A100-SXM4-80GB,
2026-03-24T16:13:19.166720,CDD_ideal__Orai1WT-START-Fr0_cleaned,Orai1WT-START-Fr0_cleaned,CDD_ideal,failed,No output from any sub-box,0,0.43,,32,34,4.0,,,,,,,,223,21026,1,32,8000,10,3,NVIDIA A100-SXM4-80GB,
2026-03-24T16:13:19.191465,CDL_ideal__Orai1WT-START-Fr0_cleaned,Orai1WT-START-Fr0_cleaned,CDL_ideal,failed,No output from any sub-box,0,0.43,,100,101,43.0,,,,,,,,223,21026,1,32,8000,10,3,NVIDIA A100-SXM4-80GB,
2026-03-24T16:13:19.216552,CDU_ideal__Orai1WT-START-Fr0_cleaned,Orai1WT-START-Fr0_cleaned,CDU_ideal,failed,No output from any sub-box,0,0.43,,20,22,5.0,,,,,,,,223,21026,1,32,8000,10,3,NVIDIA A100-SXM4-80GB,
2026-03-24T16:13:19.242905,CDX_ideal__Orai1WT-START-Fr0_cleaned,Orai1WT-START-Fr0_cleaned,CDX_ideal,failed,No output from any sub-box,0,0.43,,19,21,1.0,,,,,,,,223,21026,1,32,8000,10,3,NVIDIA A100-SXM4-80GB,
2026-03-24T16:13:19.267141,CEQ_ideal__Orai1WT-START-Fr0_cleaned,Orai1WT-START-Fr0_cleaned,CEQ_ideal,failed,No output from any sub-box,0,0.43,,6,6,0.0,,,,,,,,223,21026,1,32,8000,10,3,NVIDIA A100-SXM4-80GB,
2026-03-24T16:13:19.291192,CG2_ideal__Orai1WT-START-Fr0_cleaned,Orai1WT-START-Fr0_cleaned,CG2_ideal,failed,No output from any sub-box,0,0.43,,40,50,7.0,,,,,,,,223,21026,1,32,8000,10,3,NVIDIA A100-SXM4-80GB,
2026-03-24T16:13:19.332013,CHL_ideal__Orai1WT-START-Fr0_cleaned,Orai1WT-START-Fr0_cleaned,CHL_ideal,failed,No output from any sub-box,0,0.43,,66,66,11.0,,,,,,,,223,21026,1,32,8000,10,3,NVIDIA A100-SXM4-80GB,
2026-03-24T16:13:19.355114,CHT_ideal__Orai1WT-START-Fr0_cleaned,Orai1WT-START-Fr0_cleaned,CHT_ideal,failed,No output from any sub-box,0,0.43,,7,8,1.0,,,,,,,,223,21026,1,32,8000,10,3,NVIDIA A100-SXM4-80GB,
2026-03-24T16:13:19.378589,CHZ_ideal__Orai1WT-START-Fr0_cleaned,Orai1WT-START-Fr0_cleaned,CHZ_ideal,failed,No output from any sub-box,0,0.43,,18,20,1.0,,,,,,,,223,21026,1,32,8000,10,3,NVIDIA A100-SXM4-80GB,
2026-03-24T16:13:19.415506,CIS_ideal__Orai1WT-START-Fr0_cleaned,Orai1WT-START-Fr0_cleaned,CIS_ideal,failed,No output from any sub-box,0,0.43,,61,67,23.0,,,,,,,,223,21026,1,32,8000,10,3,NVIDIA A100-SXM4-80GB,
2026-03-24T16:13:19.442864,CIU_ideal__Orai1WT-START-Fr0_cleaned,Orai1WT-START-Fr0_cleaned,CIU_ideal,failed,No output from any sub-box,0,0.43,,17,19,1.0,,,,,,,,223,21026,1,32,8000,10,3,NVIDIA A100-SXM4-80GB,
2026-03-24T16:13:19.468436,CK4_ideal__Orai1WT-START-Fr0_cleaned,Orai1WT-START-Fr0_cleaned,CK4_ideal,failed,No output from any sub-box,0,0.43,,24,25,2.0,,,,,,,,223,21026,1,32,8000,10,3,NVIDIA A100-SXM4-80GB,
2026-03-24T16:13:19.493535,CLL_ideal__Orai1WT-START-Fr0_cleaned,Orai1WT-START-Fr0_cleaned,CLL_ideal,failed,No output from any sub-box,0,0.43,,47,47,10.0,,,,,,,,223,21026,1,32,8000,10,3,NVIDIA A100-SXM4-80GB,
2026-03-24T16:13:19.543733,CLT_ideal__Orai1WT-START-Fr0_cleaned,Orai1WT-START-Fr0_cleaned,CLT_ideal,failed,No output from any sub-box,0,0.43,,12,13,2.0,,,,,,,,223,21026,1,32,8000,10,3,NVIDIA A100-SXM4-80GB,
2026-03-24T16:13:19.568866,CLU_ideal__Orai1WT-START-Fr0_cleaned,Orai1WT-START-Fr0_cleaned,CLU_ideal,failed,No output from any sub-box,0,0.43,,14,16,0.0,,,,,,,,223,21026,1,32,8000,10,3,NVIDIA A100-SXM4-80GB,
2026-03-24T16:13:19.593089,CLX_ideal__Orai1WT-START-Fr0_cleaned,Orai1WT-START-Fr0_cleaned,CLX_ideal,failed,No output from any sub-box,0,0.43,,6,6,0.0,,,,,,,,223,21026,1,32,8000,10,3,NVIDIA A100-SXM4-80GB,
2026-03-24T16:13:19.617307,CM1_ideal__Orai1WT-START-Fr0_cleaned,Orai1WT-START-Fr0_cleaned,CM1_ideal,failed,No output from any sub-box,0,0.43,,60,64,16.0,,,,,,,,223,21026,1,32,8000,10,3,NVIDIA A100-SXM4-80GB,
2026-03-24T16:13:19.639552,CM2_ideal__Orai1WT-START-Fr0_cleaned,Orai1WT-START-Fr0_cleaned,CM2_ideal,failed,No output from any sub-box,0,0.43,,59,63,15.0,,,,,,,,223,21026,1,32,8000,10,3,NVIDIA A100-SXM4-80GB,
2026-03-24T16:13:19.661729,CM5_ideal__Orai1WT-START-Fr0_cleaned,Orai1WT-START-Fr0_cleaned,CM5_ideal,failed,No output from any sub-box,0,0.43,,34,41,9.0,,,,,,,,223,21026,1,32,8000,10,3,NVIDIA A100-SXM4-80GB,
2026-03-24T16:13:19.686781,CNA_ideal__Orai1WT-START-Fr0_cleaned,Orai1WT-START-Fr0_cleaned,CNA_ideal,failed,No output from any sub-box,0,0.43,,44,54,9.0,,,,,,,,223,21026,1,32,8000,10,3,NVIDIA A100-SXM4-80GB,
2026-03-24T16:13:19.718303,CND_ideal__Orai1WT-START-Fr0_cleaned,Orai1WT-START-Fr0_cleaned,CND_ideal,failed,No output from any sub-box,0,0.43,,44,54,8.0,,,,,,,,223,21026,1,32,8000,10,3,NVIDIA A100-SXM4-80GB,
2026-03-24T16:13:19.744345,CNH_ideal__Orai1WT-START-Fr0_cleaned,Orai1WT-START-Fr0_cleaned,CNH_ideal,failed,No output from any sub-box,0,0.43,,6,7,0.0,,,,,,,,223,21026,1,32,8000,10,3,NVIDIA A100-SXM4-80GB,
2026-03-24T16:13:19.770784,CNS_ideal__Orai1WT-START-Fr0_cleaned,Orai1WT-START-Fr0_cleaned,CNS_ideal,failed,No output from any sub-box,0,0.43,,26,26,11.0,,,,,,,,223,21026,1,32,8000,10,3,NVIDIA A100-SXM4-80GB,
2026-03-24T16:13:19.794704,CO2_ideal__Orai1WT-START-Fr0_cleaned,Orai1WT-START-Fr0_cleaned,CO2_ideal,failed,No output from any sub-box,0,0.43,,3,3,,,,,,,,,223,21026,1,32,8000,10,3,NVIDIA A100-SXM4-80GB,
2026-03-24T16:13:19.819011,CO3_ideal__Orai1WT-START-Fr0_cleaned,Orai1WT-START-Fr0_cleaned,CO3_ideal,failed,No output from any sub-box,0,0.43,,4,4,,,,,,,,,223,21026,1,32,8000,10,3,NVIDIA A100-SXM4-80GB,
2026-03-24T16:13:19.877829,CO8_ideal__Orai1WT-START-Fr0_cleaned,Orai1WT-START-Fr0_cleaned,CO8_ideal,failed,No output from any sub-box,0,0.43,,57,67,16.0,,,,,,,,223,21026,1,32,8000,10,3,NVIDIA A100-SXM4-80GB,
2026-03-24T16:13:19.902859,COA_ideal__Orai1WT-START-Fr0_cleaned,Orai1WT-START-Fr0_cleaned,COA_ideal,failed,No output from any sub-box,0,0.43,,48,59,13.0,,,,,,,,223,21026,1,32,8000,10,3,NVIDIA A100-SXM4-80GB,
2026-03-24T16:13:19.953569,COD_ideal__Orai1WT-START-Fr0_cleaned,Orai1WT-START-Fr0_cleaned,COD_ideal,failed,No output from any sub-box,0,0.43,,44,54,11.0,,,,,,,,223,21026,1,32,8000,10,3,NVIDIA A100-SXM4-80GB,
2026-03-24T16:13:19.976685,COF_ideal__Orai1WT-START-Fr0_cleaned,Orai1WT-START-Fr0_cleaned,COF_ideal,failed,No output from any sub-box,0,0.43,,55,65,14.0,,,,,,,,223,21026,1,32,8000,10,3,NVIDIA A100-SXM4-80GB,
2026-03-24T16:13:20.001274,COS_ideal__Orai1WT-START-Fr0_cleaned,Orai1WT-START-Fr0_cleaned,COS_ideal,failed,No output from any sub-box,0,0.43,,49,60,13.0,,,,,,,,223,21026,1,32,8000,10,3,NVIDIA A100-SXM4-80GB,
2026-03-24T16:13:20.042053,COT_ideal__Orai1WT-START-Fr0_cleaned,Orai1WT-START-Fr0_cleaned,COT_ideal,failed,No output from any sub-box,0,0.43,,63,75,15.0,,,,,,,,223,21026,1,32,8000,10,3,NVIDIA A100-SXM4-80GB,
2026-03-24T16:13:20.066213,COX_ideal__Orai1WT-START-Fr0_cleaned,Orai1WT-START-Fr0_cleaned,COX_ideal,failed,No output from any sub-box,0,0.43,,22,24,2.0,,,,,,,,223,21026,1,32,8000,10,3,NVIDIA A100-SXM4-80GB,
2026-03-24T16:13:20.090204,CP0_ideal__Orai1WT-START-Fr0_cleaned,Orai1WT-START-Fr0_cleaned,CP0_ideal,failed,No output from any sub-box,0,0.43,,43,44,3.0,,,,,,,,223,21026,1,32,8000,10,3,NVIDIA A100-SXM4-80GB,
2026-03-24T16:13:20.162891,CP4_ideal__Orai1WT-START-Fr0_cleaned,Orai1WT-START-Fr0_cleaned,CP4_ideal,failed,No output from any sub-box,0,0.43,,34,38,5.0,,,,,,,,223,21026,1,32,8000,10,3,NVIDIA A100-SXM4-80GB,
2026-03-24T16:13:20.186343,CP5_ideal__Orai1WT-START-Fr0_cleaned,Orai1WT-START-Fr0_cleaned,CP5_ideal,failed,No output from any sub-box,0,0.43,,15,15,2.0,,,,,,,,223,21026,1,32,8000,10,3,NVIDIA A100-SXM4-80GB,
2026-03-24T16:13:20.215962,CPJ_ideal__Orai1WT-START-Fr0_cleaned,Orai1WT-START-Fr0_cleaned,CPJ_ideal,failed,No output from any sub-box,0,0.43,,30,34,5.0,,,,,,,,223,21026,1,32,8000,10,3,NVIDIA A100-SXM4-80GB,
2026-03-24T16:13:20.238512,CPL_ideal__Orai1WT-START-Fr0_cleaned,Orai1WT-START-Fr0_cleaned,CPL_ideal,failed,No output from any sub-box,0,0.43,,52,52,20.0,,,,,,,,223,21026,1,32,8000,10,3,NVIDIA A100-SXM4-80GB,
2026-03-24T16:13:20.261579,CPQ_ideal__Orai1WT-START-Fr0_cleaned,Orai1WT-START-Fr0_cleaned,CPQ_ideal,failed,No output from any sub-box,0,0.43,,60,74,17.0,,,,,,,,223,21026,1,32,8000,10,3,NVIDIA A100-SXM4-80GB,
2026-03-24T16:13:20.285308,CPZ_ideal__Orai1WT-START-Fr0_cleaned,Orai1WT-START-Fr0_cleaned,CPZ_ideal,failed,No output from any sub-box,0,0.43,,12,13,0.0,,,,,,,,223,21026,1,32,8000,10,3,NVIDIA A100-SXM4-80GB,
2026-03-24T16:13:20.317036,CRZ_ideal__Orai1WT-START-Fr0_cleaned,Orai1WT-START-Fr0_cleaned,CRZ_ideal,failed,No output from any sub-box,0,0.43,,19,20,2.0,,,,,,,,223,21026,1,32,8000,10,3,NVIDIA A100-SXM4-80GB,
2026-03-24T16:13:20.341287,CVB_ideal__Orai1WT-START-Fr0_cleaned,Orai1WT-START-Fr0_cleaned,CVB_ideal,failed,No output from any sub-box,0,0.43,,14,17,3.0,,,,,,,,223,21026,1,32,8000,10,3,NVIDIA A100-SXM4-80GB,
2026-03-24T16:13:20.364525,CXF_ideal__Orai1WT-START-Fr0_cleaned,Orai1WT-START-Fr0_cleaned,CXF_ideal,failed,No output from any sub-box,0,0.43,,9,10,0.0,,,,,,,,223,21026,1,32,8000,10,3,NVIDIA A100-SXM4-80GB,
2026-03-24T16:13:20.388374,CXL_ideal__Orai1WT-START-Fr0_cleaned,Orai1WT-START-Fr0_cleaned,CXL_ideal,failed,No output from any sub-box,0,0.43,,7,8,0.0,,,,,,,,223,21026,1,32,8000,10,3,NVIDIA A100-SXM4-80GB,
2026-03-24T16:13:20.417303,CXP_ideal__Orai1WT-START-Fr0_cleaned,Orai1WT-START-Fr0_cleaned,CXP_ideal,failed,No output from any sub-box,0,0.43,,11,12,2.0,,,,,,,,223,21026,1,32,8000,10,3,NVIDIA A100-SXM4-80GB,
2026-03-24T16:13:20.441541,CYH_ideal__Orai1WT-START-Fr0_cleaned,Orai1WT-START-Fr0_cleaned,CYH_ideal,failed,No output from any sub-box,0,0.43,,7,7,,,,,,,,,223,21026,1,32,8000,10,3,NVIDIA A100-SXM4-80GB,
2026-03-24T16:13:20.468915,CYU_ideal__Orai1WT-START-Fr0_cleaned,Orai1WT-START-Fr0_cleaned,CYU_ideal,failed,No output from any sub-box,0,0.43,,70,78,16.0,,,,,,,,223,21026,1,32,8000,10,3,NVIDIA A100-SXM4-80GB,
2026-03-24T16:13:20.493741,D1D_ideal__Orai1WT-START-Fr0_cleaned,Orai1WT-START-Fr0_cleaned,D1D_ideal,failed,No output from any sub-box,0,0.43,,8,10,1.0,,,,,,,,223,21026,1,32,8000,10,3,NVIDIA A100-SXM4-80GB,
2026-03-24T16:13:20.518073,D4G_ideal__Orai1WT-START-Fr0_cleaned,Orai1WT-START-Fr0_cleaned,D4G_ideal,failed,No output from any sub-box,0,0.43,,14,14,1.0,,,,,,,,223,21026,1,32,8000,10,3,NVIDIA A100-SXM4-80GB,
2026-03-24T16:13:20.541041,D4P_ideal__Orai1WT-START-Fr0_cleaned,Orai1WT-START-Fr0_cleaned,D4P_ideal,failed,No output from any sub-box,0,0.43,,12,16,2.0,,,,,,,,223,21026,1,32,8000,10,3,NVIDIA A100-SXM4-80GB,
2026-03-24T16:13:20.565734,D8W_ideal__Orai1WT-START-Fr0_cleaned,Orai1WT-START-Fr0_cleaned,D8W_ideal,failed,No output from any sub-box,0,0.43,,19,22,2.0,,,,,,,,223,21026,1,32,8000,10,3,NVIDIA A100-SXM4-80GB,
2026-03-24T16:13:20.588401,DAK_ideal__Orai1WT-START-Fr0_cleaned,Orai1WT-START-Fr0_cleaned,DAK_ideal,failed,No output from any sub-box,0,0.43,,61,71,15.0,,,,,,,,223,21026,1,32,8000,10,3,NVIDIA A100-SXM4-80GB,
2026-03-24T16:13:20.616506,DB8_ideal__Orai1WT-START-Fr0_cleaned,Orai1WT-START-Fr0_cleaned,DB8_ideal,failed,No output from any sub-box,0,0.43,,36,37,4.0,,,,,,,,223,21026,1,32,8000,10,3,NVIDIA A100-SXM4-80GB,
2026-03-24T16:13:20.643010,DBA_ideal__Orai1WT-START-Fr0_cleaned,Orai1WT-START-Fr0_cleaned,DBA_ideal,failed,No output from any sub-box,0,0.43,,13,14,2.0,,,,,,,,223,21026,1,32,8000,10,3,NVIDIA A100-SXM4-80GB,
2026-03-24T16:13:20.666552,DBE_ideal__Orai1WT-START-Fr0_cleaned,Orai1WT-START-Fr0_cleaned,DBE_ideal,failed,No output from any sub-box,0,0.43,,16,18,2.0,,,,,,,,223,21026,1,32,8000,10,3,NVIDIA A100-SXM4-80GB,
2026-03-24T16:13:20.689672,DBF_ideal__Orai1WT-START-Fr0_cleaned,Orai1WT-START-Fr0_cleaned,DBF_ideal,failed,No output from any sub-box,0,0.43,,19,21,2.0,,,,,,,,223,21026,1,32,8000,10,3,NVIDIA A100-SXM4-80GB,
2026-03-24T16:13:20.716971,DBY_ideal__Orai1WT-START-Fr0_cleaned,Orai1WT-START-Fr0_cleaned,DBY_ideal,failed,No output from any sub-box,0,0.43,,15,19,3.0,,,,,,,,223,21026,1,32,8000,10,3,NVIDIA A100-SXM4-80GB,
2026-03-24T16:13:20.763872,DCA_ideal__Orai1WT-START-Fr0_cleaned,Orai1WT-START-Fr0_cleaned,DCA_ideal,failed,No output from any sub-box,0,0.43,,47,57,12.0,,,,,,,,223,21026,1,32,8000,10,3,NVIDIA A100-SXM4-80GB,
2026-03-24T16:13:20.785985,DCC_ideal__Orai1WT-START-Fr0_cleaned,Orai1WT-START-Fr0_cleaned,DCC_ideal,failed,No output from any sub-box,0,0.43,,61,71,18.0,,,,,,,,223,21026,1,32,8000,10,3,NVIDIA A100-SXM4-80GB,
2026-03-24T16:13:20.817245,DCD_ideal__Orai1WT-START-Fr0_cleaned,Orai1WT-START-Fr0_cleaned,DCD_ideal,failed,No output from any sub-box,0,0.43,,8,9,1.0,,,,,,,,223,21026,1,32,8000,10,3,NVIDIA A100-SXM4-80GB,
2026-03-24T16:13:20.841427,DCE_ideal__Orai1WT-START-Fr0_cleaned,Orai1WT-START-Fr0_cleaned,DCE_ideal,failed,No output from any sub-box,0,0.43,,4,4,0.0,,,,,,,,223,21026,1,32,8000,10,3,NVIDIA A100-SXM4-80GB,
2026-03-24T16:13:20.891073,DCO_ideal__Orai1WT-START-Fr0_cleaned,Orai1WT-START-Fr0_cleaned,DCO_ideal,failed,No output from any sub-box,0,0.43,,12,15,3.0,,,,,,,,223,21026,1,32,8000,10,3,NVIDIA A100-SXM4-80GB,
2026-03-24T16:13:20.917582,DDF_ideal__Orai1WT-START-Fr0_cleaned,Orai1WT-START-Fr0_cleaned,DDF_ideal,failed,No output from any sub-box,0,0.43,,32,39,6.0,,,,,,,,223,21026,1,32,8000,10,3,NVIDIA A100-SXM4-80GB,
2026-03-24T16:13:20.942327,DDP_ideal__Orai1WT-START-Fr0_cleaned,Orai1WT-START-Fr0_cleaned,DDP_ideal,failed,No output from any sub-box,0,0.43,,10,16,2.0,,,,,,,,223,21026,1,32,8000,10,3,NVIDIA A100-SXM4-80GB,
2026-03-24T16:13:20.976934,DDT_ideal__Orai1WT-START-Fr0_cleaned,Orai1WT-START-Fr0_cleaned,DDT_ideal,failed,No output from any sub-box,0,0.43,,45,47,6.0,,,,,,,,223,21026,1,32,8000,10,3,NVIDIA A100-SXM4-80GB,
2026-03-24T16:13:21.034369,DEO_ideal__Orai1WT-START-Fr0_cleaned,Orai1WT-START-Fr0_cleaned,DEO_ideal,failed,No output from any sub-box,0,0.43,,35,36,5.0,,,,,,,,223,21026,1,32,8000,10,3,NVIDIA A100-SXM4-80GB,
2026-03-24T16:13:21.058379,DEP_ideal__Orai1WT-START-Fr0_cleaned,Orai1WT-START-Fr0_cleaned,DEP_ideal,failed,No output from any sub-box,0,0.43,,8,9,2.0,,,,,,,,223,21026,1,32,8000,10,3,NVIDIA A100-SXM4-80GB,
2026-03-24T16:13:21.081860,DEQ_ideal__Orai1WT-START-Fr0_cleaned,Orai1WT-START-Fr0_cleaned,DEQ_ideal,failed,No output from any sub-box,0,0.43,,34,38,6.0,,,,,,,,223,21026,1,32,8000,10,3,NVIDIA A100-SXM4-80GB,
2026-03-24T16:13:21.116367,DES_ideal__Orai1WT-START-Fr0_cleaned,Orai1WT-START-Fr0_cleaned,DES_ideal,failed,No output from any sub-box,0,0.43,,20,22,3.0,,,,,,,,223,21026,1,32,8000,10,3,NVIDIA A100-SXM4-80GB,
2026-03-24T16:13:21.140832,DFA_ideal__Orai1WT-START-Fr0_cleaned,Orai1WT-START-Fr0_cleaned,DFA_ideal,failed,No output from any sub-box,0,0.43,,16,17,2.0,,,,,,,,223,21026,1,32,8000,10,3,NVIDIA A100-SXM4-80GB,
2026-03-24T16:13:21.166255,DFP_ideal__Orai1WT-START-Fr0_cleaned,Orai1WT-START-Fr0_cleaned,DFP_ideal,failed,No output from any sub-box,0,0.43,,10,11,2.0,,,,,,,,223,21026,1,32,8000,10,3,NVIDIA A100-SXM4-80GB,
2026-03-24T16:13:21.194843,DGB_ideal__Orai1WT-START-Fr0_cleaned,Orai1WT-START-Fr0_cleaned,DGB_ideal,failed,No output from any sub-box,0,0.43,,29,30,4.0,,,,,,,,223,21026,1,32,8000,10,3,NVIDIA A100-SXM4-80GB,
2026-03-24T16:13:21.218703,DGD_ideal__Orai1WT-START-Fr0_cleaned,Orai1WT-START-Fr0_cleaned,DGD_ideal,failed,No output from any sub-box,0,0.43,,66,73,25.0,,,,,,,,223,21026,1,32,8000,10,3,NVIDIA A100-SXM4-80GB,
2026-03-24T16:13:21.241430,DGG_ideal__Orai1WT-START-Fr0_cleaned,Orai1WT-START-Fr0_cleaned,DGG_ideal,failed,No output from any sub-box,0,0.43,,50,53,21.0,,,,,,,,223,21026,1,32,8000,10,3,NVIDIA A100-SXM4-80GB,
2026-03-24T16:13:21.266399,DGX_ideal__Orai1WT-START-Fr0_cleaned,Orai1WT-START-Fr0_cleaned,DGX_ideal,failed,No output from any sub-box,0,0.43,,55,61,6.0,,,,,,,,223,21026,1,32,8000,10,3,NVIDIA A100-SXM4-80GB,
2026-03-24T16:13:21.289442,DHG_ideal__Orai1WT-START-Fr0_cleaned,Orai1WT-START-Fr0_cleaned,DHG_ideal,failed,No output from any sub-box,0,0.43,,28,31,11.0,,,,,,,,223,21026,1,32,8000,10,3,NVIDIA A100-SXM4-80GB,
2026-03-24T16:13:21.345143,DHR_ideal__Orai1WT-START-Fr0_cleaned,Orai1WT-START-Fr0_cleaned,DHR_ideal,failed,No output from any sub-box,0,0.43,,11,13,1.0,,,,,,,,223,21026,1,32,8000,10,3,NVIDIA A100-SXM4-80GB,
2026-03-24T16:13:21.369792,DI4_ideal__Orai1WT-START-Fr0_cleaned,Orai1WT-START-Fr0_cleaned,DI4_ideal,failed,No output from any sub-box,0,0.43,,32,38,8.0,,,,,,,,223,21026,1,32,8000,10,3,NVIDIA A100-SXM4-80GB,
2026-03-24T16:13:21.391892,DID_ideal__Orai1WT-START-Fr0_cleaned,Orai1WT-START-Fr0_cleaned,DID_ideal,failed,No output from any sub-box,0,0.43,,26,32,5.0,,,,,,,,223,21026,1,32,8000,10,3,NVIDIA A100-SXM4-80GB,
2026-03-24T16:13:21.417080,DIF_ideal__Orai1WT-START-Fr0_cleaned,Orai1WT-START-Fr0_cleaned,DIF_ideal,failed,No output from any sub-box,0,0.43,,19,21,2.0,,,,,,,,223,21026,1,32,8000,10,3,NVIDIA A100-SXM4-80GB,
2026-03-24T16:13:21.440763,DII_ideal__Orai1WT-START-Fr0_cleaned,Orai1WT-START-Fr0_cleaned,DII_ideal,failed,No output from any sub-box,0,0.43,,11,11,2.0,,,,,,,,223,21026,1,32,8000,10,3,NVIDIA A100-SXM4-80GB,
2026-03-24T16:13:21.464252,DIO_ideal__Orai1WT-START-Fr0_cleaned,Orai1WT-START-Fr0_cleaned,DIO_ideal,failed,No output from any sub-box,0,0.43,,6,6,,,,,,,,,223,21026,1,32,8000,10,3,NVIDIA A100-SXM4-80GB,
2026-03-24T16:13:21.485517,DKK_ideal__Orai1WT-START-Fr0_cleaned,Orai1WT-START-Fr0_cleaned,DKK_ideal,failed,No output from any sub-box,0,0.43,,31,37,5.0,,,,,,,,223,21026,1,32,8000,10,3,NVIDIA A100-SXM4-80GB,
2026-03-24T16:13:21.521815,DKT_ideal__Orai1WT-START-Fr0_cleaned,Orai1WT-START-Fr0_cleaned,DKT_ideal,failed,No output from any sub-box,0,0.43,,55,65,12.0,,,,,,,,223,21026,1,32,8000,10,3,NVIDIA A100-SXM4-80GB,
2026-03-24T16:13:21.548062,DLP_ideal__Orai1WT-START-Fr0_cleaned,Orai1WT-START-Fr0_cleaned,DLP_ideal,failed,No output from any sub-box,0,0.43,,54,54,20.0,,,,,,,,223,21026,1,32,8000,10,3,NVIDIA A100-SXM4-80GB,
2026-03-24T16:13:21.573694,DMB_ideal__Orai1WT-START-Fr0_cleaned,Orai1WT-START-Fr0_cleaned,DMB_ideal,failed,No output from any sub-box,0,0.43,,20,22,2.0,,,,,,,,223,21026,1,32,8000,10,3,NVIDIA A100-SXM4-80GB,
2026-03-24T16:13:21.598005,DMF_ideal__Orai1WT-START-Fr0_cleaned,Orai1WT-START-Fr0_cleaned,DMF_ideal,failed,No output from any sub-box,0,0.43,,5,5,,,,,,,,,223,21026,1,32,8000,10,3,NVIDIA A100-SXM4-80GB,
2026-03-24T16:13:21.637868,DMS_ideal__Orai1WT-START-Fr0_cleaned,Orai1WT-START-Fr0_cleaned,DMS_ideal,failed,No output from any sub-box,0,0.43,,4,4,,,,,,,,,223,21026,1,32,8000,10,3,NVIDIA A100-SXM4-80GB,
2026-03-24T16:13:21.662271,DMW_ideal__Orai1WT-START-Fr0_cleaned,Orai1WT-START-Fr0_cleaned,DMW_ideal,failed,No output from any sub-box,0,0.43,,14,14,,,,,,,,,223,21026,1,32,8000,10,3,NVIDIA A100-SXM4-80GB,
2026-03-24T16:13:21.717877,DMY_ideal__Orai1WT-START-Fr0_cleaned,Orai1WT-START-Fr0_cleaned,DMY_ideal,failed,No output from any sub-box,0,0.43,,35,42,4.0,,,,,,,,223,21026,1,32,8000,10,3,NVIDIA A100-SXM4-80GB,
2026-03-24T16:13:21.741749,DMZ_ideal__Orai1WT-START-Fr0_cleaned,Orai1WT-START-Fr0_cleaned,DMZ_ideal,failed,No output from any sub-box,0,0.43,,23,23,2.0,,,,,,,,223,21026,1,32,8000,10,3,NVIDIA A100-SXM4-80GB,
2026-03-24T16:13:21.768734,DN0_ideal__Orai1WT-START-Fr0_cleaned,Orai1WT-START-Fr0_cleaned,DN0_ideal,failed,No output from any sub-box,0,0.43,,32,33,4.0,,,,,,,,223,21026,1,32,8000,10,3,NVIDIA A100-SXM4-80GB,
2026-03-24T16:13:21.816683,DND_ideal__Orai1WT-START-Fr0_cleaned,Orai1WT-START-Fr0_cleaned,DND_ideal,failed,No output from any sub-box,0,0.43,,44,53,9.0,,,,,,,,223,21026,1,32,8000,10,3,NVIDIA A100-SXM4-80GB,
2026-03-24T16:13:21.839710,DNQ_ideal__Orai1WT-START-Fr0_cleaned,Orai1WT-START-Fr0_cleaned,DNQ_ideal,failed,No output from any sub-box,0,0.43,,18,18,1.0,,,,,,,,223,21026,1,32,8000,10,3,NVIDIA A100-SXM4-80GB,
2026-03-24T16:13:21.863760,DOL_ideal__Orai1WT-START-Fr0_cleaned,Orai1WT-START-Fr0_cleaned,DOL_ideal,failed,No output from any sub-box,0,0.43,,50,52,11.0,,,,,,,,223,21026,1,32,8000,10,3,NVIDIA A100-SXM4-80GB,
2026-03-24T16:13:21.886288,DP4_ideal__Orai1WT-START-Fr0_cleaned,Orai1WT-START-Fr0_cleaned,DP4_ideal,failed,No output from any sub-box,0,0.43,,17,17,1.0,,,,,,,,223,21026,1,32,8000,10,3,NVIDIA A100-SXM4-80GB,
2026-03-24T16:13:21.916565,DPJ_ideal__Orai1WT-START-Fr0_cleaned,Orai1WT-START-Fr0_cleaned,DPJ_ideal,failed,No output from any sub-box,0,0.43,,9,10,2.0,,,,,,,,223,21026,1,32,8000,10,3,NVIDIA A100-SXM4-80GB,
2026-03-24T16:13:21.941140,DPN_ideal__Orai1WT-START-Fr0_cleaned,Orai1WT-START-Fr0_cleaned,DPN_ideal,failed,No output from any sub-box,0,0.43,,12,15,2.0,,,,,,,,223,21026,1,32,8000,10,3,NVIDIA A100-SXM4-80GB,
2026-03-24T16:13:21.965412,DPT_ideal__Orai1WT-START-Fr0_cleaned,Orai1WT-START-Fr0_cleaned,DPT_ideal,failed,No output from any sub-box,0,0.43,,16,16,,,,,,,,,223,21026,1,32,8000,10,3,NVIDIA A100-SXM4-80GB,
2026-03-24T16:13:21.990502,DQN_ideal__Orai1WT-START-Fr0_cleaned,Orai1WT-START-Fr0_cleaned,DQN_ideal,failed,No output from any sub-box,0,0.43,,12,12,,,,,,,,,223,21026,1,32,8000,10,3,NVIDIA A100-SXM4-80GB,
2026-03-24T16:13:22.017025,DR6_ideal__Orai1WT-START-Fr0_cleaned,Orai1WT-START-Fr0_cleaned,DR6_ideal,failed,No output from any sub-box,0,0.43,,105,106,47.0,,,,,,,,223,21026,1,32,8000,10,3,NVIDIA A100-SXM4-80GB,
2026-03-24T16:13:22.041275,DR7_ideal__Orai1WT-START-Fr0_cleaned,Orai1WT-START-Fr0_cleaned,DR7_ideal,failed,No output from any sub-box,0,0.43,,51,56,9.0,,,,,,,,223,21026,1,32,8000,10,3,NVIDIA A100-SXM4-80GB,
2026-03-24T16:13:22.065225,DR9_ideal__Orai1WT-START-Fr0_cleaned,Orai1WT-START-Fr0_cleaned,DR9_ideal,failed,No output from any sub-box,0,0.43,,51,54,21.0,,,,,,,,223,21026,1,32,8000,10,3,NVIDIA A100-SXM4-80GB,
2026-03-24T16:13:22.089336,DRA_ideal__Orai1WT-START-Fr0_cleaned,Orai1WT-START-Fr0_cleaned,DRA_ideal,failed,No output from any sub-box,0,0.43,,55,60,6.0,,,,,,,,223,21026,1,32,8000,10,3,NVIDIA A100-SXM4-80GB,
2026-03-24T16:13:22.116228,DSM_ideal__Orai1WT-START-Fr0_cleaned,Orai1WT-START-Fr0_cleaned,DSM_ideal,failed,No output from any sub-box,0,0.43,,22,23,4.0,,,,,,,,223,21026,1,32,8000,10,3,NVIDIA A100-SXM4-80GB,
2026-03-24T16:13:22.140312,DSO_ideal__Orai1WT-START-Fr0_cleaned,Orai1WT-START-Fr0_cleaned,DSO_ideal,failed,No output from any sub-box,0,0.43,,38,40,6.0,,,,,,,,223,21026,1,32,8000,10,3,NVIDIA A100-SXM4-80GB,
2026-03-24T16:13:22.164410,DTD_ideal__Orai1WT-START-Fr0_cleaned,Orai1WT-START-Fr0_cleaned,DTD_ideal,failed,No output from any sub-box,0,0.43,,8,10,1.0,,,,,,,,223,21026,1,32,8000,10,3,NVIDIA A100-SXM4-80GB,
2026-03-24T16:13:22.187959,DTL_ideal__Orai1WT-START-Fr0_cleaned,Orai1WT-START-Fr0_cleaned,DTL_ideal,failed,No output from any sub-box,0,0.43,,8,12,3.0,,,,,,,,223,21026,1,32,8000,10,3,NVIDIA A100-SXM4-80GB,
2026-03-24T16:13:22.216015,DTT_ideal__Orai1WT-START-Fr0_cleaned,Orai1WT-START-Fr0_cleaned,DTT_ideal,failed,No output from any sub-box,0,0.43,,8,12,3.0,,,,,,,,223,21026,1,32,8000,10,3,NVIDIA A100-SXM4-80GB,
2026-03-24T16:13:22.241133,DTV_ideal__Orai1WT-START-Fr0_cleaned,Orai1WT-START-Fr0_cleaned,DTV_ideal,failed,No output from any sub-box,0,0.43,,8,12,3.0,,,,,,,,223,21026,1,32,8000,10,3,NVIDIA A100-SXM4-80GB,
2026-03-24T16:13:22.265025,DTY_ideal__Orai1WT-START-Fr0_cleaned,Orai1WT-START-Fr0_cleaned,DTY_ideal,failed,No output from any sub-box,0,0.43,,13,17,3.0,,,,,,,,223,21026,1,32,8000,10,3,NVIDIA A100-SXM4-80GB,
2026-03-24T16:13:22.289527,DVP_ideal__Orai1WT-START-Fr0_cleaned,Orai1WT-START-Fr0_cleaned,DVP_ideal,failed,No output from any sub-box,0,0.43,,32,37,4.0,,,,,,,,223,21026,1,32,8000,10,3,NVIDIA A100-SXM4-80GB,
2026-03-24T16:13:22.317681,DXE_ideal__Orai1WT-START-Fr0_cleaned,Orai1WT-START-Fr0_cleaned,DXE_ideal,failed,No output from any sub-box,0,0.43,,6,6,1.0,,,,,,,,223,21026,1,32,8000,10,3,NVIDIA A100-SXM4-80GB,
2026-03-24T16:13:22.342826,DXX_ideal__Orai1WT-START-Fr0_cleaned,Orai1WT-START-Fr0_cleaned,DXX_ideal,failed,No output from any sub-box,0,0.43,,8,10,2.0,,,,,,,,223,21026,1,32,8000,10,3,NVIDIA A100-SXM4-80GB,
2026-03-24T16:13:22.365970,DZ1_ideal__Orai1WT-START-Fr0_cleaned,Orai1WT-START-Fr0_cleaned,DZ1_ideal,failed,No output from any sub-box,0,0.43,,20,22,1.0,,,,,,,,223,21026,1,32,8000,10,3,NVIDIA A100-SXM4-80GB,
2026-03-24T16:13:22.390290,DZ2_ideal__Orai1WT-START-Fr0_cleaned,Orai1WT-START-Fr0_cleaned,DZ2_ideal,failed,No output from any sub-box,0,0.43,,20,22,1.0,,,,,,,,223,21026,1,32,8000,10,3,NVIDIA A100-SXM4-80GB,
2026-03-24T16:13:22.417589,DZ3_ideal__Orai1WT-START-Fr0_cleaned,Orai1WT-START-Fr0_cleaned,DZ3_ideal,failed,No output from any sub-box,0,0.43,,21,24,2.0,,,,,,,,223,21026,1,32,8000,10,3,NVIDIA A100-SXM4-80GB,
2026-03-24T16:13:22.442178,DZZ_ideal__Orai1WT-START-Fr0_cleaned,Orai1WT-START-Fr0_cleaned,DZZ_ideal,failed,No output from any sub-box,0,0.43,,7,8,1.0,,,,,,,,223,21026,1,32,8000,10,3,NVIDIA A100-SXM4-80GB,
2026-03-24T16:13:22.464938,E1P_ideal__Orai1WT-START-Fr0_cleaned,Orai1WT-START-Fr0_cleaned,E1P_ideal,failed,No output from any sub-box,0,0.43,,13,13,1.0,,,,,,,,223,21026,1,32,8000,10,3,NVIDIA A100-SXM4-80GB,
2026-03-24T16:13:22.487206,E4B_ideal__Orai1WT-START-Fr0_cleaned,Orai1WT-START-Fr0_cleaned,E4B_ideal,failed,No output from any sub-box,0,0.43,,12,13,2.0,,,,,,,,223,21026,1,32,8000,10,3,NVIDIA A100-SXM4-80GB,
2026-03-24T16:13:22.518395,E55_ideal__Orai1WT-START-Fr0_cleaned,Orai1WT-START-Fr0_cleaned,E55_ideal,failed,No output from any sub-box,0,0.43,,89,96,32.0,,,,,,,,223,21026,1,32,8000,10,3,NVIDIA A100-SXM4-80GB,
2026-03-24T16:13:22.541640,EAO_ideal__Orai1WT-START-Fr0_cleaned,Orai1WT-START-Fr0_cleaned,EAO_ideal,failed,No output from any sub-box,0,0.43,,19,21,3.0,,,,,,,,223,21026,1,32,8000,10,3,NVIDIA A100-SXM4-80GB,
2026-03-24T16:13:22.563394,ED9_ideal__Orai1WT-START-Fr0_cleaned,Orai1WT-START-Fr0_cleaned,ED9_ideal,failed,No output from any sub-box,0,0.43,,35,39,7.0,,,,,,,,223,21026,1,32,8000,10,3,NVIDIA A100-SXM4-80GB,
2026-03-24T16:13:22.690428,EDN_ideal__Orai1WT-START-Fr0_cleaned,Orai1WT-START-Fr0_cleaned,EDN_ideal,failed,No output from any sub-box,0,0.43,,4,8,1.0,,,,,,,,223,21026,1,32,8000,10,3,NVIDIA A100-SXM4-80GB,
2026-03-24T16:13:22.757451,EF6_ideal__Orai1WT-START-Fr0_cleaned,Orai1WT-START-Fr0_cleaned,EF6_ideal,failed,No output from any sub-box,0,0.43,,24,28,2.0,,,,,,,,223,21026,1,32,8000,10,3,NVIDIA A100-SXM4-80GB,
2026-03-24T16:13:22.786634,EG3_ideal__Orai1WT-START-Fr0_cleaned,Orai1WT-START-Fr0_cleaned,EG3_ideal,failed,No output from any sub-box,0,0.43,,33,39,8.0,,,,,,,,223,21026,1,32,8000,10,3,NVIDIA A100-SXM4-80GB,
2026-03-24T16:13:22.825456,EH5_ideal__Orai1WT-START-Fr0_cleaned,Orai1WT-START-Fr0_cleaned,EH5_ideal,failed,No output from any sub-box,0,0.43,,59,61,10.0,,,,,,,,223,21026,1,32,8000,10,3,NVIDIA A100-SXM4-80GB,
2026-03-24T16:13:22.849117,EHA_ideal__Orai1WT-START-Fr0_cleaned,Orai1WT-START-Fr0_cleaned,EHA_ideal,failed,No output from any sub-box,0,0.43,,39,40,6.0,,,,,,,,223,21026,1,32,8000,10,3,NVIDIA A100-SXM4-80GB,
2026-03-24T16:13:22.872848,EI3_ideal__Orai1WT-START-Fr0_cleaned,Orai1WT-START-Fr0_cleaned,EI3_ideal,failed,No output from any sub-box,0,0.43,,14,14,0.0,,,,,,,,223,21026,1,32,8000,10,3,NVIDIA A100-SXM4-80GB,
2026-03-24T16:13:22.897241,ELA_ideal__Orai1WT-START-Fr0_cleaned,Orai1WT-START-Fr0_cleaned,ELA_ideal,failed,No output from any sub-box,0,0.43,,20,21,8.0,,,,,,,,223,21026,1,32,8000,10,3,NVIDIA A100-SXM4-80GB,
2026-03-24T16:13:22.935022,ELD_ideal__Orai1WT-START-Fr0_cleaned,Orai1WT-START-Fr0_cleaned,ELD_ideal,failed,No output from any sub-box,0,0.43,,20,22,7.0,,,,,,,,223,21026,1,32,8000,10,3,NVIDIA A100-SXM4-80GB,
2026-03-24T16:13:22.958677,EM1_ideal__Orai1WT-START-Fr0_cleaned,Orai1WT-START-Fr0_cleaned,EM1_ideal,failed,No output from any sub-box,0,0.43,,62,65,12.0,,,,,,,,223,21026,1,32,8000,10,3,NVIDIA A100-SXM4-80GB,
2026-03-24T16:13:22.981641,EMH_ideal__Orai1WT-START-Fr0_cleaned,Orai1WT-START-Fr0_cleaned,EMH_ideal,failed,No output from any sub-box,0,0.43,,36,37,1.0,,,,,,,,223,21026,1,32,8000,10,3,NVIDIA A100-SXM4-80GB,
2026-03-24T16:13:23.017400,EMR_ideal__Orai1WT-START-Fr0_cleaned,Orai1WT-START-Fr0_cleaned,EMR_ideal,failed,No output from any sub-box,0,0.43,,9,11,1.0,,,,,,,,223,21026,1,32,8000,10,3,NVIDIA A100-SXM4-80GB,
2026-03-24T16:13:23.041244,ENA_ideal__Orai1WT-START-Fr0_cleaned,Orai1WT-START-Fr0_cleaned,ENA_ideal,failed,No output from any sub-box,0,0.43,,46,53,7.0,,,,,,,,223,21026,1,32,8000,10,3,NVIDIA A100-SXM4-80GB,
2026-03-24T16:13:23.065839,ENB_ideal__Orai1WT-START-Fr0_cleaned,Orai1WT-START-Fr0_cleaned,ENB_ideal,failed,No output from any sub-box,0,0.43,,40,44,7.0,,,,,,,,223,21026,1,32,8000,10,3,NVIDIA A100-SXM4-80GB,
2026-03-24T16:13:23.090256,ENO_ideal__Orai1WT-START-Fr0_cleaned,Orai1WT-START-Fr0_cleaned,ENO_ideal,failed,No output from any sub-box,0,0.43,,13,15,2.0,,,,,,,,223,21026,1,32,8000,10,3,NVIDIA A100-SXM4-80GB,
2026-03-24T16:13:23.120416,ENP_ideal__Orai1WT-START-Fr0_cleaned,Orai1WT-START-Fr0_cleaned,ENP_ideal,failed,No output from any sub-box,0,0.43,,42,50,9.0,,,,,,,,223,21026,1,32,8000,10,3,NVIDIA A100-SXM4-80GB,
2026-03-24T16:13:23.143763,EOU_ideal__Orai1WT-START-Fr0_cleaned,Orai1WT-START-Fr0_cleaned,EOU_ideal,failed,No output from any sub-box,0,0.43,,10,10,2.0,,,,,,,,223,21026,1,32,8000,10,3,NVIDIA A100-SXM4-80GB,
2026-03-24T16:13:23.168072,EP6_ideal__Orai1WT-START-Fr0_cleaned,Orai1WT-START-Fr0_cleaned,EP6_ideal,failed,No output from any sub-box,0,0.43,,41,46,6.0,,,,,,,,223,21026,1,32,8000,10,3,NVIDIA A100-SXM4-80GB,
2026-03-24T16:13:23.191491,EPA_ideal__Orai1WT-START-Fr0_cleaned,Orai1WT-START-Fr0_cleaned,EPA_ideal,failed,No output from any sub-box,0,0.43,,22,23,7.0,,,,,,,,223,21026,1,32,8000,10,3,NVIDIA A100-SXM4-80GB,
2026-03-24T16:13:23.216871,EPH_ideal__Orai1WT-START-Fr0_cleaned,Orai1WT-START-Fr0_cleaned,EPH_ideal,failed,No output from any sub-box,0,0.43,,49,52,19.0,,,,,,,,223,21026,1,32,8000,10,3,NVIDIA A100-SXM4-80GB,
2026-03-24T16:13:23.240802,ESA_ideal__Orai1WT-START-Fr0_cleaned,Orai1WT-START-Fr0_cleaned,ESA_ideal,failed,No output from any sub-box,0,0.43,,6,7,1.0,,,,,,,,223,21026,1,32,8000,10,3,NVIDIA A100-SXM4-80GB,
2026-03-24T16:13:23.263676,ETF_ideal__Orai1WT-START-Fr0_cleaned,Orai1WT-START-Fr0_cleaned,ETF_ideal,failed,No output from any sub-box,0,0.43,,6,7,1.0,,,,,,,,223,21026,1,32,8000,10,3,NVIDIA A100-SXM4-80GB,
2026-03-24T16:13:23.285017,ETM_ideal__Orai1WT-START-Fr0_cleaned,Orai1WT-START-Fr0_cleaned,ETM_ideal,failed,No output from any sub-box,0,0.43,,7,8,1.0,,,,,,,,223,21026,1,32,8000,10,3,NVIDIA A100-SXM4-80GB,
2026-03-24T16:13:23.316301,ETZ_ideal__Orai1WT-START-Fr0_cleaned,Orai1WT-START-Fr0_cleaned,ETZ_ideal,failed,No output from any sub-box,0,0.43,,5,5,1.0,,,,,,,,223,21026,1,32,8000,10,3,NVIDIA A100-SXM4-80GB,
2026-03-24T16:13:23.341430,EYK_ideal__Orai1WT-START-Fr0_cleaned,Orai1WT-START-Fr0_cleaned,EYK_ideal,failed,No output from any sub-box,0,0.43,,12,14,1.0,,,,,,,,223,21026,1,32,8000,10,3,NVIDIA A100-SXM4-80GB,
2026-03-24T16:13:23.365224,F23_ideal__Orai1WT-START-Fr0_cleaned,Orai1WT-START-Fr0_cleaned,F23_ideal,failed,No output from any sub-box,0,0.43,,25,26,11.0,,,,,,,,223,21026,1,32,8000,10,3,NVIDIA A100-SXM4-80GB,
2026-03-24T16:13:23.401504,F3F_ideal__Orai1WT-START-Fr0_cleaned,Orai1WT-START-Fr0_cleaned,F3F_ideal,failed,No output from any sub-box,0,0.43,,25,26,2.0,,,,,,,,223,21026,1,32,8000,10,3,NVIDIA A100-SXM4-80GB,
2026-03-24T16:13:23.440830,F42_ideal__Orai1WT-START-Fr0_cleaned,Orai1WT-START-Fr0_cleaned,F42_ideal,failed,No output from any sub-box,0,0.43,,53,64,14.0,,,,,,,,223,21026,1,32,8000,10,3,NVIDIA A100-SXM4-80GB,
2026-03-24T16:13:23.465231,F6B_ideal__Orai1WT-START-Fr0_cleaned,Orai1WT-START-Fr0_cleaned,F6B_ideal,failed,No output from any sub-box,0,0.43,,22,25,2.0,,,,,,,,223,21026,1,32,8000,10,3,NVIDIA A100-SXM4-80GB,
2026-03-24T16:13:23.492901,F6M_ideal__Orai1WT-START-Fr0_cleaned,Orai1WT-START-Fr0_cleaned,F6M_ideal,failed,No output from any sub-box,0,0.43,,39,42,7.0,,,,,,,,223,21026,1,32,8000,10,3,NVIDIA A100-SXM4-80GB,
2026-03-24T16:13:23.517107,F6O_ideal__Orai1WT-START-Fr0_cleaned,Orai1WT-START-Fr0_cleaned,F6O_ideal,failed,No output from any sub-box,0,0.43,,41,43,4.0,,,,,,,,223,21026,1,32,8000,10,3,NVIDIA A100-SXM4-80GB,
2026-03-24T16:13:23.541025,F9R_ideal__Orai1WT-START-Fr0_cleaned,Orai1WT-START-Fr0_cleaned,F9R_ideal,failed,No output from any sub-box,0,0.43,,54,59,6.0,,,,,,,,223,21026,1,32,8000,10,3,NVIDIA A100-SXM4-80GB,
2026-03-24T16:13:23.565472,FAB_ideal__Orai1WT-START-Fr0_cleaned,Orai1WT-START-Fr0_cleaned,FAB_ideal,failed,No output from any sub-box,0,0.43,,58,67,11.0,,,,,,,,223,21026,1,32,8000,10,3,NVIDIA A100-SXM4-80GB,
2026-03-24T16:13:23.635874,FAC_ideal__Orai1WT-START-Fr0_cleaned,Orai1WT-START-Fr0_cleaned,FAC_ideal,failed,No output from any sub-box,0,0.43,,11,13,2.0,,,,,,,,223,21026,1,32,8000,10,3,NVIDIA A100-SXM4-80GB,
2026-03-24T16:13:23.659464,FAD_ideal__Orai1WT-START-Fr0_cleaned,Orai1WT-START-Fr0_cleaned,FAD_ideal,failed,No output from any sub-box,0,0.43,,53,63,10.0,,,,,,,,223,21026,1,32,8000,10,3,NVIDIA A100-SXM4-80GB,
2026-03-24T16:13:23.683121,FAE_ideal__Orai1WT-START-Fr0_cleaned,Orai1WT-START-Fr0_cleaned,FAE_ideal,failed,No output from any sub-box,0,0.43,,53,64,10.0,,,,,,,,223,21026,1,32,8000,10,3,NVIDIA A100-SXM4-80GB,
2026-03-24T16:13:23.716672,FBA_ideal__Orai1WT-START-Fr0_cleaned,Orai1WT-START-Fr0_cleaned,FBA_ideal,failed,No output from any sub-box,0,0.43,,9,12,1.0,,,,,,,,223,21026,1,32,8000,10,3,NVIDIA A100-SXM4-80GB,
2026-03-24T16:13:23.740437,FBC_ideal__Orai1WT-START-Fr0_cleaned,Orai1WT-START-Fr0_cleaned,FBC_ideal,failed,No output from any sub-box,0,0.43,,17,18,1.0,,,,,,,,223,21026,1,32,8000,10,3,NVIDIA A100-SXM4-80GB,
2026-03-24T16:13:23.764700,FBS_ideal__Orai1WT-START-Fr0_cleaned,Orai1WT-START-Fr0_cleaned,FBS_ideal,failed,No output from any sub-box,0,0.43,,11,13,1.0,,,,,,,,223,21026,1,32,8000,10,3,NVIDIA A100-SXM4-80GB,
2026-03-24T16:13:23.790433,FBT_ideal__Orai1WT-START-Fr0_cleaned,Orai1WT-START-Fr0_cleaned,FBT_ideal,failed,No output from any sub-box,0,0.43,,12,14,1.0,,,,,,,,223,21026,1,32,8000,10,3,NVIDIA A100-SXM4-80GB,
2026-03-24T16:13:23.816308,FBU_ideal__Orai1WT-START-Fr0_cleaned,Orai1WT-START-Fr0_cleaned,FBU_ideal,failed,No output from any sub-box,0,0.43,,12,14,1.0,,,,,,,,223,21026,1,32,8000,10,3,NVIDIA A100-SXM4-80GB,
2026-03-24T16:13:23.839582,FCR_ideal__Orai1WT-START-Fr0_cleaned,Orai1WT-START-Fr0_cleaned,FCR_ideal,failed,No output from any sub-box,0,0.43,,11,12,1.0,,,,,,,,223,21026,1,32,8000,10,3,NVIDIA A100-SXM4-80GB,
2026-03-24T16:13:23.865246,FCX_ideal__Orai1WT-START-Fr0_cleaned,Orai1WT-START-Fr0_cleaned,FCX_ideal,failed,No output from any sub-box,0,0.43,,52,63,14.0,,,,,,,,223,21026,1,32,8000,10,3,NVIDIA A100-SXM4-80GB,
2026-03-24T16:13:23.892158,FE1_ideal__Orai1WT-START-Fr0_cleaned,Orai1WT-START-Fr0_cleaned,FE1_ideal,failed,No output from any sub-box,0,0.43,,33,37,4.0,,,,,,,,223,21026,1,32,8000,10,3,NVIDIA A100-SXM4-80GB,
2026-03-24T16:13:23.917026,FFB_ideal__Orai1WT-START-Fr0_cleaned,Orai1WT-START-Fr0_cleaned,FFB_ideal,failed,No output from any sub-box,0,0.43,,25,28,2.0,,,,,,,,223,21026,1,32,8000,10,3,NVIDIA A100-SXM4-80GB,
2026-03-24T16:13:23.940983,FGL_ideal__Orai1WT-START-Fr0_cleaned,Orai1WT-START-Fr0_cleaned,FGL_ideal,failed,No output from any sub-box,0,0.43,,8,12,2.0,,,,,,,,223,21026,1,32,8000,10,3,NVIDIA A100-SXM4-80GB,
2026-03-24T16:13:23.962881,FHC_ideal__Orai1WT-START-Fr0_cleaned,Orai1WT-START-Fr0_cleaned,FHC_ideal,failed,No output from any sub-box,0,0.43,,13,14,1.0,,,,,,,,223,21026,1,32,8000,10,3,NVIDIA A100-SXM4-80GB,
2026-03-24T16:13:23.984560,FI8_ideal__Orai1WT-START-Fr0_cleaned,Orai1WT-START-Fr0_cleaned,FI8_ideal,failed,No output from any sub-box,0,0.43,,74,81,17.0,,,,,,,,223,21026,1,32,8000,10,3,NVIDIA A100-SXM4-80GB,
2026-03-24T16:13:24.017211,FJ0_ideal__Orai1WT-START-Fr0_cleaned,Orai1WT-START-Fr0_cleaned,FJ0_ideal,failed,No output from any sub-box,0,0.43,,36,38,3.0,,,,,,,,223,21026,1,32,8000,10,3,NVIDIA A100-SXM4-80GB,
2026-03-24T16:13:24.041102,FLA_ideal__Orai1WT-START-Fr0_cleaned,Orai1WT-START-Fr0_cleaned,FLA_ideal,failed,No output from any sub-box,0,0.43,,9,12,2.0,,,,,,,,223,21026,1,32,8000,10,3,NVIDIA A100-SXM4-80GB,
2026-03-24T16:13:24.065198,FMM_ideal__Orai1WT-START-Fr0_cleaned,Orai1WT-START-Fr0_cleaned,FMM_ideal,failed,No output from any sub-box,0,0.43,,40,42,5.0,,,,,,,,223,21026,1,32,8000,10,3,NVIDIA A100-SXM4-80GB,
2026-03-24T16:13:24.134636,FNP_ideal__Orai1WT-START-Fr0_cleaned,Orai1WT-START-Fr0_cleaned,FNP_ideal,failed,No output from any sub-box,0,0.43,,24,28,4.0,,,,,,,,223,21026,1,32,8000,10,3,NVIDIA A100-SXM4-80GB,
2026-03-24T16:13:24.160682,FOS_ideal__Orai1WT-START-Fr0_cleaned,Orai1WT-START-Fr0_cleaned,FOS_ideal,failed,No output from any sub-box,0,0.43,,16,19,3.0,,,,,,,,223,21026,1,32,8000,10,3,NVIDIA A100-SXM4-80GB,
2026-03-24T16:13:24.180936,FPI_ideal__Orai1WT-START-Fr0_cleaned,Orai1WT-START-Fr0_cleaned,FPI_ideal,failed,No output from any sub-box,0,0.43,,8,8,,,,,,,,,223,21026,1,32,8000,10,3,NVIDIA A100-SXM4-80GB,
2026-03-24T16:13:24.201843,FPO_ideal__Orai1WT-START-Fr0_cleaned,Orai1WT-START-Fr0_cleaned,FPO_ideal,failed,No output from any sub-box,0,0.43,,5,5,,,,,,,,,223,21026,1,32,8000,10,3,NVIDIA A100-SXM4-80GB,
2026-03-24T16:13:24.245451,FR1_ideal__Orai1WT-START-Fr0_cleaned,Orai1WT-START-Fr0_cleaned,FR1_ideal,failed,No output from any sub-box,0,0.43,,40,44,7.0,,,,,,,,223,21026,1,32,8000,10,3,NVIDIA A100-SXM4-80GB,
2026-03-24T16:13:24.270431,FRB_ideal__Orai1WT-START-Fr0_cleaned,Orai1WT-START-Fr0_cleaned,FRB_ideal,failed,No output from any sub-box,0,0.43,,36,42,3.0,,,,,,,,223,21026,1,32,8000,10,3,NVIDIA A100-SXM4-80GB,
2026-03-24T16:13:24.294696,FRE_ideal__Orai1WT-START-Fr0_cleaned,Orai1WT-START-Fr0_cleaned,FRE_ideal,failed,No output from any sub-box,0,0.43,,62,74,16.0,,,,,,,,223,21026,1,32,8000,10,3,NVIDIA A100-SXM4-80GB,
2026-03-24T16:13:24.318366,FRH_ideal__Orai1WT-START-Fr0_cleaned,Orai1WT-START-Fr0_cleaned,FRH_ideal,failed,No output from any sub-box,0,0.43,,45,51,6.0,,,,,,,,223,21026,1,32,8000,10,3,NVIDIA A100-SXM4-80GB,
2026-03-24T16:13:24.341897,FRI_ideal__Orai1WT-START-Fr0_cleaned,Orai1WT-START-Fr0_cleaned,FRI_ideal,failed,No output from any sub-box,0,0.43,,47,53,6.0,,,,,,,,223,21026,1,32,8000,10,3,NVIDIA A100-SXM4-80GB,
2026-03-24T16:13:24.364467,FUG_ideal__Orai1WT-START-Fr0_cleaned,Orai1WT-START-Fr0_cleaned,FUG_ideal,failed,No output from any sub-box,0,0.43,,33,35,6.0,,,,,,,,223,21026,1,32,8000,10,3,NVIDIA A100-SXM4-80GB,
2026-03-24T16:13:24.388402,FUM_ideal__Orai1WT-START-Fr0_cleaned,Orai1WT-START-Fr0_cleaned,FUM_ideal,failed,No output from any sub-box,0,0.43,,8,10,2.0,,,,,,,,223,21026,1,32,8000,10,3,NVIDIA A100-SXM4-80GB,
2026-03-24T16:13:24.416517,FXG_ideal__Orai1WT-START-Fr0_cleaned,Orai1WT-START-Fr0_cleaned,FXG_ideal,failed,No output from any sub-box,0,0.43,,31,35,6.0,,,,,,,,223,21026,1,32,8000,10,3,NVIDIA A100-SXM4-80GB,
2026-03-24T16:13:24.456321,G1L_ideal__Orai1WT-START-Fr0_cleaned,Orai1WT-START-Fr0_cleaned,G1L_ideal,failed,No output from any sub-box,0,0.43,,18,19,2.0,,,,,,,,223,21026,1,32,8000,10,3,NVIDIA A100-SXM4-80GB,
2026-03-24T16:13:24.479602,G2H_ideal__Orai1WT-START-Fr0_cleaned,Orai1WT-START-Fr0_cleaned,G2H_ideal,failed,No output from any sub-box,0,0.43,,10,14,4.0,,,,,,,,223,21026,1,32,8000,10,3,NVIDIA A100-SXM4-80GB,
2026-03-24T16:13:24.519990,G50_ideal__Orai1WT-START-Fr0_cleaned,Orai1WT-START-Fr0_cleaned,G50_ideal,failed,No output from any sub-box,0,0.43,,20,24,4.0,,,,,,,,223,21026,1,32,8000,10,3,NVIDIA A100-SXM4-80GB,
2026-03-24T16:13:24.544214,G65_ideal__Orai1WT-START-Fr0_cleaned,Orai1WT-START-Fr0_cleaned,G65_ideal,failed,No output from any sub-box,0,0.43,,36,38,3.0,,,,,,,,223,21026,1,32,8000,10,3,NVIDIA A100-SXM4-80GB,
2026-03-24T16:13:24.568916,GAH_ideal__Orai1WT-START-Fr0_cleaned,Orai1WT-START-Fr0_cleaned,GAH_ideal,failed,No output from any sub-box,0,0.43,,55,69,10.0,,,,,,,,223,21026,1,32,8000,10,3,NVIDIA A100-SXM4-80GB,
2026-03-24T16:13:24.593430,GB5_ideal__Orai1WT-START-Fr0_cleaned,Orai1WT-START-Fr0_cleaned,GB5_ideal,failed,No output from any sub-box,0,0.43,,13,15,1.0,,,,,,,,223,21026,1,32,8000,10,3,NVIDIA A100-SXM4-80GB,
2026-03-24T16:13:24.619001,GBM_ideal__Orai1WT-START-Fr0_cleaned,Orai1WT-START-Fr0_cleaned,GBM_ideal,failed,No output from any sub-box,0,0.43,,33,36,4.0,,,,,,,,223,21026,1,32,8000,10,3,NVIDIA A100-SXM4-80GB,
2026-03-24T16:13:24.642819,GBN_ideal__Orai1WT-START-Fr0_cleaned,Orai1WT-START-Fr0_cleaned,GBN_ideal,failed,No output from any sub-box,0,0.43,,12,15,2.0,,,,,,,,223,21026,1,32,8000,10,3,NVIDIA A100-SXM4-80GB,
2026-03-24T16:13:24.656074,GCG_ideal__Orai1WT-START-Fr0_cleaned,Orai1WT-START-Fr0_cleaned,GCG_ideal,failed,No output from any sub-box,0,0.43,,48,63,16.0,,,,,,,,223,21026,1,32,8000,10,3,NVIDIA A100-SXM4-80GB,
2026-03-24T16:13:24.667920,GD7_ideal__Orai1WT-START-Fr0_cleaned,Orai1WT-START-Fr0_cleaned,GD7_ideal,failed,No output from any sub-box,0,0.43,,10,11,1.0,,,,,,,,223,21026,1,32,8000,10,3,NVIDIA A100-SXM4-80GB,
2026-03-24T16:13:24.681118,GD8_ideal__Orai1WT-START-Fr0_cleaned,Orai1WT-START-Fr0_cleaned,GD8_ideal,failed,No output from any sub-box,0,0.43,,10,11,1.0,,,,,,,,223,21026,1,32,8000,10,3,NVIDIA A100-SXM4-80GB,
2026-03-24T16:13:24.692889,GEL_ideal__Orai1WT-START-Fr0_cleaned,Orai1WT-START-Fr0_cleaned,GEL_ideal,failed,No output from any sub-box,0,0.43,,31,35,13.0,,,,,,,,223,21026,1,32,8000,10,3,NVIDIA A100-SXM4-80GB,
2026-03-24T16:13:24.716665,GG5_ideal__Orai1WT-START-Fr0_cleaned,Orai1WT-START-Fr0_cleaned,GG5_ideal,failed,No output from any sub-box,0,0.43,,18,19,1.0,,,,,,,,223,21026,1,32,8000,10,3,NVIDIA A100-SXM4-80GB,
2026-03-24T16:13:24.731104,GHP_ideal__Orai1WT-START-Fr0_cleaned,Orai1WT-START-Fr0_cleaned,GHP_ideal,failed,No output from any sub-box,0,0.43,,12,16,2.0,,,,,,,,223,21026,1,32,8000,10,3,NVIDIA A100-SXM4-80GB,
2026-03-24T16:13:24.746922,GJZ_ideal__Orai1WT-START-Fr0_cleaned,Orai1WT-START-Fr0_cleaned,GJZ_ideal,failed,No output from any sub-box,0,0.43,,10,12,1.0,,,,,,,,223,21026,1,32,8000,10,3,NVIDIA A100-SXM4-80GB,
2026-03-24T16:13:24.762716,GL8_ideal__Orai1WT-START-Fr0_cleaned,Orai1WT-START-Fr0_cleaned,GL8_ideal,failed,No output from any sub-box,0,0.43,,41,42,7.0,,,,,,,,223,21026,1,32,8000,10,3,NVIDIA A100-SXM4-80GB,
2026-03-24T16:13:24.779230,GLE_ideal__Orai1WT-START-Fr0_cleaned,Orai1WT-START-Fr0_cleaned,GLE_ideal,failed,No output from any sub-box,0,0.43,,26,27,9.0,,,,,,,,223,21026,1,32,8000,10,3,NVIDIA A100-SXM4-80GB,
2026-03-24T16:13:24.797154,GLL_ideal__Orai1WT-START-Fr0_cleaned,Orai1WT-START-Fr0_cleaned,GLL_ideal,failed,No output from any sub-box,0,0.43,,10,14,,,,,,,,,223,21026,1,32,8000,10,3,NVIDIA A100-SXM4-80GB,
2026-03-24T16:13:24.827450,GNF_ideal__Orai1WT-START-Fr0_cleaned,Orai1WT-START-Fr0_cleaned,GNF_ideal,failed,No output from any sub-box,0,0.43,,32,35,5.0,,,,,,,,223,21026,1,32,8000,10,3,NVIDIA A100-SXM4-80GB,
2026-03-24T16:13:24.844244,GOL_ideal__Orai1WT-START-Fr0_cleaned,Orai1WT-START-Fr0_cleaned,GOL_ideal,failed,No output from any sub-box,0,0.43,,6,9,2.0,,,,,,,,223,21026,1,32,8000,10,3,NVIDIA A100-SXM4-80GB,
2026-03-24T16:13:24.864301,GP3_ideal__Orai1WT-START-Fr0_cleaned,Orai1WT-START-Fr0_cleaned,GP3_ideal,failed,No output from any sub-box,0,0.43,,51,64,10.0,,,,,,,,223,21026,1,32,8000,10,3,NVIDIA A100-SXM4-80GB,
2026-03-24T16:13:24.881025,GP6_ideal__Orai1WT-START-Fr0_cleaned,Orai1WT-START-Fr0_cleaned,GP6_ideal,failed,No output from any sub-box,0,0.43,,20,25,1.0,,,,,,,,223,21026,1,32,8000,10,3,NVIDIA A100-SXM4-80GB,
2026-03-24T16:13:24.897726,GTA_ideal__Orai1WT-START-Fr0_cleaned,Orai1WT-START-Fr0_cleaned,GTA_ideal,failed,No output from any sub-box,0,0.43,,51,63,10.0,,,,,,,,223,21026,1,32,8000,10,3,NVIDIA A100-SXM4-80GB,
2026-03-24T16:13:24.930532,GTG_ideal__Orai1WT-START-Fr0_cleaned,Orai1WT-START-Fr0_cleaned,GTG_ideal,failed,No output from any sub-box,0,0.43,,52,65,10.0,,,,,,,,223,21026,1,32,8000,10,3,NVIDIA A100-SXM4-80GB,
2026-03-24T16:13:24.967960,GTY_ideal__Orai1WT-START-Fr0_cleaned,Orai1WT-START-Fr0_cleaned,GTY_ideal,failed,No output from any sub-box,0,0.43,,28,34,10.0,,,,,,,,223,21026,1,32,8000,10,3,NVIDIA A100-SXM4-80GB,
2026-03-24T16:13:25.002228,GUA_ideal__Orai1WT-START-Fr0_cleaned,Orai1WT-START-Fr0_cleaned,GUA_ideal,failed,No output from any sub-box,0,0.43,,9,11,3.0,,,,,,,,223,21026,1,32,8000,10,3,NVIDIA A100-SXM4-80GB,
2026-03-24T16:13:25.041002,GV0_ideal__Orai1WT-START-Fr0_cleaned,Orai1WT-START-Fr0_cleaned,GV0_ideal,failed,No output from any sub-box,0,0.43,,46,49,4.0,,,,,,,,223,21026,1,32,8000,10,3,NVIDIA A100-SXM4-80GB,
2026-03-24T16:13:25.064263,GVC_ideal__Orai1WT-START-Fr0_cleaned,Orai1WT-START-Fr0_cleaned,GVC_ideal,failed,No output from any sub-box,0,0.43,,17,18,1.0,,,,,,,,223,21026,1,32,8000,10,3,NVIDIA A100-SXM4-80GB,
2026-03-24T16:13:25.088201,GVN_ideal__Orai1WT-START-Fr0_cleaned,Orai1WT-START-Fr0_cleaned,GVN_ideal,failed,No output from any sub-box,0,0.43,,21,24,2.0,,,,,,,,223,21026,1,32,8000,10,3,NVIDIA A100-SXM4-80GB,
2026-03-24T16:13:25.119682,GVO_ideal__Orai1WT-START-Fr0_cleaned,Orai1WT-START-Fr0_cleaned,GVO_ideal,failed,No output from any sub-box,0,0.43,,21,24,2.0,,,,,,,,223,21026,1,32,8000,10,3,NVIDIA A100-SXM4-80GB,
2026-03-24T16:13:25.143092,GVQ_ideal__Orai1WT-START-Fr0_cleaned,Orai1WT-START-Fr0_cleaned,GVQ_ideal,failed,No output from any sub-box,0,0.43,,16,18,2.0,,,,,,,,223,21026,1,32,8000,10,3,NVIDIA A100-SXM4-80GB,
2026-03-24T16:13:25.165949,GZB_ideal__Orai1WT-START-Fr0_cleaned,Orai1WT-START-Fr0_cleaned,GZB_ideal,failed,No output from any sub-box,0,0.43,,13,15,2.0,,,,,,,,223,21026,1,32,8000,10,3,NVIDIA A100-SXM4-80GB,
2026-03-24T16:13:25.189560,H11_ideal__Orai1WT-START-Fr0_cleaned,Orai1WT-START-Fr0_cleaned,H11_ideal,failed,No output from any sub-box,0,0.43,,21,22,5.0,,,,,,,,223,21026,1,32,8000,10,3,NVIDIA A100-SXM4-80GB,
2026-03-24T16:13:25.216620,H3P_ideal__Orai1WT-START-Fr0_cleaned,Orai1WT-START-Fr0_cleaned,H3P_ideal,failed,No output from any sub-box,0,0.43,,21,23,2.0,,,,,,,,223,21026,1,32,8000,10,3,NVIDIA A100-SXM4-80GB,
2026-03-24T16:13:25.240356,H4M_ideal__Orai1WT-START-Fr0_cleaned,Orai1WT-START-Fr0_cleaned,H4M_ideal,failed,No output from any sub-box,0,0.43,,54,66,13.0,,,,,,,,223,21026,1,32,8000,10,3,NVIDIA A100-SXM4-80GB,
2026-03-24T16:13:25.263467,HAI_ideal__Orai1WT-START-Fr0_cleaned,Orai1WT-START-Fr0_cleaned,HAI_ideal,failed,No output from any sub-box,0,0.43,,7,10,0.0,,,,,,,,223,21026,1,32,8000,10,3,NVIDIA A100-SXM4-80GB,
2026-03-24T16:13:25.285345,HAL_ideal__Orai1WT-START-Fr0_cleaned,Orai1WT-START-Fr0_cleaned,HAL_ideal,failed,No output from any sub-box,0,0.43,,33,37,8.0,,,,,,,,223,21026,1,32,8000,10,3,NVIDIA A100-SXM4-80GB,
2026-03-24T16:13:25.315946,HAZ_ideal__Orai1WT-START-Fr0_cleaned,Orai1WT-START-Fr0_cleaned,HAZ_ideal,failed,No output from any sub-box,0,0.43,,33,36,4.0,,,,,,,,223,21026,1,32,8000,10,3,NVIDIA A100-SXM4-80GB,
2026-03-24T16:13:25.340892,HBA_ideal__Orai1WT-START-Fr0_cleaned,Orai1WT-START-Fr0_cleaned,HBA_ideal,failed,No output from any sub-box,0,0.43,,9,10,1.0,,,,,,,,223,21026,1,32,8000,10,3,NVIDIA A100-SXM4-80GB,
2026-03-24T16:13:25.365779,HC4_ideal__Orai1WT-START-Fr0_cleaned,Orai1WT-START-Fr0_cleaned,HC4_ideal,failed,No output from any sub-box,0,0.43,,12,14,2.0,,,,,,,,223,21026,1,32,8000,10,3,NVIDIA A100-SXM4-80GB,
2026-03-24T16:13:25.389811,HCI_ideal__Orai1WT-START-Fr0_cleaned,Orai1WT-START-Fr0_cleaned,HCI_ideal,failed,No output from any sub-box,0,0.43,,11,12,2.0,,,,,,,,223,21026,1,32,8000,10,3,NVIDIA A100-SXM4-80GB,
2026-03-24T16:13:25.417790,HDC_ideal__Orai1WT-START-Fr0_cleaned,Orai1WT-START-Fr0_cleaned,HDC_ideal,failed,No output from any sub-box,0,0.43,,60,71,18.0,,,,,,,,223,21026,1,32,8000,10,3,NVIDIA A100-SXM4-80GB,
2026-03-24T16:13:25.440964,HDS_ideal__Orai1WT-START-Fr0_cleaned,Orai1WT-START-Fr0_cleaned,HDS_ideal,failed,No output from any sub-box,0,0.43,,20,21,8.0,,,,,,,,223,21026,1,32,8000,10,3,NVIDIA A100-SXM4-80GB,
2026-03-24T16:13:25.464752,HFA_ideal__Orai1WT-START-Fr0_cleaned,Orai1WT-START-Fr0_cleaned,HFA_ideal,failed,No output from any sub-box,0,0.43,,12,14,2.0,,,,,,,,223,21026,1,32,8000,10,3,NVIDIA A100-SXM4-80GB,
2026-03-24T16:13:25.533643,HFT_ideal__Orai1WT-START-Fr0_cleaned,Orai1WT-START-Fr0_cleaned,HFT_ideal,failed,No output from any sub-box,0,0.43,,20,22,2.0,,,,,,,,223,21026,1,32,8000,10,3,NVIDIA A100-SXM4-80GB,
2026-03-24T16:13:25.556528,HFZ_ideal__Orai1WT-START-Fr0_cleaned,Orai1WT-START-Fr0_cleaned,HFZ_ideal,failed,No output from any sub-box,0,0.43,,20,24,1.0,,,,,,,,223,21026,1,32,8000,10,3,NVIDIA A100-SXM4-80GB,
2026-03-24T16:13:25.580544,HG0_ideal__Orai1WT-START-Fr0_cleaned,Orai1WT-START-Fr0_cleaned,HG0_ideal,failed,No output from any sub-box,0,0.43,,19,23,2.0,,,,,,,,223,21026,1,32,8000,10,3,NVIDIA A100-SXM4-80GB,
2026-03-24T16:13:25.616852,HG9_ideal__Orai1WT-START-Fr0_cleaned,Orai1WT-START-Fr0_cleaned,HG9_ideal,failed,No output from any sub-box,0,0.43,,25,31,11.0,,,,,,,,223,21026,1,32,8000,10,3,NVIDIA A100-SXM4-80GB,
2026-03-24T16:13:25.641806,HHH_ideal__Orai1WT-START-Fr0_cleaned,Orai1WT-START-Fr0_cleaned,HHH_ideal,failed,No output from any sub-box,0,0.43,,12,15,2.0,,,,,,,,223,21026,1,32,8000,10,3,NVIDIA A100-SXM4-80GB,
2026-03-24T16:13:25.666005,HLT_ideal__Orai1WT-START-Fr0_cleaned,Orai1WT-START-Fr0_cleaned,HLT_ideal,failed,No output from any sub-box,0,0.43,,7,7,0.0,,,,,,,,223,21026,1,32,8000,10,3,NVIDIA A100-SXM4-80GB,
2026-03-24T16:13:25.689728,HMG_ideal__Orai1WT-START-Fr0_cleaned,Orai1WT-START-Fr0_cleaned,HMG_ideal,failed,No output from any sub-box,0,0.43,,58,65,14.0,,,,,,,,223,21026,1,32,8000,10,3,NVIDIA A100-SXM4-80GB,
2026-03-24T16:13:25.716328,HOP_ideal__Orai1WT-START-Fr0_cleaned,Orai1WT-START-Fr0_cleaned,HOP_ideal,failed,No output from any sub-box,0,0.43,,28,31,4.0,,,,,,,,223,21026,1,32,8000,10,3,NVIDIA A100-SXM4-80GB,
2026-03-24T16:13:25.740983,HPH_ideal__Orai1WT-START-Fr0_cleaned,Orai1WT-START-Fr0_cleaned,HPH_ideal,failed,No output from any sub-box,0,0.43,,12,16,3.0,,,,,,,,223,21026,1,32,8000,10,3,NVIDIA A100-SXM4-80GB,
2026-03-24T16:13:25.764870,HPP_ideal__Orai1WT-START-Fr0_cleaned,Orai1WT-START-Fr0_cleaned,HPP_ideal,failed,No output from any sub-box,0,0.43,,12,14,2.0,,,,,,,,223,21026,1,32,8000,10,3,NVIDIA A100-SXM4-80GB,
2026-03-24T16:13:25.787550,HPQ_ideal__Orai1WT-START-Fr0_cleaned,Orai1WT-START-Fr0_cleaned,HPQ_ideal,failed,No output from any sub-box,0,0.43,,13,15,2.0,,,,,,,,223,21026,1,32,8000,10,3,NVIDIA A100-SXM4-80GB,
2026-03-24T16:13:25.816526,HPS_ideal__Orai1WT-START-Fr0_cleaned,Orai1WT-START-Fr0_cleaned,HPS_ideal,failed,No output from any sub-box,0,0.43,,11,13,2.0,,,,,,,,223,21026,1,32,8000,10,3,NVIDIA A100-SXM4-80GB,
2026-03-24T16:13:25.841290,HQE_ideal__Orai1WT-START-Fr0_cleaned,Orai1WT-START-Fr0_cleaned,HQE_ideal,failed,No output from any sub-box,0,0.43,,8,10,1.0,,,,,,,,223,21026,1,32,8000,10,3,NVIDIA A100-SXM4-80GB,
2026-03-24T16:13:25.865735,HQQ_ideal__Orai1WT-START-Fr0_cleaned,Orai1WT-START-Fr0_cleaned,HQQ_ideal,failed,No output from any sub-box,0,0.43,,23,25,1.0,,,,,,,,223,21026,1,32,8000,10,3,NVIDIA A100-SXM4-80GB,
2026-03-24T16:13:25.891466,HS6_ideal__Orai1WT-START-Fr0_cleaned,Orai1WT-START-Fr0_cleaned,HS6_ideal,failed,No output from any sub-box,0,0.43,,16,17,2.0,,,,,,,,223,21026,1,32,8000,10,3,NVIDIA A100-SXM4-80GB,
2026-03-24T16:13:25.918005,HS7_ideal__Orai1WT-START-Fr0_cleaned,Orai1WT-START-Fr0_cleaned,HS7_ideal,failed,No output from any sub-box,0,0.43,,15,16,2.0,,,,,,,,223,21026,1,32,8000,10,3,NVIDIA A100-SXM4-80GB,
2026-03-24T16:13:25.947369,HSF_ideal__Orai1WT-START-Fr0_cleaned,Orai1WT-START-Fr0_cleaned,HSF_ideal,failed,No output from any sub-box,0,0.43,,20,20,7.0,,,,,,,,223,21026,1,32,8000,10,3,NVIDIA A100-SXM4-80GB,
2026-03-24T16:13:25.971057,HXA_ideal__Orai1WT-START-Fr0_cleaned,Orai1WT-START-Fr0_cleaned,HXA_ideal,failed,No output from any sub-box,0,0.43,,24,25,7.0,,,,,,,,223,21026,1,32,8000,10,3,NVIDIA A100-SXM4-80GB,
2026-03-24T16:13:25.995424,HXC_ideal__Orai1WT-START-Fr0_cleaned,Orai1WT-START-Fr0_cleaned,HXC_ideal,failed,No output from any sub-box,0,0.43,,55,65,15.0,,,,,,,,223,21026,1,32,8000,10,3,NVIDIA A100-SXM4-80GB,
2026-03-24T16:13:26.032184,HXP_ideal__Orai1WT-START-Fr0_cleaned,Orai1WT-START-Fr0_cleaned,HXP_ideal,failed,No output from any sub-box,0,0.43,,21,24,3.0,,,,,,,,223,21026,1,32,8000,10,3,NVIDIA A100-SXM4-80GB,
2026-03-24T16:13:26.055456,HY1_ideal__Orai1WT-START-Fr0_cleaned,Orai1WT-START-Fr0_cleaned,HY1_ideal,failed,No output from any sub-box,0,0.43,,9,9,1.0,,,,,,,,223,21026,1,32,8000,10,3,NVIDIA A100-SXM4-80GB,
2026-03-24T16:13:26.078383,HYC_ideal__Orai1WT-START-Fr0_cleaned,Orai1WT-START-Fr0_cleaned,HYC_ideal,failed,No output from any sub-box,0,0.43,,49,55,9.0,,,,,,,,223,21026,1,32,8000,10,3,NVIDIA A100-SXM4-80GB,
2026-03-24T16:13:26.100810,I12_ideal__Orai1WT-START-Fr0_cleaned,Orai1WT-START-Fr0_cleaned,I12_ideal,failed,No output from any sub-box,0,0.43,,44,49,8.0,,,,,,,,223,21026,1,32,8000,10,3,NVIDIA A100-SXM4-80GB,
2026-03-24T16:13:26.135502,I15_ideal__Orai1WT-START-Fr0_cleaned,Orai1WT-START-Fr0_cleaned,I15_ideal,failed,No output from any sub-box,0,0.43,,22,23,1.0,,,,,,,,223,21026,1,32,8000,10,3,NVIDIA A100-SXM4-80GB,
2026-03-24T16:13:26.158923,I50_ideal__Orai1WT-START-Fr0_cleaned,Orai1WT-START-Fr0_cleaned,I50_ideal,failed,No output from any sub-box,0,0.43,,30,36,5.0,,,,,,,,223,21026,1,32,8000,10,3,NVIDIA A100-SXM4-80GB,
2026-03-24T16:13:26.207702,I52_ideal__Orai1WT-START-Fr0_cleaned,Orai1WT-START-Fr0_cleaned,I52_ideal,failed,No output from any sub-box,0,0.43,,40,43,7.0,,,,,,,,223,21026,1,32,8000,10,3,NVIDIA A100-SXM4-80GB,
2026-03-24T16:13:26.250064,I6H_ideal__Orai1WT-START-Fr0_cleaned,Orai1WT-START-Fr0_cleaned,I6H_ideal,failed,No output from any sub-box,0,0.43,,33,33,6.0,,,,,,,,223,21026,1,32,8000,10,3,NVIDIA A100-SXM4-80GB,
2026-03-24T16:13:26.272003,IB2_ideal__Orai1WT-START-Fr0_cleaned,Orai1WT-START-Fr0_cleaned,IB2_ideal,failed,No output from any sub-box,0,0.43,,49,60,10.0,,,,,,,,223,21026,1,32,8000,10,3,NVIDIA A100-SXM4-80GB,
2026-03-24T16:13:26.296964,IBI_ideal__Orai1WT-START-Fr0_cleaned,Orai1WT-START-Fr0_cleaned,IBI_ideal,failed,No output from any sub-box,0,0.43,,45,47,5.0,,,,,,,,223,21026,1,32,8000,10,3,NVIDIA A100-SXM4-80GB,
2026-03-24T16:13:26.334284,IBO_ideal__Orai1WT-START-Fr0_cleaned,Orai1WT-START-Fr0_cleaned,IBO_ideal,failed,No output from any sub-box,0,0.43,,6,8,0.0,,,,,,,,223,21026,1,32,8000,10,3,NVIDIA A100-SXM4-80GB,
2026-03-24T16:13:26.356028,IBP_ideal__Orai1WT-START-Fr0_cleaned,Orai1WT-START-Fr0_cleaned,IBP_ideal,failed,No output from any sub-box,0,0.43,,15,16,2.0,,,,,,,,223,21026,1,32,8000,10,3,NVIDIA A100-SXM4-80GB,
2026-03-24T16:13:26.379816,IC1_ideal__Orai1WT-START-Fr0_cleaned,Orai1WT-START-Fr0_cleaned,IC1_ideal,failed,No output from any sub-box,0,0.43,,23,24,2.0,,,,,,,,223,21026,1,32,8000,10,3,NVIDIA A100-SXM4-80GB,
2026-03-24T16:13:26.402079,ICF_ideal__Orai1WT-START-Fr0_cleaned,Orai1WT-START-Fr0_cleaned,ICF_ideal,failed,No output from any sub-box,0,0.43,,10,10,1.0,,,,,,,,223,21026,1,32,8000,10,3,NVIDIA A100-SXM4-80GB,
2026-03-24T16:13:26.441267,IDB_ideal__Orai1WT-START-Fr0_cleaned,Orai1WT-START-Fr0_cleaned,IDB_ideal,failed,No output from any sub-box,0,0.43,,34,38,5.0,,,,,,,,223,21026,1,32,8000,10,3,NVIDIA A100-SXM4-80GB,
2026-03-24T16:13:26.464531,IET_ideal__Orai1WT-START-Fr0_cleaned,Orai1WT-START-Fr0_cleaned,IET_ideal,failed,No output from any sub-box,0,0.43,,23,26,1.0,,,,,,,,223,21026,1,32,8000,10,3,NVIDIA A100-SXM4-80GB,
2026-03-24T16:13:26.489223,IGL_ideal__Orai1WT-START-Fr0_cleaned,Orai1WT-START-Fr0_cleaned,IGL_ideal,failed,No output from any sub-box,0,0.43,,14,17,2.0,,,,,,,,223,21026,1,32,8000,10,3,NVIDIA A100-SXM4-80GB,
2026-03-24T16:13:26.517057,IH4_ideal__Orai1WT-START-Fr0_cleaned,Orai1WT-START-Fr0_cleaned,IH4_ideal,failed,No output from any sub-box,0,0.43,,44,45,7.0,,,,,,,,223,21026,1,32,8000,10,3,NVIDIA A100-SXM4-80GB,
2026-03-24T16:13:26.541213,IK7_ideal__Orai1WT-START-Fr0_cleaned,Orai1WT-START-Fr0_cleaned,IK7_ideal,failed,No output from any sub-box,0,0.43,,30,32,1.0,,,,,,,,223,21026,1,32,8000,10,3,NVIDIA A100-SXM4-80GB,
2026-03-24T16:13:26.564353,ILW_ideal__Orai1WT-START-Fr0_cleaned,Orai1WT-START-Fr0_cleaned,ILW_ideal,failed,No output from any sub-box,0,0.43,,12,12,1.0,,,,,,,,223,21026,1,32,8000,10,3,NVIDIA A100-SXM4-80GB,
2026-03-24T16:13:26.590431,INA_ideal__Orai1WT-START-Fr0_cleaned,Orai1WT-START-Fr0_cleaned,INA_ideal,failed,No output from any sub-box,0,0.43,,42,48,8.0,,,,,,,,223,21026,1,32,8000,10,3,NVIDIA A100-SXM4-80GB,
2026-03-24T16:13:26.616691,INB_ideal__Orai1WT-START-Fr0_cleaned,Orai1WT-START-Fr0_cleaned,INB_ideal,failed,No output from any sub-box,0,0.43,,35,37,14.0,,,,,,,,223,21026,1,32,8000,10,3,NVIDIA A100-SXM4-80GB,
2026-03-24T16:13:26.641892,INV_ideal__Orai1WT-START-Fr0_cleaned,Orai1WT-START-Fr0_cleaned,INV_ideal,failed,No output from any sub-box,0,0.43,,21,24,2.0,,,,,,,,223,21026,1,32,8000,10,3,NVIDIA A100-SXM4-80GB,
2026-03-24T16:13:26.665468,IOE_ideal__Orai1WT-START-Fr0_cleaned,Orai1WT-START-Fr0_cleaned,IOE_ideal,failed,No output from any sub-box,0,0.43,,23,26,2.0,,,,,,,,223,21026,1,32,8000,10,3,NVIDIA A100-SXM4-80GB,
2026-03-24T16:13:26.689115,IOF_ideal__Orai1WT-START-Fr0_cleaned,Orai1WT-START-Fr0_cleaned,IOF_ideal,failed,No output from any sub-box,0,0.43,,23,26,2.0,,,,,,,,223,21026,1,32,8000,10,3,NVIDIA A100-SXM4-80GB,
2026-03-24T16:13:26.716807,IOL_ideal__Orai1WT-START-Fr0_cleaned,Orai1WT-START-Fr0_cleaned,IOL_ideal,failed,No output from any sub-box,0,0.43,,8,9,0.0,,,,,,,,223,21026,1,32,8000,10,3,NVIDIA A100-SXM4-80GB,
2026-03-24T16:13:26.740761,IOY_ideal__Orai1WT-START-Fr0_cleaned,Orai1WT-START-Fr0_cleaned,IOY_ideal,failed,No output from any sub-box,0,0.43,,13,16,2.0,,,,,,,,223,21026,1,32,8000,10,3,NVIDIA A100-SXM4-80GB,
2026-03-24T16:13:26.764339,IPA_ideal__Orai1WT-START-Fr0_cleaned,Orai1WT-START-Fr0_cleaned,IPA_ideal,failed,No output from any sub-box,0,0.43,,4,5,0.0,,,,,,,,223,21026,1,32,8000,10,3,NVIDIA A100-SXM4-80GB,
2026-03-24T16:13:26.785021,IPH_ideal__Orai1WT-START-Fr0_cleaned,Orai1WT-START-Fr0_cleaned,IPH_ideal,failed,No output from any sub-box,0,0.43,,7,8,0.0,,,,,,,,223,21026,1,32,8000,10,3,NVIDIA A100-SXM4-80GB,
2026-03-24T16:13:26.816376,IS2_ideal__Orai1WT-START-Fr0_cleaned,Orai1WT-START-Fr0_cleaned,IS2_ideal,failed,No output from any sub-box,0,0.43,,15,18,2.0,,,,,,,,223,21026,1,32,8000,10,3,NVIDIA A100-SXM4-80GB,
2026-03-24T16:13:26.831290,ISA_ideal__Orai1WT-START-Fr0_cleaned,Orai1WT-START-Fr0_cleaned,ISA_ideal,failed,No output from any sub-box,0,0.43,,13,15,2.0,,,,,,,,223,21026,1,32,8000,10,3,NVIDIA A100-SXM4-80GB,
2026-03-24T16:13:26.843866,ISO_ideal__Orai1WT-START-Fr0_cleaned,Orai1WT-START-Fr0_cleaned,ISO_ideal,failed,No output from any sub-box,0,0.43,,10,12,1.0,,,,,,,,223,21026,1,32,8000,10,3,NVIDIA A100-SXM4-80GB,
2026-03-24T16:13:26.868511,ISP_ideal__Orai1WT-START-Fr0_cleaned,Orai1WT-START-Fr0_cleaned,ISP_ideal,failed,No output from any sub-box,0,0.43,,8,10,2.0,,,,,,,,223,21026,1,32,8000,10,3,NVIDIA A100-SXM4-80GB,
2026-03-24T16:13:26.885534,IXX_ideal__Orai1WT-START-Fr0_cleaned,Orai1WT-START-Fr0_cleaned,IXX_ideal,failed,No output from any sub-box,0,0.43,,23,23,4.0,,,,,,,,223,21026,1,32,8000,10,3,NVIDIA A100-SXM4-80GB,
2026-03-24T16:13:26.917073,J12_ideal__Orai1WT-START-Fr0_cleaned,Orai1WT-START-Fr0_cleaned,J12_ideal,failed,No output from any sub-box,0,0.43,,43,51,9.0,,,,,,,,223,21026,1,32,8000,10,3,NVIDIA A100-SXM4-80GB,
2026-03-24T16:13:26.938453,J15_ideal__Orai1WT-START-Fr0_cleaned,Orai1WT-START-Fr0_cleaned,J15_ideal,failed,No output from any sub-box,0,0.43,,37,44,8.0,,,,,,,,223,21026,1,32,8000,10,3,NVIDIA A100-SXM4-80GB,
2026-03-24T16:13:26.958737,J5Z_ideal__Orai1WT-START-Fr0_cleaned,Orai1WT-START-Fr0_cleaned,J5Z_ideal,failed,No output from any sub-box,0,0.43,,21,22,1.0,,,,,,,,223,21026,1,32,8000,10,3,NVIDIA A100-SXM4-80GB,
2026-03-24T16:13:26.977143,J78_ideal__Orai1WT-START-Fr0_cleaned,Orai1WT-START-Fr0_cleaned,J78_ideal,failed,No output from any sub-box,0,0.43,,28,28,4.0,,,,,,,,223,21026,1,32,8000,10,3,NVIDIA A100-SXM4-80GB,
2026-03-24T16:13:26.996331,J80_ideal__Orai1WT-START-Fr0_cleaned,Orai1WT-START-Fr0_cleaned,J80_ideal,failed,No output from any sub-box,0,0.43,,29,29,5.0,,,,,,,,223,21026,1,32,8000,10,3,NVIDIA A100-SXM4-80GB,
2026-03-24T16:13:27.029016,J8C_ideal__Orai1WT-START-Fr0_cleaned,Orai1WT-START-Fr0_cleaned,J8C_ideal,failed,No output from any sub-box,0,0.43,,37,38,5.0,,,,,,,,223,21026,1,32,8000,10,3,NVIDIA A100-SXM4-80GB,
2026-03-24T16:13:27.098077,JAL_ideal__Orai1WT-START-Fr0_cleaned,Orai1WT-START-Fr0_cleaned,JAL_ideal,failed,No output from any sub-box,0,0.43,,17,19,2.0,,,,,,,,223,21026,1,32,8000,10,3,NVIDIA A100-SXM4-80GB,
2026-03-24T16:13:27.131665,JAS_ideal__Orai1WT-START-Fr0_cleaned,Orai1WT-START-Fr0_cleaned,JAS_ideal,failed,No output from any sub-box,0,0.43,,63,66,17.0,,,,,,,,223,21026,1,32,8000,10,3,NVIDIA A100-SXM4-80GB,
2026-03-24T16:13:27.154918,JBC_ideal__Orai1WT-START-Fr0_cleaned,Orai1WT-START-Fr0_cleaned,JBC_ideal,failed,No output from any sub-box,0,0.43,,22,26,4.0,,,,,,,,223,21026,1,32,8000,10,3,NVIDIA A100-SXM4-80GB,
2026-03-24T16:13:27.176090,JE2_ideal__Orai1WT-START-Fr0_cleaned,Orai1WT-START-Fr0_cleaned,JE2_ideal,failed,No output from any sub-box,0,0.43,,41,45,6.0,,,,,,,,223,21026,1,32,8000,10,3,NVIDIA A100-SXM4-80GB,
2026-03-24T16:13:27.198459,JER_ideal__Orai1WT-START-Fr0_cleaned,Orai1WT-START-Fr0_cleaned,JER_ideal,failed,No output from any sub-box,0,0.43,,33,35,5.0,,,,,,,,223,21026,1,32,8000,10,3,NVIDIA A100-SXM4-80GB,
2026-03-24T16:13:27.235073,JEU_ideal__Orai1WT-START-Fr0_cleaned,Orai1WT-START-Fr0_cleaned,JEU_ideal,failed,No output from any sub-box,0,0.43,,30,32,4.0,,,,,,,,223,21026,1,32,8000,10,3,NVIDIA A100-SXM4-80GB,
2026-03-24T16:13:27.259103,JHN_ideal__Orai1WT-START-Fr0_cleaned,Orai1WT-START-Fr0_cleaned,JHN_ideal,failed,No output from any sub-box,0,0.43,,33,34,2.0,,,,,,,,223,21026,1,32,8000,10,3,NVIDIA A100-SXM4-80GB,
2026-03-24T16:13:27.330523,JJH_ideal__Orai1WT-START-Fr0_cleaned,Orai1WT-START-Fr0_cleaned,JJH_ideal,failed,No output from any sub-box,0,0.43,,42,45,5.0,,,,,,,,223,21026,1,32,8000,10,3,NVIDIA A100-SXM4-80GB,
2026-03-24T16:13:27.353462,JNK_ideal__Orai1WT-START-Fr0_cleaned,Orai1WT-START-Fr0_cleaned,JNK_ideal,failed,No output from any sub-box,0,0.43,,31,33,3.0,,,,,,,,223,21026,1,32,8000,10,3,NVIDIA A100-SXM4-80GB,
2026-03-24T16:13:27.375953,JPR_ideal__Orai1WT-START-Fr0_cleaned,Orai1WT-START-Fr0_cleaned,JPR_ideal,failed,No output from any sub-box,0,0.43,,25,27,4.0,,,,,,,,223,21026,1,32,8000,10,3,NVIDIA A100-SXM4-80GB,
2026-03-24T16:13:27.401697,JT1_ideal__Orai1WT-START-Fr0_cleaned,Orai1WT-START-Fr0_cleaned,JT1_ideal,failed,No output from any sub-box,0,0.43,,47,48,5.0,,,,,,,,223,21026,1,32,8000,10,3,NVIDIA A100-SXM4-80GB,
2026-03-24T16:13:27.443525,K3R_ideal__Orai1WT-START-Fr0_cleaned,Orai1WT-START-Fr0_cleaned,K3R_ideal,failed,No output from any sub-box,0,0.43,,38,39,5.0,,,,,,,,223,21026,1,32,8000,10,3,NVIDIA A100-SXM4-80GB,
2026-03-24T16:13:27.467781,K5O_ideal__Orai1WT-START-Fr0_cleaned,Orai1WT-START-Fr0_cleaned,K5O_ideal,failed,No output from any sub-box,0,0.43,,49,51,5.0,,,,,,,,223,21026,1,32,8000,10,3,NVIDIA A100-SXM4-80GB,
2026-03-24T16:13:27.496247,K94_ideal__Orai1WT-START-Fr0_cleaned,Orai1WT-START-Fr0_cleaned,K94_ideal,failed,No output from any sub-box,0,0.43,,12,15,3.0,,,,,,,,223,21026,1,32,8000,10,3,NVIDIA A100-SXM4-80GB,
2026-03-24T16:13:27.533374,KAB_ideal__Orai1WT-START-Fr0_cleaned,Orai1WT-START-Fr0_cleaned,KAB_ideal,failed,No output from any sub-box,0,0.43,,69,74,19.0,,,,,,,,223,21026,1,32,8000,10,3,NVIDIA A100-SXM4-80GB,
2026-03-24T16:13:27.557088,KHF_ideal__Orai1WT-START-Fr0_cleaned,Orai1WT-START-Fr0_cleaned,KHF_ideal,failed,No output from any sub-box,0,0.43,,44,46,4.0,,,,,,,,223,21026,1,32,8000,10,3,NVIDIA A100-SXM4-80GB,
2026-03-24T16:13:27.634141,KLN_ideal__Orai1WT-START-Fr0_cleaned,Orai1WT-START-Fr0_cleaned,KLN_ideal,failed,No output from any sub-box,0,0.43,,36,36,3.0,,,,,,,,223,21026,1,32,8000,10,3,NVIDIA A100-SXM4-80GB,
2026-03-24T16:13:27.658977,KNT_ideal__Orai1WT-START-Fr0_cleaned,Orai1WT-START-Fr0_cleaned,KNT_ideal,failed,No output from any sub-box,0,0.43,,36,38,4.0,,,,,,,,223,21026,1,32,8000,10,3,NVIDIA A100-SXM4-80GB,
2026-03-24T16:13:27.681023,KOS_ideal__Orai1WT-START-Fr0_cleaned,Orai1WT-START-Fr0_cleaned,KOS_ideal,failed,No output from any sub-box,0,0.43,,46,51,10.0,,,,,,,,223,21026,1,32,8000,10,3,NVIDIA A100-SXM4-80GB,
2026-03-24T16:13:27.716131,KTY_ideal__Orai1WT-START-Fr0_cleaned,Orai1WT-START-Fr0_cleaned,KTY_ideal,failed,No output from any sub-box,0,0.43,,39,46,15.0,,,,,,,,223,21026,1,32,8000,10,3,NVIDIA A100-SXM4-80GB,
2026-03-24T16:13:27.739615,KZF_ideal__Orai1WT-START-Fr0_cleaned,Orai1WT-START-Fr0_cleaned,KZF_ideal,failed,No output from any sub-box,0,0.43,,13,15,2.0,,,,,,,,223,21026,1,32,8000,10,3,NVIDIA A100-SXM4-80GB,
2026-03-24T16:13:27.768812,L02_ideal__Orai1WT-START-Fr0_cleaned,Orai1WT-START-Fr0_cleaned,L02_ideal,failed,No output from any sub-box,0,0.43,,18,20,1.0,,,,,,,,223,21026,1,32,8000,10,3,NVIDIA A100-SXM4-80GB,
2026-03-24T16:13:27.795788,L17_ideal__Orai1WT-START-Fr0_cleaned,Orai1WT-START-Fr0_cleaned,L17_ideal,failed,No output from any sub-box,0,0.43,,33,35,4.0,,,,,,,,223,21026,1,32,8000,10,3,NVIDIA A100-SXM4-80GB,
2026-03-24T16:13:27.834802,L1P_ideal__Orai1WT-START-Fr0_cleaned,Orai1WT-START-Fr0_cleaned,L1P_ideal,failed,No output from any sub-box,0,0.43,,50,52,19.0,,,,,,,,223,21026,1,32,8000,10,3,NVIDIA A100-SXM4-80GB,
2026-03-24T16:13:27.885938,L24_ideal__Orai1WT-START-Fr0_cleaned,Orai1WT-START-Fr0_cleaned,L24_ideal,failed,No output from any sub-box,0,0.43,,32,39,6.0,,,,,,,,223,21026,1,32,8000,10,3,NVIDIA A100-SXM4-80GB,
2026-03-24T16:13:27.916483,L2P_ideal__Orai1WT-START-Fr0_cleaned,Orai1WT-START-Fr0_cleaned,L2P_ideal,failed,No output from any sub-box,0,0.43,,46,47,17.0,,,,,,,,223,21026,1,32,8000,10,3,NVIDIA A100-SXM4-80GB,
2026-03-24T16:13:27.942101,L3P_ideal__Orai1WT-START-Fr0_cleaned,Orai1WT-START-Fr0_cleaned,L3P_ideal,failed,No output from any sub-box,0,0.43,,59,61,22.0,,,,,,,,223,21026,1,32,8000,10,3,NVIDIA A100-SXM4-80GB,
2026-03-24T16:13:27.963973,L41_ideal__Orai1WT-START-Fr0_cleaned,Orai1WT-START-Fr0_cleaned,L41_ideal,failed,No output from any sub-box,0,0.43,,29,31,7.0,,,,,,,,223,21026,1,32,8000,10,3,NVIDIA A100-SXM4-80GB,
2026-03-24T16:13:27.987864,L75_ideal__Orai1WT-START-Fr0_cleaned,Orai1WT-START-Fr0_cleaned,L75_ideal,failed,No output from any sub-box,0,0.43,,48,52,7.0,,,,,,,,223,21026,1,32,8000,10,3,NVIDIA A100-SXM4-80GB,
2026-03-24T16:13:28.016944,LAZ_ideal__Orai1WT-START-Fr0_cleaned,Orai1WT-START-Fr0_cleaned,LAZ_ideal,failed,No output from any sub-box,0,0.43,,13,15,2.0,,,,,,,,223,21026,1,32,8000,10,3,NVIDIA A100-SXM4-80GB,
2026-03-24T16:13:28.039269,LBM_ideal__Orai1WT-START-Fr0_cleaned,Orai1WT-START-Fr0_cleaned,LBM_ideal,failed,No output from any sub-box,0,0.43,,61,64,6.0,,,,,,,,223,21026,1,32,8000,10,3,NVIDIA A100-SXM4-80GB,
2026-03-24T16:13:28.060899,LCO_ideal__Orai1WT-START-Fr0_cleaned,Orai1WT-START-Fr0_cleaned,LCO_ideal,failed,No output from any sub-box,0,0.43,,4,4,,,,,,,,,223,21026,1,32,8000,10,3,NVIDIA A100-SXM4-80GB,
2026-03-24T16:13:28.086706,LCP_ideal__Orai1WT-START-Fr0_cleaned,Orai1WT-START-Fr0_cleaned,LCP_ideal,failed,No output from any sub-box,0,0.43,,5,5,,,,,,,,,223,21026,1,32,8000,10,3,NVIDIA A100-SXM4-80GB,
2026-03-24T16:13:28.117087,LDM_ideal__Orai1WT-START-Fr0_cleaned,Orai1WT-START-Fr0_cleaned,LDM_ideal,failed,No output from any sub-box,0,0.43,,21,22,7.0,,,,,,,,223,21026,1,32,8000,10,3,NVIDIA A100-SXM4-80GB,
2026-03-24T16:13:28.140805,LEH_ideal__Orai1WT-START-Fr0_cleaned,Orai1WT-START-Fr0_cleaned,LEH_ideal,failed,No output from any sub-box,0,0.43,,27,29,8.0,,,,,,,,223,21026,1,32,8000,10,3,NVIDIA A100-SXM4-80GB,
2026-03-24T16:13:28.163968,LHG_ideal__Orai1WT-START-Fr0_cleaned,Orai1WT-START-Fr0_cleaned,LHG_ideal,failed,No output from any sub-box,0,0.43,,49,52,21.0,,,,,,,,223,21026,1,32,8000,10,3,NVIDIA A100-SXM4-80GB,
2026-03-24T16:13:28.216527,LIL_ideal__Orai1WT-START-Fr0_cleaned,Orai1WT-START-Fr0_cleaned,LIL_ideal,failed,No output from any sub-box,0,0.43,,32,33,13.0,,,,,,,,223,21026,1,32,8000,10,3,NVIDIA A100-SXM4-80GB,
2026-03-24T16:13:28.242257,LIM_ideal__Orai1WT-START-Fr0_cleaned,Orai1WT-START-Fr0_cleaned,LIM_ideal,failed,No output from any sub-box,0,0.43,,18,19,7.0,,,,,,,,223,21026,1,32,8000,10,3,NVIDIA A100-SXM4-80GB,
2026-03-24T16:13:28.265862,LJ1_ideal__Orai1WT-START-Fr0_cleaned,Orai1WT-START-Fr0_cleaned,LJ1_ideal,failed,No output from any sub-box,0,0.43,,17,18,1.0,,,,,,,,223,21026,1,32,8000,10,3,NVIDIA A100-SXM4-80GB,
2026-03-24T16:13:28.288624,LJ2_ideal__Orai1WT-START-Fr0_cleaned,Orai1WT-START-Fr0_cleaned,LJ2_ideal,failed,No output from any sub-box,0,0.43,,17,18,1.0,,,,,,,,223,21026,1,32,8000,10,3,NVIDIA A100-SXM4-80GB,
2026-03-24T16:13:28.316864,LJ3_ideal__Orai1WT-START-Fr0_cleaned,Orai1WT-START-Fr0_cleaned,LJ3_ideal,failed,No output from any sub-box,0,0.43,,15,16,1.0,,,,,,,,223,21026,1,32,8000,10,3,NVIDIA A100-SXM4-80GB,
2026-03-24T16:13:28.340990,LJ4_ideal__Orai1WT-START-Fr0_cleaned,Orai1WT-START-Fr0_cleaned,LJ4_ideal,failed,No output from any sub-box,0,0.43,,16,17,1.0,,,,,,,,223,21026,1,32,8000,10,3,NVIDIA A100-SXM4-80GB,
2026-03-24T16:13:28.364951,LJ5_ideal__Orai1WT-START-Fr0_cleaned,Orai1WT-START-Fr0_cleaned,LJ5_ideal,failed,No output from any sub-box,0,0.43,,18,20,1.0,,,,,,,,223,21026,1,32,8000,10,3,NVIDIA A100-SXM4-80GB,
2026-03-24T16:13:28.390242,LK2_ideal__Orai1WT-START-Fr0_cleaned,Orai1WT-START-Fr0_cleaned,LK2_ideal,failed,No output from any sub-box,0,0.43,,28,31,6.0,,,,,,,,223,21026,1,32,8000,10,3,NVIDIA A100-SXM4-80GB,
2026-03-24T16:13:28.418108,LK3_ideal__Orai1WT-START-Fr0_cleaned,Orai1WT-START-Fr0_cleaned,LK3_ideal,failed,No output from any sub-box,0,0.43,,29,32,7.0,,,,,,,,223,21026,1,32,8000,10,3,NVIDIA A100-SXM4-80GB,
2026-03-24T16:13:28.441970,LK4_ideal__Orai1WT-START-Fr0_cleaned,Orai1WT-START-Fr0_cleaned,LK4_ideal,failed,No output from any sub-box,0,0.43,,33,36,6.0,,,,,,,,223,21026,1,32,8000,10,3,NVIDIA A100-SXM4-80GB,
2026-03-24T16:13:28.465995,LL2_ideal__Orai1WT-START-Fr0_cleaned,Orai1WT-START-Fr0_cleaned,LL2_ideal,failed,No output from any sub-box,0,0.43,,13,15,1.0,,,,,,,,223,21026,1,32,8000,10,3,NVIDIA A100-SXM4-80GB,
2026-03-24T16:13:28.489273,LMU_ideal__Orai1WT-START-Fr0_cleaned,Orai1WT-START-Fr0_cleaned,LMU_ideal,failed,No output from any sub-box,0,0.43,,35,42,11.0,,,,,,,,223,21026,1,32,8000,10,3,NVIDIA A100-SXM4-80GB,
2026-03-24T16:13:28.516564,LPE_ideal__Orai1WT-START-Fr0_cleaned,Orai1WT-START-Fr0_cleaned,LPE_ideal,failed,No output from any sub-box,0,0.43,,34,36,14.0,,,,,,,,223,21026,1,32,8000,10,3,NVIDIA A100-SXM4-80GB,
2026-03-24T16:13:28.540941,LPS_ideal__Orai1WT-START-Fr0_cleaned,Orai1WT-START-Fr0_cleaned,LPS_ideal,failed,No output from any sub-box,0,0.43,,32,38,14.0,,,,,,,,223,21026,1,32,8000,10,3,NVIDIA A100-SXM4-80GB,
2026-03-24T16:13:28.562120,LTD_ideal__Orai1WT-START-Fr0_cleaned,Orai1WT-START-Fr0_cleaned,LTD_ideal,failed,No output from any sub-box,0,0.43,,34,40,12.0,,,,,,,,223,21026,1,32,8000,10,3,NVIDIA A100-SXM4-80GB,
2026-03-24T16:13:28.584913,LTX_ideal__Orai1WT-START-Fr0_cleaned,Orai1WT-START-Fr0_cleaned,LTX_ideal,failed,No output from any sub-box,0,0.43,,43,51,15.0,,,,,,,,223,21026,1,32,8000,10,3,NVIDIA A100-SXM4-80GB,
2026-03-24T16:13:28.617832,LVO_ideal__Orai1WT-START-Fr0_cleaned,Orai1WT-START-Fr0_cleaned,LVO_ideal,failed,No output from any sub-box,0,0.43,,33,40,8.0,,,,,,,,223,21026,1,32,8000,10,3,NVIDIA A100-SXM4-80GB,
2026-03-24T16:13:28.646130,LYB_ideal__Orai1WT-START-Fr0_cleaned,Orai1WT-START-Fr0_cleaned,LYB_ideal,failed,No output from any sub-box,0,0.43,,58,71,15.0,,,,,,,,223,21026,1,32,8000,10,3,NVIDIA A100-SXM4-80GB,
2026-03-24T16:13:28.687793,LZ4_ideal__Orai1WT-START-Fr0_cleaned,Orai1WT-START-Fr0_cleaned,LZ4_ideal,failed,No output from any sub-box,0,0.43,,18,21,2.0,,,,,,,,223,21026,1,32,8000,10,3,NVIDIA A100-SXM4-80GB,
2026-03-24T16:13:28.718031,LZ8_ideal__Orai1WT-START-Fr0_cleaned,Orai1WT-START-Fr0_cleaned,LZ8_ideal,failed,No output from any sub-box,0,0.43,,24,27,2.0,,,,,,,,223,21026,1,32,8000,10,3,NVIDIA A100-SXM4-80GB,
2026-03-24T16:13:28.740489,LZE_ideal__Orai1WT-START-Fr0_cleaned,Orai1WT-START-Fr0_cleaned,LZE_ideal,failed,No output from any sub-box,0,0.43,,25,29,2.0,,,,,,,,223,21026,1,32,8000,10,3,NVIDIA A100-SXM4-80GB,
2026-03-24T16:13:28.802273,LZJ_ideal__Orai1WT-START-Fr0_cleaned,Orai1WT-START-Fr0_cleaned,LZJ_ideal,failed,No output from any sub-box,0,0.43,,20,24,1.0,,,,,,,,223,21026,1,32,8000,10,3,NVIDIA A100-SXM4-80GB,
2026-03-24T16:13:28.841476,LZK_ideal__Orai1WT-START-Fr0_cleaned,Orai1WT-START-Fr0_cleaned,LZK_ideal,failed,No output from any sub-box,0,0.43,,22,26,2.0,,,,,,,,223,21026,1,32,8000,10,3,NVIDIA A100-SXM4-80GB,
2026-03-24T16:13:28.865325,M0N_ideal__Orai1WT-START-Fr0_cleaned,Orai1WT-START-Fr0_cleaned,M0N_ideal,failed,No output from any sub-box,0,0.43,,20,25,4.0,,,,,,,,223,21026,1,32,8000,10,3,NVIDIA A100-SXM4-80GB,
2026-03-24T16:13:28.886234,M25_ideal__Orai1WT-START-Fr0_cleaned,Orai1WT-START-Fr0_cleaned,M25_ideal,failed,No output from any sub-box,0,0.43,,16,19,2.0,,,,,,,,223,21026,1,32,8000,10,3,NVIDIA A100-SXM4-80GB,
2026-03-24T16:13:28.917252,M28_ideal__Orai1WT-START-Fr0_cleaned,Orai1WT-START-Fr0_cleaned,M28_ideal,failed,No output from any sub-box,0,0.43,,15,18,3.0,,,,,,,,223,21026,1,32,8000,10,3,NVIDIA A100-SXM4-80GB,
2026-03-24T16:13:28.980691,MA4_ideal__Orai1WT-START-Fr0_cleaned,Orai1WT-START-Fr0_cleaned,MA4_ideal,failed,No output from any sub-box,0,0.43,,35,42,9.0,,,,,,,,223,21026,1,32,8000,10,3,NVIDIA A100-SXM4-80GB,
2026-03-24T16:13:29.017997,MAE_ideal__Orai1WT-START-Fr0_cleaned,Orai1WT-START-Fr0_cleaned,MAE_ideal,failed,No output from any sub-box,0,0.43,,8,10,2.0,,,,,,,,223,21026,1,32,8000,10,3,NVIDIA A100-SXM4-80GB,
2026-03-24T16:13:29.040497,MAH_ideal__Orai1WT-START-Fr0_cleaned,Orai1WT-START-Fr0_cleaned,MAH_ideal,failed,No output from any sub-box,0,0.43,,11,14,3.0,,,,,,,,223,21026,1,32,8000,10,3,NVIDIA A100-SXM4-80GB,
2026-03-24T16:13:29.062930,MAK_ideal__Orai1WT-START-Fr0_cleaned,Orai1WT-START-Fr0_cleaned,MAK_ideal,failed,No output from any sub-box,0,0.43,,8,10,2.0,,,,,,,,223,21026,1,32,8000,10,3,NVIDIA A100-SXM4-80GB,
2026-03-24T16:13:29.085437,MAY_ideal__Orai1WT-START-Fr0_cleaned,Orai1WT-START-Fr0_cleaned,MAY_ideal,failed,No output from any sub-box,0,0.43,,25,25,8.0,,,,,,,,223,21026,1,32,8000,10,3,NVIDIA A100-SXM4-80GB,
2026-03-24T16:13:29.117989,MBN_ideal__Orai1WT-START-Fr0_cleaned,Orai1WT-START-Fr0_cleaned,MBN_ideal,failed,No output from any sub-box,0,0.43,,7,7,,,,,,,,,223,21026,1,32,8000,10,3,NVIDIA A100-SXM4-80GB,
2026-03-24T16:13:29.200225,MBR_ideal__Orai1WT-START-Fr0_cleaned,Orai1WT-START-Fr0_cleaned,MBR_ideal,failed,No output from any sub-box,0,0.43,,4,4,,,,,,,,,223,21026,1,32,8000,10,3,NVIDIA A100-SXM4-80GB,
2026-03-24T16:13:29.235949,MBT_ideal__Orai1WT-START-Fr0_cleaned,Orai1WT-START-Fr0_cleaned,MBT_ideal,failed,No output from any sub-box,0,0.43,,20,20,1.0,,,,,,,,223,21026,1,32,8000,10,3,NVIDIA A100-SXM4-80GB,
2026-03-24T16:13:29.260621,MCA_ideal__Orai1WT-START-Fr0_cleaned,Orai1WT-START-Fr0_cleaned,MCA_ideal,failed,No output from any sub-box,0,0.43,,55,66,15.0,,,,,,,,223,21026,1,32,8000,10,3,NVIDIA A100-SXM4-80GB,
2026-03-24T16:13:29.284980,MCH_ideal__Orai1WT-START-Fr0_cleaned,Orai1WT-START-Fr0_cleaned,MCH_ideal,failed,No output from any sub-box,0,0.43,,4,4,,,,,,,,,223,21026,1,32,8000,10,3,NVIDIA A100-SXM4-80GB,
2026-03-24T16:13:29.316578,MCN_ideal__Orai1WT-START-Fr0_cleaned,Orai1WT-START-Fr0_cleaned,MCN_ideal,failed,No output from any sub-box,0,0.43,,44,55,9.0,,,,,,,,223,21026,1,32,8000,10,3,NVIDIA A100-SXM4-80GB,
2026-03-24T16:13:29.339009,MD7_ideal__Orai1WT-START-Fr0_cleaned,Orai1WT-START-Fr0_cleaned,MD7_ideal,failed,No output from any sub-box,0,0.43,,23,25,2.0,,,,,,,,223,21026,1,32,8000,10,3,NVIDIA A100-SXM4-80GB,
2026-03-24T16:13:29.363951,MDD_ideal__Orai1WT-START-Fr0_cleaned,Orai1WT-START-Fr0_cleaned,MDD_ideal,failed,No output from any sub-box,0,0.43,,5,5,1.0,,,,,,,,223,21026,1,32,8000,10,3,NVIDIA A100-SXM4-80GB,
2026-03-24T16:13:29.386680,MDE_ideal__Orai1WT-START-Fr0_cleaned,Orai1WT-START-Fr0_cleaned,MDE_ideal,failed,No output from any sub-box,0,0.43,,63,74,19.0,,,,,,,,223,21026,1,32,8000,10,3,NVIDIA A100-SXM4-80GB,
2026-03-24T16:13:29.416487,MDN_ideal__Orai1WT-START-Fr0_cleaned,Orai1WT-START-Fr0_cleaned,MDN_ideal,failed,No output from any sub-box,0,0.43,,9,13,3.0,,,,,,,,223,21026,1,32,8000,10,3,NVIDIA A100-SXM4-80GB,
2026-03-24T16:13:29.439858,MES_ideal__Orai1WT-START-Fr0_cleaned,Orai1WT-START-Fr0_cleaned,MES_ideal,failed,No output from any sub-box,0,0.43,,12,13,1.0,,,,,,,,223,21026,1,32,8000,10,3,NVIDIA A100-SXM4-80GB,
2026-03-24T16:13:29.465329,MF3_ideal__Orai1WT-START-Fr0_cleaned,Orai1WT-START-Fr0_cleaned,MF3_ideal,failed,No output from any sub-box,0,0.43,,12,15,3.0,,,,,,,,223,21026,1,32,8000,10,3,NVIDIA A100-SXM4-80GB,
2026-03-24T16:13:29.515099,MGE_ideal__Orai1WT-START-Fr0_cleaned,Orai1WT-START-Fr0_cleaned,MGE_ideal,failed,No output from any sub-box,0,0.43,,48,52,19.0,,,,,,,,223,21026,1,32,8000,10,3,NVIDIA A100-SXM4-80GB,
2026-03-24T16:13:29.539744,MGM_ideal__Orai1WT-START-Fr0_cleaned,Orai1WT-START-Fr0_cleaned,MGM_ideal,failed,No output from any sub-box,0,0.43,,29,32,9.0,,,,,,,,223,21026,1,32,8000,10,3,NVIDIA A100-SXM4-80GB,
2026-03-24T16:13:29.562700,MGR_ideal__Orai1WT-START-Fr0_cleaned,Orai1WT-START-Fr0_cleaned,MGR_ideal,failed,No output from any sub-box,0,0.43,,25,25,1.0,,,,,,,,223,21026,1,32,8000,10,3,NVIDIA A100-SXM4-80GB,
2026-03-24T16:13:29.585007,MIM_ideal__Orai1WT-START-Fr0_cleaned,Orai1WT-START-Fr0_cleaned,MIM_ideal,failed,No output from any sub-box,0,0.43,,43,49,10.0,,,,,,,,223,21026,1,32,8000,10,3,NVIDIA A100-SXM4-80GB,
2026-03-24T16:13:29.616064,MJV_ideal__Orai1WT-START-Fr0_cleaned,Orai1WT-START-Fr0_cleaned,MJV_ideal,failed,No output from any sub-box,0,0.43,,29,31,2.0,,,,,,,,223,21026,1,32,8000,10,3,NVIDIA A100-SXM4-80GB,
2026-03-24T16:13:29.639573,MK1_ideal__Orai1WT-START-Fr0_cleaned,Orai1WT-START-Fr0_cleaned,MK1_ideal,failed,No output from any sub-box,0,0.43,,45,49,7.0,,,,,,,,223,21026,1,32,8000,10,3,NVIDIA A100-SXM4-80GB,
2026-03-24T16:13:29.662775,MK6_ideal__Orai1WT-START-Fr0_cleaned,Orai1WT-START-Fr0_cleaned,MK6_ideal,failed,No output from any sub-box,0,0.43,,37,38,5.0,,,,,,,,223,21026,1,32,8000,10,3,NVIDIA A100-SXM4-80GB,
2026-03-24T16:13:29.685769,MLA_ideal__Orai1WT-START-Fr0_cleaned,Orai1WT-START-Fr0_cleaned,MLA_ideal,failed,No output from any sub-box,0,0.43,,7,9,2.0,,,,,,,,223,21026,1,32,8000,10,3,NVIDIA A100-SXM4-80GB,
2026-03-24T16:13:29.716109,MLC_ideal__Orai1WT-START-Fr0_cleaned,Orai1WT-START-Fr0_cleaned,MLC_ideal,failed,No output from any sub-box,0,0.43,,54,65,15.0,,,,,,,,223,21026,1,32,8000,10,3,NVIDIA A100-SXM4-80GB,
2026-03-24T16:13:29.740874,MLD_ideal__Orai1WT-START-Fr0_cleaned,Orai1WT-START-Fr0_cleaned,MLD_ideal,failed,No output from any sub-box,0,0.43,,64,78,15.0,,,,,,,,223,21026,1,32,8000,10,3,NVIDIA A100-SXM4-80GB,
2026-03-24T16:13:29.765386,MLI_ideal__Orai1WT-START-Fr0_cleaned,Orai1WT-START-Fr0_cleaned,MLI_ideal,failed,No output from any sub-box,0,0.43,,7,7,1.0,,,,,,,,223,21026,1,32,8000,10,3,NVIDIA A100-SXM4-80GB,
2026-03-24T16:13:29.787857,MM3_ideal__Orai1WT-START-Fr0_cleaned,Orai1WT-START-Fr0_cleaned,MM3_ideal,failed,No output from any sub-box,0,0.43,,26,28,5.0,,,,,,,,223,21026,1,32,8000,10,3,NVIDIA A100-SXM4-80GB,
2026-03-24T16:13:29.816365,MMI_ideal__Orai1WT-START-Fr0_cleaned,Orai1WT-START-Fr0_cleaned,MMI_ideal,failed,No output from any sub-box,0,0.43,,54,61,13.0,,,,,,,,223,21026,1,32,8000,10,3,NVIDIA A100-SXM4-80GB,
2026-03-24T16:13:29.841690,MMQ_ideal__Orai1WT-START-Fr0_cleaned,Orai1WT-START-Fr0_cleaned,MMQ_ideal,failed,No output from any sub-box,0,0.43,,6,7,1.0,,,,,,,,223,21026,1,32,8000,10,3,NVIDIA A100-SXM4-80GB,
2026-03-24T16:13:29.864517,MNN_ideal__Orai1WT-START-Fr0_cleaned,Orai1WT-START-Fr0_cleaned,MNN_ideal,failed,No output from any sub-box,0,0.43,,10,11,1.0,,,,,,,,223,21026,1,32,8000,10,3,NVIDIA A100-SXM4-80GB,
2026-03-24T16:13:29.887007,MNY_ideal__Orai1WT-START-Fr0_cleaned,Orai1WT-START-Fr0_cleaned,MNY_ideal,failed,No output from any sub-box,0,0.43,,20,26,2.0,,,,,,,,223,21026,1,32,8000,10,3,NVIDIA A100-SXM4-80GB,
2026-03-24T16:13:29.916661,MPB_ideal__Orai1WT-START-Fr0_cleaned,Orai1WT-START-Fr0_cleaned,MPB_ideal,failed,No output from any sub-box,0,0.43,,11,12,1.0,,,,,,,,223,21026,1,32,8000,10,3,NVIDIA A100-SXM4-80GB,
2026-03-24T16:13:29.940550,MPG_ideal__Orai1WT-START-Fr0_cleaned,Orai1WT-START-Fr0_cleaned,MPG_ideal,failed,No output from any sub-box,0,0.43,,25,27,10.0,,,,,,,,223,21026,1,32,8000,10,3,NVIDIA A100-SXM4-80GB,
2026-03-24T16:13:29.967815,MPO_ideal__Orai1WT-START-Fr0_cleaned,Orai1WT-START-Fr0_cleaned,MPO_ideal,failed,No output from any sub-box,0,0.43,,13,14,2.0,,,,,,,,223,21026,1,32,8000,10,3,NVIDIA A100-SXM4-80GB,
2026-03-24T16:13:29.989312,MPX_ideal__Orai1WT-START-Fr0_cleaned,Orai1WT-START-Fr0_cleaned,MPX_ideal,failed,No output from any sub-box,0,0.43,,21,25,2.0,,,,,,,,223,21026,1,32,8000,10,3,NVIDIA A100-SXM4-80GB,
2026-03-24T16:13:30.017454,MPZ_ideal__Orai1WT-START-Fr0_cleaned,Orai1WT-START-Fr0_cleaned,MPZ_ideal,failed,No output from any sub-box,0,0.43,,36,38,3.0,,,,,,,,223,21026,1,32,8000,10,3,NVIDIA A100-SXM4-80GB,
2026-03-24T16:13:30.042162,MQ7_ideal__Orai1WT-START-Fr0_cleaned,Orai1WT-START-Fr0_cleaned,MQ7_ideal,failed,No output from any sub-box,0,0.43,,48,48,10.0,,,,,,,,223,21026,1,32,8000,10,3,NVIDIA A100-SXM4-80GB,
2026-03-24T16:13:30.064581,MR4_ideal__Orai1WT-START-Fr0_cleaned,Orai1WT-START-Fr0_cleaned,MR4_ideal,failed,No output from any sub-box,0,0.43,,18,19,1.0,,,,,,,,223,21026,1,32,8000,10,3,NVIDIA A100-SXM4-80GB,
2026-03-24T16:13:30.116130,MR5_ideal__Orai1WT-START-Fr0_cleaned,Orai1WT-START-Fr0_cleaned,MR5_ideal,failed,No output from any sub-box,0,0.43,,18,19,1.0,,,,,,,,223,21026,1,32,8000,10,3,NVIDIA A100-SXM4-80GB,
2026-03-24T16:13:30.150051,MR6_ideal__Orai1WT-START-Fr0_cleaned,Orai1WT-START-Fr0_cleaned,MR6_ideal,failed,No output from any sub-box,0,0.43,,17,17,0.0,,,,,,,,223,21026,1,32,8000,10,3,NVIDIA A100-SXM4-80GB,
2026-03-24T16:13:30.173559,MRC_ideal__Orai1WT-START-Fr0_cleaned,Orai1WT-START-Fr0_cleaned,MRC_ideal,failed,No output from any sub-box,0,0.43,,35,39,10.0,,,,,,,,223,21026,1,32,8000,10,3,NVIDIA A100-SXM4-80GB,
2026-03-24T16:13:30.196578,MRE_ideal__Orai1WT-START-Fr0_cleaned,Orai1WT-START-Fr0_cleaned,MRE_ideal,failed,No output from any sub-box,0,0.43,,20,21,2.0,,,,,,,,223,21026,1,32,8000,10,3,NVIDIA A100-SXM4-80GB,
2026-03-24T16:13:30.233592,MS1_ideal__Orai1WT-START-Fr0_cleaned,Orai1WT-START-Fr0_cleaned,MS1_ideal,failed,No output from any sub-box,0,0.43,,57,69,12.0,,,,,,,,223,21026,1,32,8000,10,3,NVIDIA A100-SXM4-80GB,
2026-03-24T16:13:30.256387,MS3_ideal__Orai1WT-START-Fr0_cleaned,Orai1WT-START-Fr0_cleaned,MS3_ideal,failed,No output from any sub-box,0,0.43,,56,62,11.0,,,,,,,,223,21026,1,32,8000,10,3,NVIDIA A100-SXM4-80GB,
2026-03-24T16:13:30.280346,MSB_ideal__Orai1WT-START-Fr0_cleaned,Orai1WT-START-Fr0_cleaned,MSB_ideal,failed,No output from any sub-box,0,0.43,,11,12,1.0,,,,,,,,223,21026,1,32,8000,10,3,NVIDIA A100-SXM4-80GB,
2026-03-24T16:13:30.314732,MSR_ideal__Orai1WT-START-Fr0_cleaned,Orai1WT-START-Fr0_cleaned,MSR_ideal,failed,No output from any sub-box,0,0.43,,12,13,1.0,,,,,,,,223,21026,1,32,8000,10,3,NVIDIA A100-SXM4-80GB,
2026-03-24T16:13:30.338585,MWV_ideal__Orai1WT-START-Fr0_cleaned,Orai1WT-START-Fr0_cleaned,MWV_ideal,failed,No output from any sub-box,0,0.43,,36,37,6.0,,,,,,,,223,21026,1,32,8000,10,3,NVIDIA A100-SXM4-80GB,
2026-03-24T16:13:30.363074,MXP_ideal__Orai1WT-START-Fr0_cleaned,Orai1WT-START-Fr0_cleaned,MXP_ideal,failed,No output from any sub-box,0,0.43,,30,32,6.0,,,,,,,,223,21026,1,32,8000,10,3,NVIDIA A100-SXM4-80GB,
2026-03-24T16:13:30.385567,MXT_ideal__Orai1WT-START-Fr0_cleaned,Orai1WT-START-Fr0_cleaned,MXT_ideal,failed,No output from any sub-box,0,0.43,,18,19,1.0,,,,,,,,223,21026,1,32,8000,10,3,NVIDIA A100-SXM4-80GB,
2026-03-24T16:13:30.416253,MYA_ideal__Orai1WT-START-Fr0_cleaned,Orai1WT-START-Fr0_cleaned,MYA_ideal,failed,No output from any sub-box,0,0.43,,63,73,19.0,,,,,,,,223,21026,1,32,8000,10,3,NVIDIA A100-SXM4-80GB,
2026-03-24T16:13:30.445316,MYP_ideal__Orai1WT-START-Fr0_cleaned,Orai1WT-START-Fr0_cleaned,MYP_ideal,failed,No output from any sub-box,0,0.43,,41,43,5.0,,,,,,,,223,21026,1,32,8000,10,3,NVIDIA A100-SXM4-80GB,
2026-03-24T16:13:30.470236,MYX_ideal__Orai1WT-START-Fr0_cleaned,Orai1WT-START-Fr0_cleaned,MYX_ideal,failed,No output from any sub-box,0,0.43,,33,35,6.0,,,,,,,,223,21026,1,32,8000,10,3,NVIDIA A100-SXM4-80GB,
2026-03-24T16:13:30.494238,N2P_ideal__Orai1WT-START-Fr0_cleaned,Orai1WT-START-Fr0_cleaned,N2P_ideal,failed,No output from any sub-box,0,0.43,,7,11,3.0,,,,,,,,223,21026,1,32,8000,10,3,NVIDIA A100-SXM4-80GB,
2026-03-24T16:13:30.519367,N3C_ideal__Orai1WT-START-Fr0_cleaned,Orai1WT-START-Fr0_cleaned,N3C_ideal,failed,No output from any sub-box,0,0.43,,56,58,8.0,,,,,,,,223,21026,1,32,8000,10,3,NVIDIA A100-SXM4-80GB,
2026-03-24T16:13:30.543553,N4E_ideal__Orai1WT-START-Fr0_cleaned,Orai1WT-START-Fr0_cleaned,N4E_ideal,failed,No output from any sub-box,0,0.43,,13,14,1.0,,,,,,,,223,21026,1,32,8000,10,3,NVIDIA A100-SXM4-80GB,
2026-03-24T16:13:30.565686,N5B_ideal__Orai1WT-START-Fr0_cleaned,Orai1WT-START-Fr0_cleaned,N5B_ideal,failed,No output from any sub-box,0,0.43,,17,19,1.0,,,,,,,,223,21026,1,32,8000,10,3,NVIDIA A100-SXM4-80GB,
2026-03-24T16:13:30.587222,N6W_ideal__Orai1WT-START-Fr0_cleaned,Orai1WT-START-Fr0_cleaned,N6W_ideal,failed,No output from any sub-box,0,0.43,,18,20,,,,,,,,,223,21026,1,32,8000,10,3,NVIDIA A100-SXM4-80GB,
2026-03-24T16:13:30.616670,N7R_ideal__Orai1WT-START-Fr0_cleaned,Orai1WT-START-Fr0_cleaned,N7R_ideal,failed,No output from any sub-box,0,0.43,,42,44,5.0,,,,,,,,223,21026,1,32,8000,10,3,NVIDIA A100-SXM4-80GB,
2026-03-24T16:13:30.638804,N8E_ideal__Orai1WT-START-Fr0_cleaned,Orai1WT-START-Fr0_cleaned,N8E_ideal,failed,No output from any sub-box,0,0.43,,24,25,11.0,,,,,,,,223,21026,1,32,8000,10,3,NVIDIA A100-SXM4-80GB,
2026-03-24T16:13:30.660828,NAD_ideal__Orai1WT-START-Fr0_cleaned,Orai1WT-START-Fr0_cleaned,NAD_ideal,failed,No output from any sub-box,0,0.43,,44,53,8.0,,,,,,,,223,21026,1,32,8000,10,3,NVIDIA A100-SXM4-80GB,
2026-03-24T16:13:30.683627,NAE_ideal__Orai1WT-START-Fr0_cleaned,Orai1WT-START-Fr0_cleaned,NAE_ideal,failed,No output from any sub-box,0,0.43,,48,57,9.0,,,,,,,,223,21026,1,32,8000,10,3,NVIDIA A100-SXM4-80GB,
2026-03-24T16:13:30.734204,NAF_ideal__Orai1WT-START-Fr0_cleaned,Orai1WT-START-Fr0_cleaned,NAF_ideal,failed,No output from any sub-box,0,0.43,,17,19,2.0,,,,,,,,223,21026,1,32,8000,10,3,NVIDIA A100-SXM4-80GB,
2026-03-24T16:13:30.758045,NAI_ideal__Orai1WT-START-Fr0_cleaned,Orai1WT-START-Fr0_cleaned,NAI_ideal,failed,No output from any sub-box,0,0.43,,44,54,9.0,,,,,,,,223,21026,1,32,8000,10,3,NVIDIA A100-SXM4-80GB,
2026-03-24T16:13:30.784360,NAJ_ideal__Orai1WT-START-Fr0_cleaned,Orai1WT-START-Fr0_cleaned,NAJ_ideal,failed,No output from any sub-box,0,0.43,,44,53,8.0,,,,,,,,223,21026,1,32,8000,10,3,NVIDIA A100-SXM4-80GB,
2026-03-24T16:13:30.821733,NAP_ideal__Orai1WT-START-Fr0_cleaned,Orai1WT-START-Fr0_cleaned,NAP_ideal,failed,No output from any sub-box,0,0.43,,48,58,10.0,,,,,,,,223,21026,1,32,8000,10,3,NVIDIA A100-SXM4-80GB,
2026-03-24T16:13:30.847127,NAQ_ideal__Orai1WT-START-Fr0_cleaned,Orai1WT-START-Fr0_cleaned,NAQ_ideal,failed,No output from any sub-box,0,0.43,,50,59,10.0,,,,,,,,223,21026,1,32,8000,10,3,NVIDIA A100-SXM4-80GB,
2026-03-24T16:13:30.870299,NBC_ideal__Orai1WT-START-Fr0_cleaned,Orai1WT-START-Fr0_cleaned,NBC_ideal,failed,No output from any sub-box,0,0.43,,56,66,15.0,,,,,,,,223,21026,1,32,8000,10,3,NVIDIA A100-SXM4-80GB,
2026-03-24T16:13:30.893504,NBP_ideal__Orai1WT-START-Fr0_cleaned,Orai1WT-START-Fr0_cleaned,NBP_ideal,failed,No output from any sub-box,0,0.43,,49,59,10.0,,,,,,,,223,21026,1,32,8000,10,3,NVIDIA A100-SXM4-80GB,
2026-03-24T16:13:30.917758,NBU_ideal__Orai1WT-START-Fr0_cleaned,Orai1WT-START-Fr0_cleaned,NBU_ideal,failed,No output from any sub-box,0,0.43,,4,4,0.0,,,,,,,,223,21026,1,32,8000,10,3,NVIDIA A100-SXM4-80GB,
2026-03-24T16:13:30.945422,NDA_ideal__Orai1WT-START-Fr0_cleaned,Orai1WT-START-Fr0_cleaned,NDA_ideal,failed,No output from any sub-box,0,0.43,,43,52,9.0,,,,,,,,223,21026,1,32,8000,10,3,NVIDIA A100-SXM4-80GB,
2026-03-24T16:13:30.967645,NDC_ideal__Orai1WT-START-Fr0_cleaned,Orai1WT-START-Fr0_cleaned,NDC_ideal,failed,No output from any sub-box,0,0.43,,51,60,9.0,,,,,,,,223,21026,1,32,8000,10,3,NVIDIA A100-SXM4-80GB,
2026-03-24T16:13:30.990015,NDD_ideal__Orai1WT-START-Fr0_cleaned,Orai1WT-START-Fr0_cleaned,NDD_ideal,failed,No output from any sub-box,0,0.43,,16,18,2.0,,,,,,,,223,21026,1,32,8000,10,3,NVIDIA A100-SXM4-80GB,
2026-03-24T16:13:31.017207,NDP_ideal__Orai1WT-START-Fr0_cleaned,Orai1WT-START-Fr0_cleaned,NDP_ideal,failed,No output from any sub-box,0,0.43,,48,59,10.0,,,,,,,,223,21026,1,32,8000,10,3,NVIDIA A100-SXM4-80GB,
2026-03-24T16:13:31.040803,NE6_ideal__Orai1WT-START-Fr0_cleaned,Orai1WT-START-Fr0_cleaned,NE6_ideal,failed,No output from any sub-box,0,0.43,,30,30,6.0,,,,,,,,223,21026,1,32,8000,10,3,NVIDIA A100-SXM4-80GB,
2026-03-24T16:13:31.063378,NEN_ideal__Orai1WT-START-Fr0_cleaned,Orai1WT-START-Fr0_cleaned,NEN_ideal,failed,No output from any sub-box,0,0.43,,9,9,0.0,,,,,,,,223,21026,1,32,8000,10,3,NVIDIA A100-SXM4-80GB,
2026-03-24T16:13:31.084951,NEQ_ideal__Orai1WT-START-Fr0_cleaned,Orai1WT-START-Fr0_cleaned,NEQ_ideal,failed,No output from any sub-box,0,0.43,,9,9,0.0,,,,,,,,223,21026,1,32,8000,10,3,NVIDIA A100-SXM4-80GB,
2026-03-24T16:13:31.116496,NET_ideal__Orai1WT-START-Fr0_cleaned,Orai1WT-START-Fr0_cleaned,NET_ideal,failed,No output from any sub-box,0,0.43,,9,9,2.0,,,,,,,,223,21026,1,32,8000,10,3,NVIDIA A100-SXM4-80GB,
2026-03-24T16:13:31.140577,NFA_ideal__Orai1WT-START-Fr0_cleaned,Orai1WT-START-Fr0_cleaned,NFA_ideal,failed,No output from any sub-box,0,0.43,,12,16,2.0,,,,,,,,223,21026,1,32,8000,10,3,NVIDIA A100-SXM4-80GB,
2026-03-24T16:13:31.163441,NHE_ideal__Orai1WT-START-Fr0_cleaned,Orai1WT-START-Fr0_cleaned,NHE_ideal,failed,No output from any sub-box,0,0.43,,13,15,2.0,,,,,,,,223,21026,1,32,8000,10,3,NVIDIA A100-SXM4-80GB,
2026-03-24T16:13:31.185953,NHM_ideal__Orai1WT-START-Fr0_cleaned,Orai1WT-START-Fr0_cleaned,NHM_ideal,failed,No output from any sub-box,0,0.43,,64,74,20.0,,,,,,,,223,21026,1,32,8000,10,3,NVIDIA A100-SXM4-80GB,
2026-03-24T16:13:31.238114,NHO_ideal__Orai1WT-START-Fr0_cleaned,Orai1WT-START-Fr0_cleaned,NHO_ideal,failed,No output from any sub-box,0,0.43,,54,68,13.0,,,,,,,,223,21026,1,32,8000,10,3,NVIDIA A100-SXM4-80GB,
2026-03-24T16:13:31.259929,NIN_ideal__Orai1WT-START-Fr0_cleaned,Orai1WT-START-Fr0_cleaned,NIN_ideal,failed,No output from any sub-box,0,0.43,,12,12,1.0,,,,,,,,223,21026,1,32,8000,10,3,NVIDIA A100-SXM4-80GB,
2026-03-24T16:13:31.283422,NIZ_ideal__Orai1WT-START-Fr0_cleaned,Orai1WT-START-Fr0_cleaned,NIZ_ideal,failed,No output from any sub-box,0,0.43,,10,13,1.0,,,,,,,,223,21026,1,32,8000,10,3,NVIDIA A100-SXM4-80GB,
2026-03-24T16:13:31.316668,NMX_ideal__Orai1WT-START-Fr0_cleaned,Orai1WT-START-Fr0_cleaned,NMX_ideal,failed,No output from any sub-box,0,0.43,,51,61,13.0,,,,,,,,223,21026,1,32,8000,10,3,NVIDIA A100-SXM4-80GB,
2026-03-24T16:13:31.340122,NNB_ideal__Orai1WT-START-Fr0_cleaned,Orai1WT-START-Fr0_cleaned,NNB_ideal,failed,No output from any sub-box,0,0.43,,24,25,2.0,,,,,,,,223,21026,1,32,8000,10,3,NVIDIA A100-SXM4-80GB,
2026-03-24T16:13:31.362088,NNC_ideal__Orai1WT-START-Fr0_cleaned,Orai1WT-START-Fr0_cleaned,NNC_ideal,failed,No output from any sub-box,0,0.43,,24,25,2.0,,,,,,,,223,21026,1,32,8000,10,3,NVIDIA A100-SXM4-80GB,
2026-03-24T16:13:31.384567,NNI_ideal__Orai1WT-START-Fr0_cleaned,Orai1WT-START-Fr0_cleaned,NNI_ideal,failed,No output from any sub-box,0,0.43,,24,25,2.0,,,,,,,,223,21026,1,32,8000,10,3,NVIDIA A100-SXM4-80GB,
2026-03-24T16:13:31.416471,NO3_ideal__Orai1WT-START-Fr0_cleaned,Orai1WT-START-Fr0_cleaned,NO3_ideal,failed,No output from any sub-box,0,0.43,,4,4,,,,,,,,,223,21026,1,32,8000,10,3,NVIDIA A100-SXM4-80GB,
2026-03-24T16:13:31.440628,NOV_ideal__Orai1WT-START-Fr0_cleaned,Orai1WT-START-Fr0_cleaned,NOV_ideal,failed,No output from any sub-box,0,0.43,,44,50,6.0,,,,,,,,223,21026,1,32,8000,10,3,NVIDIA A100-SXM4-80GB,
2026-03-24T16:13:31.464702,NPO_ideal__Orai1WT-START-Fr0_cleaned,Orai1WT-START-Fr0_cleaned,NPO_ideal,failed,No output from any sub-box,0,0.43,,10,11,1.0,,,,,,,,223,21026,1,32,8000,10,3,NVIDIA A100-SXM4-80GB,
2026-03-24T16:13:31.487888,NR2_ideal__Orai1WT-START-Fr0_cleaned,Orai1WT-START-Fr0_cleaned,NR2_ideal,failed,No output from any sub-box,0,0.43,,24,28,2.0,,,,,,,,223,21026,1,32,8000,10,3,NVIDIA A100-SXM4-80GB,
2026-03-24T16:13:31.517112,NTD_ideal__Orai1WT-START-Fr0_cleaned,Orai1WT-START-Fr0_cleaned,NTD_ideal,failed,No output from any sub-box,0,0.43,,23,24,2.0,,,,,,,,223,21026,1,32,8000,10,3,NVIDIA A100-SXM4-80GB,
2026-03-24T16:13:31.539422,NTU_ideal__Orai1WT-START-Fr0_cleaned,Orai1WT-START-Fr0_cleaned,NTU_ideal,failed,No output from any sub-box,0,0.43,,24,28,8.0,,,,,,,,223,21026,1,32,8000,10,3,NVIDIA A100-SXM4-80GB,
2026-03-24T16:13:31.561762,NXX_ideal__Orai1WT-START-Fr0_cleaned,Orai1WT-START-Fr0_cleaned,NXX_ideal,failed,No output from any sub-box,0,0.43,,44,53,9.0,,,,,,,,223,21026,1,32,8000,10,3,NVIDIA A100-SXM4-80GB,
2026-03-24T16:13:31.583667,NYL_ideal__Orai1WT-START-Fr0_cleaned,Orai1WT-START-Fr0_cleaned,NYL_ideal,failed,No output from any sub-box,0,0.43,,10,11,1.0,,,,,,,,223,21026,1,32,8000,10,3,NVIDIA A100-SXM4-80GB,
2026-03-24T16:13:31.600469,NZQ_ideal__Orai1WT-START-Fr0_cleaned,Orai1WT-START-Fr0_cleaned,NZQ_ideal,failed,No output from any sub-box,0,0.43,,50,63,11.0,,,,,,,,223,21026,1,32,8000,10,3,NVIDIA A100-SXM4-80GB,
2026-03-24T16:13:31.635422,O8N_ideal__Orai1WT-START-Fr0_cleaned,Orai1WT-START-Fr0_cleaned,O8N_ideal,failed,No output from any sub-box,0,0.43,,29,30,13.0,,,,,,,,223,21026,1,32,8000,10,3,NVIDIA A100-SXM4-80GB,
2026-03-24T16:13:31.656764,ODD_ideal__Orai1WT-START-Fr0_cleaned,Orai1WT-START-Fr0_cleaned,ODD_ideal,failed,No output from any sub-box,0,0.43,,20,21,7.0,,,,,,,,223,21026,1,32,8000,10,3,NVIDIA A100-SXM4-80GB,
2026-03-24T16:13:31.700205,ODS_ideal__Orai1WT-START-Fr0_cleaned,Orai1WT-START-Fr0_cleaned,ODS_ideal,failed,No output from any sub-box,0,0.43,,10,11,0.0,,,,,,,,223,21026,1,32,8000,10,3,NVIDIA A100-SXM4-80GB,
2026-03-24T16:13:31.733007,ODT_ideal__Orai1WT-START-Fr0_cleaned,Orai1WT-START-Fr0_cleaned,ODT_ideal,failed,No output from any sub-box,0,0.43,,20,21,7.0,,,,,,,,223,21026,1,32,8000,10,3,NVIDIA A100-SXM4-80GB,
2026-03-24T16:13:31.756458,OFF_ideal__Orai1WT-START-Fr0_cleaned,Orai1WT-START-Fr0_cleaned,OFF_ideal,failed,No output from any sub-box,0,0.43,,33,37,8.0,,,,,,,,223,21026,1,32,8000,10,3,NVIDIA A100-SXM4-80GB,
2026-03-24T16:13:31.779436,OHH_ideal__Orai1WT-START-Fr0_cleaned,Orai1WT-START-Fr0_cleaned,OHH_ideal,failed,No output from any sub-box,0,0.43,,49,51,5.0,,,,,,,,223,21026,1,32,8000,10,3,NVIDIA A100-SXM4-80GB,
2026-03-24T16:13:31.817637,OHM_ideal__Orai1WT-START-Fr0_cleaned,Orai1WT-START-Fr0_cleaned,OHM_ideal,failed,No output from any sub-box,0,0.43,,21,23,5.0,,,,,,,,223,21026,1,32,8000,10,3,NVIDIA A100-SXM4-80GB,
2026-03-24T16:13:31.844074,OHN_ideal__Orai1WT-START-Fr0_cleaned,Orai1WT-START-Fr0_cleaned,OHN_ideal,failed,No output from any sub-box,0,0.43,,21,22,5.0,,,,,,,,223,21026,1,32,8000,10,3,NVIDIA A100-SXM4-80GB,
2026-03-24T16:13:31.867274,OKA_ideal__Orai1WT-START-Fr0_cleaned,Orai1WT-START-Fr0_cleaned,OKA_ideal,failed,No output from any sub-box,0,0.43,,57,62,7.0,,,,,,,,223,21026,1,32,8000,10,3,NVIDIA A100-SXM4-80GB,
2026-03-24T16:13:31.890114,OPP_ideal__Orai1WT-START-Fr0_cleaned,Orai1WT-START-Fr0_cleaned,OPP_ideal,failed,No output from any sub-box,0,0.43,,17,17,2.0,,,,,,,,223,21026,1,32,8000,10,3,NVIDIA A100-SXM4-80GB,
2026-03-24T16:13:31.921539,OSP_ideal__Orai1WT-START-Fr0_cleaned,Orai1WT-START-Fr0_cleaned,OSP_ideal,failed,No output from any sub-box,0,0.43,,18,20,1.0,,,,,,,,223,21026,1,32,8000,10,3,NVIDIA A100-SXM4-80GB,
2026-03-24T16:13:31.945778,OX3_ideal__Orai1WT-START-Fr0_cleaned,Orai1WT-START-Fr0_cleaned,OX3_ideal,failed,No output from any sub-box,0,0.43,,18,19,2.0,,,,,,,,223,21026,1,32,8000,10,3,NVIDIA A100-SXM4-80GB,
2026-03-24T16:13:31.969288,OX5_ideal__Orai1WT-START-Fr0_cleaned,Orai1WT-START-Fr0_cleaned,OX5_ideal,failed,No output from any sub-box,0,0.43,,17,18,3.0,,,,,,,,223,21026,1,32,8000,10,3,NVIDIA A100-SXM4-80GB,
2026-03-24T16:13:31.991929,OX6_ideal__Orai1WT-START-Fr0_cleaned,Orai1WT-START-Fr0_cleaned,OX6_ideal,failed,No output from any sub-box,0,0.43,,17,18,2.0,,,,,,,,223,21026,1,32,8000,10,3,NVIDIA A100-SXM4-80GB,
2026-03-24T16:13:32.020365,OX7_ideal__Orai1WT-START-Fr0_cleaned,Orai1WT-START-Fr0_cleaned,OX7_ideal,failed,No output from any sub-box,0,0.43,,17,18,2.0,,,,,,,,223,21026,1,32,8000,10,3,NVIDIA A100-SXM4-80GB,
2026-03-24T16:13:32.043804,OXC_ideal__Orai1WT-START-Fr0_cleaned,Orai1WT-START-Fr0_cleaned,OXC_ideal,failed,No output from any sub-box,0,0.43,,11,15,1.0,,,,,,,,223,21026,1,32,8000,10,3,NVIDIA A100-SXM4-80GB,
2026-03-24T16:13:32.065506,OXD_ideal__Orai1WT-START-Fr0_cleaned,Orai1WT-START-Fr0_cleaned,OXD_ideal,failed,No output from any sub-box,0,0.43,,6,8,1.0,,,,,,,,223,21026,1,32,8000,10,3,NVIDIA A100-SXM4-80GB,
2026-03-24T16:13:32.088930,P0E_ideal__Orai1WT-START-Fr0_cleaned,Orai1WT-START-Fr0_cleaned,P0E_ideal,failed,No output from any sub-box,0,0.43,,49,51,20.0,,,,,,,,223,21026,1,32,8000,10,3,NVIDIA A100-SXM4-80GB,
2026-03-24T16:13:32.116853,P1L_ideal__Orai1WT-START-Fr0_cleaned,Orai1WT-START-Fr0_cleaned,P1L_ideal,failed,No output from any sub-box,0,0.43,,24,27,10.0,,,,,,,,223,21026,1,32,8000,10,3,NVIDIA A100-SXM4-80GB,
2026-03-24T16:13:32.140770,P2Z_ideal__Orai1WT-START-Fr0_cleaned,Orai1WT-START-Fr0_cleaned,P2Z_ideal,failed,No output from any sub-box,0,0.43,,20,20,2.0,,,,,,,,223,21026,1,32,8000,10,3,NVIDIA A100-SXM4-80GB,
2026-03-24T16:13:32.162989,P30_ideal__Orai1WT-START-Fr0_cleaned,Orai1WT-START-Fr0_cleaned,P30_ideal,failed,No output from any sub-box,0,0.43,,40,42,4.0,,,,,,,,223,21026,1,32,8000,10,3,NVIDIA A100-SXM4-80GB,
2026-03-24T16:13:32.184515,P40_ideal__Orai1WT-START-Fr0_cleaned,Orai1WT-START-Fr0_cleaned,P40_ideal,failed,No output from any sub-box,0,0.43,,32,34,3.0,,,,,,,,223,21026,1,32,8000,10,3,NVIDIA A100-SXM4-80GB,
2026-03-24T16:13:32.216299,P48_ideal__Orai1WT-START-Fr0_cleaned,Orai1WT-START-Fr0_cleaned,P48_ideal,failed,No output from any sub-box,0,0.43,,34,36,2.0,,,,,,,,223,21026,1,32,8000,10,3,NVIDIA A100-SXM4-80GB,
2026-03-24T16:13:32.239561,P5B_ideal__Orai1WT-START-Fr0_cleaned,Orai1WT-START-Fr0_cleaned,P5B_ideal,failed,No output from any sub-box,0,0.43,,39,48,7.0,,,,,,,,223,21026,1,32,8000,10,3,NVIDIA A100-SXM4-80GB,
2026-03-24T16:13:32.261279,P5S_ideal__Orai1WT-START-Fr0_cleaned,Orai1WT-START-Fr0_cleaned,P5S_ideal,failed,No output from any sub-box,0,0.43,,54,58,23.0,,,,,,,,223,21026,1,32,8000,10,3,NVIDIA A100-SXM4-80GB,
2026-03-24T16:13:32.285270,P89_ideal__Orai1WT-START-Fr0_cleaned,Orai1WT-START-Fr0_cleaned,P89_ideal,failed,No output from any sub-box,0,0.43,,28,31,8.0,,,,,,,,223,21026,1,32,8000,10,3,NVIDIA A100-SXM4-80GB,
2026-03-24T16:13:32.316437,PAB_ideal__Orai1WT-START-Fr0_cleaned,Orai1WT-START-Fr0_cleaned,PAB_ideal,failed,No output from any sub-box,0,0.43,,10,13,1.0,,,,,,,,223,21026,1,32,8000,10,3,NVIDIA A100-SXM4-80GB,
2026-03-24T16:13:32.339228,PAC_ideal__Orai1WT-START-Fr0_cleaned,Orai1WT-START-Fr0_cleaned,PAC_ideal,failed,No output from any sub-box,0,0.43,,10,11,1.0,,,,,,,,223,21026,1,32,8000,10,3,NVIDIA A100-SXM4-80GB,
2026-03-24T16:13:32.361391,PAD_ideal__Orai1WT-START-Fr0_cleaned,Orai1WT-START-Fr0_cleaned,PAD_ideal,failed,No output from any sub-box,0,0.43,,44,54,8.0,,,,,,,,223,21026,1,32,8000,10,3,NVIDIA A100-SXM4-80GB,
2026-03-24T16:13:32.385105,PB2_ideal__Orai1WT-START-Fr0_cleaned,Orai1WT-START-Fr0_cleaned,PB2_ideal,failed,No output from any sub-box,0,0.43,,18,18,1.0,,,,,,,,223,21026,1,32,8000,10,3,NVIDIA A100-SXM4-80GB,
2026-03-24T16:13:32.418514,PBA_ideal__Orai1WT-START-Fr0_cleaned,Orai1WT-START-Fr0_cleaned,PBA_ideal,failed,No output from any sub-box,0,0.43,,11,13,2.0,,,,,,,,223,21026,1,32,8000,10,3,NVIDIA A100-SXM4-80GB,
2026-03-24T16:13:32.441202,PBC_ideal__Orai1WT-START-Fr0_cleaned,Orai1WT-START-Fr0_cleaned,PBC_ideal,failed,No output from any sub-box,0,0.43,,9,11,1.0,,,,,,,,223,21026,1,32,8000,10,3,NVIDIA A100-SXM4-80GB,
2026-03-24T16:13:32.464127,PBN_ideal__Orai1WT-START-Fr0_cleaned,Orai1WT-START-Fr0_cleaned,PBN_ideal,failed,No output from any sub-box,0,0.43,,11,13,2.0,,,,,,,,223,21026,1,32,8000,10,3,NVIDIA A100-SXM4-80GB,
2026-03-24T16:13:32.486095,PBR_ideal__Orai1WT-START-Fr0_cleaned,Orai1WT-START-Fr0_cleaned,PBR_ideal,failed,No output from any sub-box,0,0.43,,12,13,0.0,,,,,,,,223,21026,1,32,8000,10,3,NVIDIA A100-SXM4-80GB,
2026-03-24T16:13:32.563600,PCB_ideal__Orai1WT-START-Fr0_cleaned,Orai1WT-START-Fr0_cleaned,PCB_ideal,failed,No output from any sub-box,0,0.43,,24,24,1.0,,,,,,,,223,21026,1,32,8000,10,3,NVIDIA A100-SXM4-80GB,
2026-03-24T16:13:32.586594,PCF_ideal__Orai1WT-START-Fr0_cleaned,Orai1WT-START-Fr0_cleaned,PCF_ideal,failed,No output from any sub-box,0,0.43,,50,50,20.0,,,,,,,,223,21026,1,32,8000,10,3,NVIDIA A100-SXM4-80GB,
2026-03-24T16:13:32.616210,PCM_ideal__Orai1WT-START-Fr0_cleaned,Orai1WT-START-Fr0_cleaned,PCM_ideal,failed,No output from any sub-box,0,0.43,,43,46,8.0,,,,,,,,223,21026,1,32,8000,10,3,NVIDIA A100-SXM4-80GB,
2026-03-24T16:13:32.639089,PCQ_ideal__Orai1WT-START-Fr0_cleaned,Orai1WT-START-Fr0_cleaned,PCQ_ideal,failed,No output from any sub-box,0,0.43,,18,20,1.0,,,,,,,,223,21026,1,32,8000,10,3,NVIDIA A100-SXM4-80GB,
2026-03-24T16:13:32.662007,PCR_ideal__Orai1WT-START-Fr0_cleaned,Orai1WT-START-Fr0_cleaned,PCR_ideal,failed,No output from any sub-box,0,0.43,,8,9,0.0,,,,,,,,223,21026,1,32,8000,10,3,NVIDIA A100-SXM4-80GB,
2026-03-24T16:13:32.685495,PCS_ideal__Orai1WT-START-Fr0_cleaned,Orai1WT-START-Fr0_cleaned,PCS_ideal,failed,No output from any sub-box,0,0.43,,13,15,2.0,,,,,,,,223,21026,1,32,8000,10,3,NVIDIA A100-SXM4-80GB,
2026-03-24T16:13:32.716231,PCW_ideal__Orai1WT-START-Fr0_cleaned,Orai1WT-START-Fr0_cleaned,PCW_ideal,failed,No output from any sub-box,0,0.43,,54,55,21.0,,,,,,,,223,21026,1,32,8000,10,3,NVIDIA A100-SXM4-80GB,
2026-03-24T16:13:32.740700,PC_ideal__Orai1WT-START-Fr0_cleaned,Orai1WT-START-Fr0_cleaned,PC_ideal,failed,No output from any sub-box,0,0.43,,11,13,3.0,,,,,,,,223,21026,1,32,8000,10,3,NVIDIA A100-SXM4-80GB,
2026-03-24T16:13:32.762921,PD7_ideal__Orai1WT-START-Fr0_cleaned,Orai1WT-START-Fr0_cleaned,PD7_ideal,failed,No output from any sub-box,0,0.43,,26,28,10.0,,,,,,,,223,21026,1,32,8000,10,3,NVIDIA A100-SXM4-80GB,
2026-03-24T16:13:32.784571,PDC_ideal__Orai1WT-START-Fr0_cleaned,Orai1WT-START-Fr0_cleaned,PDC_ideal,failed,No output from any sub-box,0,0.43,,12,14,2.0,,,,,,,,223,21026,1,32,8000,10,3,NVIDIA A100-SXM4-80GB,
2026-03-24T16:13:32.817184,PDO_ideal__Orai1WT-START-Fr0_cleaned,Orai1WT-START-Fr0_cleaned,PDO_ideal,failed,No output from any sub-box,0,0.43,,5,7,2.0,,,,,,,,223,21026,1,32,8000,10,3,NVIDIA A100-SXM4-80GB,
2026-03-24T16:13:32.840943,PE5_ideal__Orai1WT-START-Fr0_cleaned,Orai1WT-START-Fr0_cleaned,PE5_ideal,failed,No output from any sub-box,0,0.43,,27,28,12.0,,,,,,,,223,21026,1,32,8000,10,3,NVIDIA A100-SXM4-80GB,
2026-03-24T16:13:32.865554,PE7_ideal__Orai1WT-START-Fr0_cleaned,Orai1WT-START-Fr0_cleaned,PE7_ideal,failed,No output from any sub-box,0,0.43,,22,24,10.0,,,,,,,,223,21026,1,32,8000,10,3,NVIDIA A100-SXM4-80GB,
2026-03-24T16:13:32.887939,PEA_ideal__Orai1WT-START-Fr0_cleaned,Orai1WT-START-Fr0_cleaned,PEA_ideal,failed,No output from any sub-box,0,0.43,,9,12,1.0,,,,,,,,223,21026,1,32,8000,10,3,NVIDIA A100-SXM4-80GB,
2026-03-24T16:13:32.917001,PEE_ideal__Orai1WT-START-Fr0_cleaned,Orai1WT-START-Fr0_cleaned,PEE_ideal,failed,No output from any sub-box,0,0.43,,51,54,21.0,,,,,,,,223,21026,1,32,8000,10,3,NVIDIA A100-SXM4-80GB,
2026-03-24T16:13:32.940774,PEF_ideal__Orai1WT-START-Fr0_cleaned,Orai1WT-START-Fr0_cleaned,PEF_ideal,failed,No output from any sub-box,0,0.43,,47,50,20.0,,,,,,,,223,21026,1,32,8000,10,3,NVIDIA A100-SXM4-80GB,
2026-03-24T16:13:32.964948,PEL_ideal__Orai1WT-START-Fr0_cleaned,Orai1WT-START-Fr0_cleaned,PEL_ideal,failed,No output from any sub-box,0,0.43,,9,10,1.0,,,,,,,,223,21026,1,32,8000,10,3,NVIDIA A100-SXM4-80GB,
2026-03-24T16:13:32.986233,PFB_ideal__Orai1WT-START-Fr0_cleaned,Orai1WT-START-Fr0_cleaned,PFB_ideal,failed,No output from any sub-box,0,0.43,,13,14,1.0,,,,,,,,223,21026,1,32,8000,10,3,NVIDIA A100-SXM4-80GB,
2026-03-24T16:13:33.019170,PFL_ideal__Orai1WT-START-Fr0_cleaned,Orai1WT-START-Fr0_cleaned,PFL_ideal,failed,No output from any sub-box,0,0.43,,13,14,1.0,,,,,,,,223,21026,1,32,8000,10,3,NVIDIA A100-SXM4-80GB,
2026-03-24T16:13:33.043837,PFS_ideal__Orai1WT-START-Fr0_cleaned,Orai1WT-START-Fr0_cleaned,PFS_ideal,failed,No output from any sub-box,0,0.43,,35,35,13.0,,,,,,,,223,21026,1,32,8000,10,3,NVIDIA A100-SXM4-80GB,
2026-03-24T16:13:33.066623,PGM_ideal__Orai1WT-START-Fr0_cleaned,Orai1WT-START-Fr0_cleaned,PGM_ideal,failed,No output from any sub-box,0,0.43,,32,35,13.0,,,,,,,,223,21026,1,32,8000,10,3,NVIDIA A100-SXM4-80GB,
2026-03-24T16:13:33.089620,PHB_ideal__Orai1WT-START-Fr0_cleaned,Orai1WT-START-Fr0_cleaned,PHB_ideal,failed,No output from any sub-box,0,0.43,,10,12,1.0,,,,,,,,223,21026,1,32,8000,10,3,NVIDIA A100-SXM4-80GB,
2026-03-24T16:13:33.116577,PHE_ideal__Orai1WT-START-Fr0_cleaned,Orai1WT-START-Fr0_cleaned,PHE_ideal,failed,No output from any sub-box,0,0.43,,12,15,2.0,,,,,,,,223,21026,1,32,8000,10,3,NVIDIA A100-SXM4-80GB,
2026-03-24T16:13:33.140535,PHI_ideal__Orai1WT-START-Fr0_cleaned,Orai1WT-START-Fr0_cleaned,PHI_ideal,failed,No output from any sub-box,0,0.43,,13,16,2.0,,,,,,,,223,21026,1,32,8000,10,3,NVIDIA A100-SXM4-80GB,
2026-03-24T16:13:33.163974,PHJ_ideal__Orai1WT-START-Fr0_cleaned,Orai1WT-START-Fr0_cleaned,PHJ_ideal,failed,No output from any sub-box,0,0.43,,11,14,1.0,,,,,,,,223,21026,1,32,8000,10,3,NVIDIA A100-SXM4-80GB,
2026-03-24T16:13:33.186084,PHK_ideal__Orai1WT-START-Fr0_cleaned,Orai1WT-START-Fr0_cleaned,PHK_ideal,failed,No output from any sub-box,0,0.43,,13,16,3.0,,,,,,,,223,21026,1,32,8000,10,3,NVIDIA A100-SXM4-80GB,
2026-03-24T16:13:33.216994,PHL_ideal__Orai1WT-START-Fr0_cleaned,Orai1WT-START-Fr0_cleaned,PHL_ideal,failed,No output from any sub-box,0,0.43,,11,14,2.0,,,,,,,,223,21026,1,32,8000,10,3,NVIDIA A100-SXM4-80GB,
2026-03-24T16:13:33.241703,PHN_ideal__Orai1WT-START-Fr0_cleaned,Orai1WT-START-Fr0_cleaned,PHN_ideal,failed,No output from any sub-box,0,0.43,,14,14,,,,,,,,,223,21026,1,32,8000,10,3,NVIDIA A100-SXM4-80GB,
2026-03-24T16:13:33.264623,PHQ_ideal__Orai1WT-START-Fr0_cleaned,Orai1WT-START-Fr0_cleaned,PHQ_ideal,failed,No output from any sub-box,0,0.43,,11,11,1.0,,,,,,,,223,21026,1,32,8000,10,3,NVIDIA A100-SXM4-80GB,
2026-03-24T16:13:33.285241,PHT_ideal__Orai1WT-START-Fr0_cleaned,Orai1WT-START-Fr0_cleaned,PHT_ideal,failed,No output from any sub-box,0,0.43,,12,14,2.0,,,,,,,,223,21026,1,32,8000,10,3,NVIDIA A100-SXM4-80GB,
2026-03-24T16:13:33.333515,PIE_ideal__Orai1WT-START-Fr0_cleaned,Orai1WT-START-Fr0_cleaned,PIE_ideal,failed,No output from any sub-box,0,0.43,,57,62,22.0,,,,,,,,223,21026,1,32,8000,10,3,NVIDIA A100-SXM4-80GB,
2026-03-24T16:13:33.360037,PIH_ideal__Orai1WT-START-Fr0_cleaned,Orai1WT-START-Fr0_cleaned,PIH_ideal,failed,No output from any sub-box,0,0.43,,7,7,,,,,,,,,223,21026,1,32,8000,10,3,NVIDIA A100-SXM4-80GB,
2026-03-24T16:13:33.383813,PIM_ideal__Orai1WT-START-Fr0_cleaned,Orai1WT-START-Fr0_cleaned,PIM_ideal,failed,No output from any sub-box,0,0.43,,11,12,0.0,,,,,,,,223,21026,1,32,8000,10,3,NVIDIA A100-SXM4-80GB,
2026-03-24T16:13:33.417077,PIT_ideal__Orai1WT-START-Fr0_cleaned,Orai1WT-START-Fr0_cleaned,PIT_ideal,failed,No output from any sub-box,0,0.43,,18,22,3.0,,,,,,,,223,21026,1,32,8000,10,3,NVIDIA A100-SXM4-80GB,
2026-03-24T16:13:33.441109,PIU_ideal__Orai1WT-START-Fr0_cleaned,Orai1WT-START-Fr0_cleaned,PIU_ideal,failed,No output from any sub-box,0,0.43,,21,23,2.0,,,,,,,,223,21026,1,32,8000,10,3,NVIDIA A100-SXM4-80GB,
2026-03-24T16:13:33.463704,PKF_ideal__Orai1WT-START-Fr0_cleaned,Orai1WT-START-Fr0_cleaned,PKF_ideal,failed,No output from any sub-box,0,0.43,,52,59,11.0,,,,,,,,223,21026,1,32,8000,10,3,NVIDIA A100-SXM4-80GB,
2026-03-24T16:13:33.487196,PL3_ideal__Orai1WT-START-Fr0_cleaned,Orai1WT-START-Fr0_cleaned,PL3_ideal,failed,No output from any sub-box,0,0.43,,17,18,7.0,,,,,,,,223,21026,1,32,8000,10,3,NVIDIA A100-SXM4-80GB,
2026-03-24T16:13:33.516960,PLC_ideal__Orai1WT-START-Fr0_cleaned,Orai1WT-START-Fr0_cleaned,PLC_ideal,failed,No output from any sub-box,0,0.43,,42,43,16.0,,,,,,,,223,21026,1,32,8000,10,3,NVIDIA A100-SXM4-80GB,
2026-03-24T16:13:33.546548,PLM_ideal__Orai1WT-START-Fr0_cleaned,Orai1WT-START-Fr0_cleaned,PLM_ideal,failed,No output from any sub-box,0,0.43,,18,19,7.0,,,,,,,,223,21026,1,32,8000,10,3,NVIDIA A100-SXM4-80GB,
2026-03-24T16:13:33.570482,PLU_ideal__Orai1WT-START-Fr0_cleaned,Orai1WT-START-Fr0_cleaned,PLU_ideal,failed,No output from any sub-box,0,0.43,,10,14,3.0,,,,,,,,223,21026,1,32,8000,10,3,NVIDIA A100-SXM4-80GB,
2026-03-24T16:13:33.593923,PM4_ideal__Orai1WT-START-Fr0_cleaned,Orai1WT-START-Fr0_cleaned,PM4_ideal,failed,No output from any sub-box,0,0.43,,28,33,9.0,,,,,,,,223,21026,1,32,8000,10,3,NVIDIA A100-SXM4-80GB,
2026-03-24T16:13:33.616336,PM5_ideal__Orai1WT-START-Fr0_cleaned,Orai1WT-START-Fr0_cleaned,PM5_ideal,failed,No output from any sub-box,0,0.43,,29,34,9.0,,,,,,,,223,21026,1,32,8000,10,3,NVIDIA A100-SXM4-80GB,
2026-03-24T16:13:33.639772,PMA_ideal__Orai1WT-START-Fr0_cleaned,Orai1WT-START-Fr0_cleaned,PMA_ideal,failed,No output from any sub-box,0,0.43,,18,22,4.0,,,,,,,,223,21026,1,32,8000,10,3,NVIDIA A100-SXM4-80GB,
2026-03-24T16:13:33.662116,PMS_ideal__Orai1WT-START-Fr0_cleaned,Orai1WT-START-Fr0_cleaned,PMS_ideal,failed,No output from any sub-box,0,0.43,,11,12,1.0,,,,,,,,223,21026,1,32,8000,10,3,NVIDIA A100-SXM4-80GB,
2026-03-24T16:13:33.684990,PN6_ideal__Orai1WT-START-Fr0_cleaned,Orai1WT-START-Fr0_cleaned,PN6_ideal,failed,No output from any sub-box,0,0.43,,25,28,1.0,,,,,,,,223,21026,1,32,8000,10,3,NVIDIA A100-SXM4-80GB,
2026-03-24T16:13:33.716759,PNF_ideal__Orai1WT-START-Fr0_cleaned,Orai1WT-START-Fr0_cleaned,PNF_ideal,failed,No output from any sub-box,0,0.43,,27,30,7.0,,,,,,,,223,21026,1,32,8000,10,3,NVIDIA A100-SXM4-80GB,
2026-03-24T16:13:33.742831,PNT_ideal__Orai1WT-START-Fr0_cleaned,Orai1WT-START-Fr0_cleaned,PNT_ideal,failed,No output from any sub-box,0,0.43,,25,31,5.0,,,,,,,,223,21026,1,32,8000,10,3,NVIDIA A100-SXM4-80GB,
2026-03-24T16:13:33.760226,PO4_ideal__Orai1WT-START-Fr0_cleaned,Orai1WT-START-Fr0_cleaned,PO4_ideal,failed,No output from any sub-box,0,0.43,,5,5,,,,,,,,,223,21026,1,32,8000,10,3,NVIDIA A100-SXM4-80GB,
2026-03-24T16:13:33.776790,PP1_ideal__Orai1WT-START-Fr0_cleaned,Orai1WT-START-Fr0_cleaned,PP1_ideal,failed,No output from any sub-box,0,0.43,,21,23,1.0,,,,,,,,223,21026,1,32,8000,10,3,NVIDIA A100-SXM4-80GB,
2026-03-24T16:13:33.794649,PP2_ideal__Orai1WT-START-Fr0_cleaned,Orai1WT-START-Fr0_cleaned,PP2_ideal,failed,No output from any sub-box,0,0.43,,21,24,1.0,,,,,,,,223,21026,1,32,8000,10,3,NVIDIA A100-SXM4-80GB,
2026-03-24T16:13:33.816314,PPK_ideal__Orai1WT-START-Fr0_cleaned,Orai1WT-START-Fr0_cleaned,PPK_ideal,failed,No output from any sub-box,0,0.43,,13,19,4.0,,,,,,,,223,21026,1,32,8000,10,3,NVIDIA A100-SXM4-80GB,
2026-03-24T16:13:33.833156,PPT_ideal__Orai1WT-START-Fr0_cleaned,Orai1WT-START-Fr0_cleaned,PPT_ideal,failed,No output from any sub-box,0,0.43,,12,13,2.0,,,,,,,,223,21026,1,32,8000,10,3,NVIDIA A100-SXM4-80GB,
2026-03-24T16:13:33.850268,PPV_ideal__Orai1WT-START-Fr0_cleaned,Orai1WT-START-Fr0_cleaned,PPV_ideal,failed,No output from any sub-box,0,0.43,,9,13,3.0,,,,,,,,223,21026,1,32,8000,10,3,NVIDIA A100-SXM4-80GB,
2026-03-24T16:13:33.868722,PPX_ideal__Orai1WT-START-Fr0_cleaned,Orai1WT-START-Fr0_cleaned,PPX_ideal,failed,No output from any sub-box,0,0.43,,28,32,5.0,,,,,,,,223,21026,1,32,8000,10,3,NVIDIA A100-SXM4-80GB,
2026-03-24T16:13:33.885571,PPY_ideal__Orai1WT-START-Fr0_cleaned,Orai1WT-START-Fr0_cleaned,PPY_ideal,failed,No output from any sub-box,0,0.43,,12,13,2.0,,,,,,,,223,21026,1,32,8000,10,3,NVIDIA A100-SXM4-80GB,
2026-03-24T16:13:33.902075,PQN_ideal__Orai1WT-START-Fr0_cleaned,Orai1WT-START-Fr0_cleaned,PQN_ideal,failed,No output from any sub-box,0,0.43,,33,33,7.0,,,,,,,,223,21026,1,32,8000,10,3,NVIDIA A100-SXM4-80GB,
2026-03-24T16:13:33.935451,PRA_ideal__Orai1WT-START-Fr0_cleaned,Orai1WT-START-Fr0_cleaned,PRA_ideal,failed,No output from any sub-box,0,0.43,,10,12,2.0,,,,,,,,223,21026,1,32,8000,10,3,NVIDIA A100-SXM4-80GB,
2026-03-24T16:13:33.956296,PRL_ideal__Orai1WT-START-Fr0_cleaned,Orai1WT-START-Fr0_cleaned,PRL_ideal,failed,No output from any sub-box,0,0.43,,16,20,1.0,,,,,,,,223,21026,1,32,8000,10,3,NVIDIA A100-SXM4-80GB,
2026-03-24T16:13:33.972923,PRT_ideal__Orai1WT-START-Fr0_cleaned,Orai1WT-START-Fr0_cleaned,PRT_ideal,failed,No output from any sub-box,0,0.43,,44,55,11.0,,,,,,,,223,21026,1,32,8000,10,3,NVIDIA A100-SXM4-80GB,
2026-03-24T16:13:33.991535,PS5_ideal__Orai1WT-START-Fr0_cleaned,Orai1WT-START-Fr0_cleaned,PS5_ideal,failed,No output from any sub-box,0,0.43,,5,5,1.0,,,,,,,,223,21026,1,32,8000,10,3,NVIDIA A100-SXM4-80GB,
2026-03-24T16:13:34.016934,PS9_ideal__Orai1WT-START-Fr0_cleaned,Orai1WT-START-Fr0_cleaned,PS9_ideal,failed,No output from any sub-box,0,0.43,,8,8,,,,,,,,,223,21026,1,32,8000,10,3,NVIDIA A100-SXM4-80GB,
2026-03-24T16:13:34.035067,PSI_ideal__Orai1WT-START-Fr0_cleaned,Orai1WT-START-Fr0_cleaned,PSI_ideal,failed,No output from any sub-box,0,0.43,,41,48,9.0,,,,,,,,223,21026,1,32,8000,10,3,NVIDIA A100-SXM4-80GB,
2026-03-24T16:13:34.054975,PSY_ideal__Orai1WT-START-Fr0_cleaned,Orai1WT-START-Fr0_cleaned,PSY_ideal,failed,No output from any sub-box,0,0.43,,12,12,1.0,,,,,,,,223,21026,1,32,8000,10,3,NVIDIA A100-SXM4-80GB,
2026-03-24T16:13:34.071390,PTD_ideal__Orai1WT-START-Fr0_cleaned,Orai1WT-START-Fr0_cleaned,PTD_ideal,failed,No output from any sub-box,0,0.43,,7,7,2.0,,,,,,,,223,21026,1,32,8000,10,3,NVIDIA A100-SXM4-80GB,
2026-03-24T16:13:34.089723,PTG_ideal__Orai1WT-START-Fr0_cleaned,Orai1WT-START-Fr0_cleaned,PTG_ideal,failed,No output from any sub-box,0,0.43,,23,24,6.0,,,,,,,,223,21026,1,32,8000,10,3,NVIDIA A100-SXM4-80GB,
2026-03-24T16:13:34.116532,PTU_ideal__Orai1WT-START-Fr0_cleaned,Orai1WT-START-Fr0_cleaned,PTU_ideal,failed,No output from any sub-box,0,0.43,,12,14,1.0,,,,,,,,223,21026,1,32,8000,10,3,NVIDIA A100-SXM4-80GB,
2026-03-24T16:13:34.138498,PUA_ideal__Orai1WT-START-Fr0_cleaned,Orai1WT-START-Fr0_cleaned,PUA_ideal,failed,No output from any sub-box,0,0.43,,50,60,11.0,,,,,,,,223,21026,1,32,8000,10,3,NVIDIA A100-SXM4-80GB,
2026-03-24T16:13:34.171161,PUT_ideal__Orai1WT-START-Fr0_cleaned,Orai1WT-START-Fr0_cleaned,PUT_ideal,failed,No output from any sub-box,0,0.43,,6,10,2.0,,,,,,,,223,21026,1,32,8000,10,3,NVIDIA A100-SXM4-80GB,
2026-03-24T16:13:34.193691,PVC_ideal__Orai1WT-START-Fr0_cleaned,Orai1WT-START-Fr0_cleaned,PVC_ideal,failed,No output from any sub-box,0,0.43,,30,35,12.0,,,,,,,,223,21026,1,32,8000,10,3,NVIDIA A100-SXM4-80GB,
2026-03-24T16:13:34.216878,PYE_ideal__Orai1WT-START-Fr0_cleaned,Orai1WT-START-Fr0_cleaned,PYE_ideal,failed,No output from any sub-box,0,0.43,,6,6,,,,,,,,,223,21026,1,32,8000,10,3,NVIDIA A100-SXM4-80GB,
2026-03-24T16:13:34.239247,PYU_ideal__Orai1WT-START-Fr0_cleaned,Orai1WT-START-Fr0_cleaned,PYU_ideal,failed,No output from any sub-box,0,0.43,,16,19,2.0,,,,,,,,223,21026,1,32,8000,10,3,NVIDIA A100-SXM4-80GB,
2026-03-24T16:13:34.262117,PZE_ideal__Orai1WT-START-Fr0_cleaned,Orai1WT-START-Fr0_cleaned,PZE_ideal,failed,No output from any sub-box,0,0.43,,6,8,,,,,,,,,223,21026,1,32,8000,10,3,NVIDIA A100-SXM4-80GB,
2026-03-24T16:13:34.283995,Q8U_ideal__Orai1WT-START-Fr0_cleaned,Orai1WT-START-Fr0_cleaned,Q8U_ideal,failed,No output from any sub-box,0,0.43,,42,45,7.0,,,,,,,,223,21026,1,32,8000,10,3,NVIDIA A100-SXM4-80GB,
2026-03-24T16:13:34.317942,QCM_ideal__Orai1WT-START-Fr0_cleaned,Orai1WT-START-Fr0_cleaned,QCM_ideal,failed,No output from any sub-box,0,0.43,,31,34,5.0,,,,,,,,223,21026,1,32,8000,10,3,NVIDIA A100-SXM4-80GB,
2026-03-24T16:13:34.342909,QDH_ideal__Orai1WT-START-Fr0_cleaned,Orai1WT-START-Fr0_cleaned,QDH_ideal,failed,No output from any sub-box,0,0.43,,37,43,7.0,,,,,,,,223,21026,1,32,8000,10,3,NVIDIA A100-SXM4-80GB,
2026-03-24T16:13:34.365516,QFC_ideal__Orai1WT-START-Fr0_cleaned,Orai1WT-START-Fr0_cleaned,QFC_ideal,failed,No output from any sub-box,0,0.43,,42,43,3.0,,,,,,,,223,21026,1,32,8000,10,3,NVIDIA A100-SXM4-80GB,
2026-03-24T16:13:34.387144,QO4_ideal__Orai1WT-START-Fr0_cleaned,Orai1WT-START-Fr0_cleaned,QO4_ideal,failed,No output from any sub-box,0,0.43,,36,38,5.0,,,,,,,,223,21026,1,32,8000,10,3,NVIDIA A100-SXM4-80GB,
2026-03-24T16:13:34.416921,QWP_ideal__Orai1WT-START-Fr0_cleaned,Orai1WT-START-Fr0_cleaned,QWP_ideal,failed,No output from any sub-box,0,0.43,,76,87,13.0,,,,,,,,223,21026,1,32,8000,10,3,NVIDIA A100-SXM4-80GB,
2026-03-24T16:13:34.439800,R03_ideal__Orai1WT-START-Fr0_cleaned,Orai1WT-START-Fr0_cleaned,R03_ideal,failed,No output from any sub-box,0,0.43,,29,29,5.0,,,,,,,,223,21026,1,32,8000,10,3,NVIDIA A100-SXM4-80GB,
2026-03-24T16:13:34.461180,R0Z_ideal__Orai1WT-START-Fr0_cleaned,Orai1WT-START-Fr0_cleaned,R0Z_ideal,failed,No output from any sub-box,0,0.43,,42,44,4.0,,,,,,,,223,21026,1,32,8000,10,3,NVIDIA A100-SXM4-80GB,
2026-03-24T16:13:34.483757,R19_ideal__Orai1WT-START-Fr0_cleaned,Orai1WT-START-Fr0_cleaned,R19_ideal,failed,No output from any sub-box,0,0.43,,28,28,5.0,,,,,,,,223,21026,1,32,8000,10,3,NVIDIA A100-SXM4-80GB,
2026-03-24T16:13:34.516280,R1H_ideal__Orai1WT-START-Fr0_cleaned,Orai1WT-START-Fr0_cleaned,R1H_ideal,failed,No output from any sub-box,0,0.43,,48,50,5.0,,,,,,,,223,21026,1,32,8000,10,3,NVIDIA A100-SXM4-80GB,
2026-03-24T16:13:34.539721,R1L_ideal__Orai1WT-START-Fr0_cleaned,Orai1WT-START-Fr0_cleaned,R1L_ideal,failed,No output from any sub-box,0,0.43,,49,51,5.0,,,,,,,,223,21026,1,32,8000,10,3,NVIDIA A100-SXM4-80GB,
2026-03-24T16:13:34.562050,R64_ideal__Orai1WT-START-Fr0_cleaned,Orai1WT-START-Fr0_cleaned,R64_ideal,failed,No output from any sub-box,0,0.43,,30,31,4.0,,,,,,,,223,21026,1,32,8000,10,3,NVIDIA A100-SXM4-80GB,
2026-03-24T16:13:34.584878,R71_ideal__Orai1WT-START-Fr0_cleaned,Orai1WT-START-Fr0_cleaned,R71_ideal,failed,No output from any sub-box,0,0.43,,28,28,6.0,,,,,,,,223,21026,1,32,8000,10,3,NVIDIA A100-SXM4-80GB,
2026-03-24T16:13:34.616237,R78_ideal__Orai1WT-START-Fr0_cleaned,Orai1WT-START-Fr0_cleaned,R78_ideal,failed,No output from any sub-box,0,0.43,,38,40,3.0,,,,,,,,223,21026,1,32,8000,10,3,NVIDIA A100-SXM4-80GB,
2026-03-24T16:13:34.640795,R79_ideal__Orai1WT-START-Fr0_cleaned,Orai1WT-START-Fr0_cleaned,R79_ideal,failed,No output from any sub-box,0,0.43,,28,28,5.0,,,,,,,,223,21026,1,32,8000,10,3,NVIDIA A100-SXM4-80GB,
2026-03-24T16:13:34.664511,RA4_ideal__Orai1WT-START-Fr0_cleaned,Orai1WT-START-Fr0_cleaned,RA4_ideal,failed,No output from any sub-box,0,0.43,,35,41,6.0,,,,,,,,223,21026,1,32,8000,10,3,NVIDIA A100-SXM4-80GB,
2026-03-24T16:13:34.686944,RA8_ideal__Orai1WT-START-Fr0_cleaned,Orai1WT-START-Fr0_cleaned,RA8_ideal,failed,No output from any sub-box,0,0.43,,34,40,7.0,,,,,,,,223,21026,1,32,8000,10,3,NVIDIA A100-SXM4-80GB,
2026-03-24T16:13:34.716550,RAP_ideal__Orai1WT-START-Fr0_cleaned,Orai1WT-START-Fr0_cleaned,RAP_ideal,failed,No output from any sub-box,0,0.43,,67,70,15.0,,,,,,,,223,21026,1,32,8000,10,3,NVIDIA A100-SXM4-80GB,
2026-03-24T16:13:34.739697,RCL_ideal__Orai1WT-START-Fr0_cleaned,Orai1WT-START-Fr0_cleaned,RCL_ideal,failed,No output from any sub-box,0,0.43,,21,23,8.0,,,,,,,,223,21026,1,32,8000,10,3,NVIDIA A100-SXM4-80GB,
2026-03-24T16:13:34.763565,RCO_ideal__Orai1WT-START-Fr0_cleaned,Orai1WT-START-Fr0_cleaned,RCO_ideal,failed,No output from any sub-box,0,0.43,,8,10,1.0,,,,,,,,223,21026,1,32,8000,10,3,NVIDIA A100-SXM4-80GB,
2026-03-24T16:13:34.792925,RCX_ideal__Orai1WT-START-Fr0_cleaned,Orai1WT-START-Fr0_cleaned,RCX_ideal,failed,No output from any sub-box,0,0.43,,22,22,1.0,,,,,,,,223,21026,1,32,8000,10,3,NVIDIA A100-SXM4-80GB,
2026-03-24T16:13:34.818274,RD8_ideal__Orai1WT-START-Fr0_cleaned,Orai1WT-START-Fr0_cleaned,RD8_ideal,failed,No output from any sub-box,0,0.43,,32,35,4.0,,,,,,,,223,21026,1,32,8000,10,3,NVIDIA A100-SXM4-80GB,
2026-03-24T16:13:34.850145,RE2_ideal__Orai1WT-START-Fr0_cleaned,Orai1WT-START-Fr0_cleaned,RE2_ideal,failed,No output from any sub-box,0,0.43,,17,20,3.0,,,,,,,,223,21026,1,32,8000,10,3,NVIDIA A100-SXM4-80GB,
2026-03-24T16:13:34.874991,RF1_ideal__Orai1WT-START-Fr0_cleaned,Orai1WT-START-Fr0_cleaned,RF1_ideal,failed,No output from any sub-box,0,0.43,,23,23,2.0,,,,,,,,223,21026,1,32,8000,10,3,NVIDIA A100-SXM4-80GB,
2026-03-24T16:13:34.898482,RF2_ideal__Orai1WT-START-Fr0_cleaned,Orai1WT-START-Fr0_cleaned,RF2_ideal,failed,No output from any sub-box,0,0.43,,18,19,1.0,,,,,,,,223,21026,1,32,8000,10,3,NVIDIA A100-SXM4-80GB,
2026-03-24T16:13:34.934798,RFL_ideal__Orai1WT-START-Fr0_cleaned,Orai1WT-START-Fr0_cleaned,RFL_ideal,failed,No output from any sub-box,0,0.43,,55,65,11.0,,,,,,,,223,21026,1,32,8000,10,3,NVIDIA A100-SXM4-80GB,
2026-03-24T16:13:34.956550,RGA_ideal__Orai1WT-START-Fr0_cleaned,Orai1WT-START-Fr0_cleaned,RGA_ideal,failed,No output from any sub-box,0,0.43,,70,70,19.0,,,,,,,,223,21026,1,32,8000,10,3,NVIDIA A100-SXM4-80GB,
2026-03-24T16:13:35.000248,RGC_ideal__Orai1WT-START-Fr0_cleaned,Orai1WT-START-Fr0_cleaned,RGC_ideal,failed,No output from any sub-box,0,0.43,,68,69,19.0,,,,,,,,223,21026,1,32,8000,10,3,NVIDIA A100-SXM4-80GB,
2026-03-24T16:13:35.036345,RIF_ideal__Orai1WT-START-Fr0_cleaned,Orai1WT-START-Fr0_cleaned,RIF_ideal,failed,No output from any sub-box,0,0.43,,69,75,13.0,,,,,,,,223,21026,1,32,8000,10,3,NVIDIA A100-SXM4-80GB,
2026-03-24T16:13:35.061034,RIS_ideal__Orai1WT-START-Fr0_cleaned,Orai1WT-START-Fr0_cleaned,RIS_ideal,failed,No output from any sub-box,0,0.43,,17,22,4.0,,,,,,,,223,21026,1,32,8000,10,3,NVIDIA A100-SXM4-80GB,
2026-03-24T16:13:35.082920,RIT_ideal__Orai1WT-START-Fr0_cleaned,Orai1WT-START-Fr0_cleaned,RIT_ideal,failed,No output from any sub-box,0,0.43,,50,54,10.0,,,,,,,,223,21026,1,32,8000,10,3,NVIDIA A100-SXM4-80GB,
2026-03-24T16:13:35.116510,RMN_ideal__Orai1WT-START-Fr0_cleaned,Orai1WT-START-Fr0_cleaned,RMN_ideal,failed,No output from any sub-box,0,0.43,,11,13,2.0,,,,,,,,223,21026,1,32,8000,10,3,NVIDIA A100-SXM4-80GB,
2026-03-24T16:13:35.139086,RNO_ideal__Orai1WT-START-Fr0_cleaned,Orai1WT-START-Fr0_cleaned,RNO_ideal,failed,No output from any sub-box,0,0.43,,12,12,1.0,,,,,,,,223,21026,1,32,8000,10,3,NVIDIA A100-SXM4-80GB,
2026-03-24T16:13:35.161127,ROC_ideal__Orai1WT-START-Fr0_cleaned,Orai1WT-START-Fr0_cleaned,ROC_ideal,failed,No output from any sub-box,0,0.43,,49,55,7.0,,,,,,,,223,21026,1,32,8000,10,3,NVIDIA A100-SXM4-80GB,
2026-03-24T16:13:35.184993,ROK_ideal__Orai1WT-START-Fr0_cleaned,Orai1WT-START-Fr0_cleaned,ROK_ideal,failed,No output from any sub-box,0,0.43,,17,22,3.0,,,,,,,,223,21026,1,32,8000,10,3,NVIDIA A100-SXM4-80GB,
2026-03-24T16:13:35.216845,RR6_ideal__Orai1WT-START-Fr0_cleaned,Orai1WT-START-Fr0_cleaned,RR6_ideal,failed,No output from any sub-box,0,0.43,,72,84,12.0,,,,,,,,223,21026,1,32,8000,10,3,NVIDIA A100-SXM4-80GB,
2026-03-24T16:13:35.239487,RRX_ideal__Orai1WT-START-Fr0_cleaned,Orai1WT-START-Fr0_cleaned,RRX_ideal,failed,No output from any sub-box,0,0.43,,41,42,5.0,,,,,,,,223,21026,1,32,8000,10,3,NVIDIA A100-SXM4-80GB,
2026-03-24T16:13:35.261938,RSO_ideal__Orai1WT-START-Fr0_cleaned,Orai1WT-START-Fr0_cleaned,RSO_ideal,failed,No output from any sub-box,0,0.43,,9,9,0.0,,,,,,,,223,21026,1,32,8000,10,3,NVIDIA A100-SXM4-80GB,
2026-03-24T16:13:35.283655,RXD_ideal__Orai1WT-START-Fr0_cleaned,Orai1WT-START-Fr0_cleaned,RXD_ideal,failed,No output from any sub-box,0,0.43,,31,34,4.0,,,,,,,,223,21026,1,32,8000,10,3,NVIDIA A100-SXM4-80GB,
2026-03-24T16:13:35.317265,RXP_ideal__Orai1WT-START-Fr0_cleaned,Orai1WT-START-Fr0_cleaned,RXP_ideal,failed,No output from any sub-box,0,0.43,,50,56,9.0,,,,,,,,223,21026,1,32,8000,10,3,NVIDIA A100-SXM4-80GB,
2026-03-24T16:13:35.348126,RYO_ideal__Orai1WT-START-Fr0_cleaned,Orai1WT-START-Fr0_cleaned,RYO_ideal,failed,No output from any sub-box,0,0.43,,66,70,14.0,,,,,,,,223,21026,1,32,8000,10,3,NVIDIA A100-SXM4-80GB,
2026-03-24T16:13:35.370680,RYW_ideal__Orai1WT-START-Fr0_cleaned,Orai1WT-START-Fr0_cleaned,RYW_ideal,failed,No output from any sub-box,0,0.43,,41,44,5.0,,,,,,,,223,21026,1,32,8000,10,3,NVIDIA A100-SXM4-80GB,
2026-03-24T16:13:35.394139,S1H_ideal__Orai1WT-START-Fr0_cleaned,Orai1WT-START-Fr0_cleaned,S1H_ideal,failed,No output from any sub-box,0,0.43,,26,29,10.0,,,,,,,,223,21026,1,32,8000,10,3,NVIDIA A100-SXM4-80GB,
2026-03-24T16:13:35.417851,S3V_ideal__Orai1WT-START-Fr0_cleaned,Orai1WT-START-Fr0_cleaned,S3V_ideal,failed,No output from any sub-box,0,0.43,,9,10,1.0,,,,,,,,223,21026,1,32,8000,10,3,NVIDIA A100-SXM4-80GB,
2026-03-24T16:13:35.439774,S4R_ideal__Orai1WT-START-Fr0_cleaned,Orai1WT-START-Fr0_cleaned,S4R_ideal,failed,No output from any sub-box,0,0.43,,40,41,3.0,,,,,,,,223,21026,1,32,8000,10,3,NVIDIA A100-SXM4-80GB,
2026-03-24T16:13:35.461085,SAN_ideal__Orai1WT-START-Fr0_cleaned,Orai1WT-START-Fr0_cleaned,SAN_ideal,failed,No output from any sub-box,0,0.43,,11,15,1.0,,,,,,,,223,21026,1,32,8000,10,3,NVIDIA A100-SXM4-80GB,
2026-03-24T16:13:35.483803,SBE_ideal__Orai1WT-START-Fr0_cleaned,Orai1WT-START-Fr0_cleaned,SBE_ideal,failed,No output from any sub-box,0,0.43,,6,7,0.0,,,,,,,,223,21026,1,32,8000,10,3,NVIDIA A100-SXM4-80GB,
2026-03-24T16:13:35.516726,SBN_ideal__Orai1WT-START-Fr0_cleaned,Orai1WT-START-Fr0_cleaned,SBN_ideal,failed,No output from any sub-box,0,0.43,,20,22,1.0,,,,,,,,223,21026,1,32,8000,10,3,NVIDIA A100-SXM4-80GB,
2026-03-24T16:13:35.540730,SBZ_ideal__Orai1WT-START-Fr0_cleaned,Orai1WT-START-Fr0_cleaned,SBZ_ideal,failed,No output from any sub-box,0,0.43,,16,20,2.0,,,,,,,,223,21026,1,32,8000,10,3,NVIDIA A100-SXM4-80GB,
2026-03-24T16:13:35.563023,SCA_ideal__Orai1WT-START-Fr0_cleaned,Orai1WT-START-Fr0_cleaned,SCA_ideal,failed,No output from any sub-box,0,0.43,,55,66,15.0,,,,,,,,223,21026,1,32,8000,10,3,NVIDIA A100-SXM4-80GB,
2026-03-24T16:13:35.585692,SCO_ideal__Orai1WT-START-Fr0_cleaned,Orai1WT-START-Fr0_cleaned,SCO_ideal,failed,No output from any sub-box,0,0.43,,55,67,15.0,,,,,,,,223,21026,1,32,8000,10,3,NVIDIA A100-SXM4-80GB,
2026-03-24T16:13:35.616734,SDZ_ideal__Orai1WT-START-Fr0_cleaned,Orai1WT-START-Fr0_cleaned,SDZ_ideal,failed,No output from any sub-box,0,0.43,,29,30,4.0,,,,,,,,223,21026,1,32,8000,10,3,NVIDIA A100-SXM4-80GB,
2026-03-24T16:13:35.640697,SEI_ideal__Orai1WT-START-Fr0_cleaned,Orai1WT-START-Fr0_cleaned,SEI_ideal,failed,No output from any sub-box,0,0.43,,44,46,6.0,,,,,,,,223,21026,1,32,8000,10,3,NVIDIA A100-SXM4-80GB,
2026-03-24T16:13:35.663937,SFA_ideal__Orai1WT-START-Fr0_cleaned,Orai1WT-START-Fr0_cleaned,SFA_ideal,failed,No output from any sub-box,0,0.43,,80,89,17.0,,,,,,,,223,21026,1,32,8000,10,3,NVIDIA A100-SXM4-80GB,
2026-03-24T16:13:35.690470,SFP_ideal__Orai1WT-START-Fr0_cleaned,Orai1WT-START-Fr0_cleaned,SFP_ideal,failed,No output from any sub-box,0,0.43,,64,74,8.0,,,,,,,,223,21026,1,32,8000,10,3,NVIDIA A100-SXM4-80GB,
2026-03-24T16:13:35.734696,SFT_ideal__Orai1WT-START-Fr0_cleaned,Orai1WT-START-Fr0_cleaned,SFT_ideal,failed,No output from any sub-box,0,0.43,,62,69,24.0,,,,,,,,223,21026,1,32,8000,10,3,NVIDIA A100-SXM4-80GB,
2026-03-24T16:13:35.758696,SFY_ideal__Orai1WT-START-Fr0_cleaned,Orai1WT-START-Fr0_cleaned,SFY_ideal,failed,No output from any sub-box,0,0.43,,17,20,2.0,,,,,,,,223,21026,1,32,8000,10,3,NVIDIA A100-SXM4-80GB,
2026-03-24T16:13:35.780836,SIF_ideal__Orai1WT-START-Fr0_cleaned,Orai1WT-START-Fr0_cleaned,SIF_ideal,failed,No output from any sub-box,0,0.43,,12,14,3.0,,,,,,,,223,21026,1,32,8000,10,3,NVIDIA A100-SXM4-80GB,
2026-03-24T16:13:35.816689,SIN_ideal__Orai1WT-START-Fr0_cleaned,Orai1WT-START-Fr0_cleaned,SIN_ideal,failed,No output from any sub-box,0,0.43,,8,10,2.0,,,,,,,,223,21026,1,32,8000,10,3,NVIDIA A100-SXM4-80GB,
2026-03-24T16:13:35.839877,SMN_ideal__Orai1WT-START-Fr0_cleaned,Orai1WT-START-Fr0_cleaned,SMN_ideal,failed,No output from any sub-box,0,0.43,,11,13,2.0,,,,,,,,223,21026,1,32,8000,10,3,NVIDIA A100-SXM4-80GB,
2026-03-24T16:13:35.863038,SNA_ideal__Orai1WT-START-Fr0_cleaned,Orai1WT-START-Fr0_cleaned,SNA_ideal,failed,No output from any sub-box,0,0.43,,57,69,14.0,,,,,,,,223,21026,1,32,8000,10,3,NVIDIA A100-SXM4-80GB,
2026-03-24T16:13:35.887003,SND_ideal__Orai1WT-START-Fr0_cleaned,Orai1WT-START-Fr0_cleaned,SND_ideal,failed,No output from any sub-box,0,0.43,,44,53,8.0,,,,,,,,223,21026,1,32,8000,10,3,NVIDIA A100-SXM4-80GB,
2026-03-24T16:13:35.934274,SNO_ideal__Orai1WT-START-Fr0_cleaned,Orai1WT-START-Fr0_cleaned,SNO_ideal,failed,No output from any sub-box,0,0.43,,12,12,1.0,,,,,,,,223,21026,1,32,8000,10,3,NVIDIA A100-SXM4-80GB,
2026-03-24T16:13:35.956975,SO2_ideal__Orai1WT-START-Fr0_cleaned,Orai1WT-START-Fr0_cleaned,SO2_ideal,failed,No output from any sub-box,0,0.43,,3,3,,,,,,,,,223,21026,1,32,8000,10,3,NVIDIA A100-SXM4-80GB,
2026-03-24T16:13:35.980123,SO4_ideal__Orai1WT-START-Fr0_cleaned,Orai1WT-START-Fr0_cleaned,SO4_ideal,failed,No output from any sub-box,0,0.43,,5,5,,,,,,,,,223,21026,1,32,8000,10,3,NVIDIA A100-SXM4-80GB,
2026-03-24T16:13:36.016483,SPF_ideal__Orai1WT-START-Fr0_cleaned,Orai1WT-START-Fr0_cleaned,SPF_ideal,failed,No output from any sub-box,0,0.43,,63,74,15.0,,,,,,,,223,21026,1,32,8000,10,3,NVIDIA A100-SXM4-80GB,
2026-03-24T16:13:36.040822,SPR_ideal__Orai1WT-START-Fr0_cleaned,Orai1WT-START-Fr0_cleaned,SPR_ideal,failed,No output from any sub-box,0,0.43,,61,65,14.0,,,,,,,,223,21026,1,32,8000,10,3,NVIDIA A100-SXM4-80GB,
2026-03-24T16:13:36.065883,SPX_ideal__Orai1WT-START-Fr0_cleaned,Orai1WT-START-Fr0_cleaned,SPX_ideal,failed,No output from any sub-box,0,0.43,,70,72,19.0,,,,,,,,223,21026,1,32,8000,10,3,NVIDIA A100-SXM4-80GB,
2026-03-24T16:13:36.089501,SQL_ideal__Orai1WT-START-Fr0_cleaned,Orai1WT-START-Fr0_cleaned,SQL_ideal,failed,No output from any sub-box,0,0.43,,30,30,7.0,,,,,,,,223,21026,1,32,8000,10,3,NVIDIA A100-SXM4-80GB,
2026-03-24T16:13:36.117829,SQS_ideal__Orai1WT-START-Fr0_cleaned,Orai1WT-START-Fr0_cleaned,SQS_ideal,failed,No output from any sub-box,0,0.43,,21,25,9.0,,,,,,,,223,21026,1,32,8000,10,3,NVIDIA A100-SXM4-80GB,
2026-03-24T16:13:36.141493,SS2_ideal__Orai1WT-START-Fr0_cleaned,Orai1WT-START-Fr0_cleaned,SS2_ideal,failed,No output from any sub-box,0,0.43,,9,10,1.0,,,,,,,,223,21026,1,32,8000,10,3,NVIDIA A100-SXM4-80GB,
2026-03-24T16:13:36.164714,SS4_ideal__Orai1WT-START-Fr0_cleaned,Orai1WT-START-Fr0_cleaned,SS4_ideal,failed,No output from any sub-box,0,0.43,,28,31,3.0,,,,,,,,223,21026,1,32,8000,10,3,NVIDIA A100-SXM4-80GB,
2026-03-24T16:13:36.188910,STC_ideal__Orai1WT-START-Fr0_cleaned,Orai1WT-START-Fr0_cleaned,STC_ideal,failed,No output from any sub-box,0,0.43,,19,21,2.0,,,,,,,,223,21026,1,32,8000,10,3,NVIDIA A100-SXM4-80GB,
2026-03-24T16:13:36.217456,STE_ideal__Orai1WT-START-Fr0_cleaned,Orai1WT-START-Fr0_cleaned,STE_ideal,failed,No output from any sub-box,0,0.43,,20,21,8.0,,,,,,,,223,21026,1,32,8000,10,3,NVIDIA A100-SXM4-80GB,
2026-03-24T16:13:36.240307,STF_ideal__Orai1WT-START-Fr0_cleaned,Orai1WT-START-Fr0_cleaned,STF_ideal,failed,No output from any sub-box,0,0.43,,18,19,2.0,,,,,,,,223,21026,1,32,8000,10,3,NVIDIA A100-SXM4-80GB,
2026-03-24T16:13:36.264233,STI_ideal__Orai1WT-START-Fr0_cleaned,Orai1WT-START-Fr0_cleaned,STI_ideal,failed,No output from any sub-box,0,0.43,,37,39,3.0,,,,,,,,223,21026,1,32,8000,10,3,NVIDIA A100-SXM4-80GB,
2026-03-24T16:13:36.287020,STL_ideal__Orai1WT-START-Fr0_cleaned,Orai1WT-START-Fr0_cleaned,STL_ideal,failed,No output from any sub-box,0,0.43,,17,20,2.0,,,,,,,,223,21026,1,32,8000,10,3,NVIDIA A100-SXM4-80GB,
2026-03-24T16:13:36.316515,SUD_ideal__Orai1WT-START-Fr0_cleaned,Orai1WT-START-Fr0_cleaned,SUD_ideal,failed,No output from any sub-box,0,0.43,,37,47,11.0,,,,,,,,223,21026,1,32,8000,10,3,NVIDIA A100-SXM4-80GB,
2026-03-24T16:13:36.339737,SVR_ideal__Orai1WT-START-Fr0_cleaned,Orai1WT-START-Fr0_cleaned,SVR_ideal,failed,No output from any sub-box,0,0.43,,86,98,11.0,,,,,,,,223,21026,1,32,8000,10,3,NVIDIA A100-SXM4-80GB,
2026-03-24T16:13:36.382832,SXH_ideal__Orai1WT-START-Fr0_cleaned,Orai1WT-START-Fr0_cleaned,SXH_ideal,failed,No output from any sub-box,0,0.43,,29,34,9.0,,,,,,,,223,21026,1,32,8000,10,3,NVIDIA A100-SXM4-80GB,
2026-03-24T16:13:36.416805,SXO_ideal__Orai1WT-START-Fr0_cleaned,Orai1WT-START-Fr0_cleaned,SXO_ideal,failed,No output from any sub-box,0,0.43,,31,36,10.0,,,,,,,,223,21026,1,32,8000,10,3,NVIDIA A100-SXM4-80GB,
2026-03-24T16:13:36.440394,SXX_ideal__Orai1WT-START-Fr0_cleaned,Orai1WT-START-Fr0_cleaned,SXX_ideal,failed,No output from any sub-box,0,0.43,,16,18,3.0,,,,,,,,223,21026,1,32,8000,10,3,NVIDIA A100-SXM4-80GB,
2026-03-24T16:13:36.461883,SYR_ideal__Orai1WT-START-Fr0_cleaned,Orai1WT-START-Fr0_cleaned,SYR_ideal,failed,No output from any sub-box,0,0.43,,15,16,2.0,,,,,,,,223,21026,1,32,8000,10,3,NVIDIA A100-SXM4-80GB,
2026-03-24T16:13:36.483939,T13_ideal__Orai1WT-START-Fr0_cleaned,Orai1WT-START-Fr0_cleaned,T13_ideal,failed,No output from any sub-box,0,0.43,,24,25,2.0,,,,,,,,223,21026,1,32,8000,10,3,NVIDIA A100-SXM4-80GB,
2026-03-24T16:13:36.517436,T2D_ideal__Orai1WT-START-Fr0_cleaned,Orai1WT-START-Fr0_cleaned,T2D_ideal,failed,No output from any sub-box,0,0.43,,14,15,0.0,,,,,,,,223,21026,1,32,8000,10,3,NVIDIA A100-SXM4-80GB,
2026-03-24T16:13:36.539740,T2M_ideal__Orai1WT-START-Fr0_cleaned,Orai1WT-START-Fr0_cleaned,T2M_ideal,failed,No output from any sub-box,0,0.43,,12,13,1.0,,,,,,,,223,21026,1,32,8000,10,3,NVIDIA A100-SXM4-80GB,
2026-03-24T16:13:36.563445,T3X_ideal__Orai1WT-START-Fr0_cleaned,Orai1WT-START-Fr0_cleaned,T3X_ideal,failed,No output from any sub-box,0,0.43,,39,41,3.0,,,,,,,,223,21026,1,32,8000,10,3,NVIDIA A100-SXM4-80GB,
2026-03-24T16:13:36.585972,T4T_ideal__Orai1WT-START-Fr0_cleaned,Orai1WT-START-Fr0_cleaned,T4T_ideal,failed,No output from any sub-box,0,0.43,,19,20,8.0,,,,,,,,223,21026,1,32,8000,10,3,NVIDIA A100-SXM4-80GB,
2026-03-24T16:13:36.646434,T57_ideal__Orai1WT-START-Fr0_cleaned,Orai1WT-START-Fr0_cleaned,T57_ideal,failed,No output from any sub-box,0,0.43,,48,57,15.0,,,,,,,,223,21026,1,32,8000,10,3,NVIDIA A100-SXM4-80GB,
2026-03-24T16:13:36.669020,T5A_ideal__Orai1WT-START-Fr0_cleaned,Orai1WT-START-Fr0_cleaned,T5A_ideal,failed,No output from any sub-box,0,0.43,,55,66,12.0,,,,,,,,223,21026,1,32,8000,10,3,NVIDIA A100-SXM4-80GB,
2026-03-24T16:13:36.690581,T87_ideal__Orai1WT-START-Fr0_cleaned,Orai1WT-START-Fr0_cleaned,T87_ideal,failed,No output from any sub-box,0,0.43,,39,43,6.0,,,,,,,,223,21026,1,32,8000,10,3,NVIDIA A100-SXM4-80GB,
2026-03-24T16:13:36.716788,TAP_ideal__Orai1WT-START-Fr0_cleaned,Orai1WT-START-Fr0_cleaned,TAP_ideal,failed,No output from any sub-box,0,0.43,,48,58,10.0,,,,,,,,223,21026,1,32,8000,10,3,NVIDIA A100-SXM4-80GB,
2026-03-24T16:13:36.740155,TAR_ideal__Orai1WT-START-Fr0_cleaned,Orai1WT-START-Fr0_cleaned,TAR_ideal,failed,No output from any sub-box,0,0.43,,10,14,3.0,,,,,,,,223,21026,1,32,8000,10,3,NVIDIA A100-SXM4-80GB,
2026-03-24T16:13:36.763631,TBF_ideal__Orai1WT-START-Fr0_cleaned,Orai1WT-START-Fr0_cleaned,TBF_ideal,failed,No output from any sub-box,0,0.43,,7,7,1.0,,,,,,,,223,21026,1,32,8000,10,3,NVIDIA A100-SXM4-80GB,
2026-03-24T16:13:36.786723,TBP_ideal__Orai1WT-START-Fr0_cleaned,Orai1WT-START-Fr0_cleaned,TBP_ideal,failed,No output from any sub-box,0,0.43,,10,11,0.0,,,,,,,,223,21026,1,32,8000,10,3,NVIDIA A100-SXM4-80GB,
2026-03-24T16:13:36.819307,TBU_ideal__Orai1WT-START-Fr0_cleaned,Orai1WT-START-Fr0_cleaned,TBU_ideal,failed,No output from any sub-box,0,0.43,,5,6,0.0,,,,,,,,223,21026,1,32,8000,10,3,NVIDIA A100-SXM4-80GB,
2026-03-24T16:13:36.842900,TCA_ideal__Orai1WT-START-Fr0_cleaned,Orai1WT-START-Fr0_cleaned,TCA_ideal,failed,No output from any sub-box,0,0.43,,11,12,1.0,,,,,,,,223,21026,1,32,8000,10,3,NVIDIA A100-SXM4-80GB,
2026-03-24T16:13:36.866918,TCH_ideal__Orai1WT-START-Fr0_cleaned,Orai1WT-START-Fr0_cleaned,TCH_ideal,failed,No output from any sub-box,0,0.43,,35,40,5.0,,,,,,,,223,21026,1,32,8000,10,3,NVIDIA A100-SXM4-80GB,
2026-03-24T16:13:36.890380,TCO_ideal__Orai1WT-START-Fr0_cleaned,Orai1WT-START-Fr0_cleaned,TCO_ideal,failed,No output from any sub-box,0,0.43,,17,18,2.0,,,,,,,,223,21026,1,32,8000,10,3,NVIDIA A100-SXM4-80GB,
2026-03-24T16:13:36.917207,TCV_ideal__Orai1WT-START-Fr0_cleaned,Orai1WT-START-Fr0_cleaned,TCV_ideal,failed,No output from any sub-box,0,0.43,,5,5,,,,,,,,,223,21026,1,32,8000,10,3,NVIDIA A100-SXM4-80GB,
2026-03-24T16:13:36.940957,TCZ_ideal__Orai1WT-START-Fr0_cleaned,Orai1WT-START-Fr0_cleaned,TCZ_ideal,failed,No output from any sub-box,0,0.43,,9,9,,,,,,,,,223,21026,1,32,8000,10,3,NVIDIA A100-SXM4-80GB,
2026-03-24T16:13:36.961832,TD2_ideal__Orai1WT-START-Fr0_cleaned,Orai1WT-START-Fr0_cleaned,TD2_ideal,failed,No output from any sub-box,0,0.43,,45,51,7.0,,,,,,,,223,21026,1,32,8000,10,3,NVIDIA A100-SXM4-80GB,
2026-03-24T16:13:36.984932,TDT_ideal__Orai1WT-START-Fr0_cleaned,Orai1WT-START-Fr0_cleaned,TDT_ideal,failed,No output from any sub-box,0,0.43,,72,78,12.0,,,,,,,,223,21026,1,32,8000,10,3,NVIDIA A100-SXM4-80GB,
2026-03-24T16:13:37.019007,TEL_ideal__Orai1WT-START-Fr0_cleaned,Orai1WT-START-Fr0_cleaned,TEL_ideal,failed,No output from any sub-box,0,0.43,,60,61,12.0,,,,,,,,223,21026,1,32,8000,10,3,NVIDIA A100-SXM4-80GB,
2026-03-24T16:13:37.041504,TF3_ideal__Orai1WT-START-Fr0_cleaned,Orai1WT-START-Fr0_cleaned,TF3_ideal,failed,No output from any sub-box,0,0.43,,25,28,4.0,,,,,,,,223,21026,1,32,8000,10,3,NVIDIA A100-SXM4-80GB,
2026-03-24T16:13:37.065597,TF4_ideal__Orai1WT-START-Fr0_cleaned,Orai1WT-START-Fr0_cleaned,TF4_ideal,failed,No output from any sub-box,0,0.43,,6,7,1.0,,,,,,,,223,21026,1,32,8000,10,3,NVIDIA A100-SXM4-80GB,
2026-03-24T16:13:37.089155,TF9_ideal__Orai1WT-START-Fr0_cleaned,Orai1WT-START-Fr0_cleaned,TF9_ideal,failed,No output from any sub-box,0,0.43,,22,24,2.0,,,,,,,,223,21026,1,32,8000,10,3,NVIDIA A100-SXM4-80GB,
2026-03-24T16:13:37.116348,TFL_ideal__Orai1WT-START-Fr0_cleaned,Orai1WT-START-Fr0_cleaned,TFL_ideal,failed,No output from any sub-box,0,0.43,,20,21,1.0,,,,,,,,223,21026,1,32,8000,10,3,NVIDIA A100-SXM4-80GB,
2026-03-24T16:13:37.139402,TFM_ideal__Orai1WT-START-Fr0_cleaned,Orai1WT-START-Fr0_cleaned,TFM_ideal,failed,No output from any sub-box,0,0.43,,16,18,2.0,,,,,,,,223,21026,1,32,8000,10,3,NVIDIA A100-SXM4-80GB,
2026-03-24T16:13:37.161722,TFQ_ideal__Orai1WT-START-Fr0_cleaned,Orai1WT-START-Fr0_cleaned,TFQ_ideal,failed,No output from any sub-box,0,0.43,,17,20,3.0,,,,,,,,223,21026,1,32,8000,10,3,NVIDIA A100-SXM4-80GB,
2026-03-24T16:13:37.185326,TGF_ideal__Orai1WT-START-Fr0_cleaned,Orai1WT-START-Fr0_cleaned,TGF_ideal,failed,No output from any sub-box,0,0.43,,52,64,12.0,,,,,,,,223,21026,1,32,8000,10,3,NVIDIA A100-SXM4-80GB,
2026-03-24T16:13:37.217345,THT_ideal__Orai1WT-START-Fr0_cleaned,Orai1WT-START-Fr0_cleaned,THT_ideal,failed,No output from any sub-box,0,0.43,,24,25,9.0,,,,,,,,223,21026,1,32,8000,10,3,NVIDIA A100-SXM4-80GB,
2026-03-24T16:13:37.246167,TIK_ideal__Orai1WT-START-Fr0_cleaned,Orai1WT-START-Fr0_cleaned,TIK_ideal,failed,No output from any sub-box,0,0.43,,14,14,2.0,,,,,,,,223,21026,1,32,8000,10,3,NVIDIA A100-SXM4-80GB,
2026-03-24T16:13:37.270197,TLA_ideal__Orai1WT-START-Fr0_cleaned,Orai1WT-START-Fr0_cleaned,TLA_ideal,failed,No output from any sub-box,0,0.43,,10,14,3.0,,,,,,,,223,21026,1,32,8000,10,3,NVIDIA A100-SXM4-80GB,
2026-03-24T16:13:37.293794,TMA_ideal__Orai1WT-START-Fr0_cleaned,Orai1WT-START-Fr0_cleaned,TMA_ideal,failed,No output from any sub-box,0,0.43,,5,5,,,,,,,,,223,21026,1,32,8000,10,3,NVIDIA A100-SXM4-80GB,
2026-03-24T16:13:37.316999,TMM_ideal__Orai1WT-START-Fr0_cleaned,Orai1WT-START-Fr0_cleaned,TMM_ideal,failed,No output from any sub-box,0,0.43,,15,18,3.0,,,,,,,,223,21026,1,32,8000,10,3,NVIDIA A100-SXM4-80GB,
2026-03-24T16:13:37.339377,TNE_ideal__Orai1WT-START-Fr0_cleaned,Orai1WT-START-Fr0_cleaned,TNE_ideal,failed,No output from any sub-box,0,0.43,,10,10,,,,,,,,,223,21026,1,32,8000,10,3,NVIDIA A100-SXM4-80GB,
2026-03-24T16:13:37.361289,TNF_ideal__Orai1WT-START-Fr0_cleaned,Orai1WT-START-Fr0_cleaned,TNF_ideal,failed,No output from any sub-box,0,0.43,,16,17,2.0,,,,,,,,223,21026,1,32,8000,10,3,NVIDIA A100-SXM4-80GB,
2026-03-24T16:13:37.382934,TNL_ideal__Orai1WT-START-Fr0_cleaned,Orai1WT-START-Fr0_cleaned,TNL_ideal,failed,No output from any sub-box,0,0.43,,16,16,1.0,,,,,,,,223,21026,1,32,8000,10,3,NVIDIA A100-SXM4-80GB,
2026-03-24T16:13:37.416889,TP0_ideal__Orai1WT-START-Fr0_cleaned,Orai1WT-START-Fr0_cleaned,TP0_ideal,failed,No output from any sub-box,0,0.43,,23,23,3.0,,,,,,,,223,21026,1,32,8000,10,3,NVIDIA A100-SXM4-80GB,
2026-03-24T16:13:37.441733,TPA_ideal__Orai1WT-START-Fr0_cleaned,Orai1WT-START-Fr0_cleaned,TPA_ideal,failed,No output from any sub-box,0,0.43,,10,13,1.0,,,,,,,,223,21026,1,32,8000,10,3,NVIDIA A100-SXM4-80GB,
2026-03-24T16:13:37.464645,TPB_ideal__Orai1WT-START-Fr0_cleaned,Orai1WT-START-Fr0_cleaned,TPB_ideal,failed,No output from any sub-box,0,0.43,,25,27,2.0,,,,,,,,223,21026,1,32,8000,10,3,NVIDIA A100-SXM4-80GB,
2026-03-24T16:13:37.487026,TPR_ideal__Orai1WT-START-Fr0_cleaned,Orai1WT-START-Fr0_cleaned,TPR_ideal,failed,No output from any sub-box,0,0.43,,18,19,2.0,,,,,,,,223,21026,1,32,8000,10,3,NVIDIA A100-SXM4-80GB,
2026-03-24T16:13:37.516014,TQ5_ideal__Orai1WT-START-Fr0_cleaned,Orai1WT-START-Fr0_cleaned,TQ5_ideal,failed,No output from any sub-box,0,0.43,,23,27,2.0,,,,,,,,223,21026,1,32,8000,10,3,NVIDIA A100-SXM4-80GB,
2026-03-24T16:13:37.551597,TR1_ideal__Orai1WT-START-Fr0_cleaned,Orai1WT-START-Fr0_cleaned,TR1_ideal,failed,No output from any sub-box,0,0.43,,32,36,6.0,,,,,,,,223,21026,1,32,8000,10,3,NVIDIA A100-SXM4-80GB,
2026-03-24T16:13:37.574662,TRI_ideal__Orai1WT-START-Fr0_cleaned,Orai1WT-START-Fr0_cleaned,TRI_ideal,failed,No output from any sub-box,0,0.43,,5,6,,,,,,,,,223,21026,1,32,8000,10,3,NVIDIA A100-SXM4-80GB,
2026-03-24T16:13:37.595990,TRS_ideal__Orai1WT-START-Fr0_cleaned,Orai1WT-START-Fr0_cleaned,TRS_ideal,failed,No output from any sub-box,0,0.43,,8,14,3.0,,,,,,,,223,21026,1,32,8000,10,3,NVIDIA A100-SXM4-80GB,
2026-03-24T16:13:37.641869,TRU_ideal__Orai1WT-START-Fr0_cleaned,Orai1WT-START-Fr0_cleaned,TRU_ideal,failed,No output from any sub-box,0,0.43,,20,24,1.0,,,,,,,,223,21026,1,32,8000,10,3,NVIDIA A100-SXM4-80GB,
2026-03-24T16:13:37.665417,TS4_ideal__Orai1WT-START-Fr0_cleaned,Orai1WT-START-Fr0_cleaned,TS4_ideal,failed,No output from any sub-box,0,0.43,,58,76,21.0,,,,,,,,223,21026,1,32,8000,10,3,NVIDIA A100-SXM4-80GB,
2026-03-24T16:13:37.687650,TS5_ideal__Orai1WT-START-Fr0_cleaned,Orai1WT-START-Fr0_cleaned,TS5_ideal,failed,No output from any sub-box,0,0.43,,29,39,10.0,,,,,,,,223,21026,1,32,8000,10,3,NVIDIA A100-SXM4-80GB,
2026-03-24T16:13:37.716371,TSU_ideal__Orai1WT-START-Fr0_cleaned,Orai1WT-START-Fr0_cleaned,TSU_ideal,failed,No output from any sub-box,0,0.43,,11,12,1.0,,,,,,,,223,21026,1,32,8000,10,3,NVIDIA A100-SXM4-80GB,
2026-03-24T16:13:37.739382,TTN_ideal__Orai1WT-START-Fr0_cleaned,Orai1WT-START-Fr0_cleaned,TTN_ideal,failed,No output from any sub-box,0,0.43,,8,9,1.0,,,,,,,,223,21026,1,32,8000,10,3,NVIDIA A100-SXM4-80GB,
2026-03-24T16:13:37.763808,TUD_ideal__Orai1WT-START-Fr0_cleaned,Orai1WT-START-Fr0_cleaned,TUD_ideal,failed,No output from any sub-box,0,0.43,,34,38,5.0,,,,,,,,223,21026,1,32,8000,10,3,NVIDIA A100-SXM4-80GB,
2026-03-24T16:13:37.794713,TUI_ideal__Orai1WT-START-Fr0_cleaned,Orai1WT-START-Fr0_cleaned,TUI_ideal,failed,No output from any sub-box,0,0.43,,33,37,5.0,,,,,,,,223,21026,1,32,8000,10,3,NVIDIA A100-SXM4-80GB,
2026-03-24T16:13:37.818093,TUX_ideal__Orai1WT-START-Fr0_cleaned,Orai1WT-START-Fr0_cleaned,TUX_ideal,failed,No output from any sub-box,0,0.43,,30,34,10.0,,,,,,,,223,21026,1,32,8000,10,3,NVIDIA A100-SXM4-80GB,
2026-03-24T16:13:37.842210,TYB_ideal__Orai1WT-START-Fr0_cleaned,Orai1WT-START-Fr0_cleaned,TYB_ideal,failed,No output from any sub-box,0,0.43,,12,15,2.0,,,,,,,,223,21026,1,32,8000,10,3,NVIDIA A100-SXM4-80GB,
2026-03-24T16:13:37.866812,TYC_ideal__Orai1WT-START-Fr0_cleaned,Orai1WT-START-Fr0_cleaned,TYC_ideal,failed,No output from any sub-box,0,0.43,,13,18,2.0,,,,,,,,223,21026,1,32,8000,10,3,NVIDIA A100-SXM4-80GB,
2026-03-24T16:13:37.892378,TYI_ideal__Orai1WT-START-Fr0_cleaned,Orai1WT-START-Fr0_cleaned,TYI_ideal,failed,No output from any sub-box,0,0.43,,15,19,3.0,,,,,,,,223,21026,1,32,8000,10,3,NVIDIA A100-SXM4-80GB,
2026-03-24T16:13:37.918371,TYK_ideal__Orai1WT-START-Fr0_cleaned,Orai1WT-START-Fr0_cleaned,TYK_ideal,failed,No output from any sub-box,0,0.43,,66,71,15.0,,,,,,,,223,21026,1,32,8000,10,3,NVIDIA A100-SXM4-80GB,
2026-03-24T16:13:37.941336,TYL_ideal__Orai1WT-START-Fr0_cleaned,Orai1WT-START-Fr0_cleaned,TYL_ideal,failed,No output from any sub-box,0,0.43,,11,13,1.0,,,,,,,,223,21026,1,32,8000,10,3,NVIDIA A100-SXM4-80GB,
2026-03-24T16:13:37.964199,TYR_ideal__Orai1WT-START-Fr0_cleaned,Orai1WT-START-Fr0_cleaned,TYR_ideal,failed,No output from any sub-box,0,0.43,,13,17,3.0,,,,,,,,223,21026,1,32,8000,10,3,NVIDIA A100-SXM4-80GB,
2026-03-24T16:13:37.986787,TYZ_ideal__Orai1WT-START-Fr0_cleaned,Orai1WT-START-Fr0_cleaned,TYZ_ideal,failed,No output from any sub-box,0,0.43,,13,15,1.0,,,,,,,,223,21026,1,32,8000,10,3,NVIDIA A100-SXM4-80GB,
2026-03-24T16:13:38.019407,TZ4_ideal__Orai1WT-START-Fr0_cleaned,Orai1WT-START-Fr0_cleaned,TZ4_ideal,failed,No output from any sub-box,0,0.43,,50,55,7.0,,,,,,,,223,21026,1,32,8000,10,3,NVIDIA A100-SXM4-80GB,
2026-03-24T16:13:38.041186,TZ5_ideal__Orai1WT-START-Fr0_cleaned,Orai1WT-START-Fr0_cleaned,TZ5_ideal,failed,No output from any sub-box,0,0.43,,50,55,7.0,,,,,,,,223,21026,1,32,8000,10,3,NVIDIA A100-SXM4-80GB,
2026-03-24T16:13:38.066929,U04_ideal__Orai1WT-START-Fr0_cleaned,Orai1WT-START-Fr0_cleaned,U04_ideal,failed,No output from any sub-box,0,0.43,,33,36,4.0,,,,,,,,223,21026,1,32,8000,10,3,NVIDIA A100-SXM4-80GB,
2026-03-24T16:13:38.091177,U10_ideal__Orai1WT-START-Fr0_cleaned,Orai1WT-START-Fr0_cleaned,U10_ideal,failed,No output from any sub-box,0,0.43,,63,63,15.0,,,,,,,,223,21026,1,32,8000,10,3,NVIDIA A100-SXM4-80GB,
2026-03-24T16:13:38.117404,U32_ideal__Orai1WT-START-Fr0_cleaned,Orai1WT-START-Fr0_cleaned,U32_ideal,failed,No output from any sub-box,0,0.43,,19,22,2.0,,,,,,,,223,21026,1,32,8000,10,3,NVIDIA A100-SXM4-80GB,
2026-03-24T16:13:38.142281,U55_ideal__Orai1WT-START-Fr0_cleaned,Orai1WT-START-Fr0_cleaned,U55_ideal,failed,No output from any sub-box,0,0.43,,18,23,2.0,,,,,,,,223,21026,1,32,8000,10,3,NVIDIA A100-SXM4-80GB,
2026-03-24T16:13:38.165805,UA5_ideal__Orai1WT-START-Fr0_cleaned,Orai1WT-START-Fr0_cleaned,UA5_ideal,failed,No output from any sub-box,0,0.43,,13,15,2.0,,,,,,,,223,21026,1,32,8000,10,3,NVIDIA A100-SXM4-80GB,
2026-03-24T16:13:38.213764,UAG_ideal__Orai1WT-START-Fr0_cleaned,Orai1WT-START-Fr0_cleaned,UAG_ideal,failed,No output from any sub-box,0,0.43,,58,70,14.0,,,,,,,,223,21026,1,32,8000,10,3,NVIDIA A100-SXM4-80GB,
2026-03-24T16:13:38.268848,UAS_ideal__Orai1WT-START-Fr0_cleaned,Orai1WT-START-Fr0_cleaned,UAS_ideal,failed,No output from any sub-box,0,0.43,,17,17,0.0,,,,,,,,223,21026,1,32,8000,10,3,NVIDIA A100-SXM4-80GB,
2026-03-24T16:13:38.290737,UDH_ideal__Orai1WT-START-Fr0_cleaned,Orai1WT-START-Fr0_cleaned,UDH_ideal,failed,No output from any sub-box,0,0.43,,32,39,9.0,,,,,,,,223,21026,1,32,8000,10,3,NVIDIA A100-SXM4-80GB,
2026-03-24T16:13:38.316585,UK4_ideal__Orai1WT-START-Fr0_cleaned,Orai1WT-START-Fr0_cleaned,UK4_ideal,failed,No output from any sub-box,0,0.43,,41,42,5.0,,,,,,,,223,21026,1,32,8000,10,3,NVIDIA A100-SXM4-80GB,
2026-03-24T16:13:38.340792,UKA_ideal__Orai1WT-START-Fr0_cleaned,Orai1WT-START-Fr0_cleaned,UKA_ideal,failed,No output from any sub-box,0,0.43,,57,64,8.0,,,,,,,,223,21026,1,32,8000,10,3,NVIDIA A100-SXM4-80GB,
2026-03-24T16:13:38.366132,ULA_ideal__Orai1WT-START-Fr0_cleaned,Orai1WT-START-Fr0_cleaned,ULA_ideal,failed,No output from any sub-box,0,0.43,,65,67,17.0,,,,,,,,223,21026,1,32,8000,10,3,NVIDIA A100-SXM4-80GB,
2026-03-24T16:13:38.389004,UMA_ideal__Orai1WT-START-Fr0_cleaned,Orai1WT-START-Fr0_cleaned,UMA_ideal,failed,No output from any sub-box,0,0.43,,49,59,11.0,,,,,,,,223,21026,1,32,8000,10,3,NVIDIA A100-SXM4-80GB,
2026-03-24T16:13:38.417659,UMG_ideal__Orai1WT-START-Fr0_cleaned,Orai1WT-START-Fr0_cleaned,UMG_ideal,failed,No output from any sub-box,0,0.43,,55,65,9.0,,,,,,,,223,21026,1,32,8000,10,3,NVIDIA A100-SXM4-80GB,
2026-03-24T16:13:38.442059,UMQ_ideal__Orai1WT-START-Fr0_cleaned,Orai1WT-START-Fr0_cleaned,UMQ_ideal,failed,No output from any sub-box,0,0.43,,34,41,11.0,,,,,,,,223,21026,1,32,8000,10,3,NVIDIA A100-SXM4-80GB,
2026-03-24T16:13:38.464638,UN3_ideal__Orai1WT-START-Fr0_cleaned,Orai1WT-START-Fr0_cleaned,UN3_ideal,failed,No output from any sub-box,0,0.43,,17,19,2.0,,,,,,,,223,21026,1,32,8000,10,3,NVIDIA A100-SXM4-80GB,
2026-03-24T16:13:38.489046,UP5_ideal__Orai1WT-START-Fr0_cleaned,Orai1WT-START-Fr0_cleaned,UP5_ideal,failed,No output from any sub-box,0,0.43,,55,67,13.0,,,,,,,,223,21026,1,32,8000,10,3,NVIDIA A100-SXM4-80GB,
2026-03-24T16:13:38.516628,UQA_ideal__Orai1WT-START-Fr0_cleaned,Orai1WT-START-Fr0_cleaned,UQA_ideal,failed,No output from any sub-box,0,0.43,,17,19,1.0,,,,,,,,223,21026,1,32,8000,10,3,NVIDIA A100-SXM4-80GB,
2026-03-24T16:13:38.541252,UR2_ideal__Orai1WT-START-Fr0_cleaned,Orai1WT-START-Fr0_cleaned,UR2_ideal,failed,No output from any sub-box,0,0.43,,39,44,10.0,,,,,,,,223,21026,1,32,8000,10,3,NVIDIA A100-SXM4-80GB,
2026-03-24T16:13:38.565065,URE_ideal__Orai1WT-START-Fr0_cleaned,Orai1WT-START-Fr0_cleaned,URE_ideal,failed,No output from any sub-box,0,0.43,,4,8,,,,,,,,,223,21026,1,32,8000,10,3,NVIDIA A100-SXM4-80GB,
2026-03-24T16:13:38.589486,URS_ideal__Orai1WT-START-Fr0_cleaned,Orai1WT-START-Fr0_cleaned,URS_ideal,failed,No output from any sub-box,0,0.43,,10,13,0.0,,,,,,,,223,21026,1,32,8000,10,3,NVIDIA A100-SXM4-80GB,
2026-03-24T16:13:38.636946,V35_ideal__Orai1WT-START-Fr0_cleaned,Orai1WT-START-Fr0_cleaned,V35_ideal,failed,No output from any sub-box,0,0.43,,17,21,3.0,,,,,,,,223,21026,1,32,8000,10,3,NVIDIA A100-SXM4-80GB,
2026-03-24T16:13:38.660168,V36_ideal__Orai1WT-START-Fr0_cleaned,Orai1WT-START-Fr0_cleaned,V36_ideal,failed,No output from any sub-box,0,0.43,,17,21,3.0,,,,,,,,223,21026,1,32,8000,10,3,NVIDIA A100-SXM4-80GB,
2026-03-24T16:13:38.683684,V6G_ideal__Orai1WT-START-Fr0_cleaned,Orai1WT-START-Fr0_cleaned,V6G_ideal,failed,No output from any sub-box,0,0.43,,65,66,4.0,,,,,,,,223,21026,1,32,8000,10,3,NVIDIA A100-SXM4-80GB,
2026-03-24T16:13:38.716696,VCA_ideal__Orai1WT-START-Fr0_cleaned,Orai1WT-START-Fr0_cleaned,VCA_ideal,failed,No output from any sub-box,0,0.43,,20,21,8.0,,,,,,,,223,21026,1,32,8000,10,3,NVIDIA A100-SXM4-80GB,
2026-03-24T16:13:38.739741,VES_ideal__Orai1WT-START-Fr0_cleaned,Orai1WT-START-Fr0_cleaned,VES_ideal,failed,No output from any sub-box,0,0.43,,5,6,,,,,,,,,223,21026,1,32,8000,10,3,NVIDIA A100-SXM4-80GB,
2026-03-24T16:13:38.761847,VII_ideal__Orai1WT-START-Fr0_cleaned,Orai1WT-START-Fr0_cleaned,VII_ideal,failed,No output from any sub-box,0,0.43,,23,25,3.0,,,,,,,,223,21026,1,32,8000,10,3,NVIDIA A100-SXM4-80GB,
2026-03-24T16:13:38.785120,VIV_ideal__Orai1WT-START-Fr0_cleaned,Orai1WT-START-Fr0_cleaned,VIV_ideal,failed,No output from any sub-box,0,0.43,,31,32,6.0,,,,,,,,223,21026,1,32,8000,10,3,NVIDIA A100-SXM4-80GB,
2026-03-24T16:13:38.817446,VL1_ideal__Orai1WT-START-Fr0_cleaned,Orai1WT-START-Fr0_cleaned,VL1_ideal,failed,No output from any sub-box,0,0.43,,45,47,3.0,,,,,,,,223,21026,1,32,8000,10,3,NVIDIA A100-SXM4-80GB,
2026-03-24T16:13:38.840021,VS2_ideal__Orai1WT-START-Fr0_cleaned,Orai1WT-START-Fr0_cleaned,VS2_ideal,failed,No output from any sub-box,0,0.43,,43,45,8.0,,,,,,,,223,21026,1,32,8000,10,3,NVIDIA A100-SXM4-80GB,
2026-03-24T16:13:38.863943,VSO_ideal__Orai1WT-START-Fr0_cleaned,Orai1WT-START-Fr0_cleaned,VSO_ideal,failed,No output from any sub-box,0,0.43,,6,7,1.0,,,,,,,,223,21026,1,32,8000,10,3,NVIDIA A100-SXM4-80GB,
2026-03-24T16:13:38.885580,VTQ_ideal__Orai1WT-START-Fr0_cleaned,Orai1WT-START-Fr0_cleaned,VTQ_ideal,failed,No output from any sub-box,0,0.43,,32,33,8.0,,,,,,,,223,21026,1,32,8000,10,3,NVIDIA A100-SXM4-80GB,
2026-03-24T16:13:38.916027,VVM_ideal__Orai1WT-START-Fr0_cleaned,Orai1WT-START-Fr0_cleaned,VVM_ideal,failed,No output from any sub-box,0,0.43,,17,20,2.0,,,,,,,,223,21026,1,32,8000,10,3,NVIDIA A100-SXM4-80GB,
2026-03-24T16:13:38.968389,VXI_ideal__Orai1WT-START-Fr0_cleaned,Orai1WT-START-Fr0_cleaned,VXI_ideal,failed,No output from any sub-box,0,0.43,,37,37,7.0,,,,,,,,223,21026,1,32,8000,10,3,NVIDIA A100-SXM4-80GB,
2026-03-24T16:13:38.991011,W1P_ideal__Orai1WT-START-Fr0_cleaned,Orai1WT-START-Fr0_cleaned,W1P_ideal,failed,No output from any sub-box,0,0.43,,13,13,0.0,,,,,,,,223,21026,1,32,8000,10,3,NVIDIA A100-SXM4-80GB,
2026-03-24T16:13:39.018788,W42_ideal__Orai1WT-START-Fr0_cleaned,Orai1WT-START-Fr0_cleaned,W42_ideal,failed,No output from any sub-box,0,0.43,,31,32,7.0,,,,,,,,223,21026,1,32,8000,10,3,NVIDIA A100-SXM4-80GB,
2026-03-24T16:13:39.042169,W43_ideal__Orai1WT-START-Fr0_cleaned,Orai1WT-START-Fr0_cleaned,W43_ideal,failed,No output from any sub-box,0,0.43,,27,27,5.0,,,,,,,,223,21026,1,32,8000,10,3,NVIDIA A100-SXM4-80GB,
2026-03-24T16:13:39.067172,W56_ideal__Orai1WT-START-Fr0_cleaned,Orai1WT-START-Fr0_cleaned,W56_ideal,failed,No output from any sub-box,0,0.43,,24,24,4.0,,,,,,,,223,21026,1,32,8000,10,3,NVIDIA A100-SXM4-80GB,
2026-03-24T16:13:39.090830,W59_ideal__Orai1WT-START-Fr0_cleaned,Orai1WT-START-Fr0_cleaned,W59_ideal,failed,No output from any sub-box,0,0.43,,27,27,5.0,,,,,,,,223,21026,1,32,8000,10,3,NVIDIA A100-SXM4-80GB,
2026-03-24T16:13:39.118538,W71_ideal__Orai1WT-START-Fr0_cleaned,Orai1WT-START-Fr0_cleaned,W71_ideal,failed,No output from any sub-box,0,0.43,,25,25,5.0,,,,,,,,223,21026,1,32,8000,10,3,NVIDIA A100-SXM4-80GB,
2026-03-24T16:13:39.141895,W8R_ideal__Orai1WT-START-Fr0_cleaned,Orai1WT-START-Fr0_cleaned,W8R_ideal,failed,No output from any sub-box,0,0.43,,26,26,5.0,,,,,,,,223,21026,1,32,8000,10,3,NVIDIA A100-SXM4-80GB,
2026-03-24T16:13:39.165573,WSK_ideal__Orai1WT-START-Fr0_cleaned,Orai1WT-START-Fr0_cleaned,WSK_ideal,failed,No output from any sub-box,0,0.43,,22,23,2.0,,,,,,,,223,21026,1,32,8000,10,3,NVIDIA A100-SXM4-80GB,
2026-03-24T16:13:39.189087,WVN_ideal__Orai1WT-START-Fr0_cleaned,Orai1WT-START-Fr0_cleaned,WVN_ideal,failed,No output from any sub-box,0,0.43,,40,40,5.0,,,,,,,,223,21026,1,32,8000,10,3,NVIDIA A100-SXM4-80GB,
2026-03-24T16:13:39.216772,WWZ_ideal__Orai1WT-START-Fr0_cleaned,Orai1WT-START-Fr0_cleaned,WWZ_ideal,failed,No output from any sub-box,0,0.43,,21,25,2.0,,,,,,,,223,21026,1,32,8000,10,3,NVIDIA A100-SXM4-80GB,
2026-03-24T16:13:39.240972,WYB_ideal__Orai1WT-START-Fr0_cleaned,Orai1WT-START-Fr0_cleaned,WYB_ideal,failed,No output from any sub-box,0,0.43,,21,25,3.0,,,,,,,,223,21026,1,32,8000,10,3,NVIDIA A100-SXM4-80GB,
2026-03-24T16:13:39.263669,X2N_ideal__Orai1WT-START-Fr0_cleaned,Orai1WT-START-Fr0_cleaned,X2N_ideal,failed,No output from any sub-box,0,0.43,,51,52,6.0,,,,,,,,223,21026,1,32,8000,10,3,NVIDIA A100-SXM4-80GB,
2026-03-24T16:13:39.284803,X4U_ideal__Orai1WT-START-Fr0_cleaned,Orai1WT-START-Fr0_cleaned,X4U_ideal,failed,No output from any sub-box,0,0.43,,33,36,6.0,,,,,,,,223,21026,1,32,8000,10,3,NVIDIA A100-SXM4-80GB,
2026-03-24T16:13:39.301155,XAT_ideal__Orai1WT-START-Fr0_cleaned,Orai1WT-START-Fr0_cleaned,XAT_ideal,failed,No output from any sub-box,0,0.43,,44,46,6.0,,,,,,,,223,21026,1,32,8000,10,3,NVIDIA A100-SXM4-80GB,
2026-03-24T16:13:39.354690,XB2_ideal__Orai1WT-START-Fr0_cleaned,Orai1WT-START-Fr0_cleaned,XB2_ideal,failed,No output from any sub-box,0,0.43,,20,22,2.0,,,,,,,,223,21026,1,32,8000,10,3,NVIDIA A100-SXM4-80GB,
2026-03-24T16:13:39.417063,XB7_ideal__Orai1WT-START-Fr0_cleaned,Orai1WT-START-Fr0_cleaned,XB7_ideal,failed,No output from any sub-box,0,0.43,,34,35,4.0,,,,,,,,223,21026,1,32,8000,10,3,NVIDIA A100-SXM4-80GB,
2026-03-24T16:13:39.488932,XC9_ideal__Orai1WT-START-Fr0_cleaned,Orai1WT-START-Fr0_cleaned,XC9_ideal,failed,No output from any sub-box,0,0.43,,34,44,4.0,,,,,,,,223,21026,1,32,8000,10,3,NVIDIA A100-SXM4-80GB,
2026-03-24T16:13:39.516244,XIN_ideal__Orai1WT-START-Fr0_cleaned,Orai1WT-START-Fr0_cleaned,XIN_ideal,failed,No output from any sub-box,0,0.43,,40,42,4.0,,,,,,,,223,21026,1,32,8000,10,3,NVIDIA A100-SXM4-80GB,
2026-03-24T16:13:39.539685,XMJ_ideal__Orai1WT-START-Fr0_cleaned,Orai1WT-START-Fr0_cleaned,XMJ_ideal,failed,No output from any sub-box,0,0.43,,32,32,3.0,,,,,,,,223,21026,1,32,8000,10,3,NVIDIA A100-SXM4-80GB,
2026-03-24T16:13:39.565357,XNH_ideal__Orai1WT-START-Fr0_cleaned,Orai1WT-START-Fr0_cleaned,XNH_ideal,failed,No output from any sub-box,0,0.43,,35,35,3.0,,,,,,,,223,21026,1,32,8000,10,3,NVIDIA A100-SXM4-80GB,
2026-03-24T16:13:39.590287,XP1_ideal__Orai1WT-START-Fr0_cleaned,Orai1WT-START-Fr0_cleaned,XP1_ideal,failed,No output from any sub-box,0,0.43,,12,13,1.0,,,,,,,,223,21026,1,32,8000,10,3,NVIDIA A100-SXM4-80GB,
2026-03-24T16:13:39.616478,XPG_ideal__Orai1WT-START-Fr0_cleaned,Orai1WT-START-Fr0_cleaned,XPG_ideal,failed,No output from any sub-box,0,0.43,,25,28,8.0,,,,,,,,223,21026,1,32,8000,10,3,NVIDIA A100-SXM4-80GB,
2026-03-24T16:13:39.640375,XQZ_ideal__Orai1WT-START-Fr0_cleaned,Orai1WT-START-Fr0_cleaned,XQZ_ideal,failed,No output from any sub-box,0,0.43,,6,8,1.0,,,,,,,,223,21026,1,32,8000,10,3,NVIDIA A100-SXM4-80GB,
2026-03-24T16:13:39.663034,XR1_ideal__Orai1WT-START-Fr0_cleaned,Orai1WT-START-Fr0_cleaned,XR1_ideal,failed,No output from any sub-box,0,0.43,,39,40,3.0,,,,,,,,223,21026,1,32,8000,10,3,NVIDIA A100-SXM4-80GB,
2026-03-24T16:13:39.684751,XZ5_ideal__Orai1WT-START-Fr0_cleaned,Orai1WT-START-Fr0_cleaned,XZ5_ideal,failed,No output from any sub-box,0,0.43,,5,5,,,,,,,,,223,21026,1,32,8000,10,3,NVIDIA A100-SXM4-80GB,
2026-03-24T16:13:39.716037,Y9J_ideal__Orai1WT-START-Fr0_cleaned,Orai1WT-START-Fr0_cleaned,Y9J_ideal,failed,No output from any sub-box,0,0.43,,28,31,6.0,,,,,,,,223,21026,1,32,8000,10,3,NVIDIA A100-SXM4-80GB,
2026-03-24T16:13:39.741725,YAN_ideal__Orai1WT-START-Fr0_cleaned,Orai1WT-START-Fr0_cleaned,YAN_ideal,failed,No output from any sub-box,0,0.43,,8,8,,,,,,,,,223,21026,1,32,8000,10,3,NVIDIA A100-SXM4-80GB,
2026-03-24T16:13:39.766200,YG7_ideal__Orai1WT-START-Fr0_cleaned,Orai1WT-START-Fr0_cleaned,YG7_ideal,failed,No output from any sub-box,0,0.43,,33,36,3.0,,,,,,,,223,21026,1,32,8000,10,3,NVIDIA A100-SXM4-80GB,
2026-03-24T16:13:39.789826,YHR_ideal__Orai1WT-START-Fr0_cleaned,Orai1WT-START-Fr0_cleaned,YHR_ideal,failed,No output from any sub-box,0,0.43,,44,45,5.0,,,,,,,,223,21026,1,32,8000,10,3,NVIDIA A100-SXM4-80GB,
2026-03-24T16:13:39.816541,YIS_ideal__Orai1WT-START-Fr0_cleaned,Orai1WT-START-Fr0_cleaned,YIS_ideal,failed,No output from any sub-box,0,0.43,,48,52,6.0,,,,,,,,223,21026,1,32,8000,10,3,NVIDIA A100-SXM4-80GB,
2026-03-24T16:13:39.840673,YKQ_ideal__Orai1WT-START-Fr0_cleaned,Orai1WT-START-Fr0_cleaned,YKQ_ideal,failed,No output from any sub-box,0,0.43,,36,39,3.0,,,,,,,,223,21026,1,32,8000,10,3,NVIDIA A100-SXM4-80GB,
2026-03-24T16:13:39.865237,YMA_ideal__Orai1WT-START-Fr0_cleaned,Orai1WT-START-Fr0_cleaned,YMA_ideal,failed,No output from any sub-box,0,0.43,,33,40,12.0,,,,,,,,223,21026,1,32,8000,10,3,NVIDIA A100-SXM4-80GB,
2026-03-24T16:13:39.889738,YPQ_ideal__Orai1WT-START-Fr0_cleaned,Orai1WT-START-Fr0_cleaned,YPQ_ideal,failed,No output from any sub-box,0,0.43,,22,22,2.0,,,,,,,,223,21026,1,32,8000,10,3,NVIDIA A100-SXM4-80GB,
2026-03-24T16:13:39.918295,YRL_ideal__Orai1WT-START-Fr0_cleaned,Orai1WT-START-Fr0_cleaned,YRL_ideal,failed,No output from any sub-box,0,0.43,,10,12,2.0,,,,,,,,223,21026,1,32,8000,10,3,NVIDIA A100-SXM4-80GB,
2026-03-24T16:13:39.944006,YTT_ideal__Orai1WT-START-Fr0_cleaned,Orai1WT-START-Fr0_cleaned,YTT_ideal,failed,No output from any sub-box,0,0.43,,24,28,3.0,,,,,,,,223,21026,1,32,8000,10,3,NVIDIA A100-SXM4-80GB,
2026-03-24T16:13:39.970141,YTZ_ideal__Orai1WT-START-Fr0_cleaned,Orai1WT-START-Fr0_cleaned,YTZ_ideal,failed,No output from any sub-box,0,0.43,,16,19,2.0,,,,,,,,223,21026,1,32,8000,10,3,NVIDIA A100-SXM4-80GB,
2026-03-24T16:13:39.995210,Z6V_ideal__Orai1WT-START-Fr0_cleaned,Orai1WT-START-Fr0_cleaned,Z6V_ideal,failed,No output from any sub-box,0,0.43,,32,33,3.0,,,,,,,,223,21026,1,32,8000,10,3,NVIDIA A100-SXM4-80GB,
2026-03-24T16:13:40.018968,Z90_ideal__Orai1WT-START-Fr0_cleaned,Orai1WT-START-Fr0_cleaned,Z90_ideal,failed,No output from any sub-box,0,0.43,,42,44,9.0,,,,,,,,223,21026,1,32,8000,10,3,NVIDIA A100-SXM4-80GB,
2026-03-24T16:13:40.096522,ZHZ_ideal__Orai1WT-START-Fr0_cleaned,Orai1WT-START-Fr0_cleaned,ZHZ_ideal,failed,No output from any sub-box,0,0.43,,12,14,1.0,,,,,,,,223,21026,1,32,8000,10,3,NVIDIA A100-SXM4-80GB,
2026-03-24T16:13:40.134915,ZIY_ideal__Orai1WT-START-Fr0_cleaned,Orai1WT-START-Fr0_cleaned,ZIY_ideal,failed,No output from any sub-box,0,0.43,,81,85,18.0,,,,,,,,223,21026,1,32,8000,10,3,NVIDIA A100-SXM4-80GB,
2026-03-24T16:13:40.158983,ZOL_ideal__Orai1WT-START-Fr0_cleaned,Orai1WT-START-Fr0_cleaned,ZOL_ideal,failed,No output from any sub-box,0,0.43,,16,21,4.0,,,,,,,,223,21026,1,32,8000,10,3,NVIDIA A100-SXM4-80GB,
2026-03-24T16:13:40.185835,ZYS_ideal__Orai1WT-START-Fr0_cleaned,Orai1WT-START-Fr0_cleaned,ZYS_ideal,failed,No output from any sub-box,0,0.43,,19,22,2.0,,,,,,,,223,21026,1,32,8000,10,3,NVIDIA A100-SXM4-80GB,
2026-03-24T16:13:40.217969,ZYX_ideal__Orai1WT-START-Fr0_cleaned,Orai1WT-START-Fr0_cleaned,ZYX_ideal,failed,No output from any sub-box,0,0.43,,13,17,2.0,,,,,,,,223,21026,1,32,8000,10,3,NVIDIA A100-SXM4-80GB,
