Protein,Ligand,Diffdock,Total
Orai1WT-MDSnap-Fr300_cleaned,007_ideal,11,11
Orai1WT-MDSnap-Fr300_cleaned,010_ideal,11,11
Orai1WT-MDSnap-Fr300_cleaned,08D_ideal,11,11
Orai1WT-MDSnap-Fr300_cleaned,0A9_ideal,11,11
Orai1WT-MDSnap-Fr300_cleaned,13X_ideal,11,11
Orai1WT-MDSnap-Fr300_cleaned,144_ideal,11,11
Orai1WT-MDSnap-Fr300_cleaned,150_ideal,11,11
Orai1WT-MDSnap-Fr300_cleaned,152_ideal,11,11
Orai1WT-MDSnap-Fr300_cleaned,171_ideal,11,11
Orai1WT-MDSnap-Fr300_cleaned,173_ideal,11,11
Orai1WT-MDSnap-Fr300_cleaned,174_ideal,11,11
Orai1WT-MDSnap-Fr300_cleaned,178_ideal,11,11
Orai1WT-MDSnap-Fr300_cleaned,1AL_ideal,11,11
Orai1WT-MDSnap-Fr300_cleaned,1BN_ideal,11,11
Orai1WT-MDSnap-Fr300_cleaned,1CM_ideal,11,11
Orai1WT-MDSnap-Fr300_cleaned,1CY_ideal,11,11
Orai1WT-MDSnap-Fr300_cleaned,1JZ_ideal,11,11
Orai1WT-MDSnap-Fr300_cleaned,1K5_ideal,11,11
Orai1WT-MDSnap-Fr300_cleaned,1OH_ideal,11,11
Orai1WT-MDSnap-Fr300_cleaned,1PC_ideal,11,11
Orai1WT-MDSnap-Fr300_cleaned,1WE_ideal,11,11
Orai1WT-MDSnap-Fr300_cleaned,201_ideal,11,11
Orai1WT-MDSnap-Fr300_cleaned,205_ideal,11,11
Orai1WT-MDSnap-Fr300_cleaned,210_ideal,11,11
Orai1WT-MDSnap-Fr300_cleaned,21B_ideal,11,11
Orai1WT-MDSnap-Fr300_cleaned,221_ideal,11,11
Orai1WT-MDSnap-Fr300_cleaned,22F_ideal,11,11
Orai1WT-MDSnap-Fr300_cleaned,231_ideal,11,11
Orai1WT-MDSnap-Fr300_cleaned,23F_ideal,11,11
Orai1WT-MDSnap-Fr300_cleaned,251_ideal,11,11
Orai1WT-MDSnap-Fr300_cleaned,256_ideal,11,11
Orai1WT-MDSnap-Fr300_cleaned,268_ideal,11,11
Orai1WT-MDSnap-Fr300_cleaned,269_ideal,11,11
Orai1WT-MDSnap-Fr300_cleaned,26C_ideal,11,11
Orai1WT-MDSnap-Fr300_cleaned,270_ideal,11,11
Orai1WT-MDSnap-Fr300_cleaned,283_ideal,11,11
Orai1WT-MDSnap-Fr300_cleaned,299_ideal,11,11
Orai1WT-MDSnap-Fr300_cleaned,2C7_ideal,11,11
Orai1WT-MDSnap-Fr300_cleaned,2H3_ideal,11,11
Orai1WT-MDSnap-Fr300_cleaned,2HA_ideal,11,11
Orai1WT-MDSnap-Fr300_cleaned,2HP_ideal,11,11
Orai1WT-MDSnap-Fr300_cleaned,2OH_ideal,11,11
Orai1WT-MDSnap-Fr300_cleaned,328_ideal,11,11
Orai1WT-MDSnap-Fr300_cleaned,36M_ideal,11,11
Orai1WT-MDSnap-Fr300_cleaned,3FG_ideal,11,11
Orai1WT-MDSnap-Fr300_cleaned,3G3_ideal,11,11
Orai1WT-MDSnap-Fr300_cleaned,3HG_ideal,11,11
Orai1WT-MDSnap-Fr300_cleaned,3IM_ideal,11,11
Orai1WT-MDSnap-Fr300_cleaned,3MI_ideal,11,11
Orai1WT-MDSnap-Fr300_cleaned,3PO_ideal,11,11
Orai1WT-MDSnap-Fr300_cleaned,3RL_ideal,11,11
Orai1WT-MDSnap-Fr300_cleaned,3SY_ideal,11,11
Orai1WT-MDSnap-Fr300_cleaned,416_ideal,11,11
Orai1WT-MDSnap-Fr300_cleaned,41A_ideal,11,11
Orai1WT-MDSnap-Fr300_cleaned,44B_ideal,11,11
Orai1WT-MDSnap-Fr300_cleaned,4AZ_ideal,11,11
Orai1WT-MDSnap-Fr300_cleaned,4BB_ideal,11,11
Orai1WT-MDSnap-Fr300_cleaned,4BR_ideal,11,11
Orai1WT-MDSnap-Fr300_cleaned,4BZ_ideal,11,11
Orai1WT-MDSnap-Fr300_cleaned,4CB_ideal,11,11
Orai1WT-MDSnap-Fr300_cleaned,4CH_ideal,11,11
Orai1WT-MDSnap-Fr300_cleaned,4FA_ideal,11,11
Orai1WT-MDSnap-Fr300_cleaned,4FC_ideal,11,11
Orai1WT-MDSnap-Fr300_cleaned,4FP_ideal,11,11
Orai1WT-MDSnap-Fr300_cleaned,4J8_ideal,11,11
Orai1WT-MDSnap-Fr300_cleaned,4KS_ideal,11,11
Orai1WT-MDSnap-Fr300_cleaned,4MB_ideal,11,11
Orai1WT-MDSnap-Fr300_cleaned,4ND_ideal,11,11
Orai1WT-MDSnap-Fr300_cleaned,4NL_ideal,11,11
Orai1WT-MDSnap-Fr300_cleaned,4NP_ideal,11,11
Orai1WT-MDSnap-Fr300_cleaned,4PG_ideal,11,11
Orai1WT-MDSnap-Fr300_cleaned,4PI_ideal,11,11
Orai1WT-MDSnap-Fr300_cleaned,4PN_ideal,11,11
Orai1WT-MDSnap-Fr300_cleaned,4SM_ideal,11,11
Orai1WT-MDSnap-Fr300_cleaned,4SO_ideal,11,11
Orai1WT-MDSnap-Fr300_cleaned,505_ideal,11,11
Orai1WT-MDSnap-Fr300_cleaned,521_ideal,11,11
Orai1WT-MDSnap-Fr300_cleaned,566_ideal,11,11
Orai1WT-MDSnap-Fr300_cleaned,572_ideal,11,11
Orai1WT-MDSnap-Fr300_cleaned,5AN_ideal,11,11
Orai1WT-MDSnap-Fr300_cleaned,5B3_ideal,11,11
Orai1WT-MDSnap-Fr300_cleaned,641_ideal,11,11
Orai1WT-MDSnap-Fr300_cleaned,6BD_ideal,11,11
Orai1WT-MDSnap-Fr300_cleaned,6LH_ideal,11,11
Orai1WT-MDSnap-Fr300_cleaned,6LR_ideal,11,11
Orai1WT-MDSnap-Fr300_cleaned,6WT_ideal,11,11
Orai1WT-MDSnap-Fr300_cleaned,787_ideal,11,11
Orai1WT-MDSnap-Fr300_cleaned,791_ideal,11,11
Orai1WT-MDSnap-Fr300_cleaned,7BD_ideal,11,11
Orai1WT-MDSnap-Fr300_cleaned,7N8_ideal,11,11
Orai1WT-MDSnap-Fr300_cleaned,7TI_ideal,11,11
Orai1WT-MDSnap-Fr300_cleaned,80G_ideal,11,11
Orai1WT-MDSnap-Fr300_cleaned,911_ideal,11,11
Orai1WT-MDSnap-Fr300_cleaned,92G_ideal,11,11
Orai1WT-MDSnap-Fr300_cleaned,949_ideal,11,11
Orai1WT-MDSnap-Fr300_cleaned,9CA_ideal,11,11
Orai1WT-MDSnap-Fr300_cleaned,9Y6_ideal,11,11
Orai1WT-MDSnap-Fr300_cleaned,A1AIA_ideal,11,11
Orai1WT-MDSnap-Fr300_cleaned,A1AIK_ideal,11,11
Orai1WT-MDSnap-Fr300_cleaned,A1AT0_ideal,11,11
Orai1WT-MDSnap-Fr300_cleaned,A1CR0_ideal,11,11
Orai1WT-MDSnap-Fr300_cleaned,A1EEY_ideal,11,11
Orai1WT-MDSnap-Fr300_cleaned,A1IPI_ideal,11,11
Orai1WT-MDSnap-Fr300_cleaned,A1JBL_ideal,11,11
Orai1WT-MDSnap-Fr300_cleaned,A1LWH_ideal,11,11
Orai1WT-MDSnap-Fr300_cleaned,A26_ideal,11,11
Orai1WT-MDSnap-Fr300_cleaned,A3M_ideal,11,11
Orai1WT-MDSnap-Fr300_cleaned,A41_ideal,11,11
Orai1WT-MDSnap-Fr300_cleaned,A56_ideal,11,11
Orai1WT-MDSnap-Fr300_cleaned,AAN_ideal,11,11
Orai1WT-MDSnap-Fr300_cleaned,ABN_ideal,11,11
Orai1WT-MDSnap-Fr300_cleaned,AC0_ideal,11,11
Orai1WT-MDSnap-Fr300_cleaned,AC5_ideal,11,11
Orai1WT-MDSnap-Fr300_cleaned,ACH_ideal,11,11
Orai1WT-MDSnap-Fr300_cleaned,ADB_ideal,11,11
Orai1WT-MDSnap-Fr300_cleaned,AEF_ideal,11,11
Orai1WT-MDSnap-Fr300_cleaned,AES_ideal,11,11
Orai1WT-MDSnap-Fr300_cleaned,AHC_ideal,11,11
Orai1WT-MDSnap-Fr300_cleaned,AL2_ideal,11,11
Orai1WT-MDSnap-Fr300_cleaned,ALC_ideal,11,11
Orai1WT-MDSnap-Fr300_cleaned,ALF_ideal,11,11
Orai1WT-MDSnap-Fr300_cleaned,ALQ_ideal,11,11
Orai1WT-MDSnap-Fr300_cleaned,ALR_ideal,11,11
Orai1WT-MDSnap-Fr300_cleaned,AM4_ideal,11,11
Orai1WT-MDSnap-Fr300_cleaned,AMC_ideal,11,11
Orai1WT-MDSnap-Fr300_cleaned,AN1_ideal,11,11
Orai1WT-MDSnap-Fr300_cleaned,ANL_ideal,11,11
Orai1WT-MDSnap-Fr300_cleaned,ANN_ideal,11,11
Orai1WT-MDSnap-Fr300_cleaned,APF_ideal,11,11
Orai1WT-MDSnap-Fr300_cleaned,APG_ideal,11,11
Orai1WT-MDSnap-Fr300_cleaned,APL_ideal,11,11
Orai1WT-MDSnap-Fr300_cleaned,ARL_ideal,11,11
Orai1WT-MDSnap-Fr300_cleaned,ASR_ideal,11,11
Orai1WT-MDSnap-Fr300_cleaned,AST_ideal,11,11
Orai1WT-MDSnap-Fr300_cleaned,AX3_ideal,11,11
Orai1WT-MDSnap-Fr300_cleaned,B1T_ideal,11,11
Orai1WT-MDSnap-Fr300_cleaned,B1V_ideal,11,11
Orai1WT-MDSnap-Fr300_cleaned,B2F_ideal,11,11
Orai1WT-MDSnap-Fr300_cleaned,B40_ideal,11,11
Orai1WT-MDSnap-Fr300_cleaned,BAS_ideal,11,11
Orai1WT-MDSnap-Fr300_cleaned,BBS_ideal,11,11
Orai1WT-MDSnap-Fr300_cleaned,BBT_ideal,11,11
Orai1WT-MDSnap-Fr300_cleaned,BC1_ideal,11,11
Orai1WT-MDSnap-Fr300_cleaned,BCE_ideal,11,11
Orai1WT-MDSnap-Fr300_cleaned,BDB_ideal,11,11
Orai1WT-MDSnap-Fr300_cleaned,BEK_ideal,11,11
Orai1WT-MDSnap-Fr300_cleaned,BET_ideal,11,11
Orai1WT-MDSnap-Fr300_cleaned,BEZ_ideal,11,11
Orai1WT-MDSnap-Fr300_cleaned,BFD_ideal,11,11
Orai1WT-MDSnap-Fr300_cleaned,BFL_ideal,11,11
Orai1WT-MDSnap-Fr300_cleaned,BHO_ideal,11,11
Orai1WT-MDSnap-Fr300_cleaned,BHQ_ideal,11,11
Orai1WT-MDSnap-Fr300_cleaned,BIF_ideal,11,11
Orai1WT-MDSnap-Fr300_cleaned,BIH_ideal,11,11
Orai1WT-MDSnap-Fr300_cleaned,BIP_ideal,11,11
Orai1WT-MDSnap-Fr300_cleaned,BMU_ideal,11,11
Orai1WT-MDSnap-Fr300_cleaned,BNF_ideal,11,11
Orai1WT-MDSnap-Fr300_cleaned,BNS_ideal,11,11
Orai1WT-MDSnap-Fr300_cleaned,BO3_ideal,11,11
Orai1WT-MDSnap-Fr300_cleaned,BOS_ideal,11,11
Orai1WT-MDSnap-Fr300_cleaned,BP4_ideal,11,11
Orai1WT-MDSnap-Fr300_cleaned,BP6_ideal,11,11
Orai1WT-MDSnap-Fr300_cleaned,BPZ_ideal,11,11
Orai1WT-MDSnap-Fr300_cleaned,BRB_ideal,11,11
Orai1WT-MDSnap-Fr300_cleaned,BRV_ideal,11,11
Orai1WT-MDSnap-Fr300_cleaned,BS4_ideal,11,11
Orai1WT-MDSnap-Fr300_cleaned,BSB_ideal,11,11
Orai1WT-MDSnap-Fr300_cleaned,BSU_ideal,11,11
Orai1WT-MDSnap-Fr300_cleaned,BTL_ideal,11,11
Orai1WT-MDSnap-Fr300_cleaned,BTP_ideal,11,11
Orai1WT-MDSnap-Fr300_cleaned,BU1_ideal,11,11
Orai1WT-MDSnap-Fr300_cleaned,BUM_ideal,11,11
Orai1WT-MDSnap-Fr300_cleaned,BZM_ideal,11,11
Orai1WT-MDSnap-Fr300_cleaned,BZQ_ideal,11,11
Orai1WT-MDSnap-Fr300_cleaned,C1R_ideal,11,11
Orai1WT-MDSnap-Fr300_cleaned,C5U_ideal,11,11
Orai1WT-MDSnap-Fr300_cleaned,CAD_ideal,11,11
Orai1WT-MDSnap-Fr300_cleaned,CAQ_ideal,11,11
Orai1WT-MDSnap-Fr300_cleaned,CAX_ideal,11,11
Orai1WT-MDSnap-Fr300_cleaned,CBQ_ideal,11,11
Orai1WT-MDSnap-Fr300_cleaned,CCB_ideal,11,11
Orai1WT-MDSnap-Fr300_cleaned,CCE_ideal,11,11
Orai1WT-MDSnap-Fr300_cleaned,CDX_ideal,11,11
Orai1WT-MDSnap-Fr300_cleaned,CEQ_ideal,11,11
Orai1WT-MDSnap-Fr300_cleaned,CHT_ideal,11,11
Orai1WT-MDSnap-Fr300_cleaned,CHZ_ideal,11,11
Orai1WT-MDSnap-Fr300_cleaned,CIU_ideal,11,11
Orai1WT-MDSnap-Fr300_cleaned,CK4_ideal,11,11
Orai1WT-MDSnap-Fr300_cleaned,CLT_ideal,11,11
Orai1WT-MDSnap-Fr300_cleaned,CLU_ideal,11,11
Orai1WT-MDSnap-Fr300_cleaned,CNH_ideal,11,11
Orai1WT-MDSnap-Fr300_cleaned,CO2_ideal,11,11
Orai1WT-MDSnap-Fr300_cleaned,CO3_ideal,11,11
Orai1WT-MDSnap-Fr300_cleaned,COX_ideal,11,11
Orai1WT-MDSnap-Fr300_cleaned,CP5_ideal,11,11
Orai1WT-MDSnap-Fr300_cleaned,CPZ_ideal,11,11
Orai1WT-MDSnap-Fr300_cleaned,CRZ_ideal,11,11
Orai1WT-MDSnap-Fr300_cleaned,CUL_ideal,11,11
Orai1WT-MDSnap-Fr300_cleaned,CVB_ideal,11,11
Orai1WT-MDSnap-Fr300_cleaned,CXF_ideal,11,11
Orai1WT-MDSnap-Fr300_cleaned,CXL_ideal,11,11
Orai1WT-MDSnap-Fr300_cleaned,CXP_ideal,11,11
Orai1WT-MDSnap-Fr300_cleaned,CYH_ideal,11,11
Orai1WT-MDSnap-Fr300_cleaned,D1D_ideal,11,11
Orai1WT-MDSnap-Fr300_cleaned,D4G_ideal,11,11
Orai1WT-MDSnap-Fr300_cleaned,D4P_ideal,11,11
Orai1WT-MDSnap-Fr300_cleaned,D8W_ideal,11,11
Orai1WT-MDSnap-Fr300_cleaned,DBA_ideal,11,11
Orai1WT-MDSnap-Fr300_cleaned,DBE_ideal,11,11
Orai1WT-MDSnap-Fr300_cleaned,DBF_ideal,11,11
Orai1WT-MDSnap-Fr300_cleaned,DBY_ideal,11,11
Orai1WT-MDSnap-Fr300_cleaned,DCD_ideal,11,11
Orai1WT-MDSnap-Fr300_cleaned,DCO_ideal,11,11
Orai1WT-MDSnap-Fr300_cleaned,DDP_ideal,11,11
Orai1WT-MDSnap-Fr300_cleaned,DEP_ideal,11,11
Orai1WT-MDSnap-Fr300_cleaned,DES_ideal,11,11
Orai1WT-MDSnap-Fr300_cleaned,DFA_ideal,11,11
Orai1WT-MDSnap-Fr300_cleaned,DFP_ideal,11,11
Orai1WT-MDSnap-Fr300_cleaned,DHR_ideal,11,11
Orai1WT-MDSnap-Fr300_cleaned,DIF_ideal,11,11
Orai1WT-MDSnap-Fr300_cleaned,DII_ideal,11,11
Orai1WT-MDSnap-Fr300_cleaned,DIO_ideal,11,11
Orai1WT-MDSnap-Fr300_cleaned,DMB_ideal,11,11
Orai1WT-MDSnap-Fr300_cleaned,DMF_ideal,11,11
Orai1WT-MDSnap-Fr300_cleaned,DMS_ideal,11,11
Orai1WT-MDSnap-Fr300_cleaned,DMW_ideal,11,11
Orai1WT-MDSnap-Fr300_cleaned,DMZ_ideal,11,11
Orai1WT-MDSnap-Fr300_cleaned,DNQ_ideal,11,11
Orai1WT-MDSnap-Fr300_cleaned,DP4_ideal,11,11
Orai1WT-MDSnap-Fr300_cleaned,DPJ_ideal,11,11
Orai1WT-MDSnap-Fr300_cleaned,DPN_ideal,11,11
Orai1WT-MDSnap-Fr300_cleaned,DPT_ideal,11,11
Orai1WT-MDSnap-Fr300_cleaned,DQN_ideal,11,11
Orai1WT-MDSnap-Fr300_cleaned,DSM_ideal,11,11
Orai1WT-MDSnap-Fr300_cleaned,DTD_ideal,11,11
Orai1WT-MDSnap-Fr300_cleaned,DTL_ideal,11,11
Orai1WT-MDSnap-Fr300_cleaned,DTY_ideal,11,11
Orai1WT-MDSnap-Fr300_cleaned,DXE_ideal,11,11
Orai1WT-MDSnap-Fr300_cleaned,DXX_ideal,11,11
Orai1WT-MDSnap-Fr300_cleaned,DZ1_ideal,11,11
Orai1WT-MDSnap-Fr300_cleaned,DZ2_ideal,11,11
Orai1WT-MDSnap-Fr300_cleaned,DZ3_ideal,11,11
Orai1WT-MDSnap-Fr300_cleaned,DZZ_ideal,11,11
Orai1WT-MDSnap-Fr300_cleaned,E1P_ideal,11,11
Orai1WT-MDSnap-Fr300_cleaned,E4B_ideal,11,11
Orai1WT-MDSnap-Fr300_cleaned,EAO_ideal,11,11
Orai1WT-MDSnap-Fr300_cleaned,EDN_ideal,11,11
Orai1WT-MDSnap-Fr300_cleaned,EF6_ideal,11,11
Orai1WT-MDSnap-Fr300_cleaned,EI3_ideal,11,11
Orai1WT-MDSnap-Fr300_cleaned,EMR_ideal,11,11
Orai1WT-MDSnap-Fr300_cleaned,ENO_ideal,11,11
Orai1WT-MDSnap-Fr300_cleaned,EOU_ideal,11,11
Orai1WT-MDSnap-Fr300_cleaned,ESA_ideal,11,11
Orai1WT-MDSnap-Fr300_cleaned,ETF_ideal,11,11
Orai1WT-MDSnap-Fr300_cleaned,ETZ_ideal,11,11
Orai1WT-MDSnap-Fr300_cleaned,EYK_ideal,11,11
Orai1WT-MDSnap-Fr300_cleaned,F3F_ideal,11,11
Orai1WT-MDSnap-Fr300_cleaned,F6B_ideal,11,11
Orai1WT-MDSnap-Fr300_cleaned,FAC_ideal,11,11
Orai1WT-MDSnap-Fr300_cleaned,FBA_ideal,11,11
Orai1WT-MDSnap-Fr300_cleaned,FBC_ideal,11,11
Orai1WT-MDSnap-Fr300_cleaned,FBS_ideal,11,11
Orai1WT-MDSnap-Fr300_cleaned,FBT_ideal,11,11
Orai1WT-MDSnap-Fr300_cleaned,FBU_ideal,11,11
Orai1WT-MDSnap-Fr300_cleaned,FCR_ideal,11,11
Orai1WT-MDSnap-Fr300_cleaned,FFB_ideal,11,11
Orai1WT-MDSnap-Fr300_cleaned,FGL_ideal,11,11
Orai1WT-MDSnap-Fr300_cleaned,FHC_ideal,11,11
Orai1WT-MDSnap-Fr300_cleaned,FLA_ideal,11,11
Orai1WT-MDSnap-Fr300_cleaned,FNP_ideal,11,11
Orai1WT-MDSnap-Fr300_cleaned,FOS_ideal,11,11
Orai1WT-MDSnap-Fr300_cleaned,FPI_ideal,11,11
Orai1WT-MDSnap-Fr300_cleaned,FPO_ideal,11,11
Orai1WT-MDSnap-Fr300_cleaned,FUM_ideal,11,11
Orai1WT-MDSnap-Fr300_cleaned,G1L_ideal,11,11
Orai1WT-MDSnap-Fr300_cleaned,G2H_ideal,11,11
Orai1WT-MDSnap-Fr300_cleaned,G50_ideal,11,11
Orai1WT-MDSnap-Fr300_cleaned,GAI_ideal,11,11
Orai1WT-MDSnap-Fr300_cleaned,GB5_ideal,11,11
Orai1WT-MDSnap-Fr300_cleaned,GBN_ideal,11,11
Orai1WT-MDSnap-Fr300_cleaned,GBS_ideal,11,11
Orai1WT-MDSnap-Fr300_cleaned,GD7_ideal,11,11
Orai1WT-MDSnap-Fr300_cleaned,GD8_ideal,11,11
Orai1WT-MDSnap-Fr300_cleaned,GG5_ideal,11,11
Orai1WT-MDSnap-Fr300_cleaned,GHP_ideal,11,11
Orai1WT-MDSnap-Fr300_cleaned,GJZ_ideal,11,11
Orai1WT-MDSnap-Fr300_cleaned,GOL_ideal,11,11
Orai1WT-MDSnap-Fr300_cleaned,GP6_ideal,11,11
Orai1WT-MDSnap-Fr300_cleaned,GUA_ideal,11,11
Orai1WT-MDSnap-Fr300_cleaned,GVC_ideal,11,11
Orai1WT-MDSnap-Fr300_cleaned,GVN_ideal,11,11
Orai1WT-MDSnap-Fr300_cleaned,GVO_ideal,11,11
Orai1WT-MDSnap-Fr300_cleaned,GVQ_ideal,11,11
Orai1WT-MDSnap-Fr300_cleaned,GZB_ideal,11,11
Orai1WT-MDSnap-Fr300_cleaned,H11_ideal,11,11
Orai1WT-MDSnap-Fr300_cleaned,H3P_ideal,11,11
Orai1WT-MDSnap-Fr300_cleaned,HAI_ideal,11,11
Orai1WT-MDSnap-Fr300_cleaned,HBA_ideal,11,11
Orai1WT-MDSnap-Fr300_cleaned,HC4_ideal,11,11
Orai1WT-MDSnap-Fr300_cleaned,HCI_ideal,11,11
Orai1WT-MDSnap-Fr300_cleaned,HFA_ideal,11,11
Orai1WT-MDSnap-Fr300_cleaned,HFT_ideal,11,11
Orai1WT-MDSnap-Fr300_cleaned,HFZ_ideal,11,11
Orai1WT-MDSnap-Fr300_cleaned,HG0_ideal,11,11
Orai1WT-MDSnap-Fr300_cleaned,HGB_ideal,11,11
Orai1WT-MDSnap-Fr300_cleaned,HHH_ideal,11,11
Orai1WT-MDSnap-Fr300_cleaned,HLT_ideal,11,11
Orai1WT-MDSnap-Fr300_cleaned,HPH_ideal,11,11
Orai1WT-MDSnap-Fr300_cleaned,HPP_ideal,11,11
Orai1WT-MDSnap-Fr300_cleaned,HPQ_ideal,11,11
Orai1WT-MDSnap-Fr300_cleaned,HPS_ideal,11,11
Orai1WT-MDSnap-Fr300_cleaned,HQE_ideal,11,11
Orai1WT-MDSnap-Fr300_cleaned,HQQ_ideal,11,11
Orai1WT-MDSnap-Fr300_cleaned,HS6_ideal,11,11
Orai1WT-MDSnap-Fr300_cleaned,HS7_ideal,11,11
Orai1WT-MDSnap-Fr300_cleaned,HXP_ideal,11,11
Orai1WT-MDSnap-Fr300_cleaned,HY1_ideal,11,11
Orai1WT-MDSnap-Fr300_cleaned,I15_ideal,11,11
Orai1WT-MDSnap-Fr300_cleaned,IBO_ideal,11,11
Orai1WT-MDSnap-Fr300_cleaned,IBP_ideal,11,11
Orai1WT-MDSnap-Fr300_cleaned,IC1_ideal,11,11
Orai1WT-MDSnap-Fr300_cleaned,ICF_ideal,11,11
Orai1WT-MDSnap-Fr300_cleaned,IET_ideal,11,11
Orai1WT-MDSnap-Fr300_cleaned,IFP_ideal,11,11
Orai1WT-MDSnap-Fr300_cleaned,IGL_ideal,11,11
Orai1WT-MDSnap-Fr300_cleaned,ILW_ideal,11,11
Orai1WT-MDSnap-Fr300_cleaned,INV_ideal,11,11
Orai1WT-MDSnap-Fr300_cleaned,IOE_ideal,11,11
Orai1WT-MDSnap-Fr300_cleaned,IOF_ideal,11,11
Orai1WT-MDSnap-Fr300_cleaned,IOL_ideal,11,11
Orai1WT-MDSnap-Fr300_cleaned,IOY_ideal,11,11
Orai1WT-MDSnap-Fr300_cleaned,IPA_ideal,11,11
Orai1WT-MDSnap-Fr300_cleaned,IPH_ideal,11,11
Orai1WT-MDSnap-Fr300_cleaned,IS2_ideal,11,11
Orai1WT-MDSnap-Fr300_cleaned,ISA_ideal,11,11
Orai1WT-MDSnap-Fr300_cleaned,ISO_ideal,11,11
Orai1WT-MDSnap-Fr300_cleaned,ISP_ideal,11,11
Orai1WT-MDSnap-Fr300_cleaned,IXX_ideal,11,11
Orai1WT-MDSnap-Fr300_cleaned,J5Z_ideal,11,11
Orai1WT-MDSnap-Fr300_cleaned,JAL_ideal,11,11
Orai1WT-MDSnap-Fr300_cleaned,JBC_ideal,11,11
Orai1WT-MDSnap-Fr300_cleaned,K94_ideal,11,11
Orai1WT-MDSnap-Fr300_cleaned,KZF_ideal,11,11
Orai1WT-MDSnap-Fr300_cleaned,L02_ideal,11,11
Orai1WT-MDSnap-Fr300_cleaned,LAZ_ideal,11,11
Orai1WT-MDSnap-Fr300_cleaned,LCO_ideal,11,11
Orai1WT-MDSnap-Fr300_cleaned,LCP_ideal,11,11
Orai1WT-MDSnap-Fr300_cleaned,LJ1_ideal,11,11
Orai1WT-MDSnap-Fr300_cleaned,LJ2_ideal,11,11
Orai1WT-MDSnap-Fr300_cleaned,LJ3_ideal,11,11
Orai1WT-MDSnap-Fr300_cleaned,LJ4_ideal,11,11
Orai1WT-MDSnap-Fr300_cleaned,LJ5_ideal,11,11
Orai1WT-MDSnap-Fr300_cleaned,LL2_ideal,11,11
Orai1WT-MDSnap-Fr300_cleaned,LZ4_ideal,11,11
Orai1WT-MDSnap-Fr300_cleaned,LZ8_ideal,11,11
Orai1WT-MDSnap-Fr300_cleaned,LZE_ideal,11,11
Orai1WT-MDSnap-Fr300_cleaned,LZJ_ideal,11,11
Orai1WT-MDSnap-Fr300_cleaned,LZK_ideal,11,11
Orai1WT-MDSnap-Fr300_cleaned,M0N_ideal,11,11
Orai1WT-MDSnap-Fr300_cleaned,M25_ideal,11,11
Orai1WT-MDSnap-Fr300_cleaned,M28_ideal,11,11
Orai1WT-MDSnap-Fr300_cleaned,MAE_ideal,11,11
Orai1WT-MDSnap-Fr300_cleaned,MAH_ideal,11,11
Orai1WT-MDSnap-Fr300_cleaned,MAK_ideal,11,11
Orai1WT-MDSnap-Fr300_cleaned,MBN_ideal,11,11
Orai1WT-MDSnap-Fr300_cleaned,MBO_ideal,11,11
Orai1WT-MDSnap-Fr300_cleaned,MBT_ideal,11,11
Orai1WT-MDSnap-Fr300_cleaned,MD7_ideal,11,11
Orai1WT-MDSnap-Fr300_cleaned,MDD_ideal,11,11
Orai1WT-MDSnap-Fr300_cleaned,MDN_ideal,11,11
Orai1WT-MDSnap-Fr300_cleaned,MES_ideal,11,11
Orai1WT-MDSnap-Fr300_cleaned,MF3_ideal,11,11
Orai1WT-MDSnap-Fr300_cleaned,MFG_ideal,11,11
Orai1WT-MDSnap-Fr300_cleaned,MGR_ideal,11,11
Orai1WT-MDSnap-Fr300_cleaned,MLA_ideal,11,11
Orai1WT-MDSnap-Fr300_cleaned,MLI_ideal,11,11
Orai1WT-MDSnap-Fr300_cleaned,MM3_ideal,11,11
Orai1WT-MDSnap-Fr300_cleaned,MMQ_ideal,11,11
Orai1WT-MDSnap-Fr300_cleaned,MNN_ideal,11,11
Orai1WT-MDSnap-Fr300_cleaned,MNY_ideal,11,11
Orai1WT-MDSnap-Fr300_cleaned,MOO_ideal,11,11
Orai1WT-MDSnap-Fr300_cleaned,MOS_ideal,11,11
Orai1WT-MDSnap-Fr300_cleaned,MPB_ideal,11,11
Orai1WT-MDSnap-Fr300_cleaned,MPO_ideal,11,11
Orai1WT-MDSnap-Fr300_cleaned,MPX_ideal,11,11
Orai1WT-MDSnap-Fr300_cleaned,MR4_ideal,11,11
Orai1WT-MDSnap-Fr300_cleaned,MR5_ideal,11,11
Orai1WT-MDSnap-Fr300_cleaned,MR6_ideal,11,11
Orai1WT-MDSnap-Fr300_cleaned,MRE_ideal,11,11
Orai1WT-MDSnap-Fr300_cleaned,MSB_ideal,11,11
Orai1WT-MDSnap-Fr300_cleaned,MSR_ideal,11,11
Orai1WT-MDSnap-Fr300_cleaned,MTN_ideal,11,11
Orai1WT-MDSnap-Fr300_cleaned,MXT_ideal,11,11
Orai1WT-MDSnap-Fr300_cleaned,N2P_ideal,11,11
Orai1WT-MDSnap-Fr300_cleaned,N4E_ideal,11,11
Orai1WT-MDSnap-Fr300_cleaned,N5B_ideal,11,11
Orai1WT-MDSnap-Fr300_cleaned,N6W_ideal,11,11
Orai1WT-MDSnap-Fr300_cleaned,NAF_ideal,11,11
Orai1WT-MDSnap-Fr300_cleaned,NBU_ideal,11,11
Orai1WT-MDSnap-Fr300_cleaned,NDD_ideal,11,11
Orai1WT-MDSnap-Fr300_cleaned,NEN_ideal,11,11
Orai1WT-MDSnap-Fr300_cleaned,NEQ_ideal,11,11
Orai1WT-MDSnap-Fr300_cleaned,NET_ideal,11,11
Orai1WT-MDSnap-Fr300_cleaned,NFA_ideal,11,11
Orai1WT-MDSnap-Fr300_cleaned,NHE_ideal,11,11
Orai1WT-MDSnap-Fr300_cleaned,NIN_ideal,11,11
Orai1WT-MDSnap-Fr300_cleaned,NIZ_ideal,11,11
Orai1WT-MDSnap-Fr300_cleaned,NNB_ideal,11,11
Orai1WT-MDSnap-Fr300_cleaned,NNC_ideal,11,11
Orai1WT-MDSnap-Fr300_cleaned,NNI_ideal,11,11
Orai1WT-MDSnap-Fr300_cleaned,NO3_ideal,11,11
Orai1WT-MDSnap-Fr300_cleaned,NPO_ideal,11,11
Orai1WT-MDSnap-Fr300_cleaned,NTD_ideal,11,11
Orai1WT-MDSnap-Fr300_cleaned,NYL_ideal,11,11
Orai1WT-MDSnap-Fr300_cleaned,ODS_ideal,11,11
Orai1WT-MDSnap-Fr300_cleaned,OMO_ideal,11,11
Orai1WT-MDSnap-Fr300_cleaned,OPP_ideal,11,11
Orai1WT-MDSnap-Fr300_cleaned,OSP_ideal,11,11
Orai1WT-MDSnap-Fr300_cleaned,OX3_ideal,11,11
Orai1WT-MDSnap-Fr300_cleaned,OX5_ideal,11,11
Orai1WT-MDSnap-Fr300_cleaned,OX6_ideal,11,11
Orai1WT-MDSnap-Fr300_cleaned,OX7_ideal,11,11
Orai1WT-MDSnap-Fr300_cleaned,OXC_ideal,11,11
Orai1WT-MDSnap-Fr300_cleaned,OXD_ideal,11,11
Orai1WT-MDSnap-Fr300_cleaned,P2Z_ideal,11,11
Orai1WT-MDSnap-Fr300_cleaned,PAB_ideal,11,11
Orai1WT-MDSnap-Fr300_cleaned,PAC_ideal,11,11
Orai1WT-MDSnap-Fr300_cleaned,PB2_ideal,11,11
Orai1WT-MDSnap-Fr300_cleaned,PBA_ideal,11,11
Orai1WT-MDSnap-Fr300_cleaned,PBC_ideal,11,11
Orai1WT-MDSnap-Fr300_cleaned,PBN_ideal,11,11
Orai1WT-MDSnap-Fr300_cleaned,PBR_ideal,11,11
Orai1WT-MDSnap-Fr300_cleaned,PCB_ideal,11,11
Orai1WT-MDSnap-Fr300_cleaned,PCQ_ideal,11,11
Orai1WT-MDSnap-Fr300_cleaned,PCR_ideal,11,11
Orai1WT-MDSnap-Fr300_cleaned,PCS_ideal,11,11
Orai1WT-MDSnap-Fr300_cleaned,PC_ideal,11,11
Orai1WT-MDSnap-Fr300_cleaned,PDC_ideal,11,11
Orai1WT-MDSnap-Fr300_cleaned,PDO_ideal,11,11
Orai1WT-MDSnap-Fr300_cleaned,PEA_ideal,11,11
Orai1WT-MDSnap-Fr300_cleaned,PEL_ideal,11,11
Orai1WT-MDSnap-Fr300_cleaned,PFB_ideal,11,11
Orai1WT-MDSnap-Fr300_cleaned,PFL_ideal,11,11
Orai1WT-MDSnap-Fr300_cleaned,PH3_ideal,11,11
Orai1WT-MDSnap-Fr300_cleaned,PHB_ideal,11,11
Orai1WT-MDSnap-Fr300_cleaned,PHE_ideal,11,11
Orai1WT-MDSnap-Fr300_cleaned,PHI_ideal,11,11
Orai1WT-MDSnap-Fr300_cleaned,PHJ_ideal,11,11
Orai1WT-MDSnap-Fr300_cleaned,PHK_ideal,11,11
Orai1WT-MDSnap-Fr300_cleaned,PHL_ideal,11,11
Orai1WT-MDSnap-Fr300_cleaned,PHN_ideal,11,11
Orai1WT-MDSnap-Fr300_cleaned,PHQ_ideal,11,11
Orai1WT-MDSnap-Fr300_cleaned,PHT_ideal,11,11
Orai1WT-MDSnap-Fr300_cleaned,PIH_ideal,11,11
Orai1WT-MDSnap-Fr300_cleaned,PIM_ideal,11,11
Orai1WT-MDSnap-Fr300_cleaned,PIT_ideal,11,11
Orai1WT-MDSnap-Fr300_cleaned,PIU_ideal,11,11
Orai1WT-MDSnap-Fr300_cleaned,PLU_ideal,11,11
Orai1WT-MDSnap-Fr300_cleaned,PMA_ideal,11,11
Orai1WT-MDSnap-Fr300_cleaned,PMB_ideal,11,11
Orai1WT-MDSnap-Fr300_cleaned,PMS_ideal,11,11
Orai1WT-MDSnap-Fr300_cleaned,PN6_ideal,11,11
Orai1WT-MDSnap-Fr300_cleaned,PO4_ideal,11,11
Orai1WT-MDSnap-Fr300_cleaned,PP1_ideal,11,11
Orai1WT-MDSnap-Fr300_cleaned,PP2_ideal,11,11
Orai1WT-MDSnap-Fr300_cleaned,PPK_ideal,11,11
Orai1WT-MDSnap-Fr300_cleaned,PPT_ideal,11,11
Orai1WT-MDSnap-Fr300_cleaned,PPV_ideal,11,11
Orai1WT-MDSnap-Fr300_cleaned,PPY_ideal,11,11
Orai1WT-MDSnap-Fr300_cleaned,PRA_ideal,11,11
Orai1WT-MDSnap-Fr300_cleaned,PRL_ideal,11,11
Orai1WT-MDSnap-Fr300_cleaned,PS5_ideal,11,11
Orai1WT-MDSnap-Fr300_cleaned,PSY_ideal,11,11
Orai1WT-MDSnap-Fr300_cleaned,PTD_ideal,11,11
Orai1WT-MDSnap-Fr300_cleaned,PTU_ideal,11,11
Orai1WT-MDSnap-Fr300_cleaned,PUT_ideal,11,11
Orai1WT-MDSnap-Fr300_cleaned,PYE_ideal,11,11
Orai1WT-MDSnap-Fr300_cleaned,PYU_ideal,11,11
Orai1WT-MDSnap-Fr300_cleaned,PZE_ideal,11,11
Orai1WT-MDSnap-Fr300_cleaned,QA9_ideal,11,11
Orai1WT-MDSnap-Fr300_cleaned,R1F_ideal,11,11
Orai1WT-MDSnap-Fr300_cleaned,RCO_ideal,11,11
Orai1WT-MDSnap-Fr300_cleaned,RCX_ideal,11,11
Orai1WT-MDSnap-Fr300_cleaned,RE2_ideal,11,11
Orai1WT-MDSnap-Fr300_cleaned,RF1_ideal,11,11
Orai1WT-MDSnap-Fr300_cleaned,RF2_ideal,11,11
Orai1WT-MDSnap-Fr300_cleaned,RIS_ideal,11,11
Orai1WT-MDSnap-Fr300_cleaned,RJ6_ideal,11,11
Orai1WT-MDSnap-Fr300_cleaned,RMN_ideal,11,11
Orai1WT-MDSnap-Fr300_cleaned,RNO_ideal,11,11
Orai1WT-MDSnap-Fr300_cleaned,ROK_ideal,11,11
Orai1WT-MDSnap-Fr300_cleaned,RSO_ideal,11,11
Orai1WT-MDSnap-Fr300_cleaned,S3V_ideal,11,11
Orai1WT-MDSnap-Fr300_cleaned,SAN_ideal,11,11
Orai1WT-MDSnap-Fr300_cleaned,SBE_ideal,11,11
Orai1WT-MDSnap-Fr300_cleaned,SBN_ideal,11,11
Orai1WT-MDSnap-Fr300_cleaned,SBO_ideal,11,11
Orai1WT-MDSnap-Fr300_cleaned,SBZ_ideal,11,11
Orai1WT-MDSnap-Fr300_cleaned,SE4_ideal,11,11
Orai1WT-MDSnap-Fr300_cleaned,SFY_ideal,11,11
Orai1WT-MDSnap-Fr300_cleaned,SIF_ideal,11,11
Orai1WT-MDSnap-Fr300_cleaned,SIN_ideal,11,11
Orai1WT-MDSnap-Fr300_cleaned,SMN_ideal,11,11
Orai1WT-MDSnap-Fr300_cleaned,SNO_ideal,11,11
Orai1WT-MDSnap-Fr300_cleaned,SO2_ideal,11,11
Orai1WT-MDSnap-Fr300_cleaned,SO4_ideal,11,11
Orai1WT-MDSnap-Fr300_cleaned,SS2_ideal,11,11
Orai1WT-MDSnap-Fr300_cleaned,STC_ideal,11,11
Orai1WT-MDSnap-Fr300_cleaned,STF_ideal,11,11
Orai1WT-MDSnap-Fr300_cleaned,STL_ideal,11,11
Orai1WT-MDSnap-Fr300_cleaned,SVA_ideal,11,11
Orai1WT-MDSnap-Fr300_cleaned,SXX_ideal,11,11
Orai1WT-MDSnap-Fr300_cleaned,SYR_ideal,11,11
Orai1WT-MDSnap-Fr300_cleaned,T13_ideal,11,11
Orai1WT-MDSnap-Fr300_cleaned,T2D_ideal,11,11
Orai1WT-MDSnap-Fr300_cleaned,T2M_ideal,11,11
Orai1WT-MDSnap-Fr300_cleaned,TAR_ideal,11,11
Orai1WT-MDSnap-Fr300_cleaned,TAS_ideal,11,11
Orai1WT-MDSnap-Fr300_cleaned,TBF_ideal,11,11
Orai1WT-MDSnap-Fr300_cleaned,TBP_ideal,11,11
Orai1WT-MDSnap-Fr300_cleaned,TBU_ideal,11,11
Orai1WT-MDSnap-Fr300_cleaned,TCA_ideal,11,11
Orai1WT-MDSnap-Fr300_cleaned,TCO_ideal,11,11
Orai1WT-MDSnap-Fr300_cleaned,TCV_ideal,11,11
Orai1WT-MDSnap-Fr300_cleaned,TCZ_ideal,11,11
Orai1WT-MDSnap-Fr300_cleaned,TF4_ideal,11,11
Orai1WT-MDSnap-Fr300_cleaned,TF9_ideal,11,11
Orai1WT-MDSnap-Fr300_cleaned,TFL_ideal,11,11
Orai1WT-MDSnap-Fr300_cleaned,TFM_ideal,11,11
Orai1WT-MDSnap-Fr300_cleaned,TFQ_ideal,11,11
Orai1WT-MDSnap-Fr300_cleaned,TIK_ideal,11,11
Orai1WT-MDSnap-Fr300_cleaned,TLA_ideal,11,11
Orai1WT-MDSnap-Fr300_cleaned,TMA_ideal,11,11
Orai1WT-MDSnap-Fr300_cleaned,TMM_ideal,11,11
Orai1WT-MDSnap-Fr300_cleaned,TNE_ideal,11,11
Orai1WT-MDSnap-Fr300_cleaned,TNF_ideal,11,11
Orai1WT-MDSnap-Fr300_cleaned,TNL_ideal,11,11
Orai1WT-MDSnap-Fr300_cleaned,TP0_ideal,11,11
Orai1WT-MDSnap-Fr300_cleaned,TPA_ideal,11,11
Orai1WT-MDSnap-Fr300_cleaned,TPB_ideal,11,11
Orai1WT-MDSnap-Fr300_cleaned,TPR_ideal,11,11
Orai1WT-MDSnap-Fr300_cleaned,TQ5_ideal,11,11
Orai1WT-MDSnap-Fr300_cleaned,TRI_ideal,11,11
Orai1WT-MDSnap-Fr300_cleaned,TRS_ideal,11,11
Orai1WT-MDSnap-Fr300_cleaned,TSU_ideal,11,11
Orai1WT-MDSnap-Fr300_cleaned,TTN_ideal,11,11
Orai1WT-MDSnap-Fr300_cleaned,TYB_ideal,11,11
Orai1WT-MDSnap-Fr300_cleaned,TYC_ideal,11,11
Orai1WT-MDSnap-Fr300_cleaned,TYI_ideal,11,11
Orai1WT-MDSnap-Fr300_cleaned,TYL_ideal,11,11
Orai1WT-MDSnap-Fr300_cleaned,TYR_ideal,11,11
Orai1WT-MDSnap-Fr300_cleaned,TYZ_ideal,11,11
Orai1WT-MDSnap-Fr300_cleaned,U32_ideal,11,11
Orai1WT-MDSnap-Fr300_cleaned,U55_ideal,11,11
Orai1WT-MDSnap-Fr300_cleaned,UA5_ideal,11,11
Orai1WT-MDSnap-Fr300_cleaned,UAS_ideal,11,11
Orai1WT-MDSnap-Fr300_cleaned,UN3_ideal,11,11
Orai1WT-MDSnap-Fr300_cleaned,UQA_ideal,11,11
Orai1WT-MDSnap-Fr300_cleaned,URE_ideal,11,11
Orai1WT-MDSnap-Fr300_cleaned,URS_ideal,11,11
Orai1WT-MDSnap-Fr300_cleaned,V35_ideal,11,11
Orai1WT-MDSnap-Fr300_cleaned,V36_ideal,11,11
Orai1WT-MDSnap-Fr300_cleaned,V4O_ideal,11,11
Orai1WT-MDSnap-Fr300_cleaned,VES_ideal,11,11
Orai1WT-MDSnap-Fr300_cleaned,VII_ideal,11,11
Orai1WT-MDSnap-Fr300_cleaned,VSO_ideal,11,11
Orai1WT-MDSnap-Fr300_cleaned,VVM_ideal,11,11
Orai1WT-MDSnap-Fr300_cleaned,W1P_ideal,11,11
Orai1WT-MDSnap-Fr300_cleaned,WSK_ideal,11,11
Orai1WT-MDSnap-Fr300_cleaned,WWZ_ideal,11,11
Orai1WT-MDSnap-Fr300_cleaned,WYB_ideal,11,11
Orai1WT-MDSnap-Fr300_cleaned,XB2_ideal,11,11
Orai1WT-MDSnap-Fr300_cleaned,XEW_ideal,11,11
Orai1WT-MDSnap-Fr300_cleaned,XP1_ideal,11,11
Orai1WT-MDSnap-Fr300_cleaned,XQZ_ideal,11,11
Orai1WT-MDSnap-Fr300_cleaned,XZ5_ideal,11,11
Orai1WT-MDSnap-Fr300_cleaned,YAN_ideal,11,11
Orai1WT-MDSnap-Fr300_cleaned,YPQ_ideal,11,11
Orai1WT-MDSnap-Fr300_cleaned,YRL_ideal,11,11
Orai1WT-MDSnap-Fr300_cleaned,YTT_ideal,11,11
Orai1WT-MDSnap-Fr300_cleaned,YTZ_ideal,11,11
Orai1WT-MDSnap-Fr300_cleaned,ZHZ_ideal,11,11
Orai1WT-MDSnap-Fr300_cleaned,ZOL_ideal,11,11
Orai1WT-MDSnap-Fr300_cleaned,ZYS_ideal,11,11
Orai1WT-MDSnap-Fr300_cleaned,ZYX_ideal,11,11
Orai1WT-MDSnap-Fr400_cleaned,007_ideal,11,11
Orai1WT-MDSnap-Fr400_cleaned,010_ideal,11,11
Orai1WT-MDSnap-Fr400_cleaned,08D_ideal,11,11
Orai1WT-MDSnap-Fr400_cleaned,0A9_ideal,11,11
Orai1WT-MDSnap-Fr400_cleaned,13X_ideal,11,11
Orai1WT-MDSnap-Fr400_cleaned,144_ideal,11,11
Orai1WT-MDSnap-Fr400_cleaned,150_ideal,11,11
Orai1WT-MDSnap-Fr400_cleaned,152_ideal,11,11
Orai1WT-MDSnap-Fr400_cleaned,171_ideal,11,11
Orai1WT-MDSnap-Fr400_cleaned,173_ideal,11,11
Orai1WT-MDSnap-Fr400_cleaned,174_ideal,11,11
Orai1WT-MDSnap-Fr400_cleaned,178_ideal,11,11
Orai1WT-MDSnap-Fr400_cleaned,1AL_ideal,11,11
Orai1WT-MDSnap-Fr400_cleaned,1BN_ideal,11,11
Orai1WT-MDSnap-Fr400_cleaned,1CM_ideal,11,11
Orai1WT-MDSnap-Fr400_cleaned,1CY_ideal,11,11
Orai1WT-MDSnap-Fr400_cleaned,1JZ_ideal,11,11
Orai1WT-MDSnap-Fr400_cleaned,1K5_ideal,11,11
Orai1WT-MDSnap-Fr400_cleaned,1OH_ideal,11,11
Orai1WT-MDSnap-Fr400_cleaned,1PC_ideal,11,11
Orai1WT-MDSnap-Fr400_cleaned,1WE_ideal,11,11
Orai1WT-MDSnap-Fr400_cleaned,201_ideal,11,11
Orai1WT-MDSnap-Fr400_cleaned,205_ideal,11,11
Orai1WT-MDSnap-Fr400_cleaned,210_ideal,11,11
Orai1WT-MDSnap-Fr400_cleaned,21B_ideal,11,11
Orai1WT-MDSnap-Fr400_cleaned,221_ideal,11,11
Orai1WT-MDSnap-Fr400_cleaned,22F_ideal,11,11
Orai1WT-MDSnap-Fr400_cleaned,231_ideal,11,11
Orai1WT-MDSnap-Fr400_cleaned,23F_ideal,11,11
Orai1WT-MDSnap-Fr400_cleaned,251_ideal,11,11
Orai1WT-MDSnap-Fr400_cleaned,256_ideal,11,11
Orai1WT-MDSnap-Fr400_cleaned,268_ideal,11,11
Orai1WT-MDSnap-Fr400_cleaned,269_ideal,11,11
Orai1WT-MDSnap-Fr400_cleaned,26C_ideal,11,11
Orai1WT-MDSnap-Fr400_cleaned,270_ideal,11,11
Orai1WT-MDSnap-Fr400_cleaned,283_ideal,11,11
Orai1WT-MDSnap-Fr400_cleaned,299_ideal,11,11
Orai1WT-MDSnap-Fr400_cleaned,2C7_ideal,11,11
Orai1WT-MDSnap-Fr400_cleaned,2H3_ideal,11,11
Orai1WT-MDSnap-Fr400_cleaned,2HA_ideal,11,11
Orai1WT-MDSnap-Fr400_cleaned,2HP_ideal,11,11
Orai1WT-MDSnap-Fr400_cleaned,2OH_ideal,11,11
Orai1WT-MDSnap-Fr400_cleaned,328_ideal,11,11
Orai1WT-MDSnap-Fr400_cleaned,36M_ideal,11,11
Orai1WT-MDSnap-Fr400_cleaned,3FG_ideal,11,11
Orai1WT-MDSnap-Fr400_cleaned,3G3_ideal,11,11
Orai1WT-MDSnap-Fr400_cleaned,3HG_ideal,11,11
Orai1WT-MDSnap-Fr400_cleaned,3IM_ideal,11,11
Orai1WT-MDSnap-Fr400_cleaned,3MI_ideal,11,11
Orai1WT-MDSnap-Fr400_cleaned,3PO_ideal,11,11
Orai1WT-MDSnap-Fr400_cleaned,3RL_ideal,11,11
Orai1WT-MDSnap-Fr400_cleaned,3SY_ideal,11,11
Orai1WT-MDSnap-Fr400_cleaned,416_ideal,11,11
Orai1WT-MDSnap-Fr400_cleaned,41A_ideal,11,11
Orai1WT-MDSnap-Fr400_cleaned,44B_ideal,11,11
Orai1WT-MDSnap-Fr400_cleaned,4AZ_ideal,11,11
Orai1WT-MDSnap-Fr400_cleaned,4BB_ideal,11,11
Orai1WT-MDSnap-Fr400_cleaned,4BR_ideal,11,11
Orai1WT-MDSnap-Fr400_cleaned,4BZ_ideal,11,11
Orai1WT-MDSnap-Fr400_cleaned,4CB_ideal,11,11
Orai1WT-MDSnap-Fr400_cleaned,4CH_ideal,11,11
Orai1WT-MDSnap-Fr400_cleaned,4FA_ideal,11,11
Orai1WT-MDSnap-Fr400_cleaned,4FC_ideal,11,11
Orai1WT-MDSnap-Fr400_cleaned,4FP_ideal,11,11
Orai1WT-MDSnap-Fr400_cleaned,4J8_ideal,11,11
Orai1WT-MDSnap-Fr400_cleaned,4KS_ideal,11,11
Orai1WT-MDSnap-Fr400_cleaned,4MB_ideal,11,11
Orai1WT-MDSnap-Fr400_cleaned,4ND_ideal,11,11
Orai1WT-MDSnap-Fr400_cleaned,4NL_ideal,11,11
Orai1WT-MDSnap-Fr400_cleaned,4NP_ideal,11,11
Orai1WT-MDSnap-Fr400_cleaned,4PG_ideal,11,11
Orai1WT-MDSnap-Fr400_cleaned,4PI_ideal,11,11
Orai1WT-MDSnap-Fr400_cleaned,4PN_ideal,11,11
Orai1WT-MDSnap-Fr400_cleaned,4SM_ideal,11,11
Orai1WT-MDSnap-Fr400_cleaned,4SO_ideal,11,11
Orai1WT-MDSnap-Fr400_cleaned,505_ideal,11,11
Orai1WT-MDSnap-Fr400_cleaned,521_ideal,11,11
Orai1WT-MDSnap-Fr400_cleaned,566_ideal,11,11
Orai1WT-MDSnap-Fr400_cleaned,572_ideal,11,11
Orai1WT-MDSnap-Fr400_cleaned,5AN_ideal,11,11
Orai1WT-MDSnap-Fr400_cleaned,5B3_ideal,11,11
Orai1WT-MDSnap-Fr400_cleaned,641_ideal,11,11
Orai1WT-MDSnap-Fr400_cleaned,6BD_ideal,11,11
Orai1WT-MDSnap-Fr400_cleaned,6LH_ideal,11,11
Orai1WT-MDSnap-Fr400_cleaned,6LR_ideal,11,11
Orai1WT-MDSnap-Fr400_cleaned,6WT_ideal,11,11
Orai1WT-MDSnap-Fr400_cleaned,787_ideal,11,11
Orai1WT-MDSnap-Fr400_cleaned,791_ideal,11,11
Orai1WT-MDSnap-Fr400_cleaned,7BD_ideal,11,11
Orai1WT-MDSnap-Fr400_cleaned,7N8_ideal,11,11
Orai1WT-MDSnap-Fr400_cleaned,7TI_ideal,11,11
Orai1WT-MDSnap-Fr400_cleaned,80G_ideal,11,11
Orai1WT-MDSnap-Fr400_cleaned,911_ideal,11,11
Orai1WT-MDSnap-Fr400_cleaned,92G_ideal,11,11
Orai1WT-MDSnap-Fr400_cleaned,949_ideal,11,11
Orai1WT-MDSnap-Fr400_cleaned,9CA_ideal,11,11
Orai1WT-MDSnap-Fr400_cleaned,9Y6_ideal,11,11
Orai1WT-MDSnap-Fr400_cleaned,A1AIA_ideal,11,11
Orai1WT-MDSnap-Fr400_cleaned,A1AIK_ideal,11,11
Orai1WT-MDSnap-Fr400_cleaned,A1AT0_ideal,11,11
Orai1WT-MDSnap-Fr400_cleaned,A1CR0_ideal,11,11
Orai1WT-MDSnap-Fr400_cleaned,A1EEY_ideal,11,11
Orai1WT-MDSnap-Fr400_cleaned,A1IPI_ideal,11,11
Orai1WT-MDSnap-Fr400_cleaned,A1JBL_ideal,11,11
Orai1WT-MDSnap-Fr400_cleaned,A1LWH_ideal,11,11
Orai1WT-MDSnap-Fr400_cleaned,A26_ideal,11,11
Orai1WT-MDSnap-Fr400_cleaned,A3M_ideal,11,11
Orai1WT-MDSnap-Fr400_cleaned,A41_ideal,11,11
Orai1WT-MDSnap-Fr400_cleaned,A56_ideal,11,11
Orai1WT-MDSnap-Fr400_cleaned,AAN_ideal,11,11
Orai1WT-MDSnap-Fr400_cleaned,ABN_ideal,11,11
Orai1WT-MDSnap-Fr400_cleaned,AC0_ideal,11,11
Orai1WT-MDSnap-Fr400_cleaned,AC5_ideal,11,11
Orai1WT-MDSnap-Fr400_cleaned,ACH_ideal,11,11
Orai1WT-MDSnap-Fr400_cleaned,ADB_ideal,11,11
Orai1WT-MDSnap-Fr400_cleaned,AEF_ideal,11,11
Orai1WT-MDSnap-Fr400_cleaned,AES_ideal,11,11
Orai1WT-MDSnap-Fr400_cleaned,AHC_ideal,11,11
Orai1WT-MDSnap-Fr400_cleaned,AL2_ideal,11,11
Orai1WT-MDSnap-Fr400_cleaned,ALC_ideal,11,11
Orai1WT-MDSnap-Fr400_cleaned,ALF_ideal,11,11
Orai1WT-MDSnap-Fr400_cleaned,ALQ_ideal,11,11
Orai1WT-MDSnap-Fr400_cleaned,ALR_ideal,11,11
Orai1WT-MDSnap-Fr400_cleaned,AM4_ideal,11,11
Orai1WT-MDSnap-Fr400_cleaned,AMC_ideal,11,11
Orai1WT-MDSnap-Fr400_cleaned,AN1_ideal,11,11
Orai1WT-MDSnap-Fr400_cleaned,ANL_ideal,11,11
Orai1WT-MDSnap-Fr400_cleaned,ANN_ideal,11,11
Orai1WT-MDSnap-Fr400_cleaned,APF_ideal,11,11
Orai1WT-MDSnap-Fr400_cleaned,APG_ideal,11,11
Orai1WT-MDSnap-Fr400_cleaned,APL_ideal,11,11
Orai1WT-MDSnap-Fr400_cleaned,ARL_ideal,11,11
Orai1WT-MDSnap-Fr400_cleaned,ASR_ideal,11,11
Orai1WT-MDSnap-Fr400_cleaned,AST_ideal,11,11
Orai1WT-MDSnap-Fr400_cleaned,AX3_ideal,11,11
Orai1WT-MDSnap-Fr400_cleaned,B1T_ideal,11,11
Orai1WT-MDSnap-Fr400_cleaned,B1V_ideal,11,11
Orai1WT-MDSnap-Fr400_cleaned,B2F_ideal,11,11
Orai1WT-MDSnap-Fr400_cleaned,B40_ideal,11,11
Orai1WT-MDSnap-Fr400_cleaned,BAS_ideal,11,11
Orai1WT-MDSnap-Fr400_cleaned,BBS_ideal,11,11
Orai1WT-MDSnap-Fr400_cleaned,BBT_ideal,11,11
Orai1WT-MDSnap-Fr400_cleaned,BC1_ideal,11,11
Orai1WT-MDSnap-Fr400_cleaned,BCE_ideal,11,11
Orai1WT-MDSnap-Fr400_cleaned,BDB_ideal,11,11
Orai1WT-MDSnap-Fr400_cleaned,BEK_ideal,11,11
Orai1WT-MDSnap-Fr400_cleaned,BET_ideal,11,11
Orai1WT-MDSnap-Fr400_cleaned,BEZ_ideal,11,11
Orai1WT-MDSnap-Fr400_cleaned,BFD_ideal,11,11
Orai1WT-MDSnap-Fr400_cleaned,BFL_ideal,11,11
Orai1WT-MDSnap-Fr400_cleaned,BHO_ideal,11,11
Orai1WT-MDSnap-Fr400_cleaned,BHQ_ideal,11,11
Orai1WT-MDSnap-Fr400_cleaned,BIF_ideal,11,11
Orai1WT-MDSnap-Fr400_cleaned,BIH_ideal,11,11
Orai1WT-MDSnap-Fr400_cleaned,BIP_ideal,11,11
Orai1WT-MDSnap-Fr400_cleaned,BMU_ideal,11,11
Orai1WT-MDSnap-Fr400_cleaned,BNF_ideal,11,11
Orai1WT-MDSnap-Fr400_cleaned,BNS_ideal,11,11
Orai1WT-MDSnap-Fr400_cleaned,BO3_ideal,11,11
Orai1WT-MDSnap-Fr400_cleaned,BOS_ideal,11,11
Orai1WT-MDSnap-Fr400_cleaned,BP4_ideal,11,11
Orai1WT-MDSnap-Fr400_cleaned,BP6_ideal,11,11
Orai1WT-MDSnap-Fr400_cleaned,BPZ_ideal,11,11
Orai1WT-MDSnap-Fr400_cleaned,BRB_ideal,11,11
Orai1WT-MDSnap-Fr400_cleaned,BRV_ideal,11,11
Orai1WT-MDSnap-Fr400_cleaned,BS4_ideal,11,11
Orai1WT-MDSnap-Fr400_cleaned,BSB_ideal,11,11
Orai1WT-MDSnap-Fr400_cleaned,BSU_ideal,11,11
Orai1WT-MDSnap-Fr400_cleaned,BTL_ideal,11,11
Orai1WT-MDSnap-Fr400_cleaned,BTP_ideal,11,11
Orai1WT-MDSnap-Fr400_cleaned,BU1_ideal,11,11
Orai1WT-MDSnap-Fr400_cleaned,BUM_ideal,11,11
Orai1WT-MDSnap-Fr400_cleaned,BZM_ideal,11,11
Orai1WT-MDSnap-Fr400_cleaned,BZQ_ideal,11,11
Orai1WT-MDSnap-Fr400_cleaned,C1R_ideal,11,11
Orai1WT-MDSnap-Fr400_cleaned,C5U_ideal,11,11
Orai1WT-MDSnap-Fr400_cleaned,CAD_ideal,11,11
Orai1WT-MDSnap-Fr400_cleaned,CAQ_ideal,11,11
Orai1WT-MDSnap-Fr400_cleaned,CAX_ideal,11,11
Orai1WT-MDSnap-Fr400_cleaned,CBQ_ideal,11,11
Orai1WT-MDSnap-Fr400_cleaned,CCB_ideal,11,11
Orai1WT-MDSnap-Fr400_cleaned,CCE_ideal,11,11
Orai1WT-MDSnap-Fr400_cleaned,CDX_ideal,11,11
Orai1WT-MDSnap-Fr400_cleaned,CEQ_ideal,11,11
Orai1WT-MDSnap-Fr400_cleaned,CHT_ideal,11,11
Orai1WT-MDSnap-Fr400_cleaned,CHZ_ideal,11,11
Orai1WT-MDSnap-Fr400_cleaned,CIU_ideal,11,11
Orai1WT-MDSnap-Fr400_cleaned,CK4_ideal,11,11
Orai1WT-MDSnap-Fr400_cleaned,CLT_ideal,11,11
Orai1WT-MDSnap-Fr400_cleaned,CLU_ideal,11,11
Orai1WT-MDSnap-Fr400_cleaned,CLX_ideal,11,11
Orai1WT-MDSnap-Fr400_cleaned,CNH_ideal,11,11
Orai1WT-MDSnap-Fr400_cleaned,CO2_ideal,11,11
Orai1WT-MDSnap-Fr400_cleaned,CO3_ideal,11,11
Orai1WT-MDSnap-Fr400_cleaned,COX_ideal,11,11
Orai1WT-MDSnap-Fr400_cleaned,CP5_ideal,11,11
Orai1WT-MDSnap-Fr400_cleaned,CPZ_ideal,11,11
Orai1WT-MDSnap-Fr400_cleaned,CRZ_ideal,11,11
Orai1WT-MDSnap-Fr400_cleaned,CUL_ideal,11,11
Orai1WT-MDSnap-Fr400_cleaned,CVB_ideal,11,11
Orai1WT-MDSnap-Fr400_cleaned,CXF_ideal,11,11
Orai1WT-MDSnap-Fr400_cleaned,CXL_ideal,11,11
Orai1WT-MDSnap-Fr400_cleaned,CXP_ideal,11,11
Orai1WT-MDSnap-Fr400_cleaned,CYH_ideal,11,11
Orai1WT-MDSnap-Fr400_cleaned,D1D_ideal,11,11
Orai1WT-MDSnap-Fr400_cleaned,D4G_ideal,11,11
Orai1WT-MDSnap-Fr400_cleaned,D4P_ideal,11,11
Orai1WT-MDSnap-Fr400_cleaned,D8W_ideal,11,11
Orai1WT-MDSnap-Fr400_cleaned,DBA_ideal,11,11
Orai1WT-MDSnap-Fr400_cleaned,DBE_ideal,11,11
Orai1WT-MDSnap-Fr400_cleaned,DBF_ideal,11,11
Orai1WT-MDSnap-Fr400_cleaned,DBY_ideal,11,11
Orai1WT-MDSnap-Fr400_cleaned,DCD_ideal,11,11
Orai1WT-MDSnap-Fr400_cleaned,DCO_ideal,11,11
Orai1WT-MDSnap-Fr400_cleaned,DDP_ideal,11,11
Orai1WT-MDSnap-Fr400_cleaned,DEP_ideal,11,11
Orai1WT-MDSnap-Fr400_cleaned,DES_ideal,11,11
Orai1WT-MDSnap-Fr400_cleaned,DFA_ideal,11,11
Orai1WT-MDSnap-Fr400_cleaned,DFP_ideal,11,11
Orai1WT-MDSnap-Fr400_cleaned,DHR_ideal,11,11
Orai1WT-MDSnap-Fr400_cleaned,DIF_ideal,11,11
Orai1WT-MDSnap-Fr400_cleaned,DII_ideal,11,11
Orai1WT-MDSnap-Fr400_cleaned,DIO_ideal,11,11
Orai1WT-MDSnap-Fr400_cleaned,DMB_ideal,11,11
Orai1WT-MDSnap-Fr400_cleaned,DMF_ideal,11,11
Orai1WT-MDSnap-Fr400_cleaned,DMS_ideal,11,11
Orai1WT-MDSnap-Fr400_cleaned,DMW_ideal,11,11
Orai1WT-MDSnap-Fr400_cleaned,DMZ_ideal,11,11
Orai1WT-MDSnap-Fr400_cleaned,DNQ_ideal,11,11
Orai1WT-MDSnap-Fr400_cleaned,DP4_ideal,11,11
Orai1WT-MDSnap-Fr400_cleaned,DPJ_ideal,11,11
Orai1WT-MDSnap-Fr400_cleaned,DPN_ideal,11,11
Orai1WT-MDSnap-Fr400_cleaned,DPT_ideal,11,11
Orai1WT-MDSnap-Fr400_cleaned,DQN_ideal,11,11
Orai1WT-MDSnap-Fr400_cleaned,DSM_ideal,11,11
Orai1WT-MDSnap-Fr400_cleaned,DTD_ideal,11,11
Orai1WT-MDSnap-Fr400_cleaned,DTL_ideal,11,11
Orai1WT-MDSnap-Fr400_cleaned,DTY_ideal,11,11
Orai1WT-MDSnap-Fr400_cleaned,DXE_ideal,11,11
Orai1WT-MDSnap-Fr400_cleaned,DXX_ideal,11,11
Orai1WT-MDSnap-Fr400_cleaned,DZ1_ideal,11,11
Orai1WT-MDSnap-Fr400_cleaned,DZ2_ideal,11,11
Orai1WT-MDSnap-Fr400_cleaned,DZ3_ideal,11,11
Orai1WT-MDSnap-Fr400_cleaned,DZZ_ideal,11,11
Orai1WT-MDSnap-Fr400_cleaned,E1P_ideal,11,11
Orai1WT-MDSnap-Fr400_cleaned,E4B_ideal,11,11
Orai1WT-MDSnap-Fr400_cleaned,EAO_ideal,11,11
Orai1WT-MDSnap-Fr400_cleaned,EDN_ideal,11,11
Orai1WT-MDSnap-Fr400_cleaned,EF6_ideal,11,11
Orai1WT-MDSnap-Fr400_cleaned,EI3_ideal,11,11
Orai1WT-MDSnap-Fr400_cleaned,EMR_ideal,11,11
Orai1WT-MDSnap-Fr400_cleaned,ENO_ideal,11,11
Orai1WT-MDSnap-Fr400_cleaned,EOU_ideal,11,11
Orai1WT-MDSnap-Fr400_cleaned,ESA_ideal,11,11
Orai1WT-MDSnap-Fr400_cleaned,ETF_ideal,11,11
Orai1WT-MDSnap-Fr400_cleaned,ETM_ideal,11,11
Orai1WT-MDSnap-Fr400_cleaned,ETZ_ideal,11,11
Orai1WT-MDSnap-Fr400_cleaned,EYK_ideal,11,11
Orai1WT-MDSnap-Fr400_cleaned,F3F_ideal,11,11
Orai1WT-MDSnap-Fr400_cleaned,F6B_ideal,11,11
Orai1WT-MDSnap-Fr400_cleaned,FAC_ideal,11,11
Orai1WT-MDSnap-Fr400_cleaned,FBA_ideal,11,11
Orai1WT-MDSnap-Fr400_cleaned,FBC_ideal,11,11
Orai1WT-MDSnap-Fr400_cleaned,FBS_ideal,11,11
Orai1WT-MDSnap-Fr400_cleaned,FBT_ideal,11,11
Orai1WT-MDSnap-Fr400_cleaned,FBU_ideal,11,11
Orai1WT-MDSnap-Fr400_cleaned,FCR_ideal,11,11
Orai1WT-MDSnap-Fr400_cleaned,FFB_ideal,11,11
Orai1WT-MDSnap-Fr400_cleaned,FGL_ideal,11,11
Orai1WT-MDSnap-Fr400_cleaned,FHC_ideal,11,11
Orai1WT-MDSnap-Fr400_cleaned,FLA_ideal,11,11
Orai1WT-MDSnap-Fr400_cleaned,FNP_ideal,11,11
Orai1WT-MDSnap-Fr400_cleaned,FOS_ideal,11,11
Orai1WT-MDSnap-Fr400_cleaned,FPI_ideal,11,11
Orai1WT-MDSnap-Fr400_cleaned,FPO_ideal,11,11
Orai1WT-MDSnap-Fr400_cleaned,FUM_ideal,11,11
Orai1WT-MDSnap-Fr400_cleaned,G1L_ideal,11,11
Orai1WT-MDSnap-Fr400_cleaned,G2H_ideal,11,11
Orai1WT-MDSnap-Fr400_cleaned,G50_ideal,11,11
Orai1WT-MDSnap-Fr400_cleaned,GAI_ideal,11,11
Orai1WT-MDSnap-Fr400_cleaned,GB5_ideal,11,11
Orai1WT-MDSnap-Fr400_cleaned,GBN_ideal,11,11
Orai1WT-MDSnap-Fr400_cleaned,GBS_ideal,11,11
Orai1WT-MDSnap-Fr400_cleaned,GD7_ideal,11,11
Orai1WT-MDSnap-Fr400_cleaned,GD8_ideal,11,11
Orai1WT-MDSnap-Fr400_cleaned,GG5_ideal,11,11
Orai1WT-MDSnap-Fr400_cleaned,GHP_ideal,11,11
Orai1WT-MDSnap-Fr400_cleaned,GJZ_ideal,11,11
Orai1WT-MDSnap-Fr400_cleaned,GOL_ideal,11,11
Orai1WT-MDSnap-Fr400_cleaned,GP6_ideal,11,11
Orai1WT-MDSnap-Fr400_cleaned,GUA_ideal,11,11
Orai1WT-MDSnap-Fr400_cleaned,GVC_ideal,11,11
Orai1WT-MDSnap-Fr400_cleaned,GVN_ideal,11,11
Orai1WT-MDSnap-Fr400_cleaned,GVO_ideal,11,11
Orai1WT-MDSnap-Fr400_cleaned,GVQ_ideal,11,11
Orai1WT-MDSnap-Fr400_cleaned,GZB_ideal,11,11
Orai1WT-MDSnap-Fr400_cleaned,H11_ideal,11,11
Orai1WT-MDSnap-Fr400_cleaned,H3P_ideal,11,11
Orai1WT-MDSnap-Fr400_cleaned,HAI_ideal,11,11
Orai1WT-MDSnap-Fr400_cleaned,HBA_ideal,11,11
Orai1WT-MDSnap-Fr400_cleaned,HC4_ideal,11,11
Orai1WT-MDSnap-Fr400_cleaned,HCI_ideal,11,11
Orai1WT-MDSnap-Fr400_cleaned,HFA_ideal,11,11
Orai1WT-MDSnap-Fr400_cleaned,HFT_ideal,11,11
Orai1WT-MDSnap-Fr400_cleaned,HG0_ideal,11,11
Orai1WT-MDSnap-Fr400_cleaned,HGB_ideal,11,11
Orai1WT-MDSnap-Fr400_cleaned,HHH_ideal,11,11
Orai1WT-MDSnap-Fr400_cleaned,HLT_ideal,11,11
Orai1WT-MDSnap-Fr400_cleaned,HPH_ideal,11,11
Orai1WT-MDSnap-Fr400_cleaned,HPP_ideal,11,11
Orai1WT-MDSnap-Fr400_cleaned,HPQ_ideal,11,11
Orai1WT-MDSnap-Fr400_cleaned,HPS_ideal,11,11
Orai1WT-MDSnap-Fr400_cleaned,HQE_ideal,11,11
Orai1WT-MDSnap-Fr400_cleaned,HQQ_ideal,11,11
Orai1WT-MDSnap-Fr400_cleaned,HS6_ideal,11,11
Orai1WT-MDSnap-Fr400_cleaned,HS7_ideal,11,11
Orai1WT-MDSnap-Fr400_cleaned,HXP_ideal,11,11
Orai1WT-MDSnap-Fr400_cleaned,HY1_ideal,11,11
Orai1WT-MDSnap-Fr400_cleaned,I15_ideal,11,11
Orai1WT-MDSnap-Fr400_cleaned,IBO_ideal,11,11
Orai1WT-MDSnap-Fr400_cleaned,IBP_ideal,11,11
Orai1WT-MDSnap-Fr400_cleaned,IC1_ideal,11,11
Orai1WT-MDSnap-Fr400_cleaned,ICF_ideal,11,11
Orai1WT-MDSnap-Fr400_cleaned,IET_ideal,11,11
Orai1WT-MDSnap-Fr400_cleaned,IFP_ideal,11,11
Orai1WT-MDSnap-Fr400_cleaned,IGL_ideal,11,11
Orai1WT-MDSnap-Fr400_cleaned,ILW_ideal,11,11
Orai1WT-MDSnap-Fr400_cleaned,INV_ideal,11,11
Orai1WT-MDSnap-Fr400_cleaned,IOE_ideal,11,11
Orai1WT-MDSnap-Fr400_cleaned,IOF_ideal,11,11
Orai1WT-MDSnap-Fr400_cleaned,IOL_ideal,11,11
Orai1WT-MDSnap-Fr400_cleaned,IOY_ideal,11,11
Orai1WT-MDSnap-Fr400_cleaned,IPA_ideal,11,11
Orai1WT-MDSnap-Fr400_cleaned,IPH_ideal,11,11
Orai1WT-MDSnap-Fr400_cleaned,IS2_ideal,11,11
Orai1WT-MDSnap-Fr400_cleaned,ISA_ideal,11,11
Orai1WT-MDSnap-Fr400_cleaned,ISO_ideal,11,11
Orai1WT-MDSnap-Fr400_cleaned,ISP_ideal,11,11
Orai1WT-MDSnap-Fr400_cleaned,IXX_ideal,11,11
Orai1WT-MDSnap-Fr400_cleaned,J5Z_ideal,11,11
Orai1WT-MDSnap-Fr400_cleaned,JAL_ideal,11,11
Orai1WT-MDSnap-Fr400_cleaned,JBC_ideal,11,11
Orai1WT-MDSnap-Fr400_cleaned,K94_ideal,11,11
Orai1WT-MDSnap-Fr400_cleaned,KZF_ideal,11,11
Orai1WT-MDSnap-Fr400_cleaned,L02_ideal,11,11
Orai1WT-MDSnap-Fr400_cleaned,LAZ_ideal,11,11
Orai1WT-MDSnap-Fr400_cleaned,LCO_ideal,11,11
Orai1WT-MDSnap-Fr400_cleaned,LCP_ideal,11,11
Orai1WT-MDSnap-Fr400_cleaned,LJ1_ideal,11,11
Orai1WT-MDSnap-Fr400_cleaned,LJ2_ideal,11,11
Orai1WT-MDSnap-Fr400_cleaned,LJ3_ideal,11,11
Orai1WT-MDSnap-Fr400_cleaned,LJ4_ideal,11,11
Orai1WT-MDSnap-Fr400_cleaned,LJ5_ideal,11,11
Orai1WT-MDSnap-Fr400_cleaned,LL2_ideal,11,11
Orai1WT-MDSnap-Fr400_cleaned,LZ4_ideal,11,11
Orai1WT-MDSnap-Fr400_cleaned,LZ8_ideal,11,11
Orai1WT-MDSnap-Fr400_cleaned,LZE_ideal,11,11
Orai1WT-MDSnap-Fr400_cleaned,LZJ_ideal,11,11
Orai1WT-MDSnap-Fr400_cleaned,LZK_ideal,11,11
Orai1WT-MDSnap-Fr400_cleaned,M0N_ideal,11,11
Orai1WT-MDSnap-Fr400_cleaned,M25_ideal,11,11
Orai1WT-MDSnap-Fr400_cleaned,M28_ideal,11,11
Orai1WT-MDSnap-Fr400_cleaned,MAE_ideal,11,11
Orai1WT-MDSnap-Fr400_cleaned,MAH_ideal,11,11
Orai1WT-MDSnap-Fr400_cleaned,MAK_ideal,11,11
Orai1WT-MDSnap-Fr400_cleaned,MBN_ideal,11,11
Orai1WT-MDSnap-Fr400_cleaned,MBO_ideal,11,11
Orai1WT-MDSnap-Fr400_cleaned,MBT_ideal,11,11
Orai1WT-MDSnap-Fr400_cleaned,MD7_ideal,11,11
Orai1WT-MDSnap-Fr400_cleaned,MDD_ideal,11,11
Orai1WT-MDSnap-Fr400_cleaned,MDN_ideal,11,11
Orai1WT-MDSnap-Fr400_cleaned,MES_ideal,11,11
Orai1WT-MDSnap-Fr400_cleaned,MF3_ideal,11,11
Orai1WT-MDSnap-Fr400_cleaned,MFG_ideal,11,11
Orai1WT-MDSnap-Fr400_cleaned,MGR_ideal,11,11
Orai1WT-MDSnap-Fr400_cleaned,MLA_ideal,11,11
Orai1WT-MDSnap-Fr400_cleaned,MLI_ideal,11,11
Orai1WT-MDSnap-Fr400_cleaned,MM3_ideal,11,11
Orai1WT-MDSnap-Fr400_cleaned,MMQ_ideal,11,11
Orai1WT-MDSnap-Fr400_cleaned,MNN_ideal,11,11
Orai1WT-MDSnap-Fr400_cleaned,MNY_ideal,11,11
Orai1WT-MDSnap-Fr400_cleaned,MOO_ideal,11,11
Orai1WT-MDSnap-Fr400_cleaned,MOS_ideal,11,11
Orai1WT-MDSnap-Fr400_cleaned,MPB_ideal,11,11
Orai1WT-MDSnap-Fr400_cleaned,MPO_ideal,11,11
Orai1WT-MDSnap-Fr400_cleaned,MPX_ideal,11,11
Orai1WT-MDSnap-Fr400_cleaned,MR4_ideal,11,11
Orai1WT-MDSnap-Fr400_cleaned,MR5_ideal,11,11
Orai1WT-MDSnap-Fr400_cleaned,MR6_ideal,11,11
Orai1WT-MDSnap-Fr400_cleaned,MRE_ideal,11,11
Orai1WT-MDSnap-Fr400_cleaned,MSB_ideal,11,11
Orai1WT-MDSnap-Fr400_cleaned,MSR_ideal,11,11
Orai1WT-MDSnap-Fr400_cleaned,MTN_ideal,11,11
Orai1WT-MDSnap-Fr400_cleaned,MXT_ideal,11,11
Orai1WT-MDSnap-Fr400_cleaned,N2P_ideal,11,11
Orai1WT-MDSnap-Fr400_cleaned,N4E_ideal,11,11
Orai1WT-MDSnap-Fr400_cleaned,N5B_ideal,11,11
Orai1WT-MDSnap-Fr400_cleaned,N6W_ideal,11,11
Orai1WT-MDSnap-Fr400_cleaned,NAF_ideal,11,11
Orai1WT-MDSnap-Fr400_cleaned,NBU_ideal,11,11
Orai1WT-MDSnap-Fr400_cleaned,NDD_ideal,11,11
Orai1WT-MDSnap-Fr400_cleaned,NEN_ideal,11,11
Orai1WT-MDSnap-Fr400_cleaned,NEQ_ideal,11,11
Orai1WT-MDSnap-Fr400_cleaned,NET_ideal,11,11
Orai1WT-MDSnap-Fr400_cleaned,NFA_ideal,11,11
Orai1WT-MDSnap-Fr400_cleaned,NHE_ideal,11,11
Orai1WT-MDSnap-Fr400_cleaned,NIN_ideal,11,11
Orai1WT-MDSnap-Fr400_cleaned,NIZ_ideal,11,11
Orai1WT-MDSnap-Fr400_cleaned,NNB_ideal,11,11
Orai1WT-MDSnap-Fr400_cleaned,NNC_ideal,11,11
Orai1WT-MDSnap-Fr400_cleaned,NNI_ideal,11,11
Orai1WT-MDSnap-Fr400_cleaned,NO3_ideal,11,11
Orai1WT-MDSnap-Fr400_cleaned,NPO_ideal,11,11
Orai1WT-MDSnap-Fr400_cleaned,NTD_ideal,11,11
Orai1WT-MDSnap-Fr400_cleaned,NYL_ideal,11,11
Orai1WT-MDSnap-Fr400_cleaned,ODS_ideal,11,11
Orai1WT-MDSnap-Fr400_cleaned,OMO_ideal,11,11
Orai1WT-MDSnap-Fr400_cleaned,OPP_ideal,11,11
Orai1WT-MDSnap-Fr400_cleaned,OSP_ideal,11,11
Orai1WT-MDSnap-Fr400_cleaned,OX3_ideal,11,11
Orai1WT-MDSnap-Fr400_cleaned,OX5_ideal,11,11
Orai1WT-MDSnap-Fr400_cleaned,OX6_ideal,11,11
Orai1WT-MDSnap-Fr400_cleaned,OX7_ideal,11,11
Orai1WT-MDSnap-Fr400_cleaned,OXC_ideal,11,11
Orai1WT-MDSnap-Fr400_cleaned,OXD_ideal,11,11
Orai1WT-MDSnap-Fr400_cleaned,P2Z_ideal,11,11
Orai1WT-MDSnap-Fr400_cleaned,PAB_ideal,11,11
Orai1WT-MDSnap-Fr400_cleaned,PAC_ideal,11,11
Orai1WT-MDSnap-Fr400_cleaned,PB2_ideal,11,11
Orai1WT-MDSnap-Fr400_cleaned,PBA_ideal,11,11
Orai1WT-MDSnap-Fr400_cleaned,PBC_ideal,11,11
Orai1WT-MDSnap-Fr400_cleaned,PBN_ideal,11,11
Orai1WT-MDSnap-Fr400_cleaned,PBR_ideal,11,11
Orai1WT-MDSnap-Fr400_cleaned,PCB_ideal,11,11
Orai1WT-MDSnap-Fr400_cleaned,PCQ_ideal,11,11
Orai1WT-MDSnap-Fr400_cleaned,PCR_ideal,11,11
Orai1WT-MDSnap-Fr400_cleaned,PCS_ideal,11,11
Orai1WT-MDSnap-Fr400_cleaned,PC_ideal,11,11
Orai1WT-MDSnap-Fr400_cleaned,PDC_ideal,11,11
Orai1WT-MDSnap-Fr400_cleaned,PDO_ideal,11,11
Orai1WT-MDSnap-Fr400_cleaned,PEA_ideal,11,11
Orai1WT-MDSnap-Fr400_cleaned,PEL_ideal,11,11
Orai1WT-MDSnap-Fr400_cleaned,PFB_ideal,11,11
Orai1WT-MDSnap-Fr400_cleaned,PFL_ideal,11,11
Orai1WT-MDSnap-Fr400_cleaned,PH3_ideal,11,11
Orai1WT-MDSnap-Fr400_cleaned,PHB_ideal,11,11
Orai1WT-MDSnap-Fr400_cleaned,PHE_ideal,11,11
Orai1WT-MDSnap-Fr400_cleaned,PHI_ideal,11,11
Orai1WT-MDSnap-Fr400_cleaned,PHJ_ideal,11,11
Orai1WT-MDSnap-Fr400_cleaned,PHK_ideal,11,11
Orai1WT-MDSnap-Fr400_cleaned,PHL_ideal,11,11
Orai1WT-MDSnap-Fr400_cleaned,PHN_ideal,11,11
Orai1WT-MDSnap-Fr400_cleaned,PHQ_ideal,11,11
Orai1WT-MDSnap-Fr400_cleaned,PHT_ideal,11,11
Orai1WT-MDSnap-Fr400_cleaned,PIH_ideal,11,11
Orai1WT-MDSnap-Fr400_cleaned,PIM_ideal,11,11
Orai1WT-MDSnap-Fr400_cleaned,PIT_ideal,11,11
Orai1WT-MDSnap-Fr400_cleaned,PIU_ideal,11,11
Orai1WT-MDSnap-Fr400_cleaned,PLU_ideal,11,11
Orai1WT-MDSnap-Fr400_cleaned,PMA_ideal,11,11
Orai1WT-MDSnap-Fr400_cleaned,PMB_ideal,11,11
Orai1WT-MDSnap-Fr400_cleaned,PMS_ideal,11,11
Orai1WT-MDSnap-Fr400_cleaned,PN6_ideal,11,11
Orai1WT-MDSnap-Fr400_cleaned,PO4_ideal,11,11
Orai1WT-MDSnap-Fr400_cleaned,PP1_ideal,11,11
Orai1WT-MDSnap-Fr400_cleaned,PP2_ideal,11,11
Orai1WT-MDSnap-Fr400_cleaned,PPK_ideal,11,11
Orai1WT-MDSnap-Fr400_cleaned,PPT_ideal,11,11
Orai1WT-MDSnap-Fr400_cleaned,PPV_ideal,11,11
Orai1WT-MDSnap-Fr400_cleaned,PPY_ideal,11,11
Orai1WT-MDSnap-Fr400_cleaned,PRA_ideal,11,11
Orai1WT-MDSnap-Fr400_cleaned,PRL_ideal,11,11
Orai1WT-MDSnap-Fr400_cleaned,PS5_ideal,11,11
Orai1WT-MDSnap-Fr400_cleaned,PSY_ideal,11,11
Orai1WT-MDSnap-Fr400_cleaned,PTD_ideal,11,11
Orai1WT-MDSnap-Fr400_cleaned,PTU_ideal,11,11
Orai1WT-MDSnap-Fr400_cleaned,PUT_ideal,11,11
Orai1WT-MDSnap-Fr400_cleaned,PYE_ideal,11,11
Orai1WT-MDSnap-Fr400_cleaned,PYU_ideal,11,11
Orai1WT-MDSnap-Fr400_cleaned,PZE_ideal,11,11
Orai1WT-MDSnap-Fr400_cleaned,QA9_ideal,11,11
Orai1WT-MDSnap-Fr400_cleaned,R1F_ideal,11,11
Orai1WT-MDSnap-Fr400_cleaned,RCO_ideal,11,11
Orai1WT-MDSnap-Fr400_cleaned,RCX_ideal,11,11
Orai1WT-MDSnap-Fr400_cleaned,RE2_ideal,11,11
Orai1WT-MDSnap-Fr400_cleaned,RF1_ideal,11,11
Orai1WT-MDSnap-Fr400_cleaned,RF2_ideal,11,11
Orai1WT-MDSnap-Fr400_cleaned,RIS_ideal,11,11
Orai1WT-MDSnap-Fr400_cleaned,RJ6_ideal,11,11
Orai1WT-MDSnap-Fr400_cleaned,RMN_ideal,11,11
Orai1WT-MDSnap-Fr400_cleaned,RNO_ideal,11,11
Orai1WT-MDSnap-Fr400_cleaned,ROK_ideal,11,11
Orai1WT-MDSnap-Fr400_cleaned,RSO_ideal,11,11
Orai1WT-MDSnap-Fr400_cleaned,S3V_ideal,11,11
Orai1WT-MDSnap-Fr400_cleaned,SAN_ideal,11,11
Orai1WT-MDSnap-Fr400_cleaned,SBE_ideal,11,11
Orai1WT-MDSnap-Fr400_cleaned,SBN_ideal,11,11
Orai1WT-MDSnap-Fr400_cleaned,SBO_ideal,11,11
Orai1WT-MDSnap-Fr400_cleaned,SBZ_ideal,11,11
Orai1WT-MDSnap-Fr400_cleaned,SE4_ideal,11,11
Orai1WT-MDSnap-Fr400_cleaned,SFY_ideal,11,11
Orai1WT-MDSnap-Fr400_cleaned,SIF_ideal,11,11
Orai1WT-MDSnap-Fr400_cleaned,SIN_ideal,11,11
Orai1WT-MDSnap-Fr400_cleaned,SMN_ideal,11,11
Orai1WT-MDSnap-Fr400_cleaned,SNO_ideal,11,11
Orai1WT-MDSnap-Fr400_cleaned,SO2_ideal,11,11
Orai1WT-MDSnap-Fr400_cleaned,SO4_ideal,11,11
Orai1WT-MDSnap-Fr400_cleaned,SS2_ideal,11,11
Orai1WT-MDSnap-Fr400_cleaned,STC_ideal,11,11
Orai1WT-MDSnap-Fr400_cleaned,STF_ideal,11,11
Orai1WT-MDSnap-Fr400_cleaned,STL_ideal,11,11
Orai1WT-MDSnap-Fr400_cleaned,SVA_ideal,11,11
Orai1WT-MDSnap-Fr400_cleaned,SXX_ideal,11,11
Orai1WT-MDSnap-Fr400_cleaned,SYR_ideal,11,11
Orai1WT-MDSnap-Fr400_cleaned,T13_ideal,11,11
Orai1WT-MDSnap-Fr400_cleaned,T2D_ideal,11,11
Orai1WT-MDSnap-Fr400_cleaned,T2M_ideal,11,11
Orai1WT-MDSnap-Fr400_cleaned,TAR_ideal,11,11
Orai1WT-MDSnap-Fr400_cleaned,TAS_ideal,11,11
Orai1WT-MDSnap-Fr400_cleaned,TBF_ideal,11,11
Orai1WT-MDSnap-Fr400_cleaned,TBP_ideal,11,11
Orai1WT-MDSnap-Fr400_cleaned,TBU_ideal,11,11
Orai1WT-MDSnap-Fr400_cleaned,TCA_ideal,11,11
Orai1WT-MDSnap-Fr400_cleaned,TCO_ideal,11,11
Orai1WT-MDSnap-Fr400_cleaned,TCV_ideal,11,11
Orai1WT-MDSnap-Fr400_cleaned,TCZ_ideal,11,11
Orai1WT-MDSnap-Fr400_cleaned,TF4_ideal,11,11
Orai1WT-MDSnap-Fr400_cleaned,TF9_ideal,11,11
Orai1WT-MDSnap-Fr400_cleaned,TFL_ideal,11,11
Orai1WT-MDSnap-Fr400_cleaned,TFM_ideal,11,11
Orai1WT-MDSnap-Fr400_cleaned,TFQ_ideal,11,11
Orai1WT-MDSnap-Fr400_cleaned,TIK_ideal,11,11
Orai1WT-MDSnap-Fr400_cleaned,TLA_ideal,11,11
Orai1WT-MDSnap-Fr400_cleaned,TMA_ideal,11,11
Orai1WT-MDSnap-Fr400_cleaned,TMM_ideal,11,11
Orai1WT-MDSnap-Fr400_cleaned,TNE_ideal,11,11
Orai1WT-MDSnap-Fr400_cleaned,TNF_ideal,11,11
Orai1WT-MDSnap-Fr400_cleaned,TNL_ideal,11,11
Orai1WT-MDSnap-Fr400_cleaned,TP0_ideal,11,11
Orai1WT-MDSnap-Fr400_cleaned,TPA_ideal,11,11
Orai1WT-MDSnap-Fr400_cleaned,TPB_ideal,11,11
Orai1WT-MDSnap-Fr400_cleaned,TPR_ideal,11,11
Orai1WT-MDSnap-Fr400_cleaned,TQ5_ideal,11,11
Orai1WT-MDSnap-Fr400_cleaned,TRI_ideal,11,11
Orai1WT-MDSnap-Fr400_cleaned,TRS_ideal,11,11
Orai1WT-MDSnap-Fr400_cleaned,TSU_ideal,11,11
Orai1WT-MDSnap-Fr400_cleaned,TTN_ideal,11,11
Orai1WT-MDSnap-Fr400_cleaned,TYB_ideal,11,11
Orai1WT-MDSnap-Fr400_cleaned,TYC_ideal,11,11
Orai1WT-MDSnap-Fr400_cleaned,TYI_ideal,11,11
Orai1WT-MDSnap-Fr400_cleaned,TYL_ideal,11,11
Orai1WT-MDSnap-Fr400_cleaned,TYR_ideal,11,11
Orai1WT-MDSnap-Fr400_cleaned,TYZ_ideal,11,11
Orai1WT-MDSnap-Fr400_cleaned,U32_ideal,11,11
Orai1WT-MDSnap-Fr400_cleaned,U55_ideal,11,11
Orai1WT-MDSnap-Fr400_cleaned,UA5_ideal,11,11
Orai1WT-MDSnap-Fr400_cleaned,UAS_ideal,11,11
Orai1WT-MDSnap-Fr400_cleaned,UN3_ideal,11,11
Orai1WT-MDSnap-Fr400_cleaned,UQA_ideal,11,11
Orai1WT-MDSnap-Fr400_cleaned,URE_ideal,11,11
Orai1WT-MDSnap-Fr400_cleaned,URS_ideal,11,11
Orai1WT-MDSnap-Fr400_cleaned,V35_ideal,11,11
Orai1WT-MDSnap-Fr400_cleaned,V36_ideal,11,11
Orai1WT-MDSnap-Fr400_cleaned,V4O_ideal,11,11
Orai1WT-MDSnap-Fr400_cleaned,VES_ideal,11,11
Orai1WT-MDSnap-Fr400_cleaned,VII_ideal,11,11
Orai1WT-MDSnap-Fr400_cleaned,VSO_ideal,11,11
Orai1WT-MDSnap-Fr400_cleaned,VVM_ideal,11,11
Orai1WT-MDSnap-Fr400_cleaned,W1P_ideal,11,11
Orai1WT-MDSnap-Fr400_cleaned,WSK_ideal,11,11
Orai1WT-MDSnap-Fr400_cleaned,WWZ_ideal,11,11
Orai1WT-MDSnap-Fr400_cleaned,WYB_ideal,11,11
Orai1WT-MDSnap-Fr400_cleaned,XB2_ideal,11,11
Orai1WT-MDSnap-Fr400_cleaned,XEW_ideal,11,11
Orai1WT-MDSnap-Fr400_cleaned,XP1_ideal,11,11
Orai1WT-MDSnap-Fr400_cleaned,XQZ_ideal,11,11
Orai1WT-MDSnap-Fr400_cleaned,XZ5_ideal,11,11
Orai1WT-MDSnap-Fr400_cleaned,YAN_ideal,11,11
Orai1WT-MDSnap-Fr400_cleaned,YPQ_ideal,11,11
Orai1WT-MDSnap-Fr400_cleaned,YRL_ideal,11,11
Orai1WT-MDSnap-Fr400_cleaned,YTT_ideal,11,11
Orai1WT-MDSnap-Fr400_cleaned,YTZ_ideal,11,11
Orai1WT-MDSnap-Fr400_cleaned,ZHZ_ideal,11,11
Orai1WT-MDSnap-Fr400_cleaned,ZOL_ideal,11,11
Orai1WT-MDSnap-Fr400_cleaned,ZYS_ideal,11,11
Orai1WT-MDSnap-Fr400_cleaned,ZYX_ideal,11,11
Orai1WT-MDSnap-Fr499_cleaned,007_ideal,11,11
Orai1WT-MDSnap-Fr499_cleaned,010_ideal,11,11
Orai1WT-MDSnap-Fr499_cleaned,08D_ideal,11,11
Orai1WT-MDSnap-Fr499_cleaned,0A9_ideal,11,11
Orai1WT-MDSnap-Fr499_cleaned,13X_ideal,11,11
Orai1WT-MDSnap-Fr499_cleaned,144_ideal,11,11
Orai1WT-MDSnap-Fr499_cleaned,150_ideal,11,11
Orai1WT-MDSnap-Fr499_cleaned,152_ideal,11,11
Orai1WT-MDSnap-Fr499_cleaned,171_ideal,11,11
Orai1WT-MDSnap-Fr499_cleaned,173_ideal,11,11
Orai1WT-MDSnap-Fr499_cleaned,174_ideal,11,11
Orai1WT-MDSnap-Fr499_cleaned,178_ideal,11,11
Orai1WT-MDSnap-Fr499_cleaned,1AL_ideal,11,11
Orai1WT-MDSnap-Fr499_cleaned,1BN_ideal,11,11
Orai1WT-MDSnap-Fr499_cleaned,1CM_ideal,11,11
Orai1WT-MDSnap-Fr499_cleaned,1CY_ideal,11,11
Orai1WT-MDSnap-Fr499_cleaned,1JZ_ideal,11,11
Orai1WT-MDSnap-Fr499_cleaned,1K5_ideal,11,11
Orai1WT-MDSnap-Fr499_cleaned,1OH_ideal,11,11
Orai1WT-MDSnap-Fr499_cleaned,1PC_ideal,11,11
Orai1WT-MDSnap-Fr499_cleaned,1WE_ideal,11,11
Orai1WT-MDSnap-Fr499_cleaned,201_ideal,11,11
Orai1WT-MDSnap-Fr499_cleaned,205_ideal,11,11
Orai1WT-MDSnap-Fr499_cleaned,210_ideal,11,11
Orai1WT-MDSnap-Fr499_cleaned,21B_ideal,11,11
Orai1WT-MDSnap-Fr499_cleaned,221_ideal,11,11
Orai1WT-MDSnap-Fr499_cleaned,22F_ideal,11,11
Orai1WT-MDSnap-Fr499_cleaned,231_ideal,11,11
Orai1WT-MDSnap-Fr499_cleaned,23F_ideal,11,11
Orai1WT-MDSnap-Fr499_cleaned,251_ideal,11,11
Orai1WT-MDSnap-Fr499_cleaned,256_ideal,11,11
Orai1WT-MDSnap-Fr499_cleaned,268_ideal,11,11
Orai1WT-MDSnap-Fr499_cleaned,269_ideal,11,11
Orai1WT-MDSnap-Fr499_cleaned,26C_ideal,11,11
Orai1WT-MDSnap-Fr499_cleaned,270_ideal,11,11
Orai1WT-MDSnap-Fr499_cleaned,283_ideal,11,11
Orai1WT-MDSnap-Fr499_cleaned,299_ideal,11,11
Orai1WT-MDSnap-Fr499_cleaned,2C7_ideal,11,11
Orai1WT-MDSnap-Fr499_cleaned,2H3_ideal,11,11
Orai1WT-MDSnap-Fr499_cleaned,2HA_ideal,11,11
Orai1WT-MDSnap-Fr499_cleaned,2HP_ideal,11,11
Orai1WT-MDSnap-Fr499_cleaned,2OH_ideal,11,11
Orai1WT-MDSnap-Fr499_cleaned,328_ideal,11,11
Orai1WT-MDSnap-Fr499_cleaned,36M_ideal,11,11
Orai1WT-MDSnap-Fr499_cleaned,3FG_ideal,11,11
Orai1WT-MDSnap-Fr499_cleaned,3G3_ideal,11,11
Orai1WT-MDSnap-Fr499_cleaned,3HG_ideal,11,11
Orai1WT-MDSnap-Fr499_cleaned,3IM_ideal,11,11
Orai1WT-MDSnap-Fr499_cleaned,3MI_ideal,11,11
Orai1WT-MDSnap-Fr499_cleaned,3PO_ideal,11,11
Orai1WT-MDSnap-Fr499_cleaned,3RL_ideal,11,11
Orai1WT-MDSnap-Fr499_cleaned,3SY_ideal,11,11
Orai1WT-MDSnap-Fr499_cleaned,416_ideal,11,11
Orai1WT-MDSnap-Fr499_cleaned,41A_ideal,11,11
Orai1WT-MDSnap-Fr499_cleaned,44B_ideal,11,11
Orai1WT-MDSnap-Fr499_cleaned,4AZ_ideal,11,11
Orai1WT-MDSnap-Fr499_cleaned,4BB_ideal,11,11
Orai1WT-MDSnap-Fr499_cleaned,4BR_ideal,11,11
Orai1WT-MDSnap-Fr499_cleaned,4BZ_ideal,11,11
Orai1WT-MDSnap-Fr499_cleaned,4CB_ideal,11,11
Orai1WT-MDSnap-Fr499_cleaned,4CH_ideal,11,11
Orai1WT-MDSnap-Fr499_cleaned,4FA_ideal,11,11
Orai1WT-MDSnap-Fr499_cleaned,4FC_ideal,11,11
Orai1WT-MDSnap-Fr499_cleaned,4FP_ideal,11,11
Orai1WT-MDSnap-Fr499_cleaned,4J8_ideal,11,11
Orai1WT-MDSnap-Fr499_cleaned,4KS_ideal,11,11
Orai1WT-MDSnap-Fr499_cleaned,4MB_ideal,11,11
Orai1WT-MDSnap-Fr499_cleaned,4ND_ideal,11,11
Orai1WT-MDSnap-Fr499_cleaned,4NL_ideal,11,11
Orai1WT-MDSnap-Fr499_cleaned,4NP_ideal,11,11
Orai1WT-MDSnap-Fr499_cleaned,4PG_ideal,11,11
Orai1WT-MDSnap-Fr499_cleaned,4PI_ideal,11,11
Orai1WT-MDSnap-Fr499_cleaned,4PN_ideal,11,11
Orai1WT-MDSnap-Fr499_cleaned,4SM_ideal,11,11
Orai1WT-MDSnap-Fr499_cleaned,4SO_ideal,11,11
Orai1WT-MDSnap-Fr499_cleaned,505_ideal,11,11
Orai1WT-MDSnap-Fr499_cleaned,521_ideal,11,11
Orai1WT-MDSnap-Fr499_cleaned,566_ideal,11,11
Orai1WT-MDSnap-Fr499_cleaned,572_ideal,11,11
Orai1WT-MDSnap-Fr499_cleaned,5AN_ideal,11,11
Orai1WT-MDSnap-Fr499_cleaned,5B3_ideal,11,11
Orai1WT-MDSnap-Fr499_cleaned,641_ideal,11,11
Orai1WT-MDSnap-Fr499_cleaned,6BD_ideal,11,11
Orai1WT-MDSnap-Fr499_cleaned,6LH_ideal,11,11
Orai1WT-MDSnap-Fr499_cleaned,6LR_ideal,11,11
Orai1WT-MDSnap-Fr499_cleaned,6WT_ideal,11,11
Orai1WT-MDSnap-Fr499_cleaned,787_ideal,11,11
Orai1WT-MDSnap-Fr499_cleaned,791_ideal,11,11
Orai1WT-MDSnap-Fr499_cleaned,7BD_ideal,11,11
Orai1WT-MDSnap-Fr499_cleaned,7N8_ideal,11,11
Orai1WT-MDSnap-Fr499_cleaned,7TI_ideal,11,11
Orai1WT-MDSnap-Fr499_cleaned,80G_ideal,11,11
Orai1WT-MDSnap-Fr499_cleaned,911_ideal,11,11
Orai1WT-MDSnap-Fr499_cleaned,92G_ideal,11,11
Orai1WT-MDSnap-Fr499_cleaned,949_ideal,11,11
Orai1WT-MDSnap-Fr499_cleaned,9CA_ideal,11,11
Orai1WT-MDSnap-Fr499_cleaned,9Y6_ideal,11,11
Orai1WT-MDSnap-Fr499_cleaned,A1AIA_ideal,11,11
Orai1WT-MDSnap-Fr499_cleaned,A1AIK_ideal,11,11
Orai1WT-MDSnap-Fr499_cleaned,A1AT0_ideal,11,11
Orai1WT-MDSnap-Fr499_cleaned,A1CR0_ideal,11,11
Orai1WT-MDSnap-Fr499_cleaned,A1EEY_ideal,11,11
Orai1WT-MDSnap-Fr499_cleaned,A1IPI_ideal,11,11
Orai1WT-MDSnap-Fr499_cleaned,A1JBL_ideal,11,11
Orai1WT-MDSnap-Fr499_cleaned,A1LWH_ideal,11,11
Orai1WT-MDSnap-Fr499_cleaned,A26_ideal,11,11
Orai1WT-MDSnap-Fr499_cleaned,A3M_ideal,11,11
Orai1WT-MDSnap-Fr499_cleaned,A41_ideal,11,11
Orai1WT-MDSnap-Fr499_cleaned,A56_ideal,11,11
Orai1WT-MDSnap-Fr499_cleaned,AAN_ideal,11,11
Orai1WT-MDSnap-Fr499_cleaned,ABN_ideal,11,11
Orai1WT-MDSnap-Fr499_cleaned,AC0_ideal,11,11
Orai1WT-MDSnap-Fr499_cleaned,AC5_ideal,11,11
Orai1WT-MDSnap-Fr499_cleaned,ACH_ideal,11,11
Orai1WT-MDSnap-Fr499_cleaned,ADB_ideal,11,11
Orai1WT-MDSnap-Fr499_cleaned,AEF_ideal,11,11
Orai1WT-MDSnap-Fr499_cleaned,AES_ideal,11,11
Orai1WT-MDSnap-Fr499_cleaned,AHC_ideal,11,11
Orai1WT-MDSnap-Fr499_cleaned,AL2_ideal,11,11
Orai1WT-MDSnap-Fr499_cleaned,ALC_ideal,11,11
Orai1WT-MDSnap-Fr499_cleaned,ALF_ideal,11,11
Orai1WT-MDSnap-Fr499_cleaned,ALQ_ideal,11,11
Orai1WT-MDSnap-Fr499_cleaned,ALR_ideal,11,11
Orai1WT-MDSnap-Fr499_cleaned,AM4_ideal,11,11
Orai1WT-MDSnap-Fr499_cleaned,AMC_ideal,11,11
Orai1WT-MDSnap-Fr499_cleaned,AN1_ideal,11,11
Orai1WT-MDSnap-Fr499_cleaned,ANL_ideal,11,11
Orai1WT-MDSnap-Fr499_cleaned,ANN_ideal,11,11
Orai1WT-MDSnap-Fr499_cleaned,APF_ideal,11,11
Orai1WT-MDSnap-Fr499_cleaned,APG_ideal,11,11
Orai1WT-MDSnap-Fr499_cleaned,APL_ideal,11,11
Orai1WT-MDSnap-Fr499_cleaned,ARL_ideal,11,11
Orai1WT-MDSnap-Fr499_cleaned,ASR_ideal,11,11
Orai1WT-MDSnap-Fr499_cleaned,AST_ideal,11,11
Orai1WT-MDSnap-Fr499_cleaned,AX3_ideal,11,11
Orai1WT-MDSnap-Fr499_cleaned,B1V_ideal,11,11
Orai1WT-MDSnap-Fr499_cleaned,B2F_ideal,11,11
Orai1WT-MDSnap-Fr499_cleaned,B40_ideal,11,11
Orai1WT-MDSnap-Fr499_cleaned,BAS_ideal,11,11
Orai1WT-MDSnap-Fr499_cleaned,BBS_ideal,11,11
Orai1WT-MDSnap-Fr499_cleaned,BBT_ideal,11,11
Orai1WT-MDSnap-Fr499_cleaned,BC1_ideal,11,11
Orai1WT-MDSnap-Fr499_cleaned,BCE_ideal,11,11
Orai1WT-MDSnap-Fr499_cleaned,BDB_ideal,11,11
Orai1WT-MDSnap-Fr499_cleaned,BEK_ideal,11,11
Orai1WT-MDSnap-Fr499_cleaned,BET_ideal,11,11
Orai1WT-MDSnap-Fr499_cleaned,BEZ_ideal,11,11
Orai1WT-MDSnap-Fr499_cleaned,BFD_ideal,11,11
Orai1WT-MDSnap-Fr499_cleaned,BFL_ideal,11,11
Orai1WT-MDSnap-Fr499_cleaned,BHO_ideal,11,11
Orai1WT-MDSnap-Fr499_cleaned,BHQ_ideal,11,11
Orai1WT-MDSnap-Fr499_cleaned,BIF_ideal,11,11
Orai1WT-MDSnap-Fr499_cleaned,BIH_ideal,11,11
Orai1WT-MDSnap-Fr499_cleaned,BIP_ideal,11,11
Orai1WT-MDSnap-Fr499_cleaned,BMU_ideal,11,11
Orai1WT-MDSnap-Fr499_cleaned,BNF_ideal,11,11
Orai1WT-MDSnap-Fr499_cleaned,BNS_ideal,11,11
Orai1WT-MDSnap-Fr499_cleaned,BO3_ideal,11,11
Orai1WT-MDSnap-Fr499_cleaned,BOS_ideal,11,11
Orai1WT-MDSnap-Fr499_cleaned,BP4_ideal,11,11
Orai1WT-MDSnap-Fr499_cleaned,BP6_ideal,11,11
Orai1WT-MDSnap-Fr499_cleaned,BPZ_ideal,11,11
Orai1WT-MDSnap-Fr499_cleaned,BRB_ideal,11,11
Orai1WT-MDSnap-Fr499_cleaned,BRV_ideal,11,11
Orai1WT-MDSnap-Fr499_cleaned,BS4_ideal,11,11
Orai1WT-MDSnap-Fr499_cleaned,BSB_ideal,11,11
Orai1WT-MDSnap-Fr499_cleaned,BSU_ideal,11,11
Orai1WT-MDSnap-Fr499_cleaned,BTL_ideal,11,11
Orai1WT-MDSnap-Fr499_cleaned,BTP_ideal,11,11
Orai1WT-MDSnap-Fr499_cleaned,BU1_ideal,11,11
Orai1WT-MDSnap-Fr499_cleaned,BUM_ideal,11,11
Orai1WT-MDSnap-Fr499_cleaned,BZM_ideal,11,11
Orai1WT-MDSnap-Fr499_cleaned,BZQ_ideal,11,11
Orai1WT-MDSnap-Fr499_cleaned,C1R_ideal,11,11
Orai1WT-MDSnap-Fr499_cleaned,C5U_ideal,11,11
Orai1WT-MDSnap-Fr499_cleaned,CAD_ideal,11,11
Orai1WT-MDSnap-Fr499_cleaned,CAQ_ideal,11,11
Orai1WT-MDSnap-Fr499_cleaned,CAX_ideal,11,11
Orai1WT-MDSnap-Fr499_cleaned,CBQ_ideal,11,11
Orai1WT-MDSnap-Fr499_cleaned,CCB_ideal,11,11
Orai1WT-MDSnap-Fr499_cleaned,CCE_ideal,11,11
Orai1WT-MDSnap-Fr499_cleaned,CDX_ideal,11,11
Orai1WT-MDSnap-Fr499_cleaned,CEQ_ideal,11,11
Orai1WT-MDSnap-Fr499_cleaned,CHT_ideal,11,11
Orai1WT-MDSnap-Fr499_cleaned,CHZ_ideal,11,11
Orai1WT-MDSnap-Fr499_cleaned,CIU_ideal,11,11
Orai1WT-MDSnap-Fr499_cleaned,CK4_ideal,11,11
Orai1WT-MDSnap-Fr499_cleaned,CLT_ideal,11,11
Orai1WT-MDSnap-Fr499_cleaned,CLU_ideal,11,11
Orai1WT-MDSnap-Fr499_cleaned,CNH_ideal,11,11
Orai1WT-MDSnap-Fr499_cleaned,CO2_ideal,11,11
Orai1WT-MDSnap-Fr499_cleaned,CO3_ideal,11,11
Orai1WT-MDSnap-Fr499_cleaned,COX_ideal,11,11
Orai1WT-MDSnap-Fr499_cleaned,CP5_ideal,11,11
Orai1WT-MDSnap-Fr499_cleaned,CPZ_ideal,11,11
Orai1WT-MDSnap-Fr499_cleaned,CRZ_ideal,11,11
Orai1WT-MDSnap-Fr499_cleaned,CUL_ideal,11,11
Orai1WT-MDSnap-Fr499_cleaned,CVB_ideal,11,11
Orai1WT-MDSnap-Fr499_cleaned,CXF_ideal,11,11
Orai1WT-MDSnap-Fr499_cleaned,CXL_ideal,11,11
Orai1WT-MDSnap-Fr499_cleaned,CXP_ideal,11,11
Orai1WT-MDSnap-Fr499_cleaned,CYH_ideal,11,11
Orai1WT-MDSnap-Fr499_cleaned,D1D_ideal,11,11
Orai1WT-MDSnap-Fr499_cleaned,D4G_ideal,11,11
Orai1WT-MDSnap-Fr499_cleaned,D4P_ideal,11,11
Orai1WT-MDSnap-Fr499_cleaned,D8W_ideal,11,11
Orai1WT-MDSnap-Fr499_cleaned,DBA_ideal,11,11
Orai1WT-MDSnap-Fr499_cleaned,DBE_ideal,11,11
Orai1WT-MDSnap-Fr499_cleaned,DBF_ideal,11,11
Orai1WT-MDSnap-Fr499_cleaned,DBY_ideal,11,11
Orai1WT-MDSnap-Fr499_cleaned,DCD_ideal,11,11
Orai1WT-MDSnap-Fr499_cleaned,DCO_ideal,11,11
Orai1WT-MDSnap-Fr499_cleaned,DDP_ideal,11,11
Orai1WT-MDSnap-Fr499_cleaned,DEP_ideal,11,11
Orai1WT-MDSnap-Fr499_cleaned,DES_ideal,11,11
Orai1WT-MDSnap-Fr499_cleaned,DFA_ideal,11,11
Orai1WT-MDSnap-Fr499_cleaned,DFP_ideal,11,11
Orai1WT-MDSnap-Fr499_cleaned,DHR_ideal,11,11
Orai1WT-MDSnap-Fr499_cleaned,DIF_ideal,11,11
Orai1WT-MDSnap-Fr499_cleaned,DII_ideal,11,11
Orai1WT-MDSnap-Fr499_cleaned,DIO_ideal,11,11
Orai1WT-MDSnap-Fr499_cleaned,DMB_ideal,11,11
Orai1WT-MDSnap-Fr499_cleaned,DMF_ideal,11,11
Orai1WT-MDSnap-Fr499_cleaned,DMS_ideal,11,11
Orai1WT-MDSnap-Fr499_cleaned,DMW_ideal,11,11
Orai1WT-MDSnap-Fr499_cleaned,DMZ_ideal,11,11
Orai1WT-MDSnap-Fr499_cleaned,DNQ_ideal,11,11
Orai1WT-MDSnap-Fr499_cleaned,DP4_ideal,11,11
Orai1WT-MDSnap-Fr499_cleaned,DPJ_ideal,11,11
Orai1WT-MDSnap-Fr499_cleaned,DPN_ideal,11,11
Orai1WT-MDSnap-Fr499_cleaned,DPT_ideal,11,11
Orai1WT-MDSnap-Fr499_cleaned,DQN_ideal,11,11
Orai1WT-MDSnap-Fr499_cleaned,DSM_ideal,11,11
Orai1WT-MDSnap-Fr499_cleaned,DTD_ideal,11,11
Orai1WT-MDSnap-Fr499_cleaned,DTL_ideal,11,11
Orai1WT-MDSnap-Fr499_cleaned,DTV_ideal,11,11
Orai1WT-MDSnap-Fr499_cleaned,DTY_ideal,11,11
Orai1WT-MDSnap-Fr499_cleaned,DXE_ideal,11,11
Orai1WT-MDSnap-Fr499_cleaned,DXX_ideal,11,11
Orai1WT-MDSnap-Fr499_cleaned,DZ1_ideal,11,11
Orai1WT-MDSnap-Fr499_cleaned,DZ2_ideal,11,11
Orai1WT-MDSnap-Fr499_cleaned,DZ3_ideal,11,11
Orai1WT-MDSnap-Fr499_cleaned,DZZ_ideal,11,11
Orai1WT-MDSnap-Fr499_cleaned,E1P_ideal,11,11
Orai1WT-MDSnap-Fr499_cleaned,E4B_ideal,11,11
Orai1WT-MDSnap-Fr499_cleaned,EAO_ideal,11,11
Orai1WT-MDSnap-Fr499_cleaned,EDN_ideal,11,11
Orai1WT-MDSnap-Fr499_cleaned,EF6_ideal,11,11
Orai1WT-MDSnap-Fr499_cleaned,EI3_ideal,11,11
Orai1WT-MDSnap-Fr499_cleaned,EMR_ideal,11,11
Orai1WT-MDSnap-Fr499_cleaned,ENO_ideal,11,11
Orai1WT-MDSnap-Fr499_cleaned,ESA_ideal,11,11
Orai1WT-MDSnap-Fr499_cleaned,ETF_ideal,11,11
Orai1WT-MDSnap-Fr499_cleaned,ETM_ideal,11,11
Orai1WT-MDSnap-Fr499_cleaned,ETZ_ideal,11,11
Orai1WT-MDSnap-Fr499_cleaned,EYK_ideal,11,11
Orai1WT-MDSnap-Fr499_cleaned,F3F_ideal,11,11
Orai1WT-MDSnap-Fr499_cleaned,F6B_ideal,11,11
Orai1WT-MDSnap-Fr499_cleaned,FAC_ideal,11,11
Orai1WT-MDSnap-Fr499_cleaned,FBA_ideal,11,11
Orai1WT-MDSnap-Fr499_cleaned,FBC_ideal,11,11
Orai1WT-MDSnap-Fr499_cleaned,FBS_ideal,11,11
Orai1WT-MDSnap-Fr499_cleaned,FBT_ideal,11,11
Orai1WT-MDSnap-Fr499_cleaned,FBU_ideal,11,11
Orai1WT-MDSnap-Fr499_cleaned,FCR_ideal,11,11
Orai1WT-MDSnap-Fr499_cleaned,FFB_ideal,11,11
Orai1WT-MDSnap-Fr499_cleaned,FGL_ideal,11,11
Orai1WT-MDSnap-Fr499_cleaned,FHC_ideal,11,11
Orai1WT-MDSnap-Fr499_cleaned,FLA_ideal,11,11
Orai1WT-MDSnap-Fr499_cleaned,FNP_ideal,11,11
Orai1WT-MDSnap-Fr499_cleaned,FOS_ideal,11,11
Orai1WT-MDSnap-Fr499_cleaned,FPI_ideal,11,11
Orai1WT-MDSnap-Fr499_cleaned,FPO_ideal,11,11
Orai1WT-MDSnap-Fr499_cleaned,FUM_ideal,11,11
Orai1WT-MDSnap-Fr499_cleaned,G1L_ideal,11,11
Orai1WT-MDSnap-Fr499_cleaned,G2H_ideal,11,11
Orai1WT-MDSnap-Fr499_cleaned,G50_ideal,11,11
Orai1WT-MDSnap-Fr499_cleaned,GAI_ideal,11,11
Orai1WT-MDSnap-Fr499_cleaned,GB5_ideal,11,11
Orai1WT-MDSnap-Fr499_cleaned,GBN_ideal,11,11
Orai1WT-MDSnap-Fr499_cleaned,GBS_ideal,11,11
Orai1WT-MDSnap-Fr499_cleaned,GD7_ideal,11,11
Orai1WT-MDSnap-Fr499_cleaned,GD8_ideal,11,11
Orai1WT-MDSnap-Fr499_cleaned,GG5_ideal,11,11
Orai1WT-MDSnap-Fr499_cleaned,GHP_ideal,11,11
Orai1WT-MDSnap-Fr499_cleaned,GJZ_ideal,11,11
Orai1WT-MDSnap-Fr499_cleaned,GP6_ideal,11,11
Orai1WT-MDSnap-Fr499_cleaned,GUA_ideal,11,11
Orai1WT-MDSnap-Fr499_cleaned,GVC_ideal,11,11
Orai1WT-MDSnap-Fr499_cleaned,GVN_ideal,11,11
Orai1WT-MDSnap-Fr499_cleaned,GVO_ideal,11,11
Orai1WT-MDSnap-Fr499_cleaned,GVQ_ideal,11,11
Orai1WT-MDSnap-Fr499_cleaned,GZB_ideal,11,11
Orai1WT-MDSnap-Fr499_cleaned,H11_ideal,11,11
Orai1WT-MDSnap-Fr499_cleaned,H3P_ideal,11,11
Orai1WT-MDSnap-Fr499_cleaned,HAI_ideal,11,11
Orai1WT-MDSnap-Fr499_cleaned,HBA_ideal,11,11
Orai1WT-MDSnap-Fr499_cleaned,HC4_ideal,11,11
Orai1WT-MDSnap-Fr499_cleaned,HCI_ideal,11,11
Orai1WT-MDSnap-Fr499_cleaned,HFA_ideal,11,11
Orai1WT-MDSnap-Fr499_cleaned,HFT_ideal,11,11
Orai1WT-MDSnap-Fr499_cleaned,HFZ_ideal,11,11
Orai1WT-MDSnap-Fr499_cleaned,HG0_ideal,11,11
Orai1WT-MDSnap-Fr499_cleaned,HGB_ideal,11,11
Orai1WT-MDSnap-Fr499_cleaned,HHH_ideal,11,11
Orai1WT-MDSnap-Fr499_cleaned,HLT_ideal,11,11
Orai1WT-MDSnap-Fr499_cleaned,HPH_ideal,11,11
Orai1WT-MDSnap-Fr499_cleaned,HPP_ideal,11,11
Orai1WT-MDSnap-Fr499_cleaned,HPQ_ideal,11,11
Orai1WT-MDSnap-Fr499_cleaned,HPS_ideal,11,11
Orai1WT-MDSnap-Fr499_cleaned,HQE_ideal,11,11
Orai1WT-MDSnap-Fr499_cleaned,HQQ_ideal,11,11
Orai1WT-MDSnap-Fr499_cleaned,HS6_ideal,11,11
Orai1WT-MDSnap-Fr499_cleaned,HS7_ideal,11,11
Orai1WT-MDSnap-Fr499_cleaned,HXP_ideal,11,11
Orai1WT-MDSnap-Fr499_cleaned,HY1_ideal,11,11
Orai1WT-MDSnap-Fr499_cleaned,I15_ideal,11,11
Orai1WT-MDSnap-Fr499_cleaned,IBO_ideal,11,11
Orai1WT-MDSnap-Fr499_cleaned,IBP_ideal,11,11
Orai1WT-MDSnap-Fr499_cleaned,IC1_ideal,11,11
Orai1WT-MDSnap-Fr499_cleaned,IET_ideal,11,11
Orai1WT-MDSnap-Fr499_cleaned,IFP_ideal,11,11
Orai1WT-MDSnap-Fr499_cleaned,IGL_ideal,11,11
Orai1WT-MDSnap-Fr499_cleaned,ILW_ideal,11,11
Orai1WT-MDSnap-Fr499_cleaned,INV_ideal,11,11
Orai1WT-MDSnap-Fr499_cleaned,IOE_ideal,11,11
Orai1WT-MDSnap-Fr499_cleaned,IOF_ideal,11,11
Orai1WT-MDSnap-Fr499_cleaned,IOL_ideal,11,11
Orai1WT-MDSnap-Fr499_cleaned,IOY_ideal,11,11
Orai1WT-MDSnap-Fr499_cleaned,IPA_ideal,11,11
Orai1WT-MDSnap-Fr499_cleaned,IPH_ideal,11,11
Orai1WT-MDSnap-Fr499_cleaned,IS2_ideal,11,11
Orai1WT-MDSnap-Fr499_cleaned,ISA_ideal,11,11
Orai1WT-MDSnap-Fr499_cleaned,ISO_ideal,11,11
Orai1WT-MDSnap-Fr499_cleaned,ISP_ideal,11,11
Orai1WT-MDSnap-Fr499_cleaned,IXX_ideal,11,11
Orai1WT-MDSnap-Fr499_cleaned,J5Z_ideal,11,11
Orai1WT-MDSnap-Fr499_cleaned,JAL_ideal,11,11
Orai1WT-MDSnap-Fr499_cleaned,JBC_ideal,11,11
Orai1WT-MDSnap-Fr499_cleaned,K94_ideal,11,11
Orai1WT-MDSnap-Fr499_cleaned,KZF_ideal,11,11
Orai1WT-MDSnap-Fr499_cleaned,L02_ideal,11,11
Orai1WT-MDSnap-Fr499_cleaned,LAZ_ideal,11,11
Orai1WT-MDSnap-Fr499_cleaned,LCO_ideal,11,11
Orai1WT-MDSnap-Fr499_cleaned,LCP_ideal,11,11
Orai1WT-MDSnap-Fr499_cleaned,LJ1_ideal,11,11
Orai1WT-MDSnap-Fr499_cleaned,LJ2_ideal,11,11
Orai1WT-MDSnap-Fr499_cleaned,LJ3_ideal,11,11
Orai1WT-MDSnap-Fr499_cleaned,LJ4_ideal,11,11
Orai1WT-MDSnap-Fr499_cleaned,LJ5_ideal,11,11
Orai1WT-MDSnap-Fr499_cleaned,LL2_ideal,11,11
Orai1WT-MDSnap-Fr499_cleaned,LZ4_ideal,11,11
Orai1WT-MDSnap-Fr499_cleaned,LZ8_ideal,11,11
Orai1WT-MDSnap-Fr499_cleaned,LZE_ideal,11,11
Orai1WT-MDSnap-Fr499_cleaned,LZJ_ideal,11,11
Orai1WT-MDSnap-Fr499_cleaned,LZK_ideal,11,11
Orai1WT-MDSnap-Fr499_cleaned,M0N_ideal,11,11
Orai1WT-MDSnap-Fr499_cleaned,M25_ideal,11,11
Orai1WT-MDSnap-Fr499_cleaned,M28_ideal,11,11
Orai1WT-MDSnap-Fr499_cleaned,MAE_ideal,11,11
Orai1WT-MDSnap-Fr499_cleaned,MAH_ideal,11,11
Orai1WT-MDSnap-Fr499_cleaned,MAK_ideal,11,11
Orai1WT-MDSnap-Fr499_cleaned,MBN_ideal,11,11
Orai1WT-MDSnap-Fr499_cleaned,MBO_ideal,11,11
Orai1WT-MDSnap-Fr499_cleaned,MBT_ideal,11,11
Orai1WT-MDSnap-Fr499_cleaned,MD7_ideal,11,11
Orai1WT-MDSnap-Fr499_cleaned,MDD_ideal,11,11
Orai1WT-MDSnap-Fr499_cleaned,MDN_ideal,11,11
Orai1WT-MDSnap-Fr499_cleaned,MES_ideal,11,11
Orai1WT-MDSnap-Fr499_cleaned,MF3_ideal,11,11
Orai1WT-MDSnap-Fr499_cleaned,MFG_ideal,11,11
Orai1WT-MDSnap-Fr499_cleaned,MGR_ideal,11,11
Orai1WT-MDSnap-Fr499_cleaned,MLA_ideal,11,11
Orai1WT-MDSnap-Fr499_cleaned,MLI_ideal,11,11
Orai1WT-MDSnap-Fr499_cleaned,MM3_ideal,11,11
Orai1WT-MDSnap-Fr499_cleaned,MMQ_ideal,11,11
Orai1WT-MDSnap-Fr499_cleaned,MNN_ideal,11,11
Orai1WT-MDSnap-Fr499_cleaned,MNY_ideal,11,11
Orai1WT-MDSnap-Fr499_cleaned,MOO_ideal,11,11
Orai1WT-MDSnap-Fr499_cleaned,MOS_ideal,11,11
Orai1WT-MDSnap-Fr499_cleaned,MPB_ideal,11,11
Orai1WT-MDSnap-Fr499_cleaned,MPO_ideal,11,11
Orai1WT-MDSnap-Fr499_cleaned,MPX_ideal,11,11
Orai1WT-MDSnap-Fr499_cleaned,MR4_ideal,11,11
Orai1WT-MDSnap-Fr499_cleaned,MR5_ideal,11,11
Orai1WT-MDSnap-Fr499_cleaned,MR6_ideal,11,11
Orai1WT-MDSnap-Fr499_cleaned,MRE_ideal,11,11
Orai1WT-MDSnap-Fr499_cleaned,MSB_ideal,11,11
Orai1WT-MDSnap-Fr499_cleaned,MSR_ideal,11,11
Orai1WT-MDSnap-Fr499_cleaned,MTN_ideal,11,11
Orai1WT-MDSnap-Fr499_cleaned,MXT_ideal,11,11
Orai1WT-MDSnap-Fr499_cleaned,N2P_ideal,11,11
Orai1WT-MDSnap-Fr499_cleaned,N4E_ideal,11,11
Orai1WT-MDSnap-Fr499_cleaned,N5B_ideal,11,11
Orai1WT-MDSnap-Fr499_cleaned,N6W_ideal,11,11
Orai1WT-MDSnap-Fr499_cleaned,NAF_ideal,11,11
Orai1WT-MDSnap-Fr499_cleaned,NBU_ideal,11,11
Orai1WT-MDSnap-Fr499_cleaned,NDD_ideal,11,11
Orai1WT-MDSnap-Fr499_cleaned,NEN_ideal,11,11
Orai1WT-MDSnap-Fr499_cleaned,NEQ_ideal,11,11
Orai1WT-MDSnap-Fr499_cleaned,NFA_ideal,11,11
Orai1WT-MDSnap-Fr499_cleaned,NHE_ideal,11,11
Orai1WT-MDSnap-Fr499_cleaned,NIN_ideal,11,11
Orai1WT-MDSnap-Fr499_cleaned,NIZ_ideal,11,11
Orai1WT-MDSnap-Fr499_cleaned,NNB_ideal,11,11
Orai1WT-MDSnap-Fr499_cleaned,NNC_ideal,11,11
Orai1WT-MDSnap-Fr499_cleaned,NNI_ideal,11,11
Orai1WT-MDSnap-Fr499_cleaned,NO3_ideal,11,11
Orai1WT-MDSnap-Fr499_cleaned,NPO_ideal,11,11
Orai1WT-MDSnap-Fr499_cleaned,NTD_ideal,11,11
Orai1WT-MDSnap-Fr499_cleaned,NYL_ideal,11,11
Orai1WT-MDSnap-Fr499_cleaned,ODS_ideal,11,11
Orai1WT-MDSnap-Fr499_cleaned,OPP_ideal,11,11
Orai1WT-MDSnap-Fr499_cleaned,OSP_ideal,11,11
Orai1WT-MDSnap-Fr499_cleaned,OX3_ideal,11,11
Orai1WT-MDSnap-Fr499_cleaned,OX5_ideal,11,11
Orai1WT-MDSnap-Fr499_cleaned,OX6_ideal,11,11
Orai1WT-MDSnap-Fr499_cleaned,OX7_ideal,11,11
Orai1WT-MDSnap-Fr499_cleaned,OXC_ideal,11,11
Orai1WT-MDSnap-Fr499_cleaned,OXD_ideal,11,11
Orai1WT-MDSnap-Fr499_cleaned,P2Z_ideal,11,11
Orai1WT-MDSnap-Fr499_cleaned,PAB_ideal,11,11
Orai1WT-MDSnap-Fr499_cleaned,PAC_ideal,11,11
Orai1WT-MDSnap-Fr499_cleaned,PB2_ideal,11,11
Orai1WT-MDSnap-Fr499_cleaned,PBA_ideal,11,11
Orai1WT-MDSnap-Fr499_cleaned,PBC_ideal,11,11
Orai1WT-MDSnap-Fr499_cleaned,PBN_ideal,11,11
Orai1WT-MDSnap-Fr499_cleaned,PBR_ideal,11,11
Orai1WT-MDSnap-Fr499_cleaned,PCB_ideal,11,11
Orai1WT-MDSnap-Fr499_cleaned,PCQ_ideal,11,11
Orai1WT-MDSnap-Fr499_cleaned,PCR_ideal,11,11
Orai1WT-MDSnap-Fr499_cleaned,PCS_ideal,11,11
Orai1WT-MDSnap-Fr499_cleaned,PC_ideal,11,11
Orai1WT-MDSnap-Fr499_cleaned,PDC_ideal,11,11
Orai1WT-MDSnap-Fr499_cleaned,PDO_ideal,11,11
Orai1WT-MDSnap-Fr499_cleaned,PEA_ideal,11,11
Orai1WT-MDSnap-Fr499_cleaned,PEL_ideal,11,11
Orai1WT-MDSnap-Fr499_cleaned,PFB_ideal,11,11
Orai1WT-MDSnap-Fr499_cleaned,PFL_ideal,11,11
Orai1WT-MDSnap-Fr499_cleaned,PH3_ideal,11,11
Orai1WT-MDSnap-Fr499_cleaned,PHB_ideal,11,11
Orai1WT-MDSnap-Fr499_cleaned,PHE_ideal,11,11
Orai1WT-MDSnap-Fr499_cleaned,PHI_ideal,11,11
Orai1WT-MDSnap-Fr499_cleaned,PHJ_ideal,11,11
Orai1WT-MDSnap-Fr499_cleaned,PHK_ideal,11,11
Orai1WT-MDSnap-Fr499_cleaned,PHL_ideal,11,11
Orai1WT-MDSnap-Fr499_cleaned,PHN_ideal,11,11
Orai1WT-MDSnap-Fr499_cleaned,PHQ_ideal,11,11
Orai1WT-MDSnap-Fr499_cleaned,PHT_ideal,11,11
Orai1WT-MDSnap-Fr499_cleaned,PIH_ideal,11,11
Orai1WT-MDSnap-Fr499_cleaned,PIM_ideal,11,11
Orai1WT-MDSnap-Fr499_cleaned,PIT_ideal,11,11
Orai1WT-MDSnap-Fr499_cleaned,PIU_ideal,11,11
Orai1WT-MDSnap-Fr499_cleaned,PLU_ideal,11,11
Orai1WT-MDSnap-Fr499_cleaned,PMA_ideal,11,11
Orai1WT-MDSnap-Fr499_cleaned,PMB_ideal,11,11
Orai1WT-MDSnap-Fr499_cleaned,PMS_ideal,11,11
Orai1WT-MDSnap-Fr499_cleaned,PN6_ideal,11,11
Orai1WT-MDSnap-Fr499_cleaned,PO4_ideal,11,11
Orai1WT-MDSnap-Fr499_cleaned,PP1_ideal,11,11
Orai1WT-MDSnap-Fr499_cleaned,PP2_ideal,11,11
Orai1WT-MDSnap-Fr499_cleaned,PPK_ideal,11,11
Orai1WT-MDSnap-Fr499_cleaned,PPT_ideal,11,11
Orai1WT-MDSnap-Fr499_cleaned,PPV_ideal,11,11
Orai1WT-MDSnap-Fr499_cleaned,PPY_ideal,11,11
Orai1WT-MDSnap-Fr499_cleaned,PRA_ideal,11,11
Orai1WT-MDSnap-Fr499_cleaned,PRL_ideal,11,11
Orai1WT-MDSnap-Fr499_cleaned,PS5_ideal,11,11
Orai1WT-MDSnap-Fr499_cleaned,PS9_ideal,11,11
Orai1WT-MDSnap-Fr499_cleaned,PSY_ideal,11,11
Orai1WT-MDSnap-Fr499_cleaned,PTD_ideal,11,11
Orai1WT-MDSnap-Fr499_cleaned,PTU_ideal,11,11
Orai1WT-MDSnap-Fr499_cleaned,PUT_ideal,11,11
Orai1WT-MDSnap-Fr499_cleaned,PYE_ideal,11,11
Orai1WT-MDSnap-Fr499_cleaned,PYU_ideal,11,11
Orai1WT-MDSnap-Fr499_cleaned,PZE_ideal,11,11
Orai1WT-MDSnap-Fr499_cleaned,QA9_ideal,11,11
Orai1WT-MDSnap-Fr499_cleaned,R1F_ideal,11,11
Orai1WT-MDSnap-Fr499_cleaned,RCO_ideal,11,11
Orai1WT-MDSnap-Fr499_cleaned,RCX_ideal,11,11
Orai1WT-MDSnap-Fr499_cleaned,RE2_ideal,11,11
Orai1WT-MDSnap-Fr499_cleaned,RF1_ideal,11,11
Orai1WT-MDSnap-Fr499_cleaned,RF2_ideal,11,11
Orai1WT-MDSnap-Fr499_cleaned,RIS_ideal,11,11
Orai1WT-MDSnap-Fr499_cleaned,RJ6_ideal,11,11
Orai1WT-MDSnap-Fr499_cleaned,RMN_ideal,11,11
Orai1WT-MDSnap-Fr499_cleaned,RNO_ideal,11,11
Orai1WT-MDSnap-Fr499_cleaned,ROK_ideal,11,11
Orai1WT-MDSnap-Fr499_cleaned,RSO_ideal,11,11
Orai1WT-MDSnap-Fr499_cleaned,S3V_ideal,11,11
Orai1WT-MDSnap-Fr499_cleaned,SAN_ideal,11,11
Orai1WT-MDSnap-Fr499_cleaned,SBE_ideal,11,11
Orai1WT-MDSnap-Fr499_cleaned,SBN_ideal,11,11
Orai1WT-MDSnap-Fr499_cleaned,SBO_ideal,11,11
Orai1WT-MDSnap-Fr499_cleaned,SBZ_ideal,11,11
Orai1WT-MDSnap-Fr499_cleaned,SE4_ideal,11,11
Orai1WT-MDSnap-Fr499_cleaned,SFY_ideal,11,11
Orai1WT-MDSnap-Fr499_cleaned,SIF_ideal,11,11
Orai1WT-MDSnap-Fr499_cleaned,SIN_ideal,11,11
Orai1WT-MDSnap-Fr499_cleaned,SMN_ideal,11,11
Orai1WT-MDSnap-Fr499_cleaned,SNO_ideal,11,11
Orai1WT-MDSnap-Fr499_cleaned,SO2_ideal,11,11
Orai1WT-MDSnap-Fr499_cleaned,SO4_ideal,11,11
Orai1WT-MDSnap-Fr499_cleaned,SS2_ideal,11,11
Orai1WT-MDSnap-Fr499_cleaned,STC_ideal,11,11
Orai1WT-MDSnap-Fr499_cleaned,STF_ideal,11,11
Orai1WT-MDSnap-Fr499_cleaned,STL_ideal,11,11
Orai1WT-MDSnap-Fr499_cleaned,SVA_ideal,11,11
Orai1WT-MDSnap-Fr499_cleaned,SXX_ideal,11,11
Orai1WT-MDSnap-Fr499_cleaned,SYR_ideal,11,11
Orai1WT-MDSnap-Fr499_cleaned,T13_ideal,11,11
Orai1WT-MDSnap-Fr499_cleaned,T2D_ideal,11,11
Orai1WT-MDSnap-Fr499_cleaned,T2M_ideal,11,11
Orai1WT-MDSnap-Fr499_cleaned,TAR_ideal,11,11
Orai1WT-MDSnap-Fr499_cleaned,TAS_ideal,11,11
Orai1WT-MDSnap-Fr499_cleaned,TBF_ideal,11,11
Orai1WT-MDSnap-Fr499_cleaned,TBP_ideal,11,11
Orai1WT-MDSnap-Fr499_cleaned,TBU_ideal,11,11
Orai1WT-MDSnap-Fr499_cleaned,TCA_ideal,11,11
Orai1WT-MDSnap-Fr499_cleaned,TCO_ideal,11,11
Orai1WT-MDSnap-Fr499_cleaned,TCV_ideal,11,11
Orai1WT-MDSnap-Fr499_cleaned,TCZ_ideal,11,11
Orai1WT-MDSnap-Fr499_cleaned,TF4_ideal,11,11
Orai1WT-MDSnap-Fr499_cleaned,TF9_ideal,11,11
Orai1WT-MDSnap-Fr499_cleaned,TFL_ideal,11,11
Orai1WT-MDSnap-Fr499_cleaned,TFM_ideal,11,11
Orai1WT-MDSnap-Fr499_cleaned,TFQ_ideal,11,11
Orai1WT-MDSnap-Fr499_cleaned,TIK_ideal,11,11
Orai1WT-MDSnap-Fr499_cleaned,TLA_ideal,11,11
Orai1WT-MDSnap-Fr499_cleaned,TMA_ideal,11,11
Orai1WT-MDSnap-Fr499_cleaned,TMM_ideal,11,11
Orai1WT-MDSnap-Fr499_cleaned,TNE_ideal,11,11
Orai1WT-MDSnap-Fr499_cleaned,TNF_ideal,11,11
Orai1WT-MDSnap-Fr499_cleaned,TNL_ideal,11,11
Orai1WT-MDSnap-Fr499_cleaned,TP0_ideal,11,11
Orai1WT-MDSnap-Fr499_cleaned,TPA_ideal,11,11
Orai1WT-MDSnap-Fr499_cleaned,TPB_ideal,11,11
Orai1WT-MDSnap-Fr499_cleaned,TPR_ideal,11,11
Orai1WT-MDSnap-Fr499_cleaned,TQ5_ideal,11,11
Orai1WT-MDSnap-Fr499_cleaned,TRI_ideal,11,11
Orai1WT-MDSnap-Fr499_cleaned,TRS_ideal,11,11
Orai1WT-MDSnap-Fr499_cleaned,TSU_ideal,11,11
Orai1WT-MDSnap-Fr499_cleaned,TTN_ideal,11,11
Orai1WT-MDSnap-Fr499_cleaned,TYB_ideal,11,11
Orai1WT-MDSnap-Fr499_cleaned,TYC_ideal,11,11
Orai1WT-MDSnap-Fr499_cleaned,TYI_ideal,11,11
Orai1WT-MDSnap-Fr499_cleaned,TYL_ideal,11,11
Orai1WT-MDSnap-Fr499_cleaned,TYR_ideal,11,11
Orai1WT-MDSnap-Fr499_cleaned,TYZ_ideal,11,11
Orai1WT-MDSnap-Fr499_cleaned,U32_ideal,11,11
Orai1WT-MDSnap-Fr499_cleaned,U55_ideal,11,11
Orai1WT-MDSnap-Fr499_cleaned,UA5_ideal,11,11
Orai1WT-MDSnap-Fr499_cleaned,UAS_ideal,11,11
Orai1WT-MDSnap-Fr499_cleaned,UN3_ideal,11,11
Orai1WT-MDSnap-Fr499_cleaned,UQA_ideal,11,11
Orai1WT-MDSnap-Fr499_cleaned,URE_ideal,11,11
Orai1WT-MDSnap-Fr499_cleaned,URS_ideal,11,11
Orai1WT-MDSnap-Fr499_cleaned,V35_ideal,11,11
Orai1WT-MDSnap-Fr499_cleaned,V36_ideal,11,11
Orai1WT-MDSnap-Fr499_cleaned,V4O_ideal,11,11
Orai1WT-MDSnap-Fr499_cleaned,VES_ideal,11,11
Orai1WT-MDSnap-Fr499_cleaned,VII_ideal,11,11
Orai1WT-MDSnap-Fr499_cleaned,VSO_ideal,11,11
Orai1WT-MDSnap-Fr499_cleaned,VVM_ideal,11,11
Orai1WT-MDSnap-Fr499_cleaned,W1P_ideal,11,11
Orai1WT-MDSnap-Fr499_cleaned,WSK_ideal,11,11
Orai1WT-MDSnap-Fr499_cleaned,WWZ_ideal,11,11
Orai1WT-MDSnap-Fr499_cleaned,WYB_ideal,11,11
Orai1WT-MDSnap-Fr499_cleaned,XB2_ideal,11,11
Orai1WT-MDSnap-Fr499_cleaned,XEW_ideal,11,11
Orai1WT-MDSnap-Fr499_cleaned,XP1_ideal,11,11
Orai1WT-MDSnap-Fr499_cleaned,XQZ_ideal,11,11
Orai1WT-MDSnap-Fr499_cleaned,XZ5_ideal,11,11
Orai1WT-MDSnap-Fr499_cleaned,YAN_ideal,11,11
Orai1WT-MDSnap-Fr499_cleaned,YPQ_ideal,11,11
Orai1WT-MDSnap-Fr499_cleaned,YRL_ideal,11,11
Orai1WT-MDSnap-Fr499_cleaned,YTT_ideal,11,11
Orai1WT-MDSnap-Fr499_cleaned,YTZ_ideal,11,11
Orai1WT-MDSnap-Fr499_cleaned,ZHZ_ideal,11,11
Orai1WT-MDSnap-Fr499_cleaned,ZOL_ideal,11,11
Orai1WT-MDSnap-Fr499_cleaned,ZYS_ideal,11,11
Orai1WT-MDSnap-Fr499_cleaned,ZYX_ideal,11,11
Orai1WT-START-Fr0_cleaned,007_ideal,11,11
Orai1WT-START-Fr0_cleaned,010_ideal,11,11
Orai1WT-START-Fr0_cleaned,08D_ideal,11,11
Orai1WT-START-Fr0_cleaned,0A9_ideal,11,11
Orai1WT-START-Fr0_cleaned,13X_ideal,11,11
Orai1WT-START-Fr0_cleaned,144_ideal,11,11
Orai1WT-START-Fr0_cleaned,150_ideal,11,11
Orai1WT-START-Fr0_cleaned,152_ideal,11,11
Orai1WT-START-Fr0_cleaned,171_ideal,11,11
Orai1WT-START-Fr0_cleaned,173_ideal,11,11
Orai1WT-START-Fr0_cleaned,174_ideal,11,11
Orai1WT-START-Fr0_cleaned,178_ideal,11,11
Orai1WT-START-Fr0_cleaned,1AL_ideal,11,11
Orai1WT-START-Fr0_cleaned,1BN_ideal,11,11
Orai1WT-START-Fr0_cleaned,1CM_ideal,11,11
Orai1WT-START-Fr0_cleaned,1CY_ideal,11,11
Orai1WT-START-Fr0_cleaned,1JZ_ideal,11,11
Orai1WT-START-Fr0_cleaned,1K5_ideal,11,11
Orai1WT-START-Fr0_cleaned,1OH_ideal,11,11
Orai1WT-START-Fr0_cleaned,1PC_ideal,11,11
Orai1WT-START-Fr0_cleaned,1WE_ideal,11,11
Orai1WT-START-Fr0_cleaned,201_ideal,11,11
Orai1WT-START-Fr0_cleaned,205_ideal,11,11
Orai1WT-START-Fr0_cleaned,210_ideal,11,11
Orai1WT-START-Fr0_cleaned,21B_ideal,11,11
Orai1WT-START-Fr0_cleaned,221_ideal,11,11
Orai1WT-START-Fr0_cleaned,22F_ideal,11,11
Orai1WT-START-Fr0_cleaned,231_ideal,11,11
Orai1WT-START-Fr0_cleaned,23F_ideal,11,11
Orai1WT-START-Fr0_cleaned,251_ideal,11,11
Orai1WT-START-Fr0_cleaned,256_ideal,11,11
Orai1WT-START-Fr0_cleaned,268_ideal,11,11
Orai1WT-START-Fr0_cleaned,26C_ideal,11,11
Orai1WT-START-Fr0_cleaned,270_ideal,11,11
Orai1WT-START-Fr0_cleaned,283_ideal,11,11
Orai1WT-START-Fr0_cleaned,299_ideal,11,11
Orai1WT-START-Fr0_cleaned,2C7_ideal,11,11
Orai1WT-START-Fr0_cleaned,2H3_ideal,11,11
Orai1WT-START-Fr0_cleaned,2HA_ideal,11,11
Orai1WT-START-Fr0_cleaned,2HP_ideal,11,11
Orai1WT-START-Fr0_cleaned,2OH_ideal,11,11
Orai1WT-START-Fr0_cleaned,328_ideal,11,11
Orai1WT-START-Fr0_cleaned,36M_ideal,11,11
Orai1WT-START-Fr0_cleaned,3FG_ideal,11,11
Orai1WT-START-Fr0_cleaned,3G3_ideal,11,11
Orai1WT-START-Fr0_cleaned,3HG_ideal,11,11
Orai1WT-START-Fr0_cleaned,3IM_ideal,11,11
Orai1WT-START-Fr0_cleaned,3MI_ideal,11,11
Orai1WT-START-Fr0_cleaned,3PO_ideal,11,11
Orai1WT-START-Fr0_cleaned,3RL_ideal,11,11
Orai1WT-START-Fr0_cleaned,3SY_ideal,11,11
Orai1WT-START-Fr0_cleaned,416_ideal,11,11
Orai1WT-START-Fr0_cleaned,41A_ideal,11,11
Orai1WT-START-Fr0_cleaned,44B_ideal,11,11
Orai1WT-START-Fr0_cleaned,4AZ_ideal,11,11
Orai1WT-START-Fr0_cleaned,4BB_ideal,11,11
Orai1WT-START-Fr0_cleaned,4BR_ideal,11,11
Orai1WT-START-Fr0_cleaned,4BZ_ideal,11,11
Orai1WT-START-Fr0_cleaned,4CB_ideal,11,11
Orai1WT-START-Fr0_cleaned,4CH_ideal,11,11
Orai1WT-START-Fr0_cleaned,4FA_ideal,11,11
Orai1WT-START-Fr0_cleaned,4FC_ideal,11,11
Orai1WT-START-Fr0_cleaned,4FP_ideal,11,11
Orai1WT-START-Fr0_cleaned,4J8_ideal,11,11
Orai1WT-START-Fr0_cleaned,4KS_ideal,11,11
Orai1WT-START-Fr0_cleaned,4MB_ideal,11,11
Orai1WT-START-Fr0_cleaned,4ND_ideal,11,11
Orai1WT-START-Fr0_cleaned,4NL_ideal,11,11
Orai1WT-START-Fr0_cleaned,4NP_ideal,11,11
Orai1WT-START-Fr0_cleaned,4PG_ideal,11,11
Orai1WT-START-Fr0_cleaned,4PI_ideal,11,11
Orai1WT-START-Fr0_cleaned,4PN_ideal,11,11
Orai1WT-START-Fr0_cleaned,4SM_ideal,11,11
Orai1WT-START-Fr0_cleaned,4SO_ideal,11,11
Orai1WT-START-Fr0_cleaned,505_ideal,11,11
Orai1WT-START-Fr0_cleaned,521_ideal,11,11
Orai1WT-START-Fr0_cleaned,566_ideal,11,11
Orai1WT-START-Fr0_cleaned,572_ideal,11,11
Orai1WT-START-Fr0_cleaned,5AN_ideal,11,11
Orai1WT-START-Fr0_cleaned,5B3_ideal,11,11
Orai1WT-START-Fr0_cleaned,641_ideal,11,11
Orai1WT-START-Fr0_cleaned,6BD_ideal,11,11
Orai1WT-START-Fr0_cleaned,6LH_ideal,11,11
Orai1WT-START-Fr0_cleaned,6LR_ideal,11,11
Orai1WT-START-Fr0_cleaned,6WT_ideal,11,11
Orai1WT-START-Fr0_cleaned,787_ideal,11,11
Orai1WT-START-Fr0_cleaned,791_ideal,11,11
Orai1WT-START-Fr0_cleaned,7BD_ideal,11,11
Orai1WT-START-Fr0_cleaned,7N8_ideal,11,11
Orai1WT-START-Fr0_cleaned,7TI_ideal,11,11
Orai1WT-START-Fr0_cleaned,80G_ideal,11,11
Orai1WT-START-Fr0_cleaned,911_ideal,11,11
Orai1WT-START-Fr0_cleaned,92G_ideal,11,11
Orai1WT-START-Fr0_cleaned,949_ideal,11,11
Orai1WT-START-Fr0_cleaned,9CA_ideal,11,11
Orai1WT-START-Fr0_cleaned,9Y6_ideal,11,11
Orai1WT-START-Fr0_cleaned,A1AIA_ideal,11,11
Orai1WT-START-Fr0_cleaned,A1AIK_ideal,11,11
Orai1WT-START-Fr0_cleaned,A1AT0_ideal,11,11
Orai1WT-START-Fr0_cleaned,A1CR0_ideal,11,11
Orai1WT-START-Fr0_cleaned,A1EEY_ideal,11,11
Orai1WT-START-Fr0_cleaned,A1IPI_ideal,11,11
Orai1WT-START-Fr0_cleaned,A1JBL_ideal,11,11
Orai1WT-START-Fr0_cleaned,A1LWH_ideal,11,11
Orai1WT-START-Fr0_cleaned,A26_ideal,11,11
Orai1WT-START-Fr0_cleaned,A3M_ideal,11,11
Orai1WT-START-Fr0_cleaned,A41_ideal,11,11
Orai1WT-START-Fr0_cleaned,A56_ideal,11,11
Orai1WT-START-Fr0_cleaned,AAN_ideal,11,11
Orai1WT-START-Fr0_cleaned,ABN_ideal,11,11
Orai1WT-START-Fr0_cleaned,AC0_ideal,11,11
Orai1WT-START-Fr0_cleaned,AC5_ideal,11,11
Orai1WT-START-Fr0_cleaned,ACH_ideal,11,11
Orai1WT-START-Fr0_cleaned,ADB_ideal,11,11
Orai1WT-START-Fr0_cleaned,AEF_ideal,11,11
Orai1WT-START-Fr0_cleaned,AES_ideal,11,11
Orai1WT-START-Fr0_cleaned,AHC_ideal,11,11
Orai1WT-START-Fr0_cleaned,AL2_ideal,11,11
Orai1WT-START-Fr0_cleaned,ALC_ideal,11,11
Orai1WT-START-Fr0_cleaned,ALF_ideal,11,11
Orai1WT-START-Fr0_cleaned,ALQ_ideal,11,11
Orai1WT-START-Fr0_cleaned,ALR_ideal,11,11
Orai1WT-START-Fr0_cleaned,AM4_ideal,11,11
Orai1WT-START-Fr0_cleaned,AMC_ideal,11,11
Orai1WT-START-Fr0_cleaned,AN1_ideal,11,11
Orai1WT-START-Fr0_cleaned,ANL_ideal,11,11
Orai1WT-START-Fr0_cleaned,ANN_ideal,11,11
Orai1WT-START-Fr0_cleaned,APF_ideal,11,11
Orai1WT-START-Fr0_cleaned,APG_ideal,11,11
Orai1WT-START-Fr0_cleaned,APL_ideal,11,11
Orai1WT-START-Fr0_cleaned,ARL_ideal,11,11
Orai1WT-START-Fr0_cleaned,ASR_ideal,11,11
Orai1WT-START-Fr0_cleaned,AST_ideal,11,11
Orai1WT-START-Fr0_cleaned,AX3_ideal,11,11
Orai1WT-START-Fr0_cleaned,B1T_ideal,11,11
Orai1WT-START-Fr0_cleaned,B1V_ideal,11,11
Orai1WT-START-Fr0_cleaned,B2F_ideal,11,11
Orai1WT-START-Fr0_cleaned,B40_ideal,11,11
Orai1WT-START-Fr0_cleaned,BAS_ideal,11,11
Orai1WT-START-Fr0_cleaned,BBS_ideal,11,11
Orai1WT-START-Fr0_cleaned,BBT_ideal,11,11
Orai1WT-START-Fr0_cleaned,BC1_ideal,11,11
Orai1WT-START-Fr0_cleaned,BCE_ideal,11,11
Orai1WT-START-Fr0_cleaned,BDB_ideal,11,11
Orai1WT-START-Fr0_cleaned,BEK_ideal,11,11
Orai1WT-START-Fr0_cleaned,BET_ideal,11,11
Orai1WT-START-Fr0_cleaned,BEZ_ideal,11,11
Orai1WT-START-Fr0_cleaned,BFD_ideal,11,11
Orai1WT-START-Fr0_cleaned,BFL_ideal,11,11
Orai1WT-START-Fr0_cleaned,BHO_ideal,11,11
Orai1WT-START-Fr0_cleaned,BHQ_ideal,11,11
Orai1WT-START-Fr0_cleaned,BIF_ideal,11,11
Orai1WT-START-Fr0_cleaned,BIH_ideal,11,11
Orai1WT-START-Fr0_cleaned,BIP_ideal,11,11
Orai1WT-START-Fr0_cleaned,BMU_ideal,11,11
Orai1WT-START-Fr0_cleaned,BNF_ideal,11,11
Orai1WT-START-Fr0_cleaned,BNS_ideal,11,11
Orai1WT-START-Fr0_cleaned,BO3_ideal,11,11
Orai1WT-START-Fr0_cleaned,BOS_ideal,11,11
Orai1WT-START-Fr0_cleaned,BP4_ideal,11,11
Orai1WT-START-Fr0_cleaned,BP6_ideal,11,11
Orai1WT-START-Fr0_cleaned,BPZ_ideal,11,11
Orai1WT-START-Fr0_cleaned,BRB_ideal,11,11
Orai1WT-START-Fr0_cleaned,BRV_ideal,11,11
Orai1WT-START-Fr0_cleaned,BS4_ideal,11,11
Orai1WT-START-Fr0_cleaned,BSB_ideal,11,11
Orai1WT-START-Fr0_cleaned,BSU_ideal,11,11
Orai1WT-START-Fr0_cleaned,BTL_ideal,11,11
Orai1WT-START-Fr0_cleaned,BTP_ideal,11,11
Orai1WT-START-Fr0_cleaned,BU1_ideal,11,11
Orai1WT-START-Fr0_cleaned,BUM_ideal,11,11
Orai1WT-START-Fr0_cleaned,BZM_ideal,11,11
Orai1WT-START-Fr0_cleaned,BZQ_ideal,11,11
Orai1WT-START-Fr0_cleaned,C1R_ideal,11,11
Orai1WT-START-Fr0_cleaned,C5U_ideal,11,11
Orai1WT-START-Fr0_cleaned,CAD_ideal,11,11
Orai1WT-START-Fr0_cleaned,CAQ_ideal,11,11
Orai1WT-START-Fr0_cleaned,CAX_ideal,11,11
Orai1WT-START-Fr0_cleaned,CBQ_ideal,11,11
Orai1WT-START-Fr0_cleaned,CCB_ideal,11,11
Orai1WT-START-Fr0_cleaned,CCE_ideal,11,11
Orai1WT-START-Fr0_cleaned,CDX_ideal,11,11
Orai1WT-START-Fr0_cleaned,CEQ_ideal,11,11
Orai1WT-START-Fr0_cleaned,CHT_ideal,11,11
Orai1WT-START-Fr0_cleaned,CHZ_ideal,11,11
Orai1WT-START-Fr0_cleaned,CIU_ideal,11,11
Orai1WT-START-Fr0_cleaned,CK4_ideal,11,11
Orai1WT-START-Fr0_cleaned,CLT_ideal,11,11
Orai1WT-START-Fr0_cleaned,CLU_ideal,11,11
Orai1WT-START-Fr0_cleaned,CNH_ideal,11,11
Orai1WT-START-Fr0_cleaned,CO2_ideal,11,11
Orai1WT-START-Fr0_cleaned,CO3_ideal,11,11
Orai1WT-START-Fr0_cleaned,COX_ideal,11,11
Orai1WT-START-Fr0_cleaned,CP5_ideal,11,11
Orai1WT-START-Fr0_cleaned,CPZ_ideal,11,11
Orai1WT-START-Fr0_cleaned,CRZ_ideal,11,11
Orai1WT-START-Fr0_cleaned,CUL_ideal,11,11
Orai1WT-START-Fr0_cleaned,CVB_ideal,11,11
Orai1WT-START-Fr0_cleaned,CXF_ideal,11,11
Orai1WT-START-Fr0_cleaned,CXL_ideal,11,11
Orai1WT-START-Fr0_cleaned,CXP_ideal,11,11
Orai1WT-START-Fr0_cleaned,CYH_ideal,11,11
Orai1WT-START-Fr0_cleaned,D1D_ideal,11,11
Orai1WT-START-Fr0_cleaned,D4G_ideal,11,11
Orai1WT-START-Fr0_cleaned,D4P_ideal,11,11
Orai1WT-START-Fr0_cleaned,D8W_ideal,11,11
Orai1WT-START-Fr0_cleaned,DBA_ideal,11,11
Orai1WT-START-Fr0_cleaned,DBE_ideal,11,11
Orai1WT-START-Fr0_cleaned,DBF_ideal,11,11
Orai1WT-START-Fr0_cleaned,DBY_ideal,11,11
Orai1WT-START-Fr0_cleaned,DCD_ideal,11,11
Orai1WT-START-Fr0_cleaned,DCO_ideal,11,11
Orai1WT-START-Fr0_cleaned,DDP_ideal,11,11
Orai1WT-START-Fr0_cleaned,DES_ideal,11,11
Orai1WT-START-Fr0_cleaned,DFA_ideal,11,11
Orai1WT-START-Fr0_cleaned,DFP_ideal,11,11
Orai1WT-START-Fr0_cleaned,DHR_ideal,11,11
Orai1WT-START-Fr0_cleaned,DIF_ideal,11,11
Orai1WT-START-Fr0_cleaned,DII_ideal,11,11
Orai1WT-START-Fr0_cleaned,DIO_ideal,11,11
Orai1WT-START-Fr0_cleaned,DMB_ideal,11,11
Orai1WT-START-Fr0_cleaned,DMF_ideal,11,11
Orai1WT-START-Fr0_cleaned,DMS_ideal,11,11
Orai1WT-START-Fr0_cleaned,DMW_ideal,11,11
Orai1WT-START-Fr0_cleaned,DMZ_ideal,11,11
Orai1WT-START-Fr0_cleaned,DNQ_ideal,11,11
Orai1WT-START-Fr0_cleaned,DP4_ideal,11,11
Orai1WT-START-Fr0_cleaned,DPJ_ideal,11,11
Orai1WT-START-Fr0_cleaned,DPN_ideal,11,11
Orai1WT-START-Fr0_cleaned,DPT_ideal,11,11
Orai1WT-START-Fr0_cleaned,DQN_ideal,11,11
Orai1WT-START-Fr0_cleaned,DSM_ideal,11,11
Orai1WT-START-Fr0_cleaned,DTD_ideal,11,11
Orai1WT-START-Fr0_cleaned,DTY_ideal,11,11
Orai1WT-START-Fr0_cleaned,DXE_ideal,11,11
Orai1WT-START-Fr0_cleaned,DXX_ideal,11,11
Orai1WT-START-Fr0_cleaned,DZ1_ideal,11,11
Orai1WT-START-Fr0_cleaned,DZ2_ideal,11,11
Orai1WT-START-Fr0_cleaned,DZ3_ideal,11,11
Orai1WT-START-Fr0_cleaned,DZZ_ideal,11,11
Orai1WT-START-Fr0_cleaned,E1P_ideal,11,11
Orai1WT-START-Fr0_cleaned,E4B_ideal,11,11
Orai1WT-START-Fr0_cleaned,EAO_ideal,11,11
Orai1WT-START-Fr0_cleaned,EDN_ideal,11,11
Orai1WT-START-Fr0_cleaned,EF6_ideal,11,11
Orai1WT-START-Fr0_cleaned,EI3_ideal,11,11
Orai1WT-START-Fr0_cleaned,EMR_ideal,11,11
Orai1WT-START-Fr0_cleaned,ENO_ideal,11,11
Orai1WT-START-Fr0_cleaned,EOU_ideal,11,11
Orai1WT-START-Fr0_cleaned,ESA_ideal,11,11
Orai1WT-START-Fr0_cleaned,ETF_ideal,11,11
Orai1WT-START-Fr0_cleaned,ETM_ideal,11,11
Orai1WT-START-Fr0_cleaned,ETZ_ideal,11,11
Orai1WT-START-Fr0_cleaned,EYK_ideal,11,11
Orai1WT-START-Fr0_cleaned,F3F_ideal,11,11
Orai1WT-START-Fr0_cleaned,F6B_ideal,11,11
Orai1WT-START-Fr0_cleaned,FAC_ideal,11,11
Orai1WT-START-Fr0_cleaned,FBA_ideal,11,11
Orai1WT-START-Fr0_cleaned,FBC_ideal,11,11
Orai1WT-START-Fr0_cleaned,FBS_ideal,11,11
Orai1WT-START-Fr0_cleaned,FBT_ideal,11,11
Orai1WT-START-Fr0_cleaned,FBU_ideal,11,11
Orai1WT-START-Fr0_cleaned,FCR_ideal,11,11
Orai1WT-START-Fr0_cleaned,FFB_ideal,11,11
Orai1WT-START-Fr0_cleaned,FGL_ideal,11,11
Orai1WT-START-Fr0_cleaned,FHC_ideal,11,11
Orai1WT-START-Fr0_cleaned,FLA_ideal,11,11
Orai1WT-START-Fr0_cleaned,FNP_ideal,11,11
Orai1WT-START-Fr0_cleaned,FOS_ideal,11,11
Orai1WT-START-Fr0_cleaned,FPI_ideal,11,11
Orai1WT-START-Fr0_cleaned,FPO_ideal,11,11
Orai1WT-START-Fr0_cleaned,FUM_ideal,11,11
Orai1WT-START-Fr0_cleaned,G1L_ideal,11,11
Orai1WT-START-Fr0_cleaned,G2H_ideal,11,11
Orai1WT-START-Fr0_cleaned,G50_ideal,11,11
Orai1WT-START-Fr0_cleaned,GAI_ideal,11,11
Orai1WT-START-Fr0_cleaned,GB5_ideal,11,11
Orai1WT-START-Fr0_cleaned,GBN_ideal,11,11
Orai1WT-START-Fr0_cleaned,GBS_ideal,11,11
Orai1WT-START-Fr0_cleaned,GD7_ideal,11,11
Orai1WT-START-Fr0_cleaned,GD8_ideal,11,11
Orai1WT-START-Fr0_cleaned,GG5_ideal,11,11
Orai1WT-START-Fr0_cleaned,GHP_ideal,11,11
Orai1WT-START-Fr0_cleaned,GJZ_ideal,11,11
Orai1WT-START-Fr0_cleaned,GOL_ideal,11,11
Orai1WT-START-Fr0_cleaned,GP6_ideal,11,11
Orai1WT-START-Fr0_cleaned,GUA_ideal,11,11
Orai1WT-START-Fr0_cleaned,GVC_ideal,11,11
Orai1WT-START-Fr0_cleaned,GVN_ideal,11,11
Orai1WT-START-Fr0_cleaned,GVO_ideal,11,11
Orai1WT-START-Fr0_cleaned,GVQ_ideal,11,11
Orai1WT-START-Fr0_cleaned,GZB_ideal,11,11
Orai1WT-START-Fr0_cleaned,H11_ideal,11,11
Orai1WT-START-Fr0_cleaned,H3P_ideal,11,11
Orai1WT-START-Fr0_cleaned,HAI_ideal,11,11
Orai1WT-START-Fr0_cleaned,HBA_ideal,11,11
Orai1WT-START-Fr0_cleaned,HC4_ideal,11,11
Orai1WT-START-Fr0_cleaned,HCI_ideal,11,11
Orai1WT-START-Fr0_cleaned,HFA_ideal,11,11
Orai1WT-START-Fr0_cleaned,HFT_ideal,11,11
Orai1WT-START-Fr0_cleaned,HG0_ideal,11,11
Orai1WT-START-Fr0_cleaned,HGB_ideal,11,11
Orai1WT-START-Fr0_cleaned,HHH_ideal,11,11
Orai1WT-START-Fr0_cleaned,HLT_ideal,11,11
Orai1WT-START-Fr0_cleaned,HPH_ideal,11,11
Orai1WT-START-Fr0_cleaned,HPP_ideal,11,11
Orai1WT-START-Fr0_cleaned,HPQ_ideal,11,11
Orai1WT-START-Fr0_cleaned,HPS_ideal,11,11
Orai1WT-START-Fr0_cleaned,HQE_ideal,11,11
Orai1WT-START-Fr0_cleaned,HQQ_ideal,11,11
Orai1WT-START-Fr0_cleaned,HS6_ideal,11,11
Orai1WT-START-Fr0_cleaned,HS7_ideal,11,11
Orai1WT-START-Fr0_cleaned,HXP_ideal,11,11
Orai1WT-START-Fr0_cleaned,HY1_ideal,11,11
Orai1WT-START-Fr0_cleaned,I15_ideal,11,11
Orai1WT-START-Fr0_cleaned,IBO_ideal,11,11
Orai1WT-START-Fr0_cleaned,IBP_ideal,11,11
Orai1WT-START-Fr0_cleaned,IC1_ideal,11,11
Orai1WT-START-Fr0_cleaned,IET_ideal,11,11
Orai1WT-START-Fr0_cleaned,IFP_ideal,11,11
Orai1WT-START-Fr0_cleaned,IGL_ideal,11,11
Orai1WT-START-Fr0_cleaned,ILW_ideal,11,11
Orai1WT-START-Fr0_cleaned,INV_ideal,11,11
Orai1WT-START-Fr0_cleaned,IOE_ideal,11,11
Orai1WT-START-Fr0_cleaned,IOF_ideal,11,11
Orai1WT-START-Fr0_cleaned,IOL_ideal,11,11
Orai1WT-START-Fr0_cleaned,IOY_ideal,11,11
Orai1WT-START-Fr0_cleaned,IPA_ideal,11,11
Orai1WT-START-Fr0_cleaned,IPH_ideal,11,11
Orai1WT-START-Fr0_cleaned,IS2_ideal,11,11
Orai1WT-START-Fr0_cleaned,ISA_ideal,11,11
Orai1WT-START-Fr0_cleaned,ISO_ideal,11,11
Orai1WT-START-Fr0_cleaned,ISP_ideal,11,11
Orai1WT-START-Fr0_cleaned,IXX_ideal,11,11
Orai1WT-START-Fr0_cleaned,J5Z_ideal,11,11
Orai1WT-START-Fr0_cleaned,JAL_ideal,11,11
Orai1WT-START-Fr0_cleaned,JBC_ideal,11,11
Orai1WT-START-Fr0_cleaned,K94_ideal,11,11
Orai1WT-START-Fr0_cleaned,KZF_ideal,11,11
Orai1WT-START-Fr0_cleaned,L02_ideal,11,11
Orai1WT-START-Fr0_cleaned,LAZ_ideal,11,11
Orai1WT-START-Fr0_cleaned,LCO_ideal,11,11
Orai1WT-START-Fr0_cleaned,LCP_ideal,11,11
Orai1WT-START-Fr0_cleaned,LJ1_ideal,11,11
Orai1WT-START-Fr0_cleaned,LJ2_ideal,11,11
Orai1WT-START-Fr0_cleaned,LJ3_ideal,11,11
Orai1WT-START-Fr0_cleaned,LJ4_ideal,11,11
Orai1WT-START-Fr0_cleaned,LJ5_ideal,11,11
Orai1WT-START-Fr0_cleaned,LL2_ideal,11,11
Orai1WT-START-Fr0_cleaned,LZ4_ideal,11,11
Orai1WT-START-Fr0_cleaned,LZ8_ideal,11,11
Orai1WT-START-Fr0_cleaned,LZE_ideal,11,11
Orai1WT-START-Fr0_cleaned,LZJ_ideal,11,11
Orai1WT-START-Fr0_cleaned,LZK_ideal,11,11
Orai1WT-START-Fr0_cleaned,M0N_ideal,11,11
Orai1WT-START-Fr0_cleaned,M25_ideal,11,11
Orai1WT-START-Fr0_cleaned,M28_ideal,11,11
Orai1WT-START-Fr0_cleaned,MAE_ideal,11,11
Orai1WT-START-Fr0_cleaned,MAH_ideal,11,11
Orai1WT-START-Fr0_cleaned,MAK_ideal,11,11
Orai1WT-START-Fr0_cleaned,MBN_ideal,11,11
Orai1WT-START-Fr0_cleaned,MBO_ideal,11,11
Orai1WT-START-Fr0_cleaned,MBT_ideal,11,11
Orai1WT-START-Fr0_cleaned,MD7_ideal,11,11
Orai1WT-START-Fr0_cleaned,MDD_ideal,11,11
Orai1WT-START-Fr0_cleaned,MDN_ideal,11,11
Orai1WT-START-Fr0_cleaned,MES_ideal,11,11
Orai1WT-START-Fr0_cleaned,MF3_ideal,11,11
Orai1WT-START-Fr0_cleaned,MFG_ideal,11,11
Orai1WT-START-Fr0_cleaned,MGR_ideal,11,11
Orai1WT-START-Fr0_cleaned,MLA_ideal,11,11
Orai1WT-START-Fr0_cleaned,MLI_ideal,11,11
Orai1WT-START-Fr0_cleaned,MM3_ideal,11,11
Orai1WT-START-Fr0_cleaned,MNN_ideal,11,11
Orai1WT-START-Fr0_cleaned,MNY_ideal,11,11
Orai1WT-START-Fr0_cleaned,MOO_ideal,11,11
Orai1WT-START-Fr0_cleaned,MOS_ideal,11,11
Orai1WT-START-Fr0_cleaned,MPB_ideal,11,11
Orai1WT-START-Fr0_cleaned,MPO_ideal,11,11
Orai1WT-START-Fr0_cleaned,MPX_ideal,11,11
Orai1WT-START-Fr0_cleaned,MR4_ideal,11,11
Orai1WT-START-Fr0_cleaned,MR5_ideal,11,11
Orai1WT-START-Fr0_cleaned,MR6_ideal,11,11
Orai1WT-START-Fr0_cleaned,MRE_ideal,11,11
Orai1WT-START-Fr0_cleaned,MSB_ideal,11,11
Orai1WT-START-Fr0_cleaned,MSR_ideal,11,11
Orai1WT-START-Fr0_cleaned,MTN_ideal,11,11
Orai1WT-START-Fr0_cleaned,MXT_ideal,11,11
Orai1WT-START-Fr0_cleaned,N2P_ideal,11,11
Orai1WT-START-Fr0_cleaned,N4E_ideal,11,11
Orai1WT-START-Fr0_cleaned,N5B_ideal,11,11
Orai1WT-START-Fr0_cleaned,N6W_ideal,11,11
Orai1WT-START-Fr0_cleaned,NAF_ideal,11,11
Orai1WT-START-Fr0_cleaned,NBU_ideal,11,11
Orai1WT-START-Fr0_cleaned,NDD_ideal,11,11
Orai1WT-START-Fr0_cleaned,NEN_ideal,11,11
Orai1WT-START-Fr0_cleaned,NEQ_ideal,11,11
Orai1WT-START-Fr0_cleaned,NET_ideal,11,11
Orai1WT-START-Fr0_cleaned,NFA_ideal,11,11
Orai1WT-START-Fr0_cleaned,NHE_ideal,11,11
Orai1WT-START-Fr0_cleaned,NIN_ideal,11,11
Orai1WT-START-Fr0_cleaned,NIZ_ideal,11,11
Orai1WT-START-Fr0_cleaned,NNB_ideal,11,11
Orai1WT-START-Fr0_cleaned,NNC_ideal,11,11
Orai1WT-START-Fr0_cleaned,NNI_ideal,11,11
Orai1WT-START-Fr0_cleaned,NO3_ideal,11,11
Orai1WT-START-Fr0_cleaned,NPO_ideal,11,11
Orai1WT-START-Fr0_cleaned,NR2_ideal,11,11
Orai1WT-START-Fr0_cleaned,NTD_ideal,11,11
Orai1WT-START-Fr0_cleaned,NYL_ideal,11,11
Orai1WT-START-Fr0_cleaned,ODS_ideal,11,11
Orai1WT-START-Fr0_cleaned,OMO_ideal,11,11
Orai1WT-START-Fr0_cleaned,OPP_ideal,11,11
Orai1WT-START-Fr0_cleaned,OSP_ideal,11,11
Orai1WT-START-Fr0_cleaned,OX3_ideal,11,11
Orai1WT-START-Fr0_cleaned,OX5_ideal,11,11
Orai1WT-START-Fr0_cleaned,OX6_ideal,11,11
Orai1WT-START-Fr0_cleaned,OX7_ideal,11,11
Orai1WT-START-Fr0_cleaned,OXC_ideal,11,11
Orai1WT-START-Fr0_cleaned,OXD_ideal,11,11
Orai1WT-START-Fr0_cleaned,P2Z_ideal,11,11
Orai1WT-START-Fr0_cleaned,PAB_ideal,11,11
Orai1WT-START-Fr0_cleaned,PAC_ideal,11,11
Orai1WT-START-Fr0_cleaned,PB2_ideal,11,11
Orai1WT-START-Fr0_cleaned,PBA_ideal,11,11
Orai1WT-START-Fr0_cleaned,PBC_ideal,11,11
Orai1WT-START-Fr0_cleaned,PBN_ideal,11,11
Orai1WT-START-Fr0_cleaned,PBR_ideal,11,11
Orai1WT-START-Fr0_cleaned,PCB_ideal,11,11
Orai1WT-START-Fr0_cleaned,PCQ_ideal,11,11
Orai1WT-START-Fr0_cleaned,PCR_ideal,11,11
Orai1WT-START-Fr0_cleaned,PCS_ideal,11,11
Orai1WT-START-Fr0_cleaned,PC_ideal,11,11
Orai1WT-START-Fr0_cleaned,PDC_ideal,11,11
Orai1WT-START-Fr0_cleaned,PDO_ideal,11,11
Orai1WT-START-Fr0_cleaned,PEA_ideal,11,11
Orai1WT-START-Fr0_cleaned,PEL_ideal,11,11
Orai1WT-START-Fr0_cleaned,PFB_ideal,11,11
Orai1WT-START-Fr0_cleaned,PFL_ideal,11,11
Orai1WT-START-Fr0_cleaned,PH3_ideal,11,11
Orai1WT-START-Fr0_cleaned,PHB_ideal,11,11
Orai1WT-START-Fr0_cleaned,PHE_ideal,11,11
Orai1WT-START-Fr0_cleaned,PHI_ideal,11,11
Orai1WT-START-Fr0_cleaned,PHJ_ideal,11,11
Orai1WT-START-Fr0_cleaned,PHK_ideal,11,11
Orai1WT-START-Fr0_cleaned,PHL_ideal,11,11
Orai1WT-START-Fr0_cleaned,PHN_ideal,11,11
Orai1WT-START-Fr0_cleaned,PHT_ideal,11,11
Orai1WT-START-Fr0_cleaned,PIH_ideal,11,11
Orai1WT-START-Fr0_cleaned,PIM_ideal,11,11
Orai1WT-START-Fr0_cleaned,PIT_ideal,11,11
Orai1WT-START-Fr0_cleaned,PIU_ideal,11,11
Orai1WT-START-Fr0_cleaned,PLU_ideal,11,11
Orai1WT-START-Fr0_cleaned,PMA_ideal,11,11
Orai1WT-START-Fr0_cleaned,PMB_ideal,11,11
Orai1WT-START-Fr0_cleaned,PMS_ideal,11,11
Orai1WT-START-Fr0_cleaned,PN6_ideal,11,11
Orai1WT-START-Fr0_cleaned,PO4_ideal,11,11
Orai1WT-START-Fr0_cleaned,PP1_ideal,11,11
Orai1WT-START-Fr0_cleaned,PP2_ideal,11,11
Orai1WT-START-Fr0_cleaned,PPK_ideal,11,11
Orai1WT-START-Fr0_cleaned,PPT_ideal,11,11
Orai1WT-START-Fr0_cleaned,PPV_ideal,11,11
Orai1WT-START-Fr0_cleaned,PPY_ideal,11,11
Orai1WT-START-Fr0_cleaned,PRA_ideal,11,11
Orai1WT-START-Fr0_cleaned,PRL_ideal,11,11
Orai1WT-START-Fr0_cleaned,PS5_ideal,11,11
Orai1WT-START-Fr0_cleaned,PS9_ideal,11,11
Orai1WT-START-Fr0_cleaned,PSY_ideal,11,11
Orai1WT-START-Fr0_cleaned,PTD_ideal,11,11
Orai1WT-START-Fr0_cleaned,PTU_ideal,11,11
Orai1WT-START-Fr0_cleaned,PUT_ideal,11,11
Orai1WT-START-Fr0_cleaned,PYE_ideal,11,11
Orai1WT-START-Fr0_cleaned,PYU_ideal,11,11
Orai1WT-START-Fr0_cleaned,PZE_ideal,11,11
Orai1WT-START-Fr0_cleaned,QA9_ideal,11,11
Orai1WT-START-Fr0_cleaned,R1F_ideal,11,11
Orai1WT-START-Fr0_cleaned,RCO_ideal,11,11
Orai1WT-START-Fr0_cleaned,RCX_ideal,11,11
Orai1WT-START-Fr0_cleaned,RE2_ideal,11,11
Orai1WT-START-Fr0_cleaned,RF1_ideal,11,11
Orai1WT-START-Fr0_cleaned,RF2_ideal,11,11
Orai1WT-START-Fr0_cleaned,RIS_ideal,11,11
Orai1WT-START-Fr0_cleaned,RJ6_ideal,11,11
Orai1WT-START-Fr0_cleaned,RMN_ideal,11,11
Orai1WT-START-Fr0_cleaned,RNO_ideal,11,11
Orai1WT-START-Fr0_cleaned,ROK_ideal,11,11
Orai1WT-START-Fr0_cleaned,RSO_ideal,11,11
Orai1WT-START-Fr0_cleaned,S3V_ideal,11,11
Orai1WT-START-Fr0_cleaned,SAN_ideal,11,11
Orai1WT-START-Fr0_cleaned,SBE_ideal,11,11
Orai1WT-START-Fr0_cleaned,SBN_ideal,11,11
Orai1WT-START-Fr0_cleaned,SBO_ideal,11,11
Orai1WT-START-Fr0_cleaned,SBZ_ideal,11,11
Orai1WT-START-Fr0_cleaned,SE4_ideal,11,11
Orai1WT-START-Fr0_cleaned,SFY_ideal,11,11
Orai1WT-START-Fr0_cleaned,SIF_ideal,11,11
Orai1WT-START-Fr0_cleaned,SIN_ideal,11,11
Orai1WT-START-Fr0_cleaned,SMN_ideal,11,11
Orai1WT-START-Fr0_cleaned,SNO_ideal,11,11
Orai1WT-START-Fr0_cleaned,SO2_ideal,11,11
Orai1WT-START-Fr0_cleaned,SO4_ideal,11,11
Orai1WT-START-Fr0_cleaned,SS2_ideal,11,11
Orai1WT-START-Fr0_cleaned,STC_ideal,11,11
Orai1WT-START-Fr0_cleaned,STF_ideal,11,11
Orai1WT-START-Fr0_cleaned,STL_ideal,11,11
Orai1WT-START-Fr0_cleaned,SVA_ideal,11,11
Orai1WT-START-Fr0_cleaned,SXX_ideal,11,11
Orai1WT-START-Fr0_cleaned,SYR_ideal,11,11
Orai1WT-START-Fr0_cleaned,T13_ideal,11,11
Orai1WT-START-Fr0_cleaned,T2D_ideal,11,11
Orai1WT-START-Fr0_cleaned,T2M_ideal,11,11
Orai1WT-START-Fr0_cleaned,TAR_ideal,11,11
Orai1WT-START-Fr0_cleaned,TAS_ideal,11,11
Orai1WT-START-Fr0_cleaned,TBF_ideal,11,11
Orai1WT-START-Fr0_cleaned,TBP_ideal,11,11
Orai1WT-START-Fr0_cleaned,TBU_ideal,11,11
Orai1WT-START-Fr0_cleaned,TCA_ideal,11,11
Orai1WT-START-Fr0_cleaned,TCO_ideal,11,11
Orai1WT-START-Fr0_cleaned,TCV_ideal,11,11
Orai1WT-START-Fr0_cleaned,TCZ_ideal,11,11
Orai1WT-START-Fr0_cleaned,TF4_ideal,11,11
Orai1WT-START-Fr0_cleaned,TF9_ideal,11,11
Orai1WT-START-Fr0_cleaned,TFL_ideal,11,11
Orai1WT-START-Fr0_cleaned,TFM_ideal,11,11
Orai1WT-START-Fr0_cleaned,TFQ_ideal,11,11
Orai1WT-START-Fr0_cleaned,TIK_ideal,11,11
Orai1WT-START-Fr0_cleaned,TLA_ideal,11,11
Orai1WT-START-Fr0_cleaned,TMA_ideal,11,11
Orai1WT-START-Fr0_cleaned,TMM_ideal,11,11
Orai1WT-START-Fr0_cleaned,TNE_ideal,11,11
Orai1WT-START-Fr0_cleaned,TNF_ideal,11,11
Orai1WT-START-Fr0_cleaned,TNL_ideal,11,11
Orai1WT-START-Fr0_cleaned,TP0_ideal,11,11
Orai1WT-START-Fr0_cleaned,TPA_ideal,11,11
Orai1WT-START-Fr0_cleaned,TPB_ideal,11,11
Orai1WT-START-Fr0_cleaned,TPR_ideal,11,11
Orai1WT-START-Fr0_cleaned,TQ5_ideal,11,11
Orai1WT-START-Fr0_cleaned,TRI_ideal,11,11
Orai1WT-START-Fr0_cleaned,TRS_ideal,11,11
Orai1WT-START-Fr0_cleaned,TSU_ideal,11,11
Orai1WT-START-Fr0_cleaned,TTN_ideal,11,11
Orai1WT-START-Fr0_cleaned,TYB_ideal,11,11
Orai1WT-START-Fr0_cleaned,TYC_ideal,11,11
Orai1WT-START-Fr0_cleaned,TYI_ideal,11,11
Orai1WT-START-Fr0_cleaned,TYL_ideal,11,11
Orai1WT-START-Fr0_cleaned,TYR_ideal,11,11
Orai1WT-START-Fr0_cleaned,TYZ_ideal,11,11
Orai1WT-START-Fr0_cleaned,U32_ideal,11,11
Orai1WT-START-Fr0_cleaned,U55_ideal,11,11
Orai1WT-START-Fr0_cleaned,UA5_ideal,11,11
Orai1WT-START-Fr0_cleaned,UAS_ideal,11,11
Orai1WT-START-Fr0_cleaned,UN3_ideal,11,11
Orai1WT-START-Fr0_cleaned,UQA_ideal,11,11
Orai1WT-START-Fr0_cleaned,URE_ideal,11,11
Orai1WT-START-Fr0_cleaned,URS_ideal,11,11
Orai1WT-START-Fr0_cleaned,V35_ideal,11,11
Orai1WT-START-Fr0_cleaned,V36_ideal,11,11
Orai1WT-START-Fr0_cleaned,V4O_ideal,11,11
Orai1WT-START-Fr0_cleaned,VES_ideal,11,11
Orai1WT-START-Fr0_cleaned,VII_ideal,11,11
Orai1WT-START-Fr0_cleaned,VSO_ideal,11,11
Orai1WT-START-Fr0_cleaned,VVM_ideal,11,11
Orai1WT-START-Fr0_cleaned,W1P_ideal,11,11
Orai1WT-START-Fr0_cleaned,WSK_ideal,11,11
Orai1WT-START-Fr0_cleaned,WWZ_ideal,11,11
Orai1WT-START-Fr0_cleaned,WYB_ideal,11,11
Orai1WT-START-Fr0_cleaned,XB2_ideal,11,11
Orai1WT-START-Fr0_cleaned,XP1_ideal,11,11
Orai1WT-START-Fr0_cleaned,XQZ_ideal,11,11
Orai1WT-START-Fr0_cleaned,XZ5_ideal,11,11
Orai1WT-START-Fr0_cleaned,YAN_ideal,11,11
Orai1WT-START-Fr0_cleaned,YPQ_ideal,11,11
Orai1WT-START-Fr0_cleaned,YRL_ideal,11,11
Orai1WT-START-Fr0_cleaned,YTT_ideal,11,11
Orai1WT-START-Fr0_cleaned,YTZ_ideal,11,11
Orai1WT-START-Fr0_cleaned,ZHZ_ideal,11,11
Orai1WT-START-Fr0_cleaned,ZOL_ideal,11,11
Orai1WT-START-Fr0_cleaned,ZYS_ideal,11,11
Orai1WT-START-Fr0_cleaned,ZYX_ideal,11,11
