method,protein,ligand,pose_rank,file_path,centroid_x,centroid_y,centroid_z,cluster_ward
AutoDock_Vina,Orai1WT-MDSnap-Fr300,2abp-nh2-OPT,1,/home/manndo/master_dev/posebusters_results/converted_pdbqt/Orai1WT-MDSnap-Fr300__2abp-nh2-OPT_vina_out_model1.sdf,-3.7373157894736844,23.555368421052634,25.472368421052632,8
AutoDock_Vina,Orai1WT-MDSnap-Fr300,2abp-nh2-OPT,10,/home/manndo/master_dev/posebusters_results/converted_pdbqt/Orai1WT-MDSnap-Fr300__2abp-nh2-OPT_vina_out_model10.sdf,-1.3087368421052632,6.088736842105262,-14.849842105263157,2
AutoDock_Vina,Orai1WT-MDSnap-Fr300,2abp-nh2-OPT,11,/home/manndo/master_dev/posebusters_results/converted_pdbqt/Orai1WT-MDSnap-Fr300__2abp-nh2-OPT_vina_out_model11.sdf,0.6495789473684211,4.057578947368421,-12.836947368421054,2
AutoDock_Vina,Orai1WT-MDSnap-Fr300,2abp-nh2-OPT,12,/home/manndo/master_dev/posebusters_results/converted_pdbqt/Orai1WT-MDSnap-Fr300__2abp-nh2-OPT_vina_out_model12.sdf,-8.612368421052631,-6.349315789473683,-27.18047368421053,1
AutoDock_Vina,Orai1WT-MDSnap-Fr300,2abp-nh2-OPT,13,/home/manndo/master_dev/posebusters_results/converted_pdbqt/Orai1WT-MDSnap-Fr300__2abp-nh2-OPT_vina_out_model13.sdf,-8.663157894736843,-6.216315789473683,-27.24363157894737,1
AutoDock_Vina,Orai1WT-MDSnap-Fr300,2abp-nh2-OPT,14,/home/manndo/master_dev/posebusters_results/converted_pdbqt/Orai1WT-MDSnap-Fr300__2abp-nh2-OPT_vina_out_model14.sdf,-1.0018947368421052,4.3707894736842094,19.383736842105264,8
AutoDock_Vina,Orai1WT-MDSnap-Fr300,2abp-nh2-OPT,15,/home/manndo/master_dev/posebusters_results/converted_pdbqt/Orai1WT-MDSnap-Fr300__2abp-nh2-OPT_vina_out_model15.sdf,-7.841157894736842,-6.282105263157895,-26.18568421052632,1
AutoDock_Vina,Orai1WT-MDSnap-Fr300,2abp-nh2-OPT,16,/home/manndo/master_dev/posebusters_results/converted_pdbqt/Orai1WT-MDSnap-Fr300__2abp-nh2-OPT_vina_out_model16.sdf,-0.8108947368421052,3.916684210526316,18.653736842105264,8
AutoDock_Vina,Orai1WT-MDSnap-Fr300,2abp-nh2-OPT,17,/home/manndo/master_dev/posebusters_results/converted_pdbqt/Orai1WT-MDSnap-Fr300__2abp-nh2-OPT_vina_out_model17.sdf,0.3666842105263156,4.0055263157894725,-8.571736842105263,2
AutoDock_Vina,Orai1WT-MDSnap-Fr300,2abp-nh2-OPT,18,/home/manndo/master_dev/posebusters_results/converted_pdbqt/Orai1WT-MDSnap-Fr300__2abp-nh2-OPT_vina_out_model18.sdf,15.857736842105265,-18.391000000000005,14.790315789473683,4
AutoDock_Vina,Orai1WT-MDSnap-Fr300,2abp-nh2-OPT,19,/home/manndo/master_dev/posebusters_results/converted_pdbqt/Orai1WT-MDSnap-Fr300__2abp-nh2-OPT_vina_out_model19.sdf,0.27442105263157895,4.060526315789474,-8.625789473684211,2
AutoDock_Vina,Orai1WT-MDSnap-Fr300,2abp-nh2-OPT,2,/home/manndo/master_dev/posebusters_results/converted_pdbqt/Orai1WT-MDSnap-Fr300__2abp-nh2-OPT_vina_out_model2.sdf,-6.530736842105263,-16.882526315789473,-32.71973684210527,1
AutoDock_Vina,Orai1WT-MDSnap-Fr300,2abp-nh2-OPT,20,/home/manndo/master_dev/posebusters_results/converted_pdbqt/Orai1WT-MDSnap-Fr300__2abp-nh2-OPT_vina_out_model20.sdf,-0.06900000000000009,3.800578947368421,-9.495315789473684,2
AutoDock_Vina,Orai1WT-MDSnap-Fr300,2abp-nh2-OPT,21,/home/manndo/master_dev/posebusters_results/converted_pdbqt/Orai1WT-MDSnap-Fr300__2abp-nh2-OPT_vina_out_model21.sdf,-7.971631578947368,-3.464526315789474,-27.28305263157895,1
AutoDock_Vina,Orai1WT-MDSnap-Fr300,2abp-nh2-OPT,22,/home/manndo/master_dev/posebusters_results/converted_pdbqt/Orai1WT-MDSnap-Fr300__2abp-nh2-OPT_vina_out_model22.sdf,-6.949315789473684,32.01763157894737,0.6455263157894737,5
AutoDock_Vina,Orai1WT-MDSnap-Fr300,2abp-nh2-OPT,23,/home/manndo/master_dev/posebusters_results/converted_pdbqt/Orai1WT-MDSnap-Fr300__2abp-nh2-OPT_vina_out_model23.sdf,-4.213526315789474,24.07163157894737,24.956526315789475,8
AutoDock_Vina,Orai1WT-MDSnap-Fr300,2abp-nh2-OPT,24,/home/manndo/master_dev/posebusters_results/converted_pdbqt/Orai1WT-MDSnap-Fr300__2abp-nh2-OPT_vina_out_model24.sdf,18.56747368421053,26.085578947368422,5.435894736842105,0
AutoDock_Vina,Orai1WT-MDSnap-Fr300,2abp-nh2-OPT,25,/home/manndo/master_dev/posebusters_results/converted_pdbqt/Orai1WT-MDSnap-Fr300__2abp-nh2-OPT_vina_out_model25.sdf,-4.0376315789473685,24.10415789473684,24.866210526315786,8
AutoDock_Vina,Orai1WT-MDSnap-Fr300,2abp-nh2-OPT,26,/home/manndo/master_dev/posebusters_results/converted_pdbqt/Orai1WT-MDSnap-Fr300__2abp-nh2-OPT_vina_out_model26.sdf,-4.6175263157894735,24.610315789473685,25.235210526315786,8
AutoDock_Vina,Orai1WT-MDSnap-Fr300,2abp-nh2-OPT,27,/home/manndo/master_dev/posebusters_results/converted_pdbqt/Orai1WT-MDSnap-Fr300__2abp-nh2-OPT_vina_out_model27.sdf,-1.0052631578947369,3.79142105263158,19.149315789473686,8
AutoDock_Vina,Orai1WT-MDSnap-Fr300,2abp-nh2-OPT,28,/home/manndo/master_dev/posebusters_results/converted_pdbqt/Orai1WT-MDSnap-Fr300__2abp-nh2-OPT_vina_out_model28.sdf,-8.480684210526313,-20.346526315789472,8.200999999999999,7
AutoDock_Vina,Orai1WT-MDSnap-Fr300,2abp-nh2-OPT,29,/home/manndo/master_dev/posebusters_results/converted_pdbqt/Orai1WT-MDSnap-Fr300__2abp-nh2-OPT_vina_out_model29.sdf,0.1901052631578947,26.964736842105264,-22.38121052631579,3
AutoDock_Vina,Orai1WT-MDSnap-Fr300,2abp-nh2-OPT,3,/home/manndo/master_dev/posebusters_results/converted_pdbqt/Orai1WT-MDSnap-Fr300__2abp-nh2-OPT_vina_out_model3.sdf,-6.5831052631578935,-16.949947368421054,-32.74578947368421,1
AutoDock_Vina,Orai1WT-MDSnap-Fr300,2abp-nh2-OPT,30,/home/manndo/master_dev/posebusters_results/converted_pdbqt/Orai1WT-MDSnap-Fr300__2abp-nh2-OPT_vina_out_model30.sdf,-12.935473684210526,-13.618789473684208,-34.55952631578948,1
AutoDock_Vina,Orai1WT-MDSnap-Fr300,2abp-nh2-OPT,4,/home/manndo/master_dev/posebusters_results/converted_pdbqt/Orai1WT-MDSnap-Fr300__2abp-nh2-OPT_vina_out_model4.sdf,-14.054315789473684,-8.121894736842105,20.418526315789478,7
AutoDock_Vina,Orai1WT-MDSnap-Fr300,2abp-nh2-OPT,5,/home/manndo/master_dev/posebusters_results/converted_pdbqt/Orai1WT-MDSnap-Fr300__2abp-nh2-OPT_vina_out_model5.sdf,24.548526315789477,9.500894736842104,11.367526315789474,0
AutoDock_Vina,Orai1WT-MDSnap-Fr300,2abp-nh2-OPT,6,/home/manndo/master_dev/posebusters_results/converted_pdbqt/Orai1WT-MDSnap-Fr300__2abp-nh2-OPT_vina_out_model6.sdf,-1.5294210526315792,6.3300526315789485,-14.760526315789473,2
AutoDock_Vina,Orai1WT-MDSnap-Fr300,2abp-nh2-OPT,7,/home/manndo/master_dev/posebusters_results/converted_pdbqt/Orai1WT-MDSnap-Fr300__2abp-nh2-OPT_vina_out_model7.sdf,-7.067105263157895,-6.38121052631579,-24.933578947368424,1
AutoDock_Vina,Orai1WT-MDSnap-Fr300,2abp-nh2-OPT,8,/home/manndo/master_dev/posebusters_results/converted_pdbqt/Orai1WT-MDSnap-Fr300__2abp-nh2-OPT_vina_out_model8.sdf,-7.6650526315789484,-6.538,-25.589421052631575,1
AutoDock_Vina,Orai1WT-MDSnap-Fr300,2abp-nh2-OPT,9,/home/manndo/master_dev/posebusters_results/converted_pdbqt/Orai1WT-MDSnap-Fr300__2abp-nh2-OPT_vina_out_model9.sdf,24.92342105263158,9.513105263157895,11.345105263157892,0
AutoDock_Vina,Orai1WT-MDSnap-Fr300,Synta-66-OPT-Singlet,1,/home/manndo/master_dev/posebusters_results/converted_pdbqt/Orai1WT-MDSnap-Fr300__Synta-66-OPT-Singlet_vina_out_model1.sdf,-4.060851851851852,21.818481481481484,-19.095481481481485,0
AutoDock_Vina,Orai1WT-MDSnap-Fr300,Synta-66-OPT-Singlet,10,/home/manndo/master_dev/posebusters_results/converted_pdbqt/Orai1WT-MDSnap-Fr300__Synta-66-OPT-Singlet_vina_out_model10.sdf,-9.393333333333334,-20.241333333333333,4.603592592592594,1
AutoDock_Vina,Orai1WT-MDSnap-Fr300,Synta-66-OPT-Singlet,11,/home/manndo/master_dev/posebusters_results/converted_pdbqt/Orai1WT-MDSnap-Fr300__Synta-66-OPT-Singlet_vina_out_model11.sdf,-0.45055555555555554,4.630481481481481,-5.876074074074076,6
AutoDock_Vina,Orai1WT-MDSnap-Fr300,Synta-66-OPT-Singlet,12,/home/manndo/master_dev/posebusters_results/converted_pdbqt/Orai1WT-MDSnap-Fr300__Synta-66-OPT-Singlet_vina_out_model12.sdf,3.5347777777777774,24.828814814814812,31.83392592592593,3
AutoDock_Vina,Orai1WT-MDSnap-Fr300,Synta-66-OPT-Singlet,13,/home/manndo/master_dev/posebusters_results/converted_pdbqt/Orai1WT-MDSnap-Fr300__Synta-66-OPT-Singlet_vina_out_model13.sdf,-8.760333333333334,-20.518703703703704,6.364222222222224,1
AutoDock_Vina,Orai1WT-MDSnap-Fr300,Synta-66-OPT-Singlet,14,/home/manndo/master_dev/posebusters_results/converted_pdbqt/Orai1WT-MDSnap-Fr300__Synta-66-OPT-Singlet_vina_out_model14.sdf,1.5915185185185183,4.275592592592592,-23.137777777777778,6
AutoDock_Vina,Orai1WT-MDSnap-Fr300,Synta-66-OPT-Singlet,15,/home/manndo/master_dev/posebusters_results/converted_pdbqt/Orai1WT-MDSnap-Fr300__Synta-66-OPT-Singlet_vina_out_model15.sdf,-12.427148148148147,-13.735666666666667,-34.632814814814814,4
AutoDock_Vina,Orai1WT-MDSnap-Fr300,Synta-66-OPT-Singlet,16,/home/manndo/master_dev/posebusters_results/converted_pdbqt/Orai1WT-MDSnap-Fr300__Synta-66-OPT-Singlet_vina_out_model16.sdf,-17.721999999999998,-7.521111111111112,17.54825925925926,1
AutoDock_Vina,Orai1WT-MDSnap-Fr300,Synta-66-OPT-Singlet,17,/home/manndo/master_dev/posebusters_results/converted_pdbqt/Orai1WT-MDSnap-Fr300__Synta-66-OPT-Singlet_vina_out_model17.sdf,24.1792962962963,12.26362962962963,11.529185185185186,2
AutoDock_Vina,Orai1WT-MDSnap-Fr300,Synta-66-OPT-Singlet,18,/home/manndo/master_dev/posebusters_results/converted_pdbqt/Orai1WT-MDSnap-Fr300__Synta-66-OPT-Singlet_vina_out_model18.sdf,3.4615555555555564,26.794074074074075,-23.78437037037038,0
AutoDock_Vina,Orai1WT-MDSnap-Fr300,Synta-66-OPT-Singlet,19,/home/manndo/master_dev/posebusters_results/converted_pdbqt/Orai1WT-MDSnap-Fr300__Synta-66-OPT-Singlet_vina_out_model19.sdf,4.149296296296296,26.547259259259256,-24.35537037037037,0
AutoDock_Vina,Orai1WT-MDSnap-Fr300,Synta-66-OPT-Singlet,2,/home/manndo/master_dev/posebusters_results/converted_pdbqt/Orai1WT-MDSnap-Fr300__Synta-66-OPT-Singlet_vina_out_model2.sdf,-3.2154814814814814,23.153925925925925,-20.599962962962966,0
AutoDock_Vina,Orai1WT-MDSnap-Fr300,Synta-66-OPT-Singlet,20,/home/manndo/master_dev/posebusters_results/converted_pdbqt/Orai1WT-MDSnap-Fr300__Synta-66-OPT-Singlet_vina_out_model20.sdf,-9.018407407407407,-21.219370370370367,0.31744444444444464,1
AutoDock_Vina,Orai1WT-MDSnap-Fr300,Synta-66-OPT-Singlet,21,/home/manndo/master_dev/posebusters_results/converted_pdbqt/Orai1WT-MDSnap-Fr300__Synta-66-OPT-Singlet_vina_out_model21.sdf,3.8690370370370366,26.552703703703703,-23.99529629629629,0
AutoDock_Vina,Orai1WT-MDSnap-Fr300,Synta-66-OPT-Singlet,22,/home/manndo/master_dev/posebusters_results/converted_pdbqt/Orai1WT-MDSnap-Fr300__Synta-66-OPT-Singlet_vina_out_model22.sdf,0.6435555555555554,2.8889259259259243,23.946259259259257,3
AutoDock_Vina,Orai1WT-MDSnap-Fr300,Synta-66-OPT-Singlet,23,/home/manndo/master_dev/posebusters_results/converted_pdbqt/Orai1WT-MDSnap-Fr300__Synta-66-OPT-Singlet_vina_out_model23.sdf,0.8985185185185187,3.0928148148148145,24.351888888888887,3
AutoDock_Vina,Orai1WT-MDSnap-Fr300,Synta-66-OPT-Singlet,24,/home/manndo/master_dev/posebusters_results/converted_pdbqt/Orai1WT-MDSnap-Fr300__Synta-66-OPT-Singlet_vina_out_model24.sdf,-13.430925925925928,-12.99911111111111,-35.4298888888889,4
AutoDock_Vina,Orai1WT-MDSnap-Fr300,Synta-66-OPT-Singlet,25,/home/manndo/master_dev/posebusters_results/converted_pdbqt/Orai1WT-MDSnap-Fr300__Synta-66-OPT-Singlet_vina_out_model25.sdf,0.15874074074074074,2.391740740740741,22.601481481481482,3
AutoDock_Vina,Orai1WT-MDSnap-Fr300,Synta-66-OPT-Singlet,26,/home/manndo/master_dev/posebusters_results/converted_pdbqt/Orai1WT-MDSnap-Fr300__Synta-66-OPT-Singlet_vina_out_model26.sdf,-7.397222222222223,-20.555185185185177,8.814444444444446,1
AutoDock_Vina,Orai1WT-MDSnap-Fr300,Synta-66-OPT-Singlet,27,/home/manndo/master_dev/posebusters_results/converted_pdbqt/Orai1WT-MDSnap-Fr300__Synta-66-OPT-Singlet_vina_out_model27.sdf,3.079111111111111,26.993037037037038,-23.346259259259256,0
AutoDock_Vina,Orai1WT-MDSnap-Fr300,Synta-66-OPT-Singlet,28,/home/manndo/master_dev/posebusters_results/converted_pdbqt/Orai1WT-MDSnap-Fr300__Synta-66-OPT-Singlet_vina_out_model28.sdf,-6.8692222222222235,3.3161111111111117,26.298814814814822,3
AutoDock_Vina,Orai1WT-MDSnap-Fr300,Synta-66-OPT-Singlet,29,/home/manndo/master_dev/posebusters_results/converted_pdbqt/Orai1WT-MDSnap-Fr300__Synta-66-OPT-Singlet_vina_out_model29.sdf,-13.590148148148147,-12.75825925925926,-35.30374074074074,4
AutoDock_Vina,Orai1WT-MDSnap-Fr300,Synta-66-OPT-Singlet,3,/home/manndo/master_dev/posebusters_results/converted_pdbqt/Orai1WT-MDSnap-Fr300__Synta-66-OPT-Singlet_vina_out_model3.sdf,-7.421777777777777,-4.706851851851852,-25.78825925925926,4
AutoDock_Vina,Orai1WT-MDSnap-Fr300,Synta-66-OPT-Singlet,30,/home/manndo/master_dev/posebusters_results/converted_pdbqt/Orai1WT-MDSnap-Fr300__Synta-66-OPT-Singlet_vina_out_model30.sdf,-7.797037037037036,-4.941851851851852,-27.720370370370365,4
AutoDock_Vina,Orai1WT-MDSnap-Fr300,Synta-66-OPT-Singlet,4,/home/manndo/master_dev/posebusters_results/converted_pdbqt/Orai1WT-MDSnap-Fr300__Synta-66-OPT-Singlet_vina_out_model4.sdf,-7.395296296296296,-4.61225925925926,-25.78714814814814,4
AutoDock_Vina,Orai1WT-MDSnap-Fr300,Synta-66-OPT-Singlet,5,/home/manndo/master_dev/posebusters_results/converted_pdbqt/Orai1WT-MDSnap-Fr300__Synta-66-OPT-Singlet_vina_out_model5.sdf,-9.282074074074073,-19.795555555555556,4.8084444444444445,1
AutoDock_Vina,Orai1WT-MDSnap-Fr300,Synta-66-OPT-Singlet,6,/home/manndo/master_dev/posebusters_results/converted_pdbqt/Orai1WT-MDSnap-Fr300__Synta-66-OPT-Singlet_vina_out_model6.sdf,-7.276037037037038,-5.052555555555556,-25.582740740740743,4
AutoDock_Vina,Orai1WT-MDSnap-Fr300,Synta-66-OPT-Singlet,7,/home/manndo/master_dev/posebusters_results/converted_pdbqt/Orai1WT-MDSnap-Fr300__Synta-66-OPT-Singlet_vina_out_model7.sdf,-1.696925925925926,24.31844444444444,-20.80366666666667,0
AutoDock_Vina,Orai1WT-MDSnap-Fr300,Synta-66-OPT-Singlet,8,/home/manndo/master_dev/posebusters_results/converted_pdbqt/Orai1WT-MDSnap-Fr300__Synta-66-OPT-Singlet_vina_out_model8.sdf,-14.445814814814817,24.128740740740742,9.56225925925926,5
AutoDock_Vina,Orai1WT-MDSnap-Fr300,Synta-66-OPT-Singlet,9,/home/manndo/master_dev/posebusters_results/converted_pdbqt/Orai1WT-MDSnap-Fr300__Synta-66-OPT-Singlet_vina_out_model9.sdf,0.5592962962962963,3.926481481481482,-6.795666666666664,6
AutoDock_Vina,Orai1WT-MDSnap-Fr300,gsk7975a-prot-OPT,1,/home/manndo/master_dev/posebusters_results/converted_pdbqt/Orai1WT-MDSnap-Fr300__gsk7975a-prot-OPT_vina_out_model1.sdf,-7.341233333333334,-7.3291,-25.763399999999994,9
AutoDock_Vina,Orai1WT-MDSnap-Fr300,gsk7975a-prot-OPT,10,/home/manndo/master_dev/posebusters_results/converted_pdbqt/Orai1WT-MDSnap-Fr300__gsk7975a-prot-OPT_vina_out_model10.sdf,-9.704766666666664,-20.598266666666664,5.828766666666666,7
AutoDock_Vina,Orai1WT-MDSnap-Fr300,gsk7975a-prot-OPT,11,/home/manndo/master_dev/posebusters_results/converted_pdbqt/Orai1WT-MDSnap-Fr300__gsk7975a-prot-OPT_vina_out_model11.sdf,-8.583066666666667,-4.176466666666667,-26.909666666666666,9
AutoDock_Vina,Orai1WT-MDSnap-Fr300,gsk7975a-prot-OPT,12,/home/manndo/master_dev/posebusters_results/converted_pdbqt/Orai1WT-MDSnap-Fr300__gsk7975a-prot-OPT_vina_out_model12.sdf,-9.7182,-20.586566666666666,5.792299999999998,7
AutoDock_Vina,Orai1WT-MDSnap-Fr300,gsk7975a-prot-OPT,13,/home/manndo/master_dev/posebusters_results/converted_pdbqt/Orai1WT-MDSnap-Fr300__gsk7975a-prot-OPT_vina_out_model13.sdf,-9.284933333333333,-20.5551,6.118200000000001,7
AutoDock_Vina,Orai1WT-MDSnap-Fr300,gsk7975a-prot-OPT,14,/home/manndo/master_dev/posebusters_results/converted_pdbqt/Orai1WT-MDSnap-Fr300__gsk7975a-prot-OPT_vina_out_model14.sdf,-8.325766666666667,-4.3282,-25.529000000000007,9
AutoDock_Vina,Orai1WT-MDSnap-Fr300,gsk7975a-prot-OPT,15,/home/manndo/master_dev/posebusters_results/converted_pdbqt/Orai1WT-MDSnap-Fr300__gsk7975a-prot-OPT_vina_out_model15.sdf,-0.10466666666666656,4.3439000000000005,-10.949200000000001,5
AutoDock_Vina,Orai1WT-MDSnap-Fr300,gsk7975a-prot-OPT,16,/home/manndo/master_dev/posebusters_results/converted_pdbqt/Orai1WT-MDSnap-Fr300__gsk7975a-prot-OPT_vina_out_model16.sdf,5.188999999999999,16.148799999999994,-28.147766666666673,1
AutoDock_Vina,Orai1WT-MDSnap-Fr300,gsk7975a-prot-OPT,17,/home/manndo/master_dev/posebusters_results/converted_pdbqt/Orai1WT-MDSnap-Fr300__gsk7975a-prot-OPT_vina_out_model17.sdf,11.892166666666668,27.42793333333334,19.562966666666664,4
AutoDock_Vina,Orai1WT-MDSnap-Fr300,gsk7975a-prot-OPT,18,/home/manndo/master_dev/posebusters_results/converted_pdbqt/Orai1WT-MDSnap-Fr300__gsk7975a-prot-OPT_vina_out_model18.sdf,-7.841666666666669,-3.5669,-26.85276666666667,9
AutoDock_Vina,Orai1WT-MDSnap-Fr300,gsk7975a-prot-OPT,19,/home/manndo/master_dev/posebusters_results/converted_pdbqt/Orai1WT-MDSnap-Fr300__gsk7975a-prot-OPT_vina_out_model19.sdf,12.516966666666665,26.57076666666667,19.195966666666667,4
AutoDock_Vina,Orai1WT-MDSnap-Fr300,gsk7975a-prot-OPT,2,/home/manndo/master_dev/posebusters_results/converted_pdbqt/Orai1WT-MDSnap-Fr300__gsk7975a-prot-OPT_vina_out_model2.sdf,-5.759033333333334,-7.401333333333333,-24.94093333333333,9
AutoDock_Vina,Orai1WT-MDSnap-Fr300,gsk7975a-prot-OPT,20,/home/manndo/master_dev/posebusters_results/converted_pdbqt/Orai1WT-MDSnap-Fr300__gsk7975a-prot-OPT_vina_out_model20.sdf,-9.054100000000002,-20.597300000000004,4.083266666666666,7
AutoDock_Vina,Orai1WT-MDSnap-Fr300,gsk7975a-prot-OPT,21,/home/manndo/master_dev/posebusters_results/converted_pdbqt/Orai1WT-MDSnap-Fr300__gsk7975a-prot-OPT_vina_out_model21.sdf,-7.943766666666668,-3.1806666666666668,-26.583633333333342,9
AutoDock_Vina,Orai1WT-MDSnap-Fr300,gsk7975a-prot-OPT,22,/home/manndo/master_dev/posebusters_results/converted_pdbqt/Orai1WT-MDSnap-Fr300__gsk7975a-prot-OPT_vina_out_model22.sdf,-14.535566666666664,25.495699999999996,-11.199633333333333,1
AutoDock_Vina,Orai1WT-MDSnap-Fr300,gsk7975a-prot-OPT,23,/home/manndo/master_dev/posebusters_results/converted_pdbqt/Orai1WT-MDSnap-Fr300__gsk7975a-prot-OPT_vina_out_model23.sdf,23.305633333333333,12.694899999999997,11.521833333333337,4
AutoDock_Vina,Orai1WT-MDSnap-Fr300,gsk7975a-prot-OPT,24,/home/manndo/master_dev/posebusters_results/converted_pdbqt/Orai1WT-MDSnap-Fr300__gsk7975a-prot-OPT_vina_out_model24.sdf,-0.048800000000000336,26.49673333333333,-24.71006666666667,1
AutoDock_Vina,Orai1WT-MDSnap-Fr300,gsk7975a-prot-OPT,25,/home/manndo/master_dev/posebusters_results/converted_pdbqt/Orai1WT-MDSnap-Fr300__gsk7975a-prot-OPT_vina_out_model25.sdf,-7.775999999999999,-3.4467666666666665,-26.47206666666666,9
AutoDock_Vina,Orai1WT-MDSnap-Fr300,gsk7975a-prot-OPT,26,/home/manndo/master_dev/posebusters_results/converted_pdbqt/Orai1WT-MDSnap-Fr300__gsk7975a-prot-OPT_vina_out_model26.sdf,-8.0,-5.6043666666666665,-27.319833333333335,9
AutoDock_Vina,Orai1WT-MDSnap-Fr300,gsk7975a-prot-OPT,27,/home/manndo/master_dev/posebusters_results/converted_pdbqt/Orai1WT-MDSnap-Fr300__gsk7975a-prot-OPT_vina_out_model27.sdf,-9.229066666666665,-20.6953,4.571433333333332,7
AutoDock_Vina,Orai1WT-MDSnap-Fr300,gsk7975a-prot-OPT,28,/home/manndo/master_dev/posebusters_results/converted_pdbqt/Orai1WT-MDSnap-Fr300__gsk7975a-prot-OPT_vina_out_model28.sdf,23.88276666666666,12.507366666666666,10.803433333333334,4
AutoDock_Vina,Orai1WT-MDSnap-Fr300,gsk7975a-prot-OPT,29,/home/manndo/master_dev/posebusters_results/converted_pdbqt/Orai1WT-MDSnap-Fr300__gsk7975a-prot-OPT_vina_out_model29.sdf,-8.767433333333333,-20.185699999999994,5.579433333333332,7
AutoDock_Vina,Orai1WT-MDSnap-Fr300,gsk7975a-prot-OPT,3,/home/manndo/master_dev/posebusters_results/converted_pdbqt/Orai1WT-MDSnap-Fr300__gsk7975a-prot-OPT_vina_out_model3.sdf,-6.9819666666666675,-4.860466666666667,-25.145266666666664,9
AutoDock_Vina,Orai1WT-MDSnap-Fr300,gsk7975a-prot-OPT,30,/home/manndo/master_dev/posebusters_results/converted_pdbqt/Orai1WT-MDSnap-Fr300__gsk7975a-prot-OPT_vina_out_model30.sdf,-8.973233333333335,-19.797200000000007,6.993800000000001,7
AutoDock_Vina,Orai1WT-MDSnap-Fr300,gsk7975a-prot-OPT,4,/home/manndo/master_dev/posebusters_results/converted_pdbqt/Orai1WT-MDSnap-Fr300__gsk7975a-prot-OPT_vina_out_model4.sdf,-0.9484666666666667,4.467666666666668,-12.1951,5
AutoDock_Vina,Orai1WT-MDSnap-Fr300,gsk7975a-prot-OPT,5,/home/manndo/master_dev/posebusters_results/converted_pdbqt/Orai1WT-MDSnap-Fr300__gsk7975a-prot-OPT_vina_out_model5.sdf,-7.1084,-5.232166666666668,-25.206166666666668,9
AutoDock_Vina,Orai1WT-MDSnap-Fr300,gsk7975a-prot-OPT,6,/home/manndo/master_dev/posebusters_results/converted_pdbqt/Orai1WT-MDSnap-Fr300__gsk7975a-prot-OPT_vina_out_model6.sdf,-9.112166666666667,-6.7242999999999995,-27.41656666666666,9
AutoDock_Vina,Orai1WT-MDSnap-Fr300,gsk7975a-prot-OPT,7,/home/manndo/master_dev/posebusters_results/converted_pdbqt/Orai1WT-MDSnap-Fr300__gsk7975a-prot-OPT_vina_out_model7.sdf,0.28710000000000024,4.354733333333334,-10.892366666666668,5
AutoDock_Vina,Orai1WT-MDSnap-Fr300,gsk7975a-prot-OPT,8,/home/manndo/master_dev/posebusters_results/converted_pdbqt/Orai1WT-MDSnap-Fr300__gsk7975a-prot-OPT_vina_out_model8.sdf,-8.572033333333335,-6.452166666666668,-27.38233333333333,9
AutoDock_Vina,Orai1WT-MDSnap-Fr300,gsk7975a-prot-OPT,9,/home/manndo/master_dev/posebusters_results/converted_pdbqt/Orai1WT-MDSnap-Fr300__gsk7975a-prot-OPT_vina_out_model9.sdf,-7.720766666666668,-3.4668666666666668,-25.61786666666667,9
AutoDock_Vina,Orai1WT-MDSnap-Fr400,2abp-nh2-OPT,1,/home/manndo/master_dev/posebusters_results/converted_pdbqt/Orai1WT-MDSnap-Fr400__2abp-nh2-OPT_vina_out_model1.sdf,-0.5656842105263159,4.615684210526315,-0.9521052631578947,7
AutoDock_Vina,Orai1WT-MDSnap-Fr400,2abp-nh2-OPT,10,/home/manndo/master_dev/posebusters_results/converted_pdbqt/Orai1WT-MDSnap-Fr400__2abp-nh2-OPT_vina_out_model10.sdf,11.403473684210528,26.213157894736838,15.661105263157893,0
AutoDock_Vina,Orai1WT-MDSnap-Fr400,2abp-nh2-OPT,11,/home/manndo/master_dev/posebusters_results/converted_pdbqt/Orai1WT-MDSnap-Fr400__2abp-nh2-OPT_vina_out_model11.sdf,0.49178947368421067,3.9027368421052624,-7.753473684210525,7
AutoDock_Vina,Orai1WT-MDSnap-Fr400,2abp-nh2-OPT,12,/home/manndo/master_dev/posebusters_results/converted_pdbqt/Orai1WT-MDSnap-Fr400__2abp-nh2-OPT_vina_out_model12.sdf,-8.829315789473684,16.282947368421052,-25.71947368421053,1
AutoDock_Vina,Orai1WT-MDSnap-Fr400,2abp-nh2-OPT,13,/home/manndo/master_dev/posebusters_results/converted_pdbqt/Orai1WT-MDSnap-Fr400__2abp-nh2-OPT_vina_out_model13.sdf,25.951789473684208,8.938789473684212,11.038947368421054,0
AutoDock_Vina,Orai1WT-MDSnap-Fr400,2abp-nh2-OPT,14,/home/manndo/master_dev/posebusters_results/converted_pdbqt/Orai1WT-MDSnap-Fr400__2abp-nh2-OPT_vina_out_model14.sdf,0.6473157894736844,4.993315789473685,-13.794315789473686,7
AutoDock_Vina,Orai1WT-MDSnap-Fr400,2abp-nh2-OPT,15,/home/manndo/master_dev/posebusters_results/converted_pdbqt/Orai1WT-MDSnap-Fr400__2abp-nh2-OPT_vina_out_model15.sdf,-8.863263157894735,15.800105263157894,-25.774,1
AutoDock_Vina,Orai1WT-MDSnap-Fr400,2abp-nh2-OPT,16,/home/manndo/master_dev/posebusters_results/converted_pdbqt/Orai1WT-MDSnap-Fr400__2abp-nh2-OPT_vina_out_model16.sdf,-0.3672105263157895,4.227842105263157,-9.983684210526315,7
AutoDock_Vina,Orai1WT-MDSnap-Fr400,2abp-nh2-OPT,17,/home/manndo/master_dev/posebusters_results/converted_pdbqt/Orai1WT-MDSnap-Fr400__2abp-nh2-OPT_vina_out_model17.sdf,-22.17794736842105,9.687157894736842,-29.899473684210527,1
AutoDock_Vina,Orai1WT-MDSnap-Fr400,2abp-nh2-OPT,18,/home/manndo/master_dev/posebusters_results/converted_pdbqt/Orai1WT-MDSnap-Fr400__2abp-nh2-OPT_vina_out_model18.sdf,16.063947368421054,-18.25657894736842,14.694578947368422,2
AutoDock_Vina,Orai1WT-MDSnap-Fr400,2abp-nh2-OPT,19,/home/manndo/master_dev/posebusters_results/converted_pdbqt/Orai1WT-MDSnap-Fr400__2abp-nh2-OPT_vina_out_model19.sdf,-16.98757894736842,14.284315789473684,21.96621052631579,5
AutoDock_Vina,Orai1WT-MDSnap-Fr400,2abp-nh2-OPT,2,/home/manndo/master_dev/posebusters_results/converted_pdbqt/Orai1WT-MDSnap-Fr400__2abp-nh2-OPT_vina_out_model2.sdf,-0.07157894736842098,3.1010526315789484,-7.470684210526317,7
AutoDock_Vina,Orai1WT-MDSnap-Fr400,2abp-nh2-OPT,20,/home/manndo/master_dev/posebusters_results/converted_pdbqt/Orai1WT-MDSnap-Fr400__2abp-nh2-OPT_vina_out_model20.sdf,17.45163157894737,-13.458052631578946,20.778842105263152,2
AutoDock_Vina,Orai1WT-MDSnap-Fr400,2abp-nh2-OPT,21,/home/manndo/master_dev/posebusters_results/converted_pdbqt/Orai1WT-MDSnap-Fr400__2abp-nh2-OPT_vina_out_model21.sdf,15.83247368421053,-18.109736842105264,14.937736842105263,2
AutoDock_Vina,Orai1WT-MDSnap-Fr400,2abp-nh2-OPT,22,/home/manndo/master_dev/posebusters_results/converted_pdbqt/Orai1WT-MDSnap-Fr400__2abp-nh2-OPT_vina_out_model22.sdf,-1.2602105263157897,5.691578947368421,-13.899157894736842,7
AutoDock_Vina,Orai1WT-MDSnap-Fr400,2abp-nh2-OPT,23,/home/manndo/master_dev/posebusters_results/converted_pdbqt/Orai1WT-MDSnap-Fr400__2abp-nh2-OPT_vina_out_model23.sdf,15.66726315789474,-17.96715789473684,14.897315789473685,2
AutoDock_Vina,Orai1WT-MDSnap-Fr400,2abp-nh2-OPT,24,/home/manndo/master_dev/posebusters_results/converted_pdbqt/Orai1WT-MDSnap-Fr400__2abp-nh2-OPT_vina_out_model24.sdf,-0.00026315789473678393,4.282473684210526,18.806947368421053,5
AutoDock_Vina,Orai1WT-MDSnap-Fr400,2abp-nh2-OPT,25,/home/manndo/master_dev/posebusters_results/converted_pdbqt/Orai1WT-MDSnap-Fr400__2abp-nh2-OPT_vina_out_model25.sdf,-0.08447368421052621,3.813526315789473,19.88626315789474,5
AutoDock_Vina,Orai1WT-MDSnap-Fr400,2abp-nh2-OPT,26,/home/manndo/master_dev/posebusters_results/converted_pdbqt/Orai1WT-MDSnap-Fr400__2abp-nh2-OPT_vina_out_model26.sdf,24.73715789473684,9.906578947368422,11.273631578947368,0
AutoDock_Vina,Orai1WT-MDSnap-Fr400,2abp-nh2-OPT,27,/home/manndo/master_dev/posebusters_results/converted_pdbqt/Orai1WT-MDSnap-Fr400__2abp-nh2-OPT_vina_out_model27.sdf,13.05042105263158,-13.839631578947367,10.686473684210528,2
AutoDock_Vina,Orai1WT-MDSnap-Fr400,2abp-nh2-OPT,28,/home/manndo/master_dev/posebusters_results/converted_pdbqt/Orai1WT-MDSnap-Fr400__2abp-nh2-OPT_vina_out_model28.sdf,0.20594736842105263,4.183210526315789,18.899,5
AutoDock_Vina,Orai1WT-MDSnap-Fr400,2abp-nh2-OPT,29,/home/manndo/master_dev/posebusters_results/converted_pdbqt/Orai1WT-MDSnap-Fr400__2abp-nh2-OPT_vina_out_model29.sdf,-17.389105263157898,14.444210526315786,22.489421052631577,5
AutoDock_Vina,Orai1WT-MDSnap-Fr400,2abp-nh2-OPT,3,/home/manndo/master_dev/posebusters_results/converted_pdbqt/Orai1WT-MDSnap-Fr400__2abp-nh2-OPT_vina_out_model3.sdf,-21.768315789473686,9.619684210526316,-29.08642105263159,1
AutoDock_Vina,Orai1WT-MDSnap-Fr400,2abp-nh2-OPT,30,/home/manndo/master_dev/posebusters_results/converted_pdbqt/Orai1WT-MDSnap-Fr400__2abp-nh2-OPT_vina_out_model30.sdf,-10.80621052631579,-15.889473684210529,-33.71652631578948,9
AutoDock_Vina,Orai1WT-MDSnap-Fr400,2abp-nh2-OPT,4,/home/manndo/master_dev/posebusters_results/converted_pdbqt/Orai1WT-MDSnap-Fr400__2abp-nh2-OPT_vina_out_model4.sdf,-21.791526315789476,9.717105263157896,-29.11589473684211,1
AutoDock_Vina,Orai1WT-MDSnap-Fr400,2abp-nh2-OPT,5,/home/manndo/master_dev/posebusters_results/converted_pdbqt/Orai1WT-MDSnap-Fr400__2abp-nh2-OPT_vina_out_model5.sdf,0.027947368421052523,3.3645789473684204,-7.382052631578948,7
AutoDock_Vina,Orai1WT-MDSnap-Fr400,2abp-nh2-OPT,6,/home/manndo/master_dev/posebusters_results/converted_pdbqt/Orai1WT-MDSnap-Fr400__2abp-nh2-OPT_vina_out_model6.sdf,18.332684210526317,-13.761999999999997,18.966894736842107,2
AutoDock_Vina,Orai1WT-MDSnap-Fr400,2abp-nh2-OPT,7,/home/manndo/master_dev/posebusters_results/converted_pdbqt/Orai1WT-MDSnap-Fr400__2abp-nh2-OPT_vina_out_model7.sdf,-9.02163157894737,16.076473684210526,-25.488105263157898,1
AutoDock_Vina,Orai1WT-MDSnap-Fr400,2abp-nh2-OPT,8,/home/manndo/master_dev/posebusters_results/converted_pdbqt/Orai1WT-MDSnap-Fr400__2abp-nh2-OPT_vina_out_model8.sdf,-0.009684210526315799,5.586368421052631,0.14894736842105258,7
AutoDock_Vina,Orai1WT-MDSnap-Fr400,2abp-nh2-OPT,9,/home/manndo/master_dev/posebusters_results/converted_pdbqt/Orai1WT-MDSnap-Fr400__2abp-nh2-OPT_vina_out_model9.sdf,-8.816894736842107,16.25605263157895,-25.798473684210524,1
AutoDock_Vina,Orai1WT-MDSnap-Fr400,Synta-66-OPT-Singlet,1,/home/manndo/master_dev/posebusters_results/converted_pdbqt/Orai1WT-MDSnap-Fr400__Synta-66-OPT-Singlet_vina_out_model1.sdf,-9.470814814814814,-19.438962962962965,5.33151851851852,6
AutoDock_Vina,Orai1WT-MDSnap-Fr400,Synta-66-OPT-Singlet,10,/home/manndo/master_dev/posebusters_results/converted_pdbqt/Orai1WT-MDSnap-Fr400__Synta-66-OPT-Singlet_vina_out_model10.sdf,17.471518518518522,-15.474814814814815,17.639925925925922,5
AutoDock_Vina,Orai1WT-MDSnap-Fr400,Synta-66-OPT-Singlet,11,/home/manndo/master_dev/posebusters_results/converted_pdbqt/Orai1WT-MDSnap-Fr400__Synta-66-OPT-Singlet_vina_out_model11.sdf,-3.2098888888888886,23.36503703703704,-18.99407407407407,4
AutoDock_Vina,Orai1WT-MDSnap-Fr400,Synta-66-OPT-Singlet,12,/home/manndo/master_dev/posebusters_results/converted_pdbqt/Orai1WT-MDSnap-Fr400__Synta-66-OPT-Singlet_vina_out_model12.sdf,-21.4557037037037,-4.0523333333333325,-35.43322222222223,0
AutoDock_Vina,Orai1WT-MDSnap-Fr400,Synta-66-OPT-Singlet,13,/home/manndo/master_dev/posebusters_results/converted_pdbqt/Orai1WT-MDSnap-Fr400__Synta-66-OPT-Singlet_vina_out_model13.sdf,-26.33048148148148,-2.9963703703703697,10.623148148148145,9
AutoDock_Vina,Orai1WT-MDSnap-Fr400,Synta-66-OPT-Singlet,14,/home/manndo/master_dev/posebusters_results/converted_pdbqt/Orai1WT-MDSnap-Fr400__Synta-66-OPT-Singlet_vina_out_model14.sdf,-2.057851851851852,24.262074074074075,-19.694814814814816,4
AutoDock_Vina,Orai1WT-MDSnap-Fr400,Synta-66-OPT-Singlet,15,/home/manndo/master_dev/posebusters_results/converted_pdbqt/Orai1WT-MDSnap-Fr400__Synta-66-OPT-Singlet_vina_out_model15.sdf,-1.329296296296296,26.96674074074074,-20.998111111111115,4
AutoDock_Vina,Orai1WT-MDSnap-Fr400,Synta-66-OPT-Singlet,16,/home/manndo/master_dev/posebusters_results/converted_pdbqt/Orai1WT-MDSnap-Fr400__Synta-66-OPT-Singlet_vina_out_model16.sdf,-7.780555555555556,-20.203740740740745,9.461,6
AutoDock_Vina,Orai1WT-MDSnap-Fr400,Synta-66-OPT-Singlet,17,/home/manndo/master_dev/posebusters_results/converted_pdbqt/Orai1WT-MDSnap-Fr400__Synta-66-OPT-Singlet_vina_out_model17.sdf,-10.539518518518518,-19.590592592592593,1.836148148148148,6
AutoDock_Vina,Orai1WT-MDSnap-Fr400,Synta-66-OPT-Singlet,18,/home/manndo/master_dev/posebusters_results/converted_pdbqt/Orai1WT-MDSnap-Fr400__Synta-66-OPT-Singlet_vina_out_model18.sdf,-10.81014814814815,-19.662370370370375,1.2175925925925926,6
AutoDock_Vina,Orai1WT-MDSnap-Fr400,Synta-66-OPT-Singlet,19,/home/manndo/master_dev/posebusters_results/converted_pdbqt/Orai1WT-MDSnap-Fr400__Synta-66-OPT-Singlet_vina_out_model19.sdf,0.5905925925925927,3.010555555555556,23.28440740740741,1
AutoDock_Vina,Orai1WT-MDSnap-Fr400,Synta-66-OPT-Singlet,2,/home/manndo/master_dev/posebusters_results/converted_pdbqt/Orai1WT-MDSnap-Fr400__Synta-66-OPT-Singlet_vina_out_model2.sdf,-9.54811111111111,-19.487777777777776,5.610370370370371,6
AutoDock_Vina,Orai1WT-MDSnap-Fr400,Synta-66-OPT-Singlet,20,/home/manndo/master_dev/posebusters_results/converted_pdbqt/Orai1WT-MDSnap-Fr400__Synta-66-OPT-Singlet_vina_out_model20.sdf,-2.9567777777777775,24.34311111111111,-20.338851851851857,4
AutoDock_Vina,Orai1WT-MDSnap-Fr400,Synta-66-OPT-Singlet,21,/home/manndo/master_dev/posebusters_results/converted_pdbqt/Orai1WT-MDSnap-Fr400__Synta-66-OPT-Singlet_vina_out_model21.sdf,19.11055555555556,-15.394370370370368,17.742222222222225,5
AutoDock_Vina,Orai1WT-MDSnap-Fr400,Synta-66-OPT-Singlet,22,/home/manndo/master_dev/posebusters_results/converted_pdbqt/Orai1WT-MDSnap-Fr400__Synta-66-OPT-Singlet_vina_out_model22.sdf,0.5101111111111111,3.1100370370370363,21.985851851851855,1
AutoDock_Vina,Orai1WT-MDSnap-Fr400,Synta-66-OPT-Singlet,23,/home/manndo/master_dev/posebusters_results/converted_pdbqt/Orai1WT-MDSnap-Fr400__Synta-66-OPT-Singlet_vina_out_model23.sdf,-20.046555555555553,9.349444444444444,-31.666333333333327,0
AutoDock_Vina,Orai1WT-MDSnap-Fr400,Synta-66-OPT-Singlet,24,/home/manndo/master_dev/posebusters_results/converted_pdbqt/Orai1WT-MDSnap-Fr400__Synta-66-OPT-Singlet_vina_out_model24.sdf,-2.433888888888889,27.055999999999997,-23.116703703703706,4
AutoDock_Vina,Orai1WT-MDSnap-Fr400,Synta-66-OPT-Singlet,25,/home/manndo/master_dev/posebusters_results/converted_pdbqt/Orai1WT-MDSnap-Fr400__Synta-66-OPT-Singlet_vina_out_model25.sdf,13.155111111111113,24.566333333333336,20.418962962962958,1
AutoDock_Vina,Orai1WT-MDSnap-Fr400,Synta-66-OPT-Singlet,26,/home/manndo/master_dev/posebusters_results/converted_pdbqt/Orai1WT-MDSnap-Fr400__Synta-66-OPT-Singlet_vina_out_model26.sdf,-0.06714814814814817,5.686222222222221,21.368185185185187,1
AutoDock_Vina,Orai1WT-MDSnap-Fr400,Synta-66-OPT-Singlet,27,/home/manndo/master_dev/posebusters_results/converted_pdbqt/Orai1WT-MDSnap-Fr400__Synta-66-OPT-Singlet_vina_out_model27.sdf,13.817222222222226,-14.36885185185185,13.76662962962963,5
AutoDock_Vina,Orai1WT-MDSnap-Fr400,Synta-66-OPT-Singlet,28,/home/manndo/master_dev/posebusters_results/converted_pdbqt/Orai1WT-MDSnap-Fr400__Synta-66-OPT-Singlet_vina_out_model28.sdf,-25.182518518518513,-2.1137777777777775,11.20574074074074,9
AutoDock_Vina,Orai1WT-MDSnap-Fr400,Synta-66-OPT-Singlet,29,/home/manndo/master_dev/posebusters_results/converted_pdbqt/Orai1WT-MDSnap-Fr400__Synta-66-OPT-Singlet_vina_out_model29.sdf,-8.070037037037038,-2.6107037037037037,-27.23925925925926,0
AutoDock_Vina,Orai1WT-MDSnap-Fr400,Synta-66-OPT-Singlet,3,/home/manndo/master_dev/posebusters_results/converted_pdbqt/Orai1WT-MDSnap-Fr400__Synta-66-OPT-Singlet_vina_out_model3.sdf,-3.79574074074074,22.51448148148148,-19.103777777777776,4
AutoDock_Vina,Orai1WT-MDSnap-Fr400,Synta-66-OPT-Singlet,30,/home/manndo/master_dev/posebusters_results/converted_pdbqt/Orai1WT-MDSnap-Fr400__Synta-66-OPT-Singlet_vina_out_model30.sdf,0.6684074074074073,3.815592592592592,21.03166666666667,1
AutoDock_Vina,Orai1WT-MDSnap-Fr400,Synta-66-OPT-Singlet,4,/home/manndo/master_dev/posebusters_results/converted_pdbqt/Orai1WT-MDSnap-Fr400__Synta-66-OPT-Singlet_vina_out_model4.sdf,-9.138074074074076,-18.743259259259258,6.001148148148148,6
AutoDock_Vina,Orai1WT-MDSnap-Fr400,Synta-66-OPT-Singlet,5,/home/manndo/master_dev/posebusters_results/converted_pdbqt/Orai1WT-MDSnap-Fr400__Synta-66-OPT-Singlet_vina_out_model5.sdf,-6.961037037037038,-4.590000000000001,-26.065481481481484,0
AutoDock_Vina,Orai1WT-MDSnap-Fr400,Synta-66-OPT-Singlet,6,/home/manndo/master_dev/posebusters_results/converted_pdbqt/Orai1WT-MDSnap-Fr400__Synta-66-OPT-Singlet_vina_out_model6.sdf,17.37248148148148,-15.406444444444446,17.94548148148148,5
AutoDock_Vina,Orai1WT-MDSnap-Fr400,Synta-66-OPT-Singlet,7,/home/manndo/master_dev/posebusters_results/converted_pdbqt/Orai1WT-MDSnap-Fr400__Synta-66-OPT-Singlet_vina_out_model7.sdf,-6.573370370370371,-4.515629629629629,-26.59937037037037,0
AutoDock_Vina,Orai1WT-MDSnap-Fr400,Synta-66-OPT-Singlet,8,/home/manndo/master_dev/posebusters_results/converted_pdbqt/Orai1WT-MDSnap-Fr400__Synta-66-OPT-Singlet_vina_out_model8.sdf,-8.964925925925927,-20.088148148148147,6.91688888888889,6
AutoDock_Vina,Orai1WT-MDSnap-Fr400,Synta-66-OPT-Singlet,9,/home/manndo/master_dev/posebusters_results/converted_pdbqt/Orai1WT-MDSnap-Fr400__Synta-66-OPT-Singlet_vina_out_model9.sdf,-9.207370370370372,-19.80437037037038,7.33974074074074,6
AutoDock_Vina,Orai1WT-MDSnap-Fr400,gsk7975a-prot-OPT,1,/home/manndo/master_dev/posebusters_results/converted_pdbqt/Orai1WT-MDSnap-Fr400__gsk7975a-prot-OPT_vina_out_model1.sdf,-9.667533333333331,-20.3944,6.215433333333334,1
AutoDock_Vina,Orai1WT-MDSnap-Fr400,gsk7975a-prot-OPT,10,/home/manndo/master_dev/posebusters_results/converted_pdbqt/Orai1WT-MDSnap-Fr400__gsk7975a-prot-OPT_vina_out_model10.sdf,-1.2747999999999997,4.710733333333333,-11.967899999999998,0
AutoDock_Vina,Orai1WT-MDSnap-Fr400,gsk7975a-prot-OPT,11,/home/manndo/master_dev/posebusters_results/converted_pdbqt/Orai1WT-MDSnap-Fr400__gsk7975a-prot-OPT_vina_out_model11.sdf,-2.397333333333334,24.153366666666674,-21.157266666666672,0
AutoDock_Vina,Orai1WT-MDSnap-Fr400,gsk7975a-prot-OPT,12,/home/manndo/master_dev/posebusters_results/converted_pdbqt/Orai1WT-MDSnap-Fr400__gsk7975a-prot-OPT_vina_out_model12.sdf,14.428899999999995,-13.984133333333334,13.978266666666666,1
AutoDock_Vina,Orai1WT-MDSnap-Fr400,gsk7975a-prot-OPT,13,/home/manndo/master_dev/posebusters_results/converted_pdbqt/Orai1WT-MDSnap-Fr400__gsk7975a-prot-OPT_vina_out_model13.sdf,-10.983499999999998,16.360699999999998,-26.581666666666667,0
AutoDock_Vina,Orai1WT-MDSnap-Fr400,gsk7975a-prot-OPT,14,/home/manndo/master_dev/posebusters_results/converted_pdbqt/Orai1WT-MDSnap-Fr400__gsk7975a-prot-OPT_vina_out_model14.sdf,24.45743333333333,12.048833333333333,11.2253,1
AutoDock_Vina,Orai1WT-MDSnap-Fr400,gsk7975a-prot-OPT,15,/home/manndo/master_dev/posebusters_results/converted_pdbqt/Orai1WT-MDSnap-Fr400__gsk7975a-prot-OPT_vina_out_model15.sdf,-10.870266666666664,17.60193333333333,-28.04496666666667,0
AutoDock_Vina,Orai1WT-MDSnap-Fr400,gsk7975a-prot-OPT,16,/home/manndo/master_dev/posebusters_results/converted_pdbqt/Orai1WT-MDSnap-Fr400__gsk7975a-prot-OPT_vina_out_model16.sdf,3.2921333333333327,5.7575666666666665,27.475966666666654,1
AutoDock_Vina,Orai1WT-MDSnap-Fr400,gsk7975a-prot-OPT,17,/home/manndo/master_dev/posebusters_results/converted_pdbqt/Orai1WT-MDSnap-Fr400__gsk7975a-prot-OPT_vina_out_model17.sdf,-10.547333333333334,16.8074,-28.22876666666667,0
AutoDock_Vina,Orai1WT-MDSnap-Fr400,gsk7975a-prot-OPT,18,/home/manndo/master_dev/posebusters_results/converted_pdbqt/Orai1WT-MDSnap-Fr400__gsk7975a-prot-OPT_vina_out_model18.sdf,-10.922466666666667,16.778500000000005,-27.6879,0
AutoDock_Vina,Orai1WT-MDSnap-Fr400,gsk7975a-prot-OPT,19,/home/manndo/master_dev/posebusters_results/converted_pdbqt/Orai1WT-MDSnap-Fr400__gsk7975a-prot-OPT_vina_out_model19.sdf,6.699866666666666,-15.052933333333339,21.237033333333336,1
AutoDock_Vina,Orai1WT-MDSnap-Fr400,gsk7975a-prot-OPT,2,/home/manndo/master_dev/posebusters_results/converted_pdbqt/Orai1WT-MDSnap-Fr400__gsk7975a-prot-OPT_vina_out_model2.sdf,3.102233333333333,10.508666666666665,29.240966666666665,1
AutoDock_Vina,Orai1WT-MDSnap-Fr400,gsk7975a-prot-OPT,20,/home/manndo/master_dev/posebusters_results/converted_pdbqt/Orai1WT-MDSnap-Fr400__gsk7975a-prot-OPT_vina_out_model20.sdf,-8.632866666666667,-3.154966666666667,-27.08546666666667,0
AutoDock_Vina,Orai1WT-MDSnap-Fr400,gsk7975a-prot-OPT,21,/home/manndo/master_dev/posebusters_results/converted_pdbqt/Orai1WT-MDSnap-Fr400__gsk7975a-prot-OPT_vina_out_model21.sdf,3.443466666666667,10.5497,29.95443333333333,1
AutoDock_Vina,Orai1WT-MDSnap-Fr400,gsk7975a-prot-OPT,22,/home/manndo/master_dev/posebusters_results/converted_pdbqt/Orai1WT-MDSnap-Fr400__gsk7975a-prot-OPT_vina_out_model22.sdf,-2.5916666666666663,13.5018,29.53733333333333,1
AutoDock_Vina,Orai1WT-MDSnap-Fr400,gsk7975a-prot-OPT,23,/home/manndo/master_dev/posebusters_results/converted_pdbqt/Orai1WT-MDSnap-Fr400__gsk7975a-prot-OPT_vina_out_model23.sdf,24.84513333333333,10.521666666666667,10.599300000000001,1
AutoDock_Vina,Orai1WT-MDSnap-Fr400,gsk7975a-prot-OPT,24,/home/manndo/master_dev/posebusters_results/converted_pdbqt/Orai1WT-MDSnap-Fr400__gsk7975a-prot-OPT_vina_out_model24.sdf,6.869599999999999,-14.2095,22.118000000000006,1
AutoDock_Vina,Orai1WT-MDSnap-Fr400,gsk7975a-prot-OPT,25,/home/manndo/master_dev/posebusters_results/converted_pdbqt/Orai1WT-MDSnap-Fr400__gsk7975a-prot-OPT_vina_out_model25.sdf,28.2786,6.642066666666667,13.101200000000002,1
AutoDock_Vina,Orai1WT-MDSnap-Fr400,gsk7975a-prot-OPT,26,/home/manndo/master_dev/posebusters_results/converted_pdbqt/Orai1WT-MDSnap-Fr400__gsk7975a-prot-OPT_vina_out_model26.sdf,13.176166666666669,-15.136066666666666,12.899533333333334,1
AutoDock_Vina,Orai1WT-MDSnap-Fr400,gsk7975a-prot-OPT,27,/home/manndo/master_dev/posebusters_results/converted_pdbqt/Orai1WT-MDSnap-Fr400__gsk7975a-prot-OPT_vina_out_model27.sdf,2.8153666666666672,10.9244,29.289233333333332,1
AutoDock_Vina,Orai1WT-MDSnap-Fr400,gsk7975a-prot-OPT,28,/home/manndo/master_dev/posebusters_results/converted_pdbqt/Orai1WT-MDSnap-Fr400__gsk7975a-prot-OPT_vina_out_model28.sdf,1.3329333333333337,-11.303599999999998,25.014599999999998,1
AutoDock_Vina,Orai1WT-MDSnap-Fr400,gsk7975a-prot-OPT,29,/home/manndo/master_dev/posebusters_results/converted_pdbqt/Orai1WT-MDSnap-Fr400__gsk7975a-prot-OPT_vina_out_model29.sdf,18.953233333333337,-13.3539,-28.940533333333338,0
AutoDock_Vina,Orai1WT-MDSnap-Fr400,gsk7975a-prot-OPT,3,/home/manndo/master_dev/posebusters_results/converted_pdbqt/Orai1WT-MDSnap-Fr400__gsk7975a-prot-OPT_vina_out_model3.sdf,-1.6647999999999998,4.729866666666667,-11.042933333333334,0
AutoDock_Vina,Orai1WT-MDSnap-Fr400,gsk7975a-prot-OPT,30,/home/manndo/master_dev/posebusters_results/converted_pdbqt/Orai1WT-MDSnap-Fr400__gsk7975a-prot-OPT_vina_out_model30.sdf,1.351833333333334,-16.13846666666667,22.77243333333333,1
AutoDock_Vina,Orai1WT-MDSnap-Fr400,gsk7975a-prot-OPT,4,/home/manndo/master_dev/posebusters_results/converted_pdbqt/Orai1WT-MDSnap-Fr400__gsk7975a-prot-OPT_vina_out_model4.sdf,-0.5176666666666667,4.781,-11.986400000000001,0
AutoDock_Vina,Orai1WT-MDSnap-Fr400,gsk7975a-prot-OPT,5,/home/manndo/master_dev/posebusters_results/converted_pdbqt/Orai1WT-MDSnap-Fr400__gsk7975a-prot-OPT_vina_out_model5.sdf,2.8016666666666676,10.702766666666667,29.219199999999994,1
AutoDock_Vina,Orai1WT-MDSnap-Fr400,gsk7975a-prot-OPT,6,/home/manndo/master_dev/posebusters_results/converted_pdbqt/Orai1WT-MDSnap-Fr400__gsk7975a-prot-OPT_vina_out_model6.sdf,13.984366666666665,-14.528500000000001,16.401533333333337,1
AutoDock_Vina,Orai1WT-MDSnap-Fr400,gsk7975a-prot-OPT,7,/home/manndo/master_dev/posebusters_results/converted_pdbqt/Orai1WT-MDSnap-Fr400__gsk7975a-prot-OPT_vina_out_model7.sdf,-10.517033333333334,16.670166666666667,-27.340099999999996,0
AutoDock_Vina,Orai1WT-MDSnap-Fr400,gsk7975a-prot-OPT,8,/home/manndo/master_dev/posebusters_results/converted_pdbqt/Orai1WT-MDSnap-Fr400__gsk7975a-prot-OPT_vina_out_model8.sdf,-10.417533333333333,16.393433333333334,-27.797933333333333,0
AutoDock_Vina,Orai1WT-MDSnap-Fr400,gsk7975a-prot-OPT,9,/home/manndo/master_dev/posebusters_results/converted_pdbqt/Orai1WT-MDSnap-Fr400__gsk7975a-prot-OPT_vina_out_model9.sdf,-7.2645333333333335,-4.759900000000002,-25.547633333333337,0
AutoDock_Vina,Orai1WT-MDSnap-Fr499,2abp-nh2-OPT,1,/home/manndo/master_dev/posebusters_results/converted_pdbqt/Orai1WT-MDSnap-Fr499__2abp-nh2-OPT_vina_out_model1.sdf,-6.21078947368421,19.90257894736842,-17.95910526315789,1
AutoDock_Vina,Orai1WT-MDSnap-Fr499,2abp-nh2-OPT,10,/home/manndo/master_dev/posebusters_results/converted_pdbqt/Orai1WT-MDSnap-Fr499__2abp-nh2-OPT_vina_out_model10.sdf,-9.224368421052631,14.735421052631576,-26.559684210526314,9
AutoDock_Vina,Orai1WT-MDSnap-Fr499,2abp-nh2-OPT,11,/home/manndo/master_dev/posebusters_results/converted_pdbqt/Orai1WT-MDSnap-Fr499__2abp-nh2-OPT_vina_out_model11.sdf,-14.801105263157895,-9.960210526315787,20.14984210526316,2
AutoDock_Vina,Orai1WT-MDSnap-Fr499,2abp-nh2-OPT,12,/home/manndo/master_dev/posebusters_results/converted_pdbqt/Orai1WT-MDSnap-Fr499__2abp-nh2-OPT_vina_out_model12.sdf,-9.94905263157895,-20.87768421052632,10.212157894736842,2
AutoDock_Vina,Orai1WT-MDSnap-Fr499,2abp-nh2-OPT,13,/home/manndo/master_dev/posebusters_results/converted_pdbqt/Orai1WT-MDSnap-Fr499__2abp-nh2-OPT_vina_out_model13.sdf,-4.981,23.35247368421053,24.82078947368421,4
AutoDock_Vina,Orai1WT-MDSnap-Fr499,2abp-nh2-OPT,14,/home/manndo/master_dev/posebusters_results/converted_pdbqt/Orai1WT-MDSnap-Fr499__2abp-nh2-OPT_vina_out_model14.sdf,-9.590368421052633,-6.534631578947368,-29.019736842105257,8
AutoDock_Vina,Orai1WT-MDSnap-Fr499,2abp-nh2-OPT,15,/home/manndo/master_dev/posebusters_results/converted_pdbqt/Orai1WT-MDSnap-Fr499__2abp-nh2-OPT_vina_out_model15.sdf,-10.48078947368421,-6.116052631578948,-29.50557894736842,8
AutoDock_Vina,Orai1WT-MDSnap-Fr499,2abp-nh2-OPT,16,/home/manndo/master_dev/posebusters_results/converted_pdbqt/Orai1WT-MDSnap-Fr499__2abp-nh2-OPT_vina_out_model16.sdf,-6.25136842105263,20.02373684210527,-19.596157894736844,1
AutoDock_Vina,Orai1WT-MDSnap-Fr499,2abp-nh2-OPT,17,/home/manndo/master_dev/posebusters_results/converted_pdbqt/Orai1WT-MDSnap-Fr499__2abp-nh2-OPT_vina_out_model17.sdf,11.36,25.62926315789473,15.671105263157893,6
AutoDock_Vina,Orai1WT-MDSnap-Fr499,2abp-nh2-OPT,18,/home/manndo/master_dev/posebusters_results/converted_pdbqt/Orai1WT-MDSnap-Fr499__2abp-nh2-OPT_vina_out_model18.sdf,-0.793578947368421,4.114842105263158,19.38426315789474,3
AutoDock_Vina,Orai1WT-MDSnap-Fr499,2abp-nh2-OPT,19,/home/manndo/master_dev/posebusters_results/converted_pdbqt/Orai1WT-MDSnap-Fr499__2abp-nh2-OPT_vina_out_model19.sdf,-14.053684210526315,24.774631578947368,10.992105263157896,4
AutoDock_Vina,Orai1WT-MDSnap-Fr499,2abp-nh2-OPT,2,/home/manndo/master_dev/posebusters_results/converted_pdbqt/Orai1WT-MDSnap-Fr499__2abp-nh2-OPT_vina_out_model2.sdf,-9.221631578947367,-19.62642105263158,6.223526315789473,2
AutoDock_Vina,Orai1WT-MDSnap-Fr499,2abp-nh2-OPT,20,/home/manndo/master_dev/posebusters_results/converted_pdbqt/Orai1WT-MDSnap-Fr499__2abp-nh2-OPT_vina_out_model20.sdf,-4.551157894736844,23.61836842105263,25.17336842105263,4
AutoDock_Vina,Orai1WT-MDSnap-Fr499,2abp-nh2-OPT,21,/home/manndo/master_dev/posebusters_results/converted_pdbqt/Orai1WT-MDSnap-Fr499__2abp-nh2-OPT_vina_out_model21.sdf,8.37978947368421,25.45678947368421,-32.65942105263157,1
AutoDock_Vina,Orai1WT-MDSnap-Fr499,2abp-nh2-OPT,22,/home/manndo/master_dev/posebusters_results/converted_pdbqt/Orai1WT-MDSnap-Fr499__2abp-nh2-OPT_vina_out_model22.sdf,26.025631578947372,7.670736842105264,11.475105263157896,0
AutoDock_Vina,Orai1WT-MDSnap-Fr499,2abp-nh2-OPT,23,/home/manndo/master_dev/posebusters_results/converted_pdbqt/Orai1WT-MDSnap-Fr499__2abp-nh2-OPT_vina_out_model23.sdf,-1.3022105263157895,4.123526315789474,20.05963157894737,3
AutoDock_Vina,Orai1WT-MDSnap-Fr499,2abp-nh2-OPT,24,/home/manndo/master_dev/posebusters_results/converted_pdbqt/Orai1WT-MDSnap-Fr499__2abp-nh2-OPT_vina_out_model24.sdf,11.183263157894737,24.948947368421056,15.350157894736844,6
AutoDock_Vina,Orai1WT-MDSnap-Fr499,2abp-nh2-OPT,25,/home/manndo/master_dev/posebusters_results/converted_pdbqt/Orai1WT-MDSnap-Fr499__2abp-nh2-OPT_vina_out_model25.sdf,0.26636842105263164,3.00921052631579,19.470052631578948,3
AutoDock_Vina,Orai1WT-MDSnap-Fr499,2abp-nh2-OPT,26,/home/manndo/master_dev/posebusters_results/converted_pdbqt/Orai1WT-MDSnap-Fr499__2abp-nh2-OPT_vina_out_model26.sdf,8.46263157894737,25.63363157894737,-32.28631578947368,1
AutoDock_Vina,Orai1WT-MDSnap-Fr499,2abp-nh2-OPT,27,/home/manndo/master_dev/posebusters_results/converted_pdbqt/Orai1WT-MDSnap-Fr499__2abp-nh2-OPT_vina_out_model27.sdf,25.899684210526313,8.072,10.953210526315788,0
AutoDock_Vina,Orai1WT-MDSnap-Fr499,2abp-nh2-OPT,28,/home/manndo/master_dev/posebusters_results/converted_pdbqt/Orai1WT-MDSnap-Fr499__2abp-nh2-OPT_vina_out_model28.sdf,-9.288578947368421,-21.590631578947363,9.326210526315789,2
AutoDock_Vina,Orai1WT-MDSnap-Fr499,2abp-nh2-OPT,29,/home/manndo/master_dev/posebusters_results/converted_pdbqt/Orai1WT-MDSnap-Fr499__2abp-nh2-OPT_vina_out_model29.sdf,-14.157842105263159,24.19289473684211,10.745157894736842,4
AutoDock_Vina,Orai1WT-MDSnap-Fr499,2abp-nh2-OPT,3,/home/manndo/master_dev/posebusters_results/converted_pdbqt/Orai1WT-MDSnap-Fr499__2abp-nh2-OPT_vina_out_model3.sdf,-14.78957894736842,-10.114210526315793,22.811210526315794,2
AutoDock_Vina,Orai1WT-MDSnap-Fr499,2abp-nh2-OPT,30,/home/manndo/master_dev/posebusters_results/converted_pdbqt/Orai1WT-MDSnap-Fr499__2abp-nh2-OPT_vina_out_model30.sdf,-0.7786315789473683,26.66352631578947,-21.77347368421053,1
AutoDock_Vina,Orai1WT-MDSnap-Fr499,2abp-nh2-OPT,4,/home/manndo/master_dev/posebusters_results/converted_pdbqt/Orai1WT-MDSnap-Fr499__2abp-nh2-OPT_vina_out_model4.sdf,-14.748,-9.963842105263158,22.826842105263157,2
AutoDock_Vina,Orai1WT-MDSnap-Fr499,2abp-nh2-OPT,5,/home/manndo/master_dev/posebusters_results/converted_pdbqt/Orai1WT-MDSnap-Fr499__2abp-nh2-OPT_vina_out_model5.sdf,11.108263157894736,25.806842105263158,14.75221052631579,6
AutoDock_Vina,Orai1WT-MDSnap-Fr499,2abp-nh2-OPT,6,/home/manndo/master_dev/posebusters_results/converted_pdbqt/Orai1WT-MDSnap-Fr499__2abp-nh2-OPT_vina_out_model6.sdf,-8.594263157894739,-21.303473684210523,7.885684210526316,2
AutoDock_Vina,Orai1WT-MDSnap-Fr499,2abp-nh2-OPT,7,/home/manndo/master_dev/posebusters_results/converted_pdbqt/Orai1WT-MDSnap-Fr499__2abp-nh2-OPT_vina_out_model7.sdf,-8.750473684210526,-20.68542105263158,7.472368421052633,2
AutoDock_Vina,Orai1WT-MDSnap-Fr499,2abp-nh2-OPT,8,/home/manndo/master_dev/posebusters_results/converted_pdbqt/Orai1WT-MDSnap-Fr499__2abp-nh2-OPT_vina_out_model8.sdf,25.456473684210525,8.585368421052632,10.881105263157897,0
AutoDock_Vina,Orai1WT-MDSnap-Fr499,2abp-nh2-OPT,9,/home/manndo/master_dev/posebusters_results/converted_pdbqt/Orai1WT-MDSnap-Fr499__2abp-nh2-OPT_vina_out_model9.sdf,-9.137368421052633,-21.005842105263156,9.337578947368423,2
AutoDock_Vina,Orai1WT-MDSnap-Fr499,Synta-66-OPT-Singlet,1,/home/manndo/master_dev/posebusters_results/converted_pdbqt/Orai1WT-MDSnap-Fr499__Synta-66-OPT-Singlet_vina_out_model1.sdf,-9.721185185185185,-20.38533333333334,6.789111111111112,0
AutoDock_Vina,Orai1WT-MDSnap-Fr499,Synta-66-OPT-Singlet,10,/home/manndo/master_dev/posebusters_results/converted_pdbqt/Orai1WT-MDSnap-Fr499__Synta-66-OPT-Singlet_vina_out_model10.sdf,-1.986518518518518,3.123999999999999,21.687037037037044,6
AutoDock_Vina,Orai1WT-MDSnap-Fr499,Synta-66-OPT-Singlet,11,/home/manndo/master_dev/posebusters_results/converted_pdbqt/Orai1WT-MDSnap-Fr499__Synta-66-OPT-Singlet_vina_out_model11.sdf,-9.87322222222222,-20.763629629629627,0.06503703703703714,0
AutoDock_Vina,Orai1WT-MDSnap-Fr499,Synta-66-OPT-Singlet,12,/home/manndo/master_dev/posebusters_results/converted_pdbqt/Orai1WT-MDSnap-Fr499__Synta-66-OPT-Singlet_vina_out_model12.sdf,1.5262592592592588,4.5986666666666665,-23.504481481481484,7
AutoDock_Vina,Orai1WT-MDSnap-Fr499,Synta-66-OPT-Singlet,13,/home/manndo/master_dev/posebusters_results/converted_pdbqt/Orai1WT-MDSnap-Fr499__Synta-66-OPT-Singlet_vina_out_model13.sdf,-1.3196296296296295,25.85629629629629,-25.005111111111113,9
AutoDock_Vina,Orai1WT-MDSnap-Fr499,Synta-66-OPT-Singlet,14,/home/manndo/master_dev/posebusters_results/converted_pdbqt/Orai1WT-MDSnap-Fr499__Synta-66-OPT-Singlet_vina_out_model14.sdf,-14.590962962962962,24.65359259259259,9.352925925925927,3
AutoDock_Vina,Orai1WT-MDSnap-Fr499,Synta-66-OPT-Singlet,15,/home/manndo/master_dev/posebusters_results/converted_pdbqt/Orai1WT-MDSnap-Fr499__Synta-66-OPT-Singlet_vina_out_model15.sdf,5.964407407407409,18.984703703703705,-34.08707407407408,9
AutoDock_Vina,Orai1WT-MDSnap-Fr499,Synta-66-OPT-Singlet,16,/home/manndo/master_dev/posebusters_results/converted_pdbqt/Orai1WT-MDSnap-Fr499__Synta-66-OPT-Singlet_vina_out_model16.sdf,8.430740740740738,23.441444444444446,-34.22592592592593,9
AutoDock_Vina,Orai1WT-MDSnap-Fr499,Synta-66-OPT-Singlet,17,/home/manndo/master_dev/posebusters_results/converted_pdbqt/Orai1WT-MDSnap-Fr499__Synta-66-OPT-Singlet_vina_out_model17.sdf,-15.390185185185189,23.49566666666667,8.843925925925927,3
AutoDock_Vina,Orai1WT-MDSnap-Fr499,Synta-66-OPT-Singlet,18,/home/manndo/master_dev/posebusters_results/converted_pdbqt/Orai1WT-MDSnap-Fr499__Synta-66-OPT-Singlet_vina_out_model18.sdf,8.616888888888889,23.315185185185186,-34.47440740740741,9
AutoDock_Vina,Orai1WT-MDSnap-Fr499,Synta-66-OPT-Singlet,19,/home/manndo/master_dev/posebusters_results/converted_pdbqt/Orai1WT-MDSnap-Fr499__Synta-66-OPT-Singlet_vina_out_model19.sdf,0.6191111111111112,3.281925925925926,22.010407407407413,6
AutoDock_Vina,Orai1WT-MDSnap-Fr499,Synta-66-OPT-Singlet,2,/home/manndo/master_dev/posebusters_results/converted_pdbqt/Orai1WT-MDSnap-Fr499__Synta-66-OPT-Singlet_vina_out_model2.sdf,-10.505074074074074,-19.825148148148145,2.661037037037037,0
AutoDock_Vina,Orai1WT-MDSnap-Fr499,Synta-66-OPT-Singlet,20,/home/manndo/master_dev/posebusters_results/converted_pdbqt/Orai1WT-MDSnap-Fr499__Synta-66-OPT-Singlet_vina_out_model20.sdf,-1.6847407407407406,2.202,21.461074074074077,6
AutoDock_Vina,Orai1WT-MDSnap-Fr499,Synta-66-OPT-Singlet,21,/home/manndo/master_dev/posebusters_results/converted_pdbqt/Orai1WT-MDSnap-Fr499__Synta-66-OPT-Singlet_vina_out_model21.sdf,-17.468074074074075,-8.422629629629627,18.159555555555556,8
AutoDock_Vina,Orai1WT-MDSnap-Fr499,Synta-66-OPT-Singlet,22,/home/manndo/master_dev/posebusters_results/converted_pdbqt/Orai1WT-MDSnap-Fr499__Synta-66-OPT-Singlet_vina_out_model22.sdf,8.554370370370371,23.28918518518519,-34.23448148148149,9
AutoDock_Vina,Orai1WT-MDSnap-Fr499,Synta-66-OPT-Singlet,23,/home/manndo/master_dev/posebusters_results/converted_pdbqt/Orai1WT-MDSnap-Fr499__Synta-66-OPT-Singlet_vina_out_model23.sdf,-7.089407407407407,-23.43433333333333,7.359518518518517,0
AutoDock_Vina,Orai1WT-MDSnap-Fr499,Synta-66-OPT-Singlet,24,/home/manndo/master_dev/posebusters_results/converted_pdbqt/Orai1WT-MDSnap-Fr499__Synta-66-OPT-Singlet_vina_out_model24.sdf,-6.34451851851852,1.834888888888889,25.100481481481488,6
AutoDock_Vina,Orai1WT-MDSnap-Fr499,Synta-66-OPT-Singlet,25,/home/manndo/master_dev/posebusters_results/converted_pdbqt/Orai1WT-MDSnap-Fr499__Synta-66-OPT-Singlet_vina_out_model25.sdf,-15.100962962962965,24.82425925925926,9.369407407407408,3
AutoDock_Vina,Orai1WT-MDSnap-Fr499,Synta-66-OPT-Singlet,26,/home/manndo/master_dev/posebusters_results/converted_pdbqt/Orai1WT-MDSnap-Fr499__Synta-66-OPT-Singlet_vina_out_model26.sdf,6.685407407407409,19.38462962962963,-34.43670370370371,9
AutoDock_Vina,Orai1WT-MDSnap-Fr499,Synta-66-OPT-Singlet,27,/home/manndo/master_dev/posebusters_results/converted_pdbqt/Orai1WT-MDSnap-Fr499__Synta-66-OPT-Singlet_vina_out_model27.sdf,12.900851851851849,23.944222222222226,22.447962962962965,1
AutoDock_Vina,Orai1WT-MDSnap-Fr499,Synta-66-OPT-Singlet,28,/home/manndo/master_dev/posebusters_results/converted_pdbqt/Orai1WT-MDSnap-Fr499__Synta-66-OPT-Singlet_vina_out_model28.sdf,-7.406703703703705,-21.84355555555555,9.174851851851852,0
AutoDock_Vina,Orai1WT-MDSnap-Fr499,Synta-66-OPT-Singlet,29,/home/manndo/master_dev/posebusters_results/converted_pdbqt/Orai1WT-MDSnap-Fr499__Synta-66-OPT-Singlet_vina_out_model29.sdf,13.171555555555555,24.516296296296293,21.387629629629625,1
AutoDock_Vina,Orai1WT-MDSnap-Fr499,Synta-66-OPT-Singlet,3,/home/manndo/master_dev/posebusters_results/converted_pdbqt/Orai1WT-MDSnap-Fr499__Synta-66-OPT-Singlet_vina_out_model3.sdf,10.188074074074073,22.665185185185187,13.632740740740743,1
AutoDock_Vina,Orai1WT-MDSnap-Fr499,Synta-66-OPT-Singlet,30,/home/manndo/master_dev/posebusters_results/converted_pdbqt/Orai1WT-MDSnap-Fr499__Synta-66-OPT-Singlet_vina_out_model30.sdf,-6.3959259259259245,2.2149259259259257,25.312740740740743,6
AutoDock_Vina,Orai1WT-MDSnap-Fr499,Synta-66-OPT-Singlet,4,/home/manndo/master_dev/posebusters_results/converted_pdbqt/Orai1WT-MDSnap-Fr499__Synta-66-OPT-Singlet_vina_out_model4.sdf,-10.479888888888889,-19.992777777777775,2.082,0
AutoDock_Vina,Orai1WT-MDSnap-Fr499,Synta-66-OPT-Singlet,5,/home/manndo/master_dev/posebusters_results/converted_pdbqt/Orai1WT-MDSnap-Fr499__Synta-66-OPT-Singlet_vina_out_model5.sdf,-9.514444444444443,-20.3027037037037,7.069222222222222,0
AutoDock_Vina,Orai1WT-MDSnap-Fr499,Synta-66-OPT-Singlet,6,/home/manndo/master_dev/posebusters_results/converted_pdbqt/Orai1WT-MDSnap-Fr499__Synta-66-OPT-Singlet_vina_out_model6.sdf,-8.487481481481483,-20.751666666666665,7.922777777777777,0
AutoDock_Vina,Orai1WT-MDSnap-Fr499,Synta-66-OPT-Singlet,7,/home/manndo/master_dev/posebusters_results/converted_pdbqt/Orai1WT-MDSnap-Fr499__Synta-66-OPT-Singlet_vina_out_model7.sdf,13.478074074074074,24.217777777777783,20.69985185185185,1
AutoDock_Vina,Orai1WT-MDSnap-Fr499,Synta-66-OPT-Singlet,8,/home/manndo/master_dev/posebusters_results/converted_pdbqt/Orai1WT-MDSnap-Fr499__Synta-66-OPT-Singlet_vina_out_model8.sdf,0.833222222222222,5.721592592592593,25.952296296296293,6
AutoDock_Vina,Orai1WT-MDSnap-Fr499,Synta-66-OPT-Singlet,9,/home/manndo/master_dev/posebusters_results/converted_pdbqt/Orai1WT-MDSnap-Fr499__Synta-66-OPT-Singlet_vina_out_model9.sdf,13.41562962962963,24.190629629629626,20.69803703703704,1
AutoDock_Vina,Orai1WT-MDSnap-Fr499,gsk7975a-prot-OPT,1,/home/manndo/master_dev/posebusters_results/converted_pdbqt/Orai1WT-MDSnap-Fr499__gsk7975a-prot-OPT_vina_out_model1.sdf,-9.474333333333334,-20.138033333333333,3.5208000000000004,6
AutoDock_Vina,Orai1WT-MDSnap-Fr499,gsk7975a-prot-OPT,10,/home/manndo/master_dev/posebusters_results/converted_pdbqt/Orai1WT-MDSnap-Fr499__gsk7975a-prot-OPT_vina_out_model10.sdf,-10.1182,-2.4904,-28.133,3
AutoDock_Vina,Orai1WT-MDSnap-Fr499,gsk7975a-prot-OPT,11,/home/manndo/master_dev/posebusters_results/converted_pdbqt/Orai1WT-MDSnap-Fr499__gsk7975a-prot-OPT_vina_out_model11.sdf,11.43186666666667,21.350800000000003,20.376133333333332,0
AutoDock_Vina,Orai1WT-MDSnap-Fr499,gsk7975a-prot-OPT,12,/home/manndo/master_dev/posebusters_results/converted_pdbqt/Orai1WT-MDSnap-Fr499__gsk7975a-prot-OPT_vina_out_model12.sdf,-9.284033333333333,-20.234699999999997,8.144933333333332,6
AutoDock_Vina,Orai1WT-MDSnap-Fr499,gsk7975a-prot-OPT,13,/home/manndo/master_dev/posebusters_results/converted_pdbqt/Orai1WT-MDSnap-Fr499__gsk7975a-prot-OPT_vina_out_model13.sdf,-9.912233333333337,-2.4609333333333336,-28.121066666666657,3
AutoDock_Vina,Orai1WT-MDSnap-Fr499,gsk7975a-prot-OPT,14,/home/manndo/master_dev/posebusters_results/converted_pdbqt/Orai1WT-MDSnap-Fr499__gsk7975a-prot-OPT_vina_out_model14.sdf,-10.298866666666667,-1.9940333333333333,-28.453566666666664,3
AutoDock_Vina,Orai1WT-MDSnap-Fr499,gsk7975a-prot-OPT,15,/home/manndo/master_dev/posebusters_results/converted_pdbqt/Orai1WT-MDSnap-Fr499__gsk7975a-prot-OPT_vina_out_model15.sdf,-9.134233333333333,-20.403200000000005,6.897866666666668,6
AutoDock_Vina,Orai1WT-MDSnap-Fr499,gsk7975a-prot-OPT,16,/home/manndo/master_dev/posebusters_results/converted_pdbqt/Orai1WT-MDSnap-Fr499__gsk7975a-prot-OPT_vina_out_model16.sdf,2.649733333333334,5.647633333333331,27.478033333333332,4
AutoDock_Vina,Orai1WT-MDSnap-Fr499,gsk7975a-prot-OPT,17,/home/manndo/master_dev/posebusters_results/converted_pdbqt/Orai1WT-MDSnap-Fr499__gsk7975a-prot-OPT_vina_out_model17.sdf,-9.562466666666667,-2.3238999999999996,-27.792533333333335,3
AutoDock_Vina,Orai1WT-MDSnap-Fr499,gsk7975a-prot-OPT,18,/home/manndo/master_dev/posebusters_results/converted_pdbqt/Orai1WT-MDSnap-Fr499__gsk7975a-prot-OPT_vina_out_model18.sdf,-18.792199999999998,5.363,15.816799999999999,7
AutoDock_Vina,Orai1WT-MDSnap-Fr499,gsk7975a-prot-OPT,19,/home/manndo/master_dev/posebusters_results/converted_pdbqt/Orai1WT-MDSnap-Fr499__gsk7975a-prot-OPT_vina_out_model19.sdf,-2.6061333333333336,3.7749666666666664,23.276866666666667,4
AutoDock_Vina,Orai1WT-MDSnap-Fr499,gsk7975a-prot-OPT,2,/home/manndo/master_dev/posebusters_results/converted_pdbqt/Orai1WT-MDSnap-Fr499__gsk7975a-prot-OPT_vina_out_model2.sdf,-10.226566666666667,-20.444599999999998,7.312266666666667,6
AutoDock_Vina,Orai1WT-MDSnap-Fr499,gsk7975a-prot-OPT,20,/home/manndo/master_dev/posebusters_results/converted_pdbqt/Orai1WT-MDSnap-Fr499__gsk7975a-prot-OPT_vina_out_model20.sdf,-20.362366666666667,9.844333333333333,-29.747299999999996,2
AutoDock_Vina,Orai1WT-MDSnap-Fr499,gsk7975a-prot-OPT,21,/home/manndo/master_dev/posebusters_results/converted_pdbqt/Orai1WT-MDSnap-Fr499__gsk7975a-prot-OPT_vina_out_model21.sdf,9.679899999999998,22.3832,-37.5656,1
AutoDock_Vina,Orai1WT-MDSnap-Fr499,gsk7975a-prot-OPT,22,/home/manndo/master_dev/posebusters_results/converted_pdbqt/Orai1WT-MDSnap-Fr499__gsk7975a-prot-OPT_vina_out_model22.sdf,2.3502666666666667,10.405899999999999,29.462000000000003,4
AutoDock_Vina,Orai1WT-MDSnap-Fr499,gsk7975a-prot-OPT,23,/home/manndo/master_dev/posebusters_results/converted_pdbqt/Orai1WT-MDSnap-Fr499__gsk7975a-prot-OPT_vina_out_model23.sdf,24.41363333333333,10.96963333333333,10.66773333333333,0
AutoDock_Vina,Orai1WT-MDSnap-Fr499,gsk7975a-prot-OPT,24,/home/manndo/master_dev/posebusters_results/converted_pdbqt/Orai1WT-MDSnap-Fr499__gsk7975a-prot-OPT_vina_out_model24.sdf,6.053066666666668,16.372400000000003,-28.7919,1
AutoDock_Vina,Orai1WT-MDSnap-Fr499,gsk7975a-prot-OPT,25,/home/manndo/master_dev/posebusters_results/converted_pdbqt/Orai1WT-MDSnap-Fr499__gsk7975a-prot-OPT_vina_out_model25.sdf,12.1397,-15.473133333333333,11.066966666666668,9
AutoDock_Vina,Orai1WT-MDSnap-Fr499,gsk7975a-prot-OPT,26,/home/manndo/master_dev/posebusters_results/converted_pdbqt/Orai1WT-MDSnap-Fr499__gsk7975a-prot-OPT_vina_out_model26.sdf,-8.6873,-20.275266666666663,9.222133333333336,6
AutoDock_Vina,Orai1WT-MDSnap-Fr499,gsk7975a-prot-OPT,27,/home/manndo/master_dev/posebusters_results/converted_pdbqt/Orai1WT-MDSnap-Fr499__gsk7975a-prot-OPT_vina_out_model27.sdf,-18.637566666666665,4.375333333333333,18.353766666666665,7
AutoDock_Vina,Orai1WT-MDSnap-Fr499,gsk7975a-prot-OPT,28,/home/manndo/master_dev/posebusters_results/converted_pdbqt/Orai1WT-MDSnap-Fr499__gsk7975a-prot-OPT_vina_out_model28.sdf,24.362633333333335,11.816766666666664,10.556633333333336,0
AutoDock_Vina,Orai1WT-MDSnap-Fr499,gsk7975a-prot-OPT,29,/home/manndo/master_dev/posebusters_results/converted_pdbqt/Orai1WT-MDSnap-Fr499__gsk7975a-prot-OPT_vina_out_model29.sdf,1.4841333333333333,5.150866666666668,-23.090999999999998,3
AutoDock_Vina,Orai1WT-MDSnap-Fr499,gsk7975a-prot-OPT,3,/home/manndo/master_dev/posebusters_results/converted_pdbqt/Orai1WT-MDSnap-Fr499__gsk7975a-prot-OPT_vina_out_model3.sdf,-8.807866666666666,-20.644700000000004,7.833200000000001,6
AutoDock_Vina,Orai1WT-MDSnap-Fr499,gsk7975a-prot-OPT,30,/home/manndo/master_dev/posebusters_results/converted_pdbqt/Orai1WT-MDSnap-Fr499__gsk7975a-prot-OPT_vina_out_model30.sdf,0.00519999999999999,3.4341333333333326,22.2459,4
AutoDock_Vina,Orai1WT-MDSnap-Fr499,gsk7975a-prot-OPT,4,/home/manndo/master_dev/posebusters_results/converted_pdbqt/Orai1WT-MDSnap-Fr499__gsk7975a-prot-OPT_vina_out_model4.sdf,-9.92506666666667,-20.51666666666667,6.4064999999999985,6
AutoDock_Vina,Orai1WT-MDSnap-Fr499,gsk7975a-prot-OPT,5,/home/manndo/master_dev/posebusters_results/converted_pdbqt/Orai1WT-MDSnap-Fr499__gsk7975a-prot-OPT_vina_out_model5.sdf,-17.334966666666666,3.386266666666666,10.4156,7
AutoDock_Vina,Orai1WT-MDSnap-Fr499,gsk7975a-prot-OPT,6,/home/manndo/master_dev/posebusters_results/converted_pdbqt/Orai1WT-MDSnap-Fr499__gsk7975a-prot-OPT_vina_out_model6.sdf,-9.053966666666666,-20.273333333333333,6.8083,6
AutoDock_Vina,Orai1WT-MDSnap-Fr499,gsk7975a-prot-OPT,7,/home/manndo/master_dev/posebusters_results/converted_pdbqt/Orai1WT-MDSnap-Fr499__gsk7975a-prot-OPT_vina_out_model7.sdf,-9.102466666666666,-20.261866666666666,6.801399999999998,6
AutoDock_Vina,Orai1WT-MDSnap-Fr499,gsk7975a-prot-OPT,8,/home/manndo/master_dev/posebusters_results/converted_pdbqt/Orai1WT-MDSnap-Fr499__gsk7975a-prot-OPT_vina_out_model8.sdf,-8.545533333333335,-20.64323333333333,5.451633333333333,6
AutoDock_Vina,Orai1WT-MDSnap-Fr499,gsk7975a-prot-OPT,9,/home/manndo/master_dev/posebusters_results/converted_pdbqt/Orai1WT-MDSnap-Fr499__gsk7975a-prot-OPT_vina_out_model9.sdf,-9.940566666666665,-2.5535666666666668,-27.974200000000003,3
AutoDock_Vina,Orai1WT-START-Fr0,2abp-nh2-OPT,1,/home/manndo/master_dev/posebusters_results/converted_pdbqt/Orai1WT-START-Fr0__2abp-nh2-OPT_vina_out_model1.sdf,6.430789473684212,25.31294736842105,19.504263157894734,4
AutoDock_Vina,Orai1WT-START-Fr0,2abp-nh2-OPT,10,/home/manndo/master_dev/posebusters_results/converted_pdbqt/Orai1WT-START-Fr0__2abp-nh2-OPT_vina_out_model10.sdf,1.914157894736842,1.3202631578947368,-7.340578947368421,8
AutoDock_Vina,Orai1WT-START-Fr0,2abp-nh2-OPT,11,/home/manndo/master_dev/posebusters_results/converted_pdbqt/Orai1WT-START-Fr0__2abp-nh2-OPT_vina_out_model11.sdf,2.384315789473684,-0.8669473684210527,-7.420789473684209,8
AutoDock_Vina,Orai1WT-START-Fr0,2abp-nh2-OPT,12,/home/manndo/master_dev/posebusters_results/converted_pdbqt/Orai1WT-START-Fr0__2abp-nh2-OPT_vina_out_model12.sdf,-2.3193684210526313,-0.14610526315789468,-4.071894736842105,8
AutoDock_Vina,Orai1WT-START-Fr0,2abp-nh2-OPT,13,/home/manndo/master_dev/posebusters_results/converted_pdbqt/Orai1WT-START-Fr0__2abp-nh2-OPT_vina_out_model13.sdf,-2.1727894736842104,-0.171421052631579,-4.118473684210526,8
AutoDock_Vina,Orai1WT-START-Fr0,2abp-nh2-OPT,14,/home/manndo/master_dev/posebusters_results/converted_pdbqt/Orai1WT-START-Fr0__2abp-nh2-OPT_vina_out_model14.sdf,1.9044210526315788,-1.8735263157894737,-3.915052631578948,8
AutoDock_Vina,Orai1WT-START-Fr0,2abp-nh2-OPT,15,/home/manndo/master_dev/posebusters_results/converted_pdbqt/Orai1WT-START-Fr0__2abp-nh2-OPT_vina_out_model15.sdf,-0.44531578947368433,2.1415263157894735,-7.588315789473685,8
AutoDock_Vina,Orai1WT-START-Fr0,2abp-nh2-OPT,16,/home/manndo/master_dev/posebusters_results/converted_pdbqt/Orai1WT-START-Fr0__2abp-nh2-OPT_vina_out_model16.sdf,2.282578947368421,0.03757894736842121,-4.017578947368422,8
AutoDock_Vina,Orai1WT-START-Fr0,2abp-nh2-OPT,17,/home/manndo/master_dev/posebusters_results/converted_pdbqt/Orai1WT-START-Fr0__2abp-nh2-OPT_vina_out_model17.sdf,17.978315789473683,-20.84268421052632,17.40657894736842,0
AutoDock_Vina,Orai1WT-START-Fr0,2abp-nh2-OPT,18,/home/manndo/master_dev/posebusters_results/converted_pdbqt/Orai1WT-START-Fr0__2abp-nh2-OPT_vina_out_model18.sdf,4.352736842105262,-13.63678947368421,-28.36194736842105,6
AutoDock_Vina,Orai1WT-START-Fr0,2abp-nh2-OPT,19,/home/manndo/master_dev/posebusters_results/converted_pdbqt/Orai1WT-START-Fr0__2abp-nh2-OPT_vina_out_model19.sdf,4.352421052631579,-13.571052631578945,-28.368578947368423,6
AutoDock_Vina,Orai1WT-START-Fr0,2abp-nh2-OPT,2,/home/manndo/master_dev/posebusters_results/converted_pdbqt/Orai1WT-START-Fr0__2abp-nh2-OPT_vina_out_model2.sdf,18.92773684210526,-17.974315789473685,19.243526315789474,0
AutoDock_Vina,Orai1WT-START-Fr0,2abp-nh2-OPT,20,/home/manndo/master_dev/posebusters_results/converted_pdbqt/Orai1WT-START-Fr0__2abp-nh2-OPT_vina_out_model20.sdf,1.7787368421052632,-1.0185789473684213,-3.712263157894738,8
AutoDock_Vina,Orai1WT-START-Fr0,2abp-nh2-OPT,21,/home/manndo/master_dev/posebusters_results/converted_pdbqt/Orai1WT-START-Fr0__2abp-nh2-OPT_vina_out_model21.sdf,-2.055894736842105,-1.2692105263157893,-7.43057894736842,8
AutoDock_Vina,Orai1WT-START-Fr0,2abp-nh2-OPT,22,/home/manndo/master_dev/posebusters_results/converted_pdbqt/Orai1WT-START-Fr0__2abp-nh2-OPT_vina_out_model22.sdf,-14.243631578947367,2.5751578947368414,-28.61268421052632,9
AutoDock_Vina,Orai1WT-START-Fr0,2abp-nh2-OPT,23,/home/manndo/master_dev/posebusters_results/converted_pdbqt/Orai1WT-START-Fr0__2abp-nh2-OPT_vina_out_model23.sdf,-1.2710000000000001,1.8142631578947366,-6.921894736842105,8
AutoDock_Vina,Orai1WT-START-Fr0,2abp-nh2-OPT,24,/home/manndo/master_dev/posebusters_results/converted_pdbqt/Orai1WT-START-Fr0__2abp-nh2-OPT_vina_out_model24.sdf,-13.913263157894736,2.774526315789474,-28.401,9
AutoDock_Vina,Orai1WT-START-Fr0,2abp-nh2-OPT,25,/home/manndo/master_dev/posebusters_results/converted_pdbqt/Orai1WT-START-Fr0__2abp-nh2-OPT_vina_out_model25.sdf,-13.812,2.787894736842105,-28.328842105263153,9
AutoDock_Vina,Orai1WT-START-Fr0,2abp-nh2-OPT,26,/home/manndo/master_dev/posebusters_results/converted_pdbqt/Orai1WT-START-Fr0__2abp-nh2-OPT_vina_out_model26.sdf,-0.49173684210526314,-0.04010526315789476,-7.462894736842105,8
AutoDock_Vina,Orai1WT-START-Fr0,2abp-nh2-OPT,27,/home/manndo/master_dev/posebusters_results/converted_pdbqt/Orai1WT-START-Fr0__2abp-nh2-OPT_vina_out_model27.sdf,-1.9356315789473684,-1.2426842105263156,-4.496894736842106,8
AutoDock_Vina,Orai1WT-START-Fr0,2abp-nh2-OPT,28,/home/manndo/master_dev/posebusters_results/converted_pdbqt/Orai1WT-START-Fr0__2abp-nh2-OPT_vina_out_model28.sdf,-1.739473684210526,1.7837894736842104,-3.922894736842105,8
AutoDock_Vina,Orai1WT-START-Fr0,2abp-nh2-OPT,29,/home/manndo/master_dev/posebusters_results/converted_pdbqt/Orai1WT-START-Fr0__2abp-nh2-OPT_vina_out_model29.sdf,3.4134210526315782,-13.181,-27.31021052631579,6
AutoDock_Vina,Orai1WT-START-Fr0,2abp-nh2-OPT,3,/home/manndo/master_dev/posebusters_results/converted_pdbqt/Orai1WT-START-Fr0__2abp-nh2-OPT_vina_out_model3.sdf,-24.987684210526318,-7.072526315789473,19.367210526315795,2
AutoDock_Vina,Orai1WT-START-Fr0,2abp-nh2-OPT,30,/home/manndo/master_dev/posebusters_results/converted_pdbqt/Orai1WT-START-Fr0__2abp-nh2-OPT_vina_out_model30.sdf,-0.20273684210526316,-0.2552105263157895,-5.961263157894738,8
AutoDock_Vina,Orai1WT-START-Fr0,2abp-nh2-OPT,4,/home/manndo/master_dev/posebusters_results/converted_pdbqt/Orai1WT-START-Fr0__2abp-nh2-OPT_vina_out_model4.sdf,18.741315789473685,-18.166368421052635,19.26115789473684,0
AutoDock_Vina,Orai1WT-START-Fr0,2abp-nh2-OPT,5,/home/manndo/master_dev/posebusters_results/converted_pdbqt/Orai1WT-START-Fr0__2abp-nh2-OPT_vina_out_model5.sdf,7.4932105263157895,24.57357894736842,19.70905263157895,4
AutoDock_Vina,Orai1WT-START-Fr0,2abp-nh2-OPT,6,/home/manndo/master_dev/posebusters_results/converted_pdbqt/Orai1WT-START-Fr0__2abp-nh2-OPT_vina_out_model6.sdf,-2.655473684210526,0.15415789473684208,-7.294368421052631,8
AutoDock_Vina,Orai1WT-START-Fr0,2abp-nh2-OPT,7,/home/manndo/master_dev/posebusters_results/converted_pdbqt/Orai1WT-START-Fr0__2abp-nh2-OPT_vina_out_model7.sdf,0.9402631578947368,-2.6321578947368423,-7.5546842105263154,8
AutoDock_Vina,Orai1WT-START-Fr0,2abp-nh2-OPT,8,/home/manndo/master_dev/posebusters_results/converted_pdbqt/Orai1WT-START-Fr0__2abp-nh2-OPT_vina_out_model8.sdf,-25.14615789473684,-6.831157894736844,19.28152631578947,2
AutoDock_Vina,Orai1WT-START-Fr0,2abp-nh2-OPT,9,/home/manndo/master_dev/posebusters_results/converted_pdbqt/Orai1WT-START-Fr0__2abp-nh2-OPT_vina_out_model9.sdf,1.1544736842105263,1.6826842105263156,-3.577263157894737,8
AutoDock_Vina,Orai1WT-START-Fr0,Synta-66-OPT-Singlet,1,/home/manndo/master_dev/posebusters_results/converted_pdbqt/Orai1WT-START-Fr0__Synta-66-OPT-Singlet_vina_out_model1.sdf,-1.226592592592593,-0.7281851851851849,-11.330851851851849,1
AutoDock_Vina,Orai1WT-START-Fr0,Synta-66-OPT-Singlet,10,/home/manndo/master_dev/posebusters_results/converted_pdbqt/Orai1WT-START-Fr0__Synta-66-OPT-Singlet_vina_out_model10.sdf,8.305555555555555,23.588592592592594,17.656666666666663,0
AutoDock_Vina,Orai1WT-START-Fr0,Synta-66-OPT-Singlet,11,/home/manndo/master_dev/posebusters_results/converted_pdbqt/Orai1WT-START-Fr0__Synta-66-OPT-Singlet_vina_out_model11.sdf,3.4743333333333335,11.765925925925925,-26.951777777777775,1
AutoDock_Vina,Orai1WT-START-Fr0,Synta-66-OPT-Singlet,12,/home/manndo/master_dev/posebusters_results/converted_pdbqt/Orai1WT-START-Fr0__Synta-66-OPT-Singlet_vina_out_model12.sdf,7.688,23.52970370370371,16.836296296296297,0
AutoDock_Vina,Orai1WT-START-Fr0,Synta-66-OPT-Singlet,13,/home/manndo/master_dev/posebusters_results/converted_pdbqt/Orai1WT-START-Fr0__Synta-66-OPT-Singlet_vina_out_model13.sdf,-0.5266666666666667,0.5431111111111111,20.12648148148148,0
AutoDock_Vina,Orai1WT-START-Fr0,Synta-66-OPT-Singlet,14,/home/manndo/master_dev/posebusters_results/converted_pdbqt/Orai1WT-START-Fr0__Synta-66-OPT-Singlet_vina_out_model14.sdf,-24.366481481481483,-4.647037037037037,17.762148148148142,0
AutoDock_Vina,Orai1WT-START-Fr0,Synta-66-OPT-Singlet,15,/home/manndo/master_dev/posebusters_results/converted_pdbqt/Orai1WT-START-Fr0__Synta-66-OPT-Singlet_vina_out_model15.sdf,-14.327111111111108,3.5613333333333332,-28.652,1
AutoDock_Vina,Orai1WT-START-Fr0,Synta-66-OPT-Singlet,16,/home/manndo/master_dev/posebusters_results/converted_pdbqt/Orai1WT-START-Fr0__Synta-66-OPT-Singlet_vina_out_model16.sdf,-13.051074074074073,3.155148148148148,-28.22866666666667,1
AutoDock_Vina,Orai1WT-START-Fr0,Synta-66-OPT-Singlet,17,/home/manndo/master_dev/posebusters_results/converted_pdbqt/Orai1WT-START-Fr0__Synta-66-OPT-Singlet_vina_out_model17.sdf,9.044407407407407,22.472259259259264,-12.842074074074072,1
AutoDock_Vina,Orai1WT-START-Fr0,Synta-66-OPT-Singlet,18,/home/manndo/master_dev/posebusters_results/converted_pdbqt/Orai1WT-START-Fr0__Synta-66-OPT-Singlet_vina_out_model18.sdf,11.264333333333331,-5.094703703703703,33.47896296296296,0
AutoDock_Vina,Orai1WT-START-Fr0,Synta-66-OPT-Singlet,19,/home/manndo/master_dev/posebusters_results/converted_pdbqt/Orai1WT-START-Fr0__Synta-66-OPT-Singlet_vina_out_model19.sdf,-12.892074074074076,5.106296296296296,32.37144444444444,0
AutoDock_Vina,Orai1WT-START-Fr0,Synta-66-OPT-Singlet,2,/home/manndo/master_dev/posebusters_results/converted_pdbqt/Orai1WT-START-Fr0__Synta-66-OPT-Singlet_vina_out_model2.sdf,0.03055555555555556,-1.4352222222222215,-11.408000000000001,1
AutoDock_Vina,Orai1WT-START-Fr0,Synta-66-OPT-Singlet,20,/home/manndo/master_dev/posebusters_results/converted_pdbqt/Orai1WT-START-Fr0__Synta-66-OPT-Singlet_vina_out_model20.sdf,-24.083481481481485,-3.540185185185184,-12.53062962962963,1
AutoDock_Vina,Orai1WT-START-Fr0,Synta-66-OPT-Singlet,21,/home/manndo/master_dev/posebusters_results/converted_pdbqt/Orai1WT-START-Fr0__Synta-66-OPT-Singlet_vina_out_model21.sdf,-24.08196296296296,-3.7874814814814806,18.154333333333334,0
AutoDock_Vina,Orai1WT-START-Fr0,Synta-66-OPT-Singlet,22,/home/manndo/master_dev/posebusters_results/converted_pdbqt/Orai1WT-START-Fr0__Synta-66-OPT-Singlet_vina_out_model22.sdf,8.558148148148149,9.296962962962963,-28.405814814814814,1
AutoDock_Vina,Orai1WT-START-Fr0,Synta-66-OPT-Singlet,23,/home/manndo/master_dev/posebusters_results/converted_pdbqt/Orai1WT-START-Fr0__Synta-66-OPT-Singlet_vina_out_model23.sdf,5.3391111111111105,-4.262962962962963,29.536592592592594,0
AutoDock_Vina,Orai1WT-START-Fr0,Synta-66-OPT-Singlet,24,/home/manndo/master_dev/posebusters_results/converted_pdbqt/Orai1WT-START-Fr0__Synta-66-OPT-Singlet_vina_out_model24.sdf,20.91296296296296,-16.35425925925926,11.798037037037036,0
AutoDock_Vina,Orai1WT-START-Fr0,Synta-66-OPT-Singlet,25,/home/manndo/master_dev/posebusters_results/converted_pdbqt/Orai1WT-START-Fr0__Synta-66-OPT-Singlet_vina_out_model25.sdf,5.749925925925925,-15.39537037037037,-31.44503703703704,1
AutoDock_Vina,Orai1WT-START-Fr0,Synta-66-OPT-Singlet,26,/home/manndo/master_dev/posebusters_results/converted_pdbqt/Orai1WT-START-Fr0__Synta-66-OPT-Singlet_vina_out_model26.sdf,-15.995888888888889,3.9965185185185184,-30.299185185185184,1
AutoDock_Vina,Orai1WT-START-Fr0,Synta-66-OPT-Singlet,27,/home/manndo/master_dev/posebusters_results/converted_pdbqt/Orai1WT-START-Fr0__Synta-66-OPT-Singlet_vina_out_model27.sdf,4.367222222222221,-15.842259259259261,-30.30359259259259,1
AutoDock_Vina,Orai1WT-START-Fr0,Synta-66-OPT-Singlet,28,/home/manndo/master_dev/posebusters_results/converted_pdbqt/Orai1WT-START-Fr0__Synta-66-OPT-Singlet_vina_out_model28.sdf,-22.255518518518517,-18.18607407407407,5.296592592592592,0
AutoDock_Vina,Orai1WT-START-Fr0,Synta-66-OPT-Singlet,29,/home/manndo/master_dev/posebusters_results/converted_pdbqt/Orai1WT-START-Fr0__Synta-66-OPT-Singlet_vina_out_model29.sdf,3.403222222222222,-13.299037037037033,-28.68411111111111,1
AutoDock_Vina,Orai1WT-START-Fr0,Synta-66-OPT-Singlet,3,/home/manndo/master_dev/posebusters_results/converted_pdbqt/Orai1WT-START-Fr0__Synta-66-OPT-Singlet_vina_out_model3.sdf,-1.2084444444444447,-0.9054444444444444,-11.145851851851852,1
AutoDock_Vina,Orai1WT-START-Fr0,Synta-66-OPT-Singlet,30,/home/manndo/master_dev/posebusters_results/converted_pdbqt/Orai1WT-START-Fr0__Synta-66-OPT-Singlet_vina_out_model30.sdf,-5.089925925925926,27.920481481481485,5.080111111111112,0
AutoDock_Vina,Orai1WT-START-Fr0,Synta-66-OPT-Singlet,4,/home/manndo/master_dev/posebusters_results/converted_pdbqt/Orai1WT-START-Fr0__Synta-66-OPT-Singlet_vina_out_model4.sdf,16.568222222222225,-18.569518518518517,16.655444444444445,0
AutoDock_Vina,Orai1WT-START-Fr0,Synta-66-OPT-Singlet,5,/home/manndo/master_dev/posebusters_results/converted_pdbqt/Orai1WT-START-Fr0__Synta-66-OPT-Singlet_vina_out_model5.sdf,0.805111111111111,-0.951814814814815,-11.588444444444443,1
AutoDock_Vina,Orai1WT-START-Fr0,Synta-66-OPT-Singlet,6,/home/manndo/master_dev/posebusters_results/converted_pdbqt/Orai1WT-START-Fr0__Synta-66-OPT-Singlet_vina_out_model6.sdf,15.456999999999997,-18.977703703703703,17.27907407407407,0
AutoDock_Vina,Orai1WT-START-Fr0,Synta-66-OPT-Singlet,7,/home/manndo/master_dev/posebusters_results/converted_pdbqt/Orai1WT-START-Fr0__Synta-66-OPT-Singlet_vina_out_model7.sdf,1.105592592592593,0.13844444444444445,-11.9597037037037,1
AutoDock_Vina,Orai1WT-START-Fr0,Synta-66-OPT-Singlet,8,/home/manndo/master_dev/posebusters_results/converted_pdbqt/Orai1WT-START-Fr0__Synta-66-OPT-Singlet_vina_out_model8.sdf,16.672333333333334,-18.90496296296296,17.343925925925927,0
AutoDock_Vina,Orai1WT-START-Fr0,Synta-66-OPT-Singlet,9,/home/manndo/master_dev/posebusters_results/converted_pdbqt/Orai1WT-START-Fr0__Synta-66-OPT-Singlet_vina_out_model9.sdf,-24.626037037037037,-4.952888888888889,17.657703703703707,0
AutoDock_Vina,Orai1WT-START-Fr0,gsk7975a-prot-OPT,1,/home/manndo/master_dev/posebusters_results/converted_pdbqt/Orai1WT-START-Fr0__gsk7975a-prot-OPT_vina_out_model1.sdf,-24.972033333333336,-3.4701,14.835133333333333,5
AutoDock_Vina,Orai1WT-START-Fr0,gsk7975a-prot-OPT,10,/home/manndo/master_dev/posebusters_results/converted_pdbqt/Orai1WT-START-Fr0__gsk7975a-prot-OPT_vina_out_model10.sdf,-25.88946666666667,-4.2980333333333345,16.203966666666666,5
AutoDock_Vina,Orai1WT-START-Fr0,gsk7975a-prot-OPT,11,/home/manndo/master_dev/posebusters_results/converted_pdbqt/Orai1WT-START-Fr0__gsk7975a-prot-OPT_vina_out_model11.sdf,8.284566666666665,24.159566666666667,15.8739,7
AutoDock_Vina,Orai1WT-START-Fr0,gsk7975a-prot-OPT,12,/home/manndo/master_dev/posebusters_results/converted_pdbqt/Orai1WT-START-Fr0__gsk7975a-prot-OPT_vina_out_model12.sdf,-1.4748666666666672,1.1621666666666666,16.813866666666662,1
AutoDock_Vina,Orai1WT-START-Fr0,gsk7975a-prot-OPT,13,/home/manndo/master_dev/posebusters_results/converted_pdbqt/Orai1WT-START-Fr0__gsk7975a-prot-OPT_vina_out_model13.sdf,-1.1848,-0.35653333333333326,-11.690500000000002,3
AutoDock_Vina,Orai1WT-START-Fr0,gsk7975a-prot-OPT,14,/home/manndo/master_dev/posebusters_results/converted_pdbqt/Orai1WT-START-Fr0__gsk7975a-prot-OPT_vina_out_model14.sdf,-25.10256666666667,-4.631366666666667,15.992133333333335,5
AutoDock_Vina,Orai1WT-START-Fr0,gsk7975a-prot-OPT,15,/home/manndo/master_dev/posebusters_results/converted_pdbqt/Orai1WT-START-Fr0__gsk7975a-prot-OPT_vina_out_model15.sdf,8.683633333333331,23.631199999999996,13.955633333333335,7
AutoDock_Vina,Orai1WT-START-Fr0,gsk7975a-prot-OPT,16,/home/manndo/master_dev/posebusters_results/converted_pdbqt/Orai1WT-START-Fr0__gsk7975a-prot-OPT_vina_out_model16.sdf,16.10263333333333,-19.615199999999998,14.153033333333331,4
AutoDock_Vina,Orai1WT-START-Fr0,gsk7975a-prot-OPT,17,/home/manndo/master_dev/posebusters_results/converted_pdbqt/Orai1WT-START-Fr0__gsk7975a-prot-OPT_vina_out_model17.sdf,16.131433333333334,-19.2871,13.940333333333335,4
AutoDock_Vina,Orai1WT-START-Fr0,gsk7975a-prot-OPT,18,/home/manndo/master_dev/posebusters_results/converted_pdbqt/Orai1WT-START-Fr0__gsk7975a-prot-OPT_vina_out_model18.sdf,9.371266666666667,24.767000000000007,15.966066666666666,7
AutoDock_Vina,Orai1WT-START-Fr0,gsk7975a-prot-OPT,19,/home/manndo/master_dev/posebusters_results/converted_pdbqt/Orai1WT-START-Fr0__gsk7975a-prot-OPT_vina_out_model19.sdf,16.739166666666666,-19.64723333333333,15.767100000000001,4
AutoDock_Vina,Orai1WT-START-Fr0,gsk7975a-prot-OPT,2,/home/manndo/master_dev/posebusters_results/converted_pdbqt/Orai1WT-START-Fr0__gsk7975a-prot-OPT_vina_out_model2.sdf,9.421866666666666,23.324566666666662,14.659933333333335,7
AutoDock_Vina,Orai1WT-START-Fr0,gsk7975a-prot-OPT,20,/home/manndo/master_dev/posebusters_results/converted_pdbqt/Orai1WT-START-Fr0__gsk7975a-prot-OPT_vina_out_model20.sdf,-24.954700000000003,-4.0799666666666665,14.3328,5
AutoDock_Vina,Orai1WT-START-Fr0,gsk7975a-prot-OPT,21,/home/manndo/master_dev/posebusters_results/converted_pdbqt/Orai1WT-START-Fr0__gsk7975a-prot-OPT_vina_out_model21.sdf,0.9140999999999998,-0.9539000000000001,-11.3771,3
AutoDock_Vina,Orai1WT-START-Fr0,gsk7975a-prot-OPT,22,/home/manndo/master_dev/posebusters_results/converted_pdbqt/Orai1WT-START-Fr0__gsk7975a-prot-OPT_vina_out_model22.sdf,-24.671766666666663,-4.259366666666667,14.0696,5
AutoDock_Vina,Orai1WT-START-Fr0,gsk7975a-prot-OPT,23,/home/manndo/master_dev/posebusters_results/converted_pdbqt/Orai1WT-START-Fr0__gsk7975a-prot-OPT_vina_out_model23.sdf,0.7004333333333331,-1.046733333333333,-11.070166666666665,3
AutoDock_Vina,Orai1WT-START-Fr0,gsk7975a-prot-OPT,24,/home/manndo/master_dev/posebusters_results/converted_pdbqt/Orai1WT-START-Fr0__gsk7975a-prot-OPT_vina_out_model24.sdf,1.3794333333333333,-0.6490333333333331,-11.134466666666668,3
AutoDock_Vina,Orai1WT-START-Fr0,gsk7975a-prot-OPT,25,/home/manndo/master_dev/posebusters_results/converted_pdbqt/Orai1WT-START-Fr0__gsk7975a-prot-OPT_vina_out_model25.sdf,-0.09243333333333335,1.7533333333333334,-8.375466666666666,3
AutoDock_Vina,Orai1WT-START-Fr0,gsk7975a-prot-OPT,26,/home/manndo/master_dev/posebusters_results/converted_pdbqt/Orai1WT-START-Fr0__gsk7975a-prot-OPT_vina_out_model26.sdf,-25.19313333333333,-4.3076333333333325,15.282999999999998,5
AutoDock_Vina,Orai1WT-START-Fr0,gsk7975a-prot-OPT,27,/home/manndo/master_dev/posebusters_results/converted_pdbqt/Orai1WT-START-Fr0__gsk7975a-prot-OPT_vina_out_model27.sdf,0.6354666666666666,1.2577666666666663,-5.3705333333333325,3
AutoDock_Vina,Orai1WT-START-Fr0,gsk7975a-prot-OPT,28,/home/manndo/master_dev/posebusters_results/converted_pdbqt/Orai1WT-START-Fr0__gsk7975a-prot-OPT_vina_out_model28.sdf,0.2811000000000002,1.2252333333333332,-11.196933333333332,3
AutoDock_Vina,Orai1WT-START-Fr0,gsk7975a-prot-OPT,29,/home/manndo/master_dev/posebusters_results/converted_pdbqt/Orai1WT-START-Fr0__gsk7975a-prot-OPT_vina_out_model29.sdf,1.2193,-0.5588666666666667,-10.892666666666667,3
AutoDock_Vina,Orai1WT-START-Fr0,gsk7975a-prot-OPT,3,/home/manndo/master_dev/posebusters_results/converted_pdbqt/Orai1WT-START-Fr0__gsk7975a-prot-OPT_vina_out_model3.sdf,15.420633333333337,-19.590699999999995,14.726400000000002,4
AutoDock_Vina,Orai1WT-START-Fr0,gsk7975a-prot-OPT,30,/home/manndo/master_dev/posebusters_results/converted_pdbqt/Orai1WT-START-Fr0__gsk7975a-prot-OPT_vina_out_model30.sdf,16.446933333333337,-19.618266666666667,16.61703333333333,4
AutoDock_Vina,Orai1WT-START-Fr0,gsk7975a-prot-OPT,4,/home/manndo/master_dev/posebusters_results/converted_pdbqt/Orai1WT-START-Fr0__gsk7975a-prot-OPT_vina_out_model4.sdf,-0.9924666666666668,-0.8459666666666666,-11.721366666666663,3
AutoDock_Vina,Orai1WT-START-Fr0,gsk7975a-prot-OPT,5,/home/manndo/master_dev/posebusters_results/converted_pdbqt/Orai1WT-START-Fr0__gsk7975a-prot-OPT_vina_out_model5.sdf,1.104,0.6059333333333332,-11.831233333333332,3
AutoDock_Vina,Orai1WT-START-Fr0,gsk7975a-prot-OPT,6,/home/manndo/master_dev/posebusters_results/converted_pdbqt/Orai1WT-START-Fr0__gsk7975a-prot-OPT_vina_out_model6.sdf,1.1524666666666668,-0.4840666666666667,-11.744033333333332,3
AutoDock_Vina,Orai1WT-START-Fr0,gsk7975a-prot-OPT,7,/home/manndo/master_dev/posebusters_results/converted_pdbqt/Orai1WT-START-Fr0__gsk7975a-prot-OPT_vina_out_model7.sdf,-1.1413666666666664,0.6559333333333334,-11.777433333333333,3
AutoDock_Vina,Orai1WT-START-Fr0,gsk7975a-prot-OPT,8,/home/manndo/master_dev/posebusters_results/converted_pdbqt/Orai1WT-START-Fr0__gsk7975a-prot-OPT_vina_out_model8.sdf,0.04903333333333336,-1.3484333333333334,-11.751533333333334,3
AutoDock_Vina,Orai1WT-START-Fr0,gsk7975a-prot-OPT,9,/home/manndo/master_dev/posebusters_results/converted_pdbqt/Orai1WT-START-Fr0__gsk7975a-prot-OPT_vina_out_model9.sdf,-0.028166666666666635,1.2811999999999997,-11.69903333333333,3
DiffDock,Orai1WT-MDSnap-Fr300,2abp-nh2-OPT,1,/home/manndo/master_dev/diffdock_results/2abp-nh2-OPT__Orai1WT-MDSnap-Fr300/complex_0/rank1.sdf,25.13704117647059,8.957364705882354,11.571676470588233,0
DiffDock,Orai1WT-MDSnap-Fr300,2abp-nh2-OPT,10,/home/manndo/master_dev/diffdock_results/2abp-nh2-OPT__Orai1WT-MDSnap-Fr300/complex_0/rank10_confidence-2.32.sdf,15.391270588235296,39.68396470588235,30.988623529411765,0
DiffDock,Orai1WT-MDSnap-Fr300,2abp-nh2-OPT,10,/home/manndo/master_dev/diffdock_results/2abp-nh2-OPT__Orai1WT-MDSnap-Fr300/complex_0/rank10_confidence-3.00.sdf,23.23517647058824,-28.346911764705887,11.124052941176473,4
DiffDock,Orai1WT-MDSnap-Fr300,2abp-nh2-OPT,11,/home/manndo/master_dev/diffdock_results/2abp-nh2-OPT__Orai1WT-MDSnap-Fr300/complex_0/rank11_confidence-2.43.sdf,1.7463294117647057,0.09841764705882357,-23.893047058823527,2
DiffDock,Orai1WT-MDSnap-Fr300,2abp-nh2-OPT,12,/home/manndo/master_dev/diffdock_results/2abp-nh2-OPT__Orai1WT-MDSnap-Fr300/complex_0/rank12_confidence-2.45.sdf,-0.17991764705882354,2.249547058823529,-29.72317647058824,2
DiffDock,Orai1WT-MDSnap-Fr300,2abp-nh2-OPT,13,/home/manndo/master_dev/diffdock_results/2abp-nh2-OPT__Orai1WT-MDSnap-Fr300/complex_0/rank13_confidence-2.52.sdf,34.784352941176465,-23.45415882352941,4.8139352941176465,4
DiffDock,Orai1WT-MDSnap-Fr300,2abp-nh2-OPT,14,/home/manndo/master_dev/diffdock_results/2abp-nh2-OPT__Orai1WT-MDSnap-Fr300/complex_0/rank14_confidence-2.83.sdf,19.784011764705877,25.071041176470583,-9.2035,3
DiffDock,Orai1WT-MDSnap-Fr300,2abp-nh2-OPT,15,/home/manndo/master_dev/diffdock_results/2abp-nh2-OPT__Orai1WT-MDSnap-Fr300/complex_0/rank15_confidence-2.83.sdf,16.040123529411762,25.75955882352941,24.139570588235294,0
DiffDock,Orai1WT-MDSnap-Fr300,2abp-nh2-OPT,16,/home/manndo/master_dev/diffdock_results/2abp-nh2-OPT__Orai1WT-MDSnap-Fr300/complex_0/rank16_confidence-3.04.sdf,-21.813858823529415,-13.367035294117645,7.016664705882353,7
DiffDock,Orai1WT-MDSnap-Fr300,2abp-nh2-OPT,17,/home/manndo/master_dev/diffdock_results/2abp-nh2-OPT__Orai1WT-MDSnap-Fr300/complex_0/rank17_confidence-3.40.sdf,-24.145164705882355,-21.121499999999997,2.8388529411764707,7
DiffDock,Orai1WT-MDSnap-Fr300,2abp-nh2-OPT,18,/home/manndo/master_dev/diffdock_results/2abp-nh2-OPT__Orai1WT-MDSnap-Fr300/complex_0/rank18_confidence-3.80.sdf,-17.96264705882353,-18.584847058823527,-12.264882352941173,1
DiffDock,Orai1WT-MDSnap-Fr300,2abp-nh2-OPT,19,/home/manndo/master_dev/diffdock_results/2abp-nh2-OPT__Orai1WT-MDSnap-Fr300/complex_0/rank19_confidence-3.89.sdf,13.162005882352942,-4.4177470588235295,-33.34559411764707,2
DiffDock,Orai1WT-MDSnap-Fr300,2abp-nh2-OPT,1,/home/manndo/master_dev/diffdock_results/2abp-nh2-OPT__Orai1WT-MDSnap-Fr300/complex_0/rank1_confidence-0.51.sdf,-17.872652941176476,24.05728235294118,6.9095941176470586,5
DiffDock,Orai1WT-MDSnap-Fr300,2abp-nh2-OPT,1,/home/manndo/master_dev/diffdock_results/2abp-nh2-OPT__Orai1WT-MDSnap-Fr300/complex_0/rank1_confidence-0.60.sdf,25.13704117647059,8.957364705882354,11.571676470588233,0
DiffDock,Orai1WT-MDSnap-Fr300,2abp-nh2-OPT,1,/home/manndo/master_dev/diffdock_results/2abp-nh2-OPT__Orai1WT-MDSnap-Fr300/complex_0/rank1_confidence-0.97.sdf,30.511699999999998,-1.3399235294117648,-15.001535294117646,9
DiffDock,Orai1WT-MDSnap-Fr300,2abp-nh2-OPT,1,/home/manndo/master_dev/diffdock_results/2abp-nh2-OPT__Orai1WT-MDSnap-Fr300/complex_0/rank1_confidence-1.30.sdf,-42.58942352941176,-1.8993823529411762,25.337570588235295,7
DiffDock,Orai1WT-MDSnap-Fr300,2abp-nh2-OPT,1,/home/manndo/master_dev/diffdock_results/2abp-nh2-OPT__Orai1WT-MDSnap-Fr300/complex_0/rank1_confidence-1.53.sdf,32.011647058823534,15.205941176470587,-19.47183529411765,3
DiffDock,Orai1WT-MDSnap-Fr300,2abp-nh2-OPT,20,/home/manndo/master_dev/diffdock_results/2abp-nh2-OPT__Orai1WT-MDSnap-Fr300/complex_0/rank20_confidence-4.23.sdf,-22.0141,9.541476470588234,28.26553529411764,8
DiffDock,Orai1WT-MDSnap-Fr300,2abp-nh2-OPT,21,/home/manndo/master_dev/diffdock_results/2abp-nh2-OPT__Orai1WT-MDSnap-Fr300/complex_0/rank21_confidence-4.35.sdf,12.88270588235294,19.46620588235294,19.757747058823526,0
DiffDock,Orai1WT-MDSnap-Fr300,2abp-nh2-OPT,22,/home/manndo/master_dev/diffdock_results/2abp-nh2-OPT__Orai1WT-MDSnap-Fr300/complex_0/rank22_confidence-4.55.sdf,-4.914941176470588,3.581847058823529,17.153776470588237,8
DiffDock,Orai1WT-MDSnap-Fr300,2abp-nh2-OPT,23,/home/manndo/master_dev/diffdock_results/2abp-nh2-OPT__Orai1WT-MDSnap-Fr300/complex_0/rank23_confidence-4.58.sdf,8.357758823529412,-4.817882352941176,-28.11454117647059,2
DiffDock,Orai1WT-MDSnap-Fr300,2abp-nh2-OPT,24,/home/manndo/master_dev/diffdock_results/2abp-nh2-OPT__Orai1WT-MDSnap-Fr300/complex_0/rank24_confidence-5.08.sdf,14.94954705882353,-3.847188235294118,28.72726470588235,4
DiffDock,Orai1WT-MDSnap-Fr300,2abp-nh2-OPT,27,/home/manndo/master_dev/diffdock_results/2abp-nh2-OPT__Orai1WT-MDSnap-Fr300/complex_0/rank27_confidence-5.81.sdf,42.40255882352942,82.68791176470589,-17.39190588235294,6
DiffDock,Orai1WT-MDSnap-Fr300,2abp-nh2-OPT,2,/home/manndo/master_dev/diffdock_results/2abp-nh2-OPT__Orai1WT-MDSnap-Fr300/complex_0/rank2_confidence-0.68.sdf,-3.514776470588235,-8.083182352941176,7.925723529411763,7
DiffDock,Orai1WT-MDSnap-Fr300,2abp-nh2-OPT,2,/home/manndo/master_dev/diffdock_results/2abp-nh2-OPT__Orai1WT-MDSnap-Fr300/complex_0/rank2_confidence-0.69.sdf,-11.292135294117646,-12.645441176470587,-35.49121176470588,1
DiffDock,Orai1WT-MDSnap-Fr300,2abp-nh2-OPT,2,/home/manndo/master_dev/diffdock_results/2abp-nh2-OPT__Orai1WT-MDSnap-Fr300/complex_0/rank2_confidence-1.06.sdf,-16.996852941176467,24.760782352941177,10.896952941176469,5
DiffDock,Orai1WT-MDSnap-Fr300,2abp-nh2-OPT,2,/home/manndo/master_dev/diffdock_results/2abp-nh2-OPT__Orai1WT-MDSnap-Fr300/complex_0/rank2_confidence-1.31.sdf,-28.32265294117647,-0.8305588235294116,-26.57243529411764,1
DiffDock,Orai1WT-MDSnap-Fr300,2abp-nh2-OPT,2,/home/manndo/master_dev/diffdock_results/2abp-nh2-OPT__Orai1WT-MDSnap-Fr300/complex_0/rank2_confidence-2.01.sdf,10.043341176470587,-21.142088235294118,31.560747058823534,4
DiffDock,Orai1WT-MDSnap-Fr300,2abp-nh2-OPT,3,/home/manndo/master_dev/diffdock_results/2abp-nh2-OPT__Orai1WT-MDSnap-Fr300/complex_0/rank3_confidence-0.94.sdf,-5.419764705882353,19.672164705882356,-19.29475882352941,3
DiffDock,Orai1WT-MDSnap-Fr300,2abp-nh2-OPT,3,/home/manndo/master_dev/diffdock_results/2abp-nh2-OPT__Orai1WT-MDSnap-Fr300/complex_0/rank3_confidence-1.09.sdf,12.951605882352942,16.392870588235297,-39.130076470588236,2
DiffDock,Orai1WT-MDSnap-Fr300,2abp-nh2-OPT,3,/home/manndo/master_dev/diffdock_results/2abp-nh2-OPT__Orai1WT-MDSnap-Fr300/complex_0/rank3_confidence-1.34.sdf,24.87789411764706,17.394317647058823,12.19664117647059,0
DiffDock,Orai1WT-MDSnap-Fr300,2abp-nh2-OPT,3,/home/manndo/master_dev/diffdock_results/2abp-nh2-OPT__Orai1WT-MDSnap-Fr300/complex_0/rank3_confidence-1.83.sdf,29.193570588235296,-1.231647058823529,-15.146905882352943,9
DiffDock,Orai1WT-MDSnap-Fr300,2abp-nh2-OPT,3,/home/manndo/master_dev/diffdock_results/2abp-nh2-OPT__Orai1WT-MDSnap-Fr300/complex_0/rank3_confidence-2.41.sdf,11.160841176470589,25.8542,-28.41857647058824,3
DiffDock,Orai1WT-MDSnap-Fr300,2abp-nh2-OPT,4,/home/manndo/master_dev/diffdock_results/2abp-nh2-OPT__Orai1WT-MDSnap-Fr300/complex_0/rank4_confidence-1.15.sdf,4.307417647058823,-22.326747058823532,-28.79916470588235,1
DiffDock,Orai1WT-MDSnap-Fr300,2abp-nh2-OPT,4,/home/manndo/master_dev/diffdock_results/2abp-nh2-OPT__Orai1WT-MDSnap-Fr300/complex_0/rank4_confidence-1.37.sdf,27.754247058823523,-18.137011764705882,6.339464705882354,4
DiffDock,Orai1WT-MDSnap-Fr300,2abp-nh2-OPT,4,/home/manndo/master_dev/diffdock_results/2abp-nh2-OPT__Orai1WT-MDSnap-Fr300/complex_0/rank4_confidence-1.91.sdf,8.499070588235293,-3.4573470588235296,-27.52547647058824,2
DiffDock,Orai1WT-MDSnap-Fr300,2abp-nh2-OPT,4,/home/manndo/master_dev/diffdock_results/2abp-nh2-OPT__Orai1WT-MDSnap-Fr300/complex_0/rank4_confidence-2.51.sdf,-27.712447058823525,-11.7742,-15.662247058823528,1
DiffDock,Orai1WT-MDSnap-Fr300,2abp-nh2-OPT,4,/home/manndo/master_dev/diffdock_results/2abp-nh2-OPT__Orai1WT-MDSnap-Fr300/complex_0/rank4_confidence-2.55.sdf,-8.47969411764706,-5.412641176470589,-24.134841176470587,1
DiffDock,Orai1WT-MDSnap-Fr300,2abp-nh2-OPT,5,/home/manndo/master_dev/diffdock_results/2abp-nh2-OPT__Orai1WT-MDSnap-Fr300/complex_0/rank5_confidence-1.31.sdf,-28.815482352941178,12.976382352941178,-22.44199411764706,1
DiffDock,Orai1WT-MDSnap-Fr300,2abp-nh2-OPT,5,/home/manndo/master_dev/diffdock_results/2abp-nh2-OPT__Orai1WT-MDSnap-Fr300/complex_0/rank5_confidence-2.05.sdf,17.669776470588236,26.211523529411767,-13.880270588235293,3
DiffDock,Orai1WT-MDSnap-Fr300,2abp-nh2-OPT,5,/home/manndo/master_dev/diffdock_results/2abp-nh2-OPT__Orai1WT-MDSnap-Fr300/complex_0/rank5_confidence-2.21.sdf,1.8461117647058822,8.146023529411764,-23.101370588235298,2
DiffDock,Orai1WT-MDSnap-Fr300,2abp-nh2-OPT,5,/home/manndo/master_dev/diffdock_results/2abp-nh2-OPT__Orai1WT-MDSnap-Fr300/complex_0/rank5_confidence-3.21.sdf,14.00914705882353,17.31300588235294,17.503341176470585,0
DiffDock,Orai1WT-MDSnap-Fr300,2abp-nh2-OPT,5,/home/manndo/master_dev/diffdock_results/2abp-nh2-OPT__Orai1WT-MDSnap-Fr300/complex_0/rank5_confidence-3.63.sdf,19.429982352941174,25.71209411764706,-12.487894117647059,3
DiffDock,Orai1WT-MDSnap-Fr300,2abp-nh2-OPT,6,/home/manndo/master_dev/diffdock_results/2abp-nh2-OPT__Orai1WT-MDSnap-Fr300/complex_0/rank6_confidence-1.50.sdf,-15.985982352941178,18.068088235294113,27.08876470588235,8
DiffDock,Orai1WT-MDSnap-Fr300,2abp-nh2-OPT,6,/home/manndo/master_dev/diffdock_results/2abp-nh2-OPT__Orai1WT-MDSnap-Fr300/complex_0/rank6_confidence-2.21.sdf,25.74704117647059,-15.654317647058823,-17.993611764705882,9
DiffDock,Orai1WT-MDSnap-Fr300,2abp-nh2-OPT,6,/home/manndo/master_dev/diffdock_results/2abp-nh2-OPT__Orai1WT-MDSnap-Fr300/complex_0/rank6_confidence-3.23.sdf,7.700188235294116,17.870029411764705,-44.39062352941177,2
DiffDock,Orai1WT-MDSnap-Fr300,2abp-nh2-OPT,6,/home/manndo/master_dev/diffdock_results/2abp-nh2-OPT__Orai1WT-MDSnap-Fr300/complex_0/rank6_confidence-3.29.sdf,22.85157647058824,25.02671176470588,-10.717588235294118,3
DiffDock,Orai1WT-MDSnap-Fr300,2abp-nh2-OPT,6,/home/manndo/master_dev/diffdock_results/2abp-nh2-OPT__Orai1WT-MDSnap-Fr300/complex_0/rank6_confidence-4.13.sdf,-2.053770588235294,40.30002352941177,3.701235294117647,5
DiffDock,Orai1WT-MDSnap-Fr300,2abp-nh2-OPT,7,/home/manndo/master_dev/diffdock_results/2abp-nh2-OPT__Orai1WT-MDSnap-Fr300/complex_0/rank7_confidence-1.51.sdf,34.30484117647058,-3.1316705882352935,22.93057058823529,0
DiffDock,Orai1WT-MDSnap-Fr300,2abp-nh2-OPT,7,/home/manndo/master_dev/diffdock_results/2abp-nh2-OPT__Orai1WT-MDSnap-Fr300/complex_0/rank7_confidence-2.38.sdf,-4.17644705882353,29.774488235294115,-25.953070588235295,3
DiffDock,Orai1WT-MDSnap-Fr300,2abp-nh2-OPT,7,/home/manndo/master_dev/diffdock_results/2abp-nh2-OPT__Orai1WT-MDSnap-Fr300/complex_0/rank7_confidence-4.02.sdf,19.089570588235294,-19.428764705882347,13.93321176470588,4
DiffDock,Orai1WT-MDSnap-Fr300,2abp-nh2-OPT,7,/home/manndo/master_dev/diffdock_results/2abp-nh2-OPT__Orai1WT-MDSnap-Fr300/complex_0/rank7_confidence-4.76.sdf,-0.2975058823529411,7.276105882352942,17.402788235294118,8
DiffDock,Orai1WT-MDSnap-Fr300,2abp-nh2-OPT,7,/home/manndo/master_dev/diffdock_results/2abp-nh2-OPT__Orai1WT-MDSnap-Fr300/complex_0/rank7_confidence-5.20.sdf,20.314564705882358,25.9623,-10.996958823529411,3
DiffDock,Orai1WT-MDSnap-Fr300,2abp-nh2-OPT,8,/home/manndo/master_dev/diffdock_results/2abp-nh2-OPT__Orai1WT-MDSnap-Fr300/complex_0/rank8_confidence-1.86.sdf,22.240094117647057,-14.834399999999999,10.038370588235296,4
DiffDock,Orai1WT-MDSnap-Fr300,2abp-nh2-OPT,8,/home/manndo/master_dev/diffdock_results/2abp-nh2-OPT__Orai1WT-MDSnap-Fr300/complex_0/rank8_confidence-2.60.sdf,-4.541711764705883,26.19005882352941,25.810811764705885,8
DiffDock,Orai1WT-MDSnap-Fr300,2abp-nh2-OPT,8,/home/manndo/master_dev/diffdock_results/2abp-nh2-OPT__Orai1WT-MDSnap-Fr300/complex_0/rank8_confidence-4.08.sdf,15.830594117647058,42.15711764705882,25.55717647058824,0
DiffDock,Orai1WT-MDSnap-Fr300,2abp-nh2-OPT,8,/home/manndo/master_dev/diffdock_results/2abp-nh2-OPT__Orai1WT-MDSnap-Fr300/complex_0/rank8_confidence-5.30.sdf,-5.019435294117648,7.243364705882352,24.91141176470588,8
DiffDock,Orai1WT-MDSnap-Fr300,2abp-nh2-OPT,8,/home/manndo/master_dev/diffdock_results/2abp-nh2-OPT__Orai1WT-MDSnap-Fr300/complex_0/rank8_confidence-5.32.sdf,-6.308888235294117,1.9045411764705884,21.788235294117644,8
DiffDock,Orai1WT-MDSnap-Fr300,2abp-nh2-OPT,9,/home/manndo/master_dev/diffdock_results/2abp-nh2-OPT__Orai1WT-MDSnap-Fr300/complex_0/rank9_confidence-2.12.sdf,19.505982352941178,15.54128235294118,18.88258235294117,0
DiffDock,Orai1WT-MDSnap-Fr300,2abp-nh2-OPT,9,/home/manndo/master_dev/diffdock_results/2abp-nh2-OPT__Orai1WT-MDSnap-Fr300/complex_0/rank9_confidence-2.94.sdf,13.35063529411765,26.701764705882347,23.07642352941176,0
DiffDock,Orai1WT-MDSnap-Fr300,2abp-nh2-OPT,9,/home/manndo/master_dev/diffdock_results/2abp-nh2-OPT__Orai1WT-MDSnap-Fr300/complex_0/rank9_confidence-4.45.sdf,7.074888235294119,30.030158823529412,-13.204752941176471,3
DiffDock,Orai1WT-MDSnap-Fr300,2abp-nh2-OPT,9,/home/manndo/master_dev/diffdock_results/2abp-nh2-OPT__Orai1WT-MDSnap-Fr300/complex_0/rank9_confidence-5.40.sdf,2.0106823529411764,8.421611764705881,29.781364705882357,8
DiffDock,Orai1WT-MDSnap-Fr400,2abp-nh2-OPT,1,/home/manndo/master_dev/diffdock_results/2abp-nh2-OPT__Orai1WT-MDSnap-Fr400/complex_0/rank1.sdf,1.4644117647058823,6.269829411764707,26.125341176470588,5
DiffDock,Orai1WT-MDSnap-Fr400,2abp-nh2-OPT,10,/home/manndo/master_dev/diffdock_results/2abp-nh2-OPT__Orai1WT-MDSnap-Fr400/complex_0/rank10_confidence-2.24.sdf,3.1214529411764707,31.230276470588237,16.530211764705886,0
DiffDock,Orai1WT-MDSnap-Fr400,2abp-nh2-OPT,11,/home/manndo/master_dev/diffdock_results/2abp-nh2-OPT__Orai1WT-MDSnap-Fr400/complex_0/rank11_confidence-2.52.sdf,-8.843382352941175,0.8297411764705882,-29.523170588235292,4
DiffDock,Orai1WT-MDSnap-Fr400,2abp-nh2-OPT,12,/home/manndo/master_dev/diffdock_results/2abp-nh2-OPT__Orai1WT-MDSnap-Fr400/complex_0/rank12_confidence-2.70.sdf,-18.666852941176472,-7.447911764705882,-27.85159411764706,9
DiffDock,Orai1WT-MDSnap-Fr400,2abp-nh2-OPT,13,/home/manndo/master_dev/diffdock_results/2abp-nh2-OPT__Orai1WT-MDSnap-Fr400/complex_0/rank13_confidence-2.80.sdf,42.60214705882353,-17.11066470588235,1.5835529411764708,2
DiffDock,Orai1WT-MDSnap-Fr400,2abp-nh2-OPT,14,/home/manndo/master_dev/diffdock_results/2abp-nh2-OPT__Orai1WT-MDSnap-Fr400/complex_0/rank14_confidence-2.92.sdf,13.600188235294118,17.5222294117647,-37.22628823529412,6
DiffDock,Orai1WT-MDSnap-Fr400,2abp-nh2-OPT,15,/home/manndo/master_dev/diffdock_results/2abp-nh2-OPT__Orai1WT-MDSnap-Fr400/complex_0/rank15_confidence-3.12.sdf,1.3281470588235293,5.797935294117645,-24.44848235294117,4
DiffDock,Orai1WT-MDSnap-Fr400,2abp-nh2-OPT,16,/home/manndo/master_dev/diffdock_results/2abp-nh2-OPT__Orai1WT-MDSnap-Fr400/complex_0/rank16_confidence-3.23.sdf,1.4270764705882353,-26.048935294117648,-34.55151764705882,9
DiffDock,Orai1WT-MDSnap-Fr400,2abp-nh2-OPT,17,/home/manndo/master_dev/diffdock_results/2abp-nh2-OPT__Orai1WT-MDSnap-Fr400/complex_0/rank17_confidence-3.30.sdf,-8.105464705882353,4.298370588235295,26.64841176470588,5
DiffDock,Orai1WT-MDSnap-Fr400,2abp-nh2-OPT,18,/home/manndo/master_dev/diffdock_results/2abp-nh2-OPT__Orai1WT-MDSnap-Fr400/complex_0/rank18_confidence-3.57.sdf,-2.6285000000000003,9.008570588235294,27.7955,5
DiffDock,Orai1WT-MDSnap-Fr400,2abp-nh2-OPT,19,/home/manndo/master_dev/diffdock_results/2abp-nh2-OPT__Orai1WT-MDSnap-Fr400/complex_0/rank19_confidence-3.60.sdf,-21.636011764705884,-17.00571176470588,6.732505882352942,8
DiffDock,Orai1WT-MDSnap-Fr400,2abp-nh2-OPT,1,/home/manndo/master_dev/diffdock_results/2abp-nh2-OPT__Orai1WT-MDSnap-Fr400/complex_0/rank1_confidence-1.11.sdf,1.4644117647058823,6.269829411764707,26.125341176470588,5
DiffDock,Orai1WT-MDSnap-Fr400,2abp-nh2-OPT,1,/home/manndo/master_dev/diffdock_results/2abp-nh2-OPT__Orai1WT-MDSnap-Fr400/complex_0/rank1_confidence-1.60.sdf,-11.702,19.811564705882354,-30.285964705882353,1
DiffDock,Orai1WT-MDSnap-Fr400,2abp-nh2-OPT,20,/home/manndo/master_dev/diffdock_results/2abp-nh2-OPT__Orai1WT-MDSnap-Fr400/complex_0/rank20_confidence-4.11.sdf,21.606694117647063,25.556276470588234,-11.390011764705882,6
DiffDock,Orai1WT-MDSnap-Fr400,2abp-nh2-OPT,21,/home/manndo/master_dev/diffdock_results/2abp-nh2-OPT__Orai1WT-MDSnap-Fr400/complex_0/rank21_confidence-4.38.sdf,12.2097,26.750358823529414,-27.69910588235294,6
DiffDock,Orai1WT-MDSnap-Fr400,2abp-nh2-OPT,22,/home/manndo/master_dev/diffdock_results/2abp-nh2-OPT__Orai1WT-MDSnap-Fr400/complex_0/rank22_confidence-4.71.sdf,-4.447047058823529,2.8793764705882356,16.227882352941176,5
DiffDock,Orai1WT-MDSnap-Fr400,2abp-nh2-OPT,23,/home/manndo/master_dev/diffdock_results/2abp-nh2-OPT__Orai1WT-MDSnap-Fr400/complex_0/rank23_confidence-4.85.sdf,-4.3834294117647055,7.895711764705883,23.356529411764704,5
DiffDock,Orai1WT-MDSnap-Fr400,2abp-nh2-OPT,24,/home/manndo/master_dev/diffdock_results/2abp-nh2-OPT__Orai1WT-MDSnap-Fr400/complex_0/rank24_confidence-4.99.sdf,-8.426358823529412,38.05338235294118,-0.08752352941176467,3
DiffDock,Orai1WT-MDSnap-Fr400,2abp-nh2-OPT,2,/home/manndo/master_dev/diffdock_results/2abp-nh2-OPT__Orai1WT-MDSnap-Fr400/complex_0/rank2_confidence-1.21.sdf,15.431876470588236,0.9611588235294118,-32.54640588235294,4
DiffDock,Orai1WT-MDSnap-Fr400,2abp-nh2-OPT,2,/home/manndo/master_dev/diffdock_results/2abp-nh2-OPT__Orai1WT-MDSnap-Fr400/complex_0/rank2_confidence-2.38.sdf,30.194211764705884,6.904870588235293,-15.767129411764707,6
DiffDock,Orai1WT-MDSnap-Fr400,2abp-nh2-OPT,3,/home/manndo/master_dev/diffdock_results/2abp-nh2-OPT__Orai1WT-MDSnap-Fr400/complex_0/rank3_confidence-1.29.sdf,1.8337470588235296,-0.23231764705882338,-25.29354705882353,4
DiffDock,Orai1WT-MDSnap-Fr400,2abp-nh2-OPT,3,/home/manndo/master_dev/diffdock_results/2abp-nh2-OPT__Orai1WT-MDSnap-Fr400/complex_0/rank3_confidence-3.38.sdf,9.868641176470588,30.07045882352941,17.74472352941176,0
DiffDock,Orai1WT-MDSnap-Fr400,2abp-nh2-OPT,4,/home/manndo/master_dev/diffdock_results/2abp-nh2-OPT__Orai1WT-MDSnap-Fr400/complex_0/rank4_confidence-1.37.sdf,23.964676470588234,21.659623529411768,9.224494117647058,0
DiffDock,Orai1WT-MDSnap-Fr400,2abp-nh2-OPT,4,/home/manndo/master_dev/diffdock_results/2abp-nh2-OPT__Orai1WT-MDSnap-Fr400/complex_0/rank4_confidence-3.42.sdf,-19.028582352941175,-18.2644,-2.733929411764706,8
DiffDock,Orai1WT-MDSnap-Fr400,2abp-nh2-OPT,5,/home/manndo/master_dev/diffdock_results/2abp-nh2-OPT__Orai1WT-MDSnap-Fr400/complex_0/rank5_confidence-1.71.sdf,-4.962417647058823,11.175747058823532,29.676441176470586,5
DiffDock,Orai1WT-MDSnap-Fr400,2abp-nh2-OPT,5,/home/manndo/master_dev/diffdock_results/2abp-nh2-OPT__Orai1WT-MDSnap-Fr400/complex_0/rank5_confidence-4.01.sdf,0.3653058823529412,7.652094117647059,25.65625294117647,5
DiffDock,Orai1WT-MDSnap-Fr400,2abp-nh2-OPT,6,/home/manndo/master_dev/diffdock_results/2abp-nh2-OPT__Orai1WT-MDSnap-Fr400/complex_0/rank6_confidence-1.71.sdf,2.1520058823529418,-25.6049705882353,7.079929411764705,2
DiffDock,Orai1WT-MDSnap-Fr400,2abp-nh2-OPT,6,/home/manndo/master_dev/diffdock_results/2abp-nh2-OPT__Orai1WT-MDSnap-Fr400/complex_0/rank6_confidence-4.03.sdf,13.57654705882353,18.76033529411765,19.823,0
DiffDock,Orai1WT-MDSnap-Fr400,2abp-nh2-OPT,7,/home/manndo/master_dev/diffdock_results/2abp-nh2-OPT__Orai1WT-MDSnap-Fr400/complex_0/rank7_confidence-1.74.sdf,21.80712352941177,-12.78964705882353,10.002058823529412,2
DiffDock,Orai1WT-MDSnap-Fr400,2abp-nh2-OPT,7,/home/manndo/master_dev/diffdock_results/2abp-nh2-OPT__Orai1WT-MDSnap-Fr400/complex_0/rank7_confidence-4.78.sdf,27.312352941176467,-13.105435294117646,8.038076470588235,2
DiffDock,Orai1WT-MDSnap-Fr400,2abp-nh2-OPT,8,/home/manndo/master_dev/diffdock_results/2abp-nh2-OPT__Orai1WT-MDSnap-Fr400/complex_0/rank8_confidence-2.08.sdf,9.658211764705882,-11.933094117647059,-37.1120705882353,4
DiffDock,Orai1WT-MDSnap-Fr400,2abp-nh2-OPT,8,/home/manndo/master_dev/diffdock_results/2abp-nh2-OPT__Orai1WT-MDSnap-Fr400/complex_0/rank8_confidence-4.98.sdf,-1.6945823529411768,8.769217647058824,-30.546164705882347,4
DiffDock,Orai1WT-MDSnap-Fr400,2abp-nh2-OPT,9,/home/manndo/master_dev/diffdock_results/2abp-nh2-OPT__Orai1WT-MDSnap-Fr400/complex_0/rank9_confidence-2.12.sdf,-24.86519411764706,12.43689411764706,-27.77835882352941,1
DiffDock,Orai1WT-MDSnap-Fr499,2abp-nh2-OPT,1,/home/manndo/master_dev/diffdock_results/2abp-nh2-OPT__Orai1WT-MDSnap-Fr499/complex_0/rank1.sdf,21.31800588235294,25.237164705882353,-21.445582352941173,1
DiffDock,Orai1WT-MDSnap-Fr499,2abp-nh2-OPT,10,/home/manndo/master_dev/diffdock_results/2abp-nh2-OPT__Orai1WT-MDSnap-Fr499/complex_0/rank10_confidence-1.94.sdf,24.757088235294116,20.374229411764702,13.236535294117646,0
DiffDock,Orai1WT-MDSnap-Fr499,2abp-nh2-OPT,11,/home/manndo/master_dev/diffdock_results/2abp-nh2-OPT__Orai1WT-MDSnap-Fr499/complex_0/rank11_confidence-2.18.sdf,1.292564705882353,0.8811529411764706,-24.81395882352941,9
DiffDock,Orai1WT-MDSnap-Fr499,2abp-nh2-OPT,12,/home/manndo/master_dev/diffdock_results/2abp-nh2-OPT__Orai1WT-MDSnap-Fr499/complex_0/rank12_confidence-2.46.sdf,2.2019294117647057,-29.600370588235286,1.9421705882352949,2
DiffDock,Orai1WT-MDSnap-Fr499,2abp-nh2-OPT,13,/home/manndo/master_dev/diffdock_results/2abp-nh2-OPT__Orai1WT-MDSnap-Fr499/complex_0/rank13_confidence-2.47.sdf,-14.579047058823528,-23.13635294117647,18.173452941176475,2
DiffDock,Orai1WT-MDSnap-Fr499,2abp-nh2-OPT,14,/home/manndo/master_dev/diffdock_results/2abp-nh2-OPT__Orai1WT-MDSnap-Fr499/complex_0/rank14_confidence-2.48.sdf,-27.752782352941182,12.424429411764706,-11.554917647058824,5
DiffDock,Orai1WT-MDSnap-Fr499,2abp-nh2-OPT,15,/home/manndo/master_dev/diffdock_results/2abp-nh2-OPT__Orai1WT-MDSnap-Fr499/complex_0/rank15_confidence-3.30.sdf,-13.93,29.243799999999993,28.544764705882347,4
DiffDock,Orai1WT-MDSnap-Fr499,2abp-nh2-OPT,16,/home/manndo/master_dev/diffdock_results/2abp-nh2-OPT__Orai1WT-MDSnap-Fr499/complex_0/rank16_confidence-3.46.sdf,5.830705882352941,-7.729988235294119,-34.260252941176475,7
DiffDock,Orai1WT-MDSnap-Fr499,2abp-nh2-OPT,17,/home/manndo/master_dev/diffdock_results/2abp-nh2-OPT__Orai1WT-MDSnap-Fr499/complex_0/rank17_confidence-3.80.sdf,-24.01138235294118,7.6180941176470585,30.97058235294117,4
DiffDock,Orai1WT-MDSnap-Fr499,2abp-nh2-OPT,18,/home/manndo/master_dev/diffdock_results/2abp-nh2-OPT__Orai1WT-MDSnap-Fr499/complex_0/rank18_confidence-4.00.sdf,-6.414717647058825,2.819694117647058,24.50855294117647,3
DiffDock,Orai1WT-MDSnap-Fr499,2abp-nh2-OPT,19,/home/manndo/master_dev/diffdock_results/2abp-nh2-OPT__Orai1WT-MDSnap-Fr499/complex_0/rank19_confidence-4.08.sdf,16.50274705882353,-15.82054117647059,-38.028494117647064,7
DiffDock,Orai1WT-MDSnap-Fr499,2abp-nh2-OPT,1,/home/manndo/master_dev/diffdock_results/2abp-nh2-OPT__Orai1WT-MDSnap-Fr499/complex_0/rank1_confidence-0.67.sdf,21.31800588235294,25.237164705882353,-21.445582352941173,1
DiffDock,Orai1WT-MDSnap-Fr499,2abp-nh2-OPT,1,/home/manndo/master_dev/diffdock_results/2abp-nh2-OPT__Orai1WT-MDSnap-Fr499/complex_0/rank1_confidence-1.69.sdf,-22.93395294117647,-17.629082352941175,-9.110823529411766,8
DiffDock,Orai1WT-MDSnap-Fr499,2abp-nh2-OPT,20,/home/manndo/master_dev/diffdock_results/2abp-nh2-OPT__Orai1WT-MDSnap-Fr499/complex_0/rank20_confidence-4.14.sdf,-7.203470588235295,11.193211764705882,35.18511176470589,4
DiffDock,Orai1WT-MDSnap-Fr499,2abp-nh2-OPT,21,/home/manndo/master_dev/diffdock_results/2abp-nh2-OPT__Orai1WT-MDSnap-Fr499/complex_0/rank21_confidence-4.25.sdf,-6.341000000000001,2.6492117647058824,24.64520588235294,3
DiffDock,Orai1WT-MDSnap-Fr499,2abp-nh2-OPT,22,/home/manndo/master_dev/diffdock_results/2abp-nh2-OPT__Orai1WT-MDSnap-Fr499/complex_0/rank22_confidence-4.26.sdf,-13.104717647058822,6.50710588235294,-25.680694117647057,9
DiffDock,Orai1WT-MDSnap-Fr499,2abp-nh2-OPT,23,/home/manndo/master_dev/diffdock_results/2abp-nh2-OPT__Orai1WT-MDSnap-Fr499/complex_0/rank23_confidence-4.30.sdf,9.106700000000004,25.77042941176471,11.672770588235295,6
DiffDock,Orai1WT-MDSnap-Fr499,2abp-nh2-OPT,24,/home/manndo/master_dev/diffdock_results/2abp-nh2-OPT__Orai1WT-MDSnap-Fr499/complex_0/rank24_confidence-4.50.sdf,16.430788235294116,8.211411764705883,33.007252941176475,3
DiffDock,Orai1WT-MDSnap-Fr499,2abp-nh2-OPT,25,/home/manndo/master_dev/diffdock_results/2abp-nh2-OPT__Orai1WT-MDSnap-Fr499/complex_0/rank25_confidence-5.13.sdf,-1.4696058823529412,1.2069588235294118,23.952782352941174,3
DiffDock,Orai1WT-MDSnap-Fr499,2abp-nh2-OPT,26,/home/manndo/master_dev/diffdock_results/2abp-nh2-OPT__Orai1WT-MDSnap-Fr499/complex_0/rank26_confidence-5.44.sdf,7.883923529411765,43.518005882352945,25.279264705882355,6
DiffDock,Orai1WT-MDSnap-Fr499,2abp-nh2-OPT,2,/home/manndo/master_dev/diffdock_results/2abp-nh2-OPT__Orai1WT-MDSnap-Fr499/complex_0/rank2_confidence-0.84.sdf,0.0553411764705882,4.450976470588237,-24.774729411764707,9
DiffDock,Orai1WT-MDSnap-Fr499,2abp-nh2-OPT,2,/home/manndo/master_dev/diffdock_results/2abp-nh2-OPT__Orai1WT-MDSnap-Fr499/complex_0/rank2_confidence-2.36.sdf,25.875858823529406,-9.90265882352941,7.518305882352941,0
DiffDock,Orai1WT-MDSnap-Fr499,2abp-nh2-OPT,3,/home/manndo/master_dev/diffdock_results/2abp-nh2-OPT__Orai1WT-MDSnap-Fr499/complex_0/rank3_confidence-0.93.sdf,-9.806264705882354,-20.902529411764707,-28.04362941176471,8
DiffDock,Orai1WT-MDSnap-Fr499,2abp-nh2-OPT,3,/home/manndo/master_dev/diffdock_results/2abp-nh2-OPT__Orai1WT-MDSnap-Fr499/complex_0/rank3_confidence-2.76.sdf,-17.454352941176467,17.299629411764705,25.02977647058824,4
DiffDock,Orai1WT-MDSnap-Fr499,2abp-nh2-OPT,4,/home/manndo/master_dev/diffdock_results/2abp-nh2-OPT__Orai1WT-MDSnap-Fr499/complex_0/rank4_confidence-1.10.sdf,24.65952941176471,19.561317647058825,8.256676470588236,0
DiffDock,Orai1WT-MDSnap-Fr499,2abp-nh2-OPT,4,/home/manndo/master_dev/diffdock_results/2abp-nh2-OPT__Orai1WT-MDSnap-Fr499/complex_0/rank4_confidence-3.22.sdf,23.277576470588233,-15.676147058823533,9.927758823529413,0
DiffDock,Orai1WT-MDSnap-Fr499,2abp-nh2-OPT,5,/home/manndo/master_dev/diffdock_results/2abp-nh2-OPT__Orai1WT-MDSnap-Fr499/complex_0/rank5_confidence-1.20.sdf,3.879441176470588,16.567964705882353,-27.299805882352942,1
DiffDock,Orai1WT-MDSnap-Fr499,2abp-nh2-OPT,5,/home/manndo/master_dev/diffdock_results/2abp-nh2-OPT__Orai1WT-MDSnap-Fr499/complex_0/rank5_confidence-3.53.sdf,-11.458752941176472,-6.736476470588236,-21.495217647058823,8
DiffDock,Orai1WT-MDSnap-Fr499,2abp-nh2-OPT,6,/home/manndo/master_dev/diffdock_results/2abp-nh2-OPT__Orai1WT-MDSnap-Fr499/complex_0/rank6_confidence-1.45.sdf,13.15665294117647,-3.4955823529411765,-29.58665294117647,7
DiffDock,Orai1WT-MDSnap-Fr499,2abp-nh2-OPT,6,/home/manndo/master_dev/diffdock_results/2abp-nh2-OPT__Orai1WT-MDSnap-Fr499/complex_0/rank6_confidence-4.11.sdf,20.981535294117645,-14.54684705882353,-16.971611764705884,7
DiffDock,Orai1WT-MDSnap-Fr499,2abp-nh2-OPT,7,/home/manndo/master_dev/diffdock_results/2abp-nh2-OPT__Orai1WT-MDSnap-Fr499/complex_0/rank7_confidence-1.51.sdf,0.8614588235294117,6.848058823529413,-23.413688235294124,9
DiffDock,Orai1WT-MDSnap-Fr499,2abp-nh2-OPT,7,/home/manndo/master_dev/diffdock_results/2abp-nh2-OPT__Orai1WT-MDSnap-Fr499/complex_0/rank7_confidence-5.82.sdf,-0.35027058823529417,4.773405882352941,-27.21268235294118,9
DiffDock,Orai1WT-MDSnap-Fr499,2abp-nh2-OPT,8,/home/manndo/master_dev/diffdock_results/2abp-nh2-OPT__Orai1WT-MDSnap-Fr499/complex_0/rank8_confidence-1.81.sdf,4.886523529411765,26.386670588235294,-32.46811764705882,1
DiffDock,Orai1WT-MDSnap-Fr499,2abp-nh2-OPT,9,/home/manndo/master_dev/diffdock_results/2abp-nh2-OPT__Orai1WT-MDSnap-Fr499/complex_0/rank9_confidence-1.92.sdf,22.900788235294115,23.411082352941175,5.702111764705883,0
DiffDock,Orai1WT-START-Fr0,2abp-nh2-OPT,1,/home/manndo/master_dev/diffdock_results/2abp-nh2-OPT__Orai1WT-START-Fr0/complex_0/rank1.sdf,-16.93688235294118,-5.865794117647057,-33.99186470588236,9
DiffDock,Orai1WT-START-Fr0,2abp-nh2-OPT,10,/home/manndo/master_dev/diffdock_results/2abp-nh2-OPT__Orai1WT-START-Fr0/complex_0/rank10_confidence-1.95.sdf,11.563870588235295,-6.85639411764706,-34.2397,6
DiffDock,Orai1WT-START-Fr0,2abp-nh2-OPT,11,/home/manndo/master_dev/diffdock_results/2abp-nh2-OPT__Orai1WT-START-Fr0/complex_0/rank11_confidence-2.09.sdf,18.665770588235294,-16.019982352941177,13.301082352941176,0
DiffDock,Orai1WT-START-Fr0,2abp-nh2-OPT,12,/home/manndo/master_dev/diffdock_results/2abp-nh2-OPT__Orai1WT-START-Fr0/complex_0/rank12_confidence-2.17.sdf,24.50605882352941,-19.20154705882353,32.16466470588235,0
DiffDock,Orai1WT-START-Fr0,2abp-nh2-OPT,13,/home/manndo/master_dev/diffdock_results/2abp-nh2-OPT__Orai1WT-START-Fr0/complex_0/rank13_confidence-2.49.sdf,-1.307294117647059,12.234176470588235,-34.382264705882356,1
DiffDock,Orai1WT-START-Fr0,2abp-nh2-OPT,14,/home/manndo/master_dev/diffdock_results/2abp-nh2-OPT__Orai1WT-START-Fr0/complex_0/rank14_confidence-2.58.sdf,11.87656470588235,-7.658794117647059,-28.91858235294118,6
DiffDock,Orai1WT-START-Fr0,2abp-nh2-OPT,15,/home/manndo/master_dev/diffdock_results/2abp-nh2-OPT__Orai1WT-START-Fr0/complex_0/rank15_confidence-2.61.sdf,0.8660294117647059,1.0406,-28.33248235294118,1
DiffDock,Orai1WT-START-Fr0,2abp-nh2-OPT,16,/home/manndo/master_dev/diffdock_results/2abp-nh2-OPT__Orai1WT-START-Fr0/complex_0/rank16_confidence-2.67.sdf,16.091882352941177,-20.78185294117647,-38.234852941176484,6
DiffDock,Orai1WT-START-Fr0,2abp-nh2-OPT,17,/home/manndo/master_dev/diffdock_results/2abp-nh2-OPT__Orai1WT-START-Fr0/complex_0/rank17_confidence-2.69.sdf,-0.6523411764705882,-1.6302529411764706,-29.513752941176467,1
DiffDock,Orai1WT-START-Fr0,2abp-nh2-OPT,18,/home/manndo/master_dev/diffdock_results/2abp-nh2-OPT__Orai1WT-START-Fr0/complex_0/rank18_confidence-2.71.sdf,29.842376470588228,-2.410364705882353,-16.277864705882354,0
DiffDock,Orai1WT-START-Fr0,2abp-nh2-OPT,19,/home/manndo/master_dev/diffdock_results/2abp-nh2-OPT__Orai1WT-START-Fr0/complex_0/rank19_confidence-3.06.sdf,22.398094117647055,-26.507276470588238,-28.551794117647063,6
DiffDock,Orai1WT-START-Fr0,2abp-nh2-OPT,1,/home/manndo/master_dev/diffdock_results/2abp-nh2-OPT__Orai1WT-START-Fr0/complex_0/rank1_confidence-0.65.sdf,-16.93688235294118,-5.865794117647057,-33.99186470588236,9
DiffDock,Orai1WT-START-Fr0,2abp-nh2-OPT,1,/home/manndo/master_dev/diffdock_results/2abp-nh2-OPT__Orai1WT-START-Fr0/complex_0/rank1_confidence-0.74.sdf,25.871129411764702,21.23355294117647,18.017629411764705,4
DiffDock,Orai1WT-START-Fr0,2abp-nh2-OPT,20,/home/manndo/master_dev/diffdock_results/2abp-nh2-OPT__Orai1WT-START-Fr0/complex_0/rank20_confidence-3.06.sdf,11.550558823529412,19.919405882352944,27.715741176470587,4
DiffDock,Orai1WT-START-Fr0,2abp-nh2-OPT,21,/home/manndo/master_dev/diffdock_results/2abp-nh2-OPT__Orai1WT-START-Fr0/complex_0/rank21_confidence-3.13.sdf,-18.912452941176472,18.915905882352945,-9.183399999999999,3
DiffDock,Orai1WT-START-Fr0,2abp-nh2-OPT,22,/home/manndo/master_dev/diffdock_results/2abp-nh2-OPT__Orai1WT-START-Fr0/complex_0/rank22_confidence-3.41.sdf,-3.488370588235294,3.333764705882353,33.05443529411764,2
DiffDock,Orai1WT-START-Fr0,2abp-nh2-OPT,23,/home/manndo/master_dev/diffdock_results/2abp-nh2-OPT__Orai1WT-START-Fr0/complex_0/rank23_confidence-3.55.sdf,3.4340823529411764,-2.5729411764705885,25.793217647058828,2
DiffDock,Orai1WT-START-Fr0,2abp-nh2-OPT,24,/home/manndo/master_dev/diffdock_results/2abp-nh2-OPT__Orai1WT-START-Fr0/complex_0/rank24_confidence-4.40.sdf,14.472711764705883,-31.189958823529402,2.517111764705883,0
DiffDock,Orai1WT-START-Fr0,2abp-nh2-OPT,25,/home/manndo/master_dev/diffdock_results/2abp-nh2-OPT__Orai1WT-START-Fr0/complex_0/rank25_confidence-4.56.sdf,9.793888235294117,7.808982352941177,-31.30816470588236,1
DiffDock,Orai1WT-START-Fr0,2abp-nh2-OPT,29,/home/manndo/master_dev/diffdock_results/2abp-nh2-OPT__Orai1WT-START-Fr0/complex_0/rank29_confidence-6.17.sdf,36.919841176470584,-2.792358823529412,-83.20771764705883,5
DiffDock,Orai1WT-START-Fr0,2abp-nh2-OPT,2,/home/manndo/master_dev/diffdock_results/2abp-nh2-OPT__Orai1WT-START-Fr0/complex_0/rank2_confidence-0.65.sdf,1.8225588235294117,30.508499999999998,-21.95725882352942,1
DiffDock,Orai1WT-START-Fr0,2abp-nh2-OPT,2,/home/manndo/master_dev/diffdock_results/2abp-nh2-OPT__Orai1WT-START-Fr0/complex_0/rank2_confidence-0.97.sdf,27.47724117647059,-7.7583529411764705,3.2815764705882353,0
DiffDock,Orai1WT-START-Fr0,2abp-nh2-OPT,3,/home/manndo/master_dev/diffdock_results/2abp-nh2-OPT__Orai1WT-START-Fr0/complex_0/rank3_confidence-0.90.sdf,-0.22215294117647075,1.3009588235294118,-28.72423529411765,1
DiffDock,Orai1WT-START-Fr0,2abp-nh2-OPT,3,/home/manndo/master_dev/diffdock_results/2abp-nh2-OPT__Orai1WT-START-Fr0/complex_0/rank3_confidence-1.27.sdf,7.1241,-10.885635294117648,-25.56135882352941,6
DiffDock,Orai1WT-START-Fr0,2abp-nh2-OPT,4,/home/manndo/master_dev/diffdock_results/2abp-nh2-OPT__Orai1WT-START-Fr0/complex_0/rank4_confidence-0.94.sdf,11.706911764705882,19.337500000000002,-31.659823529411764,1
DiffDock,Orai1WT-START-Fr0,2abp-nh2-OPT,4,/home/manndo/master_dev/diffdock_results/2abp-nh2-OPT__Orai1WT-START-Fr0/complex_0/rank4_confidence-1.54.sdf,-26.802029411764707,0.802323529411765,-25.580235294117646,9
DiffDock,Orai1WT-START-Fr0,2abp-nh2-OPT,5,/home/manndo/master_dev/diffdock_results/2abp-nh2-OPT__Orai1WT-START-Fr0/complex_0/rank5_confidence-1.37.sdf,4.783535294117647,25.75029411764706,15.80519411764706,4
DiffDock,Orai1WT-START-Fr0,2abp-nh2-OPT,5,/home/manndo/master_dev/diffdock_results/2abp-nh2-OPT__Orai1WT-START-Fr0/complex_0/rank5_confidence-2.35.sdf,12.475723529411765,19.458205882352942,26.08145294117647,4
DiffDock,Orai1WT-START-Fr0,2abp-nh2-OPT,6,/home/manndo/master_dev/diffdock_results/2abp-nh2-OPT__Orai1WT-START-Fr0/complex_0/rank6_confidence-1.52.sdf,-4.495117647058824,4.57519411764706,31.809670588235303,2
DiffDock,Orai1WT-START-Fr0,2abp-nh2-OPT,6,/home/manndo/master_dev/diffdock_results/2abp-nh2-OPT__Orai1WT-START-Fr0/complex_0/rank6_confidence-3.02.sdf,0.6449647058823529,0.4655882352941176,-25.97862352941177,1
DiffDock,Orai1WT-START-Fr0,2abp-nh2-OPT,7,/home/manndo/master_dev/diffdock_results/2abp-nh2-OPT__Orai1WT-START-Fr0/complex_0/rank7_confidence-1.80.sdf,1.7769588235294116,1.948070588235294,-32.68951764705882,1
DiffDock,Orai1WT-START-Fr0,2abp-nh2-OPT,7,/home/manndo/master_dev/diffdock_results/2abp-nh2-OPT__Orai1WT-START-Fr0/complex_0/rank7_confidence-3.04.sdf,3.7962705882352945,-4.572535294117649,28.247705882352943,2
DiffDock,Orai1WT-START-Fr0,2abp-nh2-OPT,8,/home/manndo/master_dev/diffdock_results/2abp-nh2-OPT__Orai1WT-START-Fr0/complex_0/rank8_confidence-1.89.sdf,6.966470588235293,25.225329411764704,30.683035294117644,4
DiffDock,Orai1WT-START-Fr0,2abp-nh2-OPT,8,/home/manndo/master_dev/diffdock_results/2abp-nh2-OPT__Orai1WT-START-Fr0/complex_0/rank8_confidence-4.94.sdf,0.8222705882352943,20.41805882352941,40.43838235294118,4
DiffDock,Orai1WT-START-Fr0,2abp-nh2-OPT,9,/home/manndo/master_dev/diffdock_results/2abp-nh2-OPT__Orai1WT-START-Fr0/complex_0/rank9_confidence-1.92.sdf,14.318170588235294,22.470176470588235,-25.20331764705882,1
DiffDock,Orai1WT-START-Fr0,2abp-nh2-OPT,9,/home/manndo/master_dev/diffdock_results/2abp-nh2-OPT__Orai1WT-START-Fr0/complex_0/rank9_confidence-6.00.sdf,-40.50865882352941,-38.94875882352941,57.16713529411765,7
DiffDock,Orai1WT-MDSnap-Fr300,2abp-nh3p-OPT,1,/home/manndo/master_dev/diffdock_results/2abp-nh3p-OPT__Orai1WT-MDSnap-Fr300/complex_0/rank1.sdf,-18.312158823529415,21.446876470588236,23.018600000000003,1
DiffDock,Orai1WT-MDSnap-Fr400,2abp-nh3p-OPT,1,/home/manndo/master_dev/diffdock_results/2abp-nh3p-OPT__Orai1WT-MDSnap-Fr400/complex_0/rank1.sdf,14.908970588235288,-3.8416823529411763,29.1802,0
DiffDock,Orai1WT-MDSnap-Fr400,2abp-nh3p-OPT,1,/home/manndo/master_dev/diffdock_results/2abp-nh3p-OPT__Orai1WT-MDSnap-Fr400/complex_0/rank1_confidence-1.37.sdf,17.011676470588238,13.143082352941173,40.51927647058823,0
DiffDock,Orai1WT-MDSnap-Fr400,2abp-nh3p-OPT,4,/home/manndo/master_dev/diffdock_results/2abp-nh3p-OPT__Orai1WT-MDSnap-Fr400/complex_0/rank4_confidence-2.55.sdf,11.720094117647058,17.043188235294117,14.55074117647059,0
DiffDock,Orai1WT-MDSnap-Fr400,2abp-nh3p-OPT,5,/home/manndo/master_dev/diffdock_results/2abp-nh3p-OPT__Orai1WT-MDSnap-Fr400/complex_0/rank5_confidence-2.75.sdf,5.795929411764706,-0.5880588235294117,37.74849999999999,0
DiffDock,Orai1WT-MDSnap-Fr499,2abp-nh3p-OPT,1,/home/manndo/master_dev/diffdock_results/2abp-nh3p-OPT__Orai1WT-MDSnap-Fr499/complex_0/rank1.sdf,11.030099999999997,-12.63654117647059,8.476170588235293,2
DiffDock,Orai1WT-MDSnap-Fr499,2abp-nh3p-OPT,1,/home/manndo/master_dev/diffdock_results/2abp-nh3p-OPT__Orai1WT-MDSnap-Fr499/complex_0/rank1_confidence-0.60.sdf,11.030099999999997,-12.63654117647059,8.476170588235293,2
DiffDock,Orai1WT-MDSnap-Fr499,2abp-nh3p-OPT,3,/home/manndo/master_dev/diffdock_results/2abp-nh3p-OPT__Orai1WT-MDSnap-Fr499/complex_0/rank3_confidence-1.52.sdf,25.965905882352942,14.189370588235294,12.7821,0
DiffDock,Orai1WT-MDSnap-Fr499,2abp-nh3p-OPT,7,/home/manndo/master_dev/diffdock_results/2abp-nh3p-OPT__Orai1WT-MDSnap-Fr499/complex_0/rank7_confidence-3.04.sdf,-3.2369411764705887,25.797547058823532,23.37225294117647,0
DiffDock,Orai1WT-MDSnap-Fr499,2abp-nh3p-OPT,8,/home/manndo/master_dev/diffdock_results/2abp-nh3p-OPT__Orai1WT-MDSnap-Fr499/complex_0/rank8_confidence-4.16.sdf,9.62904705882353,-17.24429411764706,19.19437058823529,2
DiffDock,Orai1WT-START-Fr0,2abp-nh3p-OPT,1,/home/manndo/master_dev/diffdock_results/2abp-nh3p-OPT__Orai1WT-START-Fr0/complex_0/rank1.sdf,-14.426582352941178,4.880964705882353,36.54011764705882,0
DiffDock,Orai1WT-START-Fr0,2abp-nh3p-OPT,1,/home/manndo/master_dev/diffdock_results/2abp-nh3p-OPT__Orai1WT-START-Fr0/complex_0/rank1_confidence-1.59.sdf,-22.624335294117643,-10.055617647058824,13.577258823529412,0
DiffDock,Orai1WT-START-Fr0,2abp-nh3p-OPT,2,/home/manndo/master_dev/diffdock_results/2abp-nh3p-OPT__Orai1WT-START-Fr0/complex_0/rank2_confidence-1.98.sdf,-8.148841176470588,-26.256129411764704,-15.325229411764704,2
DiffDock,Orai1WT-START-Fr0,2abp-nh3p-OPT,3,/home/manndo/master_dev/diffdock_results/2abp-nh3p-OPT__Orai1WT-START-Fr0/complex_0/rank3_confidence-2.41.sdf,2.5157117647058818,-2.175223529411765,27.23701764705882,0
DiffDock,Orai1WT-START-Fr0,2abp-nh3p-OPT,4,/home/manndo/master_dev/diffdock_results/2abp-nh3p-OPT__Orai1WT-START-Fr0/complex_0/rank4_confidence-2.44.sdf,-11.757747058823531,-9.496276470588233,29.041558823529414,0
DiffDock,Orai1WT-MDSnap-Fr300,Synta-66-OPT-Singlet,1,/home/manndo/master_dev/diffdock_results/Synta-66-OPT-Singlet__Orai1WT-MDSnap-Fr300/complex_0/rank1.sdf,28.07130769230769,8.425819230769232,-29.939111538461535,7
DiffDock,Orai1WT-MDSnap-Fr300,Synta-66-OPT-Singlet,10,/home/manndo/master_dev/diffdock_results/Synta-66-OPT-Singlet__Orai1WT-MDSnap-Fr300/complex_0/rank10_confidence-2.35.sdf,-13.538492307692307,16.391992307692306,26.759565384615385,3
DiffDock,Orai1WT-MDSnap-Fr300,Synta-66-OPT-Singlet,10,/home/manndo/master_dev/diffdock_results/Synta-66-OPT-Singlet__Orai1WT-MDSnap-Fr300/complex_0/rank10_confidence-4.85.sdf,0.16368076923076927,4.914096153846154,-18.13563846153846,6
DiffDock,Orai1WT-MDSnap-Fr300,Synta-66-OPT-Singlet,10,/home/manndo/master_dev/diffdock_results/Synta-66-OPT-Singlet__Orai1WT-MDSnap-Fr300/complex_0/rank10_confidence-6.20.sdf,1.5022230769230769,5.8643884615384625,-22.959826923076925,6
DiffDock,Orai1WT-MDSnap-Fr300,Synta-66-OPT-Singlet,11,/home/manndo/master_dev/diffdock_results/Synta-66-OPT-Singlet__Orai1WT-MDSnap-Fr300/complex_0/rank11_confidence-2.36.sdf,5.27125,13.87049230769231,-29.847792307692313,6
DiffDock,Orai1WT-MDSnap-Fr300,Synta-66-OPT-Singlet,12,/home/manndo/master_dev/diffdock_results/Synta-66-OPT-Singlet__Orai1WT-MDSnap-Fr300/complex_0/rank12_confidence-2.37.sdf,-9.3865,20.773515384615386,11.422342307692306,5
DiffDock,Orai1WT-MDSnap-Fr300,Synta-66-OPT-Singlet,13,/home/manndo/master_dev/diffdock_results/Synta-66-OPT-Singlet__Orai1WT-MDSnap-Fr300/complex_0/rank13_confidence-2.47.sdf,11.962930769230768,18.869630769230767,19.93976923076923,2
DiffDock,Orai1WT-MDSnap-Fr300,Synta-66-OPT-Singlet,14,/home/manndo/master_dev/diffdock_results/Synta-66-OPT-Singlet__Orai1WT-MDSnap-Fr300/complex_0/rank14_confidence-2.67.sdf,31.07831923076923,2.6353269230769234,-16.197400000000002,7
DiffDock,Orai1WT-MDSnap-Fr300,Synta-66-OPT-Singlet,15,/home/manndo/master_dev/diffdock_results/Synta-66-OPT-Singlet__Orai1WT-MDSnap-Fr300/complex_0/rank15_confidence-2.72.sdf,30.16468461538462,5.823480769230769,-17.129357692307693,7
DiffDock,Orai1WT-MDSnap-Fr300,Synta-66-OPT-Singlet,16,/home/manndo/master_dev/diffdock_results/Synta-66-OPT-Singlet__Orai1WT-MDSnap-Fr300/complex_0/rank16_confidence-2.75.sdf,-14.02,4.103346153846155,6.0781153846153835,1
DiffDock,Orai1WT-MDSnap-Fr300,Synta-66-OPT-Singlet,17,/home/manndo/master_dev/diffdock_results/Synta-66-OPT-Singlet__Orai1WT-MDSnap-Fr300/complex_0/rank17_confidence-2.83.sdf,-4.67476923076923,-11.108353846153847,11.10783076923077,1
DiffDock,Orai1WT-MDSnap-Fr300,Synta-66-OPT-Singlet,18,/home/manndo/master_dev/diffdock_results/Synta-66-OPT-Singlet__Orai1WT-MDSnap-Fr300/complex_0/rank18_confidence-3.10.sdf,18.461973076923073,-14.58476153846154,-20.500938461538457,8
DiffDock,Orai1WT-MDSnap-Fr300,Synta-66-OPT-Singlet,19,/home/manndo/master_dev/diffdock_results/Synta-66-OPT-Singlet__Orai1WT-MDSnap-Fr300/complex_0/rank19_confidence-3.18.sdf,-0.008365384615384617,5.156153846153846,24.84195769230769,3
DiffDock,Orai1WT-MDSnap-Fr300,Synta-66-OPT-Singlet,1,/home/manndo/master_dev/diffdock_results/Synta-66-OPT-Singlet__Orai1WT-MDSnap-Fr300/complex_0/rank1_confidence-0.48.sdf,28.07130769230769,8.425819230769232,-29.939111538461535,7
DiffDock,Orai1WT-MDSnap-Fr300,Synta-66-OPT-Singlet,1,/home/manndo/master_dev/diffdock_results/Synta-66-OPT-Singlet__Orai1WT-MDSnap-Fr300/complex_0/rank1_confidence-1.19.sdf,21.359338461538467,25.441634615384615,-24.635334615384618,0
DiffDock,Orai1WT-MDSnap-Fr300,Synta-66-OPT-Singlet,1,/home/manndo/master_dev/diffdock_results/Synta-66-OPT-Singlet__Orai1WT-MDSnap-Fr300/complex_0/rank1_confidence-1.35.sdf,-25.44393076923077,0.8808692307692303,-27.44415,4
DiffDock,Orai1WT-MDSnap-Fr300,Synta-66-OPT-Singlet,20,/home/manndo/master_dev/diffdock_results/Synta-66-OPT-Singlet__Orai1WT-MDSnap-Fr300/complex_0/rank20_confidence-3.22.sdf,-0.8018423076923077,4.267188461538462,-23.785203846153845,6
DiffDock,Orai1WT-MDSnap-Fr300,Synta-66-OPT-Singlet,21,/home/manndo/master_dev/diffdock_results/Synta-66-OPT-Singlet__Orai1WT-MDSnap-Fr300/complex_0/rank21_confidence-3.41.sdf,13.700484615384617,12.993261538461542,-25.203973076923084,6
DiffDock,Orai1WT-MDSnap-Fr300,Synta-66-OPT-Singlet,22,/home/manndo/master_dev/diffdock_results/Synta-66-OPT-Singlet__Orai1WT-MDSnap-Fr300/complex_0/rank22_confidence-3.96.sdf,8.840315384615383,17.53606153846154,8.49455769230769,2
DiffDock,Orai1WT-MDSnap-Fr300,Synta-66-OPT-Singlet,23,/home/manndo/master_dev/diffdock_results/Synta-66-OPT-Singlet__Orai1WT-MDSnap-Fr300/complex_0/rank23_confidence-4.01.sdf,1.245296153846154,5.609369230769229,26.577038461538457,3
DiffDock,Orai1WT-MDSnap-Fr300,Synta-66-OPT-Singlet,24,/home/manndo/master_dev/diffdock_results/Synta-66-OPT-Singlet__Orai1WT-MDSnap-Fr300/complex_0/rank24_confidence-4.70.sdf,-1.1921884615384615,5.281996153846153,-17.959411538461538,6
DiffDock,Orai1WT-MDSnap-Fr300,Synta-66-OPT-Singlet,25,/home/manndo/master_dev/diffdock_results/Synta-66-OPT-Singlet__Orai1WT-MDSnap-Fr300/complex_0/rank25_confidence-4.85.sdf,1.6900038461538462,4.971461538461539,-20.697653846153848,6
DiffDock,Orai1WT-MDSnap-Fr300,Synta-66-OPT-Singlet,26,/home/manndo/master_dev/diffdock_results/Synta-66-OPT-Singlet__Orai1WT-MDSnap-Fr300/complex_0/rank26_confidence-5.05.sdf,8.503153846153849,-13.039176923076923,14.516976923076923,9
DiffDock,Orai1WT-MDSnap-Fr300,Synta-66-OPT-Singlet,27,/home/manndo/master_dev/diffdock_results/Synta-66-OPT-Singlet__Orai1WT-MDSnap-Fr300/complex_0/rank27_confidence-5.28.sdf,-0.687976923076923,8.034500000000001,-22.45772307692308,6
DiffDock,Orai1WT-MDSnap-Fr300,Synta-66-OPT-Singlet,28,/home/manndo/master_dev/diffdock_results/Synta-66-OPT-Singlet__Orai1WT-MDSnap-Fr300/complex_0/rank28_confidence-5.37.sdf,1.6106846153846155,5.4881076923076915,-23.337111538461542,6
DiffDock,Orai1WT-MDSnap-Fr300,Synta-66-OPT-Singlet,2,/home/manndo/master_dev/diffdock_results/Synta-66-OPT-Singlet__Orai1WT-MDSnap-Fr300/complex_0/rank2_confidence-0.91.sdf,15.957453846153843,-14.225788461538464,16.871815384615385,9
DiffDock,Orai1WT-MDSnap-Fr300,Synta-66-OPT-Singlet,2,/home/manndo/master_dev/diffdock_results/Synta-66-OPT-Singlet__Orai1WT-MDSnap-Fr300/complex_0/rank2_confidence-1.77.sdf,23.718519230769235,-14.857634615384617,-17.131796153846153,8
DiffDock,Orai1WT-MDSnap-Fr300,Synta-66-OPT-Singlet,2,/home/manndo/master_dev/diffdock_results/Synta-66-OPT-Singlet__Orai1WT-MDSnap-Fr300/complex_0/rank2_confidence-1.98.sdf,29.666315384615384,3.00345,-15.995326923076924,7
DiffDock,Orai1WT-MDSnap-Fr300,Synta-66-OPT-Singlet,3,/home/manndo/master_dev/diffdock_results/Synta-66-OPT-Singlet__Orai1WT-MDSnap-Fr300/complex_0/rank3_confidence-1.27.sdf,1.7656807692307694,4.006565384615384,-15.715057692307692,6
DiffDock,Orai1WT-MDSnap-Fr300,Synta-66-OPT-Singlet,3,/home/manndo/master_dev/diffdock_results/Synta-66-OPT-Singlet__Orai1WT-MDSnap-Fr300/complex_0/rank3_confidence-1.77.sdf,23.092061538461532,-16.810557692307693,-19.318630769230772,8
DiffDock,Orai1WT-MDSnap-Fr300,Synta-66-OPT-Singlet,3,/home/manndo/master_dev/diffdock_results/Synta-66-OPT-Singlet__Orai1WT-MDSnap-Fr300/complex_0/rank3_confidence-2.07.sdf,15.858488461538464,-0.7945346153846155,-31.688384615384614,7
DiffDock,Orai1WT-MDSnap-Fr300,Synta-66-OPT-Singlet,4,/home/manndo/master_dev/diffdock_results/Synta-66-OPT-Singlet__Orai1WT-MDSnap-Fr300/complex_0/rank4_confidence-1.37.sdf,20.93295384615385,24.872484615384614,-17.636492307692308,0
DiffDock,Orai1WT-MDSnap-Fr300,Synta-66-OPT-Singlet,4,/home/manndo/master_dev/diffdock_results/Synta-66-OPT-Singlet__Orai1WT-MDSnap-Fr300/complex_0/rank4_confidence-1.89.sdf,18.70400384615385,25.861984615384618,-15.306680769230768,0
DiffDock,Orai1WT-MDSnap-Fr300,Synta-66-OPT-Singlet,4,/home/manndo/master_dev/diffdock_results/Synta-66-OPT-Singlet__Orai1WT-MDSnap-Fr300/complex_0/rank4_confidence-2.37.sdf,32.256165384615386,-5.6838500000000005,-16.327588461538465,8
DiffDock,Orai1WT-MDSnap-Fr300,Synta-66-OPT-Singlet,5,/home/manndo/master_dev/diffdock_results/Synta-66-OPT-Singlet__Orai1WT-MDSnap-Fr300/complex_0/rank5_confidence-1.56.sdf,28.90199230769231,-13.26557692307692,-17.84391153846154,8
DiffDock,Orai1WT-MDSnap-Fr300,Synta-66-OPT-Singlet,5,/home/manndo/master_dev/diffdock_results/Synta-66-OPT-Singlet__Orai1WT-MDSnap-Fr300/complex_0/rank5_confidence-1.89.sdf,21.916473076923076,-15.172080769230767,-29.536892307692305,8
DiffDock,Orai1WT-MDSnap-Fr300,Synta-66-OPT-Singlet,5,/home/manndo/master_dev/diffdock_results/Synta-66-OPT-Singlet__Orai1WT-MDSnap-Fr300/complex_0/rank5_confidence-2.69.sdf,11.711134615384614,28.84950769230769,-26.393557692307695,0
DiffDock,Orai1WT-MDSnap-Fr300,Synta-66-OPT-Singlet,6,/home/manndo/master_dev/diffdock_results/Synta-66-OPT-Singlet__Orai1WT-MDSnap-Fr300/complex_0/rank6_confidence-1.86.sdf,19.153457692307686,-18.82125769230769,-31.641792307692306,8
DiffDock,Orai1WT-MDSnap-Fr300,Synta-66-OPT-Singlet,6,/home/manndo/master_dev/diffdock_results/Synta-66-OPT-Singlet__Orai1WT-MDSnap-Fr300/complex_0/rank6_confidence-2.75.sdf,-0.8260615384615384,5.298019230769231,-16.503996153846153,6
DiffDock,Orai1WT-MDSnap-Fr300,Synta-66-OPT-Singlet,6,/home/manndo/master_dev/diffdock_results/Synta-66-OPT-Singlet__Orai1WT-MDSnap-Fr300/complex_0/rank6_confidence-3.15.sdf,30.240103846153843,-1.5634384615384613,4.062615384615383,2
DiffDock,Orai1WT-MDSnap-Fr300,Synta-66-OPT-Singlet,7,/home/manndo/master_dev/diffdock_results/Synta-66-OPT-Singlet__Orai1WT-MDSnap-Fr300/complex_0/rank7_confidence-2.04.sdf,1.1526807692307695,5.980846153846154,26.437103846153853,3
DiffDock,Orai1WT-MDSnap-Fr300,Synta-66-OPT-Singlet,7,/home/manndo/master_dev/diffdock_results/Synta-66-OPT-Singlet__Orai1WT-MDSnap-Fr300/complex_0/rank7_confidence-3.23.sdf,-1.6300192307692307,2.2241500000000003,-29.228288461538458,6
DiffDock,Orai1WT-MDSnap-Fr300,Synta-66-OPT-Singlet,7,/home/manndo/master_dev/diffdock_results/Synta-66-OPT-Singlet__Orai1WT-MDSnap-Fr300/complex_0/rank7_confidence-4.06.sdf,12.508007692307691,22.03993076923077,19.586684615384613,2
DiffDock,Orai1WT-MDSnap-Fr300,Synta-66-OPT-Singlet,8,/home/manndo/master_dev/diffdock_results/Synta-66-OPT-Singlet__Orai1WT-MDSnap-Fr300/complex_0/rank8_confidence-2.06.sdf,-23.43713461538461,-0.48811538461538456,-28.200746153846158,4
DiffDock,Orai1WT-MDSnap-Fr300,Synta-66-OPT-Singlet,8,/home/manndo/master_dev/diffdock_results/Synta-66-OPT-Singlet__Orai1WT-MDSnap-Fr300/complex_0/rank8_confidence-3.32.sdf,-12.005953846153846,21.385265384615384,10.413061538461536,5
DiffDock,Orai1WT-MDSnap-Fr300,Synta-66-OPT-Singlet,8,/home/manndo/master_dev/diffdock_results/Synta-66-OPT-Singlet__Orai1WT-MDSnap-Fr300/complex_0/rank8_confidence-4.16.sdf,0.6024846153846155,4.8815884615384615,-20.401392307692312,6
DiffDock,Orai1WT-MDSnap-Fr300,Synta-66-OPT-Singlet,9,/home/manndo/master_dev/diffdock_results/Synta-66-OPT-Singlet__Orai1WT-MDSnap-Fr300/complex_0/rank9_confidence-2.30.sdf,-0.14579615384615385,7.800073076923076,25.232192307692312,3
DiffDock,Orai1WT-MDSnap-Fr300,Synta-66-OPT-Singlet,9,/home/manndo/master_dev/diffdock_results/Synta-66-OPT-Singlet__Orai1WT-MDSnap-Fr300/complex_0/rank9_confidence-3.71.sdf,3.230676923076923,5.351384615384616,17.46939230769231,3
DiffDock,Orai1WT-MDSnap-Fr300,Synta-66-OPT-Singlet,9,/home/manndo/master_dev/diffdock_results/Synta-66-OPT-Singlet__Orai1WT-MDSnap-Fr300/complex_0/rank9_confidence-5.82.sdf,0.4908115384615383,5.25338076923077,-19.647138461538457,6
DiffDock,Orai1WT-MDSnap-Fr400,Synta-66-OPT-Singlet,1,/home/manndo/master_dev/diffdock_results/Synta-66-OPT-Singlet__Orai1WT-MDSnap-Fr400/complex_0/rank1.sdf,-1.9558615384615383,26.71660384615384,-21.608661538461533,4
DiffDock,Orai1WT-MDSnap-Fr400,Synta-66-OPT-Singlet,10,/home/manndo/master_dev/diffdock_results/Synta-66-OPT-Singlet__Orai1WT-MDSnap-Fr400/complex_0/rank10_confidence-2.36.sdf,-10.109457692307691,16.92751923076923,-28.27438461538462,4
DiffDock,Orai1WT-MDSnap-Fr400,Synta-66-OPT-Singlet,10,/home/manndo/master_dev/diffdock_results/Synta-66-OPT-Singlet__Orai1WT-MDSnap-Fr400/complex_0/rank10_confidence-4.61.sdf,0.5552230769230768,7.512211538461539,-21.00346923076923,2
DiffDock,Orai1WT-MDSnap-Fr400,Synta-66-OPT-Singlet,11,/home/manndo/master_dev/diffdock_results/Synta-66-OPT-Singlet__Orai1WT-MDSnap-Fr400/complex_0/rank11_confidence-2.43.sdf,17.191746153846154,-14.233607692307693,-23.0566,7
DiffDock,Orai1WT-MDSnap-Fr400,Synta-66-OPT-Singlet,12,/home/manndo/master_dev/diffdock_results/Synta-66-OPT-Singlet__Orai1WT-MDSnap-Fr400/complex_0/rank12_confidence-2.44.sdf,13.586280769230768,-18.26788846153846,-13.221438461538458,7
DiffDock,Orai1WT-MDSnap-Fr400,Synta-66-OPT-Singlet,13,/home/manndo/master_dev/diffdock_results/Synta-66-OPT-Singlet__Orai1WT-MDSnap-Fr400/complex_0/rank13_confidence-2.47.sdf,-28.389730769230773,2.2338192307692295,-19.692165384615386,0
DiffDock,Orai1WT-MDSnap-Fr400,Synta-66-OPT-Singlet,14,/home/manndo/master_dev/diffdock_results/Synta-66-OPT-Singlet__Orai1WT-MDSnap-Fr400/complex_0/rank14_confidence-2.62.sdf,0.26193461538461543,4.830988461538462,-14.088592307692302,2
DiffDock,Orai1WT-MDSnap-Fr400,Synta-66-OPT-Singlet,15,/home/manndo/master_dev/diffdock_results/Synta-66-OPT-Singlet__Orai1WT-MDSnap-Fr400/complex_0/rank15_confidence-2.93.sdf,2.164623076923077,10.633276923076924,32.54042307692308,1
DiffDock,Orai1WT-MDSnap-Fr400,Synta-66-OPT-Singlet,16,/home/manndo/master_dev/diffdock_results/Synta-66-OPT-Singlet__Orai1WT-MDSnap-Fr400/complex_0/rank16_confidence-2.95.sdf,-2.699596153846154,2.7623615384615383,18.862942307692308,1
DiffDock,Orai1WT-MDSnap-Fr400,Synta-66-OPT-Singlet,17,/home/manndo/master_dev/diffdock_results/Synta-66-OPT-Singlet__Orai1WT-MDSnap-Fr400/complex_0/rank17_confidence-3.01.sdf,18.973734615384615,-14.515484615384615,-25.920476923076926,7
DiffDock,Orai1WT-MDSnap-Fr400,Synta-66-OPT-Singlet,18,/home/manndo/master_dev/diffdock_results/Synta-66-OPT-Singlet__Orai1WT-MDSnap-Fr400/complex_0/rank18_confidence-3.02.sdf,-3.206876923076923,3.0205038461538463,18.68600384615385,1
DiffDock,Orai1WT-MDSnap-Fr400,Synta-66-OPT-Singlet,19,/home/manndo/master_dev/diffdock_results/Synta-66-OPT-Singlet__Orai1WT-MDSnap-Fr400/complex_0/rank19_confidence-3.03.sdf,-19.550873076923075,22.863496153846157,-25.235303846153844,4
DiffDock,Orai1WT-MDSnap-Fr400,Synta-66-OPT-Singlet,1,/home/manndo/master_dev/diffdock_results/Synta-66-OPT-Singlet__Orai1WT-MDSnap-Fr400/complex_0/rank1_confidence-0.62.sdf,-1.9558615384615383,26.71660384615384,-21.608661538461533,4
DiffDock,Orai1WT-MDSnap-Fr400,Synta-66-OPT-Singlet,1,/home/manndo/master_dev/diffdock_results/Synta-66-OPT-Singlet__Orai1WT-MDSnap-Fr400/complex_0/rank1_confidence-2.34.sdf,-0.9357846153846157,3.616411538461539,20.807699999999997,1
DiffDock,Orai1WT-MDSnap-Fr400,Synta-66-OPT-Singlet,20,/home/manndo/master_dev/diffdock_results/Synta-66-OPT-Singlet__Orai1WT-MDSnap-Fr400/complex_0/rank20_confidence-3.03.sdf,0.2582923076923071,5.268238461538461,23.273100000000003,1
DiffDock,Orai1WT-MDSnap-Fr400,Synta-66-OPT-Singlet,21,/home/manndo/master_dev/diffdock_results/Synta-66-OPT-Singlet__Orai1WT-MDSnap-Fr400/complex_0/rank21_confidence-3.06.sdf,0.540776923076923,4.993719230769231,-24.84664615384615,2
DiffDock,Orai1WT-MDSnap-Fr400,Synta-66-OPT-Singlet,22,/home/manndo/master_dev/diffdock_results/Synta-66-OPT-Singlet__Orai1WT-MDSnap-Fr400/complex_0/rank22_confidence-3.17.sdf,28.196200000000008,6.071996153846154,-29.589896153846155,3
DiffDock,Orai1WT-MDSnap-Fr400,Synta-66-OPT-Singlet,23,/home/manndo/master_dev/diffdock_results/Synta-66-OPT-Singlet__Orai1WT-MDSnap-Fr400/complex_0/rank23_confidence-3.39.sdf,1.2113115384615385,7.181203846153846,-20.14580769230769,2
DiffDock,Orai1WT-MDSnap-Fr400,Synta-66-OPT-Singlet,24,/home/manndo/master_dev/diffdock_results/Synta-66-OPT-Singlet__Orai1WT-MDSnap-Fr400/complex_0/rank24_confidence-3.53.sdf,0.1978307692307692,5.900157692307692,-18.96145384615385,2
DiffDock,Orai1WT-MDSnap-Fr400,Synta-66-OPT-Singlet,25,/home/manndo/master_dev/diffdock_results/Synta-66-OPT-Singlet__Orai1WT-MDSnap-Fr400/complex_0/rank25_confidence-3.60.sdf,-2.604130769230769,5.127230769230769,-9.48880769230769,2
DiffDock,Orai1WT-MDSnap-Fr400,Synta-66-OPT-Singlet,26,/home/manndo/master_dev/diffdock_results/Synta-66-OPT-Singlet__Orai1WT-MDSnap-Fr400/complex_0/rank26_confidence-3.94.sdf,0.5994923076923077,6.900803846153847,-20.862661538461534,2
DiffDock,Orai1WT-MDSnap-Fr400,Synta-66-OPT-Singlet,27,/home/manndo/master_dev/diffdock_results/Synta-66-OPT-Singlet__Orai1WT-MDSnap-Fr400/complex_0/rank27_confidence-4.44.sdf,1.556469230769231,3.330603846153846,27.832388461538464,1
DiffDock,Orai1WT-MDSnap-Fr400,Synta-66-OPT-Singlet,28,/home/manndo/master_dev/diffdock_results/Synta-66-OPT-Singlet__Orai1WT-MDSnap-Fr400/complex_0/rank28_confidence-4.66.sdf,-22.85518461538462,10.648126923076925,-30.88461923076923,0
DiffDock,Orai1WT-MDSnap-Fr400,Synta-66-OPT-Singlet,29,/home/manndo/master_dev/diffdock_results/Synta-66-OPT-Singlet__Orai1WT-MDSnap-Fr400/complex_0/rank29_confidence-5.65.sdf,-1.5600769230769234,6.021557692307692,-19.23212307692308,2
DiffDock,Orai1WT-MDSnap-Fr400,Synta-66-OPT-Singlet,2,/home/manndo/master_dev/diffdock_results/Synta-66-OPT-Singlet__Orai1WT-MDSnap-Fr400/complex_0/rank2_confidence-0.85.sdf,33.31010384615385,14.68165,-21.057488461538462,3
DiffDock,Orai1WT-MDSnap-Fr400,Synta-66-OPT-Singlet,2,/home/manndo/master_dev/diffdock_results/Synta-66-OPT-Singlet__Orai1WT-MDSnap-Fr400/complex_0/rank2_confidence-2.39.sdf,8.792684615384614,-25.044896153846153,-20.338157692307693,7
DiffDock,Orai1WT-MDSnap-Fr400,Synta-66-OPT-Singlet,30,/home/manndo/master_dev/diffdock_results/Synta-66-OPT-Singlet__Orai1WT-MDSnap-Fr400/complex_0/rank30_confidence-5.68.sdf,-4.700238461538462,3.8273961538461543,18.684219230769234,1
DiffDock,Orai1WT-MDSnap-Fr400,Synta-66-OPT-Singlet,3,/home/manndo/master_dev/diffdock_results/Synta-66-OPT-Singlet__Orai1WT-MDSnap-Fr400/complex_0/rank3_confidence-1.50.sdf,32.112049999999996,-4.904330769230769,-13.480207692307694,3
DiffDock,Orai1WT-MDSnap-Fr400,Synta-66-OPT-Singlet,3,/home/manndo/master_dev/diffdock_results/Synta-66-OPT-Singlet__Orai1WT-MDSnap-Fr400/complex_0/rank3_confidence-2.54.sdf,-5.054738461538462,5.08236923076923,26.56737307692308,1
DiffDock,Orai1WT-MDSnap-Fr400,Synta-66-OPT-Singlet,4,/home/manndo/master_dev/diffdock_results/Synta-66-OPT-Singlet__Orai1WT-MDSnap-Fr400/complex_0/rank4_confidence-1.58.sdf,33.34988076923077,13.827038461538462,-19.61790769230769,3
DiffDock,Orai1WT-MDSnap-Fr400,Synta-66-OPT-Singlet,4,/home/manndo/master_dev/diffdock_results/Synta-66-OPT-Singlet__Orai1WT-MDSnap-Fr400/complex_0/rank4_confidence-2.78.sdf,-0.31616153846153827,4.880230769230768,-22.362192307692307,2
DiffDock,Orai1WT-MDSnap-Fr400,Synta-66-OPT-Singlet,5,/home/manndo/master_dev/diffdock_results/Synta-66-OPT-Singlet__Orai1WT-MDSnap-Fr400/complex_0/rank5_confidence-1.82.sdf,-29.641119230769227,9.34449230769231,-19.86663076923077,0
DiffDock,Orai1WT-MDSnap-Fr400,Synta-66-OPT-Singlet,5,/home/manndo/master_dev/diffdock_results/Synta-66-OPT-Singlet__Orai1WT-MDSnap-Fr400/complex_0/rank5_confidence-2.86.sdf,-22.00870769230769,-16.584065384615386,-14.454573076923081,0
DiffDock,Orai1WT-MDSnap-Fr400,Synta-66-OPT-Singlet,6,/home/manndo/master_dev/diffdock_results/Synta-66-OPT-Singlet__Orai1WT-MDSnap-Fr400/complex_0/rank6_confidence-1.91.sdf,-1.5333423076923078,0.17330769230769238,26.52548461538462,1
DiffDock,Orai1WT-MDSnap-Fr400,Synta-66-OPT-Singlet,6,/home/manndo/master_dev/diffdock_results/Synta-66-OPT-Singlet__Orai1WT-MDSnap-Fr400/complex_0/rank6_confidence-3.54.sdf,1.5138615384615384,-0.3619807692307692,-23.305061538461537,2
DiffDock,Orai1WT-MDSnap-Fr400,Synta-66-OPT-Singlet,7,/home/manndo/master_dev/diffdock_results/Synta-66-OPT-Singlet__Orai1WT-MDSnap-Fr400/complex_0/rank7_confidence-1.97.sdf,1.1332538461538464,5.989284615384615,-19.44095769230769,2
DiffDock,Orai1WT-MDSnap-Fr400,Synta-66-OPT-Singlet,7,/home/manndo/master_dev/diffdock_results/Synta-66-OPT-Singlet__Orai1WT-MDSnap-Fr400/complex_0/rank7_confidence-3.55.sdf,-2.9716230769230765,7.365903846153846,27.048019230769224,1
DiffDock,Orai1WT-MDSnap-Fr400,Synta-66-OPT-Singlet,8,/home/manndo/master_dev/diffdock_results/Synta-66-OPT-Singlet__Orai1WT-MDSnap-Fr400/complex_0/rank8_confidence-2.02.sdf,10.974923076923078,28.995119230769223,-23.457334615384614,4
DiffDock,Orai1WT-MDSnap-Fr400,Synta-66-OPT-Singlet,8,/home/manndo/master_dev/diffdock_results/Synta-66-OPT-Singlet__Orai1WT-MDSnap-Fr400/complex_0/rank8_confidence-3.74.sdf,-9.677565384615386,-4.709834615384614,-26.313399999999998,0
DiffDock,Orai1WT-MDSnap-Fr400,Synta-66-OPT-Singlet,9,/home/manndo/master_dev/diffdock_results/Synta-66-OPT-Singlet__Orai1WT-MDSnap-Fr400/complex_0/rank9_confidence-2.32.sdf,10.577388461538463,-12.22705,9.110765384615386,5
DiffDock,Orai1WT-MDSnap-Fr400,Synta-66-OPT-Singlet,9,/home/manndo/master_dev/diffdock_results/Synta-66-OPT-Singlet__Orai1WT-MDSnap-Fr400/complex_0/rank9_confidence-3.96.sdf,-2.125946153846154,3.2159730769230768,22.964915384615384,1
DiffDock,Orai1WT-MDSnap-Fr499,Synta-66-OPT-Singlet,1,/home/manndo/master_dev/diffdock_results/Synta-66-OPT-Singlet__Orai1WT-MDSnap-Fr499/complex_0/rank1.sdf,0.16811153846153848,9.80198846153846,28.606061538461535,6
DiffDock,Orai1WT-MDSnap-Fr499,Synta-66-OPT-Singlet,10,/home/manndo/master_dev/diffdock_results/Synta-66-OPT-Singlet__Orai1WT-MDSnap-Fr499/complex_0/rank10_confidence-2.04.sdf,-27.140534615384617,-3.447523076923077,-23.937199999999997,5
DiffDock,Orai1WT-MDSnap-Fr499,Synta-66-OPT-Singlet,10,/home/manndo/master_dev/diffdock_results/Synta-66-OPT-Singlet__Orai1WT-MDSnap-Fr499/complex_0/rank10_confidence-4.80.sdf,-7.281688461538463,3.2710423076923076,22.225865384615382,6
DiffDock,Orai1WT-MDSnap-Fr499,Synta-66-OPT-Singlet,11,/home/manndo/master_dev/diffdock_results/Synta-66-OPT-Singlet__Orai1WT-MDSnap-Fr499/complex_0/rank11_confidence-2.11.sdf,11.25407307692308,16.767373076923075,13.671834615384615,1
DiffDock,Orai1WT-MDSnap-Fr499,Synta-66-OPT-Singlet,12,/home/manndo/master_dev/diffdock_results/Synta-66-OPT-Singlet__Orai1WT-MDSnap-Fr499/complex_0/rank12_confidence-2.36.sdf,17.69088846153846,8.27635,-30.43861538461539,2
DiffDock,Orai1WT-MDSnap-Fr499,Synta-66-OPT-Singlet,13,/home/manndo/master_dev/diffdock_results/Synta-66-OPT-Singlet__Orai1WT-MDSnap-Fr499/complex_0/rank13_confidence-2.43.sdf,18.645576923076927,-17.82792692307692,-16.427034615384613,4
DiffDock,Orai1WT-MDSnap-Fr499,Synta-66-OPT-Singlet,14,/home/manndo/master_dev/diffdock_results/Synta-66-OPT-Singlet__Orai1WT-MDSnap-Fr499/complex_0/rank14_confidence-2.52.sdf,-21.445853846153845,0.9624999999999997,10.36936923076923,8
DiffDock,Orai1WT-MDSnap-Fr499,Synta-66-OPT-Singlet,15,/home/manndo/master_dev/diffdock_results/Synta-66-OPT-Singlet__Orai1WT-MDSnap-Fr499/complex_0/rank15_confidence-2.73.sdf,-1.942142307692308,4.443476923076923,-26.837657692307687,7
DiffDock,Orai1WT-MDSnap-Fr499,Synta-66-OPT-Singlet,16,/home/manndo/master_dev/diffdock_results/Synta-66-OPT-Singlet__Orai1WT-MDSnap-Fr499/complex_0/rank16_confidence-2.88.sdf,13.940738461538464,17.688400000000005,23.50064230769231,1
DiffDock,Orai1WT-MDSnap-Fr499,Synta-66-OPT-Singlet,17,/home/manndo/master_dev/diffdock_results/Synta-66-OPT-Singlet__Orai1WT-MDSnap-Fr499/complex_0/rank17_confidence-3.08.sdf,11.051953846153847,25.881657692307684,-27.681384615384616,9
DiffDock,Orai1WT-MDSnap-Fr499,Synta-66-OPT-Singlet,18,/home/manndo/master_dev/diffdock_results/Synta-66-OPT-Singlet__Orai1WT-MDSnap-Fr499/complex_0/rank18_confidence-3.27.sdf,10.694007692307691,19.382561538461538,17.57326923076923,1
DiffDock,Orai1WT-MDSnap-Fr499,Synta-66-OPT-Singlet,19,/home/manndo/master_dev/diffdock_results/Synta-66-OPT-Singlet__Orai1WT-MDSnap-Fr499/complex_0/rank19_confidence-3.28.sdf,-7.766742307692306,5.405469230769231,29.029684615384614,6
DiffDock,Orai1WT-MDSnap-Fr499,Synta-66-OPT-Singlet,1,/home/manndo/master_dev/diffdock_results/Synta-66-OPT-Singlet__Orai1WT-MDSnap-Fr499/complex_0/rank1_confidence-0.89.sdf,0.16811153846153848,9.80198846153846,28.606061538461535,6
DiffDock,Orai1WT-MDSnap-Fr499,Synta-66-OPT-Singlet,1,/home/manndo/master_dev/diffdock_results/Synta-66-OPT-Singlet__Orai1WT-MDSnap-Fr499/complex_0/rank1_confidence-1.32.sdf,32.323899999999995,-6.205592307692308,-12.676457692307691,4
DiffDock,Orai1WT-MDSnap-Fr499,Synta-66-OPT-Singlet,20,/home/manndo/master_dev/diffdock_results/Synta-66-OPT-Singlet__Orai1WT-MDSnap-Fr499/complex_0/rank20_confidence-3.29.sdf,0.709326923076923,-11.785115384615384,13.328930769230768,0
DiffDock,Orai1WT-MDSnap-Fr499,Synta-66-OPT-Singlet,21,/home/manndo/master_dev/diffdock_results/Synta-66-OPT-Singlet__Orai1WT-MDSnap-Fr499/complex_0/rank21_confidence-3.35.sdf,0.9501884615384617,5.113546153846152,-25.35761923076923,7
DiffDock,Orai1WT-MDSnap-Fr499,Synta-66-OPT-Singlet,22,/home/manndo/master_dev/diffdock_results/Synta-66-OPT-Singlet__Orai1WT-MDSnap-Fr499/complex_0/rank22_confidence-3.39.sdf,23.90417307692308,13.132873076923074,38.77125,1
DiffDock,Orai1WT-MDSnap-Fr499,Synta-66-OPT-Singlet,23,/home/manndo/master_dev/diffdock_results/Synta-66-OPT-Singlet__Orai1WT-MDSnap-Fr499/complex_0/rank23_confidence-3.39.sdf,-1.1482538461538452,39.929788461538465,3.3030153846153847,3
DiffDock,Orai1WT-MDSnap-Fr499,Synta-66-OPT-Singlet,24,/home/manndo/master_dev/diffdock_results/Synta-66-OPT-Singlet__Orai1WT-MDSnap-Fr499/complex_0/rank24_confidence-3.72.sdf,-1.6535384615384616,6.940707692307693,20.630061538461536,6
DiffDock,Orai1WT-MDSnap-Fr499,Synta-66-OPT-Singlet,25,/home/manndo/master_dev/diffdock_results/Synta-66-OPT-Singlet__Orai1WT-MDSnap-Fr499/complex_0/rank25_confidence-4.60.sdf,-0.7641346153846154,5.472603846153846,-12.038642307692308,7
DiffDock,Orai1WT-MDSnap-Fr499,Synta-66-OPT-Singlet,26,/home/manndo/master_dev/diffdock_results/Synta-66-OPT-Singlet__Orai1WT-MDSnap-Fr499/complex_0/rank26_confidence-4.82.sdf,-2.881669230769231,4.587365384615385,26.401661538461536,6
DiffDock,Orai1WT-MDSnap-Fr499,Synta-66-OPT-Singlet,27,/home/manndo/master_dev/diffdock_results/Synta-66-OPT-Singlet__Orai1WT-MDSnap-Fr499/complex_0/rank27_confidence-5.06.sdf,-3.009080769230769,7.452942307692309,20.82796923076923,6
DiffDock,Orai1WT-MDSnap-Fr499,Synta-66-OPT-Singlet,28,/home/manndo/master_dev/diffdock_results/Synta-66-OPT-Singlet__Orai1WT-MDSnap-Fr499/complex_0/rank28_confidence-5.27.sdf,-2.4619192307692304,8.463826923076924,21.76967307692307,6
DiffDock,Orai1WT-MDSnap-Fr499,Synta-66-OPT-Singlet,2,/home/manndo/master_dev/diffdock_results/Synta-66-OPT-Singlet__Orai1WT-MDSnap-Fr499/complex_0/rank2_confidence-1.36.sdf,24.65068846153846,23.758719230769234,-17.867157692307696,2
DiffDock,Orai1WT-MDSnap-Fr499,Synta-66-OPT-Singlet,2,/home/manndo/master_dev/diffdock_results/Synta-66-OPT-Singlet__Orai1WT-MDSnap-Fr499/complex_0/rank2_confidence-1.62.sdf,6.330407692307692,17.865180769230772,-32.71479615384616,9
DiffDock,Orai1WT-MDSnap-Fr499,Synta-66-OPT-Singlet,30,/home/manndo/master_dev/diffdock_results/Synta-66-OPT-Singlet__Orai1WT-MDSnap-Fr499/complex_0/rank30_confidence-5.78.sdf,-0.8495076923076924,6.878476923076921,-20.005565384615384,7
DiffDock,Orai1WT-MDSnap-Fr499,Synta-66-OPT-Singlet,3,/home/manndo/master_dev/diffdock_results/Synta-66-OPT-Singlet__Orai1WT-MDSnap-Fr499/complex_0/rank3_confidence-1.37.sdf,31.618511538461537,-6.863703846153846,-17.449842307692307,4
DiffDock,Orai1WT-MDSnap-Fr499,Synta-66-OPT-Singlet,3,/home/manndo/master_dev/diffdock_results/Synta-66-OPT-Singlet__Orai1WT-MDSnap-Fr499/complex_0/rank3_confidence-1.80.sdf,-2.7108,7.6503115384615406,24.384576923076924,6
DiffDock,Orai1WT-MDSnap-Fr499,Synta-66-OPT-Singlet,4,/home/manndo/master_dev/diffdock_results/Synta-66-OPT-Singlet__Orai1WT-MDSnap-Fr499/complex_0/rank4_confidence-1.67.sdf,13.009080769230772,-13.443749999999996,11.16610769230769,0
DiffDock,Orai1WT-MDSnap-Fr499,Synta-66-OPT-Singlet,4,/home/manndo/master_dev/diffdock_results/Synta-66-OPT-Singlet__Orai1WT-MDSnap-Fr499/complex_0/rank4_confidence-1.87.sdf,3.4430192307692304,-2.1452115384615387,-28.38434999999999,7
DiffDock,Orai1WT-MDSnap-Fr499,Synta-66-OPT-Singlet,5,/home/manndo/master_dev/diffdock_results/Synta-66-OPT-Singlet__Orai1WT-MDSnap-Fr499/complex_0/rank5_confidence-1.82.sdf,-27.207150000000006,3.2143192307692305,-8.655684615384613,5
DiffDock,Orai1WT-MDSnap-Fr499,Synta-66-OPT-Singlet,5,/home/manndo/master_dev/diffdock_results/Synta-66-OPT-Singlet__Orai1WT-MDSnap-Fr499/complex_0/rank5_confidence-2.35.sdf,16.979676923076923,8.511169230769232,-31.28846153846154,2
DiffDock,Orai1WT-MDSnap-Fr499,Synta-66-OPT-Singlet,6,/home/manndo/master_dev/diffdock_results/Synta-66-OPT-Singlet__Orai1WT-MDSnap-Fr499/complex_0/rank6_confidence-1.90.sdf,20.849253846153847,-15.179323076923081,-27.226630769230763,4
DiffDock,Orai1WT-MDSnap-Fr499,Synta-66-OPT-Singlet,6,/home/manndo/master_dev/diffdock_results/Synta-66-OPT-Singlet__Orai1WT-MDSnap-Fr499/complex_0/rank6_confidence-2.84.sdf,-9.649996153846153,13.67811923076923,28.418926923076917,6
DiffDock,Orai1WT-MDSnap-Fr499,Synta-66-OPT-Singlet,7,/home/manndo/master_dev/diffdock_results/Synta-66-OPT-Singlet__Orai1WT-MDSnap-Fr499/complex_0/rank7_confidence-1.91.sdf,-0.16162692307692308,4.103588461538462,26.70186923076923,6
DiffDock,Orai1WT-MDSnap-Fr499,Synta-66-OPT-Singlet,7,/home/manndo/master_dev/diffdock_results/Synta-66-OPT-Singlet__Orai1WT-MDSnap-Fr499/complex_0/rank7_confidence-3.28.sdf,-4.4394307692307695,10.637938461538463,27.10968076923077,6
DiffDock,Orai1WT-MDSnap-Fr499,Synta-66-OPT-Singlet,8,/home/manndo/master_dev/diffdock_results/Synta-66-OPT-Singlet__Orai1WT-MDSnap-Fr499/complex_0/rank8_confidence-1.97.sdf,-1.896523076923077,7.797599999999999,25.930669230769233,6
DiffDock,Orai1WT-MDSnap-Fr499,Synta-66-OPT-Singlet,8,/home/manndo/master_dev/diffdock_results/Synta-66-OPT-Singlet__Orai1WT-MDSnap-Fr499/complex_0/rank8_confidence-3.40.sdf,18.031246153846148,-15.142107692307693,-22.816538461538464,4
DiffDock,Orai1WT-MDSnap-Fr499,Synta-66-OPT-Singlet,9,/home/manndo/master_dev/diffdock_results/Synta-66-OPT-Singlet__Orai1WT-MDSnap-Fr499/complex_0/rank9_confidence-1.98.sdf,18.99955384615384,-18.237769230769235,-25.34726538461538,4
DiffDock,Orai1WT-MDSnap-Fr499,Synta-66-OPT-Singlet,9,/home/manndo/master_dev/diffdock_results/Synta-66-OPT-Singlet__Orai1WT-MDSnap-Fr499/complex_0/rank9_confidence-3.80.sdf,0.6679076923076923,3.0216884615384627,-22.497392307692312,7
DiffDock,Orai1WT-START-Fr0,Synta-66-OPT-Singlet,1,/home/manndo/master_dev/diffdock_results/Synta-66-OPT-Singlet__Orai1WT-START-Fr0/complex_0/rank1.sdf,-12.500523076923072,1.4172230769230771,-27.836261538461542,1
DiffDock,Orai1WT-START-Fr0,Synta-66-OPT-Singlet,10,/home/manndo/master_dev/diffdock_results/Synta-66-OPT-Singlet__Orai1WT-START-Fr0/complex_0/rank10_confidence-2.39.sdf,-19.324434615384614,13.166461538461537,-34.07504615384616,1
DiffDock,Orai1WT-START-Fr0,Synta-66-OPT-Singlet,10,/home/manndo/master_dev/diffdock_results/Synta-66-OPT-Singlet__Orai1WT-START-Fr0/complex_0/rank10_confidence-5.54.sdf,-73.88012692307692,2.0720961538461538,-4.002661538461539,0
DiffDock,Orai1WT-START-Fr0,Synta-66-OPT-Singlet,11,/home/manndo/master_dev/diffdock_results/Synta-66-OPT-Singlet__Orai1WT-START-Fr0/complex_0/rank11_confidence-2.59.sdf,14.266346153846152,5.0245,-29.89573076923077,1
DiffDock,Orai1WT-START-Fr0,Synta-66-OPT-Singlet,12,/home/manndo/master_dev/diffdock_results/Synta-66-OPT-Singlet__Orai1WT-START-Fr0/complex_0/rank12_confidence-2.82.sdf,-8.881134615384614,-16.31003846153846,-34.447896153846166,1
DiffDock,Orai1WT-START-Fr0,Synta-66-OPT-Singlet,13,/home/manndo/master_dev/diffdock_results/Synta-66-OPT-Singlet__Orai1WT-START-Fr0/complex_0/rank13_confidence-2.83.sdf,-17.069265384615385,-23.84595,-22.09358076923077,1
DiffDock,Orai1WT-START-Fr0,Synta-66-OPT-Singlet,14,/home/manndo/master_dev/diffdock_results/Synta-66-OPT-Singlet__Orai1WT-START-Fr0/complex_0/rank14_confidence-2.91.sdf,-4.784488461538462,-20.100069230769233,-31.469665384615382,1
DiffDock,Orai1WT-START-Fr0,Synta-66-OPT-Singlet,15,/home/manndo/master_dev/diffdock_results/Synta-66-OPT-Singlet__Orai1WT-START-Fr0/complex_0/rank15_confidence-2.97.sdf,-0.15781538461538466,11.40576923076923,-33.27515384615385,1
DiffDock,Orai1WT-START-Fr0,Synta-66-OPT-Singlet,16,/home/manndo/master_dev/diffdock_results/Synta-66-OPT-Singlet__Orai1WT-START-Fr0/complex_0/rank16_confidence-3.18.sdf,10.883096153846157,10.389588461538462,-30.272592307692303,1
DiffDock,Orai1WT-START-Fr0,Synta-66-OPT-Singlet,17,/home/manndo/master_dev/diffdock_results/Synta-66-OPT-Singlet__Orai1WT-START-Fr0/complex_0/rank17_confidence-3.19.sdf,11.330576923076924,7.577003846153845,-30.824730769230772,1
DiffDock,Orai1WT-START-Fr0,Synta-66-OPT-Singlet,18,/home/manndo/master_dev/diffdock_results/Synta-66-OPT-Singlet__Orai1WT-START-Fr0/complex_0/rank18_confidence-3.25.sdf,-2.9250038461538463,-0.6553192307692306,25.652307692307694,0
DiffDock,Orai1WT-START-Fr0,Synta-66-OPT-Singlet,19,/home/manndo/master_dev/diffdock_results/Synta-66-OPT-Singlet__Orai1WT-START-Fr0/complex_0/rank19_confidence-3.65.sdf,17.591730769230768,-0.5837384615384613,-32.779473076923075,1
DiffDock,Orai1WT-START-Fr0,Synta-66-OPT-Singlet,1,/home/manndo/master_dev/diffdock_results/Synta-66-OPT-Singlet__Orai1WT-START-Fr0/complex_0/rank1_confidence-1.23.sdf,-12.500523076923072,1.4172230769230771,-27.836261538461542,1
DiffDock,Orai1WT-START-Fr0,Synta-66-OPT-Singlet,1,/home/manndo/master_dev/diffdock_results/Synta-66-OPT-Singlet__Orai1WT-START-Fr0/complex_0/rank1_confidence-2.05.sdf,2.663119230769231,-4.228834615384615,28.70440384615385,0
DiffDock,Orai1WT-START-Fr0,Synta-66-OPT-Singlet,20,/home/manndo/master_dev/diffdock_results/Synta-66-OPT-Singlet__Orai1WT-START-Fr0/complex_0/rank20_confidence-3.66.sdf,-0.8374615384615385,2.6597461538461533,25.888630769230776,0
DiffDock,Orai1WT-START-Fr0,Synta-66-OPT-Singlet,21,/home/manndo/master_dev/diffdock_results/Synta-66-OPT-Singlet__Orai1WT-START-Fr0/complex_0/rank21_confidence-3.73.sdf,1.0556038461538466,0.05500000000000002,30.12443461538461,0
DiffDock,Orai1WT-START-Fr0,Synta-66-OPT-Singlet,22,/home/manndo/master_dev/diffdock_results/Synta-66-OPT-Singlet__Orai1WT-START-Fr0/complex_0/rank22_confidence-3.75.sdf,-0.14214230769230773,-2.770519230769231,21.550215384615377,0
DiffDock,Orai1WT-START-Fr0,Synta-66-OPT-Singlet,23,/home/manndo/master_dev/diffdock_results/Synta-66-OPT-Singlet__Orai1WT-START-Fr0/complex_0/rank23_confidence-3.90.sdf,12.83335,-3.1527230769230767,-30.800296153846155,1
DiffDock,Orai1WT-START-Fr0,Synta-66-OPT-Singlet,24,/home/manndo/master_dev/diffdock_results/Synta-66-OPT-Singlet__Orai1WT-START-Fr0/complex_0/rank24_confidence-4.19.sdf,0.37895769230769233,0.3774153846153847,25.732542307692306,0
DiffDock,Orai1WT-START-Fr0,Synta-66-OPT-Singlet,25,/home/manndo/master_dev/diffdock_results/Synta-66-OPT-Singlet__Orai1WT-START-Fr0/complex_0/rank25_confidence-4.24.sdf,-7.943350000000001,-2.479103846153846,-35.35118846153846,1
DiffDock,Orai1WT-START-Fr0,Synta-66-OPT-Singlet,26,/home/manndo/master_dev/diffdock_results/Synta-66-OPT-Singlet__Orai1WT-START-Fr0/complex_0/rank26_confidence-4.29.sdf,-0.5699038461538461,2.2684076923076923,24.957742307692307,0
DiffDock,Orai1WT-START-Fr0,Synta-66-OPT-Singlet,27,/home/manndo/master_dev/diffdock_results/Synta-66-OPT-Singlet__Orai1WT-START-Fr0/complex_0/rank27_confidence-4.80.sdf,4.748607692307692,-3.771384615384616,29.007176923076926,0
DiffDock,Orai1WT-START-Fr0,Synta-66-OPT-Singlet,28,/home/manndo/master_dev/diffdock_results/Synta-66-OPT-Singlet__Orai1WT-START-Fr0/complex_0/rank28_confidence-4.85.sdf,-0.6858576923076923,18.165553846153845,-34.131846153846155,1
DiffDock,Orai1WT-START-Fr0,Synta-66-OPT-Singlet,29,/home/manndo/master_dev/diffdock_results/Synta-66-OPT-Singlet__Orai1WT-START-Fr0/complex_0/rank29_confidence-5.23.sdf,0.627442307692308,1.7556846153846153,25.368430769230773,0
DiffDock,Orai1WT-START-Fr0,Synta-66-OPT-Singlet,2,/home/manndo/master_dev/diffdock_results/Synta-66-OPT-Singlet__Orai1WT-START-Fr0/complex_0/rank2_confidence-1.41.sdf,-2.9540307692307697,28.175434615384617,5.390442307692307,0
DiffDock,Orai1WT-START-Fr0,Synta-66-OPT-Singlet,2,/home/manndo/master_dev/diffdock_results/Synta-66-OPT-Singlet__Orai1WT-START-Fr0/complex_0/rank2_confidence-2.14.sdf,1.4027115384615385,-7.36745,-35.216449999999995,1
DiffDock,Orai1WT-START-Fr0,Synta-66-OPT-Singlet,30,/home/manndo/master_dev/diffdock_results/Synta-66-OPT-Singlet__Orai1WT-START-Fr0/complex_0/rank30_confidence-5.51.sdf,-0.06692692307692347,-2.048657692307692,29.532615384615386,0
DiffDock,Orai1WT-START-Fr0,Synta-66-OPT-Singlet,3,/home/manndo/master_dev/diffdock_results/Synta-66-OPT-Singlet__Orai1WT-START-Fr0/complex_0/rank3_confidence-1.52.sdf,12.94922307692308,22.214584615384616,-29.767457692307687,1
DiffDock,Orai1WT-START-Fr0,Synta-66-OPT-Singlet,3,/home/manndo/master_dev/diffdock_results/Synta-66-OPT-Singlet__Orai1WT-START-Fr0/complex_0/rank3_confidence-2.31.sdf,25.32769615384615,-14.413376923076923,7.653307692307691,0
DiffDock,Orai1WT-START-Fr0,Synta-66-OPT-Singlet,4,/home/manndo/master_dev/diffdock_results/Synta-66-OPT-Singlet__Orai1WT-START-Fr0/complex_0/rank4_confidence-1.72.sdf,-0.21091538461538464,0.21611153846153844,-22.94387692307692,1
DiffDock,Orai1WT-START-Fr0,Synta-66-OPT-Singlet,4,/home/manndo/master_dev/diffdock_results/Synta-66-OPT-Singlet__Orai1WT-START-Fr0/complex_0/rank4_confidence-2.44.sdf,-11.853446153846157,13.797396153846156,-32.356915384615384,1
DiffDock,Orai1WT-START-Fr0,Synta-66-OPT-Singlet,5,/home/manndo/master_dev/diffdock_results/Synta-66-OPT-Singlet__Orai1WT-START-Fr0/complex_0/rank5_confidence-1.75.sdf,-1.4915769230769231,0.17373076923076922,-29.53606153846154,1
DiffDock,Orai1WT-START-Fr0,Synta-66-OPT-Singlet,5,/home/manndo/master_dev/diffdock_results/Synta-66-OPT-Singlet__Orai1WT-START-Fr0/complex_0/rank5_confidence-2.75.sdf,12.076684615384615,-10.944196153846153,-28.844138461538456,1
DiffDock,Orai1WT-START-Fr0,Synta-66-OPT-Singlet,6,/home/manndo/master_dev/diffdock_results/Synta-66-OPT-Singlet__Orai1WT-START-Fr0/complex_0/rank6_confidence-1.90.sdf,-0.4869576923076923,0.7646653846153846,21.282061538461537,0
DiffDock,Orai1WT-START-Fr0,Synta-66-OPT-Singlet,6,/home/manndo/master_dev/diffdock_results/Synta-66-OPT-Singlet__Orai1WT-START-Fr0/complex_0/rank6_confidence-3.13.sdf,-5.498800000000001,-19.239842307692307,-32.31698076923077,1
DiffDock,Orai1WT-START-Fr0,Synta-66-OPT-Singlet,7,/home/manndo/master_dev/diffdock_results/Synta-66-OPT-Singlet__Orai1WT-START-Fr0/complex_0/rank7_confidence-1.98.sdf,1.0620923076923074,0.18621153846153848,-25.158576923076925,1
DiffDock,Orai1WT-START-Fr0,Synta-66-OPT-Singlet,7,/home/manndo/master_dev/diffdock_results/Synta-66-OPT-Singlet__Orai1WT-START-Fr0/complex_0/rank7_confidence-4.02.sdf,-1.3914538461538462,2.0796730769230765,25.78293461538461,0
DiffDock,Orai1WT-START-Fr0,Synta-66-OPT-Singlet,8,/home/manndo/master_dev/diffdock_results/Synta-66-OPT-Singlet__Orai1WT-START-Fr0/complex_0/rank8_confidence-2.27.sdf,2.1847807692307692,2.367992307692308,-29.843896153846153,1
DiffDock,Orai1WT-START-Fr0,Synta-66-OPT-Singlet,8,/home/manndo/master_dev/diffdock_results/Synta-66-OPT-Singlet__Orai1WT-START-Fr0/complex_0/rank8_confidence-4.55.sdf,-1.6084884615384616,-15.17695384615385,-30.013380769230768,1
DiffDock,Orai1WT-START-Fr0,Synta-66-OPT-Singlet,9,/home/manndo/master_dev/diffdock_results/Synta-66-OPT-Singlet__Orai1WT-START-Fr0/complex_0/rank9_confidence-2.32.sdf,1.5626769230769229,3.5817307692307687,26.789007692307692,0
DiffDock,Orai1WT-START-Fr0,Synta-66-OPT-Singlet,9,/home/manndo/master_dev/diffdock_results/Synta-66-OPT-Singlet__Orai1WT-START-Fr0/complex_0/rank9_confidence-4.75.sdf,-11.388707692307694,-6.488623076923077,-30.769265384615384,1
DiffDock,Orai1WT-MDSnap-Fr300,gsk7975a-deprot-OPT,1,/home/manndo/master_dev/diffdock_results/gsk7975a-deprot-OPT__Orai1WT-MDSnap-Fr300/complex_0/rank1.sdf,9.07884642857143,21.299125,-33.219435714285716,0
DiffDock,Orai1WT-MDSnap-Fr300,gsk7975a-deprot-OPT,14,/home/manndo/master_dev/diffdock_results/gsk7975a-deprot-OPT__Orai1WT-MDSnap-Fr300/complex_0/rank14_confidence-2.83.sdf,16.140410714285714,6.216532142857145,-25.180207142857142,0
DiffDock,Orai1WT-MDSnap-Fr300,gsk7975a-deprot-OPT,29,/home/manndo/master_dev/diffdock_results/gsk7975a-deprot-OPT__Orai1WT-MDSnap-Fr300/complex_0/rank29_confidence-5.02.sdf,13.155721428571427,15.56495714285715,18.669675,2
DiffDock,Orai1WT-MDSnap-Fr300,gsk7975a-deprot-OPT,3,/home/manndo/master_dev/diffdock_results/gsk7975a-deprot-OPT__Orai1WT-MDSnap-Fr300/complex_0/rank3_confidence-1.69.sdf,18.730542857142858,-16.042414285714283,-24.320200000000007,0
DiffDock,Orai1WT-MDSnap-Fr300,gsk7975a-deprot-OPT,9,/home/manndo/master_dev/diffdock_results/gsk7975a-deprot-OPT__Orai1WT-MDSnap-Fr300/complex_0/rank9_confidence-4.15.sdf,7.127617857142857,16.013832142857144,-41.68589285714286,0
DiffDock,Orai1WT-MDSnap-Fr400,gsk7975a-deprot-OPT,1,/home/manndo/master_dev/diffdock_results/gsk7975a-deprot-OPT__Orai1WT-MDSnap-Fr400/complex_0/rank1.sdf,9.237196428571428,26.201249999999995,-29.70553571428571,0
DiffDock,Orai1WT-MDSnap-Fr400,gsk7975a-deprot-OPT,10,/home/manndo/master_dev/diffdock_results/gsk7975a-deprot-OPT__Orai1WT-MDSnap-Fr400/complex_0/rank10_confidence-2.54.sdf,-27.215307142857142,11.403228571428569,-25.516496428571433,0
DiffDock,Orai1WT-MDSnap-Fr400,gsk7975a-deprot-OPT,2,/home/manndo/master_dev/diffdock_results/gsk7975a-deprot-OPT__Orai1WT-MDSnap-Fr400/complex_0/rank2_confidence-1.77.sdf,-2.9599142857142864,9.132664285714286,29.023689285714287,1
DiffDock,Orai1WT-MDSnap-Fr400,gsk7975a-deprot-OPT,6,/home/manndo/master_dev/diffdock_results/gsk7975a-deprot-OPT__Orai1WT-MDSnap-Fr400/complex_0/rank6_confidence-3.22.sdf,6.0824857142857125,-5.7754392857142856,-30.943342857142856,0
DiffDock,Orai1WT-MDSnap-Fr499,gsk7975a-deprot-OPT,1,/home/manndo/master_dev/diffdock_results/gsk7975a-deprot-OPT__Orai1WT-MDSnap-Fr499/complex_0/rank1.sdf,9.997132142857142,19.339357142857146,-37.545032142857146,2
DiffDock,Orai1WT-MDSnap-Fr499,gsk7975a-deprot-OPT,18,/home/manndo/master_dev/diffdock_results/gsk7975a-deprot-OPT__Orai1WT-MDSnap-Fr499/complex_0/rank18_confidence-4.02.sdf,-0.2821928571428572,5.1339000000000015,-24.016710714285715,0
DiffDock,Orai1WT-MDSnap-Fr499,gsk7975a-deprot-OPT,9,/home/manndo/master_dev/diffdock_results/gsk7975a-deprot-OPT__Orai1WT-MDSnap-Fr499/complex_0/rank9_confidence-2.56.sdf,1.872217857142857,2.6735892857142853,-27.419439285714294,0
DiffDock,Orai1WT-START-Fr0,gsk7975a-deprot-OPT,1,/home/manndo/master_dev/diffdock_results/gsk7975a-deprot-OPT__Orai1WT-START-Fr0/complex_0/rank1.sdf,25.886360714285722,0.12353214285714291,-28.812360714285713,0
DiffDock,Orai1WT-START-Fr0,gsk7975a-deprot-OPT,16,/home/manndo/master_dev/diffdock_results/gsk7975a-deprot-OPT__Orai1WT-START-Fr0/complex_0/rank16_confidence-3.23.sdf,13.338296428571429,7.491250000000002,-32.377771428571435,0
DiffDock,Orai1WT-START-Fr0,gsk7975a-deprot-OPT,5,/home/manndo/master_dev/diffdock_results/gsk7975a-deprot-OPT__Orai1WT-START-Fr0/complex_0/rank5_confidence-2.21.sdf,17.04305357142857,-0.15632142857142908,-32.715471428571426,0
DiffDock,Orai1WT-MDSnap-Fr300,gsk7975a-prot-OPT,1,/home/manndo/master_dev/diffdock_results/gsk7975a-prot-OPT__Orai1WT-MDSnap-Fr300/complex_0/rank1.sdf,-23.68854642857143,9.161521428571431,-31.07655357142857,2
DiffDock,Orai1WT-MDSnap-Fr300,gsk7975a-prot-OPT,10,/home/manndo/master_dev/diffdock_results/gsk7975a-prot-OPT__Orai1WT-MDSnap-Fr300/complex_0/rank10_confidence-2.99.sdf,13.989821428571428,26.267778571428572,-27.992896428571434,1
DiffDock,Orai1WT-MDSnap-Fr300,gsk7975a-prot-OPT,10,/home/manndo/master_dev/diffdock_results/gsk7975a-prot-OPT__Orai1WT-MDSnap-Fr300/complex_0/rank10_confidence-4.74.sdf,52.840314285714285,18.179892857142857,-14.625292857142856,6
DiffDock,Orai1WT-MDSnap-Fr300,gsk7975a-prot-OPT,11,/home/manndo/master_dev/diffdock_results/gsk7975a-prot-OPT__Orai1WT-MDSnap-Fr300/complex_0/rank11_confidence-2.99.sdf,-5.101357142857142,23.308053571428562,-25.936825000000002,1
DiffDock,Orai1WT-MDSnap-Fr300,gsk7975a-prot-OPT,12,/home/manndo/master_dev/diffdock_results/gsk7975a-prot-OPT__Orai1WT-MDSnap-Fr300/complex_0/rank12_confidence-3.01.sdf,1.5703821428571432,2.683325,-24.19645,5
DiffDock,Orai1WT-MDSnap-Fr300,gsk7975a-prot-OPT,13,/home/manndo/master_dev/diffdock_results/gsk7975a-prot-OPT__Orai1WT-MDSnap-Fr300/complex_0/rank13_confidence-3.15.sdf,10.285514285714283,27.60864285714286,-27.100592857142857,1
DiffDock,Orai1WT-MDSnap-Fr300,gsk7975a-prot-OPT,14,/home/manndo/master_dev/diffdock_results/gsk7975a-prot-OPT__Orai1WT-MDSnap-Fr300/complex_0/rank14_confidence-3.22.sdf,18.781117857142853,24.593296428571424,-7.253885714285715,6
DiffDock,Orai1WT-MDSnap-Fr300,gsk7975a-prot-OPT,15,/home/manndo/master_dev/diffdock_results/gsk7975a-prot-OPT__Orai1WT-MDSnap-Fr300/complex_0/rank15_confidence-3.24.sdf,22.521635714285715,-13.923553571428572,-19.726935714285712,0
DiffDock,Orai1WT-MDSnap-Fr300,gsk7975a-prot-OPT,16,/home/manndo/master_dev/diffdock_results/gsk7975a-prot-OPT__Orai1WT-MDSnap-Fr300/complex_0/rank16_confidence-3.47.sdf,14.851225000000001,-3.8493321428571425,31.6891,3
DiffDock,Orai1WT-MDSnap-Fr300,gsk7975a-prot-OPT,17,/home/manndo/master_dev/diffdock_results/gsk7975a-prot-OPT__Orai1WT-MDSnap-Fr300/complex_0/rank17_confidence-3.59.sdf,17.135210714285716,7.341732142857142,-31.29668571428571,0
DiffDock,Orai1WT-MDSnap-Fr300,gsk7975a-prot-OPT,18,/home/manndo/master_dev/diffdock_results/gsk7975a-prot-OPT__Orai1WT-MDSnap-Fr300/complex_0/rank18_confidence-3.60.sdf,1.3162892857142856,5.387700000000001,-22.444314285714285,5
DiffDock,Orai1WT-MDSnap-Fr300,gsk7975a-prot-OPT,19,/home/manndo/master_dev/diffdock_results/gsk7975a-prot-OPT__Orai1WT-MDSnap-Fr300/complex_0/rank19_confidence-3.92.sdf,19.547953571428568,3.5712107142857135,-34.07696785714286,0
DiffDock,Orai1WT-MDSnap-Fr300,gsk7975a-prot-OPT,1,/home/manndo/master_dev/diffdock_results/gsk7975a-prot-OPT__Orai1WT-MDSnap-Fr300/complex_0/rank1_confidence-0.71.sdf,-23.68854642857143,9.161521428571431,-31.07655357142857,2
DiffDock,Orai1WT-MDSnap-Fr300,gsk7975a-prot-OPT,1,/home/manndo/master_dev/diffdock_results/gsk7975a-prot-OPT__Orai1WT-MDSnap-Fr300/complex_0/rank1_confidence-1.74.sdf,10.29532857142857,21.637625000000003,-32.99867142857143,1
DiffDock,Orai1WT-MDSnap-Fr300,gsk7975a-prot-OPT,1,/home/manndo/master_dev/diffdock_results/gsk7975a-prot-OPT__Orai1WT-MDSnap-Fr300/complex_0/rank1_confidence-2.12.sdf,7.571464285714286,-24.70325,-23.360521428571428,0
DiffDock,Orai1WT-MDSnap-Fr300,gsk7975a-prot-OPT,20,/home/manndo/master_dev/diffdock_results/gsk7975a-prot-OPT__Orai1WT-MDSnap-Fr300/complex_0/rank20_confidence-4.08.sdf,6.4139535714285705,35.062239285714284,-33.97193928571429,1
DiffDock,Orai1WT-MDSnap-Fr300,gsk7975a-prot-OPT,21,/home/manndo/master_dev/diffdock_results/gsk7975a-prot-OPT__Orai1WT-MDSnap-Fr300/complex_0/rank21_confidence-4.13.sdf,1.621521428571429,4.779817857142858,-24.650057142857147,5
DiffDock,Orai1WT-MDSnap-Fr300,gsk7975a-prot-OPT,22,/home/manndo/master_dev/diffdock_results/gsk7975a-prot-OPT__Orai1WT-MDSnap-Fr300/complex_0/rank22_confidence-4.22.sdf,-1.2972928571428568,7.983539285714286,23.61639285714286,3
DiffDock,Orai1WT-MDSnap-Fr300,gsk7975a-prot-OPT,23,/home/manndo/master_dev/diffdock_results/gsk7975a-prot-OPT__Orai1WT-MDSnap-Fr300/complex_0/rank23_confidence-4.25.sdf,-1.4399714285714287,3.762489285714285,26.09283571428571,3
DiffDock,Orai1WT-MDSnap-Fr300,gsk7975a-prot-OPT,24,/home/manndo/master_dev/diffdock_results/gsk7975a-prot-OPT__Orai1WT-MDSnap-Fr300/complex_0/rank24_confidence-4.28.sdf,38.13136428571427,-9.924092857142856,-59.54108928571428,8
DiffDock,Orai1WT-MDSnap-Fr300,gsk7975a-prot-OPT,25,/home/manndo/master_dev/diffdock_results/gsk7975a-prot-OPT__Orai1WT-MDSnap-Fr300/complex_0/rank25_confidence-4.35.sdf,1.056589285714286,7.317442857142856,-22.183814285714284,5
DiffDock,Orai1WT-MDSnap-Fr300,gsk7975a-prot-OPT,26,/home/manndo/master_dev/diffdock_results/gsk7975a-prot-OPT__Orai1WT-MDSnap-Fr300/complex_0/rank26_confidence-4.35.sdf,0.18268214285714285,6.845328571428571,-28.48171785714286,5
DiffDock,Orai1WT-MDSnap-Fr300,gsk7975a-prot-OPT,27,/home/manndo/master_dev/diffdock_results/gsk7975a-prot-OPT__Orai1WT-MDSnap-Fr300/complex_0/rank27_confidence-4.35.sdf,-25.525003571428567,-0.6345928571428573,-24.23117857142857,2
DiffDock,Orai1WT-MDSnap-Fr300,gsk7975a-prot-OPT,28,/home/manndo/master_dev/diffdock_results/gsk7975a-prot-OPT__Orai1WT-MDSnap-Fr300/complex_0/rank28_confidence-4.90.sdf,9.19015357142857,18.64532857142857,-36.83263214285715,1
DiffDock,Orai1WT-MDSnap-Fr300,gsk7975a-prot-OPT,29,/home/manndo/master_dev/diffdock_results/gsk7975a-prot-OPT__Orai1WT-MDSnap-Fr300/complex_0/rank29_confidence-5.02.sdf,-0.012792857142857161,3.9892785714285703,28.375185714285717,3
DiffDock,Orai1WT-MDSnap-Fr300,gsk7975a-prot-OPT,2,/home/manndo/master_dev/diffdock_results/gsk7975a-prot-OPT__Orai1WT-MDSnap-Fr300/complex_0/rank2_confidence-1.17.sdf,-26.50725714285714,9.751046428571426,-23.96921071428572,2
DiffDock,Orai1WT-MDSnap-Fr300,gsk7975a-prot-OPT,2,/home/manndo/master_dev/diffdock_results/gsk7975a-prot-OPT__Orai1WT-MDSnap-Fr300/complex_0/rank2_confidence-2.50.sdf,19.20943571428571,-18.232414285714285,-33.37650357142857,0
DiffDock,Orai1WT-MDSnap-Fr300,gsk7975a-prot-OPT,2,/home/manndo/master_dev/diffdock_results/gsk7975a-prot-OPT__Orai1WT-MDSnap-Fr300/complex_0/rank2_confidence-2.59.sdf,1.6251857142857138,4.401350000000001,23.858649999999994,3
DiffDock,Orai1WT-MDSnap-Fr300,gsk7975a-prot-OPT,3,/home/manndo/master_dev/diffdock_results/gsk7975a-prot-OPT__Orai1WT-MDSnap-Fr300/complex_0/rank3_confidence-1.62.sdf,32.26648214285714,15.829210714285717,-20.340335714285715,6
DiffDock,Orai1WT-MDSnap-Fr300,gsk7975a-prot-OPT,3,/home/manndo/master_dev/diffdock_results/gsk7975a-prot-OPT__Orai1WT-MDSnap-Fr300/complex_0/rank3_confidence-2.77.sdf,0.5054357142857141,2.7685892857142855,25.10811785714286,3
DiffDock,Orai1WT-MDSnap-Fr300,gsk7975a-prot-OPT,3,/home/manndo/master_dev/diffdock_results/gsk7975a-prot-OPT__Orai1WT-MDSnap-Fr300/complex_0/rank3_confidence-3.49.sdf,20.6399,4.435524999999999,-33.121832142857144,0
DiffDock,Orai1WT-MDSnap-Fr300,gsk7975a-prot-OPT,4,/home/manndo/master_dev/diffdock_results/gsk7975a-prot-OPT__Orai1WT-MDSnap-Fr300/complex_0/rank4_confidence-1.97.sdf,9.385621428571428,21.61327142857143,-31.482689285714287,1
DiffDock,Orai1WT-MDSnap-Fr300,gsk7975a-prot-OPT,4,/home/manndo/master_dev/diffdock_results/gsk7975a-prot-OPT__Orai1WT-MDSnap-Fr300/complex_0/rank4_confidence-3.58.sdf,-22.13477500000001,-2.7172999999999994,-33.77326428571428,2
DiffDock,Orai1WT-MDSnap-Fr300,gsk7975a-prot-OPT,5,/home/manndo/master_dev/diffdock_results/gsk7975a-prot-OPT__Orai1WT-MDSnap-Fr300/complex_0/rank5_confidence-2.00.sdf,-23.826410714285714,5.289003571428572,-25.840289285714285,2
DiffDock,Orai1WT-MDSnap-Fr300,gsk7975a-prot-OPT,5,/home/manndo/master_dev/diffdock_results/gsk7975a-prot-OPT__Orai1WT-MDSnap-Fr300/complex_0/rank5_confidence-3.19.sdf,-24.64039642857143,-0.3704928571428572,-26.610603571428573,2
DiffDock,Orai1WT-MDSnap-Fr300,gsk7975a-prot-OPT,5,/home/manndo/master_dev/diffdock_results/gsk7975a-prot-OPT__Orai1WT-MDSnap-Fr300/complex_0/rank5_confidence-3.89.sdf,0.3814678571428572,8.023464285714285,-23.495057142857146,5
DiffDock,Orai1WT-MDSnap-Fr300,gsk7975a-prot-OPT,6,/home/manndo/master_dev/diffdock_results/gsk7975a-prot-OPT__Orai1WT-MDSnap-Fr300/complex_0/rank6_confidence-2.16.sdf,4.049075,0.5228821428571425,-26.42958214285714,5
DiffDock,Orai1WT-MDSnap-Fr300,gsk7975a-prot-OPT,6,/home/manndo/master_dev/diffdock_results/gsk7975a-prot-OPT__Orai1WT-MDSnap-Fr300/complex_0/rank6_confidence-4.09.sdf,-47.74108571428572,15.85717142857143,-37.27863928571429,2
DiffDock,Orai1WT-MDSnap-Fr300,gsk7975a-prot-OPT,6,/home/manndo/master_dev/diffdock_results/gsk7975a-prot-OPT__Orai1WT-MDSnap-Fr300/complex_0/rank6_confidence-4.60.sdf,-1.486082142857143,3.9188464285714284,-29.688471428571432,5
DiffDock,Orai1WT-MDSnap-Fr300,gsk7975a-prot-OPT,7,/home/manndo/master_dev/diffdock_results/gsk7975a-prot-OPT__Orai1WT-MDSnap-Fr300/complex_0/rank7_confidence-2.27.sdf,-2.729632142857142,8.405342857142857,25.934371428571428,3
DiffDock,Orai1WT-MDSnap-Fr300,gsk7975a-prot-OPT,7,/home/manndo/master_dev/diffdock_results/gsk7975a-prot-OPT__Orai1WT-MDSnap-Fr300/complex_0/rank7_confidence-4.35.sdf,12.480924999999997,16.57755,17.511400000000002,4
DiffDock,Orai1WT-MDSnap-Fr300,gsk7975a-prot-OPT,7,/home/manndo/master_dev/diffdock_results/gsk7975a-prot-OPT__Orai1WT-MDSnap-Fr300/complex_0/rank7_confidence-4.71.sdf,0.3173892857142856,6.40329642857143,-20.809164285714285,5
DiffDock,Orai1WT-MDSnap-Fr300,gsk7975a-prot-OPT,8,/home/manndo/master_dev/diffdock_results/gsk7975a-prot-OPT__Orai1WT-MDSnap-Fr300/complex_0/rank8_confidence-2.44.sdf,25.379042857142856,24.011007142857146,-17.428921428571428,6
DiffDock,Orai1WT-MDSnap-Fr300,gsk7975a-prot-OPT,8,/home/manndo/master_dev/diffdock_results/gsk7975a-prot-OPT__Orai1WT-MDSnap-Fr300/complex_0/rank8_confidence-4.42.sdf,1.3084642857142854,4.378682142857143,-25.03073214285715,5
DiffDock,Orai1WT-MDSnap-Fr300,gsk7975a-prot-OPT,8,/home/manndo/master_dev/diffdock_results/gsk7975a-prot-OPT__Orai1WT-MDSnap-Fr300/complex_0/rank8_confidence-4.81.sdf,14.291757142857145,-0.749935714285714,-28.950682142857143,0
DiffDock,Orai1WT-MDSnap-Fr300,gsk7975a-prot-OPT,9,/home/manndo/master_dev/diffdock_results/gsk7975a-prot-OPT__Orai1WT-MDSnap-Fr300/complex_0/rank9_confidence-2.46.sdf,16.446757142857145,6.990810714285715,-25.859871428571434,0
DiffDock,Orai1WT-MDSnap-Fr300,gsk7975a-prot-OPT,9,/home/manndo/master_dev/diffdock_results/gsk7975a-prot-OPT__Orai1WT-MDSnap-Fr300/complex_0/rank9_confidence-4.66.sdf,17.1296,8.722714285714286,-31.019275000000004,0
DiffDock,Orai1WT-MDSnap-Fr400,gsk7975a-prot-OPT,1,/home/manndo/master_dev/diffdock_results/gsk7975a-prot-OPT__Orai1WT-MDSnap-Fr400/complex_0/rank1.sdf,19.281575,-14.880682142857141,-24.89749285714285,0
DiffDock,Orai1WT-MDSnap-Fr400,gsk7975a-prot-OPT,10,/home/manndo/master_dev/diffdock_results/gsk7975a-prot-OPT__Orai1WT-MDSnap-Fr400/complex_0/rank10_confidence-2.54.sdf,31.878682142857144,6.397367857142859,-18.12092142857143,0
DiffDock,Orai1WT-MDSnap-Fr400,gsk7975a-prot-OPT,10,/home/manndo/master_dev/diffdock_results/gsk7975a-prot-OPT__Orai1WT-MDSnap-Fr400/complex_0/rank10_confidence-5.91.sdf,-0.8872071428571429,5.3191678571428564,-21.800407142857136,0
DiffDock,Orai1WT-MDSnap-Fr400,gsk7975a-prot-OPT,11,/home/manndo/master_dev/diffdock_results/gsk7975a-prot-OPT__Orai1WT-MDSnap-Fr400/complex_0/rank11_confidence-2.58.sdf,-29.275750000000006,8.225639285714285,-24.854710714285716,0
DiffDock,Orai1WT-MDSnap-Fr400,gsk7975a-prot-OPT,12,/home/manndo/master_dev/diffdock_results/gsk7975a-prot-OPT__Orai1WT-MDSnap-Fr400/complex_0/rank12_confidence-2.68.sdf,-24.736260714285716,-4.704603571428572,-40.08865714285713,0
DiffDock,Orai1WT-MDSnap-Fr400,gsk7975a-prot-OPT,13,/home/manndo/master_dev/diffdock_results/gsk7975a-prot-OPT__Orai1WT-MDSnap-Fr400/complex_0/rank13_confidence-3.02.sdf,15.24916785714286,3.121078571428572,-33.47861785714286,0
DiffDock,Orai1WT-MDSnap-Fr400,gsk7975a-prot-OPT,14,/home/manndo/master_dev/diffdock_results/gsk7975a-prot-OPT__Orai1WT-MDSnap-Fr400/complex_0/rank14_confidence-3.19.sdf,15.542271428571425,-16.254607142857143,-17.083375,0
DiffDock,Orai1WT-MDSnap-Fr400,gsk7975a-prot-OPT,15,/home/manndo/master_dev/diffdock_results/gsk7975a-prot-OPT__Orai1WT-MDSnap-Fr400/complex_0/rank15_confidence-3.30.sdf,1.4850142857142856,11.987385714285717,-29.02338571428572,0
DiffDock,Orai1WT-MDSnap-Fr400,gsk7975a-prot-OPT,16,/home/manndo/master_dev/diffdock_results/gsk7975a-prot-OPT__Orai1WT-MDSnap-Fr400/complex_0/rank16_confidence-3.40.sdf,-16.97442857142857,9.628360714285714,14.829471428571429,1
DiffDock,Orai1WT-MDSnap-Fr400,gsk7975a-prot-OPT,17,/home/manndo/master_dev/diffdock_results/gsk7975a-prot-OPT__Orai1WT-MDSnap-Fr400/complex_0/rank17_confidence-3.51.sdf,5.994685714285715,-10.091435714285714,-26.628525,0
DiffDock,Orai1WT-MDSnap-Fr400,gsk7975a-prot-OPT,18,/home/manndo/master_dev/diffdock_results/gsk7975a-prot-OPT__Orai1WT-MDSnap-Fr400/complex_0/rank18_confidence-3.53.sdf,0.8457642857142856,5.711235714285715,-21.43272142857143,0
DiffDock,Orai1WT-MDSnap-Fr400,gsk7975a-prot-OPT,19,/home/manndo/master_dev/diffdock_results/gsk7975a-prot-OPT__Orai1WT-MDSnap-Fr400/complex_0/rank19_confidence-3.54.sdf,-4.440978571428571,5.231821428571427,23.074403571428565,1
DiffDock,Orai1WT-MDSnap-Fr400,gsk7975a-prot-OPT,1,/home/manndo/master_dev/diffdock_results/gsk7975a-prot-OPT__Orai1WT-MDSnap-Fr400/complex_0/rank1_confidence-0.78.sdf,19.281575,-14.880682142857141,-24.89749285714285,0
DiffDock,Orai1WT-MDSnap-Fr400,gsk7975a-prot-OPT,1,/home/manndo/master_dev/diffdock_results/gsk7975a-prot-OPT__Orai1WT-MDSnap-Fr400/complex_0/rank1_confidence-1.37.sdf,-29.342414285714284,8.705560714285713,-23.429475000000004,0
DiffDock,Orai1WT-MDSnap-Fr400,gsk7975a-prot-OPT,20,/home/manndo/master_dev/diffdock_results/gsk7975a-prot-OPT__Orai1WT-MDSnap-Fr400/complex_0/rank20_confidence-3.57.sdf,1.1332285714285713,-0.9493642857142855,-24.82972142857143,0
DiffDock,Orai1WT-MDSnap-Fr400,gsk7975a-prot-OPT,21,/home/manndo/master_dev/diffdock_results/gsk7975a-prot-OPT__Orai1WT-MDSnap-Fr400/complex_0/rank21_confidence-3.66.sdf,10.215085714285715,-13.118674999999998,10.495410714285715,1
DiffDock,Orai1WT-MDSnap-Fr400,gsk7975a-prot-OPT,22,/home/manndo/master_dev/diffdock_results/gsk7975a-prot-OPT__Orai1WT-MDSnap-Fr400/complex_0/rank22_confidence-3.76.sdf,13.480514285714282,11.34454642857143,-31.794107142857143,0
DiffDock,Orai1WT-MDSnap-Fr400,gsk7975a-prot-OPT,23,/home/manndo/master_dev/diffdock_results/gsk7975a-prot-OPT__Orai1WT-MDSnap-Fr400/complex_0/rank23_confidence-3.80.sdf,-1.571925,4.053624999999999,20.686067857142856,1
DiffDock,Orai1WT-MDSnap-Fr400,gsk7975a-prot-OPT,24,/home/manndo/master_dev/diffdock_results/gsk7975a-prot-OPT__Orai1WT-MDSnap-Fr400/complex_0/rank24_confidence-3.88.sdf,2.6201857142857152,33.32664285714285,12.082149999999997,1
DiffDock,Orai1WT-MDSnap-Fr400,gsk7975a-prot-OPT,25,/home/manndo/master_dev/diffdock_results/gsk7975a-prot-OPT__Orai1WT-MDSnap-Fr400/complex_0/rank25_confidence-3.98.sdf,-0.0031071428571430464,3.612932142857143,-26.736496428571424,0
DiffDock,Orai1WT-MDSnap-Fr400,gsk7975a-prot-OPT,26,/home/manndo/master_dev/diffdock_results/gsk7975a-prot-OPT__Orai1WT-MDSnap-Fr400/complex_0/rank26_confidence-4.16.sdf,15.765457142857143,8.155153571428572,-27.027792857142856,0
DiffDock,Orai1WT-MDSnap-Fr400,gsk7975a-prot-OPT,27,/home/manndo/master_dev/diffdock_results/gsk7975a-prot-OPT__Orai1WT-MDSnap-Fr400/complex_0/rank27_confidence-4.16.sdf,0.5619571428571428,4.936460714285714,-28.285614285714296,0
DiffDock,Orai1WT-MDSnap-Fr400,gsk7975a-prot-OPT,28,/home/manndo/master_dev/diffdock_results/gsk7975a-prot-OPT__Orai1WT-MDSnap-Fr400/complex_0/rank28_confidence-4.21.sdf,0.04017500000000026,4.679978571428572,33.89223214285714,1
DiffDock,Orai1WT-MDSnap-Fr400,gsk7975a-prot-OPT,29,/home/manndo/master_dev/diffdock_results/gsk7975a-prot-OPT__Orai1WT-MDSnap-Fr400/complex_0/rank29_confidence-4.41.sdf,-23.775257142857136,1.8603857142857139,-41.89977499999999,0
DiffDock,Orai1WT-MDSnap-Fr400,gsk7975a-prot-OPT,2,/home/manndo/master_dev/diffdock_results/gsk7975a-prot-OPT__Orai1WT-MDSnap-Fr400/complex_0/rank2_confidence-1.23.sdf,-18.446835714285715,4.899203571428571,12.783796428571431,1
DiffDock,Orai1WT-MDSnap-Fr400,gsk7975a-prot-OPT,2,/home/manndo/master_dev/diffdock_results/gsk7975a-prot-OPT__Orai1WT-MDSnap-Fr400/complex_0/rank2_confidence-1.72.sdf,-28.483446428571426,8.177228571428573,-15.359246428571433,0
DiffDock,Orai1WT-MDSnap-Fr400,gsk7975a-prot-OPT,30,/home/manndo/master_dev/diffdock_results/gsk7975a-prot-OPT__Orai1WT-MDSnap-Fr400/complex_0/rank30_confidence-6.02.sdf,-1.689421428571428,9.63139642857143,-23.567892857142862,0
DiffDock,Orai1WT-MDSnap-Fr400,gsk7975a-prot-OPT,3,/home/manndo/master_dev/diffdock_results/gsk7975a-prot-OPT__Orai1WT-MDSnap-Fr400/complex_0/rank3_confidence-1.69.sdf,17.35287857142857,7.837200000000001,-31.755828571428566,0
DiffDock,Orai1WT-MDSnap-Fr400,gsk7975a-prot-OPT,3,/home/manndo/master_dev/diffdock_results/gsk7975a-prot-OPT__Orai1WT-MDSnap-Fr400/complex_0/rank3_confidence-3.02.sdf,2.5814464285714287,-6.337089285714287,-27.15756428571429,0
DiffDock,Orai1WT-MDSnap-Fr400,gsk7975a-prot-OPT,4,/home/manndo/master_dev/diffdock_results/gsk7975a-prot-OPT__Orai1WT-MDSnap-Fr400/complex_0/rank4_confidence-1.72.sdf,-17.701682142857145,5.498532142857144,13.012471428571429,1
DiffDock,Orai1WT-MDSnap-Fr400,gsk7975a-prot-OPT,4,/home/manndo/master_dev/diffdock_results/gsk7975a-prot-OPT__Orai1WT-MDSnap-Fr400/complex_0/rank4_confidence-3.05.sdf,18.68071428571428,27.317167857142866,-15.05954285714286,0
DiffDock,Orai1WT-MDSnap-Fr400,gsk7975a-prot-OPT,5,/home/manndo/master_dev/diffdock_results/gsk7975a-prot-OPT__Orai1WT-MDSnap-Fr400/complex_0/rank5_confidence-1.89.sdf,4.816371428571428,28.681624999999993,-29.828828571428573,0
DiffDock,Orai1WT-MDSnap-Fr400,gsk7975a-prot-OPT,5,/home/manndo/master_dev/diffdock_results/gsk7975a-prot-OPT__Orai1WT-MDSnap-Fr400/complex_0/rank5_confidence-3.21.sdf,0.6004178571428571,6.125964285714287,-22.12673571428572,0
DiffDock,Orai1WT-MDSnap-Fr400,gsk7975a-prot-OPT,6,/home/manndo/master_dev/diffdock_results/gsk7975a-prot-OPT__Orai1WT-MDSnap-Fr400/complex_0/rank6_confidence-2.30.sdf,-8.198210714285713,-2.9609357142857142,-28.694628571428577,0
DiffDock,Orai1WT-MDSnap-Fr400,gsk7975a-prot-OPT,6,/home/manndo/master_dev/diffdock_results/gsk7975a-prot-OPT__Orai1WT-MDSnap-Fr400/complex_0/rank6_confidence-3.22.sdf,15.643639285714286,10.740517857142859,-31.716060714285714,0
DiffDock,Orai1WT-MDSnap-Fr400,gsk7975a-prot-OPT,7,/home/manndo/master_dev/diffdock_results/gsk7975a-prot-OPT__Orai1WT-MDSnap-Fr400/complex_0/rank7_confidence-2.46.sdf,-1.5000607142857143,2.0364464285714283,24.780960714285715,1
DiffDock,Orai1WT-MDSnap-Fr400,gsk7975a-prot-OPT,7,/home/manndo/master_dev/diffdock_results/gsk7975a-prot-OPT__Orai1WT-MDSnap-Fr400/complex_0/rank7_confidence-3.23.sdf,13.465292857142858,10.686646428571427,-32.30271428571428,0
DiffDock,Orai1WT-MDSnap-Fr400,gsk7975a-prot-OPT,8,/home/manndo/master_dev/diffdock_results/gsk7975a-prot-OPT__Orai1WT-MDSnap-Fr400/complex_0/rank8_confidence-2.50.sdf,11.832046428571427,16.585607142857143,13.016742857142859,1
DiffDock,Orai1WT-MDSnap-Fr400,gsk7975a-prot-OPT,8,/home/manndo/master_dev/diffdock_results/gsk7975a-prot-OPT__Orai1WT-MDSnap-Fr400/complex_0/rank8_confidence-5.07.sdf,-0.3460000000000002,3.636085714285715,25.329596428571424,1
DiffDock,Orai1WT-MDSnap-Fr400,gsk7975a-prot-OPT,9,/home/manndo/master_dev/diffdock_results/gsk7975a-prot-OPT__Orai1WT-MDSnap-Fr400/complex_0/rank9_confidence-2.53.sdf,30.499028571428575,-11.865150000000005,-20.618314285714288,0
DiffDock,Orai1WT-MDSnap-Fr499,gsk7975a-prot-OPT,1,/home/manndo/master_dev/diffdock_results/gsk7975a-prot-OPT__Orai1WT-MDSnap-Fr499/complex_0/rank1.sdf,-24.863596428571434,10.429782142857144,-27.947699999999994,2
DiffDock,Orai1WT-MDSnap-Fr499,gsk7975a-prot-OPT,10,/home/manndo/master_dev/diffdock_results/gsk7975a-prot-OPT__Orai1WT-MDSnap-Fr499/complex_0/rank10_confidence-2.60.sdf,-28.664378571428568,11.200885714285715,-17.686624999999996,2
DiffDock,Orai1WT-MDSnap-Fr499,gsk7975a-prot-OPT,11,/home/manndo/master_dev/diffdock_results/gsk7975a-prot-OPT__Orai1WT-MDSnap-Fr499/complex_0/rank11_confidence-2.67.sdf,-1.1674535714285714,2.74585,21.376314285714294,4
DiffDock,Orai1WT-MDSnap-Fr499,gsk7975a-prot-OPT,12,/home/manndo/master_dev/diffdock_results/gsk7975a-prot-OPT__Orai1WT-MDSnap-Fr499/complex_0/rank12_confidence-2.69.sdf,-11.467057142857144,19.382985714285713,-33.662221428571435,2
DiffDock,Orai1WT-MDSnap-Fr499,gsk7975a-prot-OPT,13,/home/manndo/master_dev/diffdock_results/gsk7975a-prot-OPT__Orai1WT-MDSnap-Fr499/complex_0/rank13_confidence-2.80.sdf,19.052914285714287,-15.044635714285715,-21.0755,5
DiffDock,Orai1WT-MDSnap-Fr499,gsk7975a-prot-OPT,14,/home/manndo/master_dev/diffdock_results/gsk7975a-prot-OPT__Orai1WT-MDSnap-Fr499/complex_0/rank14_confidence-2.84.sdf,0.33431428571428584,4.124985714285714,28.39674642857143,4
DiffDock,Orai1WT-MDSnap-Fr499,gsk7975a-prot-OPT,15,/home/manndo/master_dev/diffdock_results/gsk7975a-prot-OPT__Orai1WT-MDSnap-Fr499/complex_0/rank15_confidence-2.91.sdf,0.8567249999999998,6.078485714285715,-22.584925000000002,3
DiffDock,Orai1WT-MDSnap-Fr499,gsk7975a-prot-OPT,16,/home/manndo/master_dev/diffdock_results/gsk7975a-prot-OPT__Orai1WT-MDSnap-Fr499/complex_0/rank16_confidence-3.44.sdf,18.22004285714286,25.516967857142852,-13.598182142857144,1
DiffDock,Orai1WT-MDSnap-Fr499,gsk7975a-prot-OPT,17,/home/manndo/master_dev/diffdock_results/gsk7975a-prot-OPT__Orai1WT-MDSnap-Fr499/complex_0/rank17_confidence-3.70.sdf,15.906535714285713,3.7156464285714286,-24.970617857142855,8
DiffDock,Orai1WT-MDSnap-Fr499,gsk7975a-prot-OPT,18,/home/manndo/master_dev/diffdock_results/gsk7975a-prot-OPT__Orai1WT-MDSnap-Fr499/complex_0/rank18_confidence-4.02.sdf,-1.826864285714286,3.191385714285714,-27.993089285714294,3
DiffDock,Orai1WT-MDSnap-Fr499,gsk7975a-prot-OPT,19,/home/manndo/master_dev/diffdock_results/gsk7975a-prot-OPT__Orai1WT-MDSnap-Fr499/complex_0/rank19_confidence-4.14.sdf,-4.2449071428571425,4.610514285714285,22.940217857142862,4
DiffDock,Orai1WT-MDSnap-Fr499,gsk7975a-prot-OPT,1,/home/manndo/master_dev/diffdock_results/gsk7975a-prot-OPT__Orai1WT-MDSnap-Fr499/complex_0/rank1_confidence-1.08.sdf,-24.863596428571434,10.429782142857144,-27.947699999999994,2
DiffDock,Orai1WT-MDSnap-Fr499,gsk7975a-prot-OPT,20,/home/manndo/master_dev/diffdock_results/gsk7975a-prot-OPT__Orai1WT-MDSnap-Fr499/complex_0/rank20_confidence-4.26.sdf,-1.9925178571428572,-6.741339285714287,-25.403624999999998,3
DiffDock,Orai1WT-MDSnap-Fr499,gsk7975a-prot-OPT,21,/home/manndo/master_dev/diffdock_results/gsk7975a-prot-OPT__Orai1WT-MDSnap-Fr499/complex_0/rank21_confidence-4.42.sdf,30.326878571428573,-15.484125000000002,-16.656532142857145,5
DiffDock,Orai1WT-MDSnap-Fr499,gsk7975a-prot-OPT,22,/home/manndo/master_dev/diffdock_results/gsk7975a-prot-OPT__Orai1WT-MDSnap-Fr499/complex_0/rank22_confidence-4.43.sdf,14.502275000000003,2.981375,-37.37678214285715,8
DiffDock,Orai1WT-MDSnap-Fr499,gsk7975a-prot-OPT,23,/home/manndo/master_dev/diffdock_results/gsk7975a-prot-OPT__Orai1WT-MDSnap-Fr499/complex_0/rank23_confidence-4.45.sdf,12.717549999999994,15.895910714285714,16.525232142857142,0
DiffDock,Orai1WT-MDSnap-Fr499,gsk7975a-prot-OPT,24,/home/manndo/master_dev/diffdock_results/gsk7975a-prot-OPT__Orai1WT-MDSnap-Fr499/complex_0/rank24_confidence-4.50.sdf,-15.861135714285714,5.830903571428572,7.639092857142859,7
DiffDock,Orai1WT-MDSnap-Fr499,gsk7975a-prot-OPT,25,/home/manndo/master_dev/diffdock_results/gsk7975a-prot-OPT__Orai1WT-MDSnap-Fr499/complex_0/rank25_confidence-4.83.sdf,17.58497857142857,0.31751071428571465,-34.68190357142857,8
DiffDock,Orai1WT-MDSnap-Fr499,gsk7975a-prot-OPT,26,/home/manndo/master_dev/diffdock_results/gsk7975a-prot-OPT__Orai1WT-MDSnap-Fr499/complex_0/rank26_confidence-5.27.sdf,12.139910714285717,19.001871428571427,26.517321428571428,0
DiffDock,Orai1WT-MDSnap-Fr499,gsk7975a-prot-OPT,2,/home/manndo/master_dev/diffdock_results/gsk7975a-prot-OPT__Orai1WT-MDSnap-Fr499/complex_0/rank2_confidence-1.55.sdf,22.18687857142857,2.2944178571428573,-32.262760714285704,8
DiffDock,Orai1WT-MDSnap-Fr499,gsk7975a-prot-OPT,3,/home/manndo/master_dev/diffdock_results/gsk7975a-prot-OPT__Orai1WT-MDSnap-Fr499/complex_0/rank3_confidence-1.68.sdf,12.827314285714284,26.810089285714277,-25.218510714285717,1
DiffDock,Orai1WT-MDSnap-Fr499,gsk7975a-prot-OPT,4,/home/manndo/master_dev/diffdock_results/gsk7975a-prot-OPT__Orai1WT-MDSnap-Fr499/complex_0/rank4_confidence-1.72.sdf,-5.392667857142857,3.6806214285714285,27.09397857142857,4
DiffDock,Orai1WT-MDSnap-Fr499,gsk7975a-prot-OPT,5,/home/manndo/master_dev/diffdock_results/gsk7975a-prot-OPT__Orai1WT-MDSnap-Fr499/complex_0/rank5_confidence-1.72.sdf,19.329450000000005,-15.788571428571426,-20.779885714285715,5
DiffDock,Orai1WT-MDSnap-Fr499,gsk7975a-prot-OPT,6,/home/manndo/master_dev/diffdock_results/gsk7975a-prot-OPT__Orai1WT-MDSnap-Fr499/complex_0/rank6_confidence-2.09.sdf,6.864582142857143,24.230857142857143,-32.082817857142864,1
DiffDock,Orai1WT-MDSnap-Fr499,gsk7975a-prot-OPT,7,/home/manndo/master_dev/diffdock_results/gsk7975a-prot-OPT__Orai1WT-MDSnap-Fr499/complex_0/rank7_confidence-2.21.sdf,3.8237035714285708,28.821603571428575,-31.702378571428575,1
DiffDock,Orai1WT-MDSnap-Fr499,gsk7975a-prot-OPT,8,/home/manndo/master_dev/diffdock_results/gsk7975a-prot-OPT__Orai1WT-MDSnap-Fr499/complex_0/rank8_confidence-2.40.sdf,7.525867857142857,30.861642857142844,-25.747657142857147,1
DiffDock,Orai1WT-MDSnap-Fr499,gsk7975a-prot-OPT,9,/home/manndo/master_dev/diffdock_results/gsk7975a-prot-OPT__Orai1WT-MDSnap-Fr499/complex_0/rank9_confidence-2.56.sdf,7.397875000000001,28.703664285714286,-27.39425357142857,1
DiffDock,Orai1WT-START-Fr0,gsk7975a-prot-OPT,1,/home/manndo/master_dev/diffdock_results/gsk7975a-prot-OPT__Orai1WT-START-Fr0/complex_0/rank1.sdf,12.69410357142857,-22.21543928571428,-29.010796428571435,2
DiffDock,Orai1WT-START-Fr0,gsk7975a-prot-OPT,10,/home/manndo/master_dev/diffdock_results/gsk7975a-prot-OPT__Orai1WT-START-Fr0/complex_0/rank10_confidence-2.71.sdf,10.331703571428571,7.15537142857143,-28.7212607142857,6
DiffDock,Orai1WT-START-Fr0,gsk7975a-prot-OPT,10,/home/manndo/master_dev/diffdock_results/gsk7975a-prot-OPT__Orai1WT-START-Fr0/complex_0/rank10_confidence-4.47.sdf,1.211532142857143,0.09417499999999981,-31.97950714285714,0
DiffDock,Orai1WT-START-Fr0,gsk7975a-prot-OPT,11,/home/manndo/master_dev/diffdock_results/gsk7975a-prot-OPT__Orai1WT-START-Fr0/complex_0/rank11_confidence-2.83.sdf,-1.9263071428571428,-14.176025,-30.981639285714284,2
DiffDock,Orai1WT-START-Fr0,gsk7975a-prot-OPT,12,/home/manndo/master_dev/diffdock_results/gsk7975a-prot-OPT__Orai1WT-START-Fr0/complex_0/rank12_confidence-2.91.sdf,-0.8779428571428574,-10.81989642857143,-31.95118571428571,2
DiffDock,Orai1WT-START-Fr0,gsk7975a-prot-OPT,13,/home/manndo/master_dev/diffdock_results/gsk7975a-prot-OPT__Orai1WT-START-Fr0/complex_0/rank13_confidence-3.03.sdf,-18.88718928571429,1.8521714285714288,-32.36963571428571,0
DiffDock,Orai1WT-START-Fr0,gsk7975a-prot-OPT,14,/home/manndo/master_dev/diffdock_results/gsk7975a-prot-OPT__Orai1WT-START-Fr0/complex_0/rank14_confidence-3.15.sdf,10.204342857142858,7.453221428571429,-28.26829285714286,6
DiffDock,Orai1WT-START-Fr0,gsk7975a-prot-OPT,15,/home/manndo/master_dev/diffdock_results/gsk7975a-prot-OPT__Orai1WT-START-Fr0/complex_0/rank15_confidence-3.17.sdf,12.921185714285714,5.689625,-31.781767857142853,6
DiffDock,Orai1WT-START-Fr0,gsk7975a-prot-OPT,16,/home/manndo/master_dev/diffdock_results/gsk7975a-prot-OPT__Orai1WT-START-Fr0/complex_0/rank16_confidence-3.33.sdf,6.531528571428573,-20.04579642857143,-32.38951428571429,2
DiffDock,Orai1WT-START-Fr0,gsk7975a-prot-OPT,17,/home/manndo/master_dev/diffdock_results/gsk7975a-prot-OPT__Orai1WT-START-Fr0/complex_0/rank17_confidence-3.33.sdf,3.594228571428572,1.754210714285714,27.196342857142856,1
DiffDock,Orai1WT-START-Fr0,gsk7975a-prot-OPT,18,/home/manndo/master_dev/diffdock_results/gsk7975a-prot-OPT__Orai1WT-START-Fr0/complex_0/rank18_confidence-3.35.sdf,-7.2032,-16.398853571428575,-31.904735714285714,2
DiffDock,Orai1WT-START-Fr0,gsk7975a-prot-OPT,19,/home/manndo/master_dev/diffdock_results/gsk7975a-prot-OPT__Orai1WT-START-Fr0/complex_0/rank19_confidence-3.48.sdf,1.8465999999999998,-2.1147857142857145,19.677303571428574,1
DiffDock,Orai1WT-START-Fr0,gsk7975a-prot-OPT,1,/home/manndo/master_dev/diffdock_results/gsk7975a-prot-OPT__Orai1WT-START-Fr0/complex_0/rank1_confidence-1.38.sdf,-16.162764285714285,2.3810214285714286,-30.203742857142856,0
DiffDock,Orai1WT-START-Fr0,gsk7975a-prot-OPT,1,/home/manndo/master_dev/diffdock_results/gsk7975a-prot-OPT__Orai1WT-START-Fr0/complex_0/rank1_confidence-1.59.sdf,12.69410357142857,-22.21543928571428,-29.010796428571435,2
DiffDock,Orai1WT-START-Fr0,gsk7975a-prot-OPT,20,/home/manndo/master_dev/diffdock_results/gsk7975a-prot-OPT__Orai1WT-START-Fr0/complex_0/rank20_confidence-3.56.sdf,-2.8707214285714286,-15.575532142857146,-30.067275,2
DiffDock,Orai1WT-START-Fr0,gsk7975a-prot-OPT,21,/home/manndo/master_dev/diffdock_results/gsk7975a-prot-OPT__Orai1WT-START-Fr0/complex_0/rank21_confidence-3.60.sdf,-5.15907857142857,-9.419521428571427,-35.13068928571428,2
DiffDock,Orai1WT-START-Fr0,gsk7975a-prot-OPT,22,/home/manndo/master_dev/diffdock_results/gsk7975a-prot-OPT__Orai1WT-START-Fr0/complex_0/rank22_confidence-3.69.sdf,-17.26584642857143,-9.104949999999999,-33.94920714285714,0
DiffDock,Orai1WT-START-Fr0,gsk7975a-prot-OPT,23,/home/manndo/master_dev/diffdock_results/gsk7975a-prot-OPT__Orai1WT-START-Fr0/complex_0/rank23_confidence-4.02.sdf,0.9750714285714286,1.2058964285714286,26.446157142857142,1
DiffDock,Orai1WT-START-Fr0,gsk7975a-prot-OPT,24,/home/manndo/master_dev/diffdock_results/gsk7975a-prot-OPT__Orai1WT-START-Fr0/complex_0/rank24_confidence-4.03.sdf,-14.447289285714286,4.767557142857144,-31.645024999999997,0
DiffDock,Orai1WT-START-Fr0,gsk7975a-prot-OPT,25,/home/manndo/master_dev/diffdock_results/gsk7975a-prot-OPT__Orai1WT-START-Fr0/complex_0/rank25_confidence-4.21.sdf,11.425853571428574,7.4310142857142845,-30.69658571428572,6
DiffDock,Orai1WT-START-Fr0,gsk7975a-prot-OPT,26,/home/manndo/master_dev/diffdock_results/gsk7975a-prot-OPT__Orai1WT-START-Fr0/complex_0/rank26_confidence-4.35.sdf,11.173567857142858,-1.8975107142857148,-37.52349642857143,6
DiffDock,Orai1WT-START-Fr0,gsk7975a-prot-OPT,27,/home/manndo/master_dev/diffdock_results/gsk7975a-prot-OPT__Orai1WT-START-Fr0/complex_0/rank27_confidence-4.44.sdf,-2.620957142857143,-15.022560714285714,-31.201339285714283,2
DiffDock,Orai1WT-START-Fr0,gsk7975a-prot-OPT,28,/home/manndo/master_dev/diffdock_results/gsk7975a-prot-OPT__Orai1WT-START-Fr0/complex_0/rank28_confidence-4.50.sdf,0.8059,-1.390710714285714,25.36304285714286,1
DiffDock,Orai1WT-START-Fr0,gsk7975a-prot-OPT,29,/home/manndo/master_dev/diffdock_results/gsk7975a-prot-OPT__Orai1WT-START-Fr0/complex_0/rank29_confidence-4.95.sdf,-2.7717428571428577,0.42875357142857146,22.03465357142857,1
DiffDock,Orai1WT-START-Fr0,gsk7975a-prot-OPT,2,/home/manndo/master_dev/diffdock_results/gsk7975a-prot-OPT__Orai1WT-START-Fr0/complex_0/rank2_confidence-1.70.sdf,19.042492857142857,3.398039285714286,-32.42341428571429,6
DiffDock,Orai1WT-START-Fr0,gsk7975a-prot-OPT,2,/home/manndo/master_dev/diffdock_results/gsk7975a-prot-OPT__Orai1WT-START-Fr0/complex_0/rank2_confidence-1.73.sdf,-0.3624392857142858,8.903685714285716,-33.80014642857142,0
DiffDock,Orai1WT-START-Fr0,gsk7975a-prot-OPT,30,/home/manndo/master_dev/diffdock_results/gsk7975a-prot-OPT__Orai1WT-START-Fr0/complex_0/rank30_confidence-5.34.sdf,3.9454357142857144,-1.1157249999999999,20.444207142857145,1
DiffDock,Orai1WT-START-Fr0,gsk7975a-prot-OPT,3,/home/manndo/master_dev/diffdock_results/gsk7975a-prot-OPT__Orai1WT-START-Fr0/complex_0/rank3_confidence-1.86.sdf,-0.09417857142857144,-0.26184285714285715,-26.665710714285716,0
DiffDock,Orai1WT-START-Fr0,gsk7975a-prot-OPT,3,/home/manndo/master_dev/diffdock_results/gsk7975a-prot-OPT__Orai1WT-START-Fr0/complex_0/rank3_confidence-2.28.sdf,11.049164285714285,7.5703392857142875,-29.579503571428575,6
DiffDock,Orai1WT-START-Fr0,gsk7975a-prot-OPT,4,/home/manndo/master_dev/diffdock_results/gsk7975a-prot-OPT__Orai1WT-START-Fr0/complex_0/rank4_confidence-2.09.sdf,-2.5481714285714285,-1.2214857142857145,25.350950000000005,1
DiffDock,Orai1WT-START-Fr0,gsk7975a-prot-OPT,4,/home/manndo/master_dev/diffdock_results/gsk7975a-prot-OPT__Orai1WT-START-Fr0/complex_0/rank4_confidence-2.37.sdf,-12.241982142857141,2.500510714285714,-26.899524999999993,0
DiffDock,Orai1WT-START-Fr0,gsk7975a-prot-OPT,5,/home/manndo/master_dev/diffdock_results/gsk7975a-prot-OPT__Orai1WT-START-Fr0/complex_0/rank5_confidence-2.37.sdf,29.52306785714286,0.8669999999999999,-25.915414285714284,6
DiffDock,Orai1WT-START-Fr0,gsk7975a-prot-OPT,5,/home/manndo/master_dev/diffdock_results/gsk7975a-prot-OPT__Orai1WT-START-Fr0/complex_0/rank5_confidence-2.48.sdf,10.057446428571428,13.181403571428572,-30.658421428571437,6
DiffDock,Orai1WT-START-Fr0,gsk7975a-prot-OPT,6,/home/manndo/master_dev/diffdock_results/gsk7975a-prot-OPT__Orai1WT-START-Fr0/complex_0/rank6_confidence-2.45.sdf,0.722075,-5.214264285714287,-32.91077857142857,0
DiffDock,Orai1WT-START-Fr0,gsk7975a-prot-OPT,6,/home/manndo/master_dev/diffdock_results/gsk7975a-prot-OPT__Orai1WT-START-Fr0/complex_0/rank6_confidence-2.59.sdf,5.161992857142856,-14.693660714285715,-29.936217857142857,2
DiffDock,Orai1WT-START-Fr0,gsk7975a-prot-OPT,7,/home/manndo/master_dev/diffdock_results/gsk7975a-prot-OPT__Orai1WT-START-Fr0/complex_0/rank7_confidence-2.57.sdf,-3.4395964285714298,-2.078546428571429,26.22174285714286,1
DiffDock,Orai1WT-START-Fr0,gsk7975a-prot-OPT,7,/home/manndo/master_dev/diffdock_results/gsk7975a-prot-OPT__Orai1WT-START-Fr0/complex_0/rank7_confidence-2.82.sdf,-5.795110714285717,8.043014285714285,-34.78340714285715,0
DiffDock,Orai1WT-START-Fr0,gsk7975a-prot-OPT,8,/home/manndo/master_dev/diffdock_results/gsk7975a-prot-OPT__Orai1WT-START-Fr0/complex_0/rank8_confidence-2.59.sdf,-7.902982142857143,-13.687478571428569,-32.86235357142857,2
DiffDock,Orai1WT-START-Fr0,gsk7975a-prot-OPT,8,/home/manndo/master_dev/diffdock_results/gsk7975a-prot-OPT__Orai1WT-START-Fr0/complex_0/rank8_confidence-3.43.sdf,-12.339214285714291,-9.165578571428572,-33.420125,0
DiffDock,Orai1WT-START-Fr0,gsk7975a-prot-OPT,9,/home/manndo/master_dev/diffdock_results/gsk7975a-prot-OPT__Orai1WT-START-Fr0/complex_0/rank9_confidence-2.67.sdf,-0.5612678571428575,-15.559342857142857,-31.867925000000003,2
DiffDock,Orai1WT-START-Fr0,gsk7975a-prot-OPT,9,/home/manndo/master_dev/diffdock_results/gsk7975a-prot-OPT__Orai1WT-START-Fr0/complex_0/rank9_confidence-4.15.sdf,-6.918224999999999,12.273785714285717,-34.30441428571428,0
EquiBind,Orai1WT-MDSnap-Fr300,2abp-nh2-OPT,1,/home/manndo/master_dev/equibind_docked_poses/2abp-nh2-OPT__Orai1WT-MDSnap-Fr300/pose_01.sdf,-10.782530303030303,27.34163636363637,-6.5839484848484835,5
EquiBind,Orai1WT-MDSnap-Fr300,2abp-nh2-OPT,1,/home/manndo/master_dev/equibind_docked_poses/2abp-nh2-OPT__Orai1WT-MDSnap-Fr300/pose_02.sdf,-10.125960606060609,28.056790909090907,-5.774518181818181,5
EquiBind,Orai1WT-MDSnap-Fr300,2abp-nh2-OPT,1,/home/manndo/master_dev/equibind_docked_poses/2abp-nh2-OPT__Orai1WT-MDSnap-Fr300/pose_03.sdf,-10.802030303030303,28.046733333333336,-6.716027272727273,5
EquiBind,Orai1WT-MDSnap-Fr300,2abp-nh2-OPT,1,/home/manndo/master_dev/equibind_docked_poses/2abp-nh2-OPT__Orai1WT-MDSnap-Fr300/pose_04.sdf,-10.192772727272727,26.636515151515145,-6.718196969696969,5
EquiBind,Orai1WT-MDSnap-Fr300,2abp-nh2-OPT,1,/home/manndo/master_dev/equibind_docked_poses/2abp-nh2-OPT__Orai1WT-MDSnap-Fr300/pose_05.sdf,-11.69742424242424,28.514715151515148,-3.8026000000000004,5
EquiBind,Orai1WT-MDSnap-Fr300_cleaned,2abp-nh2-OPT,1,/home/manndo/master_dev/equibind_docked_poses/2abp-nh2-OPT__Orai1WT-MDSnap-Fr300_cleaned/pose_01.sdf,-10.025112121212118,30.8529,-0.7645363636363638,0
EquiBind,Orai1WT-MDSnap-Fr300_cleaned,2abp-nh2-OPT,1,/home/manndo/master_dev/equibind_docked_poses/2abp-nh2-OPT__Orai1WT-MDSnap-Fr300_cleaned/pose_02.sdf,-10.46454242424242,30.819363636363644,1.6304545454545452,1
EquiBind,Orai1WT-MDSnap-Fr300_cleaned,2abp-nh2-OPT,1,/home/manndo/master_dev/equibind_docked_poses/2abp-nh2-OPT__Orai1WT-MDSnap-Fr300_cleaned/pose_03.sdf,-10.668748484848486,30.831312121212118,-0.027684848484848694,0
EquiBind,Orai1WT-MDSnap-Fr300_cleaned,2abp-nh2-OPT,1,/home/manndo/master_dev/equibind_docked_poses/2abp-nh2-OPT__Orai1WT-MDSnap-Fr300_cleaned/pose_04.sdf,-8.896809090909091,29.654830303030298,-0.6313848484848485,0
EquiBind,Orai1WT-MDSnap-Fr300_cleaned,2abp-nh2-OPT,1,/home/manndo/master_dev/equibind_docked_poses/2abp-nh2-OPT__Orai1WT-MDSnap-Fr300_cleaned/pose_05.sdf,-10.210496969696969,31.487939393939396,0.7162121212121212,1
EquiBind,Orai1WT-MDSnap-Fr400,2abp-nh2-OPT,1,/home/manndo/master_dev/equibind_docked_poses/2abp-nh2-OPT__Orai1WT-MDSnap-Fr400/pose_01.sdf,-7.634542424242424,25.46310909090909,-9.911851515151515,3
EquiBind,Orai1WT-MDSnap-Fr400,2abp-nh2-OPT,1,/home/manndo/master_dev/equibind_docked_poses/2abp-nh2-OPT__Orai1WT-MDSnap-Fr400/pose_02.sdf,-8.116924242424242,26.399457575757584,-8.677848484848484,3
EquiBind,Orai1WT-MDSnap-Fr400,2abp-nh2-OPT,1,/home/manndo/master_dev/equibind_docked_poses/2abp-nh2-OPT__Orai1WT-MDSnap-Fr400/pose_03.sdf,-8.203760606060607,25.833809090909092,-10.104087878787881,3
EquiBind,Orai1WT-MDSnap-Fr400,2abp-nh2-OPT,1,/home/manndo/master_dev/equibind_docked_poses/2abp-nh2-OPT__Orai1WT-MDSnap-Fr400/pose_04.sdf,-7.173969696969698,25.183178787878788,-9.067509090909093,3
EquiBind,Orai1WT-MDSnap-Fr400,2abp-nh2-OPT,1,/home/manndo/master_dev/equibind_docked_poses/2abp-nh2-OPT__Orai1WT-MDSnap-Fr400/pose_05.sdf,-8.155624242424242,26.875848484848486,-7.60710606060606,3
EquiBind,Orai1WT-MDSnap-Fr400_cleaned,2abp-nh2-OPT,1,/home/manndo/master_dev/equibind_docked_poses/2abp-nh2-OPT__Orai1WT-MDSnap-Fr400_cleaned/pose_01.sdf,-7.867012121212123,30.172454545454546,-2.142227272727273,0
EquiBind,Orai1WT-MDSnap-Fr400_cleaned,2abp-nh2-OPT,1,/home/manndo/master_dev/equibind_docked_poses/2abp-nh2-OPT__Orai1WT-MDSnap-Fr400_cleaned/pose_02.sdf,-8.129136363636363,30.606693939393935,-0.246290909090909,1
EquiBind,Orai1WT-MDSnap-Fr400_cleaned,2abp-nh2-OPT,1,/home/manndo/master_dev/equibind_docked_poses/2abp-nh2-OPT__Orai1WT-MDSnap-Fr400_cleaned/pose_03.sdf,-8.058915151515151,30.353172727272728,-1.2185393939393938,0
EquiBind,Orai1WT-MDSnap-Fr400_cleaned,2abp-nh2-OPT,1,/home/manndo/master_dev/equibind_docked_poses/2abp-nh2-OPT__Orai1WT-MDSnap-Fr400_cleaned/pose_04.sdf,-7.35899696969697,29.58610606060606,-1.5183727272727272,0
EquiBind,Orai1WT-MDSnap-Fr400_cleaned,2abp-nh2-OPT,1,/home/manndo/master_dev/equibind_docked_poses/2abp-nh2-OPT__Orai1WT-MDSnap-Fr400_cleaned/pose_05.sdf,-8.81268787878788,30.934645454545453,-0.7765757575757573,1
EquiBind,Orai1WT-MDSnap-Fr499,2abp-nh2-OPT,1,/home/manndo/master_dev/equibind_docked_poses/2abp-nh2-OPT__Orai1WT-MDSnap-Fr499/pose_01.sdf,-8.394945454545454,27.141354545454544,-6.939078787878788,5
EquiBind,Orai1WT-MDSnap-Fr499,2abp-nh2-OPT,1,/home/manndo/master_dev/equibind_docked_poses/2abp-nh2-OPT__Orai1WT-MDSnap-Fr499/pose_02.sdf,-8.707239393939394,27.6591,-5.05839696969697,5
EquiBind,Orai1WT-MDSnap-Fr499,2abp-nh2-OPT,1,/home/manndo/master_dev/equibind_docked_poses/2abp-nh2-OPT__Orai1WT-MDSnap-Fr499/pose_03.sdf,-8.200336363636364,27.493566666666666,-6.720563636363637,5
EquiBind,Orai1WT-MDSnap-Fr499,2abp-nh2-OPT,1,/home/manndo/master_dev/equibind_docked_poses/2abp-nh2-OPT__Orai1WT-MDSnap-Fr499/pose_04.sdf,-8.555409090909091,26.960209090909093,-5.671881818181817,5
EquiBind,Orai1WT-MDSnap-Fr499,2abp-nh2-OPT,1,/home/manndo/master_dev/equibind_docked_poses/2abp-nh2-OPT__Orai1WT-MDSnap-Fr499/pose_05.sdf,-8.850321212121214,28.48860909090909,-4.552242424242424,5
EquiBind,Orai1WT-MDSnap-Fr499_cleaned,2abp-nh2-OPT,1,/home/manndo/master_dev/equibind_docked_poses/2abp-nh2-OPT__Orai1WT-MDSnap-Fr499_cleaned/pose_01.sdf,-8.199551515151514,29.751327272727274,-3.3723666666666663,0
EquiBind,Orai1WT-MDSnap-Fr499_cleaned,2abp-nh2-OPT,1,/home/manndo/master_dev/equibind_docked_poses/2abp-nh2-OPT__Orai1WT-MDSnap-Fr499_cleaned/pose_02.sdf,-8.66911818181818,29.564003030303038,-1.8094303030303032,0
EquiBind,Orai1WT-MDSnap-Fr499_cleaned,2abp-nh2-OPT,1,/home/manndo/master_dev/equibind_docked_poses/2abp-nh2-OPT__Orai1WT-MDSnap-Fr499_cleaned/pose_03.sdf,-8.401081818181817,29.331142424242422,-3.0476393939393938,0
EquiBind,Orai1WT-MDSnap-Fr499_cleaned,2abp-nh2-OPT,1,/home/manndo/master_dev/equibind_docked_poses/2abp-nh2-OPT__Orai1WT-MDSnap-Fr499_cleaned/pose_04.sdf,-8.194506060606061,29.35495151515152,-2.563172727272727,0
EquiBind,Orai1WT-MDSnap-Fr499_cleaned,2abp-nh2-OPT,1,/home/manndo/master_dev/equibind_docked_poses/2abp-nh2-OPT__Orai1WT-MDSnap-Fr499_cleaned/pose_05.sdf,-8.16232424242424,31.072727272727274,-2.8939424242424243,1
EquiBind,Orai1WT-START-Fr0,2abp-nh2-OPT,1,/home/manndo/master_dev/equibind_docked_poses/2abp-nh2-OPT__Orai1WT-START-Fr0/pose_01.sdf,-9.48680303030303,19.86065757575757,-5.668078787878789,3
EquiBind,Orai1WT-START-Fr0,2abp-nh2-OPT,1,/home/manndo/master_dev/equibind_docked_poses/2abp-nh2-OPT__Orai1WT-START-Fr0/pose_02.sdf,-8.869857575757575,21.439612121212114,-4.7959848484848475,3
EquiBind,Orai1WT-START-Fr0,2abp-nh2-OPT,1,/home/manndo/master_dev/equibind_docked_poses/2abp-nh2-OPT__Orai1WT-START-Fr0/pose_03.sdf,-9.15291212121212,20.961042424242425,-4.886648484848485,3
EquiBind,Orai1WT-START-Fr0,2abp-nh2-OPT,1,/home/manndo/master_dev/equibind_docked_poses/2abp-nh2-OPT__Orai1WT-START-Fr0/pose_04.sdf,-10.024481818181817,19.19678181818182,-5.988969696969695,3
EquiBind,Orai1WT-START-Fr0,2abp-nh2-OPT,1,/home/manndo/master_dev/equibind_docked_poses/2abp-nh2-OPT__Orai1WT-START-Fr0/pose_05.sdf,-9.032275757575757,20.81372121212121,-4.714136363636364,3
EquiBind,Orai1WT-START-Fr0_cleaned,2abp-nh2-OPT,1,/home/manndo/master_dev/equibind_docked_poses/2abp-nh2-OPT__Orai1WT-START-Fr0_cleaned/pose_01.sdf,-8.267557575757579,21.691551515151513,-3.3131575757575753,0
EquiBind,Orai1WT-START-Fr0_cleaned,2abp-nh2-OPT,1,/home/manndo/master_dev/equibind_docked_poses/2abp-nh2-OPT__Orai1WT-START-Fr0_cleaned/pose_02.sdf,-7.655160606060607,22.59313636363636,-3.0258484848484852,0
EquiBind,Orai1WT-START-Fr0_cleaned,2abp-nh2-OPT,1,/home/manndo/master_dev/equibind_docked_poses/2abp-nh2-OPT__Orai1WT-START-Fr0_cleaned/pose_03.sdf,-8.518357575757577,21.939730303030306,-2.837275757575757,0
EquiBind,Orai1WT-START-Fr0_cleaned,2abp-nh2-OPT,1,/home/manndo/master_dev/equibind_docked_poses/2abp-nh2-OPT__Orai1WT-START-Fr0_cleaned/pose_04.sdf,-8.663757575757575,20.649130303030304,-3.766015151515152,1
EquiBind,Orai1WT-START-Fr0_cleaned,2abp-nh2-OPT,1,/home/manndo/master_dev/equibind_docked_poses/2abp-nh2-OPT__Orai1WT-START-Fr0_cleaned/pose_05.sdf,-8.013296969696968,22.227809090909084,-2.900178787878788,0
EquiBind,Orai1WT-MDSnap-Fr300,2abp-nh3p-OPT,1,/home/manndo/master_dev/equibind_docked_poses/2abp-nh3p-OPT__Orai1WT-MDSnap-Fr300/pose_01.sdf,-12.074399999999999,26.471476470588232,-8.197223529411767,0
EquiBind,Orai1WT-MDSnap-Fr300,2abp-nh3p-OPT,1,/home/manndo/master_dev/equibind_docked_poses/2abp-nh3p-OPT__Orai1WT-MDSnap-Fr300/pose_02.sdf,-9.237923529411765,30.864867647058826,-5.957317647058823,0
EquiBind,Orai1WT-MDSnap-Fr300,2abp-nh3p-OPT,1,/home/manndo/master_dev/equibind_docked_poses/2abp-nh3p-OPT__Orai1WT-MDSnap-Fr300/pose_03.sdf,-11.341599999999998,26.328355882352934,-9.347788235294118,0
EquiBind,Orai1WT-MDSnap-Fr300_cleaned,2abp-nh3p-OPT,1,/home/manndo/master_dev/equibind_docked_poses/2abp-nh3p-OPT__Orai1WT-MDSnap-Fr300_cleaned/pose_01.sdf,-11.023188235294116,29.096138235294113,-3.4334294117647053,0
EquiBind,Orai1WT-MDSnap-Fr300_cleaned,2abp-nh3p-OPT,1,/home/manndo/master_dev/equibind_docked_poses/2abp-nh3p-OPT__Orai1WT-MDSnap-Fr300_cleaned/pose_02.sdf,-9.685647058823527,32.93292352941177,0.1351411764705884,1
EquiBind,Orai1WT-MDSnap-Fr300_cleaned,2abp-nh3p-OPT,1,/home/manndo/master_dev/equibind_docked_poses/2abp-nh3p-OPT__Orai1WT-MDSnap-Fr300_cleaned/pose_03.sdf,-11.034788235294114,29.34741176470588,-1.6760647058823526,0
EquiBind,Orai1WT-MDSnap-Fr400,2abp-nh3p-OPT,1,/home/manndo/master_dev/equibind_docked_poses/2abp-nh3p-OPT__Orai1WT-MDSnap-Fr400/pose_01.sdf,-7.874755882352939,24.363985294117644,-12.079708823529414,1
EquiBind,Orai1WT-MDSnap-Fr400,2abp-nh3p-OPT,1,/home/manndo/master_dev/equibind_docked_poses/2abp-nh3p-OPT__Orai1WT-MDSnap-Fr400/pose_02.sdf,-8.950123529411766,27.612158823529416,-11.193914705882351,1
EquiBind,Orai1WT-MDSnap-Fr400,2abp-nh3p-OPT,1,/home/manndo/master_dev/equibind_docked_poses/2abp-nh3p-OPT__Orai1WT-MDSnap-Fr400/pose_03.sdf,-9.328797058823527,24.37368235294118,-12.436773529411765,1
EquiBind,Orai1WT-MDSnap-Fr400_cleaned,2abp-nh3p-OPT,1,/home/manndo/master_dev/equibind_docked_poses/2abp-nh3p-OPT__Orai1WT-MDSnap-Fr400_cleaned/pose_01.sdf,-8.496508823529412,27.818841176470585,-6.004961764705882,0
EquiBind,Orai1WT-MDSnap-Fr400_cleaned,2abp-nh3p-OPT,1,/home/manndo/master_dev/equibind_docked_poses/2abp-nh3p-OPT__Orai1WT-MDSnap-Fr400_cleaned/pose_02.sdf,-10.204294117647061,30.33810882352941,-3.9344058823529413,1
EquiBind,Orai1WT-MDSnap-Fr400_cleaned,2abp-nh3p-OPT,1,/home/manndo/master_dev/equibind_docked_poses/2abp-nh3p-OPT__Orai1WT-MDSnap-Fr400_cleaned/pose_03.sdf,-8.833726470588235,27.757938235294112,-4.9300352941176495,0
EquiBind,Orai1WT-MDSnap-Fr499,2abp-nh3p-OPT,1,/home/manndo/master_dev/equibind_docked_poses/2abp-nh3p-OPT__Orai1WT-MDSnap-Fr499/pose_01.sdf,-8.537682352941175,26.799085294117653,-8.47309705882353,1
EquiBind,Orai1WT-MDSnap-Fr499,2abp-nh3p-OPT,1,/home/manndo/master_dev/equibind_docked_poses/2abp-nh3p-OPT__Orai1WT-MDSnap-Fr499/pose_02.sdf,-9.765808823529413,28.454538235294123,-22.938685294117647,1
EquiBind,Orai1WT-MDSnap-Fr499,2abp-nh3p-OPT,1,/home/manndo/master_dev/equibind_docked_poses/2abp-nh3p-OPT__Orai1WT-MDSnap-Fr499/pose_03.sdf,-8.267144117647057,26.401638235294122,-8.272779411764708,1
EquiBind,Orai1WT-MDSnap-Fr499_cleaned,2abp-nh3p-OPT,1,/home/manndo/master_dev/equibind_docked_poses/2abp-nh3p-OPT__Orai1WT-MDSnap-Fr499_cleaned/pose_01.sdf,-8.93351176470588,28.78138235294118,-3.832173529411765,0
EquiBind,Orai1WT-MDSnap-Fr499_cleaned,2abp-nh3p-OPT,1,/home/manndo/master_dev/equibind_docked_poses/2abp-nh3p-OPT__Orai1WT-MDSnap-Fr499_cleaned/pose_02.sdf,-9.71310588235294,28.585823529411766,-20.60886470588235,1
EquiBind,Orai1WT-MDSnap-Fr499_cleaned,2abp-nh3p-OPT,1,/home/manndo/master_dev/equibind_docked_poses/2abp-nh3p-OPT__Orai1WT-MDSnap-Fr499_cleaned/pose_03.sdf,-8.468252941176472,28.316285294117648,-2.7583999999999995,0
EquiBind,Orai1WT-START-Fr0,2abp-nh3p-OPT,1,/home/manndo/master_dev/equibind_docked_poses/2abp-nh3p-OPT__Orai1WT-START-Fr0/pose_01.sdf,-11.870049999999999,16.53531470588235,-6.3575058823529425,1
EquiBind,Orai1WT-START-Fr0,2abp-nh3p-OPT,1,/home/manndo/master_dev/equibind_docked_poses/2abp-nh3p-OPT__Orai1WT-START-Fr0/pose_02.sdf,-10.07979411764706,20.548861764705887,-10.955897058823533,1
EquiBind,Orai1WT-START-Fr0,2abp-nh3p-OPT,1,/home/manndo/master_dev/equibind_docked_poses/2abp-nh3p-OPT__Orai1WT-START-Fr0/pose_03.sdf,-12.885508823529412,16.479238235294115,-7.142905882352942,1
EquiBind,Orai1WT-START-Fr0_cleaned,2abp-nh3p-OPT,1,/home/manndo/master_dev/equibind_docked_poses/2abp-nh3p-OPT__Orai1WT-START-Fr0_cleaned/pose_01.sdf,-10.382008823529414,17.706564705882357,-3.858617647058824,0
EquiBind,Orai1WT-START-Fr0_cleaned,2abp-nh3p-OPT,1,/home/manndo/master_dev/equibind_docked_poses/2abp-nh3p-OPT__Orai1WT-START-Fr0_cleaned/pose_02.sdf,-7.8794852941176465,22.69801470588235,-4.839482352941177,1
EquiBind,Orai1WT-START-Fr0_cleaned,2abp-nh3p-OPT,1,/home/manndo/master_dev/equibind_docked_poses/2abp-nh3p-OPT__Orai1WT-START-Fr0_cleaned/pose_03.sdf,-11.35051764705882,17.55687647058824,-3.5295264705882357,0
EquiBind,Orai1WT-MDSnap-Fr300,Synta-66-OPT-Singlet,1,/home/manndo/master_dev/equibind_docked_poses/Synta-66-OPT-Singlet__Orai1WT-MDSnap-Fr300/pose_01.sdf,-11.19099069767442,28.82427209302325,-4.580779069767442,5
EquiBind,Orai1WT-MDSnap-Fr300,Synta-66-OPT-Singlet,1,/home/manndo/master_dev/equibind_docked_poses/Synta-66-OPT-Singlet__Orai1WT-MDSnap-Fr300/pose_02.sdf,-11.210990697674417,28.823055813953488,-4.56853023255814,5
EquiBind,Orai1WT-MDSnap-Fr300,Synta-66-OPT-Singlet,1,/home/manndo/master_dev/equibind_docked_poses/Synta-66-OPT-Singlet__Orai1WT-MDSnap-Fr300/pose_03.sdf,-11.211386046511626,28.82387674418605,-4.5686395348837205,5
EquiBind,Orai1WT-MDSnap-Fr300,Synta-66-OPT-Singlet,1,/home/manndo/master_dev/equibind_docked_poses/Synta-66-OPT-Singlet__Orai1WT-MDSnap-Fr300/pose_04.sdf,-11.143888372093018,28.67496744186047,-4.904104651162793,5
EquiBind,Orai1WT-MDSnap-Fr300_cleaned,Synta-66-OPT-Singlet,1,/home/manndo/master_dev/equibind_docked_poses/Synta-66-OPT-Singlet__Orai1WT-MDSnap-Fr300_cleaned/pose_01.sdf,-10.509130232558139,29.652886046511636,-4.748141860465116,0
EquiBind,Orai1WT-MDSnap-Fr300_cleaned,Synta-66-OPT-Singlet,1,/home/manndo/master_dev/equibind_docked_poses/Synta-66-OPT-Singlet__Orai1WT-MDSnap-Fr300_cleaned/pose_02.sdf,-10.53360930232558,29.65572558139535,-4.728923255813953,0
EquiBind,Orai1WT-MDSnap-Fr300_cleaned,Synta-66-OPT-Singlet,1,/home/manndo/master_dev/equibind_docked_poses/Synta-66-OPT-Singlet__Orai1WT-MDSnap-Fr300_cleaned/pose_03.sdf,-10.53327906976744,29.656148837209308,-4.733123255813953,0
EquiBind,Orai1WT-MDSnap-Fr300_cleaned,Synta-66-OPT-Singlet,1,/home/manndo/master_dev/equibind_docked_poses/Synta-66-OPT-Singlet__Orai1WT-MDSnap-Fr300_cleaned/pose_04.sdf,-10.629227906976741,29.67068139534884,-4.950083720930232,1
EquiBind,Orai1WT-MDSnap-Fr400,Synta-66-OPT-Singlet,1,/home/manndo/master_dev/equibind_docked_poses/Synta-66-OPT-Singlet__Orai1WT-MDSnap-Fr400/pose_01.sdf,-10.611072093023253,27.018688372093024,-1.4618720930232554,8
EquiBind,Orai1WT-MDSnap-Fr400,Synta-66-OPT-Singlet,1,/home/manndo/master_dev/equibind_docked_poses/Synta-66-OPT-Singlet__Orai1WT-MDSnap-Fr400/pose_02.sdf,-10.53736976744186,27.073286046511623,-1.4693395348837208,8
EquiBind,Orai1WT-MDSnap-Fr400,Synta-66-OPT-Singlet,1,/home/manndo/master_dev/equibind_docked_poses/Synta-66-OPT-Singlet__Orai1WT-MDSnap-Fr400/pose_03.sdf,-10.606562790697671,27.07895581395348,-1.4564651162790698,8
EquiBind,Orai1WT-MDSnap-Fr400,Synta-66-OPT-Singlet,1,/home/manndo/master_dev/equibind_docked_poses/Synta-66-OPT-Singlet__Orai1WT-MDSnap-Fr400/pose_04.sdf,-10.662967441860465,27.10543488372093,-1.8245813953488381,8
EquiBind,Orai1WT-MDSnap-Fr400_cleaned,Synta-66-OPT-Singlet,1,/home/manndo/master_dev/equibind_docked_poses/Synta-66-OPT-Singlet__Orai1WT-MDSnap-Fr400_cleaned/pose_01.sdf,-11.0114,28.11293255813953,-1.380583720930233,0
EquiBind,Orai1WT-MDSnap-Fr400_cleaned,Synta-66-OPT-Singlet,1,/home/manndo/master_dev/equibind_docked_poses/Synta-66-OPT-Singlet__Orai1WT-MDSnap-Fr400_cleaned/pose_02.sdf,-11.019402325581394,28.10951860465116,-1.3806558139534888,0
EquiBind,Orai1WT-MDSnap-Fr400_cleaned,Synta-66-OPT-Singlet,1,/home/manndo/master_dev/equibind_docked_poses/Synta-66-OPT-Singlet__Orai1WT-MDSnap-Fr400_cleaned/pose_03.sdf,-11.019311627906978,28.109088372093026,-1.3804604651162788,0
EquiBind,Orai1WT-MDSnap-Fr400_cleaned,Synta-66-OPT-Singlet,1,/home/manndo/master_dev/equibind_docked_poses/Synta-66-OPT-Singlet__Orai1WT-MDSnap-Fr400_cleaned/pose_04.sdf,-11.221186046511628,28.148244186046508,-1.4369860465116284,1
EquiBind,Orai1WT-MDSnap-Fr499,Synta-66-OPT-Singlet,1,/home/manndo/master_dev/equibind_docked_poses/Synta-66-OPT-Singlet__Orai1WT-MDSnap-Fr499/pose_01.sdf,-10.003948837209304,27.344074418604645,-1.9427302325581393,3
EquiBind,Orai1WT-MDSnap-Fr499,Synta-66-OPT-Singlet,1,/home/manndo/master_dev/equibind_docked_poses/Synta-66-OPT-Singlet__Orai1WT-MDSnap-Fr499/pose_02.sdf,-10.027158139534883,27.34736279069767,-1.914969767441861,3
EquiBind,Orai1WT-MDSnap-Fr499,Synta-66-OPT-Singlet,1,/home/manndo/master_dev/equibind_docked_poses/Synta-66-OPT-Singlet__Orai1WT-MDSnap-Fr499/pose_03.sdf,-10.026213953488373,27.34713720930233,-1.9128116279069771,3
EquiBind,Orai1WT-MDSnap-Fr499,Synta-66-OPT-Singlet,1,/home/manndo/master_dev/equibind_docked_poses/Synta-66-OPT-Singlet__Orai1WT-MDSnap-Fr499/pose_04.sdf,-10.010251162790697,27.317046511627918,-2.1091883720930227,3
EquiBind,Orai1WT-MDSnap-Fr499_cleaned,Synta-66-OPT-Singlet,1,/home/manndo/master_dev/equibind_docked_poses/Synta-66-OPT-Singlet__Orai1WT-MDSnap-Fr499_cleaned/pose_01.sdf,-10.830025581395349,26.793479069767447,-4.03306976744186,0
EquiBind,Orai1WT-MDSnap-Fr499_cleaned,Synta-66-OPT-Singlet,1,/home/manndo/master_dev/equibind_docked_poses/Synta-66-OPT-Singlet__Orai1WT-MDSnap-Fr499_cleaned/pose_02.sdf,-10.844097674418604,26.795011627906973,-4.006490697674417,0
EquiBind,Orai1WT-MDSnap-Fr499_cleaned,Synta-66-OPT-Singlet,1,/home/manndo/master_dev/equibind_docked_poses/Synta-66-OPT-Singlet__Orai1WT-MDSnap-Fr499_cleaned/pose_03.sdf,-10.842523255813953,26.79269534883721,-4.004527906976744,0
EquiBind,Orai1WT-MDSnap-Fr499_cleaned,Synta-66-OPT-Singlet,1,/home/manndo/master_dev/equibind_docked_poses/Synta-66-OPT-Singlet__Orai1WT-MDSnap-Fr499_cleaned/pose_04.sdf,-10.77779069767442,26.896265116279068,-4.140839534883721,1
EquiBind,Orai1WT-START-Fr0,Synta-66-OPT-Singlet,1,/home/manndo/master_dev/equibind_docked_poses/Synta-66-OPT-Singlet__Orai1WT-START-Fr0/pose_01.sdf,-10.038013953488372,19.01356744186047,-2.923281395348837,0
EquiBind,Orai1WT-START-Fr0,Synta-66-OPT-Singlet,1,/home/manndo/master_dev/equibind_docked_poses/Synta-66-OPT-Singlet__Orai1WT-START-Fr0/pose_02.sdf,-10.048362790697674,18.97615581395349,-2.884076744186047,0
EquiBind,Orai1WT-START-Fr0,Synta-66-OPT-Singlet,1,/home/manndo/master_dev/equibind_docked_poses/Synta-66-OPT-Singlet__Orai1WT-START-Fr0/pose_03.sdf,-9.779176744186044,18.976572093023258,-2.732925581395349,0
EquiBind,Orai1WT-START-Fr0_cleaned,Synta-66-OPT-Singlet,1,/home/manndo/master_dev/equibind_docked_poses/Synta-66-OPT-Singlet__Orai1WT-START-Fr0_cleaned/pose_01.sdf,-8.303551162790699,20.384886046511625,-1.4035000000000006,0
EquiBind,Orai1WT-START-Fr0_cleaned,Synta-66-OPT-Singlet,1,/home/manndo/master_dev/equibind_docked_poses/Synta-66-OPT-Singlet__Orai1WT-START-Fr0_cleaned/pose_02.sdf,-8.295799999999998,20.34969069767442,-1.3706767441860468,0
EquiBind,Orai1WT-START-Fr0_cleaned,Synta-66-OPT-Singlet,1,/home/manndo/master_dev/equibind_docked_poses/Synta-66-OPT-Singlet__Orai1WT-START-Fr0_cleaned/pose_03.sdf,-8.297013953488372,20.350753488372096,-1.370927906976745,0
EquiBind,Orai1WT-START-Fr0_cleaned,Synta-66-OPT-Singlet,1,/home/manndo/master_dev/equibind_docked_poses/Synta-66-OPT-Singlet__Orai1WT-START-Fr0_cleaned/pose_04.sdf,-8.005183720930233,20.379813953488366,-1.2341813953488372,1
EquiBind,Orai1WT-MDSnap-Fr300,gsk7975a-deprot-OPT,1,/home/manndo/master_dev/equibind_docked_poses/gsk7975a-deprot-OPT__Orai1WT-MDSnap-Fr300/pose_01.sdf,-11.096517500000001,25.425994999999997,-15.665055,1
EquiBind,Orai1WT-MDSnap-Fr300,gsk7975a-deprot-OPT,1,/home/manndo/master_dev/equibind_docked_poses/gsk7975a-deprot-OPT__Orai1WT-MDSnap-Fr300/pose_02.sdf,-10.793827499999999,25.861024999999994,-12.744072500000003,1
EquiBind,Orai1WT-MDSnap-Fr300_cleaned,gsk7975a-deprot-OPT,1,/home/manndo/master_dev/equibind_docked_poses/gsk7975a-deprot-OPT__Orai1WT-MDSnap-Fr300_cleaned/pose_01.sdf,-10.94555,25.26914,-14.597195000000003,0
EquiBind,Orai1WT-MDSnap-Fr300_cleaned,gsk7975a-deprot-OPT,1,/home/manndo/master_dev/equibind_docked_poses/gsk7975a-deprot-OPT__Orai1WT-MDSnap-Fr300_cleaned/pose_02.sdf,-10.813687499999999,26.388059999999996,-11.194429999999997,0
EquiBind,Orai1WT-MDSnap-Fr400,gsk7975a-deprot-OPT,1,/home/manndo/master_dev/equibind_docked_poses/gsk7975a-deprot-OPT__Orai1WT-MDSnap-Fr400/pose_01.sdf,-10.297039999999999,23.190869999999997,-15.73717,0
EquiBind,Orai1WT-MDSnap-Fr400,gsk7975a-deprot-OPT,1,/home/manndo/master_dev/equibind_docked_poses/gsk7975a-deprot-OPT__Orai1WT-MDSnap-Fr400/pose_02.sdf,-10.2714275,23.904557500000003,-12.974715,0
EquiBind,Orai1WT-MDSnap-Fr400_cleaned,gsk7975a-deprot-OPT,1,/home/manndo/master_dev/equibind_docked_poses/gsk7975a-deprot-OPT__Orai1WT-MDSnap-Fr400_cleaned/pose_01.sdf,-9.995562500000002,25.553364999999992,-11.801732499999996,0
EquiBind,Orai1WT-MDSnap-Fr400_cleaned,gsk7975a-deprot-OPT,1,/home/manndo/master_dev/equibind_docked_poses/gsk7975a-deprot-OPT__Orai1WT-MDSnap-Fr400_cleaned/pose_02.sdf,-9.396925000000003,27.150867499999997,-8.396474999999999,0
EquiBind,Orai1WT-MDSnap-Fr499,gsk7975a-deprot-OPT,1,/home/manndo/master_dev/equibind_docked_poses/gsk7975a-deprot-OPT__Orai1WT-MDSnap-Fr499/pose_01.sdf,-11.395392499999996,23.450815,-13.623299999999997,1
EquiBind,Orai1WT-MDSnap-Fr499,gsk7975a-deprot-OPT,1,/home/manndo/master_dev/equibind_docked_poses/gsk7975a-deprot-OPT__Orai1WT-MDSnap-Fr499/pose_02.sdf,-11.161385,24.2973275,-11.559697499999997,1
EquiBind,Orai1WT-MDSnap-Fr499_cleaned,gsk7975a-deprot-OPT,1,/home/manndo/master_dev/equibind_docked_poses/gsk7975a-deprot-OPT__Orai1WT-MDSnap-Fr499_cleaned/pose_01.sdf,-12.965185000000002,22.6710225,-16.206867499999998,0
EquiBind,Orai1WT-MDSnap-Fr499_cleaned,gsk7975a-deprot-OPT,1,/home/manndo/master_dev/equibind_docked_poses/gsk7975a-deprot-OPT__Orai1WT-MDSnap-Fr499_cleaned/pose_02.sdf,-13.1026625,24.153937499999998,-15.3013575,0
EquiBind,Orai1WT-START-Fr0,gsk7975a-deprot-OPT,1,/home/manndo/master_dev/equibind_docked_poses/gsk7975a-deprot-OPT__Orai1WT-START-Fr0/pose_01.sdf,-9.502795,15.670722499999993,-2.5168624999999993,1
EquiBind,Orai1WT-START-Fr0,gsk7975a-deprot-OPT,1,/home/manndo/master_dev/equibind_docked_poses/gsk7975a-deprot-OPT__Orai1WT-START-Fr0/pose_02.sdf,-9.260749999999998,17.617939999999997,-2.7824050000000002,1
EquiBind,Orai1WT-START-Fr0_cleaned,gsk7975a-deprot-OPT,1,/home/manndo/master_dev/equibind_docked_poses/gsk7975a-deprot-OPT__Orai1WT-START-Fr0_cleaned/pose_01.sdf,-8.31972,18.163640000000008,-0.309335,0
EquiBind,Orai1WT-START-Fr0_cleaned,gsk7975a-deprot-OPT,1,/home/manndo/master_dev/equibind_docked_poses/gsk7975a-deprot-OPT__Orai1WT-START-Fr0_cleaned/pose_02.sdf,-7.4992975,21.0473725,-0.05652499999999995,0
