method,protein,ligand,pose_rank,file_path,centroid_x,centroid_y,centroid_z,cluster_kmedoids,cluster_ward
AutoDock_Vina,Orai1WT-MDSnap-Fr300,2abp-nh2-OPT,1,/home/manndo/master_dev/posebusters_results/converted_pdbqt/Orai1WT-MDSnap-Fr300__2abp-nh2-OPT_vina_out_model1.sdf,-3.7373157894736844,23.555368421052634,25.472368421052632,0,0
AutoDock_Vina,Orai1WT-MDSnap-Fr300,2abp-nh2-OPT,10,/home/manndo/master_dev/posebusters_results/converted_pdbqt/Orai1WT-MDSnap-Fr300__2abp-nh2-OPT_vina_out_model10.sdf,-1.3087368421052632,6.088736842105262,-14.849842105263157,0,0
AutoDock_Vina,Orai1WT-MDSnap-Fr300,2abp-nh2-OPT,11,/home/manndo/master_dev/posebusters_results/converted_pdbqt/Orai1WT-MDSnap-Fr300__2abp-nh2-OPT_vina_out_model11.sdf,0.6495789473684211,4.057578947368421,-12.836947368421054,0,0
AutoDock_Vina,Orai1WT-MDSnap-Fr300,2abp-nh2-OPT,12,/home/manndo/master_dev/posebusters_results/converted_pdbqt/Orai1WT-MDSnap-Fr300__2abp-nh2-OPT_vina_out_model12.sdf,-8.612368421052631,-6.349315789473683,-27.18047368421053,0,0
AutoDock_Vina,Orai1WT-MDSnap-Fr300,2abp-nh2-OPT,13,/home/manndo/master_dev/posebusters_results/converted_pdbqt/Orai1WT-MDSnap-Fr300__2abp-nh2-OPT_vina_out_model13.sdf,-8.663157894736843,-6.216315789473683,-27.24363157894737,0,0
AutoDock_Vina,Orai1WT-MDSnap-Fr300,2abp-nh2-OPT,14,/home/manndo/master_dev/posebusters_results/converted_pdbqt/Orai1WT-MDSnap-Fr300__2abp-nh2-OPT_vina_out_model14.sdf,-1.0018947368421052,4.3707894736842094,19.383736842105264,0,0
AutoDock_Vina,Orai1WT-MDSnap-Fr300,2abp-nh2-OPT,15,/home/manndo/master_dev/posebusters_results/converted_pdbqt/Orai1WT-MDSnap-Fr300__2abp-nh2-OPT_vina_out_model15.sdf,-7.841157894736842,-6.282105263157895,-26.18568421052632,0,0
AutoDock_Vina,Orai1WT-MDSnap-Fr300,2abp-nh2-OPT,16,/home/manndo/master_dev/posebusters_results/converted_pdbqt/Orai1WT-MDSnap-Fr300__2abp-nh2-OPT_vina_out_model16.sdf,-0.8108947368421052,3.916684210526316,18.653736842105264,0,0
AutoDock_Vina,Orai1WT-MDSnap-Fr300,2abp-nh2-OPT,17,/home/manndo/master_dev/posebusters_results/converted_pdbqt/Orai1WT-MDSnap-Fr300__2abp-nh2-OPT_vina_out_model17.sdf,0.3666842105263156,4.0055263157894725,-8.571736842105263,0,0
AutoDock_Vina,Orai1WT-MDSnap-Fr300,2abp-nh2-OPT,18,/home/manndo/master_dev/posebusters_results/converted_pdbqt/Orai1WT-MDSnap-Fr300__2abp-nh2-OPT_vina_out_model18.sdf,15.857736842105265,-18.391000000000005,14.790315789473683,0,0
AutoDock_Vina,Orai1WT-MDSnap-Fr300,2abp-nh2-OPT,19,/home/manndo/master_dev/posebusters_results/converted_pdbqt/Orai1WT-MDSnap-Fr300__2abp-nh2-OPT_vina_out_model19.sdf,0.27442105263157895,4.060526315789474,-8.625789473684211,0,0
AutoDock_Vina,Orai1WT-MDSnap-Fr300,2abp-nh2-OPT,2,/home/manndo/master_dev/posebusters_results/converted_pdbqt/Orai1WT-MDSnap-Fr300__2abp-nh2-OPT_vina_out_model2.sdf,-6.530736842105263,-16.882526315789473,-32.71973684210527,0,0
AutoDock_Vina,Orai1WT-MDSnap-Fr300,2abp-nh2-OPT,20,/home/manndo/master_dev/posebusters_results/converted_pdbqt/Orai1WT-MDSnap-Fr300__2abp-nh2-OPT_vina_out_model20.sdf,-0.06900000000000009,3.800578947368421,-9.495315789473684,0,0
AutoDock_Vina,Orai1WT-MDSnap-Fr300,2abp-nh2-OPT,21,/home/manndo/master_dev/posebusters_results/converted_pdbqt/Orai1WT-MDSnap-Fr300__2abp-nh2-OPT_vina_out_model21.sdf,-7.971631578947368,-3.464526315789474,-27.28305263157895,0,0
AutoDock_Vina,Orai1WT-MDSnap-Fr300,2abp-nh2-OPT,22,/home/manndo/master_dev/posebusters_results/converted_pdbqt/Orai1WT-MDSnap-Fr300__2abp-nh2-OPT_vina_out_model22.sdf,-6.949315789473684,32.01763157894737,0.6455263157894737,0,0
AutoDock_Vina,Orai1WT-MDSnap-Fr300,2abp-nh2-OPT,23,/home/manndo/master_dev/posebusters_results/converted_pdbqt/Orai1WT-MDSnap-Fr300__2abp-nh2-OPT_vina_out_model23.sdf,-4.213526315789474,24.07163157894737,24.956526315789475,0,0
AutoDock_Vina,Orai1WT-MDSnap-Fr300,2abp-nh2-OPT,24,/home/manndo/master_dev/posebusters_results/converted_pdbqt/Orai1WT-MDSnap-Fr300__2abp-nh2-OPT_vina_out_model24.sdf,18.56747368421053,26.085578947368422,5.435894736842105,0,0
AutoDock_Vina,Orai1WT-MDSnap-Fr300,2abp-nh2-OPT,25,/home/manndo/master_dev/posebusters_results/converted_pdbqt/Orai1WT-MDSnap-Fr300__2abp-nh2-OPT_vina_out_model25.sdf,-4.0376315789473685,24.10415789473684,24.866210526315786,0,0
AutoDock_Vina,Orai1WT-MDSnap-Fr300,2abp-nh2-OPT,26,/home/manndo/master_dev/posebusters_results/converted_pdbqt/Orai1WT-MDSnap-Fr300__2abp-nh2-OPT_vina_out_model26.sdf,-4.6175263157894735,24.610315789473685,25.235210526315786,0,0
AutoDock_Vina,Orai1WT-MDSnap-Fr300,2abp-nh2-OPT,27,/home/manndo/master_dev/posebusters_results/converted_pdbqt/Orai1WT-MDSnap-Fr300__2abp-nh2-OPT_vina_out_model27.sdf,-1.0052631578947369,3.79142105263158,19.149315789473686,0,0
AutoDock_Vina,Orai1WT-MDSnap-Fr300,2abp-nh2-OPT,28,/home/manndo/master_dev/posebusters_results/converted_pdbqt/Orai1WT-MDSnap-Fr300__2abp-nh2-OPT_vina_out_model28.sdf,-8.480684210526313,-20.346526315789472,8.200999999999999,0,0
AutoDock_Vina,Orai1WT-MDSnap-Fr300,2abp-nh2-OPT,29,/home/manndo/master_dev/posebusters_results/converted_pdbqt/Orai1WT-MDSnap-Fr300__2abp-nh2-OPT_vina_out_model29.sdf,0.1901052631578947,26.964736842105264,-22.38121052631579,0,0
AutoDock_Vina,Orai1WT-MDSnap-Fr300,2abp-nh2-OPT,3,/home/manndo/master_dev/posebusters_results/converted_pdbqt/Orai1WT-MDSnap-Fr300__2abp-nh2-OPT_vina_out_model3.sdf,-6.5831052631578935,-16.949947368421054,-32.74578947368421,0,0
AutoDock_Vina,Orai1WT-MDSnap-Fr300,2abp-nh2-OPT,30,/home/manndo/master_dev/posebusters_results/converted_pdbqt/Orai1WT-MDSnap-Fr300__2abp-nh2-OPT_vina_out_model30.sdf,-12.935473684210526,-13.618789473684208,-34.55952631578948,0,0
AutoDock_Vina,Orai1WT-MDSnap-Fr300,2abp-nh2-OPT,4,/home/manndo/master_dev/posebusters_results/converted_pdbqt/Orai1WT-MDSnap-Fr300__2abp-nh2-OPT_vina_out_model4.sdf,-14.054315789473684,-8.121894736842105,20.418526315789478,0,0
AutoDock_Vina,Orai1WT-MDSnap-Fr300,2abp-nh2-OPT,5,/home/manndo/master_dev/posebusters_results/converted_pdbqt/Orai1WT-MDSnap-Fr300__2abp-nh2-OPT_vina_out_model5.sdf,24.548526315789477,9.500894736842104,11.367526315789474,0,0
AutoDock_Vina,Orai1WT-MDSnap-Fr300,2abp-nh2-OPT,6,/home/manndo/master_dev/posebusters_results/converted_pdbqt/Orai1WT-MDSnap-Fr300__2abp-nh2-OPT_vina_out_model6.sdf,-1.5294210526315792,6.3300526315789485,-14.760526315789473,0,0
AutoDock_Vina,Orai1WT-MDSnap-Fr300,2abp-nh2-OPT,7,/home/manndo/master_dev/posebusters_results/converted_pdbqt/Orai1WT-MDSnap-Fr300__2abp-nh2-OPT_vina_out_model7.sdf,-7.067105263157895,-6.38121052631579,-24.933578947368424,0,0
AutoDock_Vina,Orai1WT-MDSnap-Fr300,2abp-nh2-OPT,8,/home/manndo/master_dev/posebusters_results/converted_pdbqt/Orai1WT-MDSnap-Fr300__2abp-nh2-OPT_vina_out_model8.sdf,-7.6650526315789484,-6.538,-25.589421052631575,0,0
AutoDock_Vina,Orai1WT-MDSnap-Fr300,2abp-nh2-OPT,9,/home/manndo/master_dev/posebusters_results/converted_pdbqt/Orai1WT-MDSnap-Fr300__2abp-nh2-OPT_vina_out_model9.sdf,24.92342105263158,9.513105263157895,11.345105263157892,0,0
AutoDock_Vina,Orai1WT-MDSnap-Fr300,Synta-66-OPT-Singlet,1,/home/manndo/master_dev/posebusters_results/converted_pdbqt/Orai1WT-MDSnap-Fr300__Synta-66-OPT-Singlet_vina_out_model1.sdf,-4.060851851851852,21.818481481481484,-19.095481481481485,0,0
AutoDock_Vina,Orai1WT-MDSnap-Fr300,Synta-66-OPT-Singlet,10,/home/manndo/master_dev/posebusters_results/converted_pdbqt/Orai1WT-MDSnap-Fr300__Synta-66-OPT-Singlet_vina_out_model10.sdf,-9.393333333333334,-20.241333333333333,4.603592592592594,0,0
AutoDock_Vina,Orai1WT-MDSnap-Fr300,Synta-66-OPT-Singlet,11,/home/manndo/master_dev/posebusters_results/converted_pdbqt/Orai1WT-MDSnap-Fr300__Synta-66-OPT-Singlet_vina_out_model11.sdf,-0.45055555555555554,4.630481481481481,-5.876074074074076,0,0
AutoDock_Vina,Orai1WT-MDSnap-Fr300,Synta-66-OPT-Singlet,12,/home/manndo/master_dev/posebusters_results/converted_pdbqt/Orai1WT-MDSnap-Fr300__Synta-66-OPT-Singlet_vina_out_model12.sdf,3.5347777777777774,24.828814814814812,31.83392592592593,0,0
AutoDock_Vina,Orai1WT-MDSnap-Fr300,Synta-66-OPT-Singlet,13,/home/manndo/master_dev/posebusters_results/converted_pdbqt/Orai1WT-MDSnap-Fr300__Synta-66-OPT-Singlet_vina_out_model13.sdf,-8.760333333333334,-20.518703703703704,6.364222222222224,0,0
AutoDock_Vina,Orai1WT-MDSnap-Fr300,Synta-66-OPT-Singlet,14,/home/manndo/master_dev/posebusters_results/converted_pdbqt/Orai1WT-MDSnap-Fr300__Synta-66-OPT-Singlet_vina_out_model14.sdf,1.5915185185185183,4.275592592592592,-23.137777777777778,0,0
AutoDock_Vina,Orai1WT-MDSnap-Fr300,Synta-66-OPT-Singlet,15,/home/manndo/master_dev/posebusters_results/converted_pdbqt/Orai1WT-MDSnap-Fr300__Synta-66-OPT-Singlet_vina_out_model15.sdf,-12.427148148148147,-13.735666666666667,-34.632814814814814,0,0
AutoDock_Vina,Orai1WT-MDSnap-Fr300,Synta-66-OPT-Singlet,16,/home/manndo/master_dev/posebusters_results/converted_pdbqt/Orai1WT-MDSnap-Fr300__Synta-66-OPT-Singlet_vina_out_model16.sdf,-17.721999999999998,-7.521111111111112,17.54825925925926,0,0
AutoDock_Vina,Orai1WT-MDSnap-Fr300,Synta-66-OPT-Singlet,17,/home/manndo/master_dev/posebusters_results/converted_pdbqt/Orai1WT-MDSnap-Fr300__Synta-66-OPT-Singlet_vina_out_model17.sdf,24.1792962962963,12.26362962962963,11.529185185185186,0,0
AutoDock_Vina,Orai1WT-MDSnap-Fr300,Synta-66-OPT-Singlet,18,/home/manndo/master_dev/posebusters_results/converted_pdbqt/Orai1WT-MDSnap-Fr300__Synta-66-OPT-Singlet_vina_out_model18.sdf,3.4615555555555564,26.794074074074075,-23.78437037037038,0,0
AutoDock_Vina,Orai1WT-MDSnap-Fr300,Synta-66-OPT-Singlet,19,/home/manndo/master_dev/posebusters_results/converted_pdbqt/Orai1WT-MDSnap-Fr300__Synta-66-OPT-Singlet_vina_out_model19.sdf,4.149296296296296,26.547259259259256,-24.35537037037037,0,0
AutoDock_Vina,Orai1WT-MDSnap-Fr300,Synta-66-OPT-Singlet,2,/home/manndo/master_dev/posebusters_results/converted_pdbqt/Orai1WT-MDSnap-Fr300__Synta-66-OPT-Singlet_vina_out_model2.sdf,-3.2154814814814814,23.153925925925925,-20.599962962962966,0,0
AutoDock_Vina,Orai1WT-MDSnap-Fr300,Synta-66-OPT-Singlet,20,/home/manndo/master_dev/posebusters_results/converted_pdbqt/Orai1WT-MDSnap-Fr300__Synta-66-OPT-Singlet_vina_out_model20.sdf,-9.018407407407407,-21.219370370370367,0.31744444444444464,0,0
AutoDock_Vina,Orai1WT-MDSnap-Fr300,Synta-66-OPT-Singlet,21,/home/manndo/master_dev/posebusters_results/converted_pdbqt/Orai1WT-MDSnap-Fr300__Synta-66-OPT-Singlet_vina_out_model21.sdf,3.8690370370370366,26.552703703703703,-23.99529629629629,0,0
AutoDock_Vina,Orai1WT-MDSnap-Fr300,Synta-66-OPT-Singlet,22,/home/manndo/master_dev/posebusters_results/converted_pdbqt/Orai1WT-MDSnap-Fr300__Synta-66-OPT-Singlet_vina_out_model22.sdf,0.6435555555555554,2.8889259259259243,23.946259259259257,0,0
AutoDock_Vina,Orai1WT-MDSnap-Fr300,Synta-66-OPT-Singlet,23,/home/manndo/master_dev/posebusters_results/converted_pdbqt/Orai1WT-MDSnap-Fr300__Synta-66-OPT-Singlet_vina_out_model23.sdf,0.8985185185185187,3.0928148148148145,24.351888888888887,0,0
AutoDock_Vina,Orai1WT-MDSnap-Fr300,Synta-66-OPT-Singlet,24,/home/manndo/master_dev/posebusters_results/converted_pdbqt/Orai1WT-MDSnap-Fr300__Synta-66-OPT-Singlet_vina_out_model24.sdf,-13.430925925925928,-12.99911111111111,-35.4298888888889,0,0
AutoDock_Vina,Orai1WT-MDSnap-Fr300,Synta-66-OPT-Singlet,25,/home/manndo/master_dev/posebusters_results/converted_pdbqt/Orai1WT-MDSnap-Fr300__Synta-66-OPT-Singlet_vina_out_model25.sdf,0.15874074074074074,2.391740740740741,22.601481481481482,0,0
AutoDock_Vina,Orai1WT-MDSnap-Fr300,Synta-66-OPT-Singlet,26,/home/manndo/master_dev/posebusters_results/converted_pdbqt/Orai1WT-MDSnap-Fr300__Synta-66-OPT-Singlet_vina_out_model26.sdf,-7.397222222222223,-20.555185185185177,8.814444444444446,0,0
AutoDock_Vina,Orai1WT-MDSnap-Fr300,Synta-66-OPT-Singlet,27,/home/manndo/master_dev/posebusters_results/converted_pdbqt/Orai1WT-MDSnap-Fr300__Synta-66-OPT-Singlet_vina_out_model27.sdf,3.079111111111111,26.993037037037038,-23.346259259259256,0,0
AutoDock_Vina,Orai1WT-MDSnap-Fr300,Synta-66-OPT-Singlet,28,/home/manndo/master_dev/posebusters_results/converted_pdbqt/Orai1WT-MDSnap-Fr300__Synta-66-OPT-Singlet_vina_out_model28.sdf,-6.8692222222222235,3.3161111111111117,26.298814814814822,0,0
AutoDock_Vina,Orai1WT-MDSnap-Fr300,Synta-66-OPT-Singlet,29,/home/manndo/master_dev/posebusters_results/converted_pdbqt/Orai1WT-MDSnap-Fr300__Synta-66-OPT-Singlet_vina_out_model29.sdf,-13.590148148148147,-12.75825925925926,-35.30374074074074,0,0
AutoDock_Vina,Orai1WT-MDSnap-Fr300,Synta-66-OPT-Singlet,3,/home/manndo/master_dev/posebusters_results/converted_pdbqt/Orai1WT-MDSnap-Fr300__Synta-66-OPT-Singlet_vina_out_model3.sdf,-7.421777777777777,-4.706851851851852,-25.78825925925926,0,0
AutoDock_Vina,Orai1WT-MDSnap-Fr300,Synta-66-OPT-Singlet,30,/home/manndo/master_dev/posebusters_results/converted_pdbqt/Orai1WT-MDSnap-Fr300__Synta-66-OPT-Singlet_vina_out_model30.sdf,-7.797037037037036,-4.941851851851852,-27.720370370370365,0,0
AutoDock_Vina,Orai1WT-MDSnap-Fr300,Synta-66-OPT-Singlet,4,/home/manndo/master_dev/posebusters_results/converted_pdbqt/Orai1WT-MDSnap-Fr300__Synta-66-OPT-Singlet_vina_out_model4.sdf,-7.395296296296296,-4.61225925925926,-25.78714814814814,0,0
AutoDock_Vina,Orai1WT-MDSnap-Fr300,Synta-66-OPT-Singlet,5,/home/manndo/master_dev/posebusters_results/converted_pdbqt/Orai1WT-MDSnap-Fr300__Synta-66-OPT-Singlet_vina_out_model5.sdf,-9.282074074074073,-19.795555555555556,4.8084444444444445,0,0
AutoDock_Vina,Orai1WT-MDSnap-Fr300,Synta-66-OPT-Singlet,6,/home/manndo/master_dev/posebusters_results/converted_pdbqt/Orai1WT-MDSnap-Fr300__Synta-66-OPT-Singlet_vina_out_model6.sdf,-7.276037037037038,-5.052555555555556,-25.582740740740743,0,0
AutoDock_Vina,Orai1WT-MDSnap-Fr300,Synta-66-OPT-Singlet,7,/home/manndo/master_dev/posebusters_results/converted_pdbqt/Orai1WT-MDSnap-Fr300__Synta-66-OPT-Singlet_vina_out_model7.sdf,-1.696925925925926,24.31844444444444,-20.80366666666667,0,0
AutoDock_Vina,Orai1WT-MDSnap-Fr300,Synta-66-OPT-Singlet,8,/home/manndo/master_dev/posebusters_results/converted_pdbqt/Orai1WT-MDSnap-Fr300__Synta-66-OPT-Singlet_vina_out_model8.sdf,-14.445814814814817,24.128740740740742,9.56225925925926,0,0
AutoDock_Vina,Orai1WT-MDSnap-Fr300,Synta-66-OPT-Singlet,9,/home/manndo/master_dev/posebusters_results/converted_pdbqt/Orai1WT-MDSnap-Fr300__Synta-66-OPT-Singlet_vina_out_model9.sdf,0.5592962962962963,3.926481481481482,-6.795666666666664,0,0
AutoDock_Vina,Orai1WT-MDSnap-Fr300,gsk7975a-deprot-OPT,1,/home/manndo/master_dev/posebusters_results/converted_pdbqt/Orai1WT-MDSnap-Fr300__gsk7975a-deprot-OPT_vina_out_model1.sdf,-7.555275862068964,-7.306103448275861,-25.802724137931033,0,5
AutoDock_Vina,Orai1WT-MDSnap-Fr300,gsk7975a-deprot-OPT,10,/home/manndo/master_dev/posebusters_results/converted_pdbqt/Orai1WT-MDSnap-Fr300__gsk7975a-deprot-OPT_vina_out_model10.sdf,-8.42903448275862,-4.226965517241379,-26.63737931034483,0,5
AutoDock_Vina,Orai1WT-MDSnap-Fr300,gsk7975a-deprot-OPT,11,/home/manndo/master_dev/posebusters_results/converted_pdbqt/Orai1WT-MDSnap-Fr300__gsk7975a-deprot-OPT_vina_out_model11.sdf,-7.75996551724138,-3.9811724137931037,-26.210655172413787,0,5
AutoDock_Vina,Orai1WT-MDSnap-Fr300,gsk7975a-deprot-OPT,12,/home/manndo/master_dev/posebusters_results/converted_pdbqt/Orai1WT-MDSnap-Fr300__gsk7975a-deprot-OPT_vina_out_model12.sdf,-7.6995172413793105,-3.6108620689655173,-25.434931034482766,0,5
AutoDock_Vina,Orai1WT-MDSnap-Fr300,gsk7975a-deprot-OPT,13,/home/manndo/master_dev/posebusters_results/converted_pdbqt/Orai1WT-MDSnap-Fr300__gsk7975a-deprot-OPT_vina_out_model13.sdf,-8.992413793103447,-20.89210344827586,2.692862068965517,7,7
AutoDock_Vina,Orai1WT-MDSnap-Fr300,gsk7975a-deprot-OPT,14,/home/manndo/master_dev/posebusters_results/converted_pdbqt/Orai1WT-MDSnap-Fr300__gsk7975a-deprot-OPT_vina_out_model14.sdf,-9.12520689655172,-20.795517241379308,3.1420689655172414,7,7
AutoDock_Vina,Orai1WT-MDSnap-Fr300,gsk7975a-deprot-OPT,15,/home/manndo/master_dev/posebusters_results/converted_pdbqt/Orai1WT-MDSnap-Fr300__gsk7975a-deprot-OPT_vina_out_model15.sdf,23.30541379310345,12.320379310344826,11.39872413793103,6,2
AutoDock_Vina,Orai1WT-MDSnap-Fr300,gsk7975a-deprot-OPT,16,/home/manndo/master_dev/posebusters_results/converted_pdbqt/Orai1WT-MDSnap-Fr300__gsk7975a-deprot-OPT_vina_out_model16.sdf,-8.73031034482759,-20.02358620689655,3.559172413793103,7,7
AutoDock_Vina,Orai1WT-MDSnap-Fr300,gsk7975a-deprot-OPT,17,/home/manndo/master_dev/posebusters_results/converted_pdbqt/Orai1WT-MDSnap-Fr300__gsk7975a-deprot-OPT_vina_out_model17.sdf,-8.894517241379312,-20.765137931034484,5.918689655172414,7,7
AutoDock_Vina,Orai1WT-MDSnap-Fr300,gsk7975a-deprot-OPT,18,/home/manndo/master_dev/posebusters_results/converted_pdbqt/Orai1WT-MDSnap-Fr300__gsk7975a-deprot-OPT_vina_out_model18.sdf,-8.526241379310344,-5.0553448275862065,-27.51479310344828,0,5
AutoDock_Vina,Orai1WT-MDSnap-Fr300,gsk7975a-deprot-OPT,19,/home/manndo/master_dev/posebusters_results/converted_pdbqt/Orai1WT-MDSnap-Fr300__gsk7975a-deprot-OPT_vina_out_model19.sdf,0.28058620689655184,26.529862068965517,-24.406758620689658,2,4
AutoDock_Vina,Orai1WT-MDSnap-Fr300,gsk7975a-deprot-OPT,2,/home/manndo/master_dev/posebusters_results/converted_pdbqt/Orai1WT-MDSnap-Fr300__gsk7975a-deprot-OPT_vina_out_model2.sdf,2.792655172413794,33.40527586206896,15.073999999999998,6,2
AutoDock_Vina,Orai1WT-MDSnap-Fr300,gsk7975a-deprot-OPT,20,/home/manndo/master_dev/posebusters_results/converted_pdbqt/Orai1WT-MDSnap-Fr300__gsk7975a-deprot-OPT_vina_out_model20.sdf,-8.829413793103448,-20.10506896551724,4.872827586206896,7,7
AutoDock_Vina,Orai1WT-MDSnap-Fr300,gsk7975a-deprot-OPT,21,/home/manndo/master_dev/posebusters_results/converted_pdbqt/Orai1WT-MDSnap-Fr300__gsk7975a-deprot-OPT_vina_out_model21.sdf,-8.067724137931034,-3.3237241379310345,-26.541827586206896,0,5
AutoDock_Vina,Orai1WT-MDSnap-Fr300,gsk7975a-deprot-OPT,22,/home/manndo/master_dev/posebusters_results/converted_pdbqt/Orai1WT-MDSnap-Fr300__gsk7975a-deprot-OPT_vina_out_model22.sdf,-0.0030689655172413477,4.907965517241378,-4.766586206896552,4,9
AutoDock_Vina,Orai1WT-MDSnap-Fr300,gsk7975a-deprot-OPT,23,/home/manndo/master_dev/posebusters_results/converted_pdbqt/Orai1WT-MDSnap-Fr300__gsk7975a-deprot-OPT_vina_out_model23.sdf,-8.399379310344829,-19.65537931034483,8.96296551724138,7,7
AutoDock_Vina,Orai1WT-MDSnap-Fr300,gsk7975a-deprot-OPT,24,/home/manndo/master_dev/posebusters_results/converted_pdbqt/Orai1WT-MDSnap-Fr300__gsk7975a-deprot-OPT_vina_out_model24.sdf,0.4897241379310345,4.645586206896551,-4.387999999999999,4,9
AutoDock_Vina,Orai1WT-MDSnap-Fr300,gsk7975a-deprot-OPT,25,/home/manndo/master_dev/posebusters_results/converted_pdbqt/Orai1WT-MDSnap-Fr300__gsk7975a-deprot-OPT_vina_out_model25.sdf,1.4569655172413796,3.6166551724137936,-5.157379310344828,4,9
AutoDock_Vina,Orai1WT-MDSnap-Fr300,gsk7975a-deprot-OPT,26,/home/manndo/master_dev/posebusters_results/converted_pdbqt/Orai1WT-MDSnap-Fr300__gsk7975a-deprot-OPT_vina_out_model26.sdf,-9.181896551724137,-20.47051724137931,2.4329310344827584,7,7
AutoDock_Vina,Orai1WT-MDSnap-Fr300,gsk7975a-deprot-OPT,27,/home/manndo/master_dev/posebusters_results/converted_pdbqt/Orai1WT-MDSnap-Fr300__gsk7975a-deprot-OPT_vina_out_model27.sdf,24.26165517241379,12.412724137931036,10.639275862068965,6,2
AutoDock_Vina,Orai1WT-MDSnap-Fr300,gsk7975a-deprot-OPT,28,/home/manndo/master_dev/posebusters_results/converted_pdbqt/Orai1WT-MDSnap-Fr300__gsk7975a-deprot-OPT_vina_out_model28.sdf,0.6605172413793106,2.8153448275862067,21.579862068965515,6,3
AutoDock_Vina,Orai1WT-MDSnap-Fr300,gsk7975a-deprot-OPT,29,/home/manndo/master_dev/posebusters_results/converted_pdbqt/Orai1WT-MDSnap-Fr300__gsk7975a-deprot-OPT_vina_out_model29.sdf,5.836965517241379,16.368620689655174,-28.64610344827586,2,8
AutoDock_Vina,Orai1WT-MDSnap-Fr300,gsk7975a-deprot-OPT,3,/home/manndo/master_dev/posebusters_results/converted_pdbqt/Orai1WT-MDSnap-Fr300__gsk7975a-deprot-OPT_vina_out_model3.sdf,-7.188413793103449,-4.685896551724136,-25.21972413793104,0,5
AutoDock_Vina,Orai1WT-MDSnap-Fr300,gsk7975a-deprot-OPT,30,/home/manndo/master_dev/posebusters_results/converted_pdbqt/Orai1WT-MDSnap-Fr300__gsk7975a-deprot-OPT_vina_out_model30.sdf,-13.404862068965517,-14.011758620689658,-35.05568965517241,0,5
AutoDock_Vina,Orai1WT-MDSnap-Fr300,gsk7975a-deprot-OPT,4,/home/manndo/master_dev/posebusters_results/converted_pdbqt/Orai1WT-MDSnap-Fr300__gsk7975a-deprot-OPT_vina_out_model4.sdf,-0.8773793103448275,4.499068965517241,-12.295172413793102,4,9
AutoDock_Vina,Orai1WT-MDSnap-Fr300,gsk7975a-deprot-OPT,5,/home/manndo/master_dev/posebusters_results/converted_pdbqt/Orai1WT-MDSnap-Fr300__gsk7975a-deprot-OPT_vina_out_model5.sdf,-8.894862068965516,-6.434103448275862,-27.395793103448273,0,5
AutoDock_Vina,Orai1WT-MDSnap-Fr300,gsk7975a-deprot-OPT,6,/home/manndo/master_dev/posebusters_results/converted_pdbqt/Orai1WT-MDSnap-Fr300__gsk7975a-deprot-OPT_vina_out_model6.sdf,-9.643793103448276,-20.538931034482765,5.5877241379310325,7,7
AutoDock_Vina,Orai1WT-MDSnap-Fr300,gsk7975a-deprot-OPT,7,/home/manndo/master_dev/posebusters_results/converted_pdbqt/Orai1WT-MDSnap-Fr300__gsk7975a-deprot-OPT_vina_out_model7.sdf,0.2508620689655172,4.37696551724138,-11.12762068965517,4,9
AutoDock_Vina,Orai1WT-MDSnap-Fr300,gsk7975a-deprot-OPT,8,/home/manndo/master_dev/posebusters_results/converted_pdbqt/Orai1WT-MDSnap-Fr300__gsk7975a-deprot-OPT_vina_out_model8.sdf,0.6030689655172414,4.124896551724137,-4.7189310344827575,4,9
AutoDock_Vina,Orai1WT-MDSnap-Fr300,gsk7975a-deprot-OPT,9,/home/manndo/master_dev/posebusters_results/converted_pdbqt/Orai1WT-MDSnap-Fr300__gsk7975a-deprot-OPT_vina_out_model9.sdf,-9.414344827586206,-20.157172413793102,5.85451724137931,7,7
AutoDock_Vina,Orai1WT-MDSnap-Fr300,gsk7975a-prot-OPT,1,/home/manndo/master_dev/posebusters_results/converted_pdbqt/Orai1WT-MDSnap-Fr300__gsk7975a-prot-OPT_vina_out_model1.sdf,-7.341233333333334,-7.3291,-25.763399999999994,0,0
AutoDock_Vina,Orai1WT-MDSnap-Fr300,gsk7975a-prot-OPT,10,/home/manndo/master_dev/posebusters_results/converted_pdbqt/Orai1WT-MDSnap-Fr300__gsk7975a-prot-OPT_vina_out_model10.sdf,-9.704766666666664,-20.598266666666664,5.828766666666666,0,0
AutoDock_Vina,Orai1WT-MDSnap-Fr300,gsk7975a-prot-OPT,11,/home/manndo/master_dev/posebusters_results/converted_pdbqt/Orai1WT-MDSnap-Fr300__gsk7975a-prot-OPT_vina_out_model11.sdf,-8.583066666666667,-4.176466666666667,-26.909666666666666,0,0
AutoDock_Vina,Orai1WT-MDSnap-Fr300,gsk7975a-prot-OPT,12,/home/manndo/master_dev/posebusters_results/converted_pdbqt/Orai1WT-MDSnap-Fr300__gsk7975a-prot-OPT_vina_out_model12.sdf,-9.7182,-20.586566666666666,5.792299999999998,0,0
AutoDock_Vina,Orai1WT-MDSnap-Fr300,gsk7975a-prot-OPT,13,/home/manndo/master_dev/posebusters_results/converted_pdbqt/Orai1WT-MDSnap-Fr300__gsk7975a-prot-OPT_vina_out_model13.sdf,-9.284933333333333,-20.5551,6.118200000000001,0,0
AutoDock_Vina,Orai1WT-MDSnap-Fr300,gsk7975a-prot-OPT,14,/home/manndo/master_dev/posebusters_results/converted_pdbqt/Orai1WT-MDSnap-Fr300__gsk7975a-prot-OPT_vina_out_model14.sdf,-8.325766666666667,-4.3282,-25.529000000000007,0,0
AutoDock_Vina,Orai1WT-MDSnap-Fr300,gsk7975a-prot-OPT,15,/home/manndo/master_dev/posebusters_results/converted_pdbqt/Orai1WT-MDSnap-Fr300__gsk7975a-prot-OPT_vina_out_model15.sdf,-0.10466666666666656,4.3439000000000005,-10.949200000000001,0,0
AutoDock_Vina,Orai1WT-MDSnap-Fr300,gsk7975a-prot-OPT,16,/home/manndo/master_dev/posebusters_results/converted_pdbqt/Orai1WT-MDSnap-Fr300__gsk7975a-prot-OPT_vina_out_model16.sdf,5.188999999999999,16.148799999999994,-28.147766666666673,0,0
AutoDock_Vina,Orai1WT-MDSnap-Fr300,gsk7975a-prot-OPT,17,/home/manndo/master_dev/posebusters_results/converted_pdbqt/Orai1WT-MDSnap-Fr300__gsk7975a-prot-OPT_vina_out_model17.sdf,11.892166666666668,27.42793333333334,19.562966666666664,0,0
AutoDock_Vina,Orai1WT-MDSnap-Fr300,gsk7975a-prot-OPT,18,/home/manndo/master_dev/posebusters_results/converted_pdbqt/Orai1WT-MDSnap-Fr300__gsk7975a-prot-OPT_vina_out_model18.sdf,-7.841666666666669,-3.5669,-26.85276666666667,0,0
AutoDock_Vina,Orai1WT-MDSnap-Fr300,gsk7975a-prot-OPT,19,/home/manndo/master_dev/posebusters_results/converted_pdbqt/Orai1WT-MDSnap-Fr300__gsk7975a-prot-OPT_vina_out_model19.sdf,12.516966666666665,26.57076666666667,19.195966666666667,0,0
AutoDock_Vina,Orai1WT-MDSnap-Fr300,gsk7975a-prot-OPT,2,/home/manndo/master_dev/posebusters_results/converted_pdbqt/Orai1WT-MDSnap-Fr300__gsk7975a-prot-OPT_vina_out_model2.sdf,-5.759033333333334,-7.401333333333333,-24.94093333333333,0,0
AutoDock_Vina,Orai1WT-MDSnap-Fr300,gsk7975a-prot-OPT,20,/home/manndo/master_dev/posebusters_results/converted_pdbqt/Orai1WT-MDSnap-Fr300__gsk7975a-prot-OPT_vina_out_model20.sdf,-9.054100000000002,-20.597300000000004,4.083266666666666,0,0
AutoDock_Vina,Orai1WT-MDSnap-Fr300,gsk7975a-prot-OPT,21,/home/manndo/master_dev/posebusters_results/converted_pdbqt/Orai1WT-MDSnap-Fr300__gsk7975a-prot-OPT_vina_out_model21.sdf,-7.943766666666668,-3.1806666666666668,-26.583633333333342,0,0
AutoDock_Vina,Orai1WT-MDSnap-Fr300,gsk7975a-prot-OPT,22,/home/manndo/master_dev/posebusters_results/converted_pdbqt/Orai1WT-MDSnap-Fr300__gsk7975a-prot-OPT_vina_out_model22.sdf,-14.535566666666664,25.495699999999996,-11.199633333333333,0,0
AutoDock_Vina,Orai1WT-MDSnap-Fr300,gsk7975a-prot-OPT,23,/home/manndo/master_dev/posebusters_results/converted_pdbqt/Orai1WT-MDSnap-Fr300__gsk7975a-prot-OPT_vina_out_model23.sdf,23.305633333333333,12.694899999999997,11.521833333333337,0,0
AutoDock_Vina,Orai1WT-MDSnap-Fr300,gsk7975a-prot-OPT,24,/home/manndo/master_dev/posebusters_results/converted_pdbqt/Orai1WT-MDSnap-Fr300__gsk7975a-prot-OPT_vina_out_model24.sdf,-0.048800000000000336,26.49673333333333,-24.71006666666667,0,0
AutoDock_Vina,Orai1WT-MDSnap-Fr300,gsk7975a-prot-OPT,25,/home/manndo/master_dev/posebusters_results/converted_pdbqt/Orai1WT-MDSnap-Fr300__gsk7975a-prot-OPT_vina_out_model25.sdf,-7.775999999999999,-3.4467666666666665,-26.47206666666666,0,0
AutoDock_Vina,Orai1WT-MDSnap-Fr300,gsk7975a-prot-OPT,26,/home/manndo/master_dev/posebusters_results/converted_pdbqt/Orai1WT-MDSnap-Fr300__gsk7975a-prot-OPT_vina_out_model26.sdf,-8.0,-5.6043666666666665,-27.319833333333335,0,0
AutoDock_Vina,Orai1WT-MDSnap-Fr300,gsk7975a-prot-OPT,27,/home/manndo/master_dev/posebusters_results/converted_pdbqt/Orai1WT-MDSnap-Fr300__gsk7975a-prot-OPT_vina_out_model27.sdf,-9.229066666666665,-20.6953,4.571433333333332,0,0
AutoDock_Vina,Orai1WT-MDSnap-Fr300,gsk7975a-prot-OPT,28,/home/manndo/master_dev/posebusters_results/converted_pdbqt/Orai1WT-MDSnap-Fr300__gsk7975a-prot-OPT_vina_out_model28.sdf,23.88276666666666,12.507366666666666,10.803433333333334,0,0
AutoDock_Vina,Orai1WT-MDSnap-Fr300,gsk7975a-prot-OPT,29,/home/manndo/master_dev/posebusters_results/converted_pdbqt/Orai1WT-MDSnap-Fr300__gsk7975a-prot-OPT_vina_out_model29.sdf,-8.767433333333333,-20.185699999999994,5.579433333333332,0,0
AutoDock_Vina,Orai1WT-MDSnap-Fr300,gsk7975a-prot-OPT,3,/home/manndo/master_dev/posebusters_results/converted_pdbqt/Orai1WT-MDSnap-Fr300__gsk7975a-prot-OPT_vina_out_model3.sdf,-6.9819666666666675,-4.860466666666667,-25.145266666666664,0,0
AutoDock_Vina,Orai1WT-MDSnap-Fr300,gsk7975a-prot-OPT,30,/home/manndo/master_dev/posebusters_results/converted_pdbqt/Orai1WT-MDSnap-Fr300__gsk7975a-prot-OPT_vina_out_model30.sdf,-8.973233333333335,-19.797200000000007,6.993800000000001,0,0
AutoDock_Vina,Orai1WT-MDSnap-Fr300,gsk7975a-prot-OPT,4,/home/manndo/master_dev/posebusters_results/converted_pdbqt/Orai1WT-MDSnap-Fr300__gsk7975a-prot-OPT_vina_out_model4.sdf,-0.9484666666666667,4.467666666666668,-12.1951,0,0
AutoDock_Vina,Orai1WT-MDSnap-Fr300,gsk7975a-prot-OPT,5,/home/manndo/master_dev/posebusters_results/converted_pdbqt/Orai1WT-MDSnap-Fr300__gsk7975a-prot-OPT_vina_out_model5.sdf,-7.1084,-5.232166666666668,-25.206166666666668,0,0
AutoDock_Vina,Orai1WT-MDSnap-Fr300,gsk7975a-prot-OPT,6,/home/manndo/master_dev/posebusters_results/converted_pdbqt/Orai1WT-MDSnap-Fr300__gsk7975a-prot-OPT_vina_out_model6.sdf,-9.112166666666667,-6.7242999999999995,-27.41656666666666,0,0
AutoDock_Vina,Orai1WT-MDSnap-Fr300,gsk7975a-prot-OPT,7,/home/manndo/master_dev/posebusters_results/converted_pdbqt/Orai1WT-MDSnap-Fr300__gsk7975a-prot-OPT_vina_out_model7.sdf,0.28710000000000024,4.354733333333334,-10.892366666666668,0,0
AutoDock_Vina,Orai1WT-MDSnap-Fr300,gsk7975a-prot-OPT,8,/home/manndo/master_dev/posebusters_results/converted_pdbqt/Orai1WT-MDSnap-Fr300__gsk7975a-prot-OPT_vina_out_model8.sdf,-8.572033333333335,-6.452166666666668,-27.38233333333333,0,0
AutoDock_Vina,Orai1WT-MDSnap-Fr300,gsk7975a-prot-OPT,9,/home/manndo/master_dev/posebusters_results/converted_pdbqt/Orai1WT-MDSnap-Fr300__gsk7975a-prot-OPT_vina_out_model9.sdf,-7.720766666666668,-3.4668666666666668,-25.61786666666667,0,0
AutoDock_Vina,Orai1WT-MDSnap-Fr300_cleaned,2abp-nh2-OPT,1,/home/manndo/master_dev/posebusters_results/converted_pdbqt/Orai1WT-MDSnap-Fr300_cleaned__2abp-nh2-OPT_vina_out_model1.sdf,25.38331578947368,9.295526315789473,10.577842105263155,3,6
AutoDock_Vina,Orai1WT-MDSnap-Fr300_cleaned,2abp-nh2-OPT,10,/home/manndo/master_dev/posebusters_results/converted_pdbqt/Orai1WT-MDSnap-Fr300_cleaned__2abp-nh2-OPT_vina_out_model10.sdf,-4.998157894736842,24.02268421052631,24.389526315789478,2,1
AutoDock_Vina,Orai1WT-MDSnap-Fr300_cleaned,2abp-nh2-OPT,11,/home/manndo/master_dev/posebusters_results/converted_pdbqt/Orai1WT-MDSnap-Fr300_cleaned__2abp-nh2-OPT_vina_out_model11.sdf,-4.075052631578949,24.64584210526316,24.50784210526316,2,1
AutoDock_Vina,Orai1WT-MDSnap-Fr300_cleaned,2abp-nh2-OPT,12,/home/manndo/master_dev/posebusters_results/converted_pdbqt/Orai1WT-MDSnap-Fr300_cleaned__2abp-nh2-OPT_vina_out_model12.sdf,-1.3661578947368422,25.955315789473687,28.052210526315793,2,1
AutoDock_Vina,Orai1WT-MDSnap-Fr300_cleaned,2abp-nh2-OPT,13,/home/manndo/master_dev/posebusters_results/converted_pdbqt/Orai1WT-MDSnap-Fr300_cleaned__2abp-nh2-OPT_vina_out_model13.sdf,-14.523052631578949,-8.971631578947367,19.85147368421053,8,3
AutoDock_Vina,Orai1WT-MDSnap-Fr300_cleaned,2abp-nh2-OPT,14,/home/manndo/master_dev/posebusters_results/converted_pdbqt/Orai1WT-MDSnap-Fr300_cleaned__2abp-nh2-OPT_vina_out_model14.sdf,-1.307736842105263,4.357210526315789,19.90442105263158,5,8
AutoDock_Vina,Orai1WT-MDSnap-Fr300_cleaned,2abp-nh2-OPT,15,/home/manndo/master_dev/posebusters_results/converted_pdbqt/Orai1WT-MDSnap-Fr300_cleaned__2abp-nh2-OPT_vina_out_model15.sdf,20.283315789473676,-18.04952631578947,15.010105263157898,4,2
AutoDock_Vina,Orai1WT-MDSnap-Fr300_cleaned,2abp-nh2-OPT,16,/home/manndo/master_dev/posebusters_results/converted_pdbqt/Orai1WT-MDSnap-Fr300_cleaned__2abp-nh2-OPT_vina_out_model16.sdf,-8.688157894736843,-19.696842105263155,9.02357894736842,8,3
AutoDock_Vina,Orai1WT-MDSnap-Fr300_cleaned,2abp-nh2-OPT,17,/home/manndo/master_dev/posebusters_results/converted_pdbqt/Orai1WT-MDSnap-Fr300_cleaned__2abp-nh2-OPT_vina_out_model17.sdf,16.101947368421055,-18.070947368421056,14.802631578947368,4,2
AutoDock_Vina,Orai1WT-MDSnap-Fr300_cleaned,2abp-nh2-OPT,18,/home/manndo/master_dev/posebusters_results/converted_pdbqt/Orai1WT-MDSnap-Fr300_cleaned__2abp-nh2-OPT_vina_out_model18.sdf,3.2451578947368427,27.147684210526318,-23.9388947368421,6,4
AutoDock_Vina,Orai1WT-MDSnap-Fr300_cleaned,2abp-nh2-OPT,19,/home/manndo/master_dev/posebusters_results/converted_pdbqt/Orai1WT-MDSnap-Fr300_cleaned__2abp-nh2-OPT_vina_out_model19.sdf,-14.568421052631583,-9.423105263157893,21.35226315789474,8,3
AutoDock_Vina,Orai1WT-MDSnap-Fr300_cleaned,2abp-nh2-OPT,2,/home/manndo/master_dev/posebusters_results/converted_pdbqt/Orai1WT-MDSnap-Fr300_cleaned__2abp-nh2-OPT_vina_out_model2.sdf,25.184894736842107,9.267,10.821631578947368,3,6
AutoDock_Vina,Orai1WT-MDSnap-Fr300_cleaned,2abp-nh2-OPT,20,/home/manndo/master_dev/posebusters_results/converted_pdbqt/Orai1WT-MDSnap-Fr300_cleaned__2abp-nh2-OPT_vina_out_model20.sdf,16.904105263157895,-17.590894736842106,14.582684210526317,4,2
AutoDock_Vina,Orai1WT-MDSnap-Fr300_cleaned,2abp-nh2-OPT,21,/home/manndo/master_dev/posebusters_results/converted_pdbqt/Orai1WT-MDSnap-Fr300_cleaned__2abp-nh2-OPT_vina_out_model21.sdf,-6.569947368421053,-16.91784210526316,-32.92810526315789,1,0
AutoDock_Vina,Orai1WT-MDSnap-Fr300_cleaned,2abp-nh2-OPT,22,/home/manndo/master_dev/posebusters_results/converted_pdbqt/Orai1WT-MDSnap-Fr300_cleaned__2abp-nh2-OPT_vina_out_model22.sdf,2.4757894736842108,27.168315789473688,-23.879210526315795,6,4
AutoDock_Vina,Orai1WT-MDSnap-Fr300_cleaned,2abp-nh2-OPT,23,/home/manndo/master_dev/posebusters_results/converted_pdbqt/Orai1WT-MDSnap-Fr300_cleaned__2abp-nh2-OPT_vina_out_model23.sdf,19.020631578947366,-14.718736842105267,-29.103631578947365,0,7
AutoDock_Vina,Orai1WT-MDSnap-Fr300_cleaned,2abp-nh2-OPT,24,/home/manndo/master_dev/posebusters_results/converted_pdbqt/Orai1WT-MDSnap-Fr300_cleaned__2abp-nh2-OPT_vina_out_model24.sdf,-6.999736842105265,32.06473684210526,0.5227368421052632,9,5
AutoDock_Vina,Orai1WT-MDSnap-Fr300_cleaned,2abp-nh2-OPT,25,/home/manndo/master_dev/posebusters_results/converted_pdbqt/Orai1WT-MDSnap-Fr300_cleaned__2abp-nh2-OPT_vina_out_model25.sdf,0.44089473684210523,3.198684210526315,21.559210526315784,5,8
AutoDock_Vina,Orai1WT-MDSnap-Fr300_cleaned,2abp-nh2-OPT,26,/home/manndo/master_dev/posebusters_results/converted_pdbqt/Orai1WT-MDSnap-Fr300_cleaned__2abp-nh2-OPT_vina_out_model26.sdf,-4.642052631578947,-14.969789473684212,-32.761315789473684,1,0
AutoDock_Vina,Orai1WT-MDSnap-Fr300_cleaned,2abp-nh2-OPT,27,/home/manndo/master_dev/posebusters_results/converted_pdbqt/Orai1WT-MDSnap-Fr300_cleaned__2abp-nh2-OPT_vina_out_model27.sdf,-1.227,4.0302105263157895,19.91210526315789,5,8
AutoDock_Vina,Orai1WT-MDSnap-Fr300_cleaned,2abp-nh2-OPT,28,/home/manndo/master_dev/posebusters_results/converted_pdbqt/Orai1WT-MDSnap-Fr300_cleaned__2abp-nh2-OPT_vina_out_model28.sdf,18.831526315789475,-14.975473684210526,-29.12768421052632,0,7
AutoDock_Vina,Orai1WT-MDSnap-Fr300_cleaned,2abp-nh2-OPT,29,/home/manndo/master_dev/posebusters_results/converted_pdbqt/Orai1WT-MDSnap-Fr300_cleaned__2abp-nh2-OPT_vina_out_model29.sdf,-23.487368421052633,12.454315789473688,-26.717526315789474,7,9
AutoDock_Vina,Orai1WT-MDSnap-Fr300_cleaned,2abp-nh2-OPT,3,/home/manndo/master_dev/posebusters_results/converted_pdbqt/Orai1WT-MDSnap-Fr300_cleaned__2abp-nh2-OPT_vina_out_model3.sdf,10.727842105263157,27.763578947368416,14.612999999999996,2,1
AutoDock_Vina,Orai1WT-MDSnap-Fr300_cleaned,2abp-nh2-OPT,30,/home/manndo/master_dev/posebusters_results/converted_pdbqt/Orai1WT-MDSnap-Fr300_cleaned__2abp-nh2-OPT_vina_out_model30.sdf,1.7609473684210528,1.6676315789473681,-22.470947368421047,1,0
AutoDock_Vina,Orai1WT-MDSnap-Fr300_cleaned,2abp-nh2-OPT,4,/home/manndo/master_dev/posebusters_results/converted_pdbqt/Orai1WT-MDSnap-Fr300_cleaned__2abp-nh2-OPT_vina_out_model4.sdf,-13.980473684210528,-7.971157894736841,20.076052631578946,8,3
AutoDock_Vina,Orai1WT-MDSnap-Fr300_cleaned,2abp-nh2-OPT,5,/home/manndo/master_dev/posebusters_results/converted_pdbqt/Orai1WT-MDSnap-Fr300_cleaned__2abp-nh2-OPT_vina_out_model5.sdf,-15.748105263157894,-7.700421052631579,20.651526315789475,8,3
AutoDock_Vina,Orai1WT-MDSnap-Fr300_cleaned,2abp-nh2-OPT,6,/home/manndo/master_dev/posebusters_results/converted_pdbqt/Orai1WT-MDSnap-Fr300_cleaned__2abp-nh2-OPT_vina_out_model6.sdf,-8.398736842105262,-6.3813157894736845,-26.899315789473683,1,0
AutoDock_Vina,Orai1WT-MDSnap-Fr300_cleaned,2abp-nh2-OPT,7,/home/manndo/master_dev/posebusters_results/converted_pdbqt/Orai1WT-MDSnap-Fr300_cleaned__2abp-nh2-OPT_vina_out_model7.sdf,-7.885368421052632,-6.452999999999999,-26.00889473684211,1,0
AutoDock_Vina,Orai1WT-MDSnap-Fr300_cleaned,2abp-nh2-OPT,8,/home/manndo/master_dev/posebusters_results/converted_pdbqt/Orai1WT-MDSnap-Fr300_cleaned__2abp-nh2-OPT_vina_out_model8.sdf,-7.945473684210528,-6.036736842105263,-26.017315789473685,1,0
AutoDock_Vina,Orai1WT-MDSnap-Fr300_cleaned,2abp-nh2-OPT,9,/home/manndo/master_dev/posebusters_results/converted_pdbqt/Orai1WT-MDSnap-Fr300_cleaned__2abp-nh2-OPT_vina_out_model9.sdf,24.972105263157896,9.363631578947366,11.088210526315788,3,6
AutoDock_Vina,Orai1WT-MDSnap-Fr300_cleaned,Synta-66-OPT-Singlet,1,/home/manndo/master_dev/posebusters_results/converted_pdbqt/Orai1WT-MDSnap-Fr300_cleaned__Synta-66-OPT-Singlet_vina_out_model1.sdf,-7.444555555555554,-4.686111111111111,-25.803259259259253,7,2
AutoDock_Vina,Orai1WT-MDSnap-Fr300_cleaned,Synta-66-OPT-Singlet,10,/home/manndo/master_dev/posebusters_results/converted_pdbqt/Orai1WT-MDSnap-Fr300_cleaned__Synta-66-OPT-Singlet_vina_out_model10.sdf,-7.055259259259259,-4.551703703703703,-25.70188888888888,7,2
AutoDock_Vina,Orai1WT-MDSnap-Fr300_cleaned,Synta-66-OPT-Singlet,11,/home/manndo/master_dev/posebusters_results/converted_pdbqt/Orai1WT-MDSnap-Fr300_cleaned__Synta-66-OPT-Singlet_vina_out_model11.sdf,1.4927777777777782,4.2592592592592595,-23.10974074074074,4,5
AutoDock_Vina,Orai1WT-MDSnap-Fr300_cleaned,Synta-66-OPT-Singlet,12,/home/manndo/master_dev/posebusters_results/converted_pdbqt/Orai1WT-MDSnap-Fr300_cleaned__Synta-66-OPT-Singlet_vina_out_model12.sdf,-7.959148148148149,-4.013333333333334,-26.261074074074074,7,2
AutoDock_Vina,Orai1WT-MDSnap-Fr300_cleaned,Synta-66-OPT-Singlet,13,/home/manndo/master_dev/posebusters_results/converted_pdbqt/Orai1WT-MDSnap-Fr300_cleaned__Synta-66-OPT-Singlet_vina_out_model13.sdf,3.3397777777777775,26.781629629629634,-23.699814814814815,6,1
AutoDock_Vina,Orai1WT-MDSnap-Fr300_cleaned,Synta-66-OPT-Singlet,14,/home/manndo/master_dev/posebusters_results/converted_pdbqt/Orai1WT-MDSnap-Fr300_cleaned__Synta-66-OPT-Singlet_vina_out_model14.sdf,3.092777777777778,26.797148148148146,-23.64222222222222,6,1
AutoDock_Vina,Orai1WT-MDSnap-Fr300_cleaned,Synta-66-OPT-Singlet,15,/home/manndo/master_dev/posebusters_results/converted_pdbqt/Orai1WT-MDSnap-Fr300_cleaned__Synta-66-OPT-Singlet_vina_out_model15.sdf,4.863592592592592,26.529555555555557,-24.198666666666668,6,1
AutoDock_Vina,Orai1WT-MDSnap-Fr300_cleaned,Synta-66-OPT-Singlet,16,/home/manndo/master_dev/posebusters_results/converted_pdbqt/Orai1WT-MDSnap-Fr300_cleaned__Synta-66-OPT-Singlet_vina_out_model16.sdf,1.2238148148148154,3.3908148148148145,23.961777777777776,2,0
AutoDock_Vina,Orai1WT-MDSnap-Fr300_cleaned,Synta-66-OPT-Singlet,17,/home/manndo/master_dev/posebusters_results/converted_pdbqt/Orai1WT-MDSnap-Fr300_cleaned__Synta-66-OPT-Singlet_vina_out_model17.sdf,24.14225925925926,12.336925925925923,11.837518518518518,5,4
AutoDock_Vina,Orai1WT-MDSnap-Fr300_cleaned,Synta-66-OPT-Singlet,18,/home/manndo/master_dev/posebusters_results/converted_pdbqt/Orai1WT-MDSnap-Fr300_cleaned__Synta-66-OPT-Singlet_vina_out_model18.sdf,3.8731111111111116,26.57259259259259,-23.939629629629625,6,1
AutoDock_Vina,Orai1WT-MDSnap-Fr300_cleaned,Synta-66-OPT-Singlet,19,/home/manndo/master_dev/posebusters_results/converted_pdbqt/Orai1WT-MDSnap-Fr300_cleaned__Synta-66-OPT-Singlet_vina_out_model19.sdf,0.779037037037037,2.823111111111111,24.25985185185185,2,0
AutoDock_Vina,Orai1WT-MDSnap-Fr300_cleaned,Synta-66-OPT-Singlet,2,/home/manndo/master_dev/posebusters_results/converted_pdbqt/Orai1WT-MDSnap-Fr300_cleaned__Synta-66-OPT-Singlet_vina_out_model2.sdf,-1.6824444444444444,24.319333333333333,-20.76211111111111,6,1
AutoDock_Vina,Orai1WT-MDSnap-Fr300_cleaned,Synta-66-OPT-Singlet,20,/home/manndo/master_dev/posebusters_results/converted_pdbqt/Orai1WT-MDSnap-Fr300_cleaned__Synta-66-OPT-Singlet_vina_out_model20.sdf,-7.570999999999999,-4.070481481481481,-26.416777777777774,7,2
AutoDock_Vina,Orai1WT-MDSnap-Fr300_cleaned,Synta-66-OPT-Singlet,21,/home/manndo/master_dev/posebusters_results/converted_pdbqt/Orai1WT-MDSnap-Fr300_cleaned__Synta-66-OPT-Singlet_vina_out_model21.sdf,2.9939999999999998,26.85462962962963,-23.63503703703704,6,1
AutoDock_Vina,Orai1WT-MDSnap-Fr300_cleaned,Synta-66-OPT-Singlet,22,/home/manndo/master_dev/posebusters_results/converted_pdbqt/Orai1WT-MDSnap-Fr300_cleaned__Synta-66-OPT-Singlet_vina_out_model22.sdf,3.714592592592592,26.60740740740741,-23.98944444444444,6,1
AutoDock_Vina,Orai1WT-MDSnap-Fr300_cleaned,Synta-66-OPT-Singlet,23,/home/manndo/master_dev/posebusters_results/converted_pdbqt/Orai1WT-MDSnap-Fr300_cleaned__Synta-66-OPT-Singlet_vina_out_model23.sdf,-14.233,-12.451740740740739,-35.68318518518518,1,7
AutoDock_Vina,Orai1WT-MDSnap-Fr300_cleaned,Synta-66-OPT-Singlet,24,/home/manndo/master_dev/posebusters_results/converted_pdbqt/Orai1WT-MDSnap-Fr300_cleaned__Synta-66-OPT-Singlet_vina_out_model24.sdf,1.1373333333333333,3.5308888888888883,23.00096296296296,2,0
AutoDock_Vina,Orai1WT-MDSnap-Fr300_cleaned,Synta-66-OPT-Singlet,25,/home/manndo/master_dev/posebusters_results/converted_pdbqt/Orai1WT-MDSnap-Fr300_cleaned__Synta-66-OPT-Singlet_vina_out_model25.sdf,-16.907000000000004,23.89788888888889,12.269666666666664,0,3
AutoDock_Vina,Orai1WT-MDSnap-Fr300_cleaned,Synta-66-OPT-Singlet,26,/home/manndo/master_dev/posebusters_results/converted_pdbqt/Orai1WT-MDSnap-Fr300_cleaned__Synta-66-OPT-Singlet_vina_out_model26.sdf,1.6212962962962967,4.2080370370370375,-23.595333333333336,4,5
AutoDock_Vina,Orai1WT-MDSnap-Fr300_cleaned,Synta-66-OPT-Singlet,27,/home/manndo/master_dev/posebusters_results/converted_pdbqt/Orai1WT-MDSnap-Fr300_cleaned__Synta-66-OPT-Singlet_vina_out_model27.sdf,-7.344925925925927,-3.911629629629629,-26.833074074074077,7,2
AutoDock_Vina,Orai1WT-MDSnap-Fr300_cleaned,Synta-66-OPT-Singlet,28,/home/manndo/master_dev/posebusters_results/converted_pdbqt/Orai1WT-MDSnap-Fr300_cleaned__Synta-66-OPT-Singlet_vina_out_model28.sdf,-0.23355555555555582,26.68981481481481,-25.08488888888889,6,1
AutoDock_Vina,Orai1WT-MDSnap-Fr300_cleaned,Synta-66-OPT-Singlet,29,/home/manndo/master_dev/posebusters_results/converted_pdbqt/Orai1WT-MDSnap-Fr300_cleaned__Synta-66-OPT-Singlet_vina_out_model29.sdf,3.9296296296296296,27.78818518518519,-23.413444444444444,6,1
AutoDock_Vina,Orai1WT-MDSnap-Fr300_cleaned,Synta-66-OPT-Singlet,3,/home/manndo/master_dev/posebusters_results/converted_pdbqt/Orai1WT-MDSnap-Fr300_cleaned__Synta-66-OPT-Singlet_vina_out_model3.sdf,-3.013592592592593,23.219407407407417,-20.45451851851852,6,1
AutoDock_Vina,Orai1WT-MDSnap-Fr300_cleaned,Synta-66-OPT-Singlet,30,/home/manndo/master_dev/posebusters_results/converted_pdbqt/Orai1WT-MDSnap-Fr300_cleaned__Synta-66-OPT-Singlet_vina_out_model30.sdf,-7.986407407407408,-4.164444444444445,-27.420111111111108,7,2
AutoDock_Vina,Orai1WT-MDSnap-Fr300_cleaned,Synta-66-OPT-Singlet,4,/home/manndo/master_dev/posebusters_results/converted_pdbqt/Orai1WT-MDSnap-Fr300_cleaned__Synta-66-OPT-Singlet_vina_out_model4.sdf,-3.894925925925926,21.993333333333325,-19.14474074074074,6,1
AutoDock_Vina,Orai1WT-MDSnap-Fr300_cleaned,Synta-66-OPT-Singlet,5,/home/manndo/master_dev/posebusters_results/converted_pdbqt/Orai1WT-MDSnap-Fr300_cleaned__Synta-66-OPT-Singlet_vina_out_model5.sdf,-7.2509259259259276,-5.200592592592592,-25.762851851851856,7,2
AutoDock_Vina,Orai1WT-MDSnap-Fr300_cleaned,Synta-66-OPT-Singlet,6,/home/manndo/master_dev/posebusters_results/converted_pdbqt/Orai1WT-MDSnap-Fr300_cleaned__Synta-66-OPT-Singlet_vina_out_model6.sdf,-14.382592592592594,23.984962962962964,9.568407407407406,0,3
AutoDock_Vina,Orai1WT-MDSnap-Fr300_cleaned,Synta-66-OPT-Singlet,7,/home/manndo/master_dev/posebusters_results/converted_pdbqt/Orai1WT-MDSnap-Fr300_cleaned__Synta-66-OPT-Singlet_vina_out_model7.sdf,1.3776666666666666,-10.864814814814812,25.165407407407407,2,0
AutoDock_Vina,Orai1WT-MDSnap-Fr300_cleaned,Synta-66-OPT-Singlet,8,/home/manndo/master_dev/posebusters_results/converted_pdbqt/Orai1WT-MDSnap-Fr300_cleaned__Synta-66-OPT-Singlet_vina_out_model8.sdf,-12.619037037037037,-13.774629629629628,-34.695185185185196,1,7
AutoDock_Vina,Orai1WT-MDSnap-Fr300_cleaned,Synta-66-OPT-Singlet,9,/home/manndo/master_dev/posebusters_results/converted_pdbqt/Orai1WT-MDSnap-Fr300_cleaned__Synta-66-OPT-Singlet_vina_out_model9.sdf,1.5320740740740741,4.278370370370371,-23.162037037037038,4,5
AutoDock_Vina,Orai1WT-MDSnap-Fr300_cleaned,gsk7975a-deprot-OPT,1,/home/manndo/master_dev/posebusters_results/converted_pdbqt/Orai1WT-MDSnap-Fr300_cleaned__gsk7975a-deprot-OPT_vina_out_model1.sdf,-7.572206896551725,-7.26751724137931,-25.798275862068966,4,0
AutoDock_Vina,Orai1WT-MDSnap-Fr300_cleaned,gsk7975a-deprot-OPT,10,/home/manndo/master_dev/posebusters_results/converted_pdbqt/Orai1WT-MDSnap-Fr300_cleaned__gsk7975a-deprot-OPT_vina_out_model10.sdf,-9.360620689655173,-20.320551724137935,5.756931034482756,1,2
AutoDock_Vina,Orai1WT-MDSnap-Fr300_cleaned,gsk7975a-deprot-OPT,11,/home/manndo/master_dev/posebusters_results/converted_pdbqt/Orai1WT-MDSnap-Fr300_cleaned__gsk7975a-deprot-OPT_vina_out_model11.sdf,-7.75455172413793,-3.873862068965517,-26.20924137931035,4,0
AutoDock_Vina,Orai1WT-MDSnap-Fr300_cleaned,gsk7975a-deprot-OPT,12,/home/manndo/master_dev/posebusters_results/converted_pdbqt/Orai1WT-MDSnap-Fr300_cleaned__gsk7975a-deprot-OPT_vina_out_model12.sdf,2.083965517241379,3.459896551724138,-6.789310344827584,3,4
AutoDock_Vina,Orai1WT-MDSnap-Fr300_cleaned,gsk7975a-deprot-OPT,13,/home/manndo/master_dev/posebusters_results/converted_pdbqt/Orai1WT-MDSnap-Fr300_cleaned__gsk7975a-deprot-OPT_vina_out_model13.sdf,-8.41296551724138,-4.443620689655173,-26.751206896551718,4,0
AutoDock_Vina,Orai1WT-MDSnap-Fr300_cleaned,gsk7975a-deprot-OPT,14,/home/manndo/master_dev/posebusters_results/converted_pdbqt/Orai1WT-MDSnap-Fr300_cleaned__gsk7975a-deprot-OPT_vina_out_model14.sdf,-7.665896551724139,-3.6069655172413793,-25.425724137931034,4,0
AutoDock_Vina,Orai1WT-MDSnap-Fr300_cleaned,gsk7975a-deprot-OPT,15,/home/manndo/master_dev/posebusters_results/converted_pdbqt/Orai1WT-MDSnap-Fr300_cleaned__gsk7975a-deprot-OPT_vina_out_model15.sdf,-8.969689655172413,-20.81748275862069,2.728344827586206,1,2
AutoDock_Vina,Orai1WT-MDSnap-Fr300_cleaned,gsk7975a-deprot-OPT,16,/home/manndo/master_dev/posebusters_results/converted_pdbqt/Orai1WT-MDSnap-Fr300_cleaned__gsk7975a-deprot-OPT_vina_out_model16.sdf,0.334551724137931,4.153724137931033,-5.999103448275861,3,4
AutoDock_Vina,Orai1WT-MDSnap-Fr300_cleaned,gsk7975a-deprot-OPT,17,/home/manndo/master_dev/posebusters_results/converted_pdbqt/Orai1WT-MDSnap-Fr300_cleaned__gsk7975a-deprot-OPT_vina_out_model17.sdf,-8.83096551724138,-6.863862068965517,-27.182931034482756,4,0
AutoDock_Vina,Orai1WT-MDSnap-Fr300_cleaned,gsk7975a-deprot-OPT,18,/home/manndo/master_dev/posebusters_results/converted_pdbqt/Orai1WT-MDSnap-Fr300_cleaned__gsk7975a-deprot-OPT_vina_out_model18.sdf,-1.0981034482758623,4.429137931034482,-13.05406896551724,3,4
AutoDock_Vina,Orai1WT-MDSnap-Fr300_cleaned,gsk7975a-deprot-OPT,19,/home/manndo/master_dev/posebusters_results/converted_pdbqt/Orai1WT-MDSnap-Fr300_cleaned__gsk7975a-deprot-OPT_vina_out_model19.sdf,-7.913,-3.9625862068965514,-25.96793103448276,4,0
AutoDock_Vina,Orai1WT-MDSnap-Fr300_cleaned,gsk7975a-deprot-OPT,2,/home/manndo/master_dev/posebusters_results/converted_pdbqt/Orai1WT-MDSnap-Fr300_cleaned__gsk7975a-deprot-OPT_vina_out_model2.sdf,-7.17151724137931,-4.68189655172414,-25.239517241379307,4,0
AutoDock_Vina,Orai1WT-MDSnap-Fr300_cleaned,gsk7975a-deprot-OPT,20,/home/manndo/master_dev/posebusters_results/converted_pdbqt/Orai1WT-MDSnap-Fr300_cleaned__gsk7975a-deprot-OPT_vina_out_model20.sdf,0.1276551724137928,26.39168965517242,-24.430448275862066,5,1
AutoDock_Vina,Orai1WT-MDSnap-Fr300_cleaned,gsk7975a-deprot-OPT,21,/home/manndo/master_dev/posebusters_results/converted_pdbqt/Orai1WT-MDSnap-Fr300_cleaned__gsk7975a-deprot-OPT_vina_out_model21.sdf,-8.858206896551723,-19.66948275862069,6.75841379310345,1,2
AutoDock_Vina,Orai1WT-MDSnap-Fr300_cleaned,gsk7975a-deprot-OPT,22,/home/manndo/master_dev/posebusters_results/converted_pdbqt/Orai1WT-MDSnap-Fr300_cleaned__gsk7975a-deprot-OPT_vina_out_model22.sdf,-7.755413793103449,-3.5438965517241376,-26.172689655172412,4,0
AutoDock_Vina,Orai1WT-MDSnap-Fr300_cleaned,gsk7975a-deprot-OPT,23,/home/manndo/master_dev/posebusters_results/converted_pdbqt/Orai1WT-MDSnap-Fr300_cleaned__gsk7975a-deprot-OPT_vina_out_model23.sdf,-7.922931034482757,-3.4446206896551725,-26.350517241379322,4,0
AutoDock_Vina,Orai1WT-MDSnap-Fr300_cleaned,gsk7975a-deprot-OPT,24,/home/manndo/master_dev/posebusters_results/converted_pdbqt/Orai1WT-MDSnap-Fr300_cleaned__gsk7975a-deprot-OPT_vina_out_model24.sdf,23.41489655172414,12.404965517241383,11.35558620689655,0,3
AutoDock_Vina,Orai1WT-MDSnap-Fr300_cleaned,gsk7975a-deprot-OPT,25,/home/manndo/master_dev/posebusters_results/converted_pdbqt/Orai1WT-MDSnap-Fr300_cleaned__gsk7975a-deprot-OPT_vina_out_model25.sdf,1.3901379310344832,-11.249241379310343,25.809999999999995,2,5
AutoDock_Vina,Orai1WT-MDSnap-Fr300_cleaned,gsk7975a-deprot-OPT,26,/home/manndo/master_dev/posebusters_results/converted_pdbqt/Orai1WT-MDSnap-Fr300_cleaned__gsk7975a-deprot-OPT_vina_out_model26.sdf,24.04924137931035,12.180379310344827,10.974517241379315,0,3
AutoDock_Vina,Orai1WT-MDSnap-Fr300_cleaned,gsk7975a-deprot-OPT,27,/home/manndo/master_dev/posebusters_results/converted_pdbqt/Orai1WT-MDSnap-Fr300_cleaned__gsk7975a-deprot-OPT_vina_out_model27.sdf,-9.161137931034483,-20.452379310344828,7.74689655172414,1,2
AutoDock_Vina,Orai1WT-MDSnap-Fr300_cleaned,gsk7975a-deprot-OPT,28,/home/manndo/master_dev/posebusters_results/converted_pdbqt/Orai1WT-MDSnap-Fr300_cleaned__gsk7975a-deprot-OPT_vina_out_model28.sdf,0.019896551724137946,-8.889827586206897,27.1248275862069,2,5
AutoDock_Vina,Orai1WT-MDSnap-Fr300_cleaned,gsk7975a-deprot-OPT,29,/home/manndo/master_dev/posebusters_results/converted_pdbqt/Orai1WT-MDSnap-Fr300_cleaned__gsk7975a-deprot-OPT_vina_out_model29.sdf,-7.925172413793104,-3.8267586206896556,-27.078620689655175,4,0
AutoDock_Vina,Orai1WT-MDSnap-Fr300_cleaned,gsk7975a-deprot-OPT,3,/home/manndo/master_dev/posebusters_results/converted_pdbqt/Orai1WT-MDSnap-Fr300_cleaned__gsk7975a-deprot-OPT_vina_out_model3.sdf,-0.842793103448276,4.490586206896551,-12.315724137931033,3,4
AutoDock_Vina,Orai1WT-MDSnap-Fr300_cleaned,gsk7975a-deprot-OPT,30,/home/manndo/master_dev/posebusters_results/converted_pdbqt/Orai1WT-MDSnap-Fr300_cleaned__gsk7975a-deprot-OPT_vina_out_model30.sdf,-13.383413793103449,-14.072172413793105,-35.073206896551724,4,0
AutoDock_Vina,Orai1WT-MDSnap-Fr300_cleaned,gsk7975a-deprot-OPT,4,/home/manndo/master_dev/posebusters_results/converted_pdbqt/Orai1WT-MDSnap-Fr300_cleaned__gsk7975a-deprot-OPT_vina_out_model4.sdf,-7.166689655172416,-4.7007931034482775,-25.256999999999998,4,0
AutoDock_Vina,Orai1WT-MDSnap-Fr300_cleaned,gsk7975a-deprot-OPT,5,/home/manndo/master_dev/posebusters_results/converted_pdbqt/Orai1WT-MDSnap-Fr300_cleaned__gsk7975a-deprot-OPT_vina_out_model5.sdf,7.9414137931034485,29.610758620689655,17.925724137931034,6,6
AutoDock_Vina,Orai1WT-MDSnap-Fr300_cleaned,gsk7975a-deprot-OPT,6,/home/manndo/master_dev/posebusters_results/converted_pdbqt/Orai1WT-MDSnap-Fr300_cleaned__gsk7975a-deprot-OPT_vina_out_model6.sdf,-8.872862068965519,-5.854379310344826,-27.547931034482765,4,0
AutoDock_Vina,Orai1WT-MDSnap-Fr300_cleaned,gsk7975a-deprot-OPT,7,/home/manndo/master_dev/posebusters_results/converted_pdbqt/Orai1WT-MDSnap-Fr300_cleaned__gsk7975a-deprot-OPT_vina_out_model7.sdf,-9.636448275862069,-20.566206896551723,5.578034482758621,1,2
AutoDock_Vina,Orai1WT-MDSnap-Fr300_cleaned,gsk7975a-deprot-OPT,8,/home/manndo/master_dev/posebusters_results/converted_pdbqt/Orai1WT-MDSnap-Fr300_cleaned__gsk7975a-deprot-OPT_vina_out_model8.sdf,8.033517241379311,29.727068965517244,17.8108275862069,6,6
AutoDock_Vina,Orai1WT-MDSnap-Fr300_cleaned,gsk7975a-deprot-OPT,9,/home/manndo/master_dev/posebusters_results/converted_pdbqt/Orai1WT-MDSnap-Fr300_cleaned__gsk7975a-deprot-OPT_vina_out_model9.sdf,0.2331379310344828,4.437379310344827,-4.285448275862068,3,4
AutoDock_Vina,Orai1WT-MDSnap-Fr300_cleaned,gsk7975a-prot-OPT,1,/home/manndo/master_dev/posebusters_results/converted_pdbqt/Orai1WT-MDSnap-Fr300_cleaned__gsk7975a-prot-OPT_vina_out_model1.sdf,-7.374833333333333,-7.309800000000002,-25.778599999999997,0,0
AutoDock_Vina,Orai1WT-MDSnap-Fr300_cleaned,gsk7975a-prot-OPT,10,/home/manndo/master_dev/posebusters_results/converted_pdbqt/Orai1WT-MDSnap-Fr300_cleaned__gsk7975a-prot-OPT_vina_out_model10.sdf,-7.678866666666667,-3.4642000000000004,-25.582666666666665,0,0
AutoDock_Vina,Orai1WT-MDSnap-Fr300_cleaned,gsk7975a-prot-OPT,11,/home/manndo/master_dev/posebusters_results/converted_pdbqt/Orai1WT-MDSnap-Fr300_cleaned__gsk7975a-prot-OPT_vina_out_model11.sdf,-8.576566666666666,-4.2119333333333335,-26.866466666666664,0,0
AutoDock_Vina,Orai1WT-MDSnap-Fr300_cleaned,gsk7975a-prot-OPT,12,/home/manndo/master_dev/posebusters_results/converted_pdbqt/Orai1WT-MDSnap-Fr300_cleaned__gsk7975a-prot-OPT_vina_out_model12.sdf,-9.7595,-20.61573333333333,5.782033333333333,5,4
AutoDock_Vina,Orai1WT-MDSnap-Fr300_cleaned,gsk7975a-prot-OPT,13,/home/manndo/master_dev/posebusters_results/converted_pdbqt/Orai1WT-MDSnap-Fr300_cleaned__gsk7975a-prot-OPT_vina_out_model13.sdf,-9.616333333333332,-20.5401,5.848066666666667,5,4
AutoDock_Vina,Orai1WT-MDSnap-Fr300_cleaned,gsk7975a-prot-OPT,14,/home/manndo/master_dev/posebusters_results/converted_pdbqt/Orai1WT-MDSnap-Fr300_cleaned__gsk7975a-prot-OPT_vina_out_model14.sdf,-0.03586666666666686,4.6742333333333335,-12.311599999999999,1,1
AutoDock_Vina,Orai1WT-MDSnap-Fr300_cleaned,gsk7975a-prot-OPT,15,/home/manndo/master_dev/posebusters_results/converted_pdbqt/Orai1WT-MDSnap-Fr300_cleaned__gsk7975a-prot-OPT_vina_out_model15.sdf,-2.2215333333333334,5.358766666666667,-13.226700000000001,1,1
AutoDock_Vina,Orai1WT-MDSnap-Fr300_cleaned,gsk7975a-prot-OPT,16,/home/manndo/master_dev/posebusters_results/converted_pdbqt/Orai1WT-MDSnap-Fr300_cleaned__gsk7975a-prot-OPT_vina_out_model16.sdf,-8.6481,-6.443833333333335,-27.33696666666667,0,0
AutoDock_Vina,Orai1WT-MDSnap-Fr300_cleaned,gsk7975a-prot-OPT,17,/home/manndo/master_dev/posebusters_results/converted_pdbqt/Orai1WT-MDSnap-Fr300_cleaned__gsk7975a-prot-OPT_vina_out_model17.sdf,-7.876833333333335,-3.0352000000000006,-26.63916666666666,0,0
AutoDock_Vina,Orai1WT-MDSnap-Fr300_cleaned,gsk7975a-prot-OPT,18,/home/manndo/master_dev/posebusters_results/converted_pdbqt/Orai1WT-MDSnap-Fr300_cleaned__gsk7975a-prot-OPT_vina_out_model18.sdf,-0.17296666666666669,4.4479,-10.828499999999998,1,1
AutoDock_Vina,Orai1WT-MDSnap-Fr300_cleaned,gsk7975a-prot-OPT,19,/home/manndo/master_dev/posebusters_results/converted_pdbqt/Orai1WT-MDSnap-Fr300_cleaned__gsk7975a-prot-OPT_vina_out_model19.sdf,-8.9639,-20.91043333333333,2.9649666666666668,5,4
AutoDock_Vina,Orai1WT-MDSnap-Fr300_cleaned,gsk7975a-prot-OPT,2,/home/manndo/master_dev/posebusters_results/converted_pdbqt/Orai1WT-MDSnap-Fr300_cleaned__gsk7975a-prot-OPT_vina_out_model2.sdf,-5.841466666666666,-7.4102666666666686,-24.92566666666666,0,0
AutoDock_Vina,Orai1WT-MDSnap-Fr300_cleaned,gsk7975a-prot-OPT,20,/home/manndo/master_dev/posebusters_results/converted_pdbqt/Orai1WT-MDSnap-Fr300_cleaned__gsk7975a-prot-OPT_vina_out_model20.sdf,-8.476433333333334,-3.9135000000000004,-26.639066666666675,0,0
AutoDock_Vina,Orai1WT-MDSnap-Fr300_cleaned,gsk7975a-prot-OPT,21,/home/manndo/master_dev/posebusters_results/converted_pdbqt/Orai1WT-MDSnap-Fr300_cleaned__gsk7975a-prot-OPT_vina_out_model21.sdf,5.2262,16.104766666666666,-28.313966666666662,3,2
AutoDock_Vina,Orai1WT-MDSnap-Fr300_cleaned,gsk7975a-prot-OPT,22,/home/manndo/master_dev/posebusters_results/converted_pdbqt/Orai1WT-MDSnap-Fr300_cleaned__gsk7975a-prot-OPT_vina_out_model22.sdf,-2.5580000000000003,24.854966666666662,-21.0126,2,6
AutoDock_Vina,Orai1WT-MDSnap-Fr300_cleaned,gsk7975a-prot-OPT,23,/home/manndo/master_dev/posebusters_results/converted_pdbqt/Orai1WT-MDSnap-Fr300_cleaned__gsk7975a-prot-OPT_vina_out_model23.sdf,-1.2777666666666663,4.269266666666666,-12.659500000000001,1,1
AutoDock_Vina,Orai1WT-MDSnap-Fr300_cleaned,gsk7975a-prot-OPT,24,/home/manndo/master_dev/posebusters_results/converted_pdbqt/Orai1WT-MDSnap-Fr300_cleaned__gsk7975a-prot-OPT_vina_out_model24.sdf,-8.566133333333333,-5.343466666666667,-27.64943333333333,0,0
AutoDock_Vina,Orai1WT-MDSnap-Fr300_cleaned,gsk7975a-prot-OPT,25,/home/manndo/master_dev/posebusters_results/converted_pdbqt/Orai1WT-MDSnap-Fr300_cleaned__gsk7975a-prot-OPT_vina_out_model25.sdf,23.93766666666666,12.4502,10.818966666666665,4,3
AutoDock_Vina,Orai1WT-MDSnap-Fr300_cleaned,gsk7975a-prot-OPT,26,/home/manndo/master_dev/posebusters_results/converted_pdbqt/Orai1WT-MDSnap-Fr300_cleaned__gsk7975a-prot-OPT_vina_out_model26.sdf,1.3338666666666663,-11.096366666666663,25.652633333333327,6,5
AutoDock_Vina,Orai1WT-MDSnap-Fr300_cleaned,gsk7975a-prot-OPT,27,/home/manndo/master_dev/posebusters_results/converted_pdbqt/Orai1WT-MDSnap-Fr300_cleaned__gsk7975a-prot-OPT_vina_out_model27.sdf,0.025233333333333337,26.500566666666675,-24.715,2,6
AutoDock_Vina,Orai1WT-MDSnap-Fr300_cleaned,gsk7975a-prot-OPT,28,/home/manndo/master_dev/posebusters_results/converted_pdbqt/Orai1WT-MDSnap-Fr300_cleaned__gsk7975a-prot-OPT_vina_out_model28.sdf,23.23383333333334,12.585566666666665,11.457833333333335,4,3
AutoDock_Vina,Orai1WT-MDSnap-Fr300_cleaned,gsk7975a-prot-OPT,29,/home/manndo/master_dev/posebusters_results/converted_pdbqt/Orai1WT-MDSnap-Fr300_cleaned__gsk7975a-prot-OPT_vina_out_model29.sdf,-2.043833333333333,24.30676666666666,-20.871433333333336,2,6
AutoDock_Vina,Orai1WT-MDSnap-Fr300_cleaned,gsk7975a-prot-OPT,3,/home/manndo/master_dev/posebusters_results/converted_pdbqt/Orai1WT-MDSnap-Fr300_cleaned__gsk7975a-prot-OPT_vina_out_model3.sdf,-6.983433333333333,-4.853999999999999,-25.140866666666668,0,0
AutoDock_Vina,Orai1WT-MDSnap-Fr300_cleaned,gsk7975a-prot-OPT,30,/home/manndo/master_dev/posebusters_results/converted_pdbqt/Orai1WT-MDSnap-Fr300_cleaned__gsk7975a-prot-OPT_vina_out_model30.sdf,-13.231566666666668,-14.234766666666665,-35.00756666666666,0,0
AutoDock_Vina,Orai1WT-MDSnap-Fr300_cleaned,gsk7975a-prot-OPT,4,/home/manndo/master_dev/posebusters_results/converted_pdbqt/Orai1WT-MDSnap-Fr300_cleaned__gsk7975a-prot-OPT_vina_out_model4.sdf,10.8846,15.704600000000001,-27.45446666666667,3,2
AutoDock_Vina,Orai1WT-MDSnap-Fr300_cleaned,gsk7975a-prot-OPT,5,/home/manndo/master_dev/posebusters_results/converted_pdbqt/Orai1WT-MDSnap-Fr300_cleaned__gsk7975a-prot-OPT_vina_out_model5.sdf,-0.9472333333333334,4.441133333333334,-12.182400000000001,1,1
AutoDock_Vina,Orai1WT-MDSnap-Fr300_cleaned,gsk7975a-prot-OPT,6,/home/manndo/master_dev/posebusters_results/converted_pdbqt/Orai1WT-MDSnap-Fr300_cleaned__gsk7975a-prot-OPT_vina_out_model6.sdf,-7.227966666666666,-5.137666666666666,-25.23433333333333,0,0
AutoDock_Vina,Orai1WT-MDSnap-Fr300_cleaned,gsk7975a-prot-OPT,7,/home/manndo/master_dev/posebusters_results/converted_pdbqt/Orai1WT-MDSnap-Fr300_cleaned__gsk7975a-prot-OPT_vina_out_model7.sdf,11.909866666666662,15.4137,-26.714066666666664,3,2
AutoDock_Vina,Orai1WT-MDSnap-Fr300_cleaned,gsk7975a-prot-OPT,8,/home/manndo/master_dev/posebusters_results/converted_pdbqt/Orai1WT-MDSnap-Fr300_cleaned__gsk7975a-prot-OPT_vina_out_model8.sdf,0.3350333333333333,4.3626999999999985,-10.813499999999998,1,1
AutoDock_Vina,Orai1WT-MDSnap-Fr300_cleaned,gsk7975a-prot-OPT,9,/home/manndo/master_dev/posebusters_results/converted_pdbqt/Orai1WT-MDSnap-Fr300_cleaned__gsk7975a-prot-OPT_vina_out_model9.sdf,0.0805666666666665,4.177166666666667,-11.472733333333334,1,1
AutoDock_Vina,Orai1WT-MDSnap-Fr400,2abp-nh2-OPT,1,/home/manndo/master_dev/posebusters_results/converted_pdbqt/Orai1WT-MDSnap-Fr400__2abp-nh2-OPT_vina_out_model1.sdf,-0.5656842105263159,4.615684210526315,-0.9521052631578947,0,0
AutoDock_Vina,Orai1WT-MDSnap-Fr400,2abp-nh2-OPT,10,/home/manndo/master_dev/posebusters_results/converted_pdbqt/Orai1WT-MDSnap-Fr400__2abp-nh2-OPT_vina_out_model10.sdf,11.403473684210528,26.213157894736838,15.661105263157893,0,0
AutoDock_Vina,Orai1WT-MDSnap-Fr400,2abp-nh2-OPT,11,/home/manndo/master_dev/posebusters_results/converted_pdbqt/Orai1WT-MDSnap-Fr400__2abp-nh2-OPT_vina_out_model11.sdf,0.49178947368421067,3.9027368421052624,-7.753473684210525,0,0
AutoDock_Vina,Orai1WT-MDSnap-Fr400,2abp-nh2-OPT,12,/home/manndo/master_dev/posebusters_results/converted_pdbqt/Orai1WT-MDSnap-Fr400__2abp-nh2-OPT_vina_out_model12.sdf,-8.829315789473684,16.282947368421052,-25.71947368421053,0,0
AutoDock_Vina,Orai1WT-MDSnap-Fr400,2abp-nh2-OPT,13,/home/manndo/master_dev/posebusters_results/converted_pdbqt/Orai1WT-MDSnap-Fr400__2abp-nh2-OPT_vina_out_model13.sdf,25.951789473684208,8.938789473684212,11.038947368421054,0,0
AutoDock_Vina,Orai1WT-MDSnap-Fr400,2abp-nh2-OPT,14,/home/manndo/master_dev/posebusters_results/converted_pdbqt/Orai1WT-MDSnap-Fr400__2abp-nh2-OPT_vina_out_model14.sdf,0.6473157894736844,4.993315789473685,-13.794315789473686,0,0
AutoDock_Vina,Orai1WT-MDSnap-Fr400,2abp-nh2-OPT,15,/home/manndo/master_dev/posebusters_results/converted_pdbqt/Orai1WT-MDSnap-Fr400__2abp-nh2-OPT_vina_out_model15.sdf,-8.863263157894735,15.800105263157894,-25.774,0,0
AutoDock_Vina,Orai1WT-MDSnap-Fr400,2abp-nh2-OPT,16,/home/manndo/master_dev/posebusters_results/converted_pdbqt/Orai1WT-MDSnap-Fr400__2abp-nh2-OPT_vina_out_model16.sdf,-0.3672105263157895,4.227842105263157,-9.983684210526315,0,0
AutoDock_Vina,Orai1WT-MDSnap-Fr400,2abp-nh2-OPT,17,/home/manndo/master_dev/posebusters_results/converted_pdbqt/Orai1WT-MDSnap-Fr400__2abp-nh2-OPT_vina_out_model17.sdf,-22.17794736842105,9.687157894736842,-29.899473684210527,0,0
AutoDock_Vina,Orai1WT-MDSnap-Fr400,2abp-nh2-OPT,18,/home/manndo/master_dev/posebusters_results/converted_pdbqt/Orai1WT-MDSnap-Fr400__2abp-nh2-OPT_vina_out_model18.sdf,16.063947368421054,-18.25657894736842,14.694578947368422,0,0
AutoDock_Vina,Orai1WT-MDSnap-Fr400,2abp-nh2-OPT,19,/home/manndo/master_dev/posebusters_results/converted_pdbqt/Orai1WT-MDSnap-Fr400__2abp-nh2-OPT_vina_out_model19.sdf,-16.98757894736842,14.284315789473684,21.96621052631579,0,0
AutoDock_Vina,Orai1WT-MDSnap-Fr400,2abp-nh2-OPT,2,/home/manndo/master_dev/posebusters_results/converted_pdbqt/Orai1WT-MDSnap-Fr400__2abp-nh2-OPT_vina_out_model2.sdf,-0.07157894736842098,3.1010526315789484,-7.470684210526317,0,0
AutoDock_Vina,Orai1WT-MDSnap-Fr400,2abp-nh2-OPT,20,/home/manndo/master_dev/posebusters_results/converted_pdbqt/Orai1WT-MDSnap-Fr400__2abp-nh2-OPT_vina_out_model20.sdf,17.45163157894737,-13.458052631578946,20.778842105263152,0,0
AutoDock_Vina,Orai1WT-MDSnap-Fr400,2abp-nh2-OPT,21,/home/manndo/master_dev/posebusters_results/converted_pdbqt/Orai1WT-MDSnap-Fr400__2abp-nh2-OPT_vina_out_model21.sdf,15.83247368421053,-18.109736842105264,14.937736842105263,0,0
AutoDock_Vina,Orai1WT-MDSnap-Fr400,2abp-nh2-OPT,22,/home/manndo/master_dev/posebusters_results/converted_pdbqt/Orai1WT-MDSnap-Fr400__2abp-nh2-OPT_vina_out_model22.sdf,-1.2602105263157897,5.691578947368421,-13.899157894736842,0,0
AutoDock_Vina,Orai1WT-MDSnap-Fr400,2abp-nh2-OPT,23,/home/manndo/master_dev/posebusters_results/converted_pdbqt/Orai1WT-MDSnap-Fr400__2abp-nh2-OPT_vina_out_model23.sdf,15.66726315789474,-17.96715789473684,14.897315789473685,0,0
AutoDock_Vina,Orai1WT-MDSnap-Fr400,2abp-nh2-OPT,24,/home/manndo/master_dev/posebusters_results/converted_pdbqt/Orai1WT-MDSnap-Fr400__2abp-nh2-OPT_vina_out_model24.sdf,-0.00026315789473678393,4.282473684210526,18.806947368421053,0,0
AutoDock_Vina,Orai1WT-MDSnap-Fr400,2abp-nh2-OPT,25,/home/manndo/master_dev/posebusters_results/converted_pdbqt/Orai1WT-MDSnap-Fr400__2abp-nh2-OPT_vina_out_model25.sdf,-0.08447368421052621,3.813526315789473,19.88626315789474,0,0
AutoDock_Vina,Orai1WT-MDSnap-Fr400,2abp-nh2-OPT,26,/home/manndo/master_dev/posebusters_results/converted_pdbqt/Orai1WT-MDSnap-Fr400__2abp-nh2-OPT_vina_out_model26.sdf,24.73715789473684,9.906578947368422,11.273631578947368,0,0
AutoDock_Vina,Orai1WT-MDSnap-Fr400,2abp-nh2-OPT,27,/home/manndo/master_dev/posebusters_results/converted_pdbqt/Orai1WT-MDSnap-Fr400__2abp-nh2-OPT_vina_out_model27.sdf,13.05042105263158,-13.839631578947367,10.686473684210528,0,0
AutoDock_Vina,Orai1WT-MDSnap-Fr400,2abp-nh2-OPT,28,/home/manndo/master_dev/posebusters_results/converted_pdbqt/Orai1WT-MDSnap-Fr400__2abp-nh2-OPT_vina_out_model28.sdf,0.20594736842105263,4.183210526315789,18.899,0,0
AutoDock_Vina,Orai1WT-MDSnap-Fr400,2abp-nh2-OPT,29,/home/manndo/master_dev/posebusters_results/converted_pdbqt/Orai1WT-MDSnap-Fr400__2abp-nh2-OPT_vina_out_model29.sdf,-17.389105263157898,14.444210526315786,22.489421052631577,0,0
AutoDock_Vina,Orai1WT-MDSnap-Fr400,2abp-nh2-OPT,3,/home/manndo/master_dev/posebusters_results/converted_pdbqt/Orai1WT-MDSnap-Fr400__2abp-nh2-OPT_vina_out_model3.sdf,-21.768315789473686,9.619684210526316,-29.08642105263159,0,0
AutoDock_Vina,Orai1WT-MDSnap-Fr400,2abp-nh2-OPT,30,/home/manndo/master_dev/posebusters_results/converted_pdbqt/Orai1WT-MDSnap-Fr400__2abp-nh2-OPT_vina_out_model30.sdf,-10.80621052631579,-15.889473684210529,-33.71652631578948,0,0
AutoDock_Vina,Orai1WT-MDSnap-Fr400,2abp-nh2-OPT,4,/home/manndo/master_dev/posebusters_results/converted_pdbqt/Orai1WT-MDSnap-Fr400__2abp-nh2-OPT_vina_out_model4.sdf,-21.791526315789476,9.717105263157896,-29.11589473684211,0,0
AutoDock_Vina,Orai1WT-MDSnap-Fr400,2abp-nh2-OPT,5,/home/manndo/master_dev/posebusters_results/converted_pdbqt/Orai1WT-MDSnap-Fr400__2abp-nh2-OPT_vina_out_model5.sdf,0.027947368421052523,3.3645789473684204,-7.382052631578948,0,0
AutoDock_Vina,Orai1WT-MDSnap-Fr400,2abp-nh2-OPT,6,/home/manndo/master_dev/posebusters_results/converted_pdbqt/Orai1WT-MDSnap-Fr400__2abp-nh2-OPT_vina_out_model6.sdf,18.332684210526317,-13.761999999999997,18.966894736842107,0,0
AutoDock_Vina,Orai1WT-MDSnap-Fr400,2abp-nh2-OPT,7,/home/manndo/master_dev/posebusters_results/converted_pdbqt/Orai1WT-MDSnap-Fr400__2abp-nh2-OPT_vina_out_model7.sdf,-9.02163157894737,16.076473684210526,-25.488105263157898,0,0
AutoDock_Vina,Orai1WT-MDSnap-Fr400,2abp-nh2-OPT,8,/home/manndo/master_dev/posebusters_results/converted_pdbqt/Orai1WT-MDSnap-Fr400__2abp-nh2-OPT_vina_out_model8.sdf,-0.009684210526315799,5.586368421052631,0.14894736842105258,0,0
AutoDock_Vina,Orai1WT-MDSnap-Fr400,2abp-nh2-OPT,9,/home/manndo/master_dev/posebusters_results/converted_pdbqt/Orai1WT-MDSnap-Fr400__2abp-nh2-OPT_vina_out_model9.sdf,-8.816894736842107,16.25605263157895,-25.798473684210524,0,0
AutoDock_Vina,Orai1WT-MDSnap-Fr400,Synta-66-OPT-Singlet,1,/home/manndo/master_dev/posebusters_results/converted_pdbqt/Orai1WT-MDSnap-Fr400__Synta-66-OPT-Singlet_vina_out_model1.sdf,-9.470814814814814,-19.438962962962965,5.33151851851852,1,6
AutoDock_Vina,Orai1WT-MDSnap-Fr400,Synta-66-OPT-Singlet,10,/home/manndo/master_dev/posebusters_results/converted_pdbqt/Orai1WT-MDSnap-Fr400__Synta-66-OPT-Singlet_vina_out_model10.sdf,17.471518518518522,-15.474814814814815,17.639925925925922,4,5
AutoDock_Vina,Orai1WT-MDSnap-Fr400,Synta-66-OPT-Singlet,11,/home/manndo/master_dev/posebusters_results/converted_pdbqt/Orai1WT-MDSnap-Fr400__Synta-66-OPT-Singlet_vina_out_model11.sdf,-3.2098888888888886,23.36503703703704,-18.99407407407407,8,4
AutoDock_Vina,Orai1WT-MDSnap-Fr400,Synta-66-OPT-Singlet,12,/home/manndo/master_dev/posebusters_results/converted_pdbqt/Orai1WT-MDSnap-Fr400__Synta-66-OPT-Singlet_vina_out_model12.sdf,-21.4557037037037,-4.0523333333333325,-35.43322222222223,0,0
AutoDock_Vina,Orai1WT-MDSnap-Fr400,Synta-66-OPT-Singlet,13,/home/manndo/master_dev/posebusters_results/converted_pdbqt/Orai1WT-MDSnap-Fr400__Synta-66-OPT-Singlet_vina_out_model13.sdf,-26.33048148148148,-2.9963703703703697,10.623148148148145,1,9
AutoDock_Vina,Orai1WT-MDSnap-Fr400,Synta-66-OPT-Singlet,14,/home/manndo/master_dev/posebusters_results/converted_pdbqt/Orai1WT-MDSnap-Fr400__Synta-66-OPT-Singlet_vina_out_model14.sdf,-2.057851851851852,24.262074074074075,-19.694814814814816,8,4
AutoDock_Vina,Orai1WT-MDSnap-Fr400,Synta-66-OPT-Singlet,15,/home/manndo/master_dev/posebusters_results/converted_pdbqt/Orai1WT-MDSnap-Fr400__Synta-66-OPT-Singlet_vina_out_model15.sdf,-1.329296296296296,26.96674074074074,-20.998111111111115,8,4
AutoDock_Vina,Orai1WT-MDSnap-Fr400,Synta-66-OPT-Singlet,16,/home/manndo/master_dev/posebusters_results/converted_pdbqt/Orai1WT-MDSnap-Fr400__Synta-66-OPT-Singlet_vina_out_model16.sdf,-7.780555555555556,-20.203740740740745,9.461,1,6
AutoDock_Vina,Orai1WT-MDSnap-Fr400,Synta-66-OPT-Singlet,17,/home/manndo/master_dev/posebusters_results/converted_pdbqt/Orai1WT-MDSnap-Fr400__Synta-66-OPT-Singlet_vina_out_model17.sdf,-10.539518518518518,-19.590592592592593,1.836148148148148,1,6
AutoDock_Vina,Orai1WT-MDSnap-Fr400,Synta-66-OPT-Singlet,18,/home/manndo/master_dev/posebusters_results/converted_pdbqt/Orai1WT-MDSnap-Fr400__Synta-66-OPT-Singlet_vina_out_model18.sdf,-10.81014814814815,-19.662370370370375,1.2175925925925926,1,6
AutoDock_Vina,Orai1WT-MDSnap-Fr400,Synta-66-OPT-Singlet,19,/home/manndo/master_dev/posebusters_results/converted_pdbqt/Orai1WT-MDSnap-Fr400__Synta-66-OPT-Singlet_vina_out_model19.sdf,0.5905925925925927,3.010555555555556,23.28440740740741,7,1
AutoDock_Vina,Orai1WT-MDSnap-Fr400,Synta-66-OPT-Singlet,2,/home/manndo/master_dev/posebusters_results/converted_pdbqt/Orai1WT-MDSnap-Fr400__Synta-66-OPT-Singlet_vina_out_model2.sdf,-9.54811111111111,-19.487777777777776,5.610370370370371,1,6
AutoDock_Vina,Orai1WT-MDSnap-Fr400,Synta-66-OPT-Singlet,20,/home/manndo/master_dev/posebusters_results/converted_pdbqt/Orai1WT-MDSnap-Fr400__Synta-66-OPT-Singlet_vina_out_model20.sdf,-2.9567777777777775,24.34311111111111,-20.338851851851857,8,4
AutoDock_Vina,Orai1WT-MDSnap-Fr400,Synta-66-OPT-Singlet,21,/home/manndo/master_dev/posebusters_results/converted_pdbqt/Orai1WT-MDSnap-Fr400__Synta-66-OPT-Singlet_vina_out_model21.sdf,19.11055555555556,-15.394370370370368,17.742222222222225,4,5
AutoDock_Vina,Orai1WT-MDSnap-Fr400,Synta-66-OPT-Singlet,22,/home/manndo/master_dev/posebusters_results/converted_pdbqt/Orai1WT-MDSnap-Fr400__Synta-66-OPT-Singlet_vina_out_model22.sdf,0.5101111111111111,3.1100370370370363,21.985851851851855,7,1
AutoDock_Vina,Orai1WT-MDSnap-Fr400,Synta-66-OPT-Singlet,23,/home/manndo/master_dev/posebusters_results/converted_pdbqt/Orai1WT-MDSnap-Fr400__Synta-66-OPT-Singlet_vina_out_model23.sdf,-20.046555555555553,9.349444444444444,-31.666333333333327,0,0
AutoDock_Vina,Orai1WT-MDSnap-Fr400,Synta-66-OPT-Singlet,24,/home/manndo/master_dev/posebusters_results/converted_pdbqt/Orai1WT-MDSnap-Fr400__Synta-66-OPT-Singlet_vina_out_model24.sdf,-2.433888888888889,27.055999999999997,-23.116703703703706,8,4
AutoDock_Vina,Orai1WT-MDSnap-Fr400,Synta-66-OPT-Singlet,25,/home/manndo/master_dev/posebusters_results/converted_pdbqt/Orai1WT-MDSnap-Fr400__Synta-66-OPT-Singlet_vina_out_model25.sdf,13.155111111111113,24.566333333333336,20.418962962962958,7,1
AutoDock_Vina,Orai1WT-MDSnap-Fr400,Synta-66-OPT-Singlet,26,/home/manndo/master_dev/posebusters_results/converted_pdbqt/Orai1WT-MDSnap-Fr400__Synta-66-OPT-Singlet_vina_out_model26.sdf,-0.06714814814814817,5.686222222222221,21.368185185185187,7,1
AutoDock_Vina,Orai1WT-MDSnap-Fr400,Synta-66-OPT-Singlet,27,/home/manndo/master_dev/posebusters_results/converted_pdbqt/Orai1WT-MDSnap-Fr400__Synta-66-OPT-Singlet_vina_out_model27.sdf,13.817222222222226,-14.36885185185185,13.76662962962963,4,5
AutoDock_Vina,Orai1WT-MDSnap-Fr400,Synta-66-OPT-Singlet,28,/home/manndo/master_dev/posebusters_results/converted_pdbqt/Orai1WT-MDSnap-Fr400__Synta-66-OPT-Singlet_vina_out_model28.sdf,-25.182518518518513,-2.1137777777777775,11.20574074074074,1,9
AutoDock_Vina,Orai1WT-MDSnap-Fr400,Synta-66-OPT-Singlet,29,/home/manndo/master_dev/posebusters_results/converted_pdbqt/Orai1WT-MDSnap-Fr400__Synta-66-OPT-Singlet_vina_out_model29.sdf,-8.070037037037038,-2.6107037037037037,-27.23925925925926,9,0
AutoDock_Vina,Orai1WT-MDSnap-Fr400,Synta-66-OPT-Singlet,3,/home/manndo/master_dev/posebusters_results/converted_pdbqt/Orai1WT-MDSnap-Fr400__Synta-66-OPT-Singlet_vina_out_model3.sdf,-3.79574074074074,22.51448148148148,-19.103777777777776,8,4
AutoDock_Vina,Orai1WT-MDSnap-Fr400,Synta-66-OPT-Singlet,30,/home/manndo/master_dev/posebusters_results/converted_pdbqt/Orai1WT-MDSnap-Fr400__Synta-66-OPT-Singlet_vina_out_model30.sdf,0.6684074074074073,3.815592592592592,21.03166666666667,7,1
AutoDock_Vina,Orai1WT-MDSnap-Fr400,Synta-66-OPT-Singlet,4,/home/manndo/master_dev/posebusters_results/converted_pdbqt/Orai1WT-MDSnap-Fr400__Synta-66-OPT-Singlet_vina_out_model4.sdf,-9.138074074074076,-18.743259259259258,6.001148148148148,1,6
AutoDock_Vina,Orai1WT-MDSnap-Fr400,Synta-66-OPT-Singlet,5,/home/manndo/master_dev/posebusters_results/converted_pdbqt/Orai1WT-MDSnap-Fr400__Synta-66-OPT-Singlet_vina_out_model5.sdf,-6.961037037037038,-4.590000000000001,-26.065481481481484,9,0
AutoDock_Vina,Orai1WT-MDSnap-Fr400,Synta-66-OPT-Singlet,6,/home/manndo/master_dev/posebusters_results/converted_pdbqt/Orai1WT-MDSnap-Fr400__Synta-66-OPT-Singlet_vina_out_model6.sdf,17.37248148148148,-15.406444444444446,17.94548148148148,4,5
AutoDock_Vina,Orai1WT-MDSnap-Fr400,Synta-66-OPT-Singlet,7,/home/manndo/master_dev/posebusters_results/converted_pdbqt/Orai1WT-MDSnap-Fr400__Synta-66-OPT-Singlet_vina_out_model7.sdf,-6.573370370370371,-4.515629629629629,-26.59937037037037,9,0
AutoDock_Vina,Orai1WT-MDSnap-Fr400,Synta-66-OPT-Singlet,8,/home/manndo/master_dev/posebusters_results/converted_pdbqt/Orai1WT-MDSnap-Fr400__Synta-66-OPT-Singlet_vina_out_model8.sdf,-8.964925925925927,-20.088148148148147,6.91688888888889,1,6
AutoDock_Vina,Orai1WT-MDSnap-Fr400,Synta-66-OPT-Singlet,9,/home/manndo/master_dev/posebusters_results/converted_pdbqt/Orai1WT-MDSnap-Fr400__Synta-66-OPT-Singlet_vina_out_model9.sdf,-9.207370370370372,-19.80437037037038,7.33974074074074,1,6
AutoDock_Vina,Orai1WT-MDSnap-Fr400,gsk7975a-deprot-OPT,1,/home/manndo/master_dev/posebusters_results/converted_pdbqt/Orai1WT-MDSnap-Fr400__gsk7975a-deprot-OPT_vina_out_model1.sdf,-4.125275862068964,22.585310344827583,-19.38255172413793,7,1
AutoDock_Vina,Orai1WT-MDSnap-Fr400,gsk7975a-deprot-OPT,10,/home/manndo/master_dev/posebusters_results/converted_pdbqt/Orai1WT-MDSnap-Fr400__gsk7975a-deprot-OPT_vina_out_model10.sdf,14.15544827586207,-14.060344827586206,13.90555172413793,2,5
AutoDock_Vina,Orai1WT-MDSnap-Fr400,gsk7975a-deprot-OPT,11,/home/manndo/master_dev/posebusters_results/converted_pdbqt/Orai1WT-MDSnap-Fr400__gsk7975a-deprot-OPT_vina_out_model11.sdf,-7.444551724137932,-4.569206896551723,-25.65472413793103,4,2
AutoDock_Vina,Orai1WT-MDSnap-Fr400,gsk7975a-deprot-OPT,12,/home/manndo/master_dev/posebusters_results/converted_pdbqt/Orai1WT-MDSnap-Fr400__gsk7975a-deprot-OPT_vina_out_model12.sdf,0.09555172413793098,3.5500000000000003,-4.6340689655172405,8,9
AutoDock_Vina,Orai1WT-MDSnap-Fr400,gsk7975a-deprot-OPT,13,/home/manndo/master_dev/posebusters_results/converted_pdbqt/Orai1WT-MDSnap-Fr400__gsk7975a-deprot-OPT_vina_out_model13.sdf,16.224068965517237,-20.10227586206897,15.959482758620686,2,5
AutoDock_Vina,Orai1WT-MDSnap-Fr400,gsk7975a-deprot-OPT,14,/home/manndo/master_dev/posebusters_results/converted_pdbqt/Orai1WT-MDSnap-Fr400__gsk7975a-deprot-OPT_vina_out_model14.sdf,-9.344241379310343,-19.554758620689654,4.140241379310345,0,7
AutoDock_Vina,Orai1WT-MDSnap-Fr400,gsk7975a-deprot-OPT,15,/home/manndo/master_dev/posebusters_results/converted_pdbqt/Orai1WT-MDSnap-Fr400__gsk7975a-deprot-OPT_vina_out_model15.sdf,13.71913793103448,-14.868068965517242,13.313793103448276,2,5
AutoDock_Vina,Orai1WT-MDSnap-Fr400,gsk7975a-deprot-OPT,16,/home/manndo/master_dev/posebusters_results/converted_pdbqt/Orai1WT-MDSnap-Fr400__gsk7975a-deprot-OPT_vina_out_model16.sdf,-11.019586206896552,16.575172413793105,-26.693999999999992,5,1
AutoDock_Vina,Orai1WT-MDSnap-Fr400,gsk7975a-deprot-OPT,17,/home/manndo/master_dev/posebusters_results/converted_pdbqt/Orai1WT-MDSnap-Fr400__gsk7975a-deprot-OPT_vina_out_model17.sdf,0.37993103448275856,4.587310344827587,-9.954931034482758,8,9
AutoDock_Vina,Orai1WT-MDSnap-Fr400,gsk7975a-deprot-OPT,18,/home/manndo/master_dev/posebusters_results/converted_pdbqt/Orai1WT-MDSnap-Fr400__gsk7975a-deprot-OPT_vina_out_model18.sdf,-10.605448275862067,16.722551724137926,-27.477000000000004,5,1
AutoDock_Vina,Orai1WT-MDSnap-Fr400,gsk7975a-deprot-OPT,19,/home/manndo/master_dev/posebusters_results/converted_pdbqt/Orai1WT-MDSnap-Fr400__gsk7975a-deprot-OPT_vina_out_model19.sdf,-10.837724137931035,17.53458620689655,-27.7231724137931,5,1
AutoDock_Vina,Orai1WT-MDSnap-Fr400,gsk7975a-deprot-OPT,2,/home/manndo/master_dev/posebusters_results/converted_pdbqt/Orai1WT-MDSnap-Fr400__gsk7975a-deprot-OPT_vina_out_model2.sdf,-0.29558620689655163,4.892827586206897,16.4611724137931,1,3
AutoDock_Vina,Orai1WT-MDSnap-Fr400,gsk7975a-deprot-OPT,20,/home/manndo/master_dev/posebusters_results/converted_pdbqt/Orai1WT-MDSnap-Fr400__gsk7975a-deprot-OPT_vina_out_model20.sdf,-2.59351724137931,23.998758620689646,-20.92386206896552,7,1
AutoDock_Vina,Orai1WT-MDSnap-Fr400,gsk7975a-deprot-OPT,21,/home/manndo/master_dev/posebusters_results/converted_pdbqt/Orai1WT-MDSnap-Fr400__gsk7975a-deprot-OPT_vina_out_model21.sdf,-9.094724137931033,-19.529310344827586,6.3467241379310355,0,7
AutoDock_Vina,Orai1WT-MDSnap-Fr400,gsk7975a-deprot-OPT,22,/home/manndo/master_dev/posebusters_results/converted_pdbqt/Orai1WT-MDSnap-Fr400__gsk7975a-deprot-OPT_vina_out_model22.sdf,-10.590689655172413,16.98524137931035,-28.322862068965506,5,1
AutoDock_Vina,Orai1WT-MDSnap-Fr400,gsk7975a-deprot-OPT,23,/home/manndo/master_dev/posebusters_results/converted_pdbqt/Orai1WT-MDSnap-Fr400__gsk7975a-deprot-OPT_vina_out_model23.sdf,-9.065862068965519,-19.645275862068964,6.417172413793102,0,7
AutoDock_Vina,Orai1WT-MDSnap-Fr400,gsk7975a-deprot-OPT,24,/home/manndo/master_dev/posebusters_results/converted_pdbqt/Orai1WT-MDSnap-Fr400__gsk7975a-deprot-OPT_vina_out_model24.sdf,3.0095862068965515,5.605206896551726,27.27120689655172,1,3
AutoDock_Vina,Orai1WT-MDSnap-Fr400,gsk7975a-deprot-OPT,25,/home/manndo/master_dev/posebusters_results/converted_pdbqt/Orai1WT-MDSnap-Fr400__gsk7975a-deprot-OPT_vina_out_model25.sdf,-2.3944827586206894,24.36562068965517,-20.890034482758622,7,1
AutoDock_Vina,Orai1WT-MDSnap-Fr400,gsk7975a-deprot-OPT,26,/home/manndo/master_dev/posebusters_results/converted_pdbqt/Orai1WT-MDSnap-Fr400__gsk7975a-deprot-OPT_vina_out_model26.sdf,-3.514620689655172,23.643965517241377,-21.03037931034483,7,1
AutoDock_Vina,Orai1WT-MDSnap-Fr400,gsk7975a-deprot-OPT,27,/home/manndo/master_dev/posebusters_results/converted_pdbqt/Orai1WT-MDSnap-Fr400__gsk7975a-deprot-OPT_vina_out_model27.sdf,-8.558827586206899,-19.525310344827584,7.118448275862071,0,7
AutoDock_Vina,Orai1WT-MDSnap-Fr400,gsk7975a-deprot-OPT,28,/home/manndo/master_dev/posebusters_results/converted_pdbqt/Orai1WT-MDSnap-Fr400__gsk7975a-deprot-OPT_vina_out_model28.sdf,-10.614,16.53358620689655,-27.631448275862077,5,1
AutoDock_Vina,Orai1WT-MDSnap-Fr400,gsk7975a-deprot-OPT,29,/home/manndo/master_dev/posebusters_results/converted_pdbqt/Orai1WT-MDSnap-Fr400__gsk7975a-deprot-OPT_vina_out_model29.sdf,-9.839586206896552,-19.905344827586205,7.788586206896552,0,7
AutoDock_Vina,Orai1WT-MDSnap-Fr400,gsk7975a-deprot-OPT,3,/home/manndo/master_dev/posebusters_results/converted_pdbqt/Orai1WT-MDSnap-Fr400__gsk7975a-deprot-OPT_vina_out_model3.sdf,-9.637827586206898,-20.273275862068967,6.027689655172415,0,7
AutoDock_Vina,Orai1WT-MDSnap-Fr400,gsk7975a-deprot-OPT,30,/home/manndo/master_dev/posebusters_results/converted_pdbqt/Orai1WT-MDSnap-Fr400__gsk7975a-deprot-OPT_vina_out_model30.sdf,-10.629931034482755,16.572724137931036,-27.585827586206896,5,1
AutoDock_Vina,Orai1WT-MDSnap-Fr400,gsk7975a-deprot-OPT,4,/home/manndo/master_dev/posebusters_results/converted_pdbqt/Orai1WT-MDSnap-Fr400__gsk7975a-deprot-OPT_vina_out_model4.sdf,1.2828620689655172,3.535758620689655,-8.273896551724137,8,9
AutoDock_Vina,Orai1WT-MDSnap-Fr400,gsk7975a-deprot-OPT,5,/home/manndo/master_dev/posebusters_results/converted_pdbqt/Orai1WT-MDSnap-Fr400__gsk7975a-deprot-OPT_vina_out_model5.sdf,-0.4508965517241379,4.899379310344829,16.446965517241384,1,3
AutoDock_Vina,Orai1WT-MDSnap-Fr400,gsk7975a-deprot-OPT,6,/home/manndo/master_dev/posebusters_results/converted_pdbqt/Orai1WT-MDSnap-Fr400__gsk7975a-deprot-OPT_vina_out_model6.sdf,-1.2112068965517242,4.616827586206897,-12.939862068965516,8,9
AutoDock_Vina,Orai1WT-MDSnap-Fr400,gsk7975a-deprot-OPT,7,/home/manndo/master_dev/posebusters_results/converted_pdbqt/Orai1WT-MDSnap-Fr400__gsk7975a-deprot-OPT_vina_out_model7.sdf,2.9514137931034488,10.633103448275863,29.329517241379307,1,3
AutoDock_Vina,Orai1WT-MDSnap-Fr400,gsk7975a-deprot-OPT,8,/home/manndo/master_dev/posebusters_results/converted_pdbqt/Orai1WT-MDSnap-Fr400__gsk7975a-deprot-OPT_vina_out_model8.sdf,-9.439310344827588,-20.162379310344832,4.183862068965517,0,7
AutoDock_Vina,Orai1WT-MDSnap-Fr400,gsk7975a-deprot-OPT,9,/home/manndo/master_dev/posebusters_results/converted_pdbqt/Orai1WT-MDSnap-Fr400__gsk7975a-deprot-OPT_vina_out_model9.sdf,2.855551724137931,10.828103448275865,29.245655172413795,1,3
AutoDock_Vina,Orai1WT-MDSnap-Fr400,gsk7975a-prot-OPT,1,/home/manndo/master_dev/posebusters_results/converted_pdbqt/Orai1WT-MDSnap-Fr400__gsk7975a-prot-OPT_vina_out_model1.sdf,-9.667533333333331,-20.3944,6.215433333333334,0,0
AutoDock_Vina,Orai1WT-MDSnap-Fr400,gsk7975a-prot-OPT,10,/home/manndo/master_dev/posebusters_results/converted_pdbqt/Orai1WT-MDSnap-Fr400__gsk7975a-prot-OPT_vina_out_model10.sdf,-1.2747999999999997,4.710733333333333,-11.967899999999998,0,0
AutoDock_Vina,Orai1WT-MDSnap-Fr400,gsk7975a-prot-OPT,11,/home/manndo/master_dev/posebusters_results/converted_pdbqt/Orai1WT-MDSnap-Fr400__gsk7975a-prot-OPT_vina_out_model11.sdf,-2.397333333333334,24.153366666666674,-21.157266666666672,0,0
AutoDock_Vina,Orai1WT-MDSnap-Fr400,gsk7975a-prot-OPT,12,/home/manndo/master_dev/posebusters_results/converted_pdbqt/Orai1WT-MDSnap-Fr400__gsk7975a-prot-OPT_vina_out_model12.sdf,14.428899999999995,-13.984133333333334,13.978266666666666,0,0
AutoDock_Vina,Orai1WT-MDSnap-Fr400,gsk7975a-prot-OPT,13,/home/manndo/master_dev/posebusters_results/converted_pdbqt/Orai1WT-MDSnap-Fr400__gsk7975a-prot-OPT_vina_out_model13.sdf,-10.983499999999998,16.360699999999998,-26.581666666666667,0,0
AutoDock_Vina,Orai1WT-MDSnap-Fr400,gsk7975a-prot-OPT,14,/home/manndo/master_dev/posebusters_results/converted_pdbqt/Orai1WT-MDSnap-Fr400__gsk7975a-prot-OPT_vina_out_model14.sdf,24.45743333333333,12.048833333333333,11.2253,0,0
AutoDock_Vina,Orai1WT-MDSnap-Fr400,gsk7975a-prot-OPT,15,/home/manndo/master_dev/posebusters_results/converted_pdbqt/Orai1WT-MDSnap-Fr400__gsk7975a-prot-OPT_vina_out_model15.sdf,-10.870266666666664,17.60193333333333,-28.04496666666667,0,0
AutoDock_Vina,Orai1WT-MDSnap-Fr400,gsk7975a-prot-OPT,16,/home/manndo/master_dev/posebusters_results/converted_pdbqt/Orai1WT-MDSnap-Fr400__gsk7975a-prot-OPT_vina_out_model16.sdf,3.2921333333333327,5.7575666666666665,27.475966666666654,0,0
AutoDock_Vina,Orai1WT-MDSnap-Fr400,gsk7975a-prot-OPT,17,/home/manndo/master_dev/posebusters_results/converted_pdbqt/Orai1WT-MDSnap-Fr400__gsk7975a-prot-OPT_vina_out_model17.sdf,-10.547333333333334,16.8074,-28.22876666666667,0,0
AutoDock_Vina,Orai1WT-MDSnap-Fr400,gsk7975a-prot-OPT,18,/home/manndo/master_dev/posebusters_results/converted_pdbqt/Orai1WT-MDSnap-Fr400__gsk7975a-prot-OPT_vina_out_model18.sdf,-10.922466666666667,16.778500000000005,-27.6879,0,0
AutoDock_Vina,Orai1WT-MDSnap-Fr400,gsk7975a-prot-OPT,19,/home/manndo/master_dev/posebusters_results/converted_pdbqt/Orai1WT-MDSnap-Fr400__gsk7975a-prot-OPT_vina_out_model19.sdf,6.699866666666666,-15.052933333333339,21.237033333333336,0,0
AutoDock_Vina,Orai1WT-MDSnap-Fr400,gsk7975a-prot-OPT,2,/home/manndo/master_dev/posebusters_results/converted_pdbqt/Orai1WT-MDSnap-Fr400__gsk7975a-prot-OPT_vina_out_model2.sdf,3.102233333333333,10.508666666666665,29.240966666666665,0,0
AutoDock_Vina,Orai1WT-MDSnap-Fr400,gsk7975a-prot-OPT,20,/home/manndo/master_dev/posebusters_results/converted_pdbqt/Orai1WT-MDSnap-Fr400__gsk7975a-prot-OPT_vina_out_model20.sdf,-8.632866666666667,-3.154966666666667,-27.08546666666667,0,0
AutoDock_Vina,Orai1WT-MDSnap-Fr400,gsk7975a-prot-OPT,21,/home/manndo/master_dev/posebusters_results/converted_pdbqt/Orai1WT-MDSnap-Fr400__gsk7975a-prot-OPT_vina_out_model21.sdf,3.443466666666667,10.5497,29.95443333333333,0,0
AutoDock_Vina,Orai1WT-MDSnap-Fr400,gsk7975a-prot-OPT,22,/home/manndo/master_dev/posebusters_results/converted_pdbqt/Orai1WT-MDSnap-Fr400__gsk7975a-prot-OPT_vina_out_model22.sdf,-2.5916666666666663,13.5018,29.53733333333333,0,0
AutoDock_Vina,Orai1WT-MDSnap-Fr400,gsk7975a-prot-OPT,23,/home/manndo/master_dev/posebusters_results/converted_pdbqt/Orai1WT-MDSnap-Fr400__gsk7975a-prot-OPT_vina_out_model23.sdf,24.84513333333333,10.521666666666667,10.599300000000001,0,0
AutoDock_Vina,Orai1WT-MDSnap-Fr400,gsk7975a-prot-OPT,24,/home/manndo/master_dev/posebusters_results/converted_pdbqt/Orai1WT-MDSnap-Fr400__gsk7975a-prot-OPT_vina_out_model24.sdf,6.869599999999999,-14.2095,22.118000000000006,0,0
AutoDock_Vina,Orai1WT-MDSnap-Fr400,gsk7975a-prot-OPT,25,/home/manndo/master_dev/posebusters_results/converted_pdbqt/Orai1WT-MDSnap-Fr400__gsk7975a-prot-OPT_vina_out_model25.sdf,28.2786,6.642066666666667,13.101200000000002,0,0
AutoDock_Vina,Orai1WT-MDSnap-Fr400,gsk7975a-prot-OPT,26,/home/manndo/master_dev/posebusters_results/converted_pdbqt/Orai1WT-MDSnap-Fr400__gsk7975a-prot-OPT_vina_out_model26.sdf,13.176166666666669,-15.136066666666666,12.899533333333334,0,0
AutoDock_Vina,Orai1WT-MDSnap-Fr400,gsk7975a-prot-OPT,27,/home/manndo/master_dev/posebusters_results/converted_pdbqt/Orai1WT-MDSnap-Fr400__gsk7975a-prot-OPT_vina_out_model27.sdf,2.8153666666666672,10.9244,29.289233333333332,0,0
AutoDock_Vina,Orai1WT-MDSnap-Fr400,gsk7975a-prot-OPT,28,/home/manndo/master_dev/posebusters_results/converted_pdbqt/Orai1WT-MDSnap-Fr400__gsk7975a-prot-OPT_vina_out_model28.sdf,1.3329333333333337,-11.303599999999998,25.014599999999998,0,0
AutoDock_Vina,Orai1WT-MDSnap-Fr400,gsk7975a-prot-OPT,29,/home/manndo/master_dev/posebusters_results/converted_pdbqt/Orai1WT-MDSnap-Fr400__gsk7975a-prot-OPT_vina_out_model29.sdf,18.953233333333337,-13.3539,-28.940533333333338,0,0
AutoDock_Vina,Orai1WT-MDSnap-Fr400,gsk7975a-prot-OPT,3,/home/manndo/master_dev/posebusters_results/converted_pdbqt/Orai1WT-MDSnap-Fr400__gsk7975a-prot-OPT_vina_out_model3.sdf,-1.6647999999999998,4.729866666666667,-11.042933333333334,0,0
AutoDock_Vina,Orai1WT-MDSnap-Fr400,gsk7975a-prot-OPT,30,/home/manndo/master_dev/posebusters_results/converted_pdbqt/Orai1WT-MDSnap-Fr400__gsk7975a-prot-OPT_vina_out_model30.sdf,1.351833333333334,-16.13846666666667,22.77243333333333,0,0
AutoDock_Vina,Orai1WT-MDSnap-Fr400,gsk7975a-prot-OPT,4,/home/manndo/master_dev/posebusters_results/converted_pdbqt/Orai1WT-MDSnap-Fr400__gsk7975a-prot-OPT_vina_out_model4.sdf,-0.5176666666666667,4.781,-11.986400000000001,0,0
AutoDock_Vina,Orai1WT-MDSnap-Fr400,gsk7975a-prot-OPT,5,/home/manndo/master_dev/posebusters_results/converted_pdbqt/Orai1WT-MDSnap-Fr400__gsk7975a-prot-OPT_vina_out_model5.sdf,2.8016666666666676,10.702766666666667,29.219199999999994,0,0
AutoDock_Vina,Orai1WT-MDSnap-Fr400,gsk7975a-prot-OPT,6,/home/manndo/master_dev/posebusters_results/converted_pdbqt/Orai1WT-MDSnap-Fr400__gsk7975a-prot-OPT_vina_out_model6.sdf,13.984366666666665,-14.528500000000001,16.401533333333337,0,0
AutoDock_Vina,Orai1WT-MDSnap-Fr400,gsk7975a-prot-OPT,7,/home/manndo/master_dev/posebusters_results/converted_pdbqt/Orai1WT-MDSnap-Fr400__gsk7975a-prot-OPT_vina_out_model7.sdf,-10.517033333333334,16.670166666666667,-27.340099999999996,0,0
AutoDock_Vina,Orai1WT-MDSnap-Fr400,gsk7975a-prot-OPT,8,/home/manndo/master_dev/posebusters_results/converted_pdbqt/Orai1WT-MDSnap-Fr400__gsk7975a-prot-OPT_vina_out_model8.sdf,-10.417533333333333,16.393433333333334,-27.797933333333333,0,0
AutoDock_Vina,Orai1WT-MDSnap-Fr400,gsk7975a-prot-OPT,9,/home/manndo/master_dev/posebusters_results/converted_pdbqt/Orai1WT-MDSnap-Fr400__gsk7975a-prot-OPT_vina_out_model9.sdf,-7.2645333333333335,-4.759900000000002,-25.547633333333337,0,0
AutoDock_Vina,Orai1WT-MDSnap-Fr400_cleaned,2abp-nh2-OPT,1,/home/manndo/master_dev/posebusters_results/converted_pdbqt/Orai1WT-MDSnap-Fr400_cleaned__2abp-nh2-OPT_vina_out_model1.sdf,0.5385263157894739,3.0665263157894733,-7.525473684210527,7,1
AutoDock_Vina,Orai1WT-MDSnap-Fr400_cleaned,2abp-nh2-OPT,10,/home/manndo/master_dev/posebusters_results/converted_pdbqt/Orai1WT-MDSnap-Fr400_cleaned__2abp-nh2-OPT_vina_out_model10.sdf,-8.579894736842107,-19.127578947368413,7.552789473684212,0,2
AutoDock_Vina,Orai1WT-MDSnap-Fr400_cleaned,2abp-nh2-OPT,11,/home/manndo/master_dev/posebusters_results/converted_pdbqt/Orai1WT-MDSnap-Fr400_cleaned__2abp-nh2-OPT_vina_out_model11.sdf,0.6172105263157894,4.322526315789473,-9.479631578947368,7,1
AutoDock_Vina,Orai1WT-MDSnap-Fr400_cleaned,2abp-nh2-OPT,12,/home/manndo/master_dev/posebusters_results/converted_pdbqt/Orai1WT-MDSnap-Fr400_cleaned__2abp-nh2-OPT_vina_out_model12.sdf,-21.62484210526316,9.876052631578949,-29.019842105263162,4,0
AutoDock_Vina,Orai1WT-MDSnap-Fr400_cleaned,2abp-nh2-OPT,13,/home/manndo/master_dev/posebusters_results/converted_pdbqt/Orai1WT-MDSnap-Fr400_cleaned__2abp-nh2-OPT_vina_out_model13.sdf,-17.067526315789472,14.254684210526316,22.0288947368421,5,5
AutoDock_Vina,Orai1WT-MDSnap-Fr400_cleaned,2abp-nh2-OPT,14,/home/manndo/master_dev/posebusters_results/converted_pdbqt/Orai1WT-MDSnap-Fr400_cleaned__2abp-nh2-OPT_vina_out_model14.sdf,-9.172684210526317,-19.38684210526316,6.9422105263157885,0,2
AutoDock_Vina,Orai1WT-MDSnap-Fr400_cleaned,2abp-nh2-OPT,15,/home/manndo/master_dev/posebusters_results/converted_pdbqt/Orai1WT-MDSnap-Fr400_cleaned__2abp-nh2-OPT_vina_out_model15.sdf,-14.06305263157895,25.298315789473683,11.79215789473684,3,7
AutoDock_Vina,Orai1WT-MDSnap-Fr400_cleaned,2abp-nh2-OPT,16,/home/manndo/master_dev/posebusters_results/converted_pdbqt/Orai1WT-MDSnap-Fr400_cleaned__2abp-nh2-OPT_vina_out_model16.sdf,-8.422684210526315,-19.272842105263152,8.000578947368421,0,2
AutoDock_Vina,Orai1WT-MDSnap-Fr400_cleaned,2abp-nh2-OPT,17,/home/manndo/master_dev/posebusters_results/converted_pdbqt/Orai1WT-MDSnap-Fr400_cleaned__2abp-nh2-OPT_vina_out_model17.sdf,-17.550842105263154,15.083315789473689,22.102105263157892,5,5
AutoDock_Vina,Orai1WT-MDSnap-Fr400_cleaned,2abp-nh2-OPT,18,/home/manndo/master_dev/posebusters_results/converted_pdbqt/Orai1WT-MDSnap-Fr400_cleaned__2abp-nh2-OPT_vina_out_model18.sdf,-0.00021052631578954398,4.41663157894737,18.52347368421053,2,4
AutoDock_Vina,Orai1WT-MDSnap-Fr400_cleaned,2abp-nh2-OPT,19,/home/manndo/master_dev/posebusters_results/converted_pdbqt/Orai1WT-MDSnap-Fr400_cleaned__2abp-nh2-OPT_vina_out_model19.sdf,1.3823684210526315,4.545315789473684,-10.375578947368423,7,1
AutoDock_Vina,Orai1WT-MDSnap-Fr400_cleaned,2abp-nh2-OPT,2,/home/manndo/master_dev/posebusters_results/converted_pdbqt/Orai1WT-MDSnap-Fr400_cleaned__2abp-nh2-OPT_vina_out_model2.sdf,-8.886473684210527,15.664,-26.2038947368421,4,0
AutoDock_Vina,Orai1WT-MDSnap-Fr400_cleaned,2abp-nh2-OPT,20,/home/manndo/master_dev/posebusters_results/converted_pdbqt/Orai1WT-MDSnap-Fr400_cleaned__2abp-nh2-OPT_vina_out_model20.sdf,1.4114736842105264,4.569052631578947,-10.408421052631578,7,1
AutoDock_Vina,Orai1WT-MDSnap-Fr400_cleaned,2abp-nh2-OPT,21,/home/manndo/master_dev/posebusters_results/converted_pdbqt/Orai1WT-MDSnap-Fr400_cleaned__2abp-nh2-OPT_vina_out_model21.sdf,-22.15678947368421,9.906052631578946,-29.95468421052631,4,0
AutoDock_Vina,Orai1WT-MDSnap-Fr400_cleaned,2abp-nh2-OPT,22,/home/manndo/master_dev/posebusters_results/converted_pdbqt/Orai1WT-MDSnap-Fr400_cleaned__2abp-nh2-OPT_vina_out_model22.sdf,-9.28357894736842,-19.209210526315786,6.940157894736842,0,2
AutoDock_Vina,Orai1WT-MDSnap-Fr400_cleaned,2abp-nh2-OPT,23,/home/manndo/master_dev/posebusters_results/converted_pdbqt/Orai1WT-MDSnap-Fr400_cleaned__2abp-nh2-OPT_vina_out_model23.sdf,0.3210000000000001,3.8439473684210532,-10.66221052631579,7,1
AutoDock_Vina,Orai1WT-MDSnap-Fr400_cleaned,2abp-nh2-OPT,24,/home/manndo/master_dev/posebusters_results/converted_pdbqt/Orai1WT-MDSnap-Fr400_cleaned__2abp-nh2-OPT_vina_out_model24.sdf,-14.154473684210526,25.766684210526318,11.141894736842106,3,7
AutoDock_Vina,Orai1WT-MDSnap-Fr400_cleaned,2abp-nh2-OPT,25,/home/manndo/master_dev/posebusters_results/converted_pdbqt/Orai1WT-MDSnap-Fr400_cleaned__2abp-nh2-OPT_vina_out_model25.sdf,0.8117368421052631,3.708315789473685,-9.219368421052632,7,1
AutoDock_Vina,Orai1WT-MDSnap-Fr400_cleaned,2abp-nh2-OPT,26,/home/manndo/master_dev/posebusters_results/converted_pdbqt/Orai1WT-MDSnap-Fr400_cleaned__2abp-nh2-OPT_vina_out_model26.sdf,-0.04194736842105257,4.577526315789474,19.169315789473682,2,4
AutoDock_Vina,Orai1WT-MDSnap-Fr400_cleaned,2abp-nh2-OPT,27,/home/manndo/master_dev/posebusters_results/converted_pdbqt/Orai1WT-MDSnap-Fr400_cleaned__2abp-nh2-OPT_vina_out_model27.sdf,0.36478947368421055,4.218105263157895,-9.802947368421053,7,1
AutoDock_Vina,Orai1WT-MDSnap-Fr400_cleaned,2abp-nh2-OPT,28,/home/manndo/master_dev/posebusters_results/converted_pdbqt/Orai1WT-MDSnap-Fr400_cleaned__2abp-nh2-OPT_vina_out_model28.sdf,0.482157894736842,3.9141578947368427,-11.384526315789472,7,1
AutoDock_Vina,Orai1WT-MDSnap-Fr400_cleaned,2abp-nh2-OPT,29,/home/manndo/master_dev/posebusters_results/converted_pdbqt/Orai1WT-MDSnap-Fr400_cleaned__2abp-nh2-OPT_vina_out_model29.sdf,-22.326789473684215,10.295578947368421,-30.07505263157895,4,0
AutoDock_Vina,Orai1WT-MDSnap-Fr400_cleaned,2abp-nh2-OPT,3,/home/manndo/master_dev/posebusters_results/converted_pdbqt/Orai1WT-MDSnap-Fr400_cleaned__2abp-nh2-OPT_vina_out_model3.sdf,0.42736842105263156,3.303052631578948,-7.661894736842103,7,1
AutoDock_Vina,Orai1WT-MDSnap-Fr400_cleaned,2abp-nh2-OPT,30,/home/manndo/master_dev/posebusters_results/converted_pdbqt/Orai1WT-MDSnap-Fr400_cleaned__2abp-nh2-OPT_vina_out_model30.sdf,-16.954421052631584,14.912999999999998,22.662842105263156,5,5
AutoDock_Vina,Orai1WT-MDSnap-Fr400_cleaned,2abp-nh2-OPT,4,/home/manndo/master_dev/posebusters_results/converted_pdbqt/Orai1WT-MDSnap-Fr400_cleaned__2abp-nh2-OPT_vina_out_model4.sdf,-14.048157894736843,4.834263157894736,6.394105263157894,6,6
AutoDock_Vina,Orai1WT-MDSnap-Fr400_cleaned,2abp-nh2-OPT,5,/home/manndo/master_dev/posebusters_results/converted_pdbqt/Orai1WT-MDSnap-Fr400_cleaned__2abp-nh2-OPT_vina_out_model5.sdf,-8.844263157894737,-19.574368421052633,8.887631578947369,0,2
AutoDock_Vina,Orai1WT-MDSnap-Fr400_cleaned,2abp-nh2-OPT,6,/home/manndo/master_dev/posebusters_results/converted_pdbqt/Orai1WT-MDSnap-Fr400_cleaned__2abp-nh2-OPT_vina_out_model6.sdf,-14.108105263157894,4.787315789473684,6.5028421052631575,6,6
AutoDock_Vina,Orai1WT-MDSnap-Fr400_cleaned,2abp-nh2-OPT,7,/home/manndo/master_dev/posebusters_results/converted_pdbqt/Orai1WT-MDSnap-Fr400_cleaned__2abp-nh2-OPT_vina_out_model7.sdf,-21.923210526315785,9.790684210526317,-28.946368421052632,4,0
AutoDock_Vina,Orai1WT-MDSnap-Fr400_cleaned,2abp-nh2-OPT,8,/home/manndo/master_dev/posebusters_results/converted_pdbqt/Orai1WT-MDSnap-Fr400_cleaned__2abp-nh2-OPT_vina_out_model8.sdf,-8.877473684210528,-19.46194736842105,8.851947368421051,0,2
AutoDock_Vina,Orai1WT-MDSnap-Fr400_cleaned,2abp-nh2-OPT,9,/home/manndo/master_dev/posebusters_results/converted_pdbqt/Orai1WT-MDSnap-Fr400_cleaned__2abp-nh2-OPT_vina_out_model9.sdf,-17.725052631578947,14.687105263157898,21.91378947368421,5,5
AutoDock_Vina,Orai1WT-MDSnap-Fr400_cleaned,Synta-66-OPT-Singlet,1,/home/manndo/master_dev/posebusters_results/converted_pdbqt/Orai1WT-MDSnap-Fr400_cleaned__Synta-66-OPT-Singlet_vina_out_model1.sdf,-9.613555555555557,-19.577518518518513,5.280962962962963,7,3
AutoDock_Vina,Orai1WT-MDSnap-Fr400_cleaned,Synta-66-OPT-Singlet,10,/home/manndo/master_dev/posebusters_results/converted_pdbqt/Orai1WT-MDSnap-Fr400_cleaned__Synta-66-OPT-Singlet_vina_out_model10.sdf,19.85511111111111,-15.00362962962963,17.70425925925926,3,2
AutoDock_Vina,Orai1WT-MDSnap-Fr400_cleaned,Synta-66-OPT-Singlet,11,/home/manndo/master_dev/posebusters_results/converted_pdbqt/Orai1WT-MDSnap-Fr400_cleaned__Synta-66-OPT-Singlet_vina_out_model11.sdf,16.922703703703704,-19.634777777777778,15.689037037037037,3,2
AutoDock_Vina,Orai1WT-MDSnap-Fr400_cleaned,Synta-66-OPT-Singlet,12,/home/manndo/master_dev/posebusters_results/converted_pdbqt/Orai1WT-MDSnap-Fr400_cleaned__Synta-66-OPT-Singlet_vina_out_model12.sdf,-0.28555555555555556,4.748962962962963,16.698851851851853,5,4
AutoDock_Vina,Orai1WT-MDSnap-Fr400_cleaned,Synta-66-OPT-Singlet,13,/home/manndo/master_dev/posebusters_results/converted_pdbqt/Orai1WT-MDSnap-Fr400_cleaned__Synta-66-OPT-Singlet_vina_out_model13.sdf,17.714074074074073,-15.218333333333332,18.15322222222222,3,2
AutoDock_Vina,Orai1WT-MDSnap-Fr400_cleaned,Synta-66-OPT-Singlet,14,/home/manndo/master_dev/posebusters_results/converted_pdbqt/Orai1WT-MDSnap-Fr400_cleaned__Synta-66-OPT-Singlet_vina_out_model14.sdf,17.54444444444444,-15.442925925925929,17.646666666666665,3,2
AutoDock_Vina,Orai1WT-MDSnap-Fr400_cleaned,Synta-66-OPT-Singlet,15,/home/manndo/master_dev/posebusters_results/converted_pdbqt/Orai1WT-MDSnap-Fr400_cleaned__Synta-66-OPT-Singlet_vina_out_model15.sdf,18.777111111111108,-15.053592592592596,18.117481481481484,3,2
AutoDock_Vina,Orai1WT-MDSnap-Fr400_cleaned,Synta-66-OPT-Singlet,16,/home/manndo/master_dev/posebusters_results/converted_pdbqt/Orai1WT-MDSnap-Fr400_cleaned__Synta-66-OPT-Singlet_vina_out_model16.sdf,14.01233333333333,-16.349592592592597,12.82562962962963,3,2
AutoDock_Vina,Orai1WT-MDSnap-Fr400_cleaned,Synta-66-OPT-Singlet,17,/home/manndo/master_dev/posebusters_results/converted_pdbqt/Orai1WT-MDSnap-Fr400_cleaned__Synta-66-OPT-Singlet_vina_out_model17.sdf,-25.953814814814816,-2.656814814814816,10.71248148148148,6,6
AutoDock_Vina,Orai1WT-MDSnap-Fr400_cleaned,Synta-66-OPT-Singlet,18,/home/manndo/master_dev/posebusters_results/converted_pdbqt/Orai1WT-MDSnap-Fr400_cleaned__Synta-66-OPT-Singlet_vina_out_model18.sdf,0.5927777777777777,2.918851851851852,23.166333333333334,5,4
AutoDock_Vina,Orai1WT-MDSnap-Fr400_cleaned,Synta-66-OPT-Singlet,19,/home/manndo/master_dev/posebusters_results/converted_pdbqt/Orai1WT-MDSnap-Fr400_cleaned__Synta-66-OPT-Singlet_vina_out_model19.sdf,-1.3323333333333334,24.986444444444448,-19.73596296296296,2,1
AutoDock_Vina,Orai1WT-MDSnap-Fr400_cleaned,Synta-66-OPT-Singlet,2,/home/manndo/master_dev/posebusters_results/converted_pdbqt/Orai1WT-MDSnap-Fr400_cleaned__Synta-66-OPT-Singlet_vina_out_model2.sdf,-3.7664814814814815,22.374111111111105,-18.74692592592592,2,1
AutoDock_Vina,Orai1WT-MDSnap-Fr400_cleaned,Synta-66-OPT-Singlet,20,/home/manndo/master_dev/posebusters_results/converted_pdbqt/Orai1WT-MDSnap-Fr400_cleaned__Synta-66-OPT-Singlet_vina_out_model20.sdf,12.655629629629631,21.59107407407407,-35.63544444444444,0,7
AutoDock_Vina,Orai1WT-MDSnap-Fr400_cleaned,Synta-66-OPT-Singlet,21,/home/manndo/master_dev/posebusters_results/converted_pdbqt/Orai1WT-MDSnap-Fr400_cleaned__Synta-66-OPT-Singlet_vina_out_model21.sdf,0.6565925925925925,3.1097777777777775,22.1787037037037,5,4
AutoDock_Vina,Orai1WT-MDSnap-Fr400_cleaned,Synta-66-OPT-Singlet,22,/home/manndo/master_dev/posebusters_results/converted_pdbqt/Orai1WT-MDSnap-Fr400_cleaned__Synta-66-OPT-Singlet_vina_out_model22.sdf,-26.37466666666667,-3.0924074074074075,10.66474074074074,6,6
AutoDock_Vina,Orai1WT-MDSnap-Fr400_cleaned,Synta-66-OPT-Singlet,23,/home/manndo/master_dev/posebusters_results/converted_pdbqt/Orai1WT-MDSnap-Fr400_cleaned__Synta-66-OPT-Singlet_vina_out_model23.sdf,-7.808370370370369,-20.21218518518518,9.498111111111111,7,3
AutoDock_Vina,Orai1WT-MDSnap-Fr400_cleaned,Synta-66-OPT-Singlet,24,/home/manndo/master_dev/posebusters_results/converted_pdbqt/Orai1WT-MDSnap-Fr400_cleaned__Synta-66-OPT-Singlet_vina_out_model24.sdf,1.1040370370370367,5.105888888888889,-23.22781481481481,1,0
AutoDock_Vina,Orai1WT-MDSnap-Fr400_cleaned,Synta-66-OPT-Singlet,25,/home/manndo/master_dev/posebusters_results/converted_pdbqt/Orai1WT-MDSnap-Fr400_cleaned__Synta-66-OPT-Singlet_vina_out_model25.sdf,0.10977777777777772,5.619407407407408,21.021222222222217,5,4
AutoDock_Vina,Orai1WT-MDSnap-Fr400_cleaned,Synta-66-OPT-Singlet,26,/home/manndo/master_dev/posebusters_results/converted_pdbqt/Orai1WT-MDSnap-Fr400_cleaned__Synta-66-OPT-Singlet_vina_out_model26.sdf,-2.5816296296296306,27.371444444444446,-23.456,2,1
AutoDock_Vina,Orai1WT-MDSnap-Fr400_cleaned,Synta-66-OPT-Singlet,27,/home/manndo/master_dev/posebusters_results/converted_pdbqt/Orai1WT-MDSnap-Fr400_cleaned__Synta-66-OPT-Singlet_vina_out_model27.sdf,-7.397259259259259,-21.747259259259263,8.20651851851852,7,3
AutoDock_Vina,Orai1WT-MDSnap-Fr400_cleaned,Synta-66-OPT-Singlet,28,/home/manndo/master_dev/posebusters_results/converted_pdbqt/Orai1WT-MDSnap-Fr400_cleaned__Synta-66-OPT-Singlet_vina_out_model28.sdf,-1.9371481481481478,26.901444444444447,-22.189333333333334,2,1
AutoDock_Vina,Orai1WT-MDSnap-Fr400_cleaned,Synta-66-OPT-Singlet,29,/home/manndo/master_dev/posebusters_results/converted_pdbqt/Orai1WT-MDSnap-Fr400_cleaned__Synta-66-OPT-Singlet_vina_out_model29.sdf,14.003814814814817,-15.228370370370374,12.570407407407409,3,2
AutoDock_Vina,Orai1WT-MDSnap-Fr400_cleaned,Synta-66-OPT-Singlet,3,/home/manndo/master_dev/posebusters_results/converted_pdbqt/Orai1WT-MDSnap-Fr400_cleaned__Synta-66-OPT-Singlet_vina_out_model3.sdf,-9.550296296296297,-19.48214814814815,5.553407407407407,7,3
AutoDock_Vina,Orai1WT-MDSnap-Fr400_cleaned,Synta-66-OPT-Singlet,30,/home/manndo/master_dev/posebusters_results/converted_pdbqt/Orai1WT-MDSnap-Fr400_cleaned__Synta-66-OPT-Singlet_vina_out_model30.sdf,-7.92525925925926,-2.391074074074074,-27.213629629629626,1,0
AutoDock_Vina,Orai1WT-MDSnap-Fr400_cleaned,Synta-66-OPT-Singlet,4,/home/manndo/master_dev/posebusters_results/converted_pdbqt/Orai1WT-MDSnap-Fr400_cleaned__Synta-66-OPT-Singlet_vina_out_model4.sdf,-3.855407407407407,22.723,-18.755185185185184,2,1
AutoDock_Vina,Orai1WT-MDSnap-Fr400_cleaned,Synta-66-OPT-Singlet,5,/home/manndo/master_dev/posebusters_results/converted_pdbqt/Orai1WT-MDSnap-Fr400_cleaned__Synta-66-OPT-Singlet_vina_out_model5.sdf,-6.531555555555555,-4.000962962962963,-26.152407407407413,1,0
AutoDock_Vina,Orai1WT-MDSnap-Fr400_cleaned,Synta-66-OPT-Singlet,6,/home/manndo/master_dev/posebusters_results/converted_pdbqt/Orai1WT-MDSnap-Fr400_cleaned__Synta-66-OPT-Singlet_vina_out_model6.sdf,-6.9948148148148155,-4.489148148148148,-26.015481481481487,1,0
AutoDock_Vina,Orai1WT-MDSnap-Fr400_cleaned,Synta-66-OPT-Singlet,7,/home/manndo/master_dev/posebusters_results/converted_pdbqt/Orai1WT-MDSnap-Fr400_cleaned__Synta-66-OPT-Singlet_vina_out_model7.sdf,-9.31811111111111,-19.849666666666668,7.219185185185186,7,3
AutoDock_Vina,Orai1WT-MDSnap-Fr400_cleaned,Synta-66-OPT-Singlet,8,/home/manndo/master_dev/posebusters_results/converted_pdbqt/Orai1WT-MDSnap-Fr400_cleaned__Synta-66-OPT-Singlet_vina_out_model8.sdf,17.208074074074077,-15.508740740740741,17.843185185185185,3,2
AutoDock_Vina,Orai1WT-MDSnap-Fr400_cleaned,Synta-66-OPT-Singlet,9,/home/manndo/master_dev/posebusters_results/converted_pdbqt/Orai1WT-MDSnap-Fr400_cleaned__Synta-66-OPT-Singlet_vina_out_model9.sdf,19.45796296296296,-15.166703703703702,17.870629629629633,3,2
AutoDock_Vina,Orai1WT-MDSnap-Fr400_cleaned,gsk7975a-deprot-OPT,1,/home/manndo/master_dev/posebusters_results/converted_pdbqt/Orai1WT-MDSnap-Fr400_cleaned__gsk7975a-deprot-OPT_vina_out_model1.sdf,-0.2313448275862069,4.941517241379311,16.47086206896552,4,0
AutoDock_Vina,Orai1WT-MDSnap-Fr400_cleaned,gsk7975a-deprot-OPT,10,/home/manndo/master_dev/posebusters_results/converted_pdbqt/Orai1WT-MDSnap-Fr400_cleaned__gsk7975a-deprot-OPT_vina_out_model10.sdf,-0.48072413793103447,4.725896551724139,-3.875068965517242,3,1
AutoDock_Vina,Orai1WT-MDSnap-Fr400_cleaned,gsk7975a-deprot-OPT,11,/home/manndo/master_dev/posebusters_results/converted_pdbqt/Orai1WT-MDSnap-Fr400_cleaned__gsk7975a-deprot-OPT_vina_out_model11.sdf,-0.44920689655172386,5.493103448275862,-13.33944827586207,3,1
AutoDock_Vina,Orai1WT-MDSnap-Fr400_cleaned,gsk7975a-deprot-OPT,12,/home/manndo/master_dev/posebusters_results/converted_pdbqt/Orai1WT-MDSnap-Fr400_cleaned__gsk7975a-deprot-OPT_vina_out_model12.sdf,16.204137931034488,-20.14113793103449,15.991758620689653,2,6
AutoDock_Vina,Orai1WT-MDSnap-Fr400_cleaned,gsk7975a-deprot-OPT,13,/home/manndo/master_dev/posebusters_results/converted_pdbqt/Orai1WT-MDSnap-Fr400_cleaned__gsk7975a-deprot-OPT_vina_out_model13.sdf,24.466655172413798,11.892103448275861,11.059206896551725,1,5
AutoDock_Vina,Orai1WT-MDSnap-Fr400_cleaned,gsk7975a-deprot-OPT,14,/home/manndo/master_dev/posebusters_results/converted_pdbqt/Orai1WT-MDSnap-Fr400_cleaned__gsk7975a-deprot-OPT_vina_out_model14.sdf,3.108172413793104,5.583068965517241,27.141482758620693,4,0
AutoDock_Vina,Orai1WT-MDSnap-Fr400_cleaned,gsk7975a-deprot-OPT,15,/home/manndo/master_dev/posebusters_results/converted_pdbqt/Orai1WT-MDSnap-Fr400_cleaned__gsk7975a-deprot-OPT_vina_out_model15.sdf,-2.8229655172413795,13.23634482758621,29.669620689655176,4,0
AutoDock_Vina,Orai1WT-MDSnap-Fr400_cleaned,gsk7975a-deprot-OPT,16,/home/manndo/master_dev/posebusters_results/converted_pdbqt/Orai1WT-MDSnap-Fr400_cleaned__gsk7975a-deprot-OPT_vina_out_model16.sdf,-10.870379310344825,17.54703448275862,-27.72141379310345,0,3
AutoDock_Vina,Orai1WT-MDSnap-Fr400_cleaned,gsk7975a-deprot-OPT,17,/home/manndo/master_dev/posebusters_results/converted_pdbqt/Orai1WT-MDSnap-Fr400_cleaned__gsk7975a-deprot-OPT_vina_out_model17.sdf,-2.5479655172413795,24.023275862068967,-20.92558620689655,5,2
AutoDock_Vina,Orai1WT-MDSnap-Fr400_cleaned,gsk7975a-deprot-OPT,18,/home/manndo/master_dev/posebusters_results/converted_pdbqt/Orai1WT-MDSnap-Fr400_cleaned__gsk7975a-deprot-OPT_vina_out_model18.sdf,0.18951724137931028,5.084241379310345,-3.4651379310344828,3,1
AutoDock_Vina,Orai1WT-MDSnap-Fr400_cleaned,gsk7975a-deprot-OPT,19,/home/manndo/master_dev/posebusters_results/converted_pdbqt/Orai1WT-MDSnap-Fr400_cleaned__gsk7975a-deprot-OPT_vina_out_model19.sdf,-0.6677586206896551,4.336068965517243,-3.972896551724138,3,1
AutoDock_Vina,Orai1WT-MDSnap-Fr400_cleaned,gsk7975a-deprot-OPT,2,/home/manndo/master_dev/posebusters_results/converted_pdbqt/Orai1WT-MDSnap-Fr400_cleaned__gsk7975a-deprot-OPT_vina_out_model2.sdf,-9.614655172413793,-20.26358620689655,6.045999999999999,6,4
AutoDock_Vina,Orai1WT-MDSnap-Fr400_cleaned,gsk7975a-deprot-OPT,20,/home/manndo/master_dev/posebusters_results/converted_pdbqt/Orai1WT-MDSnap-Fr400_cleaned__gsk7975a-deprot-OPT_vina_out_model20.sdf,-9.339551724137932,-19.472034482758627,7.934793103448275,6,4
AutoDock_Vina,Orai1WT-MDSnap-Fr400_cleaned,gsk7975a-deprot-OPT,21,/home/manndo/master_dev/posebusters_results/converted_pdbqt/Orai1WT-MDSnap-Fr400_cleaned__gsk7975a-deprot-OPT_vina_out_model21.sdf,16.32996551724138,-20.079310344827583,16.01244827586207,2,6
AutoDock_Vina,Orai1WT-MDSnap-Fr400_cleaned,gsk7975a-deprot-OPT,22,/home/manndo/master_dev/posebusters_results/converted_pdbqt/Orai1WT-MDSnap-Fr400_cleaned__gsk7975a-deprot-OPT_vina_out_model22.sdf,-11.057379310344826,17.227827586206896,-27.511103448275858,0,3
AutoDock_Vina,Orai1WT-MDSnap-Fr400_cleaned,gsk7975a-deprot-OPT,23,/home/manndo/master_dev/posebusters_results/converted_pdbqt/Orai1WT-MDSnap-Fr400_cleaned__gsk7975a-deprot-OPT_vina_out_model23.sdf,15.791206896551722,-19.841068965517245,16.611551724137932,2,6
AutoDock_Vina,Orai1WT-MDSnap-Fr400_cleaned,gsk7975a-deprot-OPT,24,/home/manndo/master_dev/posebusters_results/converted_pdbqt/Orai1WT-MDSnap-Fr400_cleaned__gsk7975a-deprot-OPT_vina_out_model24.sdf,3.02051724137931,10.571034482758622,29.855206896551724,4,0
AutoDock_Vina,Orai1WT-MDSnap-Fr400_cleaned,gsk7975a-deprot-OPT,25,/home/manndo/master_dev/posebusters_results/converted_pdbqt/Orai1WT-MDSnap-Fr400_cleaned__gsk7975a-deprot-OPT_vina_out_model25.sdf,28.362620689655174,6.748206896551724,13.000310344827586,1,5
AutoDock_Vina,Orai1WT-MDSnap-Fr400_cleaned,gsk7975a-deprot-OPT,26,/home/manndo/master_dev/posebusters_results/converted_pdbqt/Orai1WT-MDSnap-Fr400_cleaned__gsk7975a-deprot-OPT_vina_out_model26.sdf,-10.514517241379313,16.934448275862067,-28.32851724137931,0,3
AutoDock_Vina,Orai1WT-MDSnap-Fr400_cleaned,gsk7975a-deprot-OPT,27,/home/manndo/master_dev/posebusters_results/converted_pdbqt/Orai1WT-MDSnap-Fr400_cleaned__gsk7975a-deprot-OPT_vina_out_model27.sdf,-0.148,5.381379310344828,-2.208275862068965,3,1
AutoDock_Vina,Orai1WT-MDSnap-Fr400_cleaned,gsk7975a-deprot-OPT,28,/home/manndo/master_dev/posebusters_results/converted_pdbqt/Orai1WT-MDSnap-Fr400_cleaned__gsk7975a-deprot-OPT_vina_out_model28.sdf,-9.48110344827586,-19.471413793103444,6.4350344827586206,6,4
AutoDock_Vina,Orai1WT-MDSnap-Fr400_cleaned,gsk7975a-deprot-OPT,29,/home/manndo/master_dev/posebusters_results/converted_pdbqt/Orai1WT-MDSnap-Fr400_cleaned__gsk7975a-deprot-OPT_vina_out_model29.sdf,13.64003448275862,-13.983310344827586,13.09144827586207,2,6
AutoDock_Vina,Orai1WT-MDSnap-Fr400_cleaned,gsk7975a-deprot-OPT,3,/home/manndo/master_dev/posebusters_results/converted_pdbqt/Orai1WT-MDSnap-Fr400_cleaned__gsk7975a-deprot-OPT_vina_out_model3.sdf,1.2327586206896555,3.4840689655172423,-8.195517241379312,3,1
AutoDock_Vina,Orai1WT-MDSnap-Fr400_cleaned,gsk7975a-deprot-OPT,30,/home/manndo/master_dev/posebusters_results/converted_pdbqt/Orai1WT-MDSnap-Fr400_cleaned__gsk7975a-deprot-OPT_vina_out_model30.sdf,-10.614310344827585,16.53248275862069,-27.654206896551727,0,3
AutoDock_Vina,Orai1WT-MDSnap-Fr400_cleaned,gsk7975a-deprot-OPT,4,/home/manndo/master_dev/posebusters_results/converted_pdbqt/Orai1WT-MDSnap-Fr400_cleaned__gsk7975a-deprot-OPT_vina_out_model4.sdf,-0.5107931034482757,4.877275862068966,-12.19210344827586,3,1
AutoDock_Vina,Orai1WT-MDSnap-Fr400_cleaned,gsk7975a-deprot-OPT,5,/home/manndo/master_dev/posebusters_results/converted_pdbqt/Orai1WT-MDSnap-Fr400_cleaned__gsk7975a-deprot-OPT_vina_out_model5.sdf,0.17913793103448283,3.9068620689655154,-4.065551724137931,3,1
AutoDock_Vina,Orai1WT-MDSnap-Fr400_cleaned,gsk7975a-deprot-OPT,6,/home/manndo/master_dev/posebusters_results/converted_pdbqt/Orai1WT-MDSnap-Fr400_cleaned__gsk7975a-deprot-OPT_vina_out_model6.sdf,2.9186206896551723,10.709137931034483,29.302517241379313,4,0
AutoDock_Vina,Orai1WT-MDSnap-Fr400_cleaned,gsk7975a-deprot-OPT,7,/home/manndo/master_dev/posebusters_results/converted_pdbqt/Orai1WT-MDSnap-Fr400_cleaned__gsk7975a-deprot-OPT_vina_out_model7.sdf,14.21113793103448,-14.06206896551724,13.888137931034485,2,6
AutoDock_Vina,Orai1WT-MDSnap-Fr400_cleaned,gsk7975a-deprot-OPT,8,/home/manndo/master_dev/posebusters_results/converted_pdbqt/Orai1WT-MDSnap-Fr400_cleaned__gsk7975a-deprot-OPT_vina_out_model8.sdf,2.8018965517241377,10.844310344827585,29.27589655172414,4,0
AutoDock_Vina,Orai1WT-MDSnap-Fr400_cleaned,gsk7975a-deprot-OPT,9,/home/manndo/master_dev/posebusters_results/converted_pdbqt/Orai1WT-MDSnap-Fr400_cleaned__gsk7975a-deprot-OPT_vina_out_model9.sdf,-7.433,-4.657034482758621,-25.634137931034488,7,7
AutoDock_Vina,Orai1WT-MDSnap-Fr400_cleaned,gsk7975a-prot-OPT,1,/home/manndo/master_dev/posebusters_results/converted_pdbqt/Orai1WT-MDSnap-Fr400_cleaned__gsk7975a-prot-OPT_vina_out_model1.sdf,-3.236000000000001,-9.92033333333333,7.711033333333333,7,0
AutoDock_Vina,Orai1WT-MDSnap-Fr400_cleaned,gsk7975a-prot-OPT,10,/home/manndo/master_dev/posebusters_results/converted_pdbqt/Orai1WT-MDSnap-Fr400_cleaned__gsk7975a-prot-OPT_vina_out_model10.sdf,14.311333333333332,-13.9823,13.995966666666666,0,3
AutoDock_Vina,Orai1WT-MDSnap-Fr400_cleaned,gsk7975a-prot-OPT,11,/home/manndo/master_dev/posebusters_results/converted_pdbqt/Orai1WT-MDSnap-Fr400_cleaned__gsk7975a-prot-OPT_vina_out_model11.sdf,-16.43166666666667,3.654133333333332,9.658833333333332,4,6
AutoDock_Vina,Orai1WT-MDSnap-Fr400_cleaned,gsk7975a-prot-OPT,12,/home/manndo/master_dev/posebusters_results/converted_pdbqt/Orai1WT-MDSnap-Fr400_cleaned__gsk7975a-prot-OPT_vina_out_model12.sdf,0.04296666666666669,3.8552999999999993,-3.8393333333333337,2,1
AutoDock_Vina,Orai1WT-MDSnap-Fr400_cleaned,gsk7975a-prot-OPT,13,/home/manndo/master_dev/posebusters_results/converted_pdbqt/Orai1WT-MDSnap-Fr400_cleaned__gsk7975a-prot-OPT_vina_out_model13.sdf,2.8179333333333334,10.725200000000003,29.207433333333345,5,4
AutoDock_Vina,Orai1WT-MDSnap-Fr400_cleaned,gsk7975a-prot-OPT,14,/home/manndo/master_dev/posebusters_results/converted_pdbqt/Orai1WT-MDSnap-Fr400_cleaned__gsk7975a-prot-OPT_vina_out_model14.sdf,-10.576099999999999,16.647800000000004,-27.34780000000001,1,5
AutoDock_Vina,Orai1WT-MDSnap-Fr400_cleaned,gsk7975a-prot-OPT,15,/home/manndo/master_dev/posebusters_results/converted_pdbqt/Orai1WT-MDSnap-Fr400_cleaned__gsk7975a-prot-OPT_vina_out_model15.sdf,-10.395866666666668,16.356566666666666,-27.76156666666666,1,5
AutoDock_Vina,Orai1WT-MDSnap-Fr400_cleaned,gsk7975a-prot-OPT,16,/home/manndo/master_dev/posebusters_results/converted_pdbqt/Orai1WT-MDSnap-Fr400_cleaned__gsk7975a-prot-OPT_vina_out_model16.sdf,0.36779999999999985,3.2263000000000006,-4.858633333333332,2,1
AutoDock_Vina,Orai1WT-MDSnap-Fr400_cleaned,gsk7975a-prot-OPT,17,/home/manndo/master_dev/posebusters_results/converted_pdbqt/Orai1WT-MDSnap-Fr400_cleaned__gsk7975a-prot-OPT_vina_out_model17.sdf,-7.267300000000002,-4.711733333333332,-25.582566666666665,3,2
AutoDock_Vina,Orai1WT-MDSnap-Fr400_cleaned,gsk7975a-prot-OPT,18,/home/manndo/master_dev/posebusters_results/converted_pdbqt/Orai1WT-MDSnap-Fr400_cleaned__gsk7975a-prot-OPT_vina_out_model18.sdf,-2.4162333333333335,24.135666666666665,-21.179066666666667,6,7
AutoDock_Vina,Orai1WT-MDSnap-Fr400_cleaned,gsk7975a-prot-OPT,19,/home/manndo/master_dev/posebusters_results/converted_pdbqt/Orai1WT-MDSnap-Fr400_cleaned__gsk7975a-prot-OPT_vina_out_model19.sdf,-10.915866666666668,16.83836666666667,-27.679,1,5
AutoDock_Vina,Orai1WT-MDSnap-Fr400_cleaned,gsk7975a-prot-OPT,2,/home/manndo/master_dev/posebusters_results/converted_pdbqt/Orai1WT-MDSnap-Fr400_cleaned__gsk7975a-prot-OPT_vina_out_model2.sdf,-2.539000000000001,-9.772066666666667,7.2728,7,0
AutoDock_Vina,Orai1WT-MDSnap-Fr400_cleaned,gsk7975a-prot-OPT,20,/home/manndo/master_dev/posebusters_results/converted_pdbqt/Orai1WT-MDSnap-Fr400_cleaned__gsk7975a-prot-OPT_vina_out_model20.sdf,-10.845400000000001,17.57,-27.994699999999998,1,5
AutoDock_Vina,Orai1WT-MDSnap-Fr400_cleaned,gsk7975a-prot-OPT,21,/home/manndo/master_dev/posebusters_results/converted_pdbqt/Orai1WT-MDSnap-Fr400_cleaned__gsk7975a-prot-OPT_vina_out_model21.sdf,3.1901,5.758366666666666,27.41893333333333,5,4
AutoDock_Vina,Orai1WT-MDSnap-Fr400_cleaned,gsk7975a-prot-OPT,22,/home/manndo/master_dev/posebusters_results/converted_pdbqt/Orai1WT-MDSnap-Fr400_cleaned__gsk7975a-prot-OPT_vina_out_model22.sdf,16.504166666666666,-19.915233333333333,16.09726666666667,0,3
AutoDock_Vina,Orai1WT-MDSnap-Fr400_cleaned,gsk7975a-prot-OPT,23,/home/manndo/master_dev/posebusters_results/converted_pdbqt/Orai1WT-MDSnap-Fr400_cleaned__gsk7975a-prot-OPT_vina_out_model23.sdf,-10.5159,16.801033333333333,-28.183933333333332,1,5
AutoDock_Vina,Orai1WT-MDSnap-Fr400_cleaned,gsk7975a-prot-OPT,24,/home/manndo/master_dev/posebusters_results/converted_pdbqt/Orai1WT-MDSnap-Fr400_cleaned__gsk7975a-prot-OPT_vina_out_model24.sdf,-10.907633333333333,17.5141,-27.6894,1,5
AutoDock_Vina,Orai1WT-MDSnap-Fr400_cleaned,gsk7975a-prot-OPT,25,/home/manndo/master_dev/posebusters_results/converted_pdbqt/Orai1WT-MDSnap-Fr400_cleaned__gsk7975a-prot-OPT_vina_out_model25.sdf,17.147066666666667,-16.7824,17.224566666666664,0,3
AutoDock_Vina,Orai1WT-MDSnap-Fr400_cleaned,gsk7975a-prot-OPT,26,/home/manndo/master_dev/posebusters_results/converted_pdbqt/Orai1WT-MDSnap-Fr400_cleaned__gsk7975a-prot-OPT_vina_out_model26.sdf,-8.691233333333335,-3.208066666666667,-27.168,3,2
AutoDock_Vina,Orai1WT-MDSnap-Fr400_cleaned,gsk7975a-prot-OPT,27,/home/manndo/master_dev/posebusters_results/converted_pdbqt/Orai1WT-MDSnap-Fr400_cleaned__gsk7975a-prot-OPT_vina_out_model27.sdf,-0.30439999999999995,4.938866666666666,-11.208866666666665,2,1
AutoDock_Vina,Orai1WT-MDSnap-Fr400_cleaned,gsk7975a-prot-OPT,28,/home/manndo/master_dev/posebusters_results/converted_pdbqt/Orai1WT-MDSnap-Fr400_cleaned__gsk7975a-prot-OPT_vina_out_model28.sdf,-8.377733333333333,-3.7702999999999993,-26.3829,3,2
AutoDock_Vina,Orai1WT-MDSnap-Fr400_cleaned,gsk7975a-prot-OPT,29,/home/manndo/master_dev/posebusters_results/converted_pdbqt/Orai1WT-MDSnap-Fr400_cleaned__gsk7975a-prot-OPT_vina_out_model29.sdf,-2.416833333333334,24.40816666666666,-21.075100000000006,6,7
AutoDock_Vina,Orai1WT-MDSnap-Fr400_cleaned,gsk7975a-prot-OPT,3,/home/manndo/master_dev/posebusters_results/converted_pdbqt/Orai1WT-MDSnap-Fr400_cleaned__gsk7975a-prot-OPT_vina_out_model3.sdf,-9.670233333333334,-20.38023333333333,6.246700000000001,7,0
AutoDock_Vina,Orai1WT-MDSnap-Fr400_cleaned,gsk7975a-prot-OPT,30,/home/manndo/master_dev/posebusters_results/converted_pdbqt/Orai1WT-MDSnap-Fr400_cleaned__gsk7975a-prot-OPT_vina_out_model30.sdf,14.081566666666669,-13.69973333333333,13.70983333333333,0,3
AutoDock_Vina,Orai1WT-MDSnap-Fr400_cleaned,gsk7975a-prot-OPT,4,/home/manndo/master_dev/posebusters_results/converted_pdbqt/Orai1WT-MDSnap-Fr400_cleaned__gsk7975a-prot-OPT_vina_out_model4.sdf,-1.274833333333333,4.4543333333333335,-12.797466666666663,2,1
AutoDock_Vina,Orai1WT-MDSnap-Fr400_cleaned,gsk7975a-prot-OPT,5,/home/manndo/master_dev/posebusters_results/converted_pdbqt/Orai1WT-MDSnap-Fr400_cleaned__gsk7975a-prot-OPT_vina_out_model5.sdf,3.119133333333333,10.596833333333334,29.252999999999993,5,4
AutoDock_Vina,Orai1WT-MDSnap-Fr400_cleaned,gsk7975a-prot-OPT,6,/home/manndo/master_dev/posebusters_results/converted_pdbqt/Orai1WT-MDSnap-Fr400_cleaned__gsk7975a-prot-OPT_vina_out_model6.sdf,1.2733666666666665,3.5786666666666673,-8.532000000000002,2,1
AutoDock_Vina,Orai1WT-MDSnap-Fr400_cleaned,gsk7975a-prot-OPT,7,/home/manndo/master_dev/posebusters_results/converted_pdbqt/Orai1WT-MDSnap-Fr400_cleaned__gsk7975a-prot-OPT_vina_out_model7.sdf,-0.5248,4.794466666666666,-12.008333333333331,2,1
AutoDock_Vina,Orai1WT-MDSnap-Fr400_cleaned,gsk7975a-prot-OPT,8,/home/manndo/master_dev/posebusters_results/converted_pdbqt/Orai1WT-MDSnap-Fr400_cleaned__gsk7975a-prot-OPT_vina_out_model8.sdf,-1.6227333333333334,4.739266666666667,-11.009933333333334,2,1
AutoDock_Vina,Orai1WT-MDSnap-Fr400_cleaned,gsk7975a-prot-OPT,9,/home/manndo/master_dev/posebusters_results/converted_pdbqt/Orai1WT-MDSnap-Fr400_cleaned__gsk7975a-prot-OPT_vina_out_model9.sdf,-16.926866666666665,4.2539,10.781666666666665,4,6
AutoDock_Vina,Orai1WT-MDSnap-Fr499,2abp-nh2-OPT,1,/home/manndo/master_dev/posebusters_results/converted_pdbqt/Orai1WT-MDSnap-Fr499__2abp-nh2-OPT_vina_out_model1.sdf,-6.21078947368421,19.90257894736842,-17.95910526315789,0,1
AutoDock_Vina,Orai1WT-MDSnap-Fr499,2abp-nh2-OPT,10,/home/manndo/master_dev/posebusters_results/converted_pdbqt/Orai1WT-MDSnap-Fr499__2abp-nh2-OPT_vina_out_model10.sdf,-9.224368421052631,14.735421052631576,-26.559684210526314,0,1
AutoDock_Vina,Orai1WT-MDSnap-Fr499,2abp-nh2-OPT,11,/home/manndo/master_dev/posebusters_results/converted_pdbqt/Orai1WT-MDSnap-Fr499__2abp-nh2-OPT_vina_out_model11.sdf,-14.801105263157895,-9.960210526315787,20.14984210526316,0,1
AutoDock_Vina,Orai1WT-MDSnap-Fr499,2abp-nh2-OPT,12,/home/manndo/master_dev/posebusters_results/converted_pdbqt/Orai1WT-MDSnap-Fr499__2abp-nh2-OPT_vina_out_model12.sdf,-9.94905263157895,-20.87768421052632,10.212157894736842,0,1
AutoDock_Vina,Orai1WT-MDSnap-Fr499,2abp-nh2-OPT,13,/home/manndo/master_dev/posebusters_results/converted_pdbqt/Orai1WT-MDSnap-Fr499__2abp-nh2-OPT_vina_out_model13.sdf,-4.981,23.35247368421053,24.82078947368421,0,1
AutoDock_Vina,Orai1WT-MDSnap-Fr499,2abp-nh2-OPT,14,/home/manndo/master_dev/posebusters_results/converted_pdbqt/Orai1WT-MDSnap-Fr499__2abp-nh2-OPT_vina_out_model14.sdf,-9.590368421052633,-6.534631578947368,-29.019736842105257,0,1
AutoDock_Vina,Orai1WT-MDSnap-Fr499,2abp-nh2-OPT,15,/home/manndo/master_dev/posebusters_results/converted_pdbqt/Orai1WT-MDSnap-Fr499__2abp-nh2-OPT_vina_out_model15.sdf,-10.48078947368421,-6.116052631578948,-29.50557894736842,0,1
AutoDock_Vina,Orai1WT-MDSnap-Fr499,2abp-nh2-OPT,16,/home/manndo/master_dev/posebusters_results/converted_pdbqt/Orai1WT-MDSnap-Fr499__2abp-nh2-OPT_vina_out_model16.sdf,-6.25136842105263,20.02373684210527,-19.596157894736844,0,1
AutoDock_Vina,Orai1WT-MDSnap-Fr499,2abp-nh2-OPT,17,/home/manndo/master_dev/posebusters_results/converted_pdbqt/Orai1WT-MDSnap-Fr499__2abp-nh2-OPT_vina_out_model17.sdf,11.36,25.62926315789473,15.671105263157893,0,1
AutoDock_Vina,Orai1WT-MDSnap-Fr499,2abp-nh2-OPT,18,/home/manndo/master_dev/posebusters_results/converted_pdbqt/Orai1WT-MDSnap-Fr499__2abp-nh2-OPT_vina_out_model18.sdf,-0.793578947368421,4.114842105263158,19.38426315789474,0,1
AutoDock_Vina,Orai1WT-MDSnap-Fr499,2abp-nh2-OPT,19,/home/manndo/master_dev/posebusters_results/converted_pdbqt/Orai1WT-MDSnap-Fr499__2abp-nh2-OPT_vina_out_model19.sdf,-14.053684210526315,24.774631578947368,10.992105263157896,0,1
AutoDock_Vina,Orai1WT-MDSnap-Fr499,2abp-nh2-OPT,2,/home/manndo/master_dev/posebusters_results/converted_pdbqt/Orai1WT-MDSnap-Fr499__2abp-nh2-OPT_vina_out_model2.sdf,-9.221631578947367,-19.62642105263158,6.223526315789473,0,1
AutoDock_Vina,Orai1WT-MDSnap-Fr499,2abp-nh2-OPT,20,/home/manndo/master_dev/posebusters_results/converted_pdbqt/Orai1WT-MDSnap-Fr499__2abp-nh2-OPT_vina_out_model20.sdf,-4.551157894736844,23.61836842105263,25.17336842105263,0,1
AutoDock_Vina,Orai1WT-MDSnap-Fr499,2abp-nh2-OPT,21,/home/manndo/master_dev/posebusters_results/converted_pdbqt/Orai1WT-MDSnap-Fr499__2abp-nh2-OPT_vina_out_model21.sdf,8.37978947368421,25.45678947368421,-32.65942105263157,0,1
AutoDock_Vina,Orai1WT-MDSnap-Fr499,2abp-nh2-OPT,22,/home/manndo/master_dev/posebusters_results/converted_pdbqt/Orai1WT-MDSnap-Fr499__2abp-nh2-OPT_vina_out_model22.sdf,26.025631578947372,7.670736842105264,11.475105263157896,0,1
AutoDock_Vina,Orai1WT-MDSnap-Fr499,2abp-nh2-OPT,23,/home/manndo/master_dev/posebusters_results/converted_pdbqt/Orai1WT-MDSnap-Fr499__2abp-nh2-OPT_vina_out_model23.sdf,-1.3022105263157895,4.123526315789474,20.05963157894737,0,1
AutoDock_Vina,Orai1WT-MDSnap-Fr499,2abp-nh2-OPT,24,/home/manndo/master_dev/posebusters_results/converted_pdbqt/Orai1WT-MDSnap-Fr499__2abp-nh2-OPT_vina_out_model24.sdf,11.183263157894737,24.948947368421056,15.350157894736844,0,1
AutoDock_Vina,Orai1WT-MDSnap-Fr499,2abp-nh2-OPT,25,/home/manndo/master_dev/posebusters_results/converted_pdbqt/Orai1WT-MDSnap-Fr499__2abp-nh2-OPT_vina_out_model25.sdf,0.26636842105263164,3.00921052631579,19.470052631578948,0,1
AutoDock_Vina,Orai1WT-MDSnap-Fr499,2abp-nh2-OPT,26,/home/manndo/master_dev/posebusters_results/converted_pdbqt/Orai1WT-MDSnap-Fr499__2abp-nh2-OPT_vina_out_model26.sdf,8.46263157894737,25.63363157894737,-32.28631578947368,0,1
AutoDock_Vina,Orai1WT-MDSnap-Fr499,2abp-nh2-OPT,27,/home/manndo/master_dev/posebusters_results/converted_pdbqt/Orai1WT-MDSnap-Fr499__2abp-nh2-OPT_vina_out_model27.sdf,25.899684210526313,8.072,10.953210526315788,0,1
AutoDock_Vina,Orai1WT-MDSnap-Fr499,2abp-nh2-OPT,28,/home/manndo/master_dev/posebusters_results/converted_pdbqt/Orai1WT-MDSnap-Fr499__2abp-nh2-OPT_vina_out_model28.sdf,-9.288578947368421,-21.590631578947363,9.326210526315789,0,1
AutoDock_Vina,Orai1WT-MDSnap-Fr499,2abp-nh2-OPT,29,/home/manndo/master_dev/posebusters_results/converted_pdbqt/Orai1WT-MDSnap-Fr499__2abp-nh2-OPT_vina_out_model29.sdf,-14.157842105263159,24.19289473684211,10.745157894736842,0,1
AutoDock_Vina,Orai1WT-MDSnap-Fr499,2abp-nh2-OPT,3,/home/manndo/master_dev/posebusters_results/converted_pdbqt/Orai1WT-MDSnap-Fr499__2abp-nh2-OPT_vina_out_model3.sdf,-14.78957894736842,-10.114210526315793,22.811210526315794,0,1
AutoDock_Vina,Orai1WT-MDSnap-Fr499,2abp-nh2-OPT,30,/home/manndo/master_dev/posebusters_results/converted_pdbqt/Orai1WT-MDSnap-Fr499__2abp-nh2-OPT_vina_out_model30.sdf,-0.7786315789473683,26.66352631578947,-21.77347368421053,0,1
AutoDock_Vina,Orai1WT-MDSnap-Fr499,2abp-nh2-OPT,4,/home/manndo/master_dev/posebusters_results/converted_pdbqt/Orai1WT-MDSnap-Fr499__2abp-nh2-OPT_vina_out_model4.sdf,-14.748,-9.963842105263158,22.826842105263157,0,1
AutoDock_Vina,Orai1WT-MDSnap-Fr499,2abp-nh2-OPT,5,/home/manndo/master_dev/posebusters_results/converted_pdbqt/Orai1WT-MDSnap-Fr499__2abp-nh2-OPT_vina_out_model5.sdf,11.108263157894736,25.806842105263158,14.75221052631579,0,1
AutoDock_Vina,Orai1WT-MDSnap-Fr499,2abp-nh2-OPT,6,/home/manndo/master_dev/posebusters_results/converted_pdbqt/Orai1WT-MDSnap-Fr499__2abp-nh2-OPT_vina_out_model6.sdf,-8.594263157894739,-21.303473684210523,7.885684210526316,0,1
AutoDock_Vina,Orai1WT-MDSnap-Fr499,2abp-nh2-OPT,7,/home/manndo/master_dev/posebusters_results/converted_pdbqt/Orai1WT-MDSnap-Fr499__2abp-nh2-OPT_vina_out_model7.sdf,-8.750473684210526,-20.68542105263158,7.472368421052633,0,1
AutoDock_Vina,Orai1WT-MDSnap-Fr499,2abp-nh2-OPT,8,/home/manndo/master_dev/posebusters_results/converted_pdbqt/Orai1WT-MDSnap-Fr499__2abp-nh2-OPT_vina_out_model8.sdf,25.456473684210525,8.585368421052632,10.881105263157897,0,1
AutoDock_Vina,Orai1WT-MDSnap-Fr499,2abp-nh2-OPT,9,/home/manndo/master_dev/posebusters_results/converted_pdbqt/Orai1WT-MDSnap-Fr499__2abp-nh2-OPT_vina_out_model9.sdf,-9.137368421052633,-21.005842105263156,9.337578947368423,0,1
AutoDock_Vina,Orai1WT-MDSnap-Fr499,Synta-66-OPT-Singlet,1,/home/manndo/master_dev/posebusters_results/converted_pdbqt/Orai1WT-MDSnap-Fr499__Synta-66-OPT-Singlet_vina_out_model1.sdf,-9.721185185185185,-20.38533333333334,6.789111111111112,1,0
AutoDock_Vina,Orai1WT-MDSnap-Fr499,Synta-66-OPT-Singlet,10,/home/manndo/master_dev/posebusters_results/converted_pdbqt/Orai1WT-MDSnap-Fr499__Synta-66-OPT-Singlet_vina_out_model10.sdf,-1.986518518518518,3.123999999999999,21.687037037037044,9,0
AutoDock_Vina,Orai1WT-MDSnap-Fr499,Synta-66-OPT-Singlet,11,/home/manndo/master_dev/posebusters_results/converted_pdbqt/Orai1WT-MDSnap-Fr499__Synta-66-OPT-Singlet_vina_out_model11.sdf,-9.87322222222222,-20.763629629629627,0.06503703703703714,1,0
AutoDock_Vina,Orai1WT-MDSnap-Fr499,Synta-66-OPT-Singlet,12,/home/manndo/master_dev/posebusters_results/converted_pdbqt/Orai1WT-MDSnap-Fr499__Synta-66-OPT-Singlet_vina_out_model12.sdf,1.5262592592592588,4.5986666666666665,-23.504481481481484,6,0
AutoDock_Vina,Orai1WT-MDSnap-Fr499,Synta-66-OPT-Singlet,13,/home/manndo/master_dev/posebusters_results/converted_pdbqt/Orai1WT-MDSnap-Fr499__Synta-66-OPT-Singlet_vina_out_model13.sdf,-1.3196296296296295,25.85629629629629,-25.005111111111113,7,0
AutoDock_Vina,Orai1WT-MDSnap-Fr499,Synta-66-OPT-Singlet,14,/home/manndo/master_dev/posebusters_results/converted_pdbqt/Orai1WT-MDSnap-Fr499__Synta-66-OPT-Singlet_vina_out_model14.sdf,-14.590962962962962,24.65359259259259,9.352925925925927,2,0
AutoDock_Vina,Orai1WT-MDSnap-Fr499,Synta-66-OPT-Singlet,15,/home/manndo/master_dev/posebusters_results/converted_pdbqt/Orai1WT-MDSnap-Fr499__Synta-66-OPT-Singlet_vina_out_model15.sdf,5.964407407407409,18.984703703703705,-34.08707407407408,7,0
AutoDock_Vina,Orai1WT-MDSnap-Fr499,Synta-66-OPT-Singlet,16,/home/manndo/master_dev/posebusters_results/converted_pdbqt/Orai1WT-MDSnap-Fr499__Synta-66-OPT-Singlet_vina_out_model16.sdf,8.430740740740738,23.441444444444446,-34.22592592592593,7,0
AutoDock_Vina,Orai1WT-MDSnap-Fr499,Synta-66-OPT-Singlet,17,/home/manndo/master_dev/posebusters_results/converted_pdbqt/Orai1WT-MDSnap-Fr499__Synta-66-OPT-Singlet_vina_out_model17.sdf,-15.390185185185189,23.49566666666667,8.843925925925927,2,0
AutoDock_Vina,Orai1WT-MDSnap-Fr499,Synta-66-OPT-Singlet,18,/home/manndo/master_dev/posebusters_results/converted_pdbqt/Orai1WT-MDSnap-Fr499__Synta-66-OPT-Singlet_vina_out_model18.sdf,8.616888888888889,23.315185185185186,-34.47440740740741,7,0
AutoDock_Vina,Orai1WT-MDSnap-Fr499,Synta-66-OPT-Singlet,19,/home/manndo/master_dev/posebusters_results/converted_pdbqt/Orai1WT-MDSnap-Fr499__Synta-66-OPT-Singlet_vina_out_model19.sdf,0.6191111111111112,3.281925925925926,22.010407407407413,9,0
AutoDock_Vina,Orai1WT-MDSnap-Fr499,Synta-66-OPT-Singlet,2,/home/manndo/master_dev/posebusters_results/converted_pdbqt/Orai1WT-MDSnap-Fr499__Synta-66-OPT-Singlet_vina_out_model2.sdf,-10.505074074074074,-19.825148148148145,2.661037037037037,1,0
AutoDock_Vina,Orai1WT-MDSnap-Fr499,Synta-66-OPT-Singlet,20,/home/manndo/master_dev/posebusters_results/converted_pdbqt/Orai1WT-MDSnap-Fr499__Synta-66-OPT-Singlet_vina_out_model20.sdf,-1.6847407407407406,2.202,21.461074074074077,9,0
AutoDock_Vina,Orai1WT-MDSnap-Fr499,Synta-66-OPT-Singlet,21,/home/manndo/master_dev/posebusters_results/converted_pdbqt/Orai1WT-MDSnap-Fr499__Synta-66-OPT-Singlet_vina_out_model21.sdf,-17.468074074074075,-8.422629629629627,18.159555555555556,1,0
AutoDock_Vina,Orai1WT-MDSnap-Fr499,Synta-66-OPT-Singlet,22,/home/manndo/master_dev/posebusters_results/converted_pdbqt/Orai1WT-MDSnap-Fr499__Synta-66-OPT-Singlet_vina_out_model22.sdf,8.554370370370371,23.28918518518519,-34.23448148148149,7,0
AutoDock_Vina,Orai1WT-MDSnap-Fr499,Synta-66-OPT-Singlet,23,/home/manndo/master_dev/posebusters_results/converted_pdbqt/Orai1WT-MDSnap-Fr499__Synta-66-OPT-Singlet_vina_out_model23.sdf,-7.089407407407407,-23.43433333333333,7.359518518518517,1,0
AutoDock_Vina,Orai1WT-MDSnap-Fr499,Synta-66-OPT-Singlet,24,/home/manndo/master_dev/posebusters_results/converted_pdbqt/Orai1WT-MDSnap-Fr499__Synta-66-OPT-Singlet_vina_out_model24.sdf,-6.34451851851852,1.834888888888889,25.100481481481488,9,0
AutoDock_Vina,Orai1WT-MDSnap-Fr499,Synta-66-OPT-Singlet,25,/home/manndo/master_dev/posebusters_results/converted_pdbqt/Orai1WT-MDSnap-Fr499__Synta-66-OPT-Singlet_vina_out_model25.sdf,-15.100962962962965,24.82425925925926,9.369407407407408,2,0
AutoDock_Vina,Orai1WT-MDSnap-Fr499,Synta-66-OPT-Singlet,26,/home/manndo/master_dev/posebusters_results/converted_pdbqt/Orai1WT-MDSnap-Fr499__Synta-66-OPT-Singlet_vina_out_model26.sdf,6.685407407407409,19.38462962962963,-34.43670370370371,7,0
AutoDock_Vina,Orai1WT-MDSnap-Fr499,Synta-66-OPT-Singlet,27,/home/manndo/master_dev/posebusters_results/converted_pdbqt/Orai1WT-MDSnap-Fr499__Synta-66-OPT-Singlet_vina_out_model27.sdf,12.900851851851849,23.944222222222226,22.447962962962965,3,0
AutoDock_Vina,Orai1WT-MDSnap-Fr499,Synta-66-OPT-Singlet,28,/home/manndo/master_dev/posebusters_results/converted_pdbqt/Orai1WT-MDSnap-Fr499__Synta-66-OPT-Singlet_vina_out_model28.sdf,-7.406703703703705,-21.84355555555555,9.174851851851852,1,0
AutoDock_Vina,Orai1WT-MDSnap-Fr499,Synta-66-OPT-Singlet,29,/home/manndo/master_dev/posebusters_results/converted_pdbqt/Orai1WT-MDSnap-Fr499__Synta-66-OPT-Singlet_vina_out_model29.sdf,13.171555555555555,24.516296296296293,21.387629629629625,3,0
AutoDock_Vina,Orai1WT-MDSnap-Fr499,Synta-66-OPT-Singlet,3,/home/manndo/master_dev/posebusters_results/converted_pdbqt/Orai1WT-MDSnap-Fr499__Synta-66-OPT-Singlet_vina_out_model3.sdf,10.188074074074073,22.665185185185187,13.632740740740743,3,0
AutoDock_Vina,Orai1WT-MDSnap-Fr499,Synta-66-OPT-Singlet,30,/home/manndo/master_dev/posebusters_results/converted_pdbqt/Orai1WT-MDSnap-Fr499__Synta-66-OPT-Singlet_vina_out_model30.sdf,-6.3959259259259245,2.2149259259259257,25.312740740740743,9,0
AutoDock_Vina,Orai1WT-MDSnap-Fr499,Synta-66-OPT-Singlet,4,/home/manndo/master_dev/posebusters_results/converted_pdbqt/Orai1WT-MDSnap-Fr499__Synta-66-OPT-Singlet_vina_out_model4.sdf,-10.479888888888889,-19.992777777777775,2.082,1,0
AutoDock_Vina,Orai1WT-MDSnap-Fr499,Synta-66-OPT-Singlet,5,/home/manndo/master_dev/posebusters_results/converted_pdbqt/Orai1WT-MDSnap-Fr499__Synta-66-OPT-Singlet_vina_out_model5.sdf,-9.514444444444443,-20.3027037037037,7.069222222222222,1,0
AutoDock_Vina,Orai1WT-MDSnap-Fr499,Synta-66-OPT-Singlet,6,/home/manndo/master_dev/posebusters_results/converted_pdbqt/Orai1WT-MDSnap-Fr499__Synta-66-OPT-Singlet_vina_out_model6.sdf,-8.487481481481483,-20.751666666666665,7.922777777777777,1,0
AutoDock_Vina,Orai1WT-MDSnap-Fr499,Synta-66-OPT-Singlet,7,/home/manndo/master_dev/posebusters_results/converted_pdbqt/Orai1WT-MDSnap-Fr499__Synta-66-OPT-Singlet_vina_out_model7.sdf,13.478074074074074,24.217777777777783,20.69985185185185,3,0
AutoDock_Vina,Orai1WT-MDSnap-Fr499,Synta-66-OPT-Singlet,8,/home/manndo/master_dev/posebusters_results/converted_pdbqt/Orai1WT-MDSnap-Fr499__Synta-66-OPT-Singlet_vina_out_model8.sdf,0.833222222222222,5.721592592592593,25.952296296296293,9,0
AutoDock_Vina,Orai1WT-MDSnap-Fr499,Synta-66-OPT-Singlet,9,/home/manndo/master_dev/posebusters_results/converted_pdbqt/Orai1WT-MDSnap-Fr499__Synta-66-OPT-Singlet_vina_out_model9.sdf,13.41562962962963,24.190629629629626,20.69803703703704,3,0
AutoDock_Vina,Orai1WT-MDSnap-Fr499,gsk7975a-deprot-OPT,1,/home/manndo/master_dev/posebusters_results/converted_pdbqt/Orai1WT-MDSnap-Fr499__gsk7975a-deprot-OPT_vina_out_model1.sdf,-9.609862068965521,-20.122931034482754,3.062724137931034,0,0
AutoDock_Vina,Orai1WT-MDSnap-Fr499,gsk7975a-deprot-OPT,10,/home/manndo/master_dev/posebusters_results/converted_pdbqt/Orai1WT-MDSnap-Fr499__gsk7975a-deprot-OPT_vina_out_model10.sdf,-9.033206896551723,-20.452862068965523,7.369931034482759,0,0
AutoDock_Vina,Orai1WT-MDSnap-Fr499,gsk7975a-deprot-OPT,11,/home/manndo/master_dev/posebusters_results/converted_pdbqt/Orai1WT-MDSnap-Fr499__gsk7975a-deprot-OPT_vina_out_model11.sdf,-9.400758620689654,-2.215413793103448,-27.703137931034487,0,0
AutoDock_Vina,Orai1WT-MDSnap-Fr499,gsk7975a-deprot-OPT,12,/home/manndo/master_dev/posebusters_results/converted_pdbqt/Orai1WT-MDSnap-Fr499__gsk7975a-deprot-OPT_vina_out_model12.sdf,-17.01693103448276,2.9785172413793113,10.444655172413796,0,0
AutoDock_Vina,Orai1WT-MDSnap-Fr499,gsk7975a-deprot-OPT,13,/home/manndo/master_dev/posebusters_results/converted_pdbqt/Orai1WT-MDSnap-Fr499__gsk7975a-deprot-OPT_vina_out_model13.sdf,-9.983586206896556,-2.4788965517241386,-28.10437931034484,0,0
AutoDock_Vina,Orai1WT-MDSnap-Fr499,gsk7975a-deprot-OPT,14,/home/manndo/master_dev/posebusters_results/converted_pdbqt/Orai1WT-MDSnap-Fr499__gsk7975a-deprot-OPT_vina_out_model14.sdf,-10.29003448275862,-2.3501034482758616,-28.649034482758626,0,0
AutoDock_Vina,Orai1WT-MDSnap-Fr499,gsk7975a-deprot-OPT,15,/home/manndo/master_dev/posebusters_results/converted_pdbqt/Orai1WT-MDSnap-Fr499__gsk7975a-deprot-OPT_vina_out_model15.sdf,-2.5785517241379314,3.3772068965517255,23.454620689655176,0,0
AutoDock_Vina,Orai1WT-MDSnap-Fr499,gsk7975a-deprot-OPT,16,/home/manndo/master_dev/posebusters_results/converted_pdbqt/Orai1WT-MDSnap-Fr499__gsk7975a-deprot-OPT_vina_out_model16.sdf,-8.603137931034484,-20.702034482758616,8.037482758620689,0,0
AutoDock_Vina,Orai1WT-MDSnap-Fr499,gsk7975a-deprot-OPT,17,/home/manndo/master_dev/posebusters_results/converted_pdbqt/Orai1WT-MDSnap-Fr499__gsk7975a-deprot-OPT_vina_out_model17.sdf,24.63341379310346,10.745310344827587,10.676758620689654,0,0
AutoDock_Vina,Orai1WT-MDSnap-Fr499,gsk7975a-deprot-OPT,18,/home/manndo/master_dev/posebusters_results/converted_pdbqt/Orai1WT-MDSnap-Fr499__gsk7975a-deprot-OPT_vina_out_model18.sdf,2.5438275862068966,5.389862068965517,27.16251724137931,0,0
AutoDock_Vina,Orai1WT-MDSnap-Fr499,gsk7975a-deprot-OPT,19,/home/manndo/master_dev/posebusters_results/converted_pdbqt/Orai1WT-MDSnap-Fr499__gsk7975a-deprot-OPT_vina_out_model19.sdf,-20.17531034482758,9.65458620689655,-29.917137931034482,0,0
AutoDock_Vina,Orai1WT-MDSnap-Fr499,gsk7975a-deprot-OPT,2,/home/manndo/master_dev/posebusters_results/converted_pdbqt/Orai1WT-MDSnap-Fr499__gsk7975a-deprot-OPT_vina_out_model2.sdf,-0.4645172413793103,4.236620689655172,-6.235034482758622,0,0
AutoDock_Vina,Orai1WT-MDSnap-Fr499,gsk7975a-deprot-OPT,20,/home/manndo/master_dev/posebusters_results/converted_pdbqt/Orai1WT-MDSnap-Fr499__gsk7975a-deprot-OPT_vina_out_model20.sdf,-0.32589655172413784,4.078206896551724,-4.995586206896553,0,0
AutoDock_Vina,Orai1WT-MDSnap-Fr499,gsk7975a-deprot-OPT,21,/home/manndo/master_dev/posebusters_results/converted_pdbqt/Orai1WT-MDSnap-Fr499__gsk7975a-deprot-OPT_vina_out_model21.sdf,-9.264517241379307,-2.0223448275862066,-26.84368965517242,0,0
AutoDock_Vina,Orai1WT-MDSnap-Fr499,gsk7975a-deprot-OPT,22,/home/manndo/master_dev/posebusters_results/converted_pdbqt/Orai1WT-MDSnap-Fr499__gsk7975a-deprot-OPT_vina_out_model22.sdf,24.579827586206896,10.633034482758621,9.68255172413793,0,0
AutoDock_Vina,Orai1WT-MDSnap-Fr499,gsk7975a-deprot-OPT,23,/home/manndo/master_dev/posebusters_results/converted_pdbqt/Orai1WT-MDSnap-Fr499__gsk7975a-deprot-OPT_vina_out_model23.sdf,-9.435379310344826,-2.2353103448275853,-27.99020689655173,0,0
AutoDock_Vina,Orai1WT-MDSnap-Fr499,gsk7975a-deprot-OPT,24,/home/manndo/master_dev/posebusters_results/converted_pdbqt/Orai1WT-MDSnap-Fr499__gsk7975a-deprot-OPT_vina_out_model24.sdf,0.4632758620689655,4.132310344827586,-9.165655172413794,0,0
AutoDock_Vina,Orai1WT-MDSnap-Fr499,gsk7975a-deprot-OPT,25,/home/manndo/master_dev/posebusters_results/converted_pdbqt/Orai1WT-MDSnap-Fr499__gsk7975a-deprot-OPT_vina_out_model25.sdf,5.507827586206897,15.667586206896548,-27.51048275862069,0,0
AutoDock_Vina,Orai1WT-MDSnap-Fr499,gsk7975a-deprot-OPT,26,/home/manndo/master_dev/posebusters_results/converted_pdbqt/Orai1WT-MDSnap-Fr499__gsk7975a-deprot-OPT_vina_out_model26.sdf,-9.364896551724138,-1.6900000000000002,-27.856344827586202,0,0
AutoDock_Vina,Orai1WT-MDSnap-Fr499,gsk7975a-deprot-OPT,27,/home/manndo/master_dev/posebusters_results/converted_pdbqt/Orai1WT-MDSnap-Fr499__gsk7975a-deprot-OPT_vina_out_model27.sdf,-0.9563448275862068,4.895931034482758,-3.160344827586207,0,0
AutoDock_Vina,Orai1WT-MDSnap-Fr499,gsk7975a-deprot-OPT,28,/home/manndo/master_dev/posebusters_results/converted_pdbqt/Orai1WT-MDSnap-Fr499__gsk7975a-deprot-OPT_vina_out_model28.sdf,2.167,10.531310344827586,29.51037931034482,0,0
AutoDock_Vina,Orai1WT-MDSnap-Fr499,gsk7975a-deprot-OPT,29,/home/manndo/master_dev/posebusters_results/converted_pdbqt/Orai1WT-MDSnap-Fr499__gsk7975a-deprot-OPT_vina_out_model29.sdf,-11.161344827586207,17.266344827586206,-28.27027586206896,0,0
AutoDock_Vina,Orai1WT-MDSnap-Fr499,gsk7975a-deprot-OPT,3,/home/manndo/master_dev/posebusters_results/converted_pdbqt/Orai1WT-MDSnap-Fr499__gsk7975a-deprot-OPT_vina_out_model3.sdf,-9.608793103448276,-20.278,7.4290344827586186,0,0
AutoDock_Vina,Orai1WT-MDSnap-Fr499,gsk7975a-deprot-OPT,30,/home/manndo/master_dev/posebusters_results/converted_pdbqt/Orai1WT-MDSnap-Fr499__gsk7975a-deprot-OPT_vina_out_model30.sdf,24.284241379310338,12.095517241379312,9.968448275862068,0,0
AutoDock_Vina,Orai1WT-MDSnap-Fr499,gsk7975a-deprot-OPT,4,/home/manndo/master_dev/posebusters_results/converted_pdbqt/Orai1WT-MDSnap-Fr499__gsk7975a-deprot-OPT_vina_out_model4.sdf,-9.574172413793102,-20.586931034482756,6.973724137931036,0,0
AutoDock_Vina,Orai1WT-MDSnap-Fr499,gsk7975a-deprot-OPT,5,/home/manndo/master_dev/posebusters_results/converted_pdbqt/Orai1WT-MDSnap-Fr499__gsk7975a-deprot-OPT_vina_out_model5.sdf,-0.15617241379310337,4.7026206896551725,-4.494793103448276,0,0
AutoDock_Vina,Orai1WT-MDSnap-Fr499,gsk7975a-deprot-OPT,6,/home/manndo/master_dev/posebusters_results/converted_pdbqt/Orai1WT-MDSnap-Fr499__gsk7975a-deprot-OPT_vina_out_model6.sdf,-9.665931034482758,-20.30748275862069,7.831241379310344,0,0
AutoDock_Vina,Orai1WT-MDSnap-Fr499,gsk7975a-deprot-OPT,7,/home/manndo/master_dev/posebusters_results/converted_pdbqt/Orai1WT-MDSnap-Fr499__gsk7975a-deprot-OPT_vina_out_model7.sdf,-0.9498275862068968,4.752068965517242,-4.2670344827586195,0,0
AutoDock_Vina,Orai1WT-MDSnap-Fr499,gsk7975a-deprot-OPT,8,/home/manndo/master_dev/posebusters_results/converted_pdbqt/Orai1WT-MDSnap-Fr499__gsk7975a-deprot-OPT_vina_out_model8.sdf,-0.27117241379310353,4.32896551724138,-4.7201379310344835,0,0
AutoDock_Vina,Orai1WT-MDSnap-Fr499,gsk7975a-deprot-OPT,9,/home/manndo/master_dev/posebusters_results/converted_pdbqt/Orai1WT-MDSnap-Fr499__gsk7975a-deprot-OPT_vina_out_model9.sdf,-0.6006206896551725,4.566172413793104,-6.24306896551724,0,0
AutoDock_Vina,Orai1WT-MDSnap-Fr499,gsk7975a-prot-OPT,1,/home/manndo/master_dev/posebusters_results/converted_pdbqt/Orai1WT-MDSnap-Fr499__gsk7975a-prot-OPT_vina_out_model1.sdf,-9.474333333333334,-20.138033333333333,3.5208000000000004,0,0
AutoDock_Vina,Orai1WT-MDSnap-Fr499,gsk7975a-prot-OPT,10,/home/manndo/master_dev/posebusters_results/converted_pdbqt/Orai1WT-MDSnap-Fr499__gsk7975a-prot-OPT_vina_out_model10.sdf,-10.1182,-2.4904,-28.133,0,0
AutoDock_Vina,Orai1WT-MDSnap-Fr499,gsk7975a-prot-OPT,11,/home/manndo/master_dev/posebusters_results/converted_pdbqt/Orai1WT-MDSnap-Fr499__gsk7975a-prot-OPT_vina_out_model11.sdf,11.43186666666667,21.350800000000003,20.376133333333332,0,0
AutoDock_Vina,Orai1WT-MDSnap-Fr499,gsk7975a-prot-OPT,12,/home/manndo/master_dev/posebusters_results/converted_pdbqt/Orai1WT-MDSnap-Fr499__gsk7975a-prot-OPT_vina_out_model12.sdf,-9.284033333333333,-20.234699999999997,8.144933333333332,0,0
AutoDock_Vina,Orai1WT-MDSnap-Fr499,gsk7975a-prot-OPT,13,/home/manndo/master_dev/posebusters_results/converted_pdbqt/Orai1WT-MDSnap-Fr499__gsk7975a-prot-OPT_vina_out_model13.sdf,-9.912233333333337,-2.4609333333333336,-28.121066666666657,0,0
AutoDock_Vina,Orai1WT-MDSnap-Fr499,gsk7975a-prot-OPT,14,/home/manndo/master_dev/posebusters_results/converted_pdbqt/Orai1WT-MDSnap-Fr499__gsk7975a-prot-OPT_vina_out_model14.sdf,-10.298866666666667,-1.9940333333333333,-28.453566666666664,0,0
AutoDock_Vina,Orai1WT-MDSnap-Fr499,gsk7975a-prot-OPT,15,/home/manndo/master_dev/posebusters_results/converted_pdbqt/Orai1WT-MDSnap-Fr499__gsk7975a-prot-OPT_vina_out_model15.sdf,-9.134233333333333,-20.403200000000005,6.897866666666668,0,0
AutoDock_Vina,Orai1WT-MDSnap-Fr499,gsk7975a-prot-OPT,16,/home/manndo/master_dev/posebusters_results/converted_pdbqt/Orai1WT-MDSnap-Fr499__gsk7975a-prot-OPT_vina_out_model16.sdf,2.649733333333334,5.647633333333331,27.478033333333332,0,0
AutoDock_Vina,Orai1WT-MDSnap-Fr499,gsk7975a-prot-OPT,17,/home/manndo/master_dev/posebusters_results/converted_pdbqt/Orai1WT-MDSnap-Fr499__gsk7975a-prot-OPT_vina_out_model17.sdf,-9.562466666666667,-2.3238999999999996,-27.792533333333335,0,0
AutoDock_Vina,Orai1WT-MDSnap-Fr499,gsk7975a-prot-OPT,18,/home/manndo/master_dev/posebusters_results/converted_pdbqt/Orai1WT-MDSnap-Fr499__gsk7975a-prot-OPT_vina_out_model18.sdf,-18.792199999999998,5.363,15.816799999999999,0,0
AutoDock_Vina,Orai1WT-MDSnap-Fr499,gsk7975a-prot-OPT,19,/home/manndo/master_dev/posebusters_results/converted_pdbqt/Orai1WT-MDSnap-Fr499__gsk7975a-prot-OPT_vina_out_model19.sdf,-2.6061333333333336,3.7749666666666664,23.276866666666667,0,0
AutoDock_Vina,Orai1WT-MDSnap-Fr499,gsk7975a-prot-OPT,2,/home/manndo/master_dev/posebusters_results/converted_pdbqt/Orai1WT-MDSnap-Fr499__gsk7975a-prot-OPT_vina_out_model2.sdf,-10.226566666666667,-20.444599999999998,7.312266666666667,0,0
AutoDock_Vina,Orai1WT-MDSnap-Fr499,gsk7975a-prot-OPT,20,/home/manndo/master_dev/posebusters_results/converted_pdbqt/Orai1WT-MDSnap-Fr499__gsk7975a-prot-OPT_vina_out_model20.sdf,-20.362366666666667,9.844333333333333,-29.747299999999996,0,0
AutoDock_Vina,Orai1WT-MDSnap-Fr499,gsk7975a-prot-OPT,21,/home/manndo/master_dev/posebusters_results/converted_pdbqt/Orai1WT-MDSnap-Fr499__gsk7975a-prot-OPT_vina_out_model21.sdf,9.679899999999998,22.3832,-37.5656,0,0
AutoDock_Vina,Orai1WT-MDSnap-Fr499,gsk7975a-prot-OPT,22,/home/manndo/master_dev/posebusters_results/converted_pdbqt/Orai1WT-MDSnap-Fr499__gsk7975a-prot-OPT_vina_out_model22.sdf,2.3502666666666667,10.405899999999999,29.462000000000003,0,0
AutoDock_Vina,Orai1WT-MDSnap-Fr499,gsk7975a-prot-OPT,23,/home/manndo/master_dev/posebusters_results/converted_pdbqt/Orai1WT-MDSnap-Fr499__gsk7975a-prot-OPT_vina_out_model23.sdf,24.41363333333333,10.96963333333333,10.66773333333333,0,0
AutoDock_Vina,Orai1WT-MDSnap-Fr499,gsk7975a-prot-OPT,24,/home/manndo/master_dev/posebusters_results/converted_pdbqt/Orai1WT-MDSnap-Fr499__gsk7975a-prot-OPT_vina_out_model24.sdf,6.053066666666668,16.372400000000003,-28.7919,0,0
AutoDock_Vina,Orai1WT-MDSnap-Fr499,gsk7975a-prot-OPT,25,/home/manndo/master_dev/posebusters_results/converted_pdbqt/Orai1WT-MDSnap-Fr499__gsk7975a-prot-OPT_vina_out_model25.sdf,12.1397,-15.473133333333333,11.066966666666668,0,0
AutoDock_Vina,Orai1WT-MDSnap-Fr499,gsk7975a-prot-OPT,26,/home/manndo/master_dev/posebusters_results/converted_pdbqt/Orai1WT-MDSnap-Fr499__gsk7975a-prot-OPT_vina_out_model26.sdf,-8.6873,-20.275266666666663,9.222133333333336,0,0
AutoDock_Vina,Orai1WT-MDSnap-Fr499,gsk7975a-prot-OPT,27,/home/manndo/master_dev/posebusters_results/converted_pdbqt/Orai1WT-MDSnap-Fr499__gsk7975a-prot-OPT_vina_out_model27.sdf,-18.637566666666665,4.375333333333333,18.353766666666665,0,0
AutoDock_Vina,Orai1WT-MDSnap-Fr499,gsk7975a-prot-OPT,28,/home/manndo/master_dev/posebusters_results/converted_pdbqt/Orai1WT-MDSnap-Fr499__gsk7975a-prot-OPT_vina_out_model28.sdf,24.362633333333335,11.816766666666664,10.556633333333336,0,0
AutoDock_Vina,Orai1WT-MDSnap-Fr499,gsk7975a-prot-OPT,29,/home/manndo/master_dev/posebusters_results/converted_pdbqt/Orai1WT-MDSnap-Fr499__gsk7975a-prot-OPT_vina_out_model29.sdf,1.4841333333333333,5.150866666666668,-23.090999999999998,0,0
AutoDock_Vina,Orai1WT-MDSnap-Fr499,gsk7975a-prot-OPT,3,/home/manndo/master_dev/posebusters_results/converted_pdbqt/Orai1WT-MDSnap-Fr499__gsk7975a-prot-OPT_vina_out_model3.sdf,-8.807866666666666,-20.644700000000004,7.833200000000001,0,0
AutoDock_Vina,Orai1WT-MDSnap-Fr499,gsk7975a-prot-OPT,30,/home/manndo/master_dev/posebusters_results/converted_pdbqt/Orai1WT-MDSnap-Fr499__gsk7975a-prot-OPT_vina_out_model30.sdf,0.00519999999999999,3.4341333333333326,22.2459,0,0
AutoDock_Vina,Orai1WT-MDSnap-Fr499,gsk7975a-prot-OPT,4,/home/manndo/master_dev/posebusters_results/converted_pdbqt/Orai1WT-MDSnap-Fr499__gsk7975a-prot-OPT_vina_out_model4.sdf,-9.92506666666667,-20.51666666666667,6.4064999999999985,0,0
AutoDock_Vina,Orai1WT-MDSnap-Fr499,gsk7975a-prot-OPT,5,/home/manndo/master_dev/posebusters_results/converted_pdbqt/Orai1WT-MDSnap-Fr499__gsk7975a-prot-OPT_vina_out_model5.sdf,-17.334966666666666,3.386266666666666,10.4156,0,0
AutoDock_Vina,Orai1WT-MDSnap-Fr499,gsk7975a-prot-OPT,6,/home/manndo/master_dev/posebusters_results/converted_pdbqt/Orai1WT-MDSnap-Fr499__gsk7975a-prot-OPT_vina_out_model6.sdf,-9.053966666666666,-20.273333333333333,6.8083,0,0
AutoDock_Vina,Orai1WT-MDSnap-Fr499,gsk7975a-prot-OPT,7,/home/manndo/master_dev/posebusters_results/converted_pdbqt/Orai1WT-MDSnap-Fr499__gsk7975a-prot-OPT_vina_out_model7.sdf,-9.102466666666666,-20.261866666666666,6.801399999999998,0,0
AutoDock_Vina,Orai1WT-MDSnap-Fr499,gsk7975a-prot-OPT,8,/home/manndo/master_dev/posebusters_results/converted_pdbqt/Orai1WT-MDSnap-Fr499__gsk7975a-prot-OPT_vina_out_model8.sdf,-8.545533333333335,-20.64323333333333,5.451633333333333,0,0
AutoDock_Vina,Orai1WT-MDSnap-Fr499,gsk7975a-prot-OPT,9,/home/manndo/master_dev/posebusters_results/converted_pdbqt/Orai1WT-MDSnap-Fr499__gsk7975a-prot-OPT_vina_out_model9.sdf,-9.940566666666665,-2.5535666666666668,-27.974200000000003,0,0
AutoDock_Vina,Orai1WT-MDSnap-Fr499_cleaned,2abp-nh2-OPT,1,/home/manndo/master_dev/posebusters_results/converted_pdbqt/Orai1WT-MDSnap-Fr499_cleaned__2abp-nh2-OPT_vina_out_model1.sdf,-9.143999999999997,-20.778736842105264,9.634526315789476,9,9
AutoDock_Vina,Orai1WT-MDSnap-Fr499_cleaned,2abp-nh2-OPT,10,/home/manndo/master_dev/posebusters_results/converted_pdbqt/Orai1WT-MDSnap-Fr499_cleaned__2abp-nh2-OPT_vina_out_model10.sdf,-3.6116315789473683,23.272894736842105,24.933631578947367,5,8
AutoDock_Vina,Orai1WT-MDSnap-Fr499_cleaned,2abp-nh2-OPT,11,/home/manndo/master_dev/posebusters_results/converted_pdbqt/Orai1WT-MDSnap-Fr499_cleaned__2abp-nh2-OPT_vina_out_model11.sdf,-12.769473684210528,25.341947368421057,11.359578947368421,6,7
AutoDock_Vina,Orai1WT-MDSnap-Fr499_cleaned,2abp-nh2-OPT,12,/home/manndo/master_dev/posebusters_results/converted_pdbqt/Orai1WT-MDSnap-Fr499_cleaned__2abp-nh2-OPT_vina_out_model12.sdf,-7.652105263157895,32.79642105263158,1.842157894736842,0,6
AutoDock_Vina,Orai1WT-MDSnap-Fr499_cleaned,2abp-nh2-OPT,13,/home/manndo/master_dev/posebusters_results/converted_pdbqt/Orai1WT-MDSnap-Fr499_cleaned__2abp-nh2-OPT_vina_out_model13.sdf,-13.901789473684211,24.589999999999996,10.921052631578945,6,7
AutoDock_Vina,Orai1WT-MDSnap-Fr499_cleaned,2abp-nh2-OPT,14,/home/manndo/master_dev/posebusters_results/converted_pdbqt/Orai1WT-MDSnap-Fr499_cleaned__2abp-nh2-OPT_vina_out_model14.sdf,-13.544631578947365,25.20715789473684,10.425631578947367,6,7
AutoDock_Vina,Orai1WT-MDSnap-Fr499_cleaned,2abp-nh2-OPT,15,/home/manndo/master_dev/posebusters_results/converted_pdbqt/Orai1WT-MDSnap-Fr499_cleaned__2abp-nh2-OPT_vina_out_model15.sdf,6.8502631578947355,15.83805263157895,-26.174578947368417,8,2
AutoDock_Vina,Orai1WT-MDSnap-Fr499_cleaned,2abp-nh2-OPT,16,/home/manndo/master_dev/posebusters_results/converted_pdbqt/Orai1WT-MDSnap-Fr499_cleaned__2abp-nh2-OPT_vina_out_model16.sdf,-10.350631578947368,0.36378947368421066,26.805000000000003,3,0
AutoDock_Vina,Orai1WT-MDSnap-Fr499_cleaned,2abp-nh2-OPT,17,/home/manndo/master_dev/posebusters_results/converted_pdbqt/Orai1WT-MDSnap-Fr499_cleaned__2abp-nh2-OPT_vina_out_model17.sdf,-7.683105263157894,32.763263157894734,1.5894210526315788,0,6
AutoDock_Vina,Orai1WT-MDSnap-Fr499_cleaned,2abp-nh2-OPT,18,/home/manndo/master_dev/posebusters_results/converted_pdbqt/Orai1WT-MDSnap-Fr499_cleaned__2abp-nh2-OPT_vina_out_model18.sdf,13.787368421052633,-15.997157894736844,18.443315789473683,1,3
AutoDock_Vina,Orai1WT-MDSnap-Fr499_cleaned,2abp-nh2-OPT,19,/home/manndo/master_dev/posebusters_results/converted_pdbqt/Orai1WT-MDSnap-Fr499_cleaned__2abp-nh2-OPT_vina_out_model19.sdf,12.20536842105263,25.337631578947363,18.74863157894737,7,4
AutoDock_Vina,Orai1WT-MDSnap-Fr499_cleaned,2abp-nh2-OPT,2,/home/manndo/master_dev/posebusters_results/converted_pdbqt/Orai1WT-MDSnap-Fr499_cleaned__2abp-nh2-OPT_vina_out_model2.sdf,10.778368421052633,25.44084210526316,15.628578947368418,7,4
AutoDock_Vina,Orai1WT-MDSnap-Fr499_cleaned,2abp-nh2-OPT,20,/home/manndo/master_dev/posebusters_results/converted_pdbqt/Orai1WT-MDSnap-Fr499_cleaned__2abp-nh2-OPT_vina_out_model20.sdf,10.921368421052632,-13.379526315789475,8.66557894736842,1,3
AutoDock_Vina,Orai1WT-MDSnap-Fr499_cleaned,2abp-nh2-OPT,21,/home/manndo/master_dev/posebusters_results/converted_pdbqt/Orai1WT-MDSnap-Fr499_cleaned__2abp-nh2-OPT_vina_out_model21.sdf,9.104052631578947,21.21384210526316,-35.78352631578947,8,2
AutoDock_Vina,Orai1WT-MDSnap-Fr499_cleaned,2abp-nh2-OPT,22,/home/manndo/master_dev/posebusters_results/converted_pdbqt/Orai1WT-MDSnap-Fr499_cleaned__2abp-nh2-OPT_vina_out_model22.sdf,-14.292684210526318,24.026631578947367,10.639894736842104,6,7
AutoDock_Vina,Orai1WT-MDSnap-Fr499_cleaned,2abp-nh2-OPT,23,/home/manndo/master_dev/posebusters_results/converted_pdbqt/Orai1WT-MDSnap-Fr499_cleaned__2abp-nh2-OPT_vina_out_model23.sdf,-14.09563157894737,-13.74336842105263,-34.998,4,1
AutoDock_Vina,Orai1WT-MDSnap-Fr499_cleaned,2abp-nh2-OPT,24,/home/manndo/master_dev/posebusters_results/converted_pdbqt/Orai1WT-MDSnap-Fr499_cleaned__2abp-nh2-OPT_vina_out_model24.sdf,-9.637736842105264,0.581,-28.20073684210526,4,1
AutoDock_Vina,Orai1WT-MDSnap-Fr499_cleaned,2abp-nh2-OPT,25,/home/manndo/master_dev/posebusters_results/converted_pdbqt/Orai1WT-MDSnap-Fr499_cleaned__2abp-nh2-OPT_vina_out_model25.sdf,25.28736842105263,8.974842105263159,11.681947368421053,2,5
AutoDock_Vina,Orai1WT-MDSnap-Fr499_cleaned,2abp-nh2-OPT,26,/home/manndo/master_dev/posebusters_results/converted_pdbqt/Orai1WT-MDSnap-Fr499_cleaned__2abp-nh2-OPT_vina_out_model26.sdf,11.160368421052631,-14.229789473684212,9.286210526315788,1,3
AutoDock_Vina,Orai1WT-MDSnap-Fr499_cleaned,2abp-nh2-OPT,27,/home/manndo/master_dev/posebusters_results/converted_pdbqt/Orai1WT-MDSnap-Fr499_cleaned__2abp-nh2-OPT_vina_out_model27.sdf,26.62042105263158,8.62284210526316,11.391473684210526,2,5
AutoDock_Vina,Orai1WT-MDSnap-Fr499_cleaned,2abp-nh2-OPT,28,/home/manndo/master_dev/posebusters_results/converted_pdbqt/Orai1WT-MDSnap-Fr499_cleaned__2abp-nh2-OPT_vina_out_model28.sdf,-1.079315789473684,4.1793157894736845,19.69878947368421,3,0
AutoDock_Vina,Orai1WT-MDSnap-Fr499_cleaned,2abp-nh2-OPT,29,/home/manndo/master_dev/posebusters_results/converted_pdbqt/Orai1WT-MDSnap-Fr499_cleaned__2abp-nh2-OPT_vina_out_model29.sdf,-15.04657894736842,24.101526315789478,10.56936842105263,6,7
AutoDock_Vina,Orai1WT-MDSnap-Fr499_cleaned,2abp-nh2-OPT,3,/home/manndo/master_dev/posebusters_results/converted_pdbqt/Orai1WT-MDSnap-Fr499_cleaned__2abp-nh2-OPT_vina_out_model3.sdf,-13.574789473684211,24.464473684210525,11.028052631578944,6,7
AutoDock_Vina,Orai1WT-MDSnap-Fr499_cleaned,2abp-nh2-OPT,30,/home/manndo/master_dev/posebusters_results/converted_pdbqt/Orai1WT-MDSnap-Fr499_cleaned__2abp-nh2-OPT_vina_out_model30.sdf,-2.1704210526315797,-5.968368421052632,30.408157894736853,3,0
AutoDock_Vina,Orai1WT-MDSnap-Fr499_cleaned,2abp-nh2-OPT,4,/home/manndo/master_dev/posebusters_results/converted_pdbqt/Orai1WT-MDSnap-Fr499_cleaned__2abp-nh2-OPT_vina_out_model4.sdf,-19.120684210526314,4.381368421052632,12.090105263157895,3,0
AutoDock_Vina,Orai1WT-MDSnap-Fr499_cleaned,2abp-nh2-OPT,5,/home/manndo/master_dev/posebusters_results/converted_pdbqt/Orai1WT-MDSnap-Fr499_cleaned__2abp-nh2-OPT_vina_out_model5.sdf,-5.08363157894737,24.45615789473684,24.8011052631579,5,8
AutoDock_Vina,Orai1WT-MDSnap-Fr499_cleaned,2abp-nh2-OPT,6,/home/manndo/master_dev/posebusters_results/converted_pdbqt/Orai1WT-MDSnap-Fr499_cleaned__2abp-nh2-OPT_vina_out_model6.sdf,-9.89778947368421,0.17621052631578937,26.472631578947368,3,0
AutoDock_Vina,Orai1WT-MDSnap-Fr499_cleaned,2abp-nh2-OPT,7,/home/manndo/master_dev/posebusters_results/converted_pdbqt/Orai1WT-MDSnap-Fr499_cleaned__2abp-nh2-OPT_vina_out_model7.sdf,-10.129789473684212,0.19900000000000007,26.433578947368417,3,0
AutoDock_Vina,Orai1WT-MDSnap-Fr499_cleaned,2abp-nh2-OPT,8,/home/manndo/master_dev/posebusters_results/converted_pdbqt/Orai1WT-MDSnap-Fr499_cleaned__2abp-nh2-OPT_vina_out_model8.sdf,11.007473684210524,25.014,15.831421052631578,7,4
AutoDock_Vina,Orai1WT-MDSnap-Fr499_cleaned,2abp-nh2-OPT,9,/home/manndo/master_dev/posebusters_results/converted_pdbqt/Orai1WT-MDSnap-Fr499_cleaned__2abp-nh2-OPT_vina_out_model9.sdf,-3.4100526315789472,23.273421052631573,25.066,5,8
AutoDock_Vina,Orai1WT-MDSnap-Fr499_cleaned,Synta-66-OPT-Singlet,1,/home/manndo/master_dev/posebusters_results/converted_pdbqt/Orai1WT-MDSnap-Fr499_cleaned__Synta-66-OPT-Singlet_vina_out_model1.sdf,-10.382222222222223,-19.872851851851856,3.5872592592592585,0,1
AutoDock_Vina,Orai1WT-MDSnap-Fr499_cleaned,Synta-66-OPT-Singlet,10,/home/manndo/master_dev/posebusters_results/converted_pdbqt/Orai1WT-MDSnap-Fr499_cleaned__Synta-66-OPT-Singlet_vina_out_model10.sdf,-2.572888888888889,2.980370370370371,21.072185185185184,2,0
AutoDock_Vina,Orai1WT-MDSnap-Fr499_cleaned,Synta-66-OPT-Singlet,11,/home/manndo/master_dev/posebusters_results/converted_pdbqt/Orai1WT-MDSnap-Fr499_cleaned__Synta-66-OPT-Singlet_vina_out_model11.sdf,-1.371666666666666,25.880296296296297,-25.01714814814814,1,5
AutoDock_Vina,Orai1WT-MDSnap-Fr499_cleaned,Synta-66-OPT-Singlet,12,/home/manndo/master_dev/posebusters_results/converted_pdbqt/Orai1WT-MDSnap-Fr499_cleaned__Synta-66-OPT-Singlet_vina_out_model12.sdf,-19.519925925925925,2.1042962962962966,11.545666666666667,6,3
AutoDock_Vina,Orai1WT-MDSnap-Fr499_cleaned,Synta-66-OPT-Singlet,13,/home/manndo/master_dev/posebusters_results/converted_pdbqt/Orai1WT-MDSnap-Fr499_cleaned__Synta-66-OPT-Singlet_vina_out_model13.sdf,0.8527407407407407,5.708703703703703,26.030296296296292,9,0
AutoDock_Vina,Orai1WT-MDSnap-Fr499_cleaned,Synta-66-OPT-Singlet,14,/home/manndo/master_dev/posebusters_results/converted_pdbqt/Orai1WT-MDSnap-Fr499_cleaned__Synta-66-OPT-Singlet_vina_out_model14.sdf,-1.9313333333333333,2.502703703703704,21.014185185185184,2,0
AutoDock_Vina,Orai1WT-MDSnap-Fr499_cleaned,Synta-66-OPT-Singlet,15,/home/manndo/master_dev/posebusters_results/converted_pdbqt/Orai1WT-MDSnap-Fr499_cleaned__Synta-66-OPT-Singlet_vina_out_model15.sdf,-7.932777777777777,1.7828518518518512,25.282962962962962,2,0
AutoDock_Vina,Orai1WT-MDSnap-Fr499_cleaned,Synta-66-OPT-Singlet,16,/home/manndo/master_dev/posebusters_results/converted_pdbqt/Orai1WT-MDSnap-Fr499_cleaned__Synta-66-OPT-Singlet_vina_out_model16.sdf,6.038777777777777,19.006074074074075,-34.1287037037037,1,5
AutoDock_Vina,Orai1WT-MDSnap-Fr499_cleaned,Synta-66-OPT-Singlet,17,/home/manndo/master_dev/posebusters_results/converted_pdbqt/Orai1WT-MDSnap-Fr499_cleaned__Synta-66-OPT-Singlet_vina_out_model17.sdf,-6.156037037037037,1.9178888888888888,25.117518518518516,2,0
AutoDock_Vina,Orai1WT-MDSnap-Fr499_cleaned,Synta-66-OPT-Singlet,18,/home/manndo/master_dev/posebusters_results/converted_pdbqt/Orai1WT-MDSnap-Fr499_cleaned__Synta-66-OPT-Singlet_vina_out_model18.sdf,13.186370370370371,-16.938851851851854,20.429000000000002,3,6
AutoDock_Vina,Orai1WT-MDSnap-Fr499_cleaned,Synta-66-OPT-Singlet,19,/home/manndo/master_dev/posebusters_results/converted_pdbqt/Orai1WT-MDSnap-Fr499_cleaned__Synta-66-OPT-Singlet_vina_out_model19.sdf,-2.7488148148148146,26.058518518518515,25.94851851851852,5,2
AutoDock_Vina,Orai1WT-MDSnap-Fr499_cleaned,Synta-66-OPT-Singlet,2,/home/manndo/master_dev/posebusters_results/converted_pdbqt/Orai1WT-MDSnap-Fr499_cleaned__Synta-66-OPT-Singlet_vina_out_model2.sdf,-9.75451851851852,-20.34848148148148,5.812518518518518,0,1
AutoDock_Vina,Orai1WT-MDSnap-Fr499_cleaned,Synta-66-OPT-Singlet,20,/home/manndo/master_dev/posebusters_results/converted_pdbqt/Orai1WT-MDSnap-Fr499_cleaned__Synta-66-OPT-Singlet_vina_out_model20.sdf,1.2702962962962963,5.699555555555554,26.555851851851852,9,0
AutoDock_Vina,Orai1WT-MDSnap-Fr499_cleaned,Synta-66-OPT-Singlet,21,/home/manndo/master_dev/posebusters_results/converted_pdbqt/Orai1WT-MDSnap-Fr499_cleaned__Synta-66-OPT-Singlet_vina_out_model21.sdf,-19.86,2.183629629629629,11.905814814814816,6,3
AutoDock_Vina,Orai1WT-MDSnap-Fr499_cleaned,Synta-66-OPT-Singlet,22,/home/manndo/master_dev/posebusters_results/converted_pdbqt/Orai1WT-MDSnap-Fr499_cleaned__Synta-66-OPT-Singlet_vina_out_model22.sdf,-9.569148148148148,-14.836111111111112,-33.88966666666667,8,8
AutoDock_Vina,Orai1WT-MDSnap-Fr499_cleaned,Synta-66-OPT-Singlet,23,/home/manndo/master_dev/posebusters_results/converted_pdbqt/Orai1WT-MDSnap-Fr499_cleaned__Synta-66-OPT-Singlet_vina_out_model23.sdf,-6.364962962962964,1.684333333333334,25.124074074074073,2,0
AutoDock_Vina,Orai1WT-MDSnap-Fr499_cleaned,Synta-66-OPT-Singlet,24,/home/manndo/master_dev/posebusters_results/converted_pdbqt/Orai1WT-MDSnap-Fr499_cleaned__Synta-66-OPT-Singlet_vina_out_model24.sdf,6.600666666666665,19.50411111111111,-34.53144444444444,1,5
AutoDock_Vina,Orai1WT-MDSnap-Fr499_cleaned,Synta-66-OPT-Singlet,25,/home/manndo/master_dev/posebusters_results/converted_pdbqt/Orai1WT-MDSnap-Fr499_cleaned__Synta-66-OPT-Singlet_vina_out_model25.sdf,-7.605444444444447,2.385740740740741,25.118629629629634,2,0
AutoDock_Vina,Orai1WT-MDSnap-Fr499_cleaned,Synta-66-OPT-Singlet,26,/home/manndo/master_dev/posebusters_results/converted_pdbqt/Orai1WT-MDSnap-Fr499_cleaned__Synta-66-OPT-Singlet_vina_out_model26.sdf,1.9185185185185185,4.666777777777777,-24.429999999999996,4,4
AutoDock_Vina,Orai1WT-MDSnap-Fr499_cleaned,Synta-66-OPT-Singlet,27,/home/manndo/master_dev/posebusters_results/converted_pdbqt/Orai1WT-MDSnap-Fr499_cleaned__Synta-66-OPT-Singlet_vina_out_model27.sdf,-6.15937037037037,2.188,25.151370370370373,2,0
AutoDock_Vina,Orai1WT-MDSnap-Fr499_cleaned,Synta-66-OPT-Singlet,28,/home/manndo/master_dev/posebusters_results/converted_pdbqt/Orai1WT-MDSnap-Fr499_cleaned__Synta-66-OPT-Singlet_vina_out_model28.sdf,12.794111111111112,-16.54014814814815,19.900444444444446,3,6
AutoDock_Vina,Orai1WT-MDSnap-Fr499_cleaned,Synta-66-OPT-Singlet,29,/home/manndo/master_dev/posebusters_results/converted_pdbqt/Orai1WT-MDSnap-Fr499_cleaned__Synta-66-OPT-Singlet_vina_out_model29.sdf,-0.018851851851851682,5.124481481481481,21.717444444444443,9,0
AutoDock_Vina,Orai1WT-MDSnap-Fr499_cleaned,Synta-66-OPT-Singlet,3,/home/manndo/master_dev/posebusters_results/converted_pdbqt/Orai1WT-MDSnap-Fr499_cleaned__Synta-66-OPT-Singlet_vina_out_model3.sdf,-9.716259259259258,-20.48918518518519,6.887962962962963,0,1
AutoDock_Vina,Orai1WT-MDSnap-Fr499_cleaned,Synta-66-OPT-Singlet,30,/home/manndo/master_dev/posebusters_results/converted_pdbqt/Orai1WT-MDSnap-Fr499_cleaned__Synta-66-OPT-Singlet_vina_out_model30.sdf,25.6492962962963,-19.486259259259256,10.169666666666668,3,9
AutoDock_Vina,Orai1WT-MDSnap-Fr499_cleaned,Synta-66-OPT-Singlet,4,/home/manndo/master_dev/posebusters_results/converted_pdbqt/Orai1WT-MDSnap-Fr499_cleaned__Synta-66-OPT-Singlet_vina_out_model4.sdf,-9.611037037037036,-20.8,-0.5328148148148147,0,1
AutoDock_Vina,Orai1WT-MDSnap-Fr499_cleaned,Synta-66-OPT-Singlet,5,/home/manndo/master_dev/posebusters_results/converted_pdbqt/Orai1WT-MDSnap-Fr499_cleaned__Synta-66-OPT-Singlet_vina_out_model5.sdf,-9.59522222222222,-20.228037037037037,7.5217777777777775,0,1
AutoDock_Vina,Orai1WT-MDSnap-Fr499_cleaned,Synta-66-OPT-Singlet,6,/home/manndo/master_dev/posebusters_results/converted_pdbqt/Orai1WT-MDSnap-Fr499_cleaned__Synta-66-OPT-Singlet_vina_out_model6.sdf,0.8334814814814814,5.719925925925925,25.987555555555556,9,0
AutoDock_Vina,Orai1WT-MDSnap-Fr499_cleaned,Synta-66-OPT-Singlet,7,/home/manndo/master_dev/posebusters_results/converted_pdbqt/Orai1WT-MDSnap-Fr499_cleaned__Synta-66-OPT-Singlet_vina_out_model7.sdf,8.77988888888889,24.16859259259259,-33.549851851851855,1,5
AutoDock_Vina,Orai1WT-MDSnap-Fr499_cleaned,Synta-66-OPT-Singlet,8,/home/manndo/master_dev/posebusters_results/converted_pdbqt/Orai1WT-MDSnap-Fr499_cleaned__Synta-66-OPT-Singlet_vina_out_model8.sdf,13.149222222222223,24.388629629629627,20.691629629629624,5,2
AutoDock_Vina,Orai1WT-MDSnap-Fr499_cleaned,Synta-66-OPT-Singlet,9,/home/manndo/master_dev/posebusters_results/converted_pdbqt/Orai1WT-MDSnap-Fr499_cleaned__Synta-66-OPT-Singlet_vina_out_model9.sdf,1.57562962962963,4.614111111111111,-23.527000000000005,4,4
AutoDock_Vina,Orai1WT-MDSnap-Fr499_cleaned,gsk7975a-deprot-OPT,1,/home/manndo/master_dev/posebusters_results/converted_pdbqt/Orai1WT-MDSnap-Fr499_cleaned__gsk7975a-deprot-OPT_vina_out_model1.sdf,-9.64048275862069,-20.12851724137931,3.047068965517242,0,8
AutoDock_Vina,Orai1WT-MDSnap-Fr499_cleaned,gsk7975a-deprot-OPT,10,/home/manndo/master_dev/posebusters_results/converted_pdbqt/Orai1WT-MDSnap-Fr499_cleaned__gsk7975a-deprot-OPT_vina_out_model10.sdf,-18.9081724137931,5.444931034482758,15.662241379310347,7,3
AutoDock_Vina,Orai1WT-MDSnap-Fr499_cleaned,gsk7975a-deprot-OPT,11,/home/manndo/master_dev/posebusters_results/converted_pdbqt/Orai1WT-MDSnap-Fr499_cleaned__gsk7975a-deprot-OPT_vina_out_model11.sdf,-10.061931034482756,-2.413620689655173,-28.209793103448273,3,5
AutoDock_Vina,Orai1WT-MDSnap-Fr499_cleaned,gsk7975a-deprot-OPT,12,/home/manndo/master_dev/posebusters_results/converted_pdbqt/Orai1WT-MDSnap-Fr499_cleaned__gsk7975a-deprot-OPT_vina_out_model12.sdf,-9.396448275862069,-2.1756206896551724,-27.732172413793098,3,5
AutoDock_Vina,Orai1WT-MDSnap-Fr499_cleaned,gsk7975a-deprot-OPT,13,/home/manndo/master_dev/posebusters_results/converted_pdbqt/Orai1WT-MDSnap-Fr499_cleaned__gsk7975a-deprot-OPT_vina_out_model13.sdf,24.6383448275862,10.713,10.675275862068967,5,7
AutoDock_Vina,Orai1WT-MDSnap-Fr499_cleaned,gsk7975a-deprot-OPT,14,/home/manndo/master_dev/posebusters_results/converted_pdbqt/Orai1WT-MDSnap-Fr499_cleaned__gsk7975a-deprot-OPT_vina_out_model14.sdf,0.5411034482758617,-11.568689655172413,26.1201724137931,1,6
AutoDock_Vina,Orai1WT-MDSnap-Fr499_cleaned,gsk7975a-deprot-OPT,15,/home/manndo/master_dev/posebusters_results/converted_pdbqt/Orai1WT-MDSnap-Fr499_cleaned__gsk7975a-deprot-OPT_vina_out_model15.sdf,2.5824827586206895,5.3517931034482755,27.17031034482758,8,2
AutoDock_Vina,Orai1WT-MDSnap-Fr499_cleaned,gsk7975a-deprot-OPT,16,/home/manndo/master_dev/posebusters_results/converted_pdbqt/Orai1WT-MDSnap-Fr499_cleaned__gsk7975a-deprot-OPT_vina_out_model16.sdf,0.3348965517241379,4.192862068965518,-8.836275862068964,6,4
AutoDock_Vina,Orai1WT-MDSnap-Fr499_cleaned,gsk7975a-deprot-OPT,17,/home/manndo/master_dev/posebusters_results/converted_pdbqt/Orai1WT-MDSnap-Fr499_cleaned__gsk7975a-deprot-OPT_vina_out_model17.sdf,-20.564068965517244,3.183344827586206,11.158034482758621,7,3
AutoDock_Vina,Orai1WT-MDSnap-Fr499_cleaned,gsk7975a-deprot-OPT,18,/home/manndo/master_dev/posebusters_results/converted_pdbqt/Orai1WT-MDSnap-Fr499_cleaned__gsk7975a-deprot-OPT_vina_out_model18.sdf,-2.495310344827586,3.311275862068965,23.38555172413794,8,2
AutoDock_Vina,Orai1WT-MDSnap-Fr499_cleaned,gsk7975a-deprot-OPT,19,/home/manndo/master_dev/posebusters_results/converted_pdbqt/Orai1WT-MDSnap-Fr499_cleaned__gsk7975a-deprot-OPT_vina_out_model19.sdf,-9.481517241379308,-1.9042068965517243,-27.79855172413793,3,5
AutoDock_Vina,Orai1WT-MDSnap-Fr499_cleaned,gsk7975a-deprot-OPT,2,/home/manndo/master_dev/posebusters_results/converted_pdbqt/Orai1WT-MDSnap-Fr499_cleaned__gsk7975a-deprot-OPT_vina_out_model2.sdf,-0.43710344827586206,4.273827586206897,-6.334379310344827,6,4
AutoDock_Vina,Orai1WT-MDSnap-Fr499_cleaned,gsk7975a-deprot-OPT,20,/home/manndo/master_dev/posebusters_results/converted_pdbqt/Orai1WT-MDSnap-Fr499_cleaned__gsk7975a-deprot-OPT_vina_out_model20.sdf,5.165896551724139,15.392517241379313,-26.947379310344825,2,1
AutoDock_Vina,Orai1WT-MDSnap-Fr499_cleaned,gsk7975a-deprot-OPT,21,/home/manndo/master_dev/posebusters_results/converted_pdbqt/Orai1WT-MDSnap-Fr499_cleaned__gsk7975a-deprot-OPT_vina_out_model21.sdf,9.698793103448276,22.223724137931036,-37.7933448275862,2,1
AutoDock_Vina,Orai1WT-MDSnap-Fr499_cleaned,gsk7975a-deprot-OPT,22,/home/manndo/master_dev/posebusters_results/converted_pdbqt/Orai1WT-MDSnap-Fr499_cleaned__gsk7975a-deprot-OPT_vina_out_model22.sdf,-2.8044482758620686,3.7556551724137943,23.512000000000004,8,2
AutoDock_Vina,Orai1WT-MDSnap-Fr499_cleaned,gsk7975a-deprot-OPT,23,/home/manndo/master_dev/posebusters_results/converted_pdbqt/Orai1WT-MDSnap-Fr499_cleaned__gsk7975a-deprot-OPT_vina_out_model23.sdf,-18.582034482758626,4.424068965517241,18.107655172413793,7,3
AutoDock_Vina,Orai1WT-MDSnap-Fr499_cleaned,gsk7975a-deprot-OPT,24,/home/manndo/master_dev/posebusters_results/converted_pdbqt/Orai1WT-MDSnap-Fr499_cleaned__gsk7975a-deprot-OPT_vina_out_model24.sdf,-20.586689655172414,3.3538965517241377,11.199344827586208,7,3
AutoDock_Vina,Orai1WT-MDSnap-Fr499_cleaned,gsk7975a-deprot-OPT,25,/home/manndo/master_dev/posebusters_results/converted_pdbqt/Orai1WT-MDSnap-Fr499_cleaned__gsk7975a-deprot-OPT_vina_out_model25.sdf,0.6263793103448274,-11.580896551724141,24.86720689655172,1,6
AutoDock_Vina,Orai1WT-MDSnap-Fr499_cleaned,gsk7975a-deprot-OPT,26,/home/manndo/master_dev/posebusters_results/converted_pdbqt/Orai1WT-MDSnap-Fr499_cleaned__gsk7975a-deprot-OPT_vina_out_model26.sdf,2.1958275862068963,10.301655172413792,29.298137931034482,8,2
AutoDock_Vina,Orai1WT-MDSnap-Fr499_cleaned,gsk7975a-deprot-OPT,27,/home/manndo/master_dev/posebusters_results/converted_pdbqt/Orai1WT-MDSnap-Fr499_cleaned__gsk7975a-deprot-OPT_vina_out_model27.sdf,2.3084827586206895,-16.29651724137931,25.819068965517243,1,6
AutoDock_Vina,Orai1WT-MDSnap-Fr499_cleaned,gsk7975a-deprot-OPT,28,/home/manndo/master_dev/posebusters_results/converted_pdbqt/Orai1WT-MDSnap-Fr499_cleaned__gsk7975a-deprot-OPT_vina_out_model28.sdf,-11.138999999999998,17.21134482758621,-28.28444827586207,4,0
AutoDock_Vina,Orai1WT-MDSnap-Fr499_cleaned,gsk7975a-deprot-OPT,29,/home/manndo/master_dev/posebusters_results/converted_pdbqt/Orai1WT-MDSnap-Fr499_cleaned__gsk7975a-deprot-OPT_vina_out_model29.sdf,-0.09427586206896554,3.444000000000001,22.08937931034483,8,2
AutoDock_Vina,Orai1WT-MDSnap-Fr499_cleaned,gsk7975a-deprot-OPT,3,/home/manndo/master_dev/posebusters_results/converted_pdbqt/Orai1WT-MDSnap-Fr499_cleaned__gsk7975a-deprot-OPT_vina_out_model3.sdf,-9.409379310344828,-20.279137931034484,6.24506896551724,0,8
AutoDock_Vina,Orai1WT-MDSnap-Fr499_cleaned,gsk7975a-deprot-OPT,30,/home/manndo/master_dev/posebusters_results/converted_pdbqt/Orai1WT-MDSnap-Fr499_cleaned__gsk7975a-deprot-OPT_vina_out_model30.sdf,2.457862068965517,-16.078206896551727,25.673172413793104,1,6
AutoDock_Vina,Orai1WT-MDSnap-Fr499_cleaned,gsk7975a-deprot-OPT,4,/home/manndo/master_dev/posebusters_results/converted_pdbqt/Orai1WT-MDSnap-Fr499_cleaned__gsk7975a-deprot-OPT_vina_out_model4.sdf,-9.931965517241379,-20.551931034482752,6.159862068965518,0,8
AutoDock_Vina,Orai1WT-MDSnap-Fr499_cleaned,gsk7975a-deprot-OPT,5,/home/manndo/master_dev/posebusters_results/converted_pdbqt/Orai1WT-MDSnap-Fr499_cleaned__gsk7975a-deprot-OPT_vina_out_model5.sdf,-8.803862068965516,-20.613068965517236,7.5824827586206895,0,8
AutoDock_Vina,Orai1WT-MDSnap-Fr499_cleaned,gsk7975a-deprot-OPT,6,/home/manndo/master_dev/posebusters_results/converted_pdbqt/Orai1WT-MDSnap-Fr499_cleaned__gsk7975a-deprot-OPT_vina_out_model6.sdf,-9.741344827586204,-20.357999999999993,7.809620689655173,0,8
AutoDock_Vina,Orai1WT-MDSnap-Fr499_cleaned,gsk7975a-deprot-OPT,7,/home/manndo/master_dev/posebusters_results/converted_pdbqt/Orai1WT-MDSnap-Fr499_cleaned__gsk7975a-deprot-OPT_vina_out_model7.sdf,-0.18041379310344835,4.742482758620689,-4.4526896551724136,6,4
AutoDock_Vina,Orai1WT-MDSnap-Fr499_cleaned,gsk7975a-deprot-OPT,8,/home/manndo/master_dev/posebusters_results/converted_pdbqt/Orai1WT-MDSnap-Fr499_cleaned__gsk7975a-deprot-OPT_vina_out_model8.sdf,-0.582103448275862,4.574206896551724,-6.384896551724138,6,4
AutoDock_Vina,Orai1WT-MDSnap-Fr499_cleaned,gsk7975a-deprot-OPT,9,/home/manndo/master_dev/posebusters_results/converted_pdbqt/Orai1WT-MDSnap-Fr499_cleaned__gsk7975a-deprot-OPT_vina_out_model9.sdf,-0.5431379310344828,4.4302068965517245,-9.571310344827587,6,4
AutoDock_Vina,Orai1WT-MDSnap-Fr499_cleaned,gsk7975a-prot-OPT,1,/home/manndo/master_dev/posebusters_results/converted_pdbqt/Orai1WT-MDSnap-Fr499_cleaned__gsk7975a-prot-OPT_vina_out_model1.sdf,-9.397933333333333,-20.18183333333333,3.480866666666667,5,5
AutoDock_Vina,Orai1WT-MDSnap-Fr499_cleaned,gsk7975a-prot-OPT,10,/home/manndo/master_dev/posebusters_results/converted_pdbqt/Orai1WT-MDSnap-Fr499_cleaned__gsk7975a-prot-OPT_vina_out_model10.sdf,-9.8256,-20.372733333333326,8.087566666666666,5,5
AutoDock_Vina,Orai1WT-MDSnap-Fr499_cleaned,gsk7975a-prot-OPT,11,/home/manndo/master_dev/posebusters_results/converted_pdbqt/Orai1WT-MDSnap-Fr499_cleaned__gsk7975a-prot-OPT_vina_out_model11.sdf,-9.873866666666666,-20.539233333333335,3.0544333333333333,5,5
AutoDock_Vina,Orai1WT-MDSnap-Fr499_cleaned,gsk7975a-prot-OPT,12,/home/manndo/master_dev/posebusters_results/converted_pdbqt/Orai1WT-MDSnap-Fr499_cleaned__gsk7975a-prot-OPT_vina_out_model12.sdf,-10.067233333333332,-2.431333333333334,-28.1016,1,4
AutoDock_Vina,Orai1WT-MDSnap-Fr499_cleaned,gsk7975a-prot-OPT,13,/home/manndo/master_dev/posebusters_results/converted_pdbqt/Orai1WT-MDSnap-Fr499_cleaned__gsk7975a-prot-OPT_vina_out_model13.sdf,-10.310900000000002,-20.191133333333333,2.2126,5,5
AutoDock_Vina,Orai1WT-MDSnap-Fr499_cleaned,gsk7975a-prot-OPT,14,/home/manndo/master_dev/posebusters_results/converted_pdbqt/Orai1WT-MDSnap-Fr499_cleaned__gsk7975a-prot-OPT_vina_out_model14.sdf,-8.793033333333332,-20.471100000000003,8.206033333333334,5,5
AutoDock_Vina,Orai1WT-MDSnap-Fr499_cleaned,gsk7975a-prot-OPT,15,/home/manndo/master_dev/posebusters_results/converted_pdbqt/Orai1WT-MDSnap-Fr499_cleaned__gsk7975a-prot-OPT_vina_out_model15.sdf,2.6951999999999994,5.622066666666666,27.431533333333334,4,2
AutoDock_Vina,Orai1WT-MDSnap-Fr499_cleaned,gsk7975a-prot-OPT,16,/home/manndo/master_dev/posebusters_results/converted_pdbqt/Orai1WT-MDSnap-Fr499_cleaned__gsk7975a-prot-OPT_vina_out_model16.sdf,-9.543200000000002,-2.266233333333333,-27.77943333333333,1,4
AutoDock_Vina,Orai1WT-MDSnap-Fr499_cleaned,gsk7975a-prot-OPT,17,/home/manndo/master_dev/posebusters_results/converted_pdbqt/Orai1WT-MDSnap-Fr499_cleaned__gsk7975a-prot-OPT_vina_out_model17.sdf,-2.4894666666666665,3.5286666666666666,23.180899999999998,4,2
AutoDock_Vina,Orai1WT-MDSnap-Fr499_cleaned,gsk7975a-prot-OPT,18,/home/manndo/master_dev/posebusters_results/converted_pdbqt/Orai1WT-MDSnap-Fr499_cleaned__gsk7975a-prot-OPT_vina_out_model18.sdf,-6.344700000000001,21.493,24.747600000000002,2,0
AutoDock_Vina,Orai1WT-MDSnap-Fr499_cleaned,gsk7975a-prot-OPT,19,/home/manndo/master_dev/posebusters_results/converted_pdbqt/Orai1WT-MDSnap-Fr499_cleaned__gsk7975a-prot-OPT_vina_out_model19.sdf,10.308366666666666,24.096633333333333,13.1046,3,3
AutoDock_Vina,Orai1WT-MDSnap-Fr499_cleaned,gsk7975a-prot-OPT,2,/home/manndo/master_dev/posebusters_results/converted_pdbqt/Orai1WT-MDSnap-Fr499_cleaned__gsk7975a-prot-OPT_vina_out_model2.sdf,11.053866666666666,23.623233333333328,13.393966666666664,3,3
AutoDock_Vina,Orai1WT-MDSnap-Fr499_cleaned,gsk7975a-prot-OPT,20,/home/manndo/master_dev/posebusters_results/converted_pdbqt/Orai1WT-MDSnap-Fr499_cleaned__gsk7975a-prot-OPT_vina_out_model20.sdf,-10.467099999999997,-1.7674666666666665,-28.72413333333333,1,4
AutoDock_Vina,Orai1WT-MDSnap-Fr499_cleaned,gsk7975a-prot-OPT,21,/home/manndo/master_dev/posebusters_results/converted_pdbqt/Orai1WT-MDSnap-Fr499_cleaned__gsk7975a-prot-OPT_vina_out_model21.sdf,-14.145233333333335,24.096600000000002,10.310999999999996,2,0
AutoDock_Vina,Orai1WT-MDSnap-Fr499_cleaned,gsk7975a-prot-OPT,22,/home/manndo/master_dev/posebusters_results/converted_pdbqt/Orai1WT-MDSnap-Fr499_cleaned__gsk7975a-prot-OPT_vina_out_model22.sdf,5.271699999999999,15.761199999999997,-27.54643333333333,0,1
AutoDock_Vina,Orai1WT-MDSnap-Fr499_cleaned,gsk7975a-prot-OPT,23,/home/manndo/master_dev/posebusters_results/converted_pdbqt/Orai1WT-MDSnap-Fr499_cleaned__gsk7975a-prot-OPT_vina_out_model23.sdf,-16.742066666666666,3.839066666666667,10.583433333333335,6,6
AutoDock_Vina,Orai1WT-MDSnap-Fr499_cleaned,gsk7975a-prot-OPT,24,/home/manndo/master_dev/posebusters_results/converted_pdbqt/Orai1WT-MDSnap-Fr499_cleaned__gsk7975a-prot-OPT_vina_out_model24.sdf,24.378166666666665,10.88243333333333,10.711666666666666,7,7
AutoDock_Vina,Orai1WT-MDSnap-Fr499_cleaned,gsk7975a-prot-OPT,25,/home/manndo/master_dev/posebusters_results/converted_pdbqt/Orai1WT-MDSnap-Fr499_cleaned__gsk7975a-prot-OPT_vina_out_model25.sdf,2.3502333333333336,10.305966666666666,29.423200000000005,4,2
AutoDock_Vina,Orai1WT-MDSnap-Fr499_cleaned,gsk7975a-prot-OPT,26,/home/manndo/master_dev/posebusters_results/converted_pdbqt/Orai1WT-MDSnap-Fr499_cleaned__gsk7975a-prot-OPT_vina_out_model26.sdf,-9.331933333333334,-20.857433333333336,8.425933333333333,5,5
AutoDock_Vina,Orai1WT-MDSnap-Fr499_cleaned,gsk7975a-prot-OPT,27,/home/manndo/master_dev/posebusters_results/converted_pdbqt/Orai1WT-MDSnap-Fr499_cleaned__gsk7975a-prot-OPT_vina_out_model27.sdf,9.647499999999999,22.350566666666666,-37.554433333333336,0,1
AutoDock_Vina,Orai1WT-MDSnap-Fr499_cleaned,gsk7975a-prot-OPT,28,/home/manndo/master_dev/posebusters_results/converted_pdbqt/Orai1WT-MDSnap-Fr499_cleaned__gsk7975a-prot-OPT_vina_out_model28.sdf,-10.116966666666666,-20.105666666666664,2.2455333333333334,5,5
AutoDock_Vina,Orai1WT-MDSnap-Fr499_cleaned,gsk7975a-prot-OPT,29,/home/manndo/master_dev/posebusters_results/converted_pdbqt/Orai1WT-MDSnap-Fr499_cleaned__gsk7975a-prot-OPT_vina_out_model29.sdf,-2.6100666666666665,3.563266666666666,23.164033333333336,4,2
AutoDock_Vina,Orai1WT-MDSnap-Fr499_cleaned,gsk7975a-prot-OPT,3,/home/manndo/master_dev/posebusters_results/converted_pdbqt/Orai1WT-MDSnap-Fr499_cleaned__gsk7975a-prot-OPT_vina_out_model3.sdf,10.404266666666668,24.159333333333336,13.9515,3,3
AutoDock_Vina,Orai1WT-MDSnap-Fr499_cleaned,gsk7975a-prot-OPT,30,/home/manndo/master_dev/posebusters_results/converted_pdbqt/Orai1WT-MDSnap-Fr499_cleaned__gsk7975a-prot-OPT_vina_out_model30.sdf,-9.322166666666668,-2.2126333333333332,-28.0409,1,4
AutoDock_Vina,Orai1WT-MDSnap-Fr499_cleaned,gsk7975a-prot-OPT,4,/home/manndo/master_dev/posebusters_results/converted_pdbqt/Orai1WT-MDSnap-Fr499_cleaned__gsk7975a-prot-OPT_vina_out_model4.sdf,-10.319433333333333,-20.5086,7.379733333333335,5,5
AutoDock_Vina,Orai1WT-MDSnap-Fr499_cleaned,gsk7975a-prot-OPT,5,/home/manndo/master_dev/posebusters_results/converted_pdbqt/Orai1WT-MDSnap-Fr499_cleaned__gsk7975a-prot-OPT_vina_out_model5.sdf,10.480366666666669,23.95083333333333,13.345499999999998,3,3
AutoDock_Vina,Orai1WT-MDSnap-Fr499_cleaned,gsk7975a-prot-OPT,6,/home/manndo/master_dev/posebusters_results/converted_pdbqt/Orai1WT-MDSnap-Fr499_cleaned__gsk7975a-prot-OPT_vina_out_model6.sdf,-9.495333333333331,-20.569700000000005,5.438866666666667,5,5
AutoDock_Vina,Orai1WT-MDSnap-Fr499_cleaned,gsk7975a-prot-OPT,7,/home/manndo/master_dev/posebusters_results/converted_pdbqt/Orai1WT-MDSnap-Fr499_cleaned__gsk7975a-prot-OPT_vina_out_model7.sdf,-17.17676666666667,3.3032333333333335,10.31953333333333,6,6
AutoDock_Vina,Orai1WT-MDSnap-Fr499_cleaned,gsk7975a-prot-OPT,8,/home/manndo/master_dev/posebusters_results/converted_pdbqt/Orai1WT-MDSnap-Fr499_cleaned__gsk7975a-prot-OPT_vina_out_model8.sdf,-9.915733333333332,-20.47623333333333,6.314299999999999,5,5
AutoDock_Vina,Orai1WT-MDSnap-Fr499_cleaned,gsk7975a-prot-OPT,9,/home/manndo/master_dev/posebusters_results/converted_pdbqt/Orai1WT-MDSnap-Fr499_cleaned__gsk7975a-prot-OPT_vina_out_model9.sdf,-8.890933333333333,-20.420900000000003,7.504566666666668,5,5
AutoDock_Vina,Orai1WT-START-Fr0,2abp-nh2-OPT,1,/home/manndo/master_dev/posebusters_results/converted_pdbqt/Orai1WT-START-Fr0__2abp-nh2-OPT_vina_out_model1.sdf,6.430789473684212,25.31294736842105,19.504263157894734,0,0
AutoDock_Vina,Orai1WT-START-Fr0,2abp-nh2-OPT,10,/home/manndo/master_dev/posebusters_results/converted_pdbqt/Orai1WT-START-Fr0__2abp-nh2-OPT_vina_out_model10.sdf,1.914157894736842,1.3202631578947368,-7.340578947368421,0,0
AutoDock_Vina,Orai1WT-START-Fr0,2abp-nh2-OPT,11,/home/manndo/master_dev/posebusters_results/converted_pdbqt/Orai1WT-START-Fr0__2abp-nh2-OPT_vina_out_model11.sdf,2.384315789473684,-0.8669473684210527,-7.420789473684209,0,0
AutoDock_Vina,Orai1WT-START-Fr0,2abp-nh2-OPT,12,/home/manndo/master_dev/posebusters_results/converted_pdbqt/Orai1WT-START-Fr0__2abp-nh2-OPT_vina_out_model12.sdf,-2.3193684210526313,-0.14610526315789468,-4.071894736842105,0,0
AutoDock_Vina,Orai1WT-START-Fr0,2abp-nh2-OPT,13,/home/manndo/master_dev/posebusters_results/converted_pdbqt/Orai1WT-START-Fr0__2abp-nh2-OPT_vina_out_model13.sdf,-2.1727894736842104,-0.171421052631579,-4.118473684210526,0,0
AutoDock_Vina,Orai1WT-START-Fr0,2abp-nh2-OPT,14,/home/manndo/master_dev/posebusters_results/converted_pdbqt/Orai1WT-START-Fr0__2abp-nh2-OPT_vina_out_model14.sdf,1.9044210526315788,-1.8735263157894737,-3.915052631578948,0,0
AutoDock_Vina,Orai1WT-START-Fr0,2abp-nh2-OPT,15,/home/manndo/master_dev/posebusters_results/converted_pdbqt/Orai1WT-START-Fr0__2abp-nh2-OPT_vina_out_model15.sdf,-0.44531578947368433,2.1415263157894735,-7.588315789473685,0,0
AutoDock_Vina,Orai1WT-START-Fr0,2abp-nh2-OPT,16,/home/manndo/master_dev/posebusters_results/converted_pdbqt/Orai1WT-START-Fr0__2abp-nh2-OPT_vina_out_model16.sdf,2.282578947368421,0.03757894736842121,-4.017578947368422,0,0
AutoDock_Vina,Orai1WT-START-Fr0,2abp-nh2-OPT,17,/home/manndo/master_dev/posebusters_results/converted_pdbqt/Orai1WT-START-Fr0__2abp-nh2-OPT_vina_out_model17.sdf,17.978315789473683,-20.84268421052632,17.40657894736842,0,0
AutoDock_Vina,Orai1WT-START-Fr0,2abp-nh2-OPT,18,/home/manndo/master_dev/posebusters_results/converted_pdbqt/Orai1WT-START-Fr0__2abp-nh2-OPT_vina_out_model18.sdf,4.352736842105262,-13.63678947368421,-28.36194736842105,0,0
AutoDock_Vina,Orai1WT-START-Fr0,2abp-nh2-OPT,19,/home/manndo/master_dev/posebusters_results/converted_pdbqt/Orai1WT-START-Fr0__2abp-nh2-OPT_vina_out_model19.sdf,4.352421052631579,-13.571052631578945,-28.368578947368423,0,0
AutoDock_Vina,Orai1WT-START-Fr0,2abp-nh2-OPT,2,/home/manndo/master_dev/posebusters_results/converted_pdbqt/Orai1WT-START-Fr0__2abp-nh2-OPT_vina_out_model2.sdf,18.92773684210526,-17.974315789473685,19.243526315789474,0,0
AutoDock_Vina,Orai1WT-START-Fr0,2abp-nh2-OPT,20,/home/manndo/master_dev/posebusters_results/converted_pdbqt/Orai1WT-START-Fr0__2abp-nh2-OPT_vina_out_model20.sdf,1.7787368421052632,-1.0185789473684213,-3.712263157894738,0,0
AutoDock_Vina,Orai1WT-START-Fr0,2abp-nh2-OPT,21,/home/manndo/master_dev/posebusters_results/converted_pdbqt/Orai1WT-START-Fr0__2abp-nh2-OPT_vina_out_model21.sdf,-2.055894736842105,-1.2692105263157893,-7.43057894736842,0,0
AutoDock_Vina,Orai1WT-START-Fr0,2abp-nh2-OPT,22,/home/manndo/master_dev/posebusters_results/converted_pdbqt/Orai1WT-START-Fr0__2abp-nh2-OPT_vina_out_model22.sdf,-14.243631578947367,2.5751578947368414,-28.61268421052632,0,0
AutoDock_Vina,Orai1WT-START-Fr0,2abp-nh2-OPT,23,/home/manndo/master_dev/posebusters_results/converted_pdbqt/Orai1WT-START-Fr0__2abp-nh2-OPT_vina_out_model23.sdf,-1.2710000000000001,1.8142631578947366,-6.921894736842105,0,0
AutoDock_Vina,Orai1WT-START-Fr0,2abp-nh2-OPT,24,/home/manndo/master_dev/posebusters_results/converted_pdbqt/Orai1WT-START-Fr0__2abp-nh2-OPT_vina_out_model24.sdf,-13.913263157894736,2.774526315789474,-28.401,0,0
AutoDock_Vina,Orai1WT-START-Fr0,2abp-nh2-OPT,25,/home/manndo/master_dev/posebusters_results/converted_pdbqt/Orai1WT-START-Fr0__2abp-nh2-OPT_vina_out_model25.sdf,-13.812,2.787894736842105,-28.328842105263153,0,0
AutoDock_Vina,Orai1WT-START-Fr0,2abp-nh2-OPT,26,/home/manndo/master_dev/posebusters_results/converted_pdbqt/Orai1WT-START-Fr0__2abp-nh2-OPT_vina_out_model26.sdf,-0.49173684210526314,-0.04010526315789476,-7.462894736842105,0,0
AutoDock_Vina,Orai1WT-START-Fr0,2abp-nh2-OPT,27,/home/manndo/master_dev/posebusters_results/converted_pdbqt/Orai1WT-START-Fr0__2abp-nh2-OPT_vina_out_model27.sdf,-1.9356315789473684,-1.2426842105263156,-4.496894736842106,0,0
AutoDock_Vina,Orai1WT-START-Fr0,2abp-nh2-OPT,28,/home/manndo/master_dev/posebusters_results/converted_pdbqt/Orai1WT-START-Fr0__2abp-nh2-OPT_vina_out_model28.sdf,-1.739473684210526,1.7837894736842104,-3.922894736842105,0,0
AutoDock_Vina,Orai1WT-START-Fr0,2abp-nh2-OPT,29,/home/manndo/master_dev/posebusters_results/converted_pdbqt/Orai1WT-START-Fr0__2abp-nh2-OPT_vina_out_model29.sdf,3.4134210526315782,-13.181,-27.31021052631579,0,0
AutoDock_Vina,Orai1WT-START-Fr0,2abp-nh2-OPT,3,/home/manndo/master_dev/posebusters_results/converted_pdbqt/Orai1WT-START-Fr0__2abp-nh2-OPT_vina_out_model3.sdf,-24.987684210526318,-7.072526315789473,19.367210526315795,0,0
AutoDock_Vina,Orai1WT-START-Fr0,2abp-nh2-OPT,30,/home/manndo/master_dev/posebusters_results/converted_pdbqt/Orai1WT-START-Fr0__2abp-nh2-OPT_vina_out_model30.sdf,-0.20273684210526316,-0.2552105263157895,-5.961263157894738,0,0
AutoDock_Vina,Orai1WT-START-Fr0,2abp-nh2-OPT,4,/home/manndo/master_dev/posebusters_results/converted_pdbqt/Orai1WT-START-Fr0__2abp-nh2-OPT_vina_out_model4.sdf,18.741315789473685,-18.166368421052635,19.26115789473684,0,0
AutoDock_Vina,Orai1WT-START-Fr0,2abp-nh2-OPT,5,/home/manndo/master_dev/posebusters_results/converted_pdbqt/Orai1WT-START-Fr0__2abp-nh2-OPT_vina_out_model5.sdf,7.4932105263157895,24.57357894736842,19.70905263157895,0,0
AutoDock_Vina,Orai1WT-START-Fr0,2abp-nh2-OPT,6,/home/manndo/master_dev/posebusters_results/converted_pdbqt/Orai1WT-START-Fr0__2abp-nh2-OPT_vina_out_model6.sdf,-2.655473684210526,0.15415789473684208,-7.294368421052631,0,0
AutoDock_Vina,Orai1WT-START-Fr0,2abp-nh2-OPT,7,/home/manndo/master_dev/posebusters_results/converted_pdbqt/Orai1WT-START-Fr0__2abp-nh2-OPT_vina_out_model7.sdf,0.9402631578947368,-2.6321578947368423,-7.5546842105263154,0,0
AutoDock_Vina,Orai1WT-START-Fr0,2abp-nh2-OPT,8,/home/manndo/master_dev/posebusters_results/converted_pdbqt/Orai1WT-START-Fr0__2abp-nh2-OPT_vina_out_model8.sdf,-25.14615789473684,-6.831157894736844,19.28152631578947,0,0
AutoDock_Vina,Orai1WT-START-Fr0,2abp-nh2-OPT,9,/home/manndo/master_dev/posebusters_results/converted_pdbqt/Orai1WT-START-Fr0__2abp-nh2-OPT_vina_out_model9.sdf,1.1544736842105263,1.6826842105263156,-3.577263157894737,0,0
AutoDock_Vina,Orai1WT-START-Fr0,Synta-66-OPT-Singlet,1,/home/manndo/master_dev/posebusters_results/converted_pdbqt/Orai1WT-START-Fr0__Synta-66-OPT-Singlet_vina_out_model1.sdf,-1.226592592592593,-0.7281851851851849,-11.330851851851849,3,1
AutoDock_Vina,Orai1WT-START-Fr0,Synta-66-OPT-Singlet,10,/home/manndo/master_dev/posebusters_results/converted_pdbqt/Orai1WT-START-Fr0__Synta-66-OPT-Singlet_vina_out_model10.sdf,8.305555555555555,23.588592592592594,17.656666666666663,6,0
AutoDock_Vina,Orai1WT-START-Fr0,Synta-66-OPT-Singlet,11,/home/manndo/master_dev/posebusters_results/converted_pdbqt/Orai1WT-START-Fr0__Synta-66-OPT-Singlet_vina_out_model11.sdf,3.4743333333333335,11.765925925925925,-26.951777777777775,8,1
AutoDock_Vina,Orai1WT-START-Fr0,Synta-66-OPT-Singlet,12,/home/manndo/master_dev/posebusters_results/converted_pdbqt/Orai1WT-START-Fr0__Synta-66-OPT-Singlet_vina_out_model12.sdf,7.688,23.52970370370371,16.836296296296297,6,0
AutoDock_Vina,Orai1WT-START-Fr0,Synta-66-OPT-Singlet,13,/home/manndo/master_dev/posebusters_results/converted_pdbqt/Orai1WT-START-Fr0__Synta-66-OPT-Singlet_vina_out_model13.sdf,-0.5266666666666667,0.5431111111111111,20.12648148148148,1,0
AutoDock_Vina,Orai1WT-START-Fr0,Synta-66-OPT-Singlet,14,/home/manndo/master_dev/posebusters_results/converted_pdbqt/Orai1WT-START-Fr0__Synta-66-OPT-Singlet_vina_out_model14.sdf,-24.366481481481483,-4.647037037037037,17.762148148148142,5,0
AutoDock_Vina,Orai1WT-START-Fr0,Synta-66-OPT-Singlet,15,/home/manndo/master_dev/posebusters_results/converted_pdbqt/Orai1WT-START-Fr0__Synta-66-OPT-Singlet_vina_out_model15.sdf,-14.327111111111108,3.5613333333333332,-28.652,9,1
AutoDock_Vina,Orai1WT-START-Fr0,Synta-66-OPT-Singlet,16,/home/manndo/master_dev/posebusters_results/converted_pdbqt/Orai1WT-START-Fr0__Synta-66-OPT-Singlet_vina_out_model16.sdf,-13.051074074074073,3.155148148148148,-28.22866666666667,9,1
AutoDock_Vina,Orai1WT-START-Fr0,Synta-66-OPT-Singlet,17,/home/manndo/master_dev/posebusters_results/converted_pdbqt/Orai1WT-START-Fr0__Synta-66-OPT-Singlet_vina_out_model17.sdf,9.044407407407407,22.472259259259264,-12.842074074074072,8,1
AutoDock_Vina,Orai1WT-START-Fr0,Synta-66-OPT-Singlet,18,/home/manndo/master_dev/posebusters_results/converted_pdbqt/Orai1WT-START-Fr0__Synta-66-OPT-Singlet_vina_out_model18.sdf,11.264333333333331,-5.094703703703703,33.47896296296296,1,0
AutoDock_Vina,Orai1WT-START-Fr0,Synta-66-OPT-Singlet,19,/home/manndo/master_dev/posebusters_results/converted_pdbqt/Orai1WT-START-Fr0__Synta-66-OPT-Singlet_vina_out_model19.sdf,-12.892074074074076,5.106296296296296,32.37144444444444,1,0
AutoDock_Vina,Orai1WT-START-Fr0,Synta-66-OPT-Singlet,2,/home/manndo/master_dev/posebusters_results/converted_pdbqt/Orai1WT-START-Fr0__Synta-66-OPT-Singlet_vina_out_model2.sdf,0.03055555555555556,-1.4352222222222215,-11.408000000000001,3,1
AutoDock_Vina,Orai1WT-START-Fr0,Synta-66-OPT-Singlet,20,/home/manndo/master_dev/posebusters_results/converted_pdbqt/Orai1WT-START-Fr0__Synta-66-OPT-Singlet_vina_out_model20.sdf,-24.083481481481485,-3.540185185185184,-12.53062962962963,9,1
AutoDock_Vina,Orai1WT-START-Fr0,Synta-66-OPT-Singlet,21,/home/manndo/master_dev/posebusters_results/converted_pdbqt/Orai1WT-START-Fr0__Synta-66-OPT-Singlet_vina_out_model21.sdf,-24.08196296296296,-3.7874814814814806,18.154333333333334,5,0
AutoDock_Vina,Orai1WT-START-Fr0,Synta-66-OPT-Singlet,22,/home/manndo/master_dev/posebusters_results/converted_pdbqt/Orai1WT-START-Fr0__Synta-66-OPT-Singlet_vina_out_model22.sdf,8.558148148148149,9.296962962962963,-28.405814814814814,8,1
AutoDock_Vina,Orai1WT-START-Fr0,Synta-66-OPT-Singlet,23,/home/manndo/master_dev/posebusters_results/converted_pdbqt/Orai1WT-START-Fr0__Synta-66-OPT-Singlet_vina_out_model23.sdf,5.3391111111111105,-4.262962962962963,29.536592592592594,1,0
AutoDock_Vina,Orai1WT-START-Fr0,Synta-66-OPT-Singlet,24,/home/manndo/master_dev/posebusters_results/converted_pdbqt/Orai1WT-START-Fr0__Synta-66-OPT-Singlet_vina_out_model24.sdf,20.91296296296296,-16.35425925925926,11.798037037037036,2,0
AutoDock_Vina,Orai1WT-START-Fr0,Synta-66-OPT-Singlet,25,/home/manndo/master_dev/posebusters_results/converted_pdbqt/Orai1WT-START-Fr0__Synta-66-OPT-Singlet_vina_out_model25.sdf,5.749925925925925,-15.39537037037037,-31.44503703703704,0,1
AutoDock_Vina,Orai1WT-START-Fr0,Synta-66-OPT-Singlet,26,/home/manndo/master_dev/posebusters_results/converted_pdbqt/Orai1WT-START-Fr0__Synta-66-OPT-Singlet_vina_out_model26.sdf,-15.995888888888889,3.9965185185185184,-30.299185185185184,9,1
AutoDock_Vina,Orai1WT-START-Fr0,Synta-66-OPT-Singlet,27,/home/manndo/master_dev/posebusters_results/converted_pdbqt/Orai1WT-START-Fr0__Synta-66-OPT-Singlet_vina_out_model27.sdf,4.367222222222221,-15.842259259259261,-30.30359259259259,0,1
AutoDock_Vina,Orai1WT-START-Fr0,Synta-66-OPT-Singlet,28,/home/manndo/master_dev/posebusters_results/converted_pdbqt/Orai1WT-START-Fr0__Synta-66-OPT-Singlet_vina_out_model28.sdf,-22.255518518518517,-18.18607407407407,5.296592592592592,5,0
AutoDock_Vina,Orai1WT-START-Fr0,Synta-66-OPT-Singlet,29,/home/manndo/master_dev/posebusters_results/converted_pdbqt/Orai1WT-START-Fr0__Synta-66-OPT-Singlet_vina_out_model29.sdf,3.403222222222222,-13.299037037037033,-28.68411111111111,0,1
AutoDock_Vina,Orai1WT-START-Fr0,Synta-66-OPT-Singlet,3,/home/manndo/master_dev/posebusters_results/converted_pdbqt/Orai1WT-START-Fr0__Synta-66-OPT-Singlet_vina_out_model3.sdf,-1.2084444444444447,-0.9054444444444444,-11.145851851851852,3,1
AutoDock_Vina,Orai1WT-START-Fr0,Synta-66-OPT-Singlet,30,/home/manndo/master_dev/posebusters_results/converted_pdbqt/Orai1WT-START-Fr0__Synta-66-OPT-Singlet_vina_out_model30.sdf,-5.089925925925926,27.920481481481485,5.080111111111112,4,0
AutoDock_Vina,Orai1WT-START-Fr0,Synta-66-OPT-Singlet,4,/home/manndo/master_dev/posebusters_results/converted_pdbqt/Orai1WT-START-Fr0__Synta-66-OPT-Singlet_vina_out_model4.sdf,16.568222222222225,-18.569518518518517,16.655444444444445,2,0
AutoDock_Vina,Orai1WT-START-Fr0,Synta-66-OPT-Singlet,5,/home/manndo/master_dev/posebusters_results/converted_pdbqt/Orai1WT-START-Fr0__Synta-66-OPT-Singlet_vina_out_model5.sdf,0.805111111111111,-0.951814814814815,-11.588444444444443,3,1
AutoDock_Vina,Orai1WT-START-Fr0,Synta-66-OPT-Singlet,6,/home/manndo/master_dev/posebusters_results/converted_pdbqt/Orai1WT-START-Fr0__Synta-66-OPT-Singlet_vina_out_model6.sdf,15.456999999999997,-18.977703703703703,17.27907407407407,2,0
AutoDock_Vina,Orai1WT-START-Fr0,Synta-66-OPT-Singlet,7,/home/manndo/master_dev/posebusters_results/converted_pdbqt/Orai1WT-START-Fr0__Synta-66-OPT-Singlet_vina_out_model7.sdf,1.105592592592593,0.13844444444444445,-11.9597037037037,3,1
AutoDock_Vina,Orai1WT-START-Fr0,Synta-66-OPT-Singlet,8,/home/manndo/master_dev/posebusters_results/converted_pdbqt/Orai1WT-START-Fr0__Synta-66-OPT-Singlet_vina_out_model8.sdf,16.672333333333334,-18.90496296296296,17.343925925925927,2,0
AutoDock_Vina,Orai1WT-START-Fr0,Synta-66-OPT-Singlet,9,/home/manndo/master_dev/posebusters_results/converted_pdbqt/Orai1WT-START-Fr0__Synta-66-OPT-Singlet_vina_out_model9.sdf,-24.626037037037037,-4.952888888888889,17.657703703703707,5,0
AutoDock_Vina,Orai1WT-START-Fr0,gsk7975a-deprot-OPT,1,/home/manndo/master_dev/posebusters_results/converted_pdbqt/Orai1WT-START-Fr0__gsk7975a-deprot-OPT_vina_out_model1.sdf,9.502241379310343,23.41827586206896,14.835999999999999,3,4
AutoDock_Vina,Orai1WT-START-Fr0,gsk7975a-deprot-OPT,10,/home/manndo/master_dev/posebusters_results/converted_pdbqt/Orai1WT-START-Fr0__gsk7975a-deprot-OPT_vina_out_model10.sdf,8.609965517241378,23.900827586206898,13.987689655172414,3,4
AutoDock_Vina,Orai1WT-START-Fr0,gsk7975a-deprot-OPT,11,/home/manndo/master_dev/posebusters_results/converted_pdbqt/Orai1WT-START-Fr0__gsk7975a-deprot-OPT_vina_out_model11.sdf,-25.304896551724138,-4.212896551724137,15.464758620689656,4,3
AutoDock_Vina,Orai1WT-START-Fr0,gsk7975a-deprot-OPT,12,/home/manndo/master_dev/posebusters_results/converted_pdbqt/Orai1WT-START-Fr0__gsk7975a-deprot-OPT_vina_out_model12.sdf,8.664172413793104,23.962620689655168,14.043862068965515,3,4
AutoDock_Vina,Orai1WT-START-Fr0,gsk7975a-deprot-OPT,13,/home/manndo/master_dev/posebusters_results/converted_pdbqt/Orai1WT-START-Fr0__gsk7975a-deprot-OPT_vina_out_model13.sdf,16.918724137931036,-20.349655172413794,15.74003448275862,0,2
AutoDock_Vina,Orai1WT-START-Fr0,gsk7975a-deprot-OPT,14,/home/manndo/master_dev/posebusters_results/converted_pdbqt/Orai1WT-START-Fr0__gsk7975a-deprot-OPT_vina_out_model14.sdf,17.186862068965517,-19.99762068965518,15.770379310344829,0,2
AutoDock_Vina,Orai1WT-START-Fr0,gsk7975a-deprot-OPT,15,/home/manndo/master_dev/posebusters_results/converted_pdbqt/Orai1WT-START-Fr0__gsk7975a-deprot-OPT_vina_out_model15.sdf,15.308586206896548,-19.57931034482759,15.360275862068969,0,2
AutoDock_Vina,Orai1WT-START-Fr0,gsk7975a-deprot-OPT,16,/home/manndo/master_dev/posebusters_results/converted_pdbqt/Orai1WT-START-Fr0__gsk7975a-deprot-OPT_vina_out_model16.sdf,9.708827586206894,23.570896551724136,15.554931034482761,3,4
AutoDock_Vina,Orai1WT-START-Fr0,gsk7975a-deprot-OPT,17,/home/manndo/master_dev/posebusters_results/converted_pdbqt/Orai1WT-START-Fr0__gsk7975a-deprot-OPT_vina_out_model17.sdf,-1.4438275862068966,0.20120689655172416,17.018068965517244,2,5
AutoDock_Vina,Orai1WT-START-Fr0,gsk7975a-deprot-OPT,18,/home/manndo/master_dev/posebusters_results/converted_pdbqt/Orai1WT-START-Fr0__gsk7975a-deprot-OPT_vina_out_model18.sdf,16.046862068965513,-19.363482758620695,15.472586206896557,0,2
AutoDock_Vina,Orai1WT-START-Fr0,gsk7975a-deprot-OPT,19,/home/manndo/master_dev/posebusters_results/converted_pdbqt/Orai1WT-START-Fr0__gsk7975a-deprot-OPT_vina_out_model19.sdf,17.34324137931035,-19.134586206896554,15.582482758620689,0,2
AutoDock_Vina,Orai1WT-START-Fr0,gsk7975a-deprot-OPT,2,/home/manndo/master_dev/posebusters_results/converted_pdbqt/Orai1WT-START-Fr0__gsk7975a-deprot-OPT_vina_out_model2.sdf,-25.058586206896553,-3.4306206896551728,15.028620689655176,4,3
AutoDock_Vina,Orai1WT-START-Fr0,gsk7975a-deprot-OPT,20,/home/manndo/master_dev/posebusters_results/converted_pdbqt/Orai1WT-START-Fr0__gsk7975a-deprot-OPT_vina_out_model20.sdf,-25.629551724137933,-5.046413793103447,16.006896551724136,4,3
AutoDock_Vina,Orai1WT-START-Fr0,gsk7975a-deprot-OPT,21,/home/manndo/master_dev/posebusters_results/converted_pdbqt/Orai1WT-START-Fr0__gsk7975a-deprot-OPT_vina_out_model21.sdf,8.303241379310343,24.095241379310345,15.125793103448279,3,4
AutoDock_Vina,Orai1WT-START-Fr0,gsk7975a-deprot-OPT,22,/home/manndo/master_dev/posebusters_results/converted_pdbqt/Orai1WT-START-Fr0__gsk7975a-deprot-OPT_vina_out_model22.sdf,8.797931034482756,22.90348275862069,15.931482758620689,3,4
AutoDock_Vina,Orai1WT-START-Fr0,gsk7975a-deprot-OPT,23,/home/manndo/master_dev/posebusters_results/converted_pdbqt/Orai1WT-START-Fr0__gsk7975a-deprot-OPT_vina_out_model23.sdf,25.920724137931032,-13.086620689655174,8.205241379310346,0,2
AutoDock_Vina,Orai1WT-START-Fr0,gsk7975a-deprot-OPT,24,/home/manndo/master_dev/posebusters_results/converted_pdbqt/Orai1WT-START-Fr0__gsk7975a-deprot-OPT_vina_out_model24.sdf,-24.249172413793104,-15.74241379310345,8.485655172413793,4,3
AutoDock_Vina,Orai1WT-START-Fr0,gsk7975a-deprot-OPT,25,/home/manndo/master_dev/posebusters_results/converted_pdbqt/Orai1WT-START-Fr0__gsk7975a-deprot-OPT_vina_out_model25.sdf,8.18896551724138,24.493586206896552,15.326206896551723,3,4
AutoDock_Vina,Orai1WT-START-Fr0,gsk7975a-deprot-OPT,26,/home/manndo/master_dev/posebusters_results/converted_pdbqt/Orai1WT-START-Fr0__gsk7975a-deprot-OPT_vina_out_model26.sdf,-1.5513103448275858,28.93855172413793,8.210793103448273,3,4
AutoDock_Vina,Orai1WT-START-Fr0,gsk7975a-deprot-OPT,27,/home/manndo/master_dev/posebusters_results/converted_pdbqt/Orai1WT-START-Fr0__gsk7975a-deprot-OPT_vina_out_model27.sdf,-24.420931034482756,-5.25555172413793,16.391310344827584,4,3
AutoDock_Vina,Orai1WT-START-Fr0,gsk7975a-deprot-OPT,28,/home/manndo/master_dev/posebusters_results/converted_pdbqt/Orai1WT-START-Fr0__gsk7975a-deprot-OPT_vina_out_model28.sdf,-1.2147241379310343,0.010275862068965504,17.632655172413795,2,5
AutoDock_Vina,Orai1WT-START-Fr0,gsk7975a-deprot-OPT,29,/home/manndo/master_dev/posebusters_results/converted_pdbqt/Orai1WT-START-Fr0__gsk7975a-deprot-OPT_vina_out_model29.sdf,-25.26096551724137,-5.593517241379311,15.884724137931034,4,3
AutoDock_Vina,Orai1WT-START-Fr0,gsk7975a-deprot-OPT,3,/home/manndo/master_dev/posebusters_results/converted_pdbqt/Orai1WT-START-Fr0__gsk7975a-deprot-OPT_vina_out_model3.sdf,-1.0662758620689654,0.5634137931034482,17.95868965517241,2,5
AutoDock_Vina,Orai1WT-START-Fr0,gsk7975a-deprot-OPT,30,/home/manndo/master_dev/posebusters_results/converted_pdbqt/Orai1WT-START-Fr0__gsk7975a-deprot-OPT_vina_out_model30.sdf,8.100896551724139,24.564413793103448,15.423517241379312,3,4
AutoDock_Vina,Orai1WT-START-Fr0,gsk7975a-deprot-OPT,4,/home/manndo/master_dev/posebusters_results/converted_pdbqt/Orai1WT-START-Fr0__gsk7975a-deprot-OPT_vina_out_model4.sdf,15.501413793103445,-19.727724137931038,14.98131034482759,0,2
AutoDock_Vina,Orai1WT-START-Fr0,gsk7975a-deprot-OPT,5,/home/manndo/master_dev/posebusters_results/converted_pdbqt/Orai1WT-START-Fr0__gsk7975a-deprot-OPT_vina_out_model5.sdf,-26.07679310344827,-4.079344827586207,15.908275862068967,4,3
AutoDock_Vina,Orai1WT-START-Fr0,gsk7975a-deprot-OPT,6,/home/manndo/master_dev/posebusters_results/converted_pdbqt/Orai1WT-START-Fr0__gsk7975a-deprot-OPT_vina_out_model6.sdf,-1.6068965517241383,1.0154827586206896,16.964551724137934,2,5
AutoDock_Vina,Orai1WT-START-Fr0,gsk7975a-deprot-OPT,7,/home/manndo/master_dev/posebusters_results/converted_pdbqt/Orai1WT-START-Fr0__gsk7975a-deprot-OPT_vina_out_model7.sdf,-25.078551724137924,-4.5362068965517235,15.807103448275864,4,3
AutoDock_Vina,Orai1WT-START-Fr0,gsk7975a-deprot-OPT,8,/home/manndo/master_dev/posebusters_results/converted_pdbqt/Orai1WT-START-Fr0__gsk7975a-deprot-OPT_vina_out_model8.sdf,16.423655172413795,-19.316103448275864,14.05044827586207,0,2
AutoDock_Vina,Orai1WT-START-Fr0,gsk7975a-deprot-OPT,9,/home/manndo/master_dev/posebusters_results/converted_pdbqt/Orai1WT-START-Fr0__gsk7975a-deprot-OPT_vina_out_model9.sdf,9.205862068965516,24.916999999999998,15.858310344827585,3,4
AutoDock_Vina,Orai1WT-START-Fr0,gsk7975a-prot-OPT,1,/home/manndo/master_dev/posebusters_results/converted_pdbqt/Orai1WT-START-Fr0__gsk7975a-prot-OPT_vina_out_model1.sdf,-24.972033333333336,-3.4701,14.835133333333333,4,5
AutoDock_Vina,Orai1WT-START-Fr0,gsk7975a-prot-OPT,10,/home/manndo/master_dev/posebusters_results/converted_pdbqt/Orai1WT-START-Fr0__gsk7975a-prot-OPT_vina_out_model10.sdf,-25.88946666666667,-4.2980333333333345,16.203966666666666,4,5
AutoDock_Vina,Orai1WT-START-Fr0,gsk7975a-prot-OPT,11,/home/manndo/master_dev/posebusters_results/converted_pdbqt/Orai1WT-START-Fr0__gsk7975a-prot-OPT_vina_out_model11.sdf,8.284566666666665,24.159566666666667,15.8739,3,7
AutoDock_Vina,Orai1WT-START-Fr0,gsk7975a-prot-OPT,12,/home/manndo/master_dev/posebusters_results/converted_pdbqt/Orai1WT-START-Fr0__gsk7975a-prot-OPT_vina_out_model12.sdf,-1.4748666666666672,1.1621666666666666,16.813866666666662,5,1
AutoDock_Vina,Orai1WT-START-Fr0,gsk7975a-prot-OPT,13,/home/manndo/master_dev/posebusters_results/converted_pdbqt/Orai1WT-START-Fr0__gsk7975a-prot-OPT_vina_out_model13.sdf,-1.1848,-0.35653333333333326,-11.690500000000002,6,3
AutoDock_Vina,Orai1WT-START-Fr0,gsk7975a-prot-OPT,14,/home/manndo/master_dev/posebusters_results/converted_pdbqt/Orai1WT-START-Fr0__gsk7975a-prot-OPT_vina_out_model14.sdf,-25.10256666666667,-4.631366666666667,15.992133333333335,4,5
AutoDock_Vina,Orai1WT-START-Fr0,gsk7975a-prot-OPT,15,/home/manndo/master_dev/posebusters_results/converted_pdbqt/Orai1WT-START-Fr0__gsk7975a-prot-OPT_vina_out_model15.sdf,8.683633333333331,23.631199999999996,13.955633333333335,3,7
AutoDock_Vina,Orai1WT-START-Fr0,gsk7975a-prot-OPT,16,/home/manndo/master_dev/posebusters_results/converted_pdbqt/Orai1WT-START-Fr0__gsk7975a-prot-OPT_vina_out_model16.sdf,16.10263333333333,-19.615199999999998,14.153033333333331,1,4
AutoDock_Vina,Orai1WT-START-Fr0,gsk7975a-prot-OPT,17,/home/manndo/master_dev/posebusters_results/converted_pdbqt/Orai1WT-START-Fr0__gsk7975a-prot-OPT_vina_out_model17.sdf,16.131433333333334,-19.2871,13.940333333333335,1,4
AutoDock_Vina,Orai1WT-START-Fr0,gsk7975a-prot-OPT,18,/home/manndo/master_dev/posebusters_results/converted_pdbqt/Orai1WT-START-Fr0__gsk7975a-prot-OPT_vina_out_model18.sdf,9.371266666666667,24.767000000000007,15.966066666666666,3,7
AutoDock_Vina,Orai1WT-START-Fr0,gsk7975a-prot-OPT,19,/home/manndo/master_dev/posebusters_results/converted_pdbqt/Orai1WT-START-Fr0__gsk7975a-prot-OPT_vina_out_model19.sdf,16.739166666666666,-19.64723333333333,15.767100000000001,1,4
AutoDock_Vina,Orai1WT-START-Fr0,gsk7975a-prot-OPT,2,/home/manndo/master_dev/posebusters_results/converted_pdbqt/Orai1WT-START-Fr0__gsk7975a-prot-OPT_vina_out_model2.sdf,9.421866666666666,23.324566666666662,14.659933333333335,3,7
AutoDock_Vina,Orai1WT-START-Fr0,gsk7975a-prot-OPT,20,/home/manndo/master_dev/posebusters_results/converted_pdbqt/Orai1WT-START-Fr0__gsk7975a-prot-OPT_vina_out_model20.sdf,-24.954700000000003,-4.0799666666666665,14.3328,4,5
AutoDock_Vina,Orai1WT-START-Fr0,gsk7975a-prot-OPT,21,/home/manndo/master_dev/posebusters_results/converted_pdbqt/Orai1WT-START-Fr0__gsk7975a-prot-OPT_vina_out_model21.sdf,0.9140999999999998,-0.9539000000000001,-11.3771,6,3
AutoDock_Vina,Orai1WT-START-Fr0,gsk7975a-prot-OPT,22,/home/manndo/master_dev/posebusters_results/converted_pdbqt/Orai1WT-START-Fr0__gsk7975a-prot-OPT_vina_out_model22.sdf,-24.671766666666663,-4.259366666666667,14.0696,4,5
AutoDock_Vina,Orai1WT-START-Fr0,gsk7975a-prot-OPT,23,/home/manndo/master_dev/posebusters_results/converted_pdbqt/Orai1WT-START-Fr0__gsk7975a-prot-OPT_vina_out_model23.sdf,0.7004333333333331,-1.046733333333333,-11.070166666666665,6,3
AutoDock_Vina,Orai1WT-START-Fr0,gsk7975a-prot-OPT,24,/home/manndo/master_dev/posebusters_results/converted_pdbqt/Orai1WT-START-Fr0__gsk7975a-prot-OPT_vina_out_model24.sdf,1.3794333333333333,-0.6490333333333331,-11.134466666666668,6,3
AutoDock_Vina,Orai1WT-START-Fr0,gsk7975a-prot-OPT,25,/home/manndo/master_dev/posebusters_results/converted_pdbqt/Orai1WT-START-Fr0__gsk7975a-prot-OPT_vina_out_model25.sdf,-0.09243333333333335,1.7533333333333334,-8.375466666666666,6,3
AutoDock_Vina,Orai1WT-START-Fr0,gsk7975a-prot-OPT,26,/home/manndo/master_dev/posebusters_results/converted_pdbqt/Orai1WT-START-Fr0__gsk7975a-prot-OPT_vina_out_model26.sdf,-25.19313333333333,-4.3076333333333325,15.282999999999998,4,5
AutoDock_Vina,Orai1WT-START-Fr0,gsk7975a-prot-OPT,27,/home/manndo/master_dev/posebusters_results/converted_pdbqt/Orai1WT-START-Fr0__gsk7975a-prot-OPT_vina_out_model27.sdf,0.6354666666666666,1.2577666666666663,-5.3705333333333325,6,3
AutoDock_Vina,Orai1WT-START-Fr0,gsk7975a-prot-OPT,28,/home/manndo/master_dev/posebusters_results/converted_pdbqt/Orai1WT-START-Fr0__gsk7975a-prot-OPT_vina_out_model28.sdf,0.2811000000000002,1.2252333333333332,-11.196933333333332,6,3
AutoDock_Vina,Orai1WT-START-Fr0,gsk7975a-prot-OPT,29,/home/manndo/master_dev/posebusters_results/converted_pdbqt/Orai1WT-START-Fr0__gsk7975a-prot-OPT_vina_out_model29.sdf,1.2193,-0.5588666666666667,-10.892666666666667,6,3
AutoDock_Vina,Orai1WT-START-Fr0,gsk7975a-prot-OPT,3,/home/manndo/master_dev/posebusters_results/converted_pdbqt/Orai1WT-START-Fr0__gsk7975a-prot-OPT_vina_out_model3.sdf,15.420633333333337,-19.590699999999995,14.726400000000002,1,4
AutoDock_Vina,Orai1WT-START-Fr0,gsk7975a-prot-OPT,30,/home/manndo/master_dev/posebusters_results/converted_pdbqt/Orai1WT-START-Fr0__gsk7975a-prot-OPT_vina_out_model30.sdf,16.446933333333337,-19.618266666666667,16.61703333333333,1,4
AutoDock_Vina,Orai1WT-START-Fr0,gsk7975a-prot-OPT,4,/home/manndo/master_dev/posebusters_results/converted_pdbqt/Orai1WT-START-Fr0__gsk7975a-prot-OPT_vina_out_model4.sdf,-0.9924666666666668,-0.8459666666666666,-11.721366666666663,6,3
AutoDock_Vina,Orai1WT-START-Fr0,gsk7975a-prot-OPT,5,/home/manndo/master_dev/posebusters_results/converted_pdbqt/Orai1WT-START-Fr0__gsk7975a-prot-OPT_vina_out_model5.sdf,1.104,0.6059333333333332,-11.831233333333332,6,3
AutoDock_Vina,Orai1WT-START-Fr0,gsk7975a-prot-OPT,6,/home/manndo/master_dev/posebusters_results/converted_pdbqt/Orai1WT-START-Fr0__gsk7975a-prot-OPT_vina_out_model6.sdf,1.1524666666666668,-0.4840666666666667,-11.744033333333332,6,3
AutoDock_Vina,Orai1WT-START-Fr0,gsk7975a-prot-OPT,7,/home/manndo/master_dev/posebusters_results/converted_pdbqt/Orai1WT-START-Fr0__gsk7975a-prot-OPT_vina_out_model7.sdf,-1.1413666666666664,0.6559333333333334,-11.777433333333333,6,3
AutoDock_Vina,Orai1WT-START-Fr0,gsk7975a-prot-OPT,8,/home/manndo/master_dev/posebusters_results/converted_pdbqt/Orai1WT-START-Fr0__gsk7975a-prot-OPT_vina_out_model8.sdf,0.04903333333333336,-1.3484333333333334,-11.751533333333334,6,3
AutoDock_Vina,Orai1WT-START-Fr0,gsk7975a-prot-OPT,9,/home/manndo/master_dev/posebusters_results/converted_pdbqt/Orai1WT-START-Fr0__gsk7975a-prot-OPT_vina_out_model9.sdf,-0.028166666666666635,1.2811999999999997,-11.69903333333333,6,3
AutoDock_Vina,Orai1WT-START-Fr0_cleaned,2abp-nh2-OPT,1,/home/manndo/master_dev/posebusters_results/converted_pdbqt/Orai1WT-START-Fr0_cleaned__2abp-nh2-OPT_vina_out_model1.sdf,6.25878947368421,25.301684210526318,19.436894736842106,0,2
AutoDock_Vina,Orai1WT-START-Fr0_cleaned,2abp-nh2-OPT,10,/home/manndo/master_dev/posebusters_results/converted_pdbqt/Orai1WT-START-Fr0_cleaned__2abp-nh2-OPT_vina_out_model10.sdf,0.9947894736842107,2.021315789473684,-4.276842105263158,3,0
AutoDock_Vina,Orai1WT-START-Fr0_cleaned,2abp-nh2-OPT,11,/home/manndo/master_dev/posebusters_results/converted_pdbqt/Orai1WT-START-Fr0_cleaned__2abp-nh2-OPT_vina_out_model11.sdf,2.591368421052632,1.0410526315789472,-7.951,3,0
AutoDock_Vina,Orai1WT-START-Fr0_cleaned,2abp-nh2-OPT,12,/home/manndo/master_dev/posebusters_results/converted_pdbqt/Orai1WT-START-Fr0_cleaned__2abp-nh2-OPT_vina_out_model12.sdf,2.5054736842105263,-0.3130526315789473,-7.08942105263158,3,0
AutoDock_Vina,Orai1WT-START-Fr0_cleaned,2abp-nh2-OPT,13,/home/manndo/master_dev/posebusters_results/converted_pdbqt/Orai1WT-START-Fr0_cleaned__2abp-nh2-OPT_vina_out_model13.sdf,-2.132105263157895,1.6866315789473685,-8.017315789473685,3,0
AutoDock_Vina,Orai1WT-START-Fr0_cleaned,2abp-nh2-OPT,14,/home/manndo/master_dev/posebusters_results/converted_pdbqt/Orai1WT-START-Fr0_cleaned__2abp-nh2-OPT_vina_out_model14.sdf,-1.1381052631578947,-1.9855263157894738,-6.725684210526315,3,0
AutoDock_Vina,Orai1WT-START-Fr0_cleaned,2abp-nh2-OPT,15,/home/manndo/master_dev/posebusters_results/converted_pdbqt/Orai1WT-START-Fr0_cleaned__2abp-nh2-OPT_vina_out_model15.sdf,7.184684210526316,25.393473684210527,18.82378947368421,0,2
AutoDock_Vina,Orai1WT-START-Fr0_cleaned,2abp-nh2-OPT,16,/home/manndo/master_dev/posebusters_results/converted_pdbqt/Orai1WT-START-Fr0_cleaned__2abp-nh2-OPT_vina_out_model16.sdf,-1.9147894736842108,-0.13889473684210513,-3.721263157894738,3,0
AutoDock_Vina,Orai1WT-START-Fr0_cleaned,2abp-nh2-OPT,17,/home/manndo/master_dev/posebusters_results/converted_pdbqt/Orai1WT-START-Fr0_cleaned__2abp-nh2-OPT_vina_out_model17.sdf,-14.157210526315788,2.5567894736842107,-28.595789473684206,2,4
AutoDock_Vina,Orai1WT-START-Fr0_cleaned,2abp-nh2-OPT,18,/home/manndo/master_dev/posebusters_results/converted_pdbqt/Orai1WT-START-Fr0_cleaned__2abp-nh2-OPT_vina_out_model18.sdf,-0.2832105263157895,-2.0427894736842105,-3.6013157894736842,3,0
AutoDock_Vina,Orai1WT-START-Fr0_cleaned,2abp-nh2-OPT,19,/home/manndo/master_dev/posebusters_results/converted_pdbqt/Orai1WT-START-Fr0_cleaned__2abp-nh2-OPT_vina_out_model19.sdf,-1.2777894736842104,1.854684210526316,-4.179157894736843,3,0
AutoDock_Vina,Orai1WT-START-Fr0_cleaned,2abp-nh2-OPT,2,/home/manndo/master_dev/posebusters_results/converted_pdbqt/Orai1WT-START-Fr0_cleaned__2abp-nh2-OPT_vina_out_model2.sdf,19.210578947368422,-17.778210526315792,19.45678947368421,7,5
AutoDock_Vina,Orai1WT-START-Fr0_cleaned,2abp-nh2-OPT,20,/home/manndo/master_dev/posebusters_results/converted_pdbqt/Orai1WT-START-Fr0_cleaned__2abp-nh2-OPT_vina_out_model20.sdf,4.665157894736843,-13.65421052631579,-28.73226315789474,1,6
AutoDock_Vina,Orai1WT-START-Fr0_cleaned,2abp-nh2-OPT,21,/home/manndo/master_dev/posebusters_results/converted_pdbqt/Orai1WT-START-Fr0_cleaned__2abp-nh2-OPT_vina_out_model21.sdf,-0.9252631578947369,-1.9507368421052635,-4.411842105263159,3,0
AutoDock_Vina,Orai1WT-START-Fr0_cleaned,2abp-nh2-OPT,22,/home/manndo/master_dev/posebusters_results/converted_pdbqt/Orai1WT-START-Fr0_cleaned__2abp-nh2-OPT_vina_out_model22.sdf,-0.8690000000000001,-2.102526315789474,-4.267894736842105,3,0
AutoDock_Vina,Orai1WT-START-Fr0_cleaned,2abp-nh2-OPT,23,/home/manndo/master_dev/posebusters_results/converted_pdbqt/Orai1WT-START-Fr0_cleaned__2abp-nh2-OPT_vina_out_model23.sdf,-2.259157894736842,-0.16689473684210548,-4.189421052631579,3,0
AutoDock_Vina,Orai1WT-START-Fr0_cleaned,2abp-nh2-OPT,24,/home/manndo/master_dev/posebusters_results/converted_pdbqt/Orai1WT-START-Fr0_cleaned__2abp-nh2-OPT_vina_out_model24.sdf,1.7411052631578945,-1.0858421052631577,-3.650526315789474,3,0
AutoDock_Vina,Orai1WT-START-Fr0_cleaned,2abp-nh2-OPT,25,/home/manndo/master_dev/posebusters_results/converted_pdbqt/Orai1WT-START-Fr0_cleaned__2abp-nh2-OPT_vina_out_model25.sdf,-13.780947368421053,2.8186842105263157,-28.35147368421052,2,4
AutoDock_Vina,Orai1WT-START-Fr0_cleaned,2abp-nh2-OPT,26,/home/manndo/master_dev/posebusters_results/converted_pdbqt/Orai1WT-START-Fr0_cleaned__2abp-nh2-OPT_vina_out_model26.sdf,-14.141421052631577,2.474368421052632,-28.595315789473688,2,4
AutoDock_Vina,Orai1WT-START-Fr0_cleaned,2abp-nh2-OPT,27,/home/manndo/master_dev/posebusters_results/converted_pdbqt/Orai1WT-START-Fr0_cleaned__2abp-nh2-OPT_vina_out_model27.sdf,0.26421052631578956,-2.097368421052632,-7.46563157894737,3,0
AutoDock_Vina,Orai1WT-START-Fr0_cleaned,2abp-nh2-OPT,28,/home/manndo/master_dev/posebusters_results/converted_pdbqt/Orai1WT-START-Fr0_cleaned__2abp-nh2-OPT_vina_out_model28.sdf,-24.73026315789474,8.49715789473684,-1.8472631578947372,6,7
AutoDock_Vina,Orai1WT-START-Fr0_cleaned,2abp-nh2-OPT,29,/home/manndo/master_dev/posebusters_results/converted_pdbqt/Orai1WT-START-Fr0_cleaned__2abp-nh2-OPT_vina_out_model29.sdf,-1.3397368421052633,1.809736842105263,-4.834894736842105,3,0
AutoDock_Vina,Orai1WT-START-Fr0_cleaned,2abp-nh2-OPT,3,/home/manndo/master_dev/posebusters_results/converted_pdbqt/Orai1WT-START-Fr0_cleaned__2abp-nh2-OPT_vina_out_model3.sdf,6.110210526315788,25.453368421052634,19.62205263157895,0,2
AutoDock_Vina,Orai1WT-START-Fr0_cleaned,2abp-nh2-OPT,30,/home/manndo/master_dev/posebusters_results/converted_pdbqt/Orai1WT-START-Fr0_cleaned__2abp-nh2-OPT_vina_out_model30.sdf,-0.5405263157894737,1.9306842105263162,-7.927684210526316,3,0
AutoDock_Vina,Orai1WT-START-Fr0_cleaned,2abp-nh2-OPT,4,/home/manndo/master_dev/posebusters_results/converted_pdbqt/Orai1WT-START-Fr0_cleaned__2abp-nh2-OPT_vina_out_model4.sdf,-24.967052631578944,-7.276947368421054,19.78636842105263,4,3
AutoDock_Vina,Orai1WT-START-Fr0_cleaned,2abp-nh2-OPT,5,/home/manndo/master_dev/posebusters_results/converted_pdbqt/Orai1WT-START-Fr0_cleaned__2abp-nh2-OPT_vina_out_model5.sdf,18.626526315789473,-18.403105263157894,19.369631578947367,7,5
AutoDock_Vina,Orai1WT-START-Fr0_cleaned,2abp-nh2-OPT,6,/home/manndo/master_dev/posebusters_results/converted_pdbqt/Orai1WT-START-Fr0_cleaned__2abp-nh2-OPT_vina_out_model6.sdf,-24.902999999999995,-7.174368421052631,19.55994736842106,4,3
AutoDock_Vina,Orai1WT-START-Fr0_cleaned,2abp-nh2-OPT,7,/home/manndo/master_dev/posebusters_results/converted_pdbqt/Orai1WT-START-Fr0_cleaned__2abp-nh2-OPT_vina_out_model7.sdf,-2.6051578947368426,-1.0673684210526317,-7.955526315789473,3,0
AutoDock_Vina,Orai1WT-START-Fr0_cleaned,2abp-nh2-OPT,8,/home/manndo/master_dev/posebusters_results/converted_pdbqt/Orai1WT-START-Fr0_cleaned__2abp-nh2-OPT_vina_out_model8.sdf,1.7331052631578945,2.0454736842105263,-7.6406842105263175,3,0
AutoDock_Vina,Orai1WT-START-Fr0_cleaned,2abp-nh2-OPT,9,/home/manndo/master_dev/posebusters_results/converted_pdbqt/Orai1WT-START-Fr0_cleaned__2abp-nh2-OPT_vina_out_model9.sdf,-2.1927894736842104,1.7001052631578948,-7.984263157894735,3,0
AutoDock_Vina,Orai1WT-START-Fr0_cleaned,Synta-66-OPT-Singlet,1,/home/manndo/master_dev/posebusters_results/converted_pdbqt/Orai1WT-START-Fr0_cleaned__Synta-66-OPT-Singlet_vina_out_model1.sdf,1.2335555555555555,-0.5746666666666668,-11.277444444444443,0,6
AutoDock_Vina,Orai1WT-START-Fr0_cleaned,Synta-66-OPT-Singlet,10,/home/manndo/master_dev/posebusters_results/converted_pdbqt/Orai1WT-START-Fr0_cleaned__Synta-66-OPT-Singlet_vina_out_model10.sdf,-23.98307407407407,-3.4180370370370374,-12.77988888888889,6,2
AutoDock_Vina,Orai1WT-START-Fr0_cleaned,Synta-66-OPT-Singlet,11,/home/manndo/master_dev/posebusters_results/converted_pdbqt/Orai1WT-START-Fr0_cleaned__Synta-66-OPT-Singlet_vina_out_model11.sdf,-12.710481481481482,2.8192222222222227,-28.39214814814814,6,5
AutoDock_Vina,Orai1WT-START-Fr0_cleaned,Synta-66-OPT-Singlet,12,/home/manndo/master_dev/posebusters_results/converted_pdbqt/Orai1WT-START-Fr0_cleaned__Synta-66-OPT-Singlet_vina_out_model12.sdf,11.44288888888889,-5.288185185185186,33.38377777777778,3,8
AutoDock_Vina,Orai1WT-START-Fr0_cleaned,Synta-66-OPT-Singlet,13,/home/manndo/master_dev/posebusters_results/converted_pdbqt/Orai1WT-START-Fr0_cleaned__Synta-66-OPT-Singlet_vina_out_model13.sdf,0.6682222222222222,1.140111111111111,-3.1285925925925935,0,6
AutoDock_Vina,Orai1WT-START-Fr0_cleaned,Synta-66-OPT-Singlet,14,/home/manndo/master_dev/posebusters_results/converted_pdbqt/Orai1WT-START-Fr0_cleaned__Synta-66-OPT-Singlet_vina_out_model14.sdf,5.0447037037037035,-4.433407407407407,29.637222222222228,3,8
AutoDock_Vina,Orai1WT-START-Fr0_cleaned,Synta-66-OPT-Singlet,15,/home/manndo/master_dev/posebusters_results/converted_pdbqt/Orai1WT-START-Fr0_cleaned__Synta-66-OPT-Singlet_vina_out_model15.sdf,24.90096296296296,-8.340666666666666,-1.0535925925925922,5,1
AutoDock_Vina,Orai1WT-START-Fr0_cleaned,Synta-66-OPT-Singlet,16,/home/manndo/master_dev/posebusters_results/converted_pdbqt/Orai1WT-START-Fr0_cleaned__Synta-66-OPT-Singlet_vina_out_model16.sdf,-13.930629629629628,3.4627037037037036,-28.68614814814815,6,5
AutoDock_Vina,Orai1WT-START-Fr0_cleaned,Synta-66-OPT-Singlet,17,/home/manndo/master_dev/posebusters_results/converted_pdbqt/Orai1WT-START-Fr0_cleaned__Synta-66-OPT-Singlet_vina_out_model17.sdf,3.871666666666667,26.310111111111116,11.470592592592592,2,3
AutoDock_Vina,Orai1WT-START-Fr0_cleaned,Synta-66-OPT-Singlet,18,/home/manndo/master_dev/posebusters_results/converted_pdbqt/Orai1WT-START-Fr0_cleaned__Synta-66-OPT-Singlet_vina_out_model18.sdf,8.842629629629627,23.22711111111111,18.459777777777777,2,3
AutoDock_Vina,Orai1WT-START-Fr0_cleaned,Synta-66-OPT-Singlet,19,/home/manndo/master_dev/posebusters_results/converted_pdbqt/Orai1WT-START-Fr0_cleaned__Synta-66-OPT-Singlet_vina_out_model19.sdf,8.624037037037036,9.482851851851851,-28.414,7,0
AutoDock_Vina,Orai1WT-START-Fr0_cleaned,Synta-66-OPT-Singlet,2,/home/manndo/master_dev/posebusters_results/converted_pdbqt/Orai1WT-START-Fr0_cleaned__Synta-66-OPT-Singlet_vina_out_model2.sdf,-1.3965185185185187,0.4394814814814816,-11.221185185185185,0,6
AutoDock_Vina,Orai1WT-START-Fr0_cleaned,Synta-66-OPT-Singlet,20,/home/manndo/master_dev/posebusters_results/converted_pdbqt/Orai1WT-START-Fr0_cleaned__Synta-66-OPT-Singlet_vina_out_model20.sdf,0.13981481481481484,-0.06600000000000004,20.38459259259259,4,9
AutoDock_Vina,Orai1WT-START-Fr0_cleaned,Synta-66-OPT-Singlet,21,/home/manndo/master_dev/posebusters_results/converted_pdbqt/Orai1WT-START-Fr0_cleaned__Synta-66-OPT-Singlet_vina_out_model21.sdf,9.004851851851852,22.51599999999999,-12.655185185185188,7,0
AutoDock_Vina,Orai1WT-START-Fr0_cleaned,Synta-66-OPT-Singlet,22,/home/manndo/master_dev/posebusters_results/converted_pdbqt/Orai1WT-START-Fr0_cleaned__Synta-66-OPT-Singlet_vina_out_model22.sdf,10.070074074074073,10.345814814814814,-28.75314814814815,7,0
AutoDock_Vina,Orai1WT-START-Fr0_cleaned,Synta-66-OPT-Singlet,23,/home/manndo/master_dev/posebusters_results/converted_pdbqt/Orai1WT-START-Fr0_cleaned__Synta-66-OPT-Singlet_vina_out_model23.sdf,26.4534074074074,-9.671037037037037,5.10111111111111,5,1
AutoDock_Vina,Orai1WT-START-Fr0_cleaned,Synta-66-OPT-Singlet,24,/home/manndo/master_dev/posebusters_results/converted_pdbqt/Orai1WT-START-Fr0_cleaned__Synta-66-OPT-Singlet_vina_out_model24.sdf,5.728148148148148,-15.32037037037037,-31.46496296296296,1,7
AutoDock_Vina,Orai1WT-START-Fr0_cleaned,Synta-66-OPT-Singlet,25,/home/manndo/master_dev/posebusters_results/converted_pdbqt/Orai1WT-START-Fr0_cleaned__Synta-66-OPT-Singlet_vina_out_model25.sdf,-21.486148148148146,-18.08514814814815,5.177407407407409,8,2
AutoDock_Vina,Orai1WT-START-Fr0_cleaned,Synta-66-OPT-Singlet,26,/home/manndo/master_dev/posebusters_results/converted_pdbqt/Orai1WT-START-Fr0_cleaned__Synta-66-OPT-Singlet_vina_out_model26.sdf,20.872555555555557,-16.27248148148148,11.733962962962963,5,1
AutoDock_Vina,Orai1WT-START-Fr0_cleaned,Synta-66-OPT-Singlet,27,/home/manndo/master_dev/posebusters_results/converted_pdbqt/Orai1WT-START-Fr0_cleaned__Synta-66-OPT-Singlet_vina_out_model27.sdf,10.636222222222225,-5.146888888888889,33.74292592592593,3,8
AutoDock_Vina,Orai1WT-START-Fr0_cleaned,Synta-66-OPT-Singlet,28,/home/manndo/master_dev/posebusters_results/converted_pdbqt/Orai1WT-START-Fr0_cleaned__Synta-66-OPT-Singlet_vina_out_model28.sdf,-4.748222222222222,27.925814814814817,5.358296296296298,2,4
AutoDock_Vina,Orai1WT-START-Fr0_cleaned,Synta-66-OPT-Singlet,29,/home/manndo/master_dev/posebusters_results/converted_pdbqt/Orai1WT-START-Fr0_cleaned__Synta-66-OPT-Singlet_vina_out_model29.sdf,-15.66462962962963,4.119407407407408,-30.297518518518523,6,5
AutoDock_Vina,Orai1WT-START-Fr0_cleaned,Synta-66-OPT-Singlet,3,/home/manndo/master_dev/posebusters_results/converted_pdbqt/Orai1WT-START-Fr0_cleaned__Synta-66-OPT-Singlet_vina_out_model3.sdf,1.2588148148148146,0.1994444444444445,-11.43396296296296,0,6
AutoDock_Vina,Orai1WT-START-Fr0_cleaned,Synta-66-OPT-Singlet,30,/home/manndo/master_dev/posebusters_results/converted_pdbqt/Orai1WT-START-Fr0_cleaned__Synta-66-OPT-Singlet_vina_out_model30.sdf,6.575814814814816,-17.991629629629628,-30.51255555555556,1,7
AutoDock_Vina,Orai1WT-START-Fr0_cleaned,Synta-66-OPT-Singlet,4,/home/manndo/master_dev/posebusters_results/converted_pdbqt/Orai1WT-START-Fr0_cleaned__Synta-66-OPT-Singlet_vina_out_model4.sdf,-0.30625925925925934,1.3396296296296295,-11.082925925925927,0,6
AutoDock_Vina,Orai1WT-START-Fr0_cleaned,Synta-66-OPT-Singlet,5,/home/manndo/master_dev/posebusters_results/converted_pdbqt/Orai1WT-START-Fr0_cleaned__Synta-66-OPT-Singlet_vina_out_model5.sdf,-1.7715925925925926,0.15692592592592594,-10.480555555555556,0,6
AutoDock_Vina,Orai1WT-START-Fr0_cleaned,Synta-66-OPT-Singlet,6,/home/manndo/master_dev/posebusters_results/converted_pdbqt/Orai1WT-START-Fr0_cleaned__Synta-66-OPT-Singlet_vina_out_model6.sdf,1.0975925925925927,-1.123592592592593,-10.032185185185186,0,6
AutoDock_Vina,Orai1WT-START-Fr0_cleaned,Synta-66-OPT-Singlet,7,/home/manndo/master_dev/posebusters_results/converted_pdbqt/Orai1WT-START-Fr0_cleaned__Synta-66-OPT-Singlet_vina_out_model7.sdf,-0.5234444444444445,0.5079259259259259,20.18562962962963,4,9
AutoDock_Vina,Orai1WT-START-Fr0_cleaned,Synta-66-OPT-Singlet,8,/home/manndo/master_dev/posebusters_results/converted_pdbqt/Orai1WT-START-Fr0_cleaned__Synta-66-OPT-Singlet_vina_out_model8.sdf,-0.7234814814814814,0.6251851851851853,-10.871296296296295,0,6
AutoDock_Vina,Orai1WT-START-Fr0_cleaned,Synta-66-OPT-Singlet,9,/home/manndo/master_dev/posebusters_results/converted_pdbqt/Orai1WT-START-Fr0_cleaned__Synta-66-OPT-Singlet_vina_out_model9.sdf,0.6365925925925926,1.3269629629629631,-9.908703703703704,0,6
AutoDock_Vina,Orai1WT-START-Fr0_cleaned,gsk7975a-deprot-OPT,1,/home/manndo/master_dev/posebusters_results/converted_pdbqt/Orai1WT-START-Fr0_cleaned__gsk7975a-deprot-OPT_vina_out_model1.sdf,-0.9140344827586206,-0.9388275862068965,-11.892896551724139,4,0
AutoDock_Vina,Orai1WT-START-Fr0_cleaned,gsk7975a-deprot-OPT,10,/home/manndo/master_dev/posebusters_results/converted_pdbqt/Orai1WT-START-Fr0_cleaned__gsk7975a-deprot-OPT_vina_out_model10.sdf,-25.931827586206893,-4.183103448275862,16.03865517241379,3,1
AutoDock_Vina,Orai1WT-START-Fr0_cleaned,gsk7975a-deprot-OPT,11,/home/manndo/master_dev/posebusters_results/converted_pdbqt/Orai1WT-START-Fr0_cleaned__gsk7975a-deprot-OPT_vina_out_model11.sdf,0.7776206896551721,-0.9140689655172414,-11.805344827586206,4,0
AutoDock_Vina,Orai1WT-START-Fr0_cleaned,gsk7975a-deprot-OPT,12,/home/manndo/master_dev/posebusters_results/converted_pdbqt/Orai1WT-START-Fr0_cleaned__gsk7975a-deprot-OPT_vina_out_model12.sdf,15.400827586206894,-19.607758620689655,15.124034482758622,2,3
AutoDock_Vina,Orai1WT-START-Fr0_cleaned,gsk7975a-deprot-OPT,13,/home/manndo/master_dev/posebusters_results/converted_pdbqt/Orai1WT-START-Fr0_cleaned__gsk7975a-deprot-OPT_vina_out_model13.sdf,9.483758620689654,24.796275862068963,15.789379310344831,1,4
AutoDock_Vina,Orai1WT-START-Fr0_cleaned,gsk7975a-deprot-OPT,14,/home/manndo/master_dev/posebusters_results/converted_pdbqt/Orai1WT-START-Fr0_cleaned__gsk7975a-deprot-OPT_vina_out_model14.sdf,-25.140034482758626,-4.2170000000000005,15.930724137931039,3,1
AutoDock_Vina,Orai1WT-START-Fr0_cleaned,gsk7975a-deprot-OPT,15,/home/manndo/master_dev/posebusters_results/converted_pdbqt/Orai1WT-START-Fr0_cleaned__gsk7975a-deprot-OPT_vina_out_model15.sdf,9.00248275862069,24.206000000000007,15.295172413793107,1,4
AutoDock_Vina,Orai1WT-START-Fr0_cleaned,gsk7975a-deprot-OPT,16,/home/manndo/master_dev/posebusters_results/converted_pdbqt/Orai1WT-START-Fr0_cleaned__gsk7975a-deprot-OPT_vina_out_model16.sdf,8.639655172413793,23.859724137931032,14.011965517241379,1,4
AutoDock_Vina,Orai1WT-START-Fr0_cleaned,gsk7975a-deprot-OPT,17,/home/manndo/master_dev/posebusters_results/converted_pdbqt/Orai1WT-START-Fr0_cleaned__gsk7975a-deprot-OPT_vina_out_model17.sdf,16.41210344827586,-19.36320689655172,14.011793103448275,2,3
AutoDock_Vina,Orai1WT-START-Fr0_cleaned,gsk7975a-deprot-OPT,18,/home/manndo/master_dev/posebusters_results/converted_pdbqt/Orai1WT-START-Fr0_cleaned__gsk7975a-deprot-OPT_vina_out_model18.sdf,17.42713793103448,-18.975310344827587,15.363,2,3
AutoDock_Vina,Orai1WT-START-Fr0_cleaned,gsk7975a-deprot-OPT,19,/home/manndo/master_dev/posebusters_results/converted_pdbqt/Orai1WT-START-Fr0_cleaned__gsk7975a-deprot-OPT_vina_out_model19.sdf,-1.4913793103448276,-0.1586896551724138,-11.374172413793103,4,0
AutoDock_Vina,Orai1WT-START-Fr0_cleaned,gsk7975a-deprot-OPT,2,/home/manndo/master_dev/posebusters_results/converted_pdbqt/Orai1WT-START-Fr0_cleaned__gsk7975a-deprot-OPT_vina_out_model2.sdf,9.48296551724138,23.443103448275867,14.824,1,4
AutoDock_Vina,Orai1WT-START-Fr0_cleaned,gsk7975a-deprot-OPT,20,/home/manndo/master_dev/posebusters_results/converted_pdbqt/Orai1WT-START-Fr0_cleaned__gsk7975a-deprot-OPT_vina_out_model20.sdf,-24.776655172413793,-4.986103448275862,16.029206896551727,3,1
AutoDock_Vina,Orai1WT-START-Fr0_cleaned,gsk7975a-deprot-OPT,21,/home/manndo/master_dev/posebusters_results/converted_pdbqt/Orai1WT-START-Fr0_cleaned__gsk7975a-deprot-OPT_vina_out_model21.sdf,-0.7833793103448274,-1.0140689655172412,-4.865551724137931,4,0
AutoDock_Vina,Orai1WT-START-Fr0_cleaned,gsk7975a-deprot-OPT,22,/home/manndo/master_dev/posebusters_results/converted_pdbqt/Orai1WT-START-Fr0_cleaned__gsk7975a-deprot-OPT_vina_out_model22.sdf,-23.954,-4.5681379310344825,14.61641379310345,3,1
AutoDock_Vina,Orai1WT-START-Fr0_cleaned,gsk7975a-deprot-OPT,23,/home/manndo/master_dev/posebusters_results/converted_pdbqt/Orai1WT-START-Fr0_cleaned__gsk7975a-deprot-OPT_vina_out_model23.sdf,0.7698965517241378,-0.2695172413793103,-5.180758620689655,4,0
AutoDock_Vina,Orai1WT-START-Fr0_cleaned,gsk7975a-deprot-OPT,24,/home/manndo/master_dev/posebusters_results/converted_pdbqt/Orai1WT-START-Fr0_cleaned__gsk7975a-deprot-OPT_vina_out_model24.sdf,8.473206896551726,24.06672413793104,15.149965517241386,1,4
AutoDock_Vina,Orai1WT-START-Fr0_cleaned,gsk7975a-deprot-OPT,25,/home/manndo/master_dev/posebusters_results/converted_pdbqt/Orai1WT-START-Fr0_cleaned__gsk7975a-deprot-OPT_vina_out_model25.sdf,16.48244827586207,-19.237482758620686,15.850413793103446,2,3
AutoDock_Vina,Orai1WT-START-Fr0_cleaned,gsk7975a-deprot-OPT,26,/home/manndo/master_dev/posebusters_results/converted_pdbqt/Orai1WT-START-Fr0_cleaned__gsk7975a-deprot-OPT_vina_out_model26.sdf,7.811275862068966,24.10824137931035,15.614137931034483,1,4
AutoDock_Vina,Orai1WT-START-Fr0_cleaned,gsk7975a-deprot-OPT,27,/home/manndo/master_dev/posebusters_results/converted_pdbqt/Orai1WT-START-Fr0_cleaned__gsk7975a-deprot-OPT_vina_out_model27.sdf,-24.73217241379311,-4.885655172413793,14.89344827586207,3,1
AutoDock_Vina,Orai1WT-START-Fr0_cleaned,gsk7975a-deprot-OPT,28,/home/manndo/master_dev/posebusters_results/converted_pdbqt/Orai1WT-START-Fr0_cleaned__gsk7975a-deprot-OPT_vina_out_model28.sdf,-24.46265517241379,-5.373482758620689,16.186034482758622,3,1
AutoDock_Vina,Orai1WT-START-Fr0_cleaned,gsk7975a-deprot-OPT,29,/home/manndo/master_dev/posebusters_results/converted_pdbqt/Orai1WT-START-Fr0_cleaned__gsk7975a-deprot-OPT_vina_out_model29.sdf,-25.495137931034478,-5.577413793103448,15.978344827586207,3,1
AutoDock_Vina,Orai1WT-START-Fr0_cleaned,gsk7975a-deprot-OPT,3,/home/manndo/master_dev/posebusters_results/converted_pdbqt/Orai1WT-START-Fr0_cleaned__gsk7975a-deprot-OPT_vina_out_model3.sdf,0.9552413793103449,0.7276896551724138,-12.070379310344826,4,0
AutoDock_Vina,Orai1WT-START-Fr0_cleaned,gsk7975a-deprot-OPT,30,/home/manndo/master_dev/posebusters_results/converted_pdbqt/Orai1WT-START-Fr0_cleaned__gsk7975a-deprot-OPT_vina_out_model30.sdf,8.100999999999999,23.459448275862073,15.291482758620688,1,4
AutoDock_Vina,Orai1WT-START-Fr0_cleaned,gsk7975a-deprot-OPT,4,/home/manndo/master_dev/posebusters_results/converted_pdbqt/Orai1WT-START-Fr0_cleaned__gsk7975a-deprot-OPT_vina_out_model4.sdf,-0.26724137931034486,1.103068965517241,-11.925379310344828,4,0
AutoDock_Vina,Orai1WT-START-Fr0_cleaned,gsk7975a-deprot-OPT,5,/home/manndo/master_dev/posebusters_results/converted_pdbqt/Orai1WT-START-Fr0_cleaned__gsk7975a-deprot-OPT_vina_out_model5.sdf,-1.2301724137931038,0.5481724137931034,-11.920172413793104,4,0
AutoDock_Vina,Orai1WT-START-Fr0_cleaned,gsk7975a-deprot-OPT,6,/home/manndo/master_dev/posebusters_results/converted_pdbqt/Orai1WT-START-Fr0_cleaned__gsk7975a-deprot-OPT_vina_out_model6.sdf,-25.055827586206895,-3.444310344827586,15.044482758620694,3,1
AutoDock_Vina,Orai1WT-START-Fr0_cleaned,gsk7975a-deprot-OPT,7,/home/manndo/master_dev/posebusters_results/converted_pdbqt/Orai1WT-START-Fr0_cleaned__gsk7975a-deprot-OPT_vina_out_model7.sdf,1.013551724137931,-0.5442413793103448,-11.858344827586206,4,0
AutoDock_Vina,Orai1WT-START-Fr0_cleaned,gsk7975a-deprot-OPT,8,/home/manndo/master_dev/posebusters_results/converted_pdbqt/Orai1WT-START-Fr0_cleaned__gsk7975a-deprot-OPT_vina_out_model8.sdf,0.1643448275862069,-1.2393448275862071,-11.920206896551726,4,0
AutoDock_Vina,Orai1WT-START-Fr0_cleaned,gsk7975a-deprot-OPT,9,/home/manndo/master_dev/posebusters_results/converted_pdbqt/Orai1WT-START-Fr0_cleaned__gsk7975a-deprot-OPT_vina_out_model9.sdf,-25.163206896551735,-3.5034482758620693,15.148482758620688,3,1
AutoDock_Vina,Orai1WT-START-Fr0_cleaned,gsk7975a-prot-OPT,1,/home/manndo/master_dev/posebusters_results/converted_pdbqt/Orai1WT-START-Fr0_cleaned__gsk7975a-prot-OPT_vina_out_model1.sdf,-25.020666666666664,-3.4703333333333335,14.947666666666667,5,2
AutoDock_Vina,Orai1WT-START-Fr0_cleaned,gsk7975a-prot-OPT,10,/home/manndo/master_dev/posebusters_results/converted_pdbqt/Orai1WT-START-Fr0_cleaned__gsk7975a-prot-OPT_vina_out_model10.sdf,8.2207,24.06456666666666,16.2886,2,4
AutoDock_Vina,Orai1WT-START-Fr0_cleaned,gsk7975a-prot-OPT,11,/home/manndo/master_dev/posebusters_results/converted_pdbqt/Orai1WT-START-Fr0_cleaned__gsk7975a-prot-OPT_vina_out_model11.sdf,15.605533333333332,-20.191366666666667,15.279899999999998,1,0
AutoDock_Vina,Orai1WT-START-Fr0_cleaned,gsk7975a-prot-OPT,12,/home/manndo/master_dev/posebusters_results/converted_pdbqt/Orai1WT-START-Fr0_cleaned__gsk7975a-prot-OPT_vina_out_model12.sdf,-25.244199999999996,-5.098200000000002,15.763233333333334,5,2
AutoDock_Vina,Orai1WT-START-Fr0_cleaned,gsk7975a-prot-OPT,13,/home/manndo/master_dev/posebusters_results/converted_pdbqt/Orai1WT-START-Fr0_cleaned__gsk7975a-prot-OPT_vina_out_model13.sdf,15.33483333333333,-19.573233333333334,15.118066666666666,1,0
AutoDock_Vina,Orai1WT-START-Fr0_cleaned,gsk7975a-prot-OPT,14,/home/manndo/master_dev/posebusters_results/converted_pdbqt/Orai1WT-START-Fr0_cleaned__gsk7975a-prot-OPT_vina_out_model14.sdf,17.568533333333335,-18.844400000000004,15.65623333333333,1,0
AutoDock_Vina,Orai1WT-START-Fr0_cleaned,gsk7975a-prot-OPT,15,/home/manndo/master_dev/posebusters_results/converted_pdbqt/Orai1WT-START-Fr0_cleaned__gsk7975a-prot-OPT_vina_out_model15.sdf,-24.377666666666663,-4.3781,14.425266666666667,5,2
AutoDock_Vina,Orai1WT-START-Fr0_cleaned,gsk7975a-prot-OPT,16,/home/manndo/master_dev/posebusters_results/converted_pdbqt/Orai1WT-START-Fr0_cleaned__gsk7975a-prot-OPT_vina_out_model16.sdf,-23.87586666666666,-4.050033333333333,15.433100000000001,5,2
AutoDock_Vina,Orai1WT-START-Fr0_cleaned,gsk7975a-prot-OPT,17,/home/manndo/master_dev/posebusters_results/converted_pdbqt/Orai1WT-START-Fr0_cleaned__gsk7975a-prot-OPT_vina_out_model17.sdf,-24.552566666666667,-4.152433333333333,17.181800000000003,5,2
AutoDock_Vina,Orai1WT-START-Fr0_cleaned,gsk7975a-prot-OPT,18,/home/manndo/master_dev/posebusters_results/converted_pdbqt/Orai1WT-START-Fr0_cleaned__gsk7975a-prot-OPT_vina_out_model18.sdf,-25.322833333333335,-4.469666666666667,15.424066666666668,5,2
AutoDock_Vina,Orai1WT-START-Fr0_cleaned,gsk7975a-prot-OPT,19,/home/manndo/master_dev/posebusters_results/converted_pdbqt/Orai1WT-START-Fr0_cleaned__gsk7975a-prot-OPT_vina_out_model19.sdf,17.368100000000002,-19.013666666666662,15.442733333333333,1,0
AutoDock_Vina,Orai1WT-START-Fr0_cleaned,gsk7975a-prot-OPT,2,/home/manndo/master_dev/posebusters_results/converted_pdbqt/Orai1WT-START-Fr0_cleaned__gsk7975a-prot-OPT_vina_out_model2.sdf,9.389666666666667,23.224466666666668,14.692833333333333,2,4
AutoDock_Vina,Orai1WT-START-Fr0_cleaned,gsk7975a-prot-OPT,20,/home/manndo/master_dev/posebusters_results/converted_pdbqt/Orai1WT-START-Fr0_cleaned__gsk7975a-prot-OPT_vina_out_model20.sdf,26.03676666666667,-13.279900000000001,8.189466666666666,1,0
AutoDock_Vina,Orai1WT-START-Fr0_cleaned,gsk7975a-prot-OPT,21,/home/manndo/master_dev/posebusters_results/converted_pdbqt/Orai1WT-START-Fr0_cleaned__gsk7975a-prot-OPT_vina_out_model21.sdf,-24.434000000000005,-15.873899999999999,8.388966666666665,0,5
AutoDock_Vina,Orai1WT-START-Fr0_cleaned,gsk7975a-prot-OPT,22,/home/manndo/master_dev/posebusters_results/converted_pdbqt/Orai1WT-START-Fr0_cleaned__gsk7975a-prot-OPT_vina_out_model22.sdf,-14.819333333333336,2.315466666666666,-28.1466,4,3
AutoDock_Vina,Orai1WT-START-Fr0_cleaned,gsk7975a-prot-OPT,23,/home/manndo/master_dev/posebusters_results/converted_pdbqt/Orai1WT-START-Fr0_cleaned__gsk7975a-prot-OPT_vina_out_model23.sdf,8.250399999999997,23.939566666666664,16.2269,2,4
AutoDock_Vina,Orai1WT-START-Fr0_cleaned,gsk7975a-prot-OPT,24,/home/manndo/master_dev/posebusters_results/converted_pdbqt/Orai1WT-START-Fr0_cleaned__gsk7975a-prot-OPT_vina_out_model24.sdf,-1.0007333333333333,28.981866666666672,8.665233333333333,3,1
AutoDock_Vina,Orai1WT-START-Fr0_cleaned,gsk7975a-prot-OPT,25,/home/manndo/master_dev/posebusters_results/converted_pdbqt/Orai1WT-START-Fr0_cleaned__gsk7975a-prot-OPT_vina_out_model25.sdf,17.2745,-18.06603333333333,14.815833333333336,1,0
AutoDock_Vina,Orai1WT-START-Fr0_cleaned,gsk7975a-prot-OPT,26,/home/manndo/master_dev/posebusters_results/converted_pdbqt/Orai1WT-START-Fr0_cleaned__gsk7975a-prot-OPT_vina_out_model26.sdf,-5.410833333333333,26.047399999999996,0.3977000000000004,3,1
AutoDock_Vina,Orai1WT-START-Fr0_cleaned,gsk7975a-prot-OPT,27,/home/manndo/master_dev/posebusters_results/converted_pdbqt/Orai1WT-START-Fr0_cleaned__gsk7975a-prot-OPT_vina_out_model27.sdf,-23.764666666666677,-16.049066666666665,8.206233333333333,0,5
AutoDock_Vina,Orai1WT-START-Fr0_cleaned,gsk7975a-prot-OPT,28,/home/manndo/master_dev/posebusters_results/converted_pdbqt/Orai1WT-START-Fr0_cleaned__gsk7975a-prot-OPT_vina_out_model28.sdf,-15.382266666666668,1.6436333333333337,-28.53869999999999,4,3
AutoDock_Vina,Orai1WT-START-Fr0_cleaned,gsk7975a-prot-OPT,29,/home/manndo/master_dev/posebusters_results/converted_pdbqt/Orai1WT-START-Fr0_cleaned__gsk7975a-prot-OPT_vina_out_model29.sdf,-1.8634333333333333,28.69533333333333,8.034833333333331,3,1
AutoDock_Vina,Orai1WT-START-Fr0_cleaned,gsk7975a-prot-OPT,3,/home/manndo/master_dev/posebusters_results/converted_pdbqt/Orai1WT-START-Fr0_cleaned__gsk7975a-prot-OPT_vina_out_model3.sdf,15.4506,-19.587400000000002,14.809066666666665,1,0
AutoDock_Vina,Orai1WT-START-Fr0_cleaned,gsk7975a-prot-OPT,30,/home/manndo/master_dev/posebusters_results/converted_pdbqt/Orai1WT-START-Fr0_cleaned__gsk7975a-prot-OPT_vina_out_model30.sdf,-23.89826666666666,-13.9128,8.509433333333334,0,5
AutoDock_Vina,Orai1WT-START-Fr0_cleaned,gsk7975a-prot-OPT,4,/home/manndo/master_dev/posebusters_results/converted_pdbqt/Orai1WT-START-Fr0_cleaned__gsk7975a-prot-OPT_vina_out_model4.sdf,9.126566666666665,23.233433333333334,14.634866666666664,2,4
AutoDock_Vina,Orai1WT-START-Fr0_cleaned,gsk7975a-prot-OPT,5,/home/manndo/master_dev/posebusters_results/converted_pdbqt/Orai1WT-START-Fr0_cleaned__gsk7975a-prot-OPT_vina_out_model5.sdf,16.172933333333336,-19.25883333333333,13.9904,1,0
AutoDock_Vina,Orai1WT-START-Fr0_cleaned,gsk7975a-prot-OPT,6,/home/manndo/master_dev/posebusters_results/converted_pdbqt/Orai1WT-START-Fr0_cleaned__gsk7975a-prot-OPT_vina_out_model6.sdf,-24.57773333333333,-3.700833333333333,14.801166666666665,5,2
AutoDock_Vina,Orai1WT-START-Fr0_cleaned,gsk7975a-prot-OPT,7,/home/manndo/master_dev/posebusters_results/converted_pdbqt/Orai1WT-START-Fr0_cleaned__gsk7975a-prot-OPT_vina_out_model7.sdf,-24.947466666666667,-4.1373,14.286000000000001,5,2
AutoDock_Vina,Orai1WT-START-Fr0_cleaned,gsk7975a-prot-OPT,8,/home/manndo/master_dev/posebusters_results/converted_pdbqt/Orai1WT-START-Fr0_cleaned__gsk7975a-prot-OPT_vina_out_model8.sdf,-25.22136666666666,-4.3108666666666675,16.902200000000004,5,2
AutoDock_Vina,Orai1WT-START-Fr0_cleaned,gsk7975a-prot-OPT,9,/home/manndo/master_dev/posebusters_results/converted_pdbqt/Orai1WT-START-Fr0_cleaned__gsk7975a-prot-OPT_vina_out_model9.sdf,-24.782400000000006,-4.752633333333334,16.450666666666663,5,2
DiffDock,Orai1WT-MDSnap-Fr300,2abp-nh2-OPT,1,/home/manndo/master_dev/diffdock_results/2abp-nh2-OPT__Orai1WT-MDSnap-Fr300/complex_0/rank1.sdf,25.13704117647059,8.957364705882354,11.571676470588233,0,0
DiffDock,Orai1WT-MDSnap-Fr300,2abp-nh2-OPT,10,/home/manndo/master_dev/diffdock_results/2abp-nh2-OPT__Orai1WT-MDSnap-Fr300/complex_0/rank10_confidence-2.32.sdf,15.391270588235296,39.68396470588235,30.988623529411765,0,0
DiffDock,Orai1WT-MDSnap-Fr300,2abp-nh2-OPT,10,/home/manndo/master_dev/diffdock_results/2abp-nh2-OPT__Orai1WT-MDSnap-Fr300/complex_0/rank10_confidence-3.00.sdf,23.23517647058824,-28.346911764705887,11.124052941176473,0,0
DiffDock,Orai1WT-MDSnap-Fr300,2abp-nh2-OPT,10,/home/manndo/master_dev/diffdock_results/2abp-nh2-OPT__Orai1WT-MDSnap-Fr300/complex_0/rank10_confidence-5.73.sdf,-65.01883529411764,-134.52177647058826,-97.26166470588234,0,0
DiffDock,Orai1WT-MDSnap-Fr300,2abp-nh2-OPT,10,/home/manndo/master_dev/diffdock_results/2abp-nh2-OPT__Orai1WT-MDSnap-Fr300/complex_0/rank10_confidence-6.06.sdf,-5043.680011764706,-1462.053517647059,-1869.3209411764706,0,0
DiffDock,Orai1WT-MDSnap-Fr300,2abp-nh2-OPT,10,/home/manndo/master_dev/diffdock_results/2abp-nh2-OPT__Orai1WT-MDSnap-Fr300/complex_0/rank10_confidence-6.28.sdf,181.20765882352939,317.4759647058824,-319.5879529411764,0,0
DiffDock,Orai1WT-MDSnap-Fr300,2abp-nh2-OPT,11,/home/manndo/master_dev/diffdock_results/2abp-nh2-OPT__Orai1WT-MDSnap-Fr300/complex_0/rank11_confidence-2.43.sdf,1.7463294117647057,0.09841764705882357,-23.893047058823527,0,0
DiffDock,Orai1WT-MDSnap-Fr300,2abp-nh2-OPT,12,/home/manndo/master_dev/diffdock_results/2abp-nh2-OPT__Orai1WT-MDSnap-Fr300/complex_0/rank12_confidence-2.45.sdf,-0.17991764705882354,2.249547058823529,-29.72317647058824,0,0
DiffDock,Orai1WT-MDSnap-Fr300,2abp-nh2-OPT,13,/home/manndo/master_dev/diffdock_results/2abp-nh2-OPT__Orai1WT-MDSnap-Fr300/complex_0/rank13_confidence-2.52.sdf,34.784352941176465,-23.45415882352941,4.8139352941176465,0,0
DiffDock,Orai1WT-MDSnap-Fr300,2abp-nh2-OPT,14,/home/manndo/master_dev/diffdock_results/2abp-nh2-OPT__Orai1WT-MDSnap-Fr300/complex_0/rank14_confidence-2.83.sdf,19.784011764705877,25.071041176470583,-9.2035,0,0
DiffDock,Orai1WT-MDSnap-Fr300,2abp-nh2-OPT,15,/home/manndo/master_dev/diffdock_results/2abp-nh2-OPT__Orai1WT-MDSnap-Fr300/complex_0/rank15_confidence-2.83.sdf,16.040123529411762,25.75955882352941,24.139570588235294,0,0
DiffDock,Orai1WT-MDSnap-Fr300,2abp-nh2-OPT,16,/home/manndo/master_dev/diffdock_results/2abp-nh2-OPT__Orai1WT-MDSnap-Fr300/complex_0/rank16_confidence-3.04.sdf,-21.813858823529415,-13.367035294117645,7.016664705882353,0,0
DiffDock,Orai1WT-MDSnap-Fr300,2abp-nh2-OPT,17,/home/manndo/master_dev/diffdock_results/2abp-nh2-OPT__Orai1WT-MDSnap-Fr300/complex_0/rank17_confidence-3.40.sdf,-24.145164705882355,-21.121499999999997,2.8388529411764707,0,0
DiffDock,Orai1WT-MDSnap-Fr300,2abp-nh2-OPT,18,/home/manndo/master_dev/diffdock_results/2abp-nh2-OPT__Orai1WT-MDSnap-Fr300/complex_0/rank18_confidence-3.80.sdf,-17.96264705882353,-18.584847058823527,-12.264882352941173,0,0
DiffDock,Orai1WT-MDSnap-Fr300,2abp-nh2-OPT,19,/home/manndo/master_dev/diffdock_results/2abp-nh2-OPT__Orai1WT-MDSnap-Fr300/complex_0/rank19_confidence-3.89.sdf,13.162005882352942,-4.4177470588235295,-33.34559411764707,0,0
DiffDock,Orai1WT-MDSnap-Fr300,2abp-nh2-OPT,1,/home/manndo/master_dev/diffdock_results/2abp-nh2-OPT__Orai1WT-MDSnap-Fr300/complex_0/rank1_confidence-0.51.sdf,-17.872652941176476,24.05728235294118,6.9095941176470586,0,0
DiffDock,Orai1WT-MDSnap-Fr300,2abp-nh2-OPT,1,/home/manndo/master_dev/diffdock_results/2abp-nh2-OPT__Orai1WT-MDSnap-Fr300/complex_0/rank1_confidence-0.60.sdf,25.13704117647059,8.957364705882354,11.571676470588233,0,0
DiffDock,Orai1WT-MDSnap-Fr300,2abp-nh2-OPT,1,/home/manndo/master_dev/diffdock_results/2abp-nh2-OPT__Orai1WT-MDSnap-Fr300/complex_0/rank1_confidence-0.97.sdf,30.511699999999998,-1.3399235294117648,-15.001535294117646,0,0
DiffDock,Orai1WT-MDSnap-Fr300,2abp-nh2-OPT,1,/home/manndo/master_dev/diffdock_results/2abp-nh2-OPT__Orai1WT-MDSnap-Fr300/complex_0/rank1_confidence-1.30.sdf,-42.58942352941176,-1.8993823529411762,25.337570588235295,0,0
DiffDock,Orai1WT-MDSnap-Fr300,2abp-nh2-OPT,1,/home/manndo/master_dev/diffdock_results/2abp-nh2-OPT__Orai1WT-MDSnap-Fr300/complex_0/rank1_confidence-1.53.sdf,32.011647058823534,15.205941176470587,-19.47183529411765,0,0
DiffDock,Orai1WT-MDSnap-Fr300,2abp-nh2-OPT,20,/home/manndo/master_dev/diffdock_results/2abp-nh2-OPT__Orai1WT-MDSnap-Fr300/complex_0/rank20_confidence-4.23.sdf,-22.0141,9.541476470588234,28.26553529411764,0,0
DiffDock,Orai1WT-MDSnap-Fr300,2abp-nh2-OPT,21,/home/manndo/master_dev/diffdock_results/2abp-nh2-OPT__Orai1WT-MDSnap-Fr300/complex_0/rank21_confidence-4.35.sdf,12.88270588235294,19.46620588235294,19.757747058823526,0,0
DiffDock,Orai1WT-MDSnap-Fr300,2abp-nh2-OPT,22,/home/manndo/master_dev/diffdock_results/2abp-nh2-OPT__Orai1WT-MDSnap-Fr300/complex_0/rank22_confidence-4.55.sdf,-4.914941176470588,3.581847058823529,17.153776470588237,0,0
DiffDock,Orai1WT-MDSnap-Fr300,2abp-nh2-OPT,23,/home/manndo/master_dev/diffdock_results/2abp-nh2-OPT__Orai1WT-MDSnap-Fr300/complex_0/rank23_confidence-4.58.sdf,8.357758823529412,-4.817882352941176,-28.11454117647059,0,0
DiffDock,Orai1WT-MDSnap-Fr300,2abp-nh2-OPT,24,/home/manndo/master_dev/diffdock_results/2abp-nh2-OPT__Orai1WT-MDSnap-Fr300/complex_0/rank24_confidence-5.08.sdf,14.94954705882353,-3.847188235294118,28.72726470588235,0,0
DiffDock,Orai1WT-MDSnap-Fr300,2abp-nh2-OPT,25,/home/manndo/master_dev/diffdock_results/2abp-nh2-OPT__Orai1WT-MDSnap-Fr300/complex_0/rank25_confidence-5.70.sdf,347.7240235294117,56.61985882352941,-181.99554705882358,0,0
DiffDock,Orai1WT-MDSnap-Fr300,2abp-nh2-OPT,26,/home/manndo/master_dev/diffdock_results/2abp-nh2-OPT__Orai1WT-MDSnap-Fr300/complex_0/rank26_confidence-5.75.sdf,1371.5594,2142.88,-695.9936647058823,0,0
DiffDock,Orai1WT-MDSnap-Fr300,2abp-nh2-OPT,27,/home/manndo/master_dev/diffdock_results/2abp-nh2-OPT__Orai1WT-MDSnap-Fr300/complex_0/rank27_confidence-5.81.sdf,42.40255882352942,82.68791176470589,-17.39190588235294,0,0
DiffDock,Orai1WT-MDSnap-Fr300,2abp-nh2-OPT,28,/home/manndo/master_dev/diffdock_results/2abp-nh2-OPT__Orai1WT-MDSnap-Fr300/complex_0/rank28_confidence-5.82.sdf,-266496.82169117645,-142354.30514705883,-252251.046875,1,1
DiffDock,Orai1WT-MDSnap-Fr300,2abp-nh2-OPT,29,/home/manndo/master_dev/diffdock_results/2abp-nh2-OPT__Orai1WT-MDSnap-Fr300/complex_0/rank29_confidence-5.86.sdf,-62.204164705882356,404.5625764705882,1467.9443,0,0
DiffDock,Orai1WT-MDSnap-Fr300,2abp-nh2-OPT,2,/home/manndo/master_dev/diffdock_results/2abp-nh2-OPT__Orai1WT-MDSnap-Fr300/complex_0/rank2_confidence-0.68.sdf,-3.514776470588235,-8.083182352941176,7.925723529411763,0,0
DiffDock,Orai1WT-MDSnap-Fr300,2abp-nh2-OPT,2,/home/manndo/master_dev/diffdock_results/2abp-nh2-OPT__Orai1WT-MDSnap-Fr300/complex_0/rank2_confidence-0.69.sdf,-11.292135294117646,-12.645441176470587,-35.49121176470588,0,0
DiffDock,Orai1WT-MDSnap-Fr300,2abp-nh2-OPT,2,/home/manndo/master_dev/diffdock_results/2abp-nh2-OPT__Orai1WT-MDSnap-Fr300/complex_0/rank2_confidence-1.06.sdf,-16.996852941176467,24.760782352941177,10.896952941176469,0,0
DiffDock,Orai1WT-MDSnap-Fr300,2abp-nh2-OPT,2,/home/manndo/master_dev/diffdock_results/2abp-nh2-OPT__Orai1WT-MDSnap-Fr300/complex_0/rank2_confidence-1.31.sdf,-28.32265294117647,-0.8305588235294116,-26.57243529411764,0,0
DiffDock,Orai1WT-MDSnap-Fr300,2abp-nh2-OPT,2,/home/manndo/master_dev/diffdock_results/2abp-nh2-OPT__Orai1WT-MDSnap-Fr300/complex_0/rank2_confidence-2.01.sdf,10.043341176470587,-21.142088235294118,31.560747058823534,0,0
DiffDock,Orai1WT-MDSnap-Fr300,2abp-nh2-OPT,30,/home/manndo/master_dev/diffdock_results/2abp-nh2-OPT__Orai1WT-MDSnap-Fr300/complex_0/rank30_confidence-6.10.sdf,-36.95601764705882,-788.5566823529413,-756.2573235294119,0,0
DiffDock,Orai1WT-MDSnap-Fr300,2abp-nh2-OPT,3,/home/manndo/master_dev/diffdock_results/2abp-nh2-OPT__Orai1WT-MDSnap-Fr300/complex_0/rank3_confidence-0.94.sdf,-5.419764705882353,19.672164705882356,-19.29475882352941,0,0
DiffDock,Orai1WT-MDSnap-Fr300,2abp-nh2-OPT,3,/home/manndo/master_dev/diffdock_results/2abp-nh2-OPT__Orai1WT-MDSnap-Fr300/complex_0/rank3_confidence-1.09.sdf,12.951605882352942,16.392870588235297,-39.130076470588236,0,0
DiffDock,Orai1WT-MDSnap-Fr300,2abp-nh2-OPT,3,/home/manndo/master_dev/diffdock_results/2abp-nh2-OPT__Orai1WT-MDSnap-Fr300/complex_0/rank3_confidence-1.34.sdf,24.87789411764706,17.394317647058823,12.19664117647059,0,0
DiffDock,Orai1WT-MDSnap-Fr300,2abp-nh2-OPT,3,/home/manndo/master_dev/diffdock_results/2abp-nh2-OPT__Orai1WT-MDSnap-Fr300/complex_0/rank3_confidence-1.83.sdf,29.193570588235296,-1.231647058823529,-15.146905882352943,0,0
DiffDock,Orai1WT-MDSnap-Fr300,2abp-nh2-OPT,3,/home/manndo/master_dev/diffdock_results/2abp-nh2-OPT__Orai1WT-MDSnap-Fr300/complex_0/rank3_confidence-2.41.sdf,11.160841176470589,25.8542,-28.41857647058824,0,0
DiffDock,Orai1WT-MDSnap-Fr300,2abp-nh2-OPT,4,/home/manndo/master_dev/diffdock_results/2abp-nh2-OPT__Orai1WT-MDSnap-Fr300/complex_0/rank4_confidence-1.15.sdf,4.307417647058823,-22.326747058823532,-28.79916470588235,0,0
DiffDock,Orai1WT-MDSnap-Fr300,2abp-nh2-OPT,4,/home/manndo/master_dev/diffdock_results/2abp-nh2-OPT__Orai1WT-MDSnap-Fr300/complex_0/rank4_confidence-1.37.sdf,27.754247058823523,-18.137011764705882,6.339464705882354,0,0
DiffDock,Orai1WT-MDSnap-Fr300,2abp-nh2-OPT,4,/home/manndo/master_dev/diffdock_results/2abp-nh2-OPT__Orai1WT-MDSnap-Fr300/complex_0/rank4_confidence-1.91.sdf,8.499070588235293,-3.4573470588235296,-27.52547647058824,0,0
DiffDock,Orai1WT-MDSnap-Fr300,2abp-nh2-OPT,4,/home/manndo/master_dev/diffdock_results/2abp-nh2-OPT__Orai1WT-MDSnap-Fr300/complex_0/rank4_confidence-2.51.sdf,-27.712447058823525,-11.7742,-15.662247058823528,0,0
DiffDock,Orai1WT-MDSnap-Fr300,2abp-nh2-OPT,4,/home/manndo/master_dev/diffdock_results/2abp-nh2-OPT__Orai1WT-MDSnap-Fr300/complex_0/rank4_confidence-2.55.sdf,-8.47969411764706,-5.412641176470589,-24.134841176470587,0,0
DiffDock,Orai1WT-MDSnap-Fr300,2abp-nh2-OPT,5,/home/manndo/master_dev/diffdock_results/2abp-nh2-OPT__Orai1WT-MDSnap-Fr300/complex_0/rank5_confidence-1.31.sdf,-28.815482352941178,12.976382352941178,-22.44199411764706,0,0
DiffDock,Orai1WT-MDSnap-Fr300,2abp-nh2-OPT,5,/home/manndo/master_dev/diffdock_results/2abp-nh2-OPT__Orai1WT-MDSnap-Fr300/complex_0/rank5_confidence-2.05.sdf,17.669776470588236,26.211523529411767,-13.880270588235293,0,0
DiffDock,Orai1WT-MDSnap-Fr300,2abp-nh2-OPT,5,/home/manndo/master_dev/diffdock_results/2abp-nh2-OPT__Orai1WT-MDSnap-Fr300/complex_0/rank5_confidence-2.21.sdf,1.8461117647058822,8.146023529411764,-23.101370588235298,0,0
DiffDock,Orai1WT-MDSnap-Fr300,2abp-nh2-OPT,5,/home/manndo/master_dev/diffdock_results/2abp-nh2-OPT__Orai1WT-MDSnap-Fr300/complex_0/rank5_confidence-3.21.sdf,14.00914705882353,17.31300588235294,17.503341176470585,0,0
DiffDock,Orai1WT-MDSnap-Fr300,2abp-nh2-OPT,5,/home/manndo/master_dev/diffdock_results/2abp-nh2-OPT__Orai1WT-MDSnap-Fr300/complex_0/rank5_confidence-3.63.sdf,19.429982352941174,25.71209411764706,-12.487894117647059,0,0
DiffDock,Orai1WT-MDSnap-Fr300,2abp-nh2-OPT,6,/home/manndo/master_dev/diffdock_results/2abp-nh2-OPT__Orai1WT-MDSnap-Fr300/complex_0/rank6_confidence-1.50.sdf,-15.985982352941178,18.068088235294113,27.08876470588235,0,0
DiffDock,Orai1WT-MDSnap-Fr300,2abp-nh2-OPT,6,/home/manndo/master_dev/diffdock_results/2abp-nh2-OPT__Orai1WT-MDSnap-Fr300/complex_0/rank6_confidence-2.21.sdf,25.74704117647059,-15.654317647058823,-17.993611764705882,0,0
DiffDock,Orai1WT-MDSnap-Fr300,2abp-nh2-OPT,6,/home/manndo/master_dev/diffdock_results/2abp-nh2-OPT__Orai1WT-MDSnap-Fr300/complex_0/rank6_confidence-3.23.sdf,7.700188235294116,17.870029411764705,-44.39062352941177,0,0
DiffDock,Orai1WT-MDSnap-Fr300,2abp-nh2-OPT,6,/home/manndo/master_dev/diffdock_results/2abp-nh2-OPT__Orai1WT-MDSnap-Fr300/complex_0/rank6_confidence-3.29.sdf,22.85157647058824,25.02671176470588,-10.717588235294118,0,0
DiffDock,Orai1WT-MDSnap-Fr300,2abp-nh2-OPT,6,/home/manndo/master_dev/diffdock_results/2abp-nh2-OPT__Orai1WT-MDSnap-Fr300/complex_0/rank6_confidence-4.13.sdf,-2.053770588235294,40.30002352941177,3.701235294117647,0,0
DiffDock,Orai1WT-MDSnap-Fr300,2abp-nh2-OPT,7,/home/manndo/master_dev/diffdock_results/2abp-nh2-OPT__Orai1WT-MDSnap-Fr300/complex_0/rank7_confidence-1.51.sdf,34.30484117647058,-3.1316705882352935,22.93057058823529,0,0
DiffDock,Orai1WT-MDSnap-Fr300,2abp-nh2-OPT,7,/home/manndo/master_dev/diffdock_results/2abp-nh2-OPT__Orai1WT-MDSnap-Fr300/complex_0/rank7_confidence-2.38.sdf,-4.17644705882353,29.774488235294115,-25.953070588235295,0,0
DiffDock,Orai1WT-MDSnap-Fr300,2abp-nh2-OPT,7,/home/manndo/master_dev/diffdock_results/2abp-nh2-OPT__Orai1WT-MDSnap-Fr300/complex_0/rank7_confidence-4.02.sdf,19.089570588235294,-19.428764705882347,13.93321176470588,0,0
DiffDock,Orai1WT-MDSnap-Fr300,2abp-nh2-OPT,7,/home/manndo/master_dev/diffdock_results/2abp-nh2-OPT__Orai1WT-MDSnap-Fr300/complex_0/rank7_confidence-4.76.sdf,-0.2975058823529411,7.276105882352942,17.402788235294118,0,0
DiffDock,Orai1WT-MDSnap-Fr300,2abp-nh2-OPT,7,/home/manndo/master_dev/diffdock_results/2abp-nh2-OPT__Orai1WT-MDSnap-Fr300/complex_0/rank7_confidence-5.20.sdf,20.314564705882358,25.9623,-10.996958823529411,0,0
DiffDock,Orai1WT-MDSnap-Fr300,2abp-nh2-OPT,8,/home/manndo/master_dev/diffdock_results/2abp-nh2-OPT__Orai1WT-MDSnap-Fr300/complex_0/rank8_confidence-1.86.sdf,22.240094117647057,-14.834399999999999,10.038370588235296,0,0
DiffDock,Orai1WT-MDSnap-Fr300,2abp-nh2-OPT,8,/home/manndo/master_dev/diffdock_results/2abp-nh2-OPT__Orai1WT-MDSnap-Fr300/complex_0/rank8_confidence-2.60.sdf,-4.541711764705883,26.19005882352941,25.810811764705885,0,0
DiffDock,Orai1WT-MDSnap-Fr300,2abp-nh2-OPT,8,/home/manndo/master_dev/diffdock_results/2abp-nh2-OPT__Orai1WT-MDSnap-Fr300/complex_0/rank8_confidence-4.08.sdf,15.830594117647058,42.15711764705882,25.55717647058824,0,0
DiffDock,Orai1WT-MDSnap-Fr300,2abp-nh2-OPT,8,/home/manndo/master_dev/diffdock_results/2abp-nh2-OPT__Orai1WT-MDSnap-Fr300/complex_0/rank8_confidence-5.30.sdf,-5.019435294117648,7.243364705882352,24.91141176470588,0,0
DiffDock,Orai1WT-MDSnap-Fr300,2abp-nh2-OPT,8,/home/manndo/master_dev/diffdock_results/2abp-nh2-OPT__Orai1WT-MDSnap-Fr300/complex_0/rank8_confidence-5.32.sdf,-6.308888235294117,1.9045411764705884,21.788235294117644,0,0
DiffDock,Orai1WT-MDSnap-Fr300,2abp-nh2-OPT,9,/home/manndo/master_dev/diffdock_results/2abp-nh2-OPT__Orai1WT-MDSnap-Fr300/complex_0/rank9_confidence-2.12.sdf,19.505982352941178,15.54128235294118,18.88258235294117,0,0
DiffDock,Orai1WT-MDSnap-Fr300,2abp-nh2-OPT,9,/home/manndo/master_dev/diffdock_results/2abp-nh2-OPT__Orai1WT-MDSnap-Fr300/complex_0/rank9_confidence-2.94.sdf,13.35063529411765,26.701764705882347,23.07642352941176,0,0
DiffDock,Orai1WT-MDSnap-Fr300,2abp-nh2-OPT,9,/home/manndo/master_dev/diffdock_results/2abp-nh2-OPT__Orai1WT-MDSnap-Fr300/complex_0/rank9_confidence-4.45.sdf,7.074888235294119,30.030158823529412,-13.204752941176471,0,0
DiffDock,Orai1WT-MDSnap-Fr300,2abp-nh2-OPT,9,/home/manndo/master_dev/diffdock_results/2abp-nh2-OPT__Orai1WT-MDSnap-Fr300/complex_0/rank9_confidence-5.40.sdf,2.0106823529411764,8.421611764705881,29.781364705882357,0,0
DiffDock,Orai1WT-MDSnap-Fr300,2abp-nh2-OPT,9,/home/manndo/master_dev/diffdock_results/2abp-nh2-OPT__Orai1WT-MDSnap-Fr300/complex_0/rank9_confidence-5.91.sdf,-64.52755294117648,-18.377735294117645,-156.83868823529411,0,0
DiffDock,Orai1WT-MDSnap-Fr400,2abp-nh2-OPT,1,/home/manndo/master_dev/diffdock_results/2abp-nh2-OPT__Orai1WT-MDSnap-Fr400/complex_0/rank1.sdf,1.4644117647058823,6.269829411764707,26.125341176470588,0,0
DiffDock,Orai1WT-MDSnap-Fr400,2abp-nh2-OPT,10,/home/manndo/master_dev/diffdock_results/2abp-nh2-OPT__Orai1WT-MDSnap-Fr400/complex_0/rank10_confidence-2.24.sdf,3.1214529411764707,31.230276470588237,16.530211764705886,0,0
DiffDock,Orai1WT-MDSnap-Fr400,2abp-nh2-OPT,10,/home/manndo/master_dev/diffdock_results/2abp-nh2-OPT__Orai1WT-MDSnap-Fr400/complex_0/rank10_confidence-6.07.sdf,528.6418705882353,-1194.700205882353,220.17822352941178,0,0
DiffDock,Orai1WT-MDSnap-Fr400,2abp-nh2-OPT,11,/home/manndo/master_dev/diffdock_results/2abp-nh2-OPT__Orai1WT-MDSnap-Fr400/complex_0/rank11_confidence-2.52.sdf,-8.843382352941175,0.8297411764705882,-29.523170588235292,0,0
DiffDock,Orai1WT-MDSnap-Fr400,2abp-nh2-OPT,12,/home/manndo/master_dev/diffdock_results/2abp-nh2-OPT__Orai1WT-MDSnap-Fr400/complex_0/rank12_confidence-2.70.sdf,-18.666852941176472,-7.447911764705882,-27.85159411764706,0,0
DiffDock,Orai1WT-MDSnap-Fr400,2abp-nh2-OPT,13,/home/manndo/master_dev/diffdock_results/2abp-nh2-OPT__Orai1WT-MDSnap-Fr400/complex_0/rank13_confidence-2.80.sdf,42.60214705882353,-17.11066470588235,1.5835529411764708,0,0
DiffDock,Orai1WT-MDSnap-Fr400,2abp-nh2-OPT,14,/home/manndo/master_dev/diffdock_results/2abp-nh2-OPT__Orai1WT-MDSnap-Fr400/complex_0/rank14_confidence-2.92.sdf,13.600188235294118,17.5222294117647,-37.22628823529412,0,0
DiffDock,Orai1WT-MDSnap-Fr400,2abp-nh2-OPT,15,/home/manndo/master_dev/diffdock_results/2abp-nh2-OPT__Orai1WT-MDSnap-Fr400/complex_0/rank15_confidence-3.12.sdf,1.3281470588235293,5.797935294117645,-24.44848235294117,0,0
DiffDock,Orai1WT-MDSnap-Fr400,2abp-nh2-OPT,16,/home/manndo/master_dev/diffdock_results/2abp-nh2-OPT__Orai1WT-MDSnap-Fr400/complex_0/rank16_confidence-3.23.sdf,1.4270764705882353,-26.048935294117648,-34.55151764705882,0,0
DiffDock,Orai1WT-MDSnap-Fr400,2abp-nh2-OPT,17,/home/manndo/master_dev/diffdock_results/2abp-nh2-OPT__Orai1WT-MDSnap-Fr400/complex_0/rank17_confidence-3.30.sdf,-8.105464705882353,4.298370588235295,26.64841176470588,0,0
DiffDock,Orai1WT-MDSnap-Fr400,2abp-nh2-OPT,18,/home/manndo/master_dev/diffdock_results/2abp-nh2-OPT__Orai1WT-MDSnap-Fr400/complex_0/rank18_confidence-3.57.sdf,-2.6285000000000003,9.008570588235294,27.7955,0,0
DiffDock,Orai1WT-MDSnap-Fr400,2abp-nh2-OPT,19,/home/manndo/master_dev/diffdock_results/2abp-nh2-OPT__Orai1WT-MDSnap-Fr400/complex_0/rank19_confidence-3.60.sdf,-21.636011764705884,-17.00571176470588,6.732505882352942,0,0
DiffDock,Orai1WT-MDSnap-Fr400,2abp-nh2-OPT,1,/home/manndo/master_dev/diffdock_results/2abp-nh2-OPT__Orai1WT-MDSnap-Fr400/complex_0/rank1_confidence-1.11.sdf,1.4644117647058823,6.269829411764707,26.125341176470588,0,0
DiffDock,Orai1WT-MDSnap-Fr400,2abp-nh2-OPT,1,/home/manndo/master_dev/diffdock_results/2abp-nh2-OPT__Orai1WT-MDSnap-Fr400/complex_0/rank1_confidence-1.60.sdf,-11.702,19.811564705882354,-30.285964705882353,0,0
DiffDock,Orai1WT-MDSnap-Fr400,2abp-nh2-OPT,20,/home/manndo/master_dev/diffdock_results/2abp-nh2-OPT__Orai1WT-MDSnap-Fr400/complex_0/rank20_confidence-4.11.sdf,21.606694117647063,25.556276470588234,-11.390011764705882,0,0
DiffDock,Orai1WT-MDSnap-Fr400,2abp-nh2-OPT,21,/home/manndo/master_dev/diffdock_results/2abp-nh2-OPT__Orai1WT-MDSnap-Fr400/complex_0/rank21_confidence-4.38.sdf,12.2097,26.750358823529414,-27.69910588235294,0,0
DiffDock,Orai1WT-MDSnap-Fr400,2abp-nh2-OPT,22,/home/manndo/master_dev/diffdock_results/2abp-nh2-OPT__Orai1WT-MDSnap-Fr400/complex_0/rank22_confidence-4.71.sdf,-4.447047058823529,2.8793764705882356,16.227882352941176,0,0
DiffDock,Orai1WT-MDSnap-Fr400,2abp-nh2-OPT,23,/home/manndo/master_dev/diffdock_results/2abp-nh2-OPT__Orai1WT-MDSnap-Fr400/complex_0/rank23_confidence-4.85.sdf,-4.3834294117647055,7.895711764705883,23.356529411764704,0,0
DiffDock,Orai1WT-MDSnap-Fr400,2abp-nh2-OPT,24,/home/manndo/master_dev/diffdock_results/2abp-nh2-OPT__Orai1WT-MDSnap-Fr400/complex_0/rank24_confidence-4.99.sdf,-8.426358823529412,38.05338235294118,-0.08752352941176467,0,0
DiffDock,Orai1WT-MDSnap-Fr400,2abp-nh2-OPT,25,/home/manndo/master_dev/diffdock_results/2abp-nh2-OPT__Orai1WT-MDSnap-Fr400/complex_0/rank25_confidence-5.60.sdf,-1321.2368823529414,-3127.0738058823526,-785.1567470588235,1,1
DiffDock,Orai1WT-MDSnap-Fr400,2abp-nh2-OPT,26,/home/manndo/master_dev/diffdock_results/2abp-nh2-OPT__Orai1WT-MDSnap-Fr400/complex_0/rank26_confidence-5.64.sdf,1954.7433352941177,-903.7028705882353,-84.74167058823528,0,0
DiffDock,Orai1WT-MDSnap-Fr400,2abp-nh2-OPT,27,/home/manndo/master_dev/diffdock_results/2abp-nh2-OPT__Orai1WT-MDSnap-Fr400/complex_0/rank27_confidence-5.71.sdf,-123.93720588235294,24.071776470588233,-32.2477294117647,0,0
DiffDock,Orai1WT-MDSnap-Fr400,2abp-nh2-OPT,28,/home/manndo/master_dev/diffdock_results/2abp-nh2-OPT__Orai1WT-MDSnap-Fr400/complex_0/rank28_confidence-5.74.sdf,19.309064705882353,106.63459999999999,-155.70247058823531,0,0
DiffDock,Orai1WT-MDSnap-Fr400,2abp-nh2-OPT,29,/home/manndo/master_dev/diffdock_results/2abp-nh2-OPT__Orai1WT-MDSnap-Fr400/complex_0/rank29_confidence-5.88.sdf,-975.4586882352941,559.0531764705881,-1572.6713647058823,0,0
DiffDock,Orai1WT-MDSnap-Fr400,2abp-nh2-OPT,2,/home/manndo/master_dev/diffdock_results/2abp-nh2-OPT__Orai1WT-MDSnap-Fr400/complex_0/rank2_confidence-1.21.sdf,15.431876470588236,0.9611588235294118,-32.54640588235294,0,0
DiffDock,Orai1WT-MDSnap-Fr400,2abp-nh2-OPT,2,/home/manndo/master_dev/diffdock_results/2abp-nh2-OPT__Orai1WT-MDSnap-Fr400/complex_0/rank2_confidence-2.38.sdf,30.194211764705884,6.904870588235293,-15.767129411764707,0,0
DiffDock,Orai1WT-MDSnap-Fr400,2abp-nh2-OPT,30,/home/manndo/master_dev/diffdock_results/2abp-nh2-OPT__Orai1WT-MDSnap-Fr400/complex_0/rank30_confidence-6.07.sdf,-7.4145529411764715,-226.28827647058827,-227.0265588235294,0,0
DiffDock,Orai1WT-MDSnap-Fr400,2abp-nh2-OPT,3,/home/manndo/master_dev/diffdock_results/2abp-nh2-OPT__Orai1WT-MDSnap-Fr400/complex_0/rank3_confidence-1.29.sdf,1.8337470588235296,-0.23231764705882338,-25.29354705882353,0,0
DiffDock,Orai1WT-MDSnap-Fr400,2abp-nh2-OPT,3,/home/manndo/master_dev/diffdock_results/2abp-nh2-OPT__Orai1WT-MDSnap-Fr400/complex_0/rank3_confidence-3.38.sdf,9.868641176470588,30.07045882352941,17.74472352941176,0,0
DiffDock,Orai1WT-MDSnap-Fr400,2abp-nh2-OPT,4,/home/manndo/master_dev/diffdock_results/2abp-nh2-OPT__Orai1WT-MDSnap-Fr400/complex_0/rank4_confidence-1.37.sdf,23.964676470588234,21.659623529411768,9.224494117647058,0,0
DiffDock,Orai1WT-MDSnap-Fr400,2abp-nh2-OPT,4,/home/manndo/master_dev/diffdock_results/2abp-nh2-OPT__Orai1WT-MDSnap-Fr400/complex_0/rank4_confidence-3.42.sdf,-19.028582352941175,-18.2644,-2.733929411764706,0,0
DiffDock,Orai1WT-MDSnap-Fr400,2abp-nh2-OPT,5,/home/manndo/master_dev/diffdock_results/2abp-nh2-OPT__Orai1WT-MDSnap-Fr400/complex_0/rank5_confidence-1.71.sdf,-4.962417647058823,11.175747058823532,29.676441176470586,0,0
DiffDock,Orai1WT-MDSnap-Fr400,2abp-nh2-OPT,5,/home/manndo/master_dev/diffdock_results/2abp-nh2-OPT__Orai1WT-MDSnap-Fr400/complex_0/rank5_confidence-4.01.sdf,0.3653058823529412,7.652094117647059,25.65625294117647,0,0
DiffDock,Orai1WT-MDSnap-Fr400,2abp-nh2-OPT,6,/home/manndo/master_dev/diffdock_results/2abp-nh2-OPT__Orai1WT-MDSnap-Fr400/complex_0/rank6_confidence-1.71.sdf,2.1520058823529418,-25.6049705882353,7.079929411764705,0,0
DiffDock,Orai1WT-MDSnap-Fr400,2abp-nh2-OPT,6,/home/manndo/master_dev/diffdock_results/2abp-nh2-OPT__Orai1WT-MDSnap-Fr400/complex_0/rank6_confidence-4.03.sdf,13.57654705882353,18.76033529411765,19.823,0,0
DiffDock,Orai1WT-MDSnap-Fr400,2abp-nh2-OPT,7,/home/manndo/master_dev/diffdock_results/2abp-nh2-OPT__Orai1WT-MDSnap-Fr400/complex_0/rank7_confidence-1.74.sdf,21.80712352941177,-12.78964705882353,10.002058823529412,0,0
DiffDock,Orai1WT-MDSnap-Fr400,2abp-nh2-OPT,7,/home/manndo/master_dev/diffdock_results/2abp-nh2-OPT__Orai1WT-MDSnap-Fr400/complex_0/rank7_confidence-4.78.sdf,27.312352941176467,-13.105435294117646,8.038076470588235,0,0
DiffDock,Orai1WT-MDSnap-Fr400,2abp-nh2-OPT,8,/home/manndo/master_dev/diffdock_results/2abp-nh2-OPT__Orai1WT-MDSnap-Fr400/complex_0/rank8_confidence-2.08.sdf,9.658211764705882,-11.933094117647059,-37.1120705882353,0,0
DiffDock,Orai1WT-MDSnap-Fr400,2abp-nh2-OPT,8,/home/manndo/master_dev/diffdock_results/2abp-nh2-OPT__Orai1WT-MDSnap-Fr400/complex_0/rank8_confidence-4.98.sdf,-1.6945823529411768,8.769217647058824,-30.546164705882347,0,0
DiffDock,Orai1WT-MDSnap-Fr400,2abp-nh2-OPT,9,/home/manndo/master_dev/diffdock_results/2abp-nh2-OPT__Orai1WT-MDSnap-Fr400/complex_0/rank9_confidence-2.12.sdf,-24.86519411764706,12.43689411764706,-27.77835882352941,0,0
DiffDock,Orai1WT-MDSnap-Fr400,2abp-nh2-OPT,9,/home/manndo/master_dev/diffdock_results/2abp-nh2-OPT__Orai1WT-MDSnap-Fr400/complex_0/rank9_confidence-6.07.sdf,47.17097647058823,387.8683,-215.0461882352941,0,0
DiffDock,Orai1WT-MDSnap-Fr499,2abp-nh2-OPT,1,/home/manndo/master_dev/diffdock_results/2abp-nh2-OPT__Orai1WT-MDSnap-Fr499/complex_0/rank1.sdf,21.31800588235294,25.237164705882353,-21.445582352941173,0,1
DiffDock,Orai1WT-MDSnap-Fr499,2abp-nh2-OPT,10,/home/manndo/master_dev/diffdock_results/2abp-nh2-OPT__Orai1WT-MDSnap-Fr499/complex_0/rank10_confidence-1.94.sdf,24.757088235294116,20.374229411764702,13.236535294117646,0,1
DiffDock,Orai1WT-MDSnap-Fr499,2abp-nh2-OPT,10,/home/manndo/master_dev/diffdock_results/2abp-nh2-OPT__Orai1WT-MDSnap-Fr499/complex_0/rank10_confidence-5.88.sdf,21.704911764705884,9.854129411764704,-199.5545941176471,0,1
DiffDock,Orai1WT-MDSnap-Fr499,2abp-nh2-OPT,11,/home/manndo/master_dev/diffdock_results/2abp-nh2-OPT__Orai1WT-MDSnap-Fr499/complex_0/rank11_confidence-2.18.sdf,1.292564705882353,0.8811529411764706,-24.81395882352941,0,1
DiffDock,Orai1WT-MDSnap-Fr499,2abp-nh2-OPT,12,/home/manndo/master_dev/diffdock_results/2abp-nh2-OPT__Orai1WT-MDSnap-Fr499/complex_0/rank12_confidence-2.46.sdf,2.2019294117647057,-29.600370588235286,1.9421705882352949,0,1
DiffDock,Orai1WT-MDSnap-Fr499,2abp-nh2-OPT,13,/home/manndo/master_dev/diffdock_results/2abp-nh2-OPT__Orai1WT-MDSnap-Fr499/complex_0/rank13_confidence-2.47.sdf,-14.579047058823528,-23.13635294117647,18.173452941176475,0,1
DiffDock,Orai1WT-MDSnap-Fr499,2abp-nh2-OPT,14,/home/manndo/master_dev/diffdock_results/2abp-nh2-OPT__Orai1WT-MDSnap-Fr499/complex_0/rank14_confidence-2.48.sdf,-27.752782352941182,12.424429411764706,-11.554917647058824,0,1
DiffDock,Orai1WT-MDSnap-Fr499,2abp-nh2-OPT,15,/home/manndo/master_dev/diffdock_results/2abp-nh2-OPT__Orai1WT-MDSnap-Fr499/complex_0/rank15_confidence-3.30.sdf,-13.93,29.243799999999993,28.544764705882347,0,1
DiffDock,Orai1WT-MDSnap-Fr499,2abp-nh2-OPT,16,/home/manndo/master_dev/diffdock_results/2abp-nh2-OPT__Orai1WT-MDSnap-Fr499/complex_0/rank16_confidence-3.46.sdf,5.830705882352941,-7.729988235294119,-34.260252941176475,0,1
DiffDock,Orai1WT-MDSnap-Fr499,2abp-nh2-OPT,17,/home/manndo/master_dev/diffdock_results/2abp-nh2-OPT__Orai1WT-MDSnap-Fr499/complex_0/rank17_confidence-3.80.sdf,-24.01138235294118,7.6180941176470585,30.97058235294117,0,1
DiffDock,Orai1WT-MDSnap-Fr499,2abp-nh2-OPT,18,/home/manndo/master_dev/diffdock_results/2abp-nh2-OPT__Orai1WT-MDSnap-Fr499/complex_0/rank18_confidence-4.00.sdf,-6.414717647058825,2.819694117647058,24.50855294117647,0,1
DiffDock,Orai1WT-MDSnap-Fr499,2abp-nh2-OPT,19,/home/manndo/master_dev/diffdock_results/2abp-nh2-OPT__Orai1WT-MDSnap-Fr499/complex_0/rank19_confidence-4.08.sdf,16.50274705882353,-15.82054117647059,-38.028494117647064,0,1
DiffDock,Orai1WT-MDSnap-Fr499,2abp-nh2-OPT,1,/home/manndo/master_dev/diffdock_results/2abp-nh2-OPT__Orai1WT-MDSnap-Fr499/complex_0/rank1_confidence-0.67.sdf,21.31800588235294,25.237164705882353,-21.445582352941173,0,1
DiffDock,Orai1WT-MDSnap-Fr499,2abp-nh2-OPT,1,/home/manndo/master_dev/diffdock_results/2abp-nh2-OPT__Orai1WT-MDSnap-Fr499/complex_0/rank1_confidence-1.69.sdf,-22.93395294117647,-17.629082352941175,-9.110823529411766,0,1
DiffDock,Orai1WT-MDSnap-Fr499,2abp-nh2-OPT,20,/home/manndo/master_dev/diffdock_results/2abp-nh2-OPT__Orai1WT-MDSnap-Fr499/complex_0/rank20_confidence-4.14.sdf,-7.203470588235295,11.193211764705882,35.18511176470589,0,1
DiffDock,Orai1WT-MDSnap-Fr499,2abp-nh2-OPT,21,/home/manndo/master_dev/diffdock_results/2abp-nh2-OPT__Orai1WT-MDSnap-Fr499/complex_0/rank21_confidence-4.25.sdf,-6.341000000000001,2.6492117647058824,24.64520588235294,0,1
DiffDock,Orai1WT-MDSnap-Fr499,2abp-nh2-OPT,22,/home/manndo/master_dev/diffdock_results/2abp-nh2-OPT__Orai1WT-MDSnap-Fr499/complex_0/rank22_confidence-4.26.sdf,-13.104717647058822,6.50710588235294,-25.680694117647057,0,1
DiffDock,Orai1WT-MDSnap-Fr499,2abp-nh2-OPT,23,/home/manndo/master_dev/diffdock_results/2abp-nh2-OPT__Orai1WT-MDSnap-Fr499/complex_0/rank23_confidence-4.30.sdf,9.106700000000004,25.77042941176471,11.672770588235295,0,1
DiffDock,Orai1WT-MDSnap-Fr499,2abp-nh2-OPT,24,/home/manndo/master_dev/diffdock_results/2abp-nh2-OPT__Orai1WT-MDSnap-Fr499/complex_0/rank24_confidence-4.50.sdf,16.430788235294116,8.211411764705883,33.007252941176475,0,1
DiffDock,Orai1WT-MDSnap-Fr499,2abp-nh2-OPT,25,/home/manndo/master_dev/diffdock_results/2abp-nh2-OPT__Orai1WT-MDSnap-Fr499/complex_0/rank25_confidence-5.13.sdf,-1.4696058823529412,1.2069588235294118,23.952782352941174,0,1
DiffDock,Orai1WT-MDSnap-Fr499,2abp-nh2-OPT,26,/home/manndo/master_dev/diffdock_results/2abp-nh2-OPT__Orai1WT-MDSnap-Fr499/complex_0/rank26_confidence-5.44.sdf,7.883923529411765,43.518005882352945,25.279264705882355,0,1
DiffDock,Orai1WT-MDSnap-Fr499,2abp-nh2-OPT,27,/home/manndo/master_dev/diffdock_results/2abp-nh2-OPT__Orai1WT-MDSnap-Fr499/complex_0/rank27_confidence-6.11.sdf,-2526.8665941176478,335.2147411764706,-3623.351529411765,1,0
DiffDock,Orai1WT-MDSnap-Fr499,2abp-nh2-OPT,2,/home/manndo/master_dev/diffdock_results/2abp-nh2-OPT__Orai1WT-MDSnap-Fr499/complex_0/rank2_confidence-0.84.sdf,0.0553411764705882,4.450976470588237,-24.774729411764707,0,1
DiffDock,Orai1WT-MDSnap-Fr499,2abp-nh2-OPT,2,/home/manndo/master_dev/diffdock_results/2abp-nh2-OPT__Orai1WT-MDSnap-Fr499/complex_0/rank2_confidence-2.36.sdf,25.875858823529406,-9.90265882352941,7.518305882352941,0,1
DiffDock,Orai1WT-MDSnap-Fr499,2abp-nh2-OPT,3,/home/manndo/master_dev/diffdock_results/2abp-nh2-OPT__Orai1WT-MDSnap-Fr499/complex_0/rank3_confidence-0.93.sdf,-9.806264705882354,-20.902529411764707,-28.04362941176471,0,1
DiffDock,Orai1WT-MDSnap-Fr499,2abp-nh2-OPT,3,/home/manndo/master_dev/diffdock_results/2abp-nh2-OPT__Orai1WT-MDSnap-Fr499/complex_0/rank3_confidence-2.76.sdf,-17.454352941176467,17.299629411764705,25.02977647058824,0,1
DiffDock,Orai1WT-MDSnap-Fr499,2abp-nh2-OPT,4,/home/manndo/master_dev/diffdock_results/2abp-nh2-OPT__Orai1WT-MDSnap-Fr499/complex_0/rank4_confidence-1.10.sdf,24.65952941176471,19.561317647058825,8.256676470588236,0,1
DiffDock,Orai1WT-MDSnap-Fr499,2abp-nh2-OPT,4,/home/manndo/master_dev/diffdock_results/2abp-nh2-OPT__Orai1WT-MDSnap-Fr499/complex_0/rank4_confidence-3.22.sdf,23.277576470588233,-15.676147058823533,9.927758823529413,0,1
DiffDock,Orai1WT-MDSnap-Fr499,2abp-nh2-OPT,5,/home/manndo/master_dev/diffdock_results/2abp-nh2-OPT__Orai1WT-MDSnap-Fr499/complex_0/rank5_confidence-1.20.sdf,3.879441176470588,16.567964705882353,-27.299805882352942,0,1
DiffDock,Orai1WT-MDSnap-Fr499,2abp-nh2-OPT,5,/home/manndo/master_dev/diffdock_results/2abp-nh2-OPT__Orai1WT-MDSnap-Fr499/complex_0/rank5_confidence-3.53.sdf,-11.458752941176472,-6.736476470588236,-21.495217647058823,0,1
DiffDock,Orai1WT-MDSnap-Fr499,2abp-nh2-OPT,6,/home/manndo/master_dev/diffdock_results/2abp-nh2-OPT__Orai1WT-MDSnap-Fr499/complex_0/rank6_confidence-1.45.sdf,13.15665294117647,-3.4955823529411765,-29.58665294117647,0,1
DiffDock,Orai1WT-MDSnap-Fr499,2abp-nh2-OPT,6,/home/manndo/master_dev/diffdock_results/2abp-nh2-OPT__Orai1WT-MDSnap-Fr499/complex_0/rank6_confidence-4.11.sdf,20.981535294117645,-14.54684705882353,-16.971611764705884,0,1
DiffDock,Orai1WT-MDSnap-Fr499,2abp-nh2-OPT,7,/home/manndo/master_dev/diffdock_results/2abp-nh2-OPT__Orai1WT-MDSnap-Fr499/complex_0/rank7_confidence-1.51.sdf,0.8614588235294117,6.848058823529413,-23.413688235294124,0,1
DiffDock,Orai1WT-MDSnap-Fr499,2abp-nh2-OPT,7,/home/manndo/master_dev/diffdock_results/2abp-nh2-OPT__Orai1WT-MDSnap-Fr499/complex_0/rank7_confidence-5.82.sdf,-0.35027058823529417,4.773405882352941,-27.21268235294118,0,1
DiffDock,Orai1WT-MDSnap-Fr499,2abp-nh2-OPT,8,/home/manndo/master_dev/diffdock_results/2abp-nh2-OPT__Orai1WT-MDSnap-Fr499/complex_0/rank8_confidence-1.81.sdf,4.886523529411765,26.386670588235294,-32.46811764705882,0,1
DiffDock,Orai1WT-MDSnap-Fr499,2abp-nh2-OPT,8,/home/manndo/master_dev/diffdock_results/2abp-nh2-OPT__Orai1WT-MDSnap-Fr499/complex_0/rank8_confidence-5.83.sdf,-564.1283882352941,-1185.446423529412,942.0181235294117,0,1
DiffDock,Orai1WT-MDSnap-Fr499,2abp-nh2-OPT,9,/home/manndo/master_dev/diffdock_results/2abp-nh2-OPT__Orai1WT-MDSnap-Fr499/complex_0/rank9_confidence-1.92.sdf,22.900788235294115,23.411082352941175,5.702111764705883,0,1
DiffDock,Orai1WT-MDSnap-Fr499,2abp-nh2-OPT,9,/home/manndo/master_dev/diffdock_results/2abp-nh2-OPT__Orai1WT-MDSnap-Fr499/complex_0/rank9_confidence-5.87.sdf,59.62247647058824,133.88245882352942,-5201.802505882353,1,0
DiffDock,Orai1WT-START-Fr0,2abp-nh2-OPT,1,/home/manndo/master_dev/diffdock_results/2abp-nh2-OPT__Orai1WT-START-Fr0/complex_0/rank1.sdf,-16.93688235294118,-5.865794117647057,-33.99186470588236,0,0
DiffDock,Orai1WT-START-Fr0,2abp-nh2-OPT,10,/home/manndo/master_dev/diffdock_results/2abp-nh2-OPT__Orai1WT-START-Fr0/complex_0/rank10_confidence-1.95.sdf,11.563870588235295,-6.85639411764706,-34.2397,0,0
DiffDock,Orai1WT-START-Fr0,2abp-nh2-OPT,10,/home/manndo/master_dev/diffdock_results/2abp-nh2-OPT__Orai1WT-START-Fr0/complex_0/rank10_confidence-6.04.sdf,-324.60053529411766,-574.6516705882353,-1942.5902176470588,1,1
DiffDock,Orai1WT-START-Fr0,2abp-nh2-OPT,11,/home/manndo/master_dev/diffdock_results/2abp-nh2-OPT__Orai1WT-START-Fr0/complex_0/rank11_confidence-2.09.sdf,18.665770588235294,-16.019982352941177,13.301082352941176,0,0
DiffDock,Orai1WT-START-Fr0,2abp-nh2-OPT,12,/home/manndo/master_dev/diffdock_results/2abp-nh2-OPT__Orai1WT-START-Fr0/complex_0/rank12_confidence-2.17.sdf,24.50605882352941,-19.20154705882353,32.16466470588235,0,0
DiffDock,Orai1WT-START-Fr0,2abp-nh2-OPT,13,/home/manndo/master_dev/diffdock_results/2abp-nh2-OPT__Orai1WT-START-Fr0/complex_0/rank13_confidence-2.49.sdf,-1.307294117647059,12.234176470588235,-34.382264705882356,0,0
DiffDock,Orai1WT-START-Fr0,2abp-nh2-OPT,14,/home/manndo/master_dev/diffdock_results/2abp-nh2-OPT__Orai1WT-START-Fr0/complex_0/rank14_confidence-2.58.sdf,11.87656470588235,-7.658794117647059,-28.91858235294118,0,0
DiffDock,Orai1WT-START-Fr0,2abp-nh2-OPT,15,/home/manndo/master_dev/diffdock_results/2abp-nh2-OPT__Orai1WT-START-Fr0/complex_0/rank15_confidence-2.61.sdf,0.8660294117647059,1.0406,-28.33248235294118,0,0
DiffDock,Orai1WT-START-Fr0,2abp-nh2-OPT,16,/home/manndo/master_dev/diffdock_results/2abp-nh2-OPT__Orai1WT-START-Fr0/complex_0/rank16_confidence-2.67.sdf,16.091882352941177,-20.78185294117647,-38.234852941176484,0,0
DiffDock,Orai1WT-START-Fr0,2abp-nh2-OPT,17,/home/manndo/master_dev/diffdock_results/2abp-nh2-OPT__Orai1WT-START-Fr0/complex_0/rank17_confidence-2.69.sdf,-0.6523411764705882,-1.6302529411764706,-29.513752941176467,0,0
DiffDock,Orai1WT-START-Fr0,2abp-nh2-OPT,18,/home/manndo/master_dev/diffdock_results/2abp-nh2-OPT__Orai1WT-START-Fr0/complex_0/rank18_confidence-2.71.sdf,29.842376470588228,-2.410364705882353,-16.277864705882354,0,0
DiffDock,Orai1WT-START-Fr0,2abp-nh2-OPT,19,/home/manndo/master_dev/diffdock_results/2abp-nh2-OPT__Orai1WT-START-Fr0/complex_0/rank19_confidence-3.06.sdf,22.398094117647055,-26.507276470588238,-28.551794117647063,0,0
DiffDock,Orai1WT-START-Fr0,2abp-nh2-OPT,1,/home/manndo/master_dev/diffdock_results/2abp-nh2-OPT__Orai1WT-START-Fr0/complex_0/rank1_confidence-0.65.sdf,-16.93688235294118,-5.865794117647057,-33.99186470588236,0,0
DiffDock,Orai1WT-START-Fr0,2abp-nh2-OPT,1,/home/manndo/master_dev/diffdock_results/2abp-nh2-OPT__Orai1WT-START-Fr0/complex_0/rank1_confidence-0.74.sdf,25.871129411764702,21.23355294117647,18.017629411764705,0,0
DiffDock,Orai1WT-START-Fr0,2abp-nh2-OPT,20,/home/manndo/master_dev/diffdock_results/2abp-nh2-OPT__Orai1WT-START-Fr0/complex_0/rank20_confidence-3.06.sdf,11.550558823529412,19.919405882352944,27.715741176470587,0,0
DiffDock,Orai1WT-START-Fr0,2abp-nh2-OPT,21,/home/manndo/master_dev/diffdock_results/2abp-nh2-OPT__Orai1WT-START-Fr0/complex_0/rank21_confidence-3.13.sdf,-18.912452941176472,18.915905882352945,-9.183399999999999,0,0
DiffDock,Orai1WT-START-Fr0,2abp-nh2-OPT,22,/home/manndo/master_dev/diffdock_results/2abp-nh2-OPT__Orai1WT-START-Fr0/complex_0/rank22_confidence-3.41.sdf,-3.488370588235294,3.333764705882353,33.05443529411764,0,0
DiffDock,Orai1WT-START-Fr0,2abp-nh2-OPT,23,/home/manndo/master_dev/diffdock_results/2abp-nh2-OPT__Orai1WT-START-Fr0/complex_0/rank23_confidence-3.55.sdf,3.4340823529411764,-2.5729411764705885,25.793217647058828,0,0
DiffDock,Orai1WT-START-Fr0,2abp-nh2-OPT,24,/home/manndo/master_dev/diffdock_results/2abp-nh2-OPT__Orai1WT-START-Fr0/complex_0/rank24_confidence-4.40.sdf,14.472711764705883,-31.189958823529402,2.517111764705883,0,0
DiffDock,Orai1WT-START-Fr0,2abp-nh2-OPT,25,/home/manndo/master_dev/diffdock_results/2abp-nh2-OPT__Orai1WT-START-Fr0/complex_0/rank25_confidence-4.56.sdf,9.793888235294117,7.808982352941177,-31.30816470588236,0,0
DiffDock,Orai1WT-START-Fr0,2abp-nh2-OPT,26,/home/manndo/master_dev/diffdock_results/2abp-nh2-OPT__Orai1WT-START-Fr0/complex_0/rank26_confidence-5.68.sdf,-22.58132352941177,-6.936076470588236,-152.1863588235294,0,0
DiffDock,Orai1WT-START-Fr0,2abp-nh2-OPT,27,/home/manndo/master_dev/diffdock_results/2abp-nh2-OPT__Orai1WT-START-Fr0/complex_0/rank27_confidence-5.97.sdf,7.33659411764706,-11.872541176470591,75.72121176470587,0,0
DiffDock,Orai1WT-START-Fr0,2abp-nh2-OPT,28,/home/manndo/master_dev/diffdock_results/2abp-nh2-OPT__Orai1WT-START-Fr0/complex_0/rank28_confidence-6.02.sdf,-9.242305882352941,-158.11554705882355,-792.0673764705881,0,0
DiffDock,Orai1WT-START-Fr0,2abp-nh2-OPT,29,/home/manndo/master_dev/diffdock_results/2abp-nh2-OPT__Orai1WT-START-Fr0/complex_0/rank29_confidence-6.17.sdf,36.919841176470584,-2.792358823529412,-83.20771764705883,0,0
DiffDock,Orai1WT-START-Fr0,2abp-nh2-OPT,2,/home/manndo/master_dev/diffdock_results/2abp-nh2-OPT__Orai1WT-START-Fr0/complex_0/rank2_confidence-0.65.sdf,1.8225588235294117,30.508499999999998,-21.95725882352942,0,0
DiffDock,Orai1WT-START-Fr0,2abp-nh2-OPT,2,/home/manndo/master_dev/diffdock_results/2abp-nh2-OPT__Orai1WT-START-Fr0/complex_0/rank2_confidence-0.97.sdf,27.47724117647059,-7.7583529411764705,3.2815764705882353,0,0
DiffDock,Orai1WT-START-Fr0,2abp-nh2-OPT,3,/home/manndo/master_dev/diffdock_results/2abp-nh2-OPT__Orai1WT-START-Fr0/complex_0/rank3_confidence-0.90.sdf,-0.22215294117647075,1.3009588235294118,-28.72423529411765,0,0
DiffDock,Orai1WT-START-Fr0,2abp-nh2-OPT,3,/home/manndo/master_dev/diffdock_results/2abp-nh2-OPT__Orai1WT-START-Fr0/complex_0/rank3_confidence-1.27.sdf,7.1241,-10.885635294117648,-25.56135882352941,0,0
DiffDock,Orai1WT-START-Fr0,2abp-nh2-OPT,4,/home/manndo/master_dev/diffdock_results/2abp-nh2-OPT__Orai1WT-START-Fr0/complex_0/rank4_confidence-0.94.sdf,11.706911764705882,19.337500000000002,-31.659823529411764,0,0
DiffDock,Orai1WT-START-Fr0,2abp-nh2-OPT,4,/home/manndo/master_dev/diffdock_results/2abp-nh2-OPT__Orai1WT-START-Fr0/complex_0/rank4_confidence-1.54.sdf,-26.802029411764707,0.802323529411765,-25.580235294117646,0,0
DiffDock,Orai1WT-START-Fr0,2abp-nh2-OPT,5,/home/manndo/master_dev/diffdock_results/2abp-nh2-OPT__Orai1WT-START-Fr0/complex_0/rank5_confidence-1.37.sdf,4.783535294117647,25.75029411764706,15.80519411764706,0,0
DiffDock,Orai1WT-START-Fr0,2abp-nh2-OPT,5,/home/manndo/master_dev/diffdock_results/2abp-nh2-OPT__Orai1WT-START-Fr0/complex_0/rank5_confidence-2.35.sdf,12.475723529411765,19.458205882352942,26.08145294117647,0,0
DiffDock,Orai1WT-START-Fr0,2abp-nh2-OPT,6,/home/manndo/master_dev/diffdock_results/2abp-nh2-OPT__Orai1WT-START-Fr0/complex_0/rank6_confidence-1.52.sdf,-4.495117647058824,4.57519411764706,31.809670588235303,0,0
DiffDock,Orai1WT-START-Fr0,2abp-nh2-OPT,6,/home/manndo/master_dev/diffdock_results/2abp-nh2-OPT__Orai1WT-START-Fr0/complex_0/rank6_confidence-3.02.sdf,0.6449647058823529,0.4655882352941176,-25.97862352941177,0,0
DiffDock,Orai1WT-START-Fr0,2abp-nh2-OPT,7,/home/manndo/master_dev/diffdock_results/2abp-nh2-OPT__Orai1WT-START-Fr0/complex_0/rank7_confidence-1.80.sdf,1.7769588235294116,1.948070588235294,-32.68951764705882,0,0
DiffDock,Orai1WT-START-Fr0,2abp-nh2-OPT,7,/home/manndo/master_dev/diffdock_results/2abp-nh2-OPT__Orai1WT-START-Fr0/complex_0/rank7_confidence-3.04.sdf,3.7962705882352945,-4.572535294117649,28.247705882352943,0,0
DiffDock,Orai1WT-START-Fr0,2abp-nh2-OPT,8,/home/manndo/master_dev/diffdock_results/2abp-nh2-OPT__Orai1WT-START-Fr0/complex_0/rank8_confidence-1.89.sdf,6.966470588235293,25.225329411764704,30.683035294117644,0,0
DiffDock,Orai1WT-START-Fr0,2abp-nh2-OPT,8,/home/manndo/master_dev/diffdock_results/2abp-nh2-OPT__Orai1WT-START-Fr0/complex_0/rank8_confidence-4.94.sdf,0.8222705882352943,20.41805882352941,40.43838235294118,0,0
DiffDock,Orai1WT-START-Fr0,2abp-nh2-OPT,9,/home/manndo/master_dev/diffdock_results/2abp-nh2-OPT__Orai1WT-START-Fr0/complex_0/rank9_confidence-1.92.sdf,14.318170588235294,22.470176470588235,-25.20331764705882,0,0
DiffDock,Orai1WT-START-Fr0,2abp-nh2-OPT,9,/home/manndo/master_dev/diffdock_results/2abp-nh2-OPT__Orai1WT-START-Fr0/complex_0/rank9_confidence-6.00.sdf,-40.50865882352941,-38.94875882352941,57.16713529411765,0,0
DiffDock,Orai1WT-MDSnap-Fr300,2abp-nh3p-OPT,1,/home/manndo/master_dev/diffdock_results/2abp-nh3p-OPT__Orai1WT-MDSnap-Fr300/complex_0/rank1.sdf,-18.312158823529415,21.446876470588236,23.018600000000003,0,0
DiffDock,Orai1WT-MDSnap-Fr300,2abp-nh3p-OPT,10,/home/manndo/master_dev/diffdock_results/2abp-nh3p-OPT__Orai1WT-MDSnap-Fr300/complex_0/rank10_confidence-4.95.sdf,-5.716741176470588,1.9396,25.822158823529406,0,0
DiffDock,Orai1WT-MDSnap-Fr300,2abp-nh3p-OPT,10,/home/manndo/master_dev/diffdock_results/2abp-nh3p-OPT__Orai1WT-MDSnap-Fr300/complex_0/rank10_confidence-5.98.sdf,1842.5979075882353,-3374.079877,-13857.333524882351,0,0
DiffDock,Orai1WT-MDSnap-Fr300,2abp-nh3p-OPT,10,/home/manndo/master_dev/diffdock_results/2abp-nh3p-OPT__Orai1WT-MDSnap-Fr300/complex_0/rank10_confidence-6.11.sdf,-77.12147647058825,17.933647058823528,83.48965882352941,0,0
DiffDock,Orai1WT-MDSnap-Fr300,2abp-nh3p-OPT,11,/home/manndo/master_dev/diffdock_results/2abp-nh3p-OPT__Orai1WT-MDSnap-Fr300/complex_0/rank11_confidence-5.42.sdf,-0.23449411764705894,9.43495294117647,26.517705882352942,0,0
DiffDock,Orai1WT-MDSnap-Fr300,2abp-nh3p-OPT,12,/home/manndo/master_dev/diffdock_results/2abp-nh3p-OPT__Orai1WT-MDSnap-Fr300/complex_0/rank12_confidence-5.47.sdf,-1.4511352941176467,-1.211176470588235,23.76608823529412,0,0
DiffDock,Orai1WT-MDSnap-Fr300,2abp-nh3p-OPT,13,/home/manndo/master_dev/diffdock_results/2abp-nh3p-OPT__Orai1WT-MDSnap-Fr300/complex_0/rank13_confidence-5.56.sdf,-35.4004,-0.5117411764705885,76.58194705882352,0,0
DiffDock,Orai1WT-MDSnap-Fr300,2abp-nh3p-OPT,14,/home/manndo/master_dev/diffdock_results/2abp-nh3p-OPT__Orai1WT-MDSnap-Fr300/complex_0/rank14_confidence-5.67.sdf,23288.090992588237,219845.3244485294,-174259.56709558822,0,0
DiffDock,Orai1WT-MDSnap-Fr300,2abp-nh3p-OPT,15,/home/manndo/master_dev/diffdock_results/2abp-nh3p-OPT__Orai1WT-MDSnap-Fr300/complex_0/rank15_confidence-5.80.sdf,1779.810994117647,1726.2231176470584,3819.1451764705885,0,0
DiffDock,Orai1WT-MDSnap-Fr300,2abp-nh3p-OPT,16,/home/manndo/master_dev/diffdock_results/2abp-nh3p-OPT__Orai1WT-MDSnap-Fr300/complex_0/rank16_confidence-5.82.sdf,-2805.9946823529413,6488.416629411766,2338.4595294117644,0,0
DiffDock,Orai1WT-MDSnap-Fr300,2abp-nh3p-OPT,17,/home/manndo/master_dev/diffdock_results/2abp-nh3p-OPT__Orai1WT-MDSnap-Fr300/complex_0/rank17_confidence-5.86.sdf,-428.838505882353,-448.28623529411755,368.12631176470586,0,0
DiffDock,Orai1WT-MDSnap-Fr300,2abp-nh3p-OPT,18,/home/manndo/master_dev/diffdock_results/2abp-nh3p-OPT__Orai1WT-MDSnap-Fr300/complex_0/rank18_confidence-5.90.sdf,1045503.4963235294,-447982.6875,-849966.3125,0,0
DiffDock,Orai1WT-MDSnap-Fr300,2abp-nh3p-OPT,19,/home/manndo/master_dev/diffdock_results/2abp-nh3p-OPT__Orai1WT-MDSnap-Fr300/complex_0/rank19_confidence-5.90.sdf,4927.37749882353,-6400.114688588235,-16565.88752294118,0,0
DiffDock,Orai1WT-MDSnap-Fr300,2abp-nh3p-OPT,1,/home/manndo/master_dev/diffdock_results/2abp-nh3p-OPT__Orai1WT-MDSnap-Fr300/complex_0/rank1_confidence-1.36.sdf,-27.229099999999995,-7.3106823529411775,18.545817647058826,0,0
DiffDock,Orai1WT-MDSnap-Fr300,2abp-nh3p-OPT,1,/home/manndo/master_dev/diffdock_results/2abp-nh3p-OPT__Orai1WT-MDSnap-Fr300/complex_0/rank1_confidence-1.40.sdf,-18.312158823529415,21.446876470588236,23.018600000000003,0,0
DiffDock,Orai1WT-MDSnap-Fr300,2abp-nh3p-OPT,1,/home/manndo/master_dev/diffdock_results/2abp-nh3p-OPT__Orai1WT-MDSnap-Fr300/complex_0/rank1_confidence-1.45.sdf,-15.135705882352942,-19.094270588235293,-3.1991823529411767,0,0
DiffDock,Orai1WT-MDSnap-Fr300,2abp-nh3p-OPT,20,/home/manndo/master_dev/diffdock_results/2abp-nh3p-OPT__Orai1WT-MDSnap-Fr300/complex_0/rank20_confidence-5.91.sdf,24345.422909058823,23315.456916411767,-27552.975413647062,0,0
DiffDock,Orai1WT-MDSnap-Fr300,2abp-nh3p-OPT,21,/home/manndo/master_dev/diffdock_results/2abp-nh3p-OPT__Orai1WT-MDSnap-Fr300/complex_0/rank21_confidence-5.91.sdf,1854.3585058823528,1813.0442705882351,1800.2697823529409,0,0
DiffDock,Orai1WT-MDSnap-Fr300,2abp-nh3p-OPT,22,/home/manndo/master_dev/diffdock_results/2abp-nh3p-OPT__Orai1WT-MDSnap-Fr300/complex_0/rank22_confidence-5.93.sdf,55546.563244131175,55896.420567259476,55495.312729411766,0,0
DiffDock,Orai1WT-MDSnap-Fr300,2abp-nh3p-OPT,23,/home/manndo/master_dev/diffdock_results/2abp-nh3p-OPT__Orai1WT-MDSnap-Fr300/complex_0/rank23_confidence-5.94.sdf,57704.78841796011,59137.11817352888,55882.40119411765,0,0
DiffDock,Orai1WT-MDSnap-Fr300,2abp-nh3p-OPT,24,/home/manndo/master_dev/diffdock_results/2abp-nh3p-OPT__Orai1WT-MDSnap-Fr300/complex_0/rank24_confidence-5.97.sdf,55718.61929702877,55852.807955920056,55920.51262941176,0,0
DiffDock,Orai1WT-MDSnap-Fr300,2abp-nh3p-OPT,25,/home/manndo/master_dev/diffdock_results/2abp-nh3p-OPT__Orai1WT-MDSnap-Fr300/complex_0/rank25_confidence-6.00.sdf,1670.2728882352942,1782.6998058823528,1866.6002000000003,0,0
DiffDock,Orai1WT-MDSnap-Fr300,2abp-nh3p-OPT,26,/home/manndo/master_dev/diffdock_results/2abp-nh3p-OPT__Orai1WT-MDSnap-Fr300/complex_0/rank26_confidence-6.03.sdf,2138.3066,2048.941117647059,1987.4143117647056,0,0
DiffDock,Orai1WT-MDSnap-Fr300,2abp-nh3p-OPT,27,/home/manndo/master_dev/diffdock_results/2abp-nh3p-OPT__Orai1WT-MDSnap-Fr300/complex_0/rank27_confidence-6.07.sdf,-1.3605941176470588,67.73599999999999,143.24311764705885,0,0
DiffDock,Orai1WT-MDSnap-Fr300,2abp-nh3p-OPT,28,/home/manndo/master_dev/diffdock_results/2abp-nh3p-OPT__Orai1WT-MDSnap-Fr300/complex_0/rank28_confidence-6.10.sdf,-86025.3005512941,-46094.38465088235,7575.292107117646,0,0
DiffDock,Orai1WT-MDSnap-Fr300,2abp-nh3p-OPT,29,/home/manndo/master_dev/diffdock_results/2abp-nh3p-OPT__Orai1WT-MDSnap-Fr300/complex_0/rank29_confidence-6.12.sdf,1751.8360235294117,639.5559764705881,758.1703764705882,0,0
DiffDock,Orai1WT-MDSnap-Fr300,2abp-nh3p-OPT,2,/home/manndo/master_dev/diffdock_results/2abp-nh3p-OPT__Orai1WT-MDSnap-Fr300/complex_0/rank2_confidence-1.63.sdf,24.361264705882352,20.96581764705882,7.120058823529412,0,0
DiffDock,Orai1WT-MDSnap-Fr300,2abp-nh3p-OPT,2,/home/manndo/master_dev/diffdock_results/2abp-nh3p-OPT__Orai1WT-MDSnap-Fr300/complex_0/rank2_confidence-1.78.sdf,15.310652941176473,-13.808888235294116,11.694352941176469,0,0
DiffDock,Orai1WT-MDSnap-Fr300,2abp-nh3p-OPT,2,/home/manndo/master_dev/diffdock_results/2abp-nh3p-OPT__Orai1WT-MDSnap-Fr300/complex_0/rank2_confidence-2.20.sdf,17.46596470588235,18.221894117647057,37.69335882352941,0,0
DiffDock,Orai1WT-MDSnap-Fr300,2abp-nh3p-OPT,3,/home/manndo/master_dev/diffdock_results/2abp-nh3p-OPT__Orai1WT-MDSnap-Fr300/complex_0/rank3_confidence-2.11.sdf,2.52525294117647,5.667011764705882,31.884782352941176,0,0
DiffDock,Orai1WT-MDSnap-Fr300,2abp-nh3p-OPT,3,/home/manndo/master_dev/diffdock_results/2abp-nh3p-OPT__Orai1WT-MDSnap-Fr300/complex_0/rank3_confidence-2.27.sdf,0.5389705882352941,5.9133,-22.59567647058824,0,0
DiffDock,Orai1WT-MDSnap-Fr300,2abp-nh3p-OPT,3,/home/manndo/master_dev/diffdock_results/2abp-nh3p-OPT__Orai1WT-MDSnap-Fr300/complex_0/rank3_confidence-2.39.sdf,26.065141176470586,17.067611764705887,16.548141176470587,0,0
DiffDock,Orai1WT-MDSnap-Fr300,2abp-nh3p-OPT,4,/home/manndo/master_dev/diffdock_results/2abp-nh3p-OPT__Orai1WT-MDSnap-Fr300/complex_0/rank4_confidence-2.66.sdf,4.549335294117647,8.243035294117647,33.396776470588236,0,0
DiffDock,Orai1WT-MDSnap-Fr300,2abp-nh3p-OPT,4,/home/manndo/master_dev/diffdock_results/2abp-nh3p-OPT__Orai1WT-MDSnap-Fr300/complex_0/rank4_confidence-3.28.sdf,-17.771317647058822,5.270123529411764,12.332058823529414,0,0
DiffDock,Orai1WT-MDSnap-Fr300,2abp-nh3p-OPT,4,/home/manndo/master_dev/diffdock_results/2abp-nh3p-OPT__Orai1WT-MDSnap-Fr300/complex_0/rank4_confidence-3.60.sdf,-18.696911764705884,16.416011764705882,24.248705882352937,0,0
DiffDock,Orai1WT-MDSnap-Fr300,2abp-nh3p-OPT,5,/home/manndo/master_dev/diffdock_results/2abp-nh3p-OPT__Orai1WT-MDSnap-Fr300/complex_0/rank5_confidence-3.26.sdf,1.3547000000000002,25.13225294117647,31.649958823529413,0,0
DiffDock,Orai1WT-MDSnap-Fr300,2abp-nh3p-OPT,5,/home/manndo/master_dev/diffdock_results/2abp-nh3p-OPT__Orai1WT-MDSnap-Fr300/complex_0/rank5_confidence-3.46.sdf,2.6065882352941183,4.981223529411765,26.551752941176467,0,0
DiffDock,Orai1WT-MDSnap-Fr300,2abp-nh3p-OPT,5,/home/manndo/master_dev/diffdock_results/2abp-nh3p-OPT__Orai1WT-MDSnap-Fr300/complex_0/rank5_confidence-4.73.sdf,26.391964705882355,-1.6244764705882355,2.3880529411764706,0,0
DiffDock,Orai1WT-MDSnap-Fr300,2abp-nh3p-OPT,6,/home/manndo/master_dev/diffdock_results/2abp-nh3p-OPT__Orai1WT-MDSnap-Fr300/complex_0/rank6_confidence-3.85.sdf,3.0006,4.0045705882352935,25.801235294117653,0,0
DiffDock,Orai1WT-MDSnap-Fr300,2abp-nh3p-OPT,6,/home/manndo/master_dev/diffdock_results/2abp-nh3p-OPT__Orai1WT-MDSnap-Fr300/complex_0/rank6_confidence-4.01.sdf,-21.023258823529414,22.933235294117647,30.841505882352944,0,0
DiffDock,Orai1WT-MDSnap-Fr300,2abp-nh3p-OPT,6,/home/manndo/master_dev/diffdock_results/2abp-nh3p-OPT__Orai1WT-MDSnap-Fr300/complex_0/rank6_confidence-5.59.sdf,71.76267058823528,53.09961176470589,-56.98883529411765,0,0
DiffDock,Orai1WT-MDSnap-Fr300,2abp-nh3p-OPT,7,/home/manndo/master_dev/diffdock_results/2abp-nh3p-OPT__Orai1WT-MDSnap-Fr300/complex_0/rank7_confidence-3.97.sdf,79947064.0,-15345637.823529411,3531588.5735294116,1,1
DiffDock,Orai1WT-MDSnap-Fr300,2abp-nh3p-OPT,7,/home/manndo/master_dev/diffdock_results/2abp-nh3p-OPT__Orai1WT-MDSnap-Fr300/complex_0/rank7_confidence-4.38.sdf,-12.520711764705883,15.108705882352938,-37.89411764705882,0,0
DiffDock,Orai1WT-MDSnap-Fr300,2abp-nh3p-OPT,7,/home/manndo/master_dev/diffdock_results/2abp-nh3p-OPT__Orai1WT-MDSnap-Fr300/complex_0/rank7_confidence-5.66.sdf,-1411.3524235294117,-1453.9315117647059,318.85566470588236,0,0
DiffDock,Orai1WT-MDSnap-Fr300,2abp-nh3p-OPT,8,/home/manndo/master_dev/diffdock_results/2abp-nh3p-OPT__Orai1WT-MDSnap-Fr300/complex_0/rank8_confidence-4.02.sdf,-4.1569352941176465,5.189794117647059,25.008923529411764,0,0
DiffDock,Orai1WT-MDSnap-Fr300,2abp-nh3p-OPT,8,/home/manndo/master_dev/diffdock_results/2abp-nh3p-OPT__Orai1WT-MDSnap-Fr300/complex_0/rank8_confidence-5.61.sdf,19.823176470588237,-79.19901764705884,96.10970588235294,0,0
DiffDock,Orai1WT-MDSnap-Fr300,2abp-nh3p-OPT,8,/home/manndo/master_dev/diffdock_results/2abp-nh3p-OPT__Orai1WT-MDSnap-Fr300/complex_0/rank8_confidence-5.67.sdf,1039.233411764706,-190.7941176470588,15.695035294117648,0,0
DiffDock,Orai1WT-MDSnap-Fr300,2abp-nh3p-OPT,9,/home/manndo/master_dev/diffdock_results/2abp-nh3p-OPT__Orai1WT-MDSnap-Fr300/complex_0/rank9_confidence-4.52.sdf,-4.381682352941177,3.4294117647058826,22.385476470588234,0,0
DiffDock,Orai1WT-MDSnap-Fr300,2abp-nh3p-OPT,9,/home/manndo/master_dev/diffdock_results/2abp-nh3p-OPT__Orai1WT-MDSnap-Fr300/complex_0/rank9_confidence-5.72.sdf,29.192970588235298,-79.15067058823529,148.05698823529406,0,0
DiffDock,Orai1WT-MDSnap-Fr300,2abp-nh3p-OPT,9,/home/manndo/master_dev/diffdock_results/2abp-nh3p-OPT__Orai1WT-MDSnap-Fr300/complex_0/rank9_confidence-5.77.sdf,-63.552294117647065,28.427276470588232,-20.517741176470587,0,0
DiffDock,Orai1WT-MDSnap-Fr400,2abp-nh3p-OPT,1,/home/manndo/master_dev/diffdock_results/2abp-nh3p-OPT__Orai1WT-MDSnap-Fr400/complex_0/rank1.sdf,14.908970588235288,-3.8416823529411763,29.1802,0,0
DiffDock,Orai1WT-MDSnap-Fr400,2abp-nh3p-OPT,10,/home/manndo/master_dev/diffdock_results/2abp-nh3p-OPT__Orai1WT-MDSnap-Fr400/complex_0/rank10_confidence-4.62.sdf,-4.093788235294119,9.827958823529412,27.0857705882353,0,0
DiffDock,Orai1WT-MDSnap-Fr400,2abp-nh3p-OPT,10,/home/manndo/master_dev/diffdock_results/2abp-nh3p-OPT__Orai1WT-MDSnap-Fr400/complex_0/rank10_confidence-6.00.sdf,-138.19684705882352,-58.696476470588244,401.7695176470589,0,0
DiffDock,Orai1WT-MDSnap-Fr400,2abp-nh3p-OPT,11,/home/manndo/master_dev/diffdock_results/2abp-nh3p-OPT__Orai1WT-MDSnap-Fr400/complex_0/rank11_confidence-4.63.sdf,-4.574552941176471,7.309829411764706,24.878705882352943,0,0
DiffDock,Orai1WT-MDSnap-Fr400,2abp-nh3p-OPT,12,/home/manndo/master_dev/diffdock_results/2abp-nh3p-OPT__Orai1WT-MDSnap-Fr400/complex_0/rank12_confidence-5.24.sdf,-1.8348941176470588,1.5979294117647058,22.999564705882353,0,0
DiffDock,Orai1WT-MDSnap-Fr400,2abp-nh3p-OPT,13,/home/manndo/master_dev/diffdock_results/2abp-nh3p-OPT__Orai1WT-MDSnap-Fr400/complex_0/rank13_confidence-5.33.sdf,-4.698058823529412,10.551076470588235,25.302358823529413,0,0
DiffDock,Orai1WT-MDSnap-Fr400,2abp-nh3p-OPT,14,/home/manndo/master_dev/diffdock_results/2abp-nh3p-OPT__Orai1WT-MDSnap-Fr400/complex_0/rank14_confidence-5.35.sdf,-5.548188235294118,3.1581058823529413,23.428252941176474,0,0
DiffDock,Orai1WT-MDSnap-Fr400,2abp-nh3p-OPT,15,/home/manndo/master_dev/diffdock_results/2abp-nh3p-OPT__Orai1WT-MDSnap-Fr400/complex_0/rank15_confidence-5.56.sdf,-373.09104111764697,-31753.75505529411,18208.71645223529,0,0
DiffDock,Orai1WT-MDSnap-Fr400,2abp-nh3p-OPT,16,/home/manndo/master_dev/diffdock_results/2abp-nh3p-OPT__Orai1WT-MDSnap-Fr400/complex_0/rank16_confidence-5.68.sdf,55.59201764705882,-52.23582352941176,43.50715294117647,0,0
DiffDock,Orai1WT-MDSnap-Fr400,2abp-nh3p-OPT,17,/home/manndo/master_dev/diffdock_results/2abp-nh3p-OPT__Orai1WT-MDSnap-Fr400/complex_0/rank17_confidence-5.73.sdf,27745.634420941173,-6339.301987647059,-18034.86362588235,0,0
DiffDock,Orai1WT-MDSnap-Fr400,2abp-nh3p-OPT,18,/home/manndo/master_dev/diffdock_results/2abp-nh3p-OPT__Orai1WT-MDSnap-Fr400/complex_0/rank18_confidence-5.76.sdf,12955.275054460708,13284.765866135296,13194.506135294116,0,0
DiffDock,Orai1WT-MDSnap-Fr400,2abp-nh3p-OPT,19,/home/manndo/master_dev/diffdock_results/2abp-nh3p-OPT__Orai1WT-MDSnap-Fr400/complex_0/rank19_confidence-5.77.sdf,130.5477705882353,101.41424705882355,157.1108058823529,0,0
DiffDock,Orai1WT-MDSnap-Fr400,2abp-nh3p-OPT,1,/home/manndo/master_dev/diffdock_results/2abp-nh3p-OPT__Orai1WT-MDSnap-Fr400/complex_0/rank1_confidence-1.37.sdf,17.011676470588238,13.143082352941173,40.51927647058823,0,0
DiffDock,Orai1WT-MDSnap-Fr400,2abp-nh3p-OPT,1,/home/manndo/master_dev/diffdock_results/2abp-nh3p-OPT__Orai1WT-MDSnap-Fr400/complex_0/rank1_confidence-1.96.sdf,14.908970588235288,-3.8416823529411763,29.1802,0,0
DiffDock,Orai1WT-MDSnap-Fr400,2abp-nh3p-OPT,20,/home/manndo/master_dev/diffdock_results/2abp-nh3p-OPT__Orai1WT-MDSnap-Fr400/complex_0/rank20_confidence-5.77.sdf,22515.57892929411,-13770.057904411768,-7586.549603529413,0,0
DiffDock,Orai1WT-MDSnap-Fr400,2abp-nh3p-OPT,21,/home/manndo/master_dev/diffdock_results/2abp-nh3p-OPT__Orai1WT-MDSnap-Fr400/complex_0/rank21_confidence-5.83.sdf,7279.126576470588,-1639.3948176470585,5749.060429411764,0,0
DiffDock,Orai1WT-MDSnap-Fr400,2abp-nh3p-OPT,22,/home/manndo/master_dev/diffdock_results/2abp-nh3p-OPT__Orai1WT-MDSnap-Fr400/complex_0/rank22_confidence-5.83.sdf,-1114.9819352941176,953.1921411764708,109.21822941176471,0,0
DiffDock,Orai1WT-MDSnap-Fr400,2abp-nh3p-OPT,23,/home/manndo/master_dev/diffdock_results/2abp-nh3p-OPT__Orai1WT-MDSnap-Fr400/complex_0/rank23_confidence-5.85.sdf,14346.127312114882,12115.340105471001,17236.154976470592,0,0
DiffDock,Orai1WT-MDSnap-Fr400,2abp-nh3p-OPT,24,/home/manndo/master_dev/diffdock_results/2abp-nh3p-OPT__Orai1WT-MDSnap-Fr400/complex_0/rank24_confidence-5.87.sdf,32875.59306070588,-55296.92486211766,76366.50275741176,0,0
DiffDock,Orai1WT-MDSnap-Fr400,2abp-nh3p-OPT,25,/home/manndo/master_dev/diffdock_results/2abp-nh3p-OPT__Orai1WT-MDSnap-Fr400/complex_0/rank25_confidence-5.87.sdf,100.10854705882352,69.36680588235293,188.55339411764706,0,0
DiffDock,Orai1WT-MDSnap-Fr400,2abp-nh3p-OPT,26,/home/manndo/master_dev/diffdock_results/2abp-nh3p-OPT__Orai1WT-MDSnap-Fr400/complex_0/rank26_confidence-5.88.sdf,16411.039867895943,14955.404702691767,14457.038376470586,0,0
DiffDock,Orai1WT-MDSnap-Fr400,2abp-nh3p-OPT,27,/home/manndo/master_dev/diffdock_results/2abp-nh3p-OPT__Orai1WT-MDSnap-Fr400/complex_0/rank27_confidence-6.03.sdf,1940.620511764706,90.48391764705882,1421.054111764706,0,0
DiffDock,Orai1WT-MDSnap-Fr400,2abp-nh3p-OPT,28,/home/manndo/master_dev/diffdock_results/2abp-nh3p-OPT__Orai1WT-MDSnap-Fr400/complex_0/rank28_confidence-6.03.sdf,78.58894705882354,119.20550588235297,197.89339411764706,0,0
DiffDock,Orai1WT-MDSnap-Fr400,2abp-nh3p-OPT,29,/home/manndo/master_dev/diffdock_results/2abp-nh3p-OPT__Orai1WT-MDSnap-Fr400/complex_0/rank29_confidence-6.12.sdf,-14504922.235294119,-8033192.147058823,-5392761.764705882,1,1
DiffDock,Orai1WT-MDSnap-Fr400,2abp-nh3p-OPT,2,/home/manndo/master_dev/diffdock_results/2abp-nh3p-OPT__Orai1WT-MDSnap-Fr400/complex_0/rank2_confidence-2.20.sdf,27.063841176470593,5.103864705882351,-8.838988235294117,0,0
DiffDock,Orai1WT-MDSnap-Fr400,2abp-nh3p-OPT,2,/home/manndo/master_dev/diffdock_results/2abp-nh3p-OPT__Orai1WT-MDSnap-Fr400/complex_0/rank2_confidence-2.28.sdf,2.08825294117647,9.04395294117647,30.73915882352941,0,0
DiffDock,Orai1WT-MDSnap-Fr400,2abp-nh3p-OPT,30,/home/manndo/master_dev/diffdock_results/2abp-nh3p-OPT__Orai1WT-MDSnap-Fr400/complex_0/rank30_confidence-6.13.sdf,1734.4453705882354,1896.8330705882356,-1130.8212764705881,0,0
DiffDock,Orai1WT-MDSnap-Fr400,2abp-nh3p-OPT,3,/home/manndo/master_dev/diffdock_results/2abp-nh3p-OPT__Orai1WT-MDSnap-Fr400/complex_0/rank3_confidence-2.38.sdf,14.128029411764706,16.26193529411765,16.36725882352941,0,0
DiffDock,Orai1WT-MDSnap-Fr400,2abp-nh3p-OPT,3,/home/manndo/master_dev/diffdock_results/2abp-nh3p-OPT__Orai1WT-MDSnap-Fr400/complex_0/rank3_confidence-3.16.sdf,-20.24634117647059,22.75385882352941,5.042288235294117,0,0
DiffDock,Orai1WT-MDSnap-Fr400,2abp-nh3p-OPT,4,/home/manndo/master_dev/diffdock_results/2abp-nh3p-OPT__Orai1WT-MDSnap-Fr400/complex_0/rank4_confidence-2.55.sdf,11.720094117647058,17.043188235294117,14.55074117647059,0,0
DiffDock,Orai1WT-MDSnap-Fr400,2abp-nh3p-OPT,4,/home/manndo/master_dev/diffdock_results/2abp-nh3p-OPT__Orai1WT-MDSnap-Fr400/complex_0/rank4_confidence-4.84.sdf,-4.310094117647059,8.60960588235294,25.217535294117653,0,0
DiffDock,Orai1WT-MDSnap-Fr400,2abp-nh3p-OPT,5,/home/manndo/master_dev/diffdock_results/2abp-nh3p-OPT__Orai1WT-MDSnap-Fr400/complex_0/rank5_confidence-2.75.sdf,5.795929411764706,-0.5880588235294117,37.74849999999999,0,0
DiffDock,Orai1WT-MDSnap-Fr400,2abp-nh3p-OPT,5,/home/manndo/master_dev/diffdock_results/2abp-nh3p-OPT__Orai1WT-MDSnap-Fr400/complex_0/rank5_confidence-4.97.sdf,-7.1281,6.317441176470588,27.663758823529417,0,0
DiffDock,Orai1WT-MDSnap-Fr400,2abp-nh3p-OPT,6,/home/manndo/master_dev/diffdock_results/2abp-nh3p-OPT__Orai1WT-MDSnap-Fr400/complex_0/rank6_confidence-3.30.sdf,16.690194117647053,16.842664705882353,38.01431176470588,0,0
DiffDock,Orai1WT-MDSnap-Fr400,2abp-nh3p-OPT,6,/home/manndo/master_dev/diffdock_results/2abp-nh3p-OPT__Orai1WT-MDSnap-Fr400/complex_0/rank6_confidence-5.72.sdf,165.19651176470583,607.7689882352942,137.71898823529412,0,0
DiffDock,Orai1WT-MDSnap-Fr400,2abp-nh3p-OPT,7,/home/manndo/master_dev/diffdock_results/2abp-nh3p-OPT__Orai1WT-MDSnap-Fr400/complex_0/rank7_confidence-3.81.sdf,27.940564705882352,9.239835294117647,15.197435294117648,0,0
DiffDock,Orai1WT-MDSnap-Fr400,2abp-nh3p-OPT,7,/home/manndo/master_dev/diffdock_results/2abp-nh3p-OPT__Orai1WT-MDSnap-Fr400/complex_0/rank7_confidence-5.74.sdf,-1256.268988235294,824.7472529411765,1588.720388235294,0,0
DiffDock,Orai1WT-MDSnap-Fr400,2abp-nh3p-OPT,8,/home/manndo/master_dev/diffdock_results/2abp-nh3p-OPT__Orai1WT-MDSnap-Fr400/complex_0/rank8_confidence-3.89.sdf,10.080405882352942,-24.089264705882353,32.70608235294118,0,0
DiffDock,Orai1WT-MDSnap-Fr400,2abp-nh3p-OPT,8,/home/manndo/master_dev/diffdock_results/2abp-nh3p-OPT__Orai1WT-MDSnap-Fr400/complex_0/rank8_confidence-5.76.sdf,-166.4531823529412,-197.68032352941174,313.9991235294117,0,0
DiffDock,Orai1WT-MDSnap-Fr400,2abp-nh3p-OPT,9,/home/manndo/master_dev/diffdock_results/2abp-nh3p-OPT__Orai1WT-MDSnap-Fr400/complex_0/rank9_confidence-4.50.sdf,-5.327176470588237,8.595958823529413,26.564864705882353,0,0
DiffDock,Orai1WT-MDSnap-Fr400,2abp-nh3p-OPT,9,/home/manndo/master_dev/diffdock_results/2abp-nh3p-OPT__Orai1WT-MDSnap-Fr400/complex_0/rank9_confidence-5.98.sdf,18.870599999999996,903.5332705882353,-982.2080176470588,0,0
DiffDock,Orai1WT-MDSnap-Fr499,2abp-nh3p-OPT,1,/home/manndo/master_dev/diffdock_results/2abp-nh3p-OPT__Orai1WT-MDSnap-Fr499/complex_0/rank1.sdf,11.030099999999997,-12.63654117647059,8.476170588235293,0,0
DiffDock,Orai1WT-MDSnap-Fr499,2abp-nh3p-OPT,10,/home/manndo/master_dev/diffdock_results/2abp-nh3p-OPT__Orai1WT-MDSnap-Fr499/complex_0/rank10_confidence-3.56.sdf,13.602429411764705,14.138329411764705,22.633711764705883,0,0
DiffDock,Orai1WT-MDSnap-Fr499,2abp-nh3p-OPT,10,/home/manndo/master_dev/diffdock_results/2abp-nh3p-OPT__Orai1WT-MDSnap-Fr499/complex_0/rank10_confidence-4.42.sdf,-13.693129411764703,-20.770423529411765,17.738617647058817,0,0
DiffDock,Orai1WT-MDSnap-Fr499,2abp-nh3p-OPT,11,/home/manndo/master_dev/diffdock_results/2abp-nh3p-OPT__Orai1WT-MDSnap-Fr499/complex_0/rank11_confidence-3.65.sdf,-7.261029411764706,3.0268176470588237,23.79000588235294,0,0
DiffDock,Orai1WT-MDSnap-Fr499,2abp-nh3p-OPT,12,/home/manndo/master_dev/diffdock_results/2abp-nh3p-OPT__Orai1WT-MDSnap-Fr499/complex_0/rank12_confidence-3.73.sdf,0.19889411764705897,33.5537,29.326682352941177,0,0
DiffDock,Orai1WT-MDSnap-Fr499,2abp-nh3p-OPT,13,/home/manndo/master_dev/diffdock_results/2abp-nh3p-OPT__Orai1WT-MDSnap-Fr499/complex_0/rank13_confidence-3.87.sdf,-22.19282352941176,-14.176158823529411,6.6502058823529415,0,0
DiffDock,Orai1WT-MDSnap-Fr499,2abp-nh3p-OPT,14,/home/manndo/master_dev/diffdock_results/2abp-nh3p-OPT__Orai1WT-MDSnap-Fr499/complex_0/rank14_confidence-3.95.sdf,7.462535294117648,-14.271341176470589,12.39716470588235,0,0
DiffDock,Orai1WT-MDSnap-Fr499,2abp-nh3p-OPT,15,/home/manndo/master_dev/diffdock_results/2abp-nh3p-OPT__Orai1WT-MDSnap-Fr499/complex_0/rank15_confidence-4.31.sdf,-24.161070588235294,-14.046952941176471,9.273105882352938,0,0
DiffDock,Orai1WT-MDSnap-Fr499,2abp-nh3p-OPT,16,/home/manndo/master_dev/diffdock_results/2abp-nh3p-OPT__Orai1WT-MDSnap-Fr499/complex_0/rank16_confidence-5.39.sdf,-10954510.529411765,2703933.5588235296,-16684369.294117646,1,1
DiffDock,Orai1WT-MDSnap-Fr499,2abp-nh3p-OPT,17,/home/manndo/master_dev/diffdock_results/2abp-nh3p-OPT__Orai1WT-MDSnap-Fr499/complex_0/rank17_confidence-5.64.sdf,-7578.8250470588255,3951.818047058823,-3956.0152000000003,0,0
DiffDock,Orai1WT-MDSnap-Fr499,2abp-nh3p-OPT,18,/home/manndo/master_dev/diffdock_results/2abp-nh3p-OPT__Orai1WT-MDSnap-Fr499/complex_0/rank18_confidence-5.68.sdf,19342.34999000494,19417.211636926473,19279.85157647059,0,0
DiffDock,Orai1WT-MDSnap-Fr499,2abp-nh3p-OPT,19,/home/manndo/master_dev/diffdock_results/2abp-nh3p-OPT__Orai1WT-MDSnap-Fr499/complex_0/rank19_confidence-5.68.sdf,-13.363564705882352,0.0906058823529412,104.49871764705883,0,0
DiffDock,Orai1WT-MDSnap-Fr499,2abp-nh3p-OPT,1,/home/manndo/master_dev/diffdock_results/2abp-nh3p-OPT__Orai1WT-MDSnap-Fr499/complex_0/rank1_confidence-0.60.sdf,11.030099999999997,-12.63654117647059,8.476170588235293,0,0
DiffDock,Orai1WT-MDSnap-Fr499,2abp-nh3p-OPT,1,/home/manndo/master_dev/diffdock_results/2abp-nh3p-OPT__Orai1WT-MDSnap-Fr499/complex_0/rank1_confidence-2.09.sdf,5.051294117647059,-14.858388235294118,16.420041176470583,0,0
DiffDock,Orai1WT-MDSnap-Fr499,2abp-nh3p-OPT,20,/home/manndo/master_dev/diffdock_results/2abp-nh3p-OPT__Orai1WT-MDSnap-Fr499/complex_0/rank20_confidence-5.71.sdf,198840.5661764706,198797.0900735294,199252.13143382352,0,0
DiffDock,Orai1WT-MDSnap-Fr499,2abp-nh3p-OPT,21,/home/manndo/master_dev/diffdock_results/2abp-nh3p-OPT__Orai1WT-MDSnap-Fr499/complex_0/rank21_confidence-5.73.sdf,198799.32261029413,198745.57536764705,198885.49448529413,0,0
DiffDock,Orai1WT-MDSnap-Fr499,2abp-nh3p-OPT,22,/home/manndo/master_dev/diffdock_results/2abp-nh3p-OPT__Orai1WT-MDSnap-Fr499/complex_0/rank22_confidence-5.74.sdf,19181.59089545965,18989.59387244353,19502.851329411766,0,0
DiffDock,Orai1WT-MDSnap-Fr499,2abp-nh3p-OPT,23,/home/manndo/master_dev/diffdock_results/2abp-nh3p-OPT__Orai1WT-MDSnap-Fr499/complex_0/rank23_confidence-5.76.sdf,-43.58958235294118,6.435770588235294,102.79670588235294,0,0
DiffDock,Orai1WT-MDSnap-Fr499,2abp-nh3p-OPT,24,/home/manndo/master_dev/diffdock_results/2abp-nh3p-OPT__Orai1WT-MDSnap-Fr499/complex_0/rank24_confidence-5.81.sdf,196053.63970588235,199329.11764705883,202036.49724264705,0,0
DiffDock,Orai1WT-MDSnap-Fr499,2abp-nh3p-OPT,25,/home/manndo/master_dev/diffdock_results/2abp-nh3p-OPT__Orai1WT-MDSnap-Fr499/complex_0/rank25_confidence-6.03.sdf,-86.10423529411764,176.32968235294118,221.76339411764707,0,0
DiffDock,Orai1WT-MDSnap-Fr499,2abp-nh3p-OPT,26,/home/manndo/master_dev/diffdock_results/2abp-nh3p-OPT__Orai1WT-MDSnap-Fr499/complex_0/rank26_confidence-6.05.sdf,-146.6656823529412,160.43666470588232,-131.95275294117644,0,0
DiffDock,Orai1WT-MDSnap-Fr499,2abp-nh3p-OPT,27,/home/manndo/master_dev/diffdock_results/2abp-nh3p-OPT__Orai1WT-MDSnap-Fr499/complex_0/rank27_confidence-6.07.sdf,195266.93841911765,197977.41084558822,203875.8474264706,0,0
DiffDock,Orai1WT-MDSnap-Fr499,2abp-nh3p-OPT,28,/home/manndo/master_dev/diffdock_results/2abp-nh3p-OPT__Orai1WT-MDSnap-Fr499/complex_0/rank28_confidence-6.15.sdf,2087446.3161764706,2202963.529411765,-801507.4963235294,0,0
DiffDock,Orai1WT-MDSnap-Fr499,2abp-nh3p-OPT,29,/home/manndo/master_dev/diffdock_results/2abp-nh3p-OPT__Orai1WT-MDSnap-Fr499/complex_0/rank29_confidence-6.24.sdf,19350.82550167741,19324.927413482586,19365.40809411764,0,0
DiffDock,Orai1WT-MDSnap-Fr499,2abp-nh3p-OPT,2,/home/manndo/master_dev/diffdock_results/2abp-nh3p-OPT__Orai1WT-MDSnap-Fr499/complex_0/rank2_confidence-1.45.sdf,-0.9514705882352942,-26.117252941176478,14.501988235294121,0,0
DiffDock,Orai1WT-MDSnap-Fr499,2abp-nh3p-OPT,2,/home/manndo/master_dev/diffdock_results/2abp-nh3p-OPT__Orai1WT-MDSnap-Fr499/complex_0/rank2_confidence-2.09.sdf,13.771823529411765,14.919794117647056,22.353035294117646,0,0
DiffDock,Orai1WT-MDSnap-Fr499,2abp-nh3p-OPT,3,/home/manndo/master_dev/diffdock_results/2abp-nh3p-OPT__Orai1WT-MDSnap-Fr499/complex_0/rank3_confidence-1.52.sdf,25.965905882352942,14.189370588235294,12.7821,0,0
DiffDock,Orai1WT-MDSnap-Fr499,2abp-nh3p-OPT,3,/home/manndo/master_dev/diffdock_results/2abp-nh3p-OPT__Orai1WT-MDSnap-Fr499/complex_0/rank3_confidence-2.40.sdf,-38.474505882352936,-4.5612352941176475,33.327517647058826,0,0
DiffDock,Orai1WT-MDSnap-Fr499,2abp-nh3p-OPT,4,/home/manndo/master_dev/diffdock_results/2abp-nh3p-OPT__Orai1WT-MDSnap-Fr499/complex_0/rank4_confidence-1.64.sdf,22.188664705882353,-13.954964705882352,9.463023529411764,0,0
DiffDock,Orai1WT-MDSnap-Fr499,2abp-nh3p-OPT,4,/home/manndo/master_dev/diffdock_results/2abp-nh3p-OPT__Orai1WT-MDSnap-Fr499/complex_0/rank4_confidence-2.47.sdf,25.358941176470594,3.1201000000000003,30.758311764705876,0,0
DiffDock,Orai1WT-MDSnap-Fr499,2abp-nh3p-OPT,5,/home/manndo/master_dev/diffdock_results/2abp-nh3p-OPT__Orai1WT-MDSnap-Fr499/complex_0/rank5_confidence-1.80.sdf,1.0703764705882353,27.75849411764706,27.940494117647063,0,0
DiffDock,Orai1WT-MDSnap-Fr499,2abp-nh3p-OPT,5,/home/manndo/master_dev/diffdock_results/2abp-nh3p-OPT__Orai1WT-MDSnap-Fr499/complex_0/rank5_confidence-2.68.sdf,-25.737123529411768,-23.40128235294118,24.45791176470588,0,0
DiffDock,Orai1WT-MDSnap-Fr499,2abp-nh3p-OPT,6,/home/manndo/master_dev/diffdock_results/2abp-nh3p-OPT__Orai1WT-MDSnap-Fr499/complex_0/rank6_confidence-2.12.sdf,-2.272876470588235,7.715652941176472,26.240929411764707,0,0
DiffDock,Orai1WT-MDSnap-Fr499,2abp-nh3p-OPT,6,/home/manndo/master_dev/diffdock_results/2abp-nh3p-OPT__Orai1WT-MDSnap-Fr499/complex_0/rank6_confidence-3.31.sdf,-6.632305882352941,4.5578529411764706,24.64185294117647,0,0
DiffDock,Orai1WT-MDSnap-Fr499,2abp-nh3p-OPT,7,/home/manndo/master_dev/diffdock_results/2abp-nh3p-OPT__Orai1WT-MDSnap-Fr499/complex_0/rank7_confidence-3.04.sdf,-3.2369411764705887,25.797547058823532,23.37225294117647,0,0
DiffDock,Orai1WT-MDSnap-Fr499,2abp-nh3p-OPT,7,/home/manndo/master_dev/diffdock_results/2abp-nh3p-OPT__Orai1WT-MDSnap-Fr499/complex_0/rank7_confidence-3.76.sdf,16.146364705882355,-27.935717647058823,31.56798235294118,0,0
DiffDock,Orai1WT-MDSnap-Fr499,2abp-nh3p-OPT,8,/home/manndo/master_dev/diffdock_results/2abp-nh3p-OPT__Orai1WT-MDSnap-Fr499/complex_0/rank8_confidence-3.19.sdf,-11.250199999999996,-22.77909411764706,12.281770588235293,0,0
DiffDock,Orai1WT-MDSnap-Fr499,2abp-nh3p-OPT,8,/home/manndo/master_dev/diffdock_results/2abp-nh3p-OPT__Orai1WT-MDSnap-Fr499/complex_0/rank8_confidence-4.16.sdf,9.62904705882353,-17.24429411764706,19.19437058823529,0,0
DiffDock,Orai1WT-MDSnap-Fr499,2abp-nh3p-OPT,9,/home/manndo/master_dev/diffdock_results/2abp-nh3p-OPT__Orai1WT-MDSnap-Fr499/complex_0/rank9_confidence-3.34.sdf,1.573870588235294,30.271176470588237,25.923552941176474,0,0
DiffDock,Orai1WT-MDSnap-Fr499,2abp-nh3p-OPT,9,/home/manndo/master_dev/diffdock_results/2abp-nh3p-OPT__Orai1WT-MDSnap-Fr499/complex_0/rank9_confidence-4.19.sdf,1.6950823529411763,26.625458823529414,30.75032941176471,0,0
DiffDock,Orai1WT-START-Fr0,2abp-nh3p-OPT,1,/home/manndo/master_dev/diffdock_results/2abp-nh3p-OPT__Orai1WT-START-Fr0/complex_0/rank1.sdf,-14.426582352941178,4.880964705882353,36.54011764705882,0,0
DiffDock,Orai1WT-START-Fr0,2abp-nh3p-OPT,10,/home/manndo/master_dev/diffdock_results/2abp-nh3p-OPT__Orai1WT-START-Fr0/complex_0/rank10_confidence-3.90.sdf,-3.984270588235295,4.65485294117647,29.707894117647054,0,0
DiffDock,Orai1WT-START-Fr0,2abp-nh3p-OPT,10,/home/manndo/master_dev/diffdock_results/2abp-nh3p-OPT__Orai1WT-START-Fr0/complex_0/rank10_confidence-5.93.sdf,-3269.8909823529416,-2832.716823529412,6507.681435294118,0,0
DiffDock,Orai1WT-START-Fr0,2abp-nh3p-OPT,11,/home/manndo/master_dev/diffdock_results/2abp-nh3p-OPT__Orai1WT-START-Fr0/complex_0/rank11_confidence-4.45.sdf,3.1611764705882357,3.394441176470589,23.3198,0,0
DiffDock,Orai1WT-START-Fr0,2abp-nh3p-OPT,12,/home/manndo/master_dev/diffdock_results/2abp-nh3p-OPT__Orai1WT-START-Fr0/complex_0/rank12_confidence-4.81.sdf,-2.287929411764706,2.0404176470588236,25.80538823529412,0,0
DiffDock,Orai1WT-START-Fr0,2abp-nh3p-OPT,13,/home/manndo/master_dev/diffdock_results/2abp-nh3p-OPT__Orai1WT-START-Fr0/complex_0/rank13_confidence-4.88.sdf,-3.926741176470588,2.2411,24.90762352941177,0,0
DiffDock,Orai1WT-START-Fr0,2abp-nh3p-OPT,14,/home/manndo/master_dev/diffdock_results/2abp-nh3p-OPT__Orai1WT-START-Fr0/complex_0/rank14_confidence-5.62.sdf,-132.18949411764706,-357.37548823529414,397.2564176470588,0,0
DiffDock,Orai1WT-START-Fr0,2abp-nh3p-OPT,15,/home/manndo/master_dev/diffdock_results/2abp-nh3p-OPT__Orai1WT-START-Fr0/complex_0/rank15_confidence-5.62.sdf,26895.365611706824,23472.11619075859,43700.30191764707,0,0
DiffDock,Orai1WT-START-Fr0,2abp-nh3p-OPT,16,/home/manndo/master_dev/diffdock_results/2abp-nh3p-OPT__Orai1WT-START-Fr0/complex_0/rank16_confidence-5.64.sdf,60492.189620847945,50260.13771313118,66072.85753529413,0,0
DiffDock,Orai1WT-START-Fr0,2abp-nh3p-OPT,17,/home/manndo/master_dev/diffdock_results/2abp-nh3p-OPT__Orai1WT-START-Fr0/complex_0/rank17_confidence-5.69.sdf,2659.5289294117647,2730.880376470588,2586.393429411765,0,0
DiffDock,Orai1WT-START-Fr0,2abp-nh3p-OPT,18,/home/manndo/master_dev/diffdock_results/2abp-nh3p-OPT__Orai1WT-START-Fr0/complex_0/rank18_confidence-5.70.sdf,83462.94669129411,39036.74908088235,-210921.59283088235,0,0
DiffDock,Orai1WT-START-Fr0,2abp-nh3p-OPT,19,/home/manndo/master_dev/diffdock_results/2abp-nh3p-OPT__Orai1WT-START-Fr0/complex_0/rank19_confidence-5.73.sdf,283979.5698529412,-143050.44669117648,-517599.0955882353,0,0
DiffDock,Orai1WT-START-Fr0,2abp-nh3p-OPT,1,/home/manndo/master_dev/diffdock_results/2abp-nh3p-OPT__Orai1WT-START-Fr0/complex_0/rank1_confidence-1.59.sdf,-22.624335294117643,-10.055617647058824,13.577258823529412,0,0
DiffDock,Orai1WT-START-Fr0,2abp-nh3p-OPT,1,/home/manndo/master_dev/diffdock_results/2abp-nh3p-OPT__Orai1WT-START-Fr0/complex_0/rank1_confidence-1.98.sdf,-14.426582352941178,4.880964705882353,36.54011764705882,0,0
DiffDock,Orai1WT-START-Fr0,2abp-nh3p-OPT,20,/home/manndo/master_dev/diffdock_results/2abp-nh3p-OPT__Orai1WT-START-Fr0/complex_0/rank20_confidence-5.78.sdf,2878.937823529411,2601.537,2561.1786588235295,0,0
DiffDock,Orai1WT-START-Fr0,2abp-nh3p-OPT,21,/home/manndo/master_dev/diffdock_results/2abp-nh3p-OPT__Orai1WT-START-Fr0/complex_0/rank21_confidence-5.78.sdf,57195.55657549617,57849.56669716801,55991.90532941177,0,0
DiffDock,Orai1WT-START-Fr0,2abp-nh3p-OPT,22,/home/manndo/master_dev/diffdock_results/2abp-nh3p-OPT__Orai1WT-START-Fr0/complex_0/rank22_confidence-5.81.sdf,2175.942123529411,2237.6617999999994,2328.672311764706,0,0
DiffDock,Orai1WT-START-Fr0,2abp-nh3p-OPT,23,/home/manndo/master_dev/diffdock_results/2abp-nh3p-OPT__Orai1WT-START-Fr0/complex_0/rank23_confidence-5.82.sdf,62141.14665109959,56982.45684206665,53831.92831176471,0,0
DiffDock,Orai1WT-START-Fr0,2abp-nh3p-OPT,24,/home/manndo/master_dev/diffdock_results/2abp-nh3p-OPT__Orai1WT-START-Fr0/complex_0/rank24_confidence-5.83.sdf,56492.88630349929,56441.000285751645,56340.60570588235,0,0
DiffDock,Orai1WT-START-Fr0,2abp-nh3p-OPT,25,/home/manndo/master_dev/diffdock_results/2abp-nh3p-OPT__Orai1WT-START-Fr0/complex_0/rank25_confidence-5.84.sdf,1174.5398352941174,1594.9802,3162.980935294118,0,0
DiffDock,Orai1WT-START-Fr0,2abp-nh3p-OPT,26,/home/manndo/master_dev/diffdock_results/2abp-nh3p-OPT__Orai1WT-START-Fr0/complex_0/rank26_confidence-5.89.sdf,-4.697670588235294,-2.2871411764705885,21.15285294117647,0,0
DiffDock,Orai1WT-START-Fr0,2abp-nh3p-OPT,27,/home/manndo/master_dev/diffdock_results/2abp-nh3p-OPT__Orai1WT-START-Fr0/complex_0/rank27_confidence-6.02.sdf,-1519.7851823529409,5488.949047058823,-4227.718923529412,0,0
DiffDock,Orai1WT-START-Fr0,2abp-nh3p-OPT,28,/home/manndo/master_dev/diffdock_results/2abp-nh3p-OPT__Orai1WT-START-Fr0/complex_0/rank28_confidence-6.14.sdf,2549.697341176471,2409.429570588235,3196.9864999999995,0,0
DiffDock,Orai1WT-START-Fr0,2abp-nh3p-OPT,29,/home/manndo/master_dev/diffdock_results/2abp-nh3p-OPT__Orai1WT-START-Fr0/complex_0/rank29_confidence-6.17.sdf,600052.0882352941,-200634.00735294117,-1508433.6838235294,1,1
DiffDock,Orai1WT-START-Fr0,2abp-nh3p-OPT,2,/home/manndo/master_dev/diffdock_results/2abp-nh3p-OPT__Orai1WT-START-Fr0/complex_0/rank2_confidence-1.98.sdf,-8.148841176470588,-26.256129411764704,-15.325229411764704,0,0
DiffDock,Orai1WT-START-Fr0,2abp-nh3p-OPT,2,/home/manndo/master_dev/diffdock_results/2abp-nh3p-OPT__Orai1WT-START-Fr0/complex_0/rank2_confidence-2.28.sdf,-30.964082352941176,-0.7444176470588234,-24.56375882352941,0,0
DiffDock,Orai1WT-START-Fr0,2abp-nh3p-OPT,3,/home/manndo/master_dev/diffdock_results/2abp-nh3p-OPT__Orai1WT-START-Fr0/complex_0/rank3_confidence-2.35.sdf,1.746741176470588,-15.849323529411762,38.17135294117647,0,0
DiffDock,Orai1WT-START-Fr0,2abp-nh3p-OPT,3,/home/manndo/master_dev/diffdock_results/2abp-nh3p-OPT__Orai1WT-START-Fr0/complex_0/rank3_confidence-2.41.sdf,2.5157117647058818,-2.175223529411765,27.23701764705882,0,0
DiffDock,Orai1WT-START-Fr0,2abp-nh3p-OPT,4,/home/manndo/master_dev/diffdock_results/2abp-nh3p-OPT__Orai1WT-START-Fr0/complex_0/rank4_confidence-2.44.sdf,-11.757747058823531,-9.496276470588233,29.041558823529414,0,0
DiffDock,Orai1WT-START-Fr0,2abp-nh3p-OPT,4,/home/manndo/master_dev/diffdock_results/2abp-nh3p-OPT__Orai1WT-START-Fr0/complex_0/rank4_confidence-3.59.sdf,5.532064705882354,1.1294470588235295,28.16058235294118,0,0
DiffDock,Orai1WT-START-Fr0,2abp-nh3p-OPT,5,/home/manndo/master_dev/diffdock_results/2abp-nh3p-OPT__Orai1WT-START-Fr0/complex_0/rank5_confidence-2.56.sdf,-2.844152941176471,-3.284852941176471,27.273817647058827,0,0
DiffDock,Orai1WT-START-Fr0,2abp-nh3p-OPT,5,/home/manndo/master_dev/diffdock_results/2abp-nh3p-OPT__Orai1WT-START-Fr0/complex_0/rank5_confidence-4.34.sdf,12.355282352941177,-27.69412352941177,-14.795041176470587,0,0
DiffDock,Orai1WT-START-Fr0,2abp-nh3p-OPT,6,/home/manndo/master_dev/diffdock_results/2abp-nh3p-OPT__Orai1WT-START-Fr0/complex_0/rank6_confidence-2.91.sdf,-2.0119764705882353,-5.554505882352942,30.750541176470588,0,0
DiffDock,Orai1WT-START-Fr0,2abp-nh3p-OPT,6,/home/manndo/master_dev/diffdock_results/2abp-nh3p-OPT__Orai1WT-START-Fr0/complex_0/rank6_confidence-4.55.sdf,-2.107517647058824,-2.7282529411764704,26.052229411764706,0,0
DiffDock,Orai1WT-START-Fr0,2abp-nh3p-OPT,7,/home/manndo/master_dev/diffdock_results/2abp-nh3p-OPT__Orai1WT-START-Fr0/complex_0/rank7_confidence-3.03.sdf,-4.1617588235294125,-1.5637588235294115,27.529123529411763,0,0
DiffDock,Orai1WT-START-Fr0,2abp-nh3p-OPT,7,/home/manndo/master_dev/diffdock_results/2abp-nh3p-OPT__Orai1WT-START-Fr0/complex_0/rank7_confidence-5.00.sdf,1.4374470588235297,3.5324411764705883,25.032341176470588,0,0
DiffDock,Orai1WT-START-Fr0,2abp-nh3p-OPT,8,/home/manndo/master_dev/diffdock_results/2abp-nh3p-OPT__Orai1WT-START-Fr0/complex_0/rank8_confidence-3.23.sdf,3.2425764705882356,1.777794117647059,23.296294117647058,0,0
DiffDock,Orai1WT-START-Fr0,2abp-nh3p-OPT,8,/home/manndo/master_dev/diffdock_results/2abp-nh3p-OPT__Orai1WT-START-Fr0/complex_0/rank8_confidence-5.57.sdf,-3157.384094117647,415.80082352941173,-6939.909988235296,0,0
DiffDock,Orai1WT-START-Fr0,2abp-nh3p-OPT,9,/home/manndo/master_dev/diffdock_results/2abp-nh3p-OPT__Orai1WT-START-Fr0/complex_0/rank9_confidence-3.85.sdf,-1.2921470588235293,7.398499999999999,33.208705882352945,0,0
DiffDock,Orai1WT-START-Fr0,2abp-nh3p-OPT,9,/home/manndo/master_dev/diffdock_results/2abp-nh3p-OPT__Orai1WT-START-Fr0/complex_0/rank9_confidence-5.86.sdf,-419.2826647058823,-1265.9725294117643,-3315.8510235294125,0,0
DiffDock,Orai1WT-MDSnap-Fr300,Synta-66-OPT-Singlet,1,/home/manndo/master_dev/diffdock_results/Synta-66-OPT-Singlet__Orai1WT-MDSnap-Fr300/complex_0/rank1.sdf,28.07130769230769,8.425819230769232,-29.939111538461535,0,0
DiffDock,Orai1WT-MDSnap-Fr300,Synta-66-OPT-Singlet,10,/home/manndo/master_dev/diffdock_results/Synta-66-OPT-Singlet__Orai1WT-MDSnap-Fr300/complex_0/rank10_confidence-2.35.sdf,-13.538492307692307,16.391992307692306,26.759565384615385,0,0
DiffDock,Orai1WT-MDSnap-Fr300,Synta-66-OPT-Singlet,10,/home/manndo/master_dev/diffdock_results/Synta-66-OPT-Singlet__Orai1WT-MDSnap-Fr300/complex_0/rank10_confidence-4.85.sdf,0.16368076923076927,4.914096153846154,-18.13563846153846,0,0
DiffDock,Orai1WT-MDSnap-Fr300,Synta-66-OPT-Singlet,10,/home/manndo/master_dev/diffdock_results/Synta-66-OPT-Singlet__Orai1WT-MDSnap-Fr300/complex_0/rank10_confidence-6.20.sdf,1.5022230769230769,5.8643884615384625,-22.959826923076925,0,0
DiffDock,Orai1WT-MDSnap-Fr300,Synta-66-OPT-Singlet,11,/home/manndo/master_dev/diffdock_results/Synta-66-OPT-Singlet__Orai1WT-MDSnap-Fr300/complex_0/rank11_confidence-2.36.sdf,5.27125,13.87049230769231,-29.847792307692313,0,0
DiffDock,Orai1WT-MDSnap-Fr300,Synta-66-OPT-Singlet,12,/home/manndo/master_dev/diffdock_results/Synta-66-OPT-Singlet__Orai1WT-MDSnap-Fr300/complex_0/rank12_confidence-2.37.sdf,-9.3865,20.773515384615386,11.422342307692306,0,0
DiffDock,Orai1WT-MDSnap-Fr300,Synta-66-OPT-Singlet,13,/home/manndo/master_dev/diffdock_results/Synta-66-OPT-Singlet__Orai1WT-MDSnap-Fr300/complex_0/rank13_confidence-2.47.sdf,11.962930769230768,18.869630769230767,19.93976923076923,0,0
DiffDock,Orai1WT-MDSnap-Fr300,Synta-66-OPT-Singlet,14,/home/manndo/master_dev/diffdock_results/Synta-66-OPT-Singlet__Orai1WT-MDSnap-Fr300/complex_0/rank14_confidence-2.67.sdf,31.07831923076923,2.6353269230769234,-16.197400000000002,0,0
DiffDock,Orai1WT-MDSnap-Fr300,Synta-66-OPT-Singlet,15,/home/manndo/master_dev/diffdock_results/Synta-66-OPT-Singlet__Orai1WT-MDSnap-Fr300/complex_0/rank15_confidence-2.72.sdf,30.16468461538462,5.823480769230769,-17.129357692307693,0,0
DiffDock,Orai1WT-MDSnap-Fr300,Synta-66-OPT-Singlet,16,/home/manndo/master_dev/diffdock_results/Synta-66-OPT-Singlet__Orai1WT-MDSnap-Fr300/complex_0/rank16_confidence-2.75.sdf,-14.02,4.103346153846155,6.0781153846153835,0,0
DiffDock,Orai1WT-MDSnap-Fr300,Synta-66-OPT-Singlet,17,/home/manndo/master_dev/diffdock_results/Synta-66-OPT-Singlet__Orai1WT-MDSnap-Fr300/complex_0/rank17_confidence-2.83.sdf,-4.67476923076923,-11.108353846153847,11.10783076923077,0,0
DiffDock,Orai1WT-MDSnap-Fr300,Synta-66-OPT-Singlet,18,/home/manndo/master_dev/diffdock_results/Synta-66-OPT-Singlet__Orai1WT-MDSnap-Fr300/complex_0/rank18_confidence-3.10.sdf,18.461973076923073,-14.58476153846154,-20.500938461538457,0,0
DiffDock,Orai1WT-MDSnap-Fr300,Synta-66-OPT-Singlet,19,/home/manndo/master_dev/diffdock_results/Synta-66-OPT-Singlet__Orai1WT-MDSnap-Fr300/complex_0/rank19_confidence-3.18.sdf,-0.008365384615384617,5.156153846153846,24.84195769230769,0,0
DiffDock,Orai1WT-MDSnap-Fr300,Synta-66-OPT-Singlet,1,/home/manndo/master_dev/diffdock_results/Synta-66-OPT-Singlet__Orai1WT-MDSnap-Fr300/complex_0/rank1_confidence-0.48.sdf,28.07130769230769,8.425819230769232,-29.939111538461535,0,0
DiffDock,Orai1WT-MDSnap-Fr300,Synta-66-OPT-Singlet,1,/home/manndo/master_dev/diffdock_results/Synta-66-OPT-Singlet__Orai1WT-MDSnap-Fr300/complex_0/rank1_confidence-1.19.sdf,21.359338461538467,25.441634615384615,-24.635334615384618,0,0
DiffDock,Orai1WT-MDSnap-Fr300,Synta-66-OPT-Singlet,1,/home/manndo/master_dev/diffdock_results/Synta-66-OPT-Singlet__Orai1WT-MDSnap-Fr300/complex_0/rank1_confidence-1.35.sdf,-25.44393076923077,0.8808692307692303,-27.44415,0,0
DiffDock,Orai1WT-MDSnap-Fr300,Synta-66-OPT-Singlet,20,/home/manndo/master_dev/diffdock_results/Synta-66-OPT-Singlet__Orai1WT-MDSnap-Fr300/complex_0/rank20_confidence-3.22.sdf,-0.8018423076923077,4.267188461538462,-23.785203846153845,0,0
DiffDock,Orai1WT-MDSnap-Fr300,Synta-66-OPT-Singlet,21,/home/manndo/master_dev/diffdock_results/Synta-66-OPT-Singlet__Orai1WT-MDSnap-Fr300/complex_0/rank21_confidence-3.41.sdf,13.700484615384617,12.993261538461542,-25.203973076923084,0,0
DiffDock,Orai1WT-MDSnap-Fr300,Synta-66-OPT-Singlet,22,/home/manndo/master_dev/diffdock_results/Synta-66-OPT-Singlet__Orai1WT-MDSnap-Fr300/complex_0/rank22_confidence-3.96.sdf,8.840315384615383,17.53606153846154,8.49455769230769,0,0
DiffDock,Orai1WT-MDSnap-Fr300,Synta-66-OPT-Singlet,23,/home/manndo/master_dev/diffdock_results/Synta-66-OPT-Singlet__Orai1WT-MDSnap-Fr300/complex_0/rank23_confidence-4.01.sdf,1.245296153846154,5.609369230769229,26.577038461538457,0,0
DiffDock,Orai1WT-MDSnap-Fr300,Synta-66-OPT-Singlet,24,/home/manndo/master_dev/diffdock_results/Synta-66-OPT-Singlet__Orai1WT-MDSnap-Fr300/complex_0/rank24_confidence-4.70.sdf,-1.1921884615384615,5.281996153846153,-17.959411538461538,0,0
DiffDock,Orai1WT-MDSnap-Fr300,Synta-66-OPT-Singlet,25,/home/manndo/master_dev/diffdock_results/Synta-66-OPT-Singlet__Orai1WT-MDSnap-Fr300/complex_0/rank25_confidence-4.85.sdf,1.6900038461538462,4.971461538461539,-20.697653846153848,0,0
DiffDock,Orai1WT-MDSnap-Fr300,Synta-66-OPT-Singlet,26,/home/manndo/master_dev/diffdock_results/Synta-66-OPT-Singlet__Orai1WT-MDSnap-Fr300/complex_0/rank26_confidence-5.05.sdf,8.503153846153849,-13.039176923076923,14.516976923076923,0,0
DiffDock,Orai1WT-MDSnap-Fr300,Synta-66-OPT-Singlet,27,/home/manndo/master_dev/diffdock_results/Synta-66-OPT-Singlet__Orai1WT-MDSnap-Fr300/complex_0/rank27_confidence-5.28.sdf,-0.687976923076923,8.034500000000001,-22.45772307692308,0,0
DiffDock,Orai1WT-MDSnap-Fr300,Synta-66-OPT-Singlet,28,/home/manndo/master_dev/diffdock_results/Synta-66-OPT-Singlet__Orai1WT-MDSnap-Fr300/complex_0/rank28_confidence-5.37.sdf,1.6106846153846155,5.4881076923076915,-23.337111538461542,0,0
DiffDock,Orai1WT-MDSnap-Fr300,Synta-66-OPT-Singlet,29,/home/manndo/master_dev/diffdock_results/Synta-66-OPT-Singlet__Orai1WT-MDSnap-Fr300/complex_0/rank29_confidence-5.48.sdf,-3346.637451153846,-12871.268404423074,107309.95432673075,0,0
DiffDock,Orai1WT-MDSnap-Fr300,Synta-66-OPT-Singlet,2,/home/manndo/master_dev/diffdock_results/Synta-66-OPT-Singlet__Orai1WT-MDSnap-Fr300/complex_0/rank2_confidence-0.91.sdf,15.957453846153843,-14.225788461538464,16.871815384615385,0,0
DiffDock,Orai1WT-MDSnap-Fr300,Synta-66-OPT-Singlet,2,/home/manndo/master_dev/diffdock_results/Synta-66-OPT-Singlet__Orai1WT-MDSnap-Fr300/complex_0/rank2_confidence-1.77.sdf,23.718519230769235,-14.857634615384617,-17.131796153846153,0,0
DiffDock,Orai1WT-MDSnap-Fr300,Synta-66-OPT-Singlet,2,/home/manndo/master_dev/diffdock_results/Synta-66-OPT-Singlet__Orai1WT-MDSnap-Fr300/complex_0/rank2_confidence-1.98.sdf,29.666315384615384,3.00345,-15.995326923076924,0,0
DiffDock,Orai1WT-MDSnap-Fr300,Synta-66-OPT-Singlet,30,/home/manndo/master_dev/diffdock_results/Synta-66-OPT-Singlet__Orai1WT-MDSnap-Fr300/complex_0/rank30_confidence-5.50.sdf,-1211854.889423077,-5259643.961538462,1285170.3125,1,1
DiffDock,Orai1WT-MDSnap-Fr300,Synta-66-OPT-Singlet,3,/home/manndo/master_dev/diffdock_results/Synta-66-OPT-Singlet__Orai1WT-MDSnap-Fr300/complex_0/rank3_confidence-1.27.sdf,1.7656807692307694,4.006565384615384,-15.715057692307692,0,0
DiffDock,Orai1WT-MDSnap-Fr300,Synta-66-OPT-Singlet,3,/home/manndo/master_dev/diffdock_results/Synta-66-OPT-Singlet__Orai1WT-MDSnap-Fr300/complex_0/rank3_confidence-1.77.sdf,23.092061538461532,-16.810557692307693,-19.318630769230772,0,0
DiffDock,Orai1WT-MDSnap-Fr300,Synta-66-OPT-Singlet,3,/home/manndo/master_dev/diffdock_results/Synta-66-OPT-Singlet__Orai1WT-MDSnap-Fr300/complex_0/rank3_confidence-2.07.sdf,15.858488461538464,-0.7945346153846155,-31.688384615384614,0,0
DiffDock,Orai1WT-MDSnap-Fr300,Synta-66-OPT-Singlet,4,/home/manndo/master_dev/diffdock_results/Synta-66-OPT-Singlet__Orai1WT-MDSnap-Fr300/complex_0/rank4_confidence-1.37.sdf,20.93295384615385,24.872484615384614,-17.636492307692308,0,0
DiffDock,Orai1WT-MDSnap-Fr300,Synta-66-OPT-Singlet,4,/home/manndo/master_dev/diffdock_results/Synta-66-OPT-Singlet__Orai1WT-MDSnap-Fr300/complex_0/rank4_confidence-1.89.sdf,18.70400384615385,25.861984615384618,-15.306680769230768,0,0
DiffDock,Orai1WT-MDSnap-Fr300,Synta-66-OPT-Singlet,4,/home/manndo/master_dev/diffdock_results/Synta-66-OPT-Singlet__Orai1WT-MDSnap-Fr300/complex_0/rank4_confidence-2.37.sdf,32.256165384615386,-5.6838500000000005,-16.327588461538465,0,0
DiffDock,Orai1WT-MDSnap-Fr300,Synta-66-OPT-Singlet,5,/home/manndo/master_dev/diffdock_results/Synta-66-OPT-Singlet__Orai1WT-MDSnap-Fr300/complex_0/rank5_confidence-1.56.sdf,28.90199230769231,-13.26557692307692,-17.84391153846154,0,0
DiffDock,Orai1WT-MDSnap-Fr300,Synta-66-OPT-Singlet,5,/home/manndo/master_dev/diffdock_results/Synta-66-OPT-Singlet__Orai1WT-MDSnap-Fr300/complex_0/rank5_confidence-1.89.sdf,21.916473076923076,-15.172080769230767,-29.536892307692305,0,0
DiffDock,Orai1WT-MDSnap-Fr300,Synta-66-OPT-Singlet,5,/home/manndo/master_dev/diffdock_results/Synta-66-OPT-Singlet__Orai1WT-MDSnap-Fr300/complex_0/rank5_confidence-2.69.sdf,11.711134615384614,28.84950769230769,-26.393557692307695,0,0
DiffDock,Orai1WT-MDSnap-Fr300,Synta-66-OPT-Singlet,6,/home/manndo/master_dev/diffdock_results/Synta-66-OPT-Singlet__Orai1WT-MDSnap-Fr300/complex_0/rank6_confidence-1.86.sdf,19.153457692307686,-18.82125769230769,-31.641792307692306,0,0
DiffDock,Orai1WT-MDSnap-Fr300,Synta-66-OPT-Singlet,6,/home/manndo/master_dev/diffdock_results/Synta-66-OPT-Singlet__Orai1WT-MDSnap-Fr300/complex_0/rank6_confidence-2.75.sdf,-0.8260615384615384,5.298019230769231,-16.503996153846153,0,0
DiffDock,Orai1WT-MDSnap-Fr300,Synta-66-OPT-Singlet,6,/home/manndo/master_dev/diffdock_results/Synta-66-OPT-Singlet__Orai1WT-MDSnap-Fr300/complex_0/rank6_confidence-3.15.sdf,30.240103846153843,-1.5634384615384613,4.062615384615383,0,0
DiffDock,Orai1WT-MDSnap-Fr300,Synta-66-OPT-Singlet,7,/home/manndo/master_dev/diffdock_results/Synta-66-OPT-Singlet__Orai1WT-MDSnap-Fr300/complex_0/rank7_confidence-2.04.sdf,1.1526807692307695,5.980846153846154,26.437103846153853,0,0
DiffDock,Orai1WT-MDSnap-Fr300,Synta-66-OPT-Singlet,7,/home/manndo/master_dev/diffdock_results/Synta-66-OPT-Singlet__Orai1WT-MDSnap-Fr300/complex_0/rank7_confidence-3.23.sdf,-1.6300192307692307,2.2241500000000003,-29.228288461538458,0,0
DiffDock,Orai1WT-MDSnap-Fr300,Synta-66-OPT-Singlet,7,/home/manndo/master_dev/diffdock_results/Synta-66-OPT-Singlet__Orai1WT-MDSnap-Fr300/complex_0/rank7_confidence-4.06.sdf,12.508007692307691,22.03993076923077,19.586684615384613,0,0
DiffDock,Orai1WT-MDSnap-Fr300,Synta-66-OPT-Singlet,8,/home/manndo/master_dev/diffdock_results/Synta-66-OPT-Singlet__Orai1WT-MDSnap-Fr300/complex_0/rank8_confidence-2.06.sdf,-23.43713461538461,-0.48811538461538456,-28.200746153846158,0,0
DiffDock,Orai1WT-MDSnap-Fr300,Synta-66-OPT-Singlet,8,/home/manndo/master_dev/diffdock_results/Synta-66-OPT-Singlet__Orai1WT-MDSnap-Fr300/complex_0/rank8_confidence-3.32.sdf,-12.005953846153846,21.385265384615384,10.413061538461536,0,0
DiffDock,Orai1WT-MDSnap-Fr300,Synta-66-OPT-Singlet,8,/home/manndo/master_dev/diffdock_results/Synta-66-OPT-Singlet__Orai1WT-MDSnap-Fr300/complex_0/rank8_confidence-4.16.sdf,0.6024846153846155,4.8815884615384615,-20.401392307692312,0,0
DiffDock,Orai1WT-MDSnap-Fr300,Synta-66-OPT-Singlet,9,/home/manndo/master_dev/diffdock_results/Synta-66-OPT-Singlet__Orai1WT-MDSnap-Fr300/complex_0/rank9_confidence-2.30.sdf,-0.14579615384615385,7.800073076923076,25.232192307692312,0,0
DiffDock,Orai1WT-MDSnap-Fr300,Synta-66-OPT-Singlet,9,/home/manndo/master_dev/diffdock_results/Synta-66-OPT-Singlet__Orai1WT-MDSnap-Fr300/complex_0/rank9_confidence-3.71.sdf,3.230676923076923,5.351384615384616,17.46939230769231,0,0
DiffDock,Orai1WT-MDSnap-Fr300,Synta-66-OPT-Singlet,9,/home/manndo/master_dev/diffdock_results/Synta-66-OPT-Singlet__Orai1WT-MDSnap-Fr300/complex_0/rank9_confidence-5.82.sdf,0.4908115384615383,5.25338076923077,-19.647138461538457,0,0
DiffDock,Orai1WT-MDSnap-Fr400,Synta-66-OPT-Singlet,1,/home/manndo/master_dev/diffdock_results/Synta-66-OPT-Singlet__Orai1WT-MDSnap-Fr400/complex_0/rank1.sdf,-1.9558615384615383,26.71660384615384,-21.608661538461533,8,4
DiffDock,Orai1WT-MDSnap-Fr400,Synta-66-OPT-Singlet,10,/home/manndo/master_dev/diffdock_results/Synta-66-OPT-Singlet__Orai1WT-MDSnap-Fr400/complex_0/rank10_confidence-2.36.sdf,-10.109457692307691,16.92751923076923,-28.27438461538462,8,4
DiffDock,Orai1WT-MDSnap-Fr400,Synta-66-OPT-Singlet,10,/home/manndo/master_dev/diffdock_results/Synta-66-OPT-Singlet__Orai1WT-MDSnap-Fr400/complex_0/rank10_confidence-4.61.sdf,0.5552230769230768,7.512211538461539,-21.00346923076923,5,2
DiffDock,Orai1WT-MDSnap-Fr400,Synta-66-OPT-Singlet,11,/home/manndo/master_dev/diffdock_results/Synta-66-OPT-Singlet__Orai1WT-MDSnap-Fr400/complex_0/rank11_confidence-2.43.sdf,17.191746153846154,-14.233607692307693,-23.0566,3,7
DiffDock,Orai1WT-MDSnap-Fr400,Synta-66-OPT-Singlet,12,/home/manndo/master_dev/diffdock_results/Synta-66-OPT-Singlet__Orai1WT-MDSnap-Fr400/complex_0/rank12_confidence-2.44.sdf,13.586280769230768,-18.26788846153846,-13.221438461538458,3,7
DiffDock,Orai1WT-MDSnap-Fr400,Synta-66-OPT-Singlet,13,/home/manndo/master_dev/diffdock_results/Synta-66-OPT-Singlet__Orai1WT-MDSnap-Fr400/complex_0/rank13_confidence-2.47.sdf,-28.389730769230773,2.2338192307692295,-19.692165384615386,0,0
DiffDock,Orai1WT-MDSnap-Fr400,Synta-66-OPT-Singlet,14,/home/manndo/master_dev/diffdock_results/Synta-66-OPT-Singlet__Orai1WT-MDSnap-Fr400/complex_0/rank14_confidence-2.62.sdf,0.26193461538461543,4.830988461538462,-14.088592307692302,5,2
DiffDock,Orai1WT-MDSnap-Fr400,Synta-66-OPT-Singlet,15,/home/manndo/master_dev/diffdock_results/Synta-66-OPT-Singlet__Orai1WT-MDSnap-Fr400/complex_0/rank15_confidence-2.93.sdf,2.164623076923077,10.633276923076924,32.54042307692308,7,1
DiffDock,Orai1WT-MDSnap-Fr400,Synta-66-OPT-Singlet,16,/home/manndo/master_dev/diffdock_results/Synta-66-OPT-Singlet__Orai1WT-MDSnap-Fr400/complex_0/rank16_confidence-2.95.sdf,-2.699596153846154,2.7623615384615383,18.862942307692308,7,1
DiffDock,Orai1WT-MDSnap-Fr400,Synta-66-OPT-Singlet,17,/home/manndo/master_dev/diffdock_results/Synta-66-OPT-Singlet__Orai1WT-MDSnap-Fr400/complex_0/rank17_confidence-3.01.sdf,18.973734615384615,-14.515484615384615,-25.920476923076926,3,7
DiffDock,Orai1WT-MDSnap-Fr400,Synta-66-OPT-Singlet,18,/home/manndo/master_dev/diffdock_results/Synta-66-OPT-Singlet__Orai1WT-MDSnap-Fr400/complex_0/rank18_confidence-3.02.sdf,-3.206876923076923,3.0205038461538463,18.68600384615385,7,1
DiffDock,Orai1WT-MDSnap-Fr400,Synta-66-OPT-Singlet,19,/home/manndo/master_dev/diffdock_results/Synta-66-OPT-Singlet__Orai1WT-MDSnap-Fr400/complex_0/rank19_confidence-3.03.sdf,-19.550873076923075,22.863496153846157,-25.235303846153844,0,4
DiffDock,Orai1WT-MDSnap-Fr400,Synta-66-OPT-Singlet,1,/home/manndo/master_dev/diffdock_results/Synta-66-OPT-Singlet__Orai1WT-MDSnap-Fr400/complex_0/rank1_confidence-0.62.sdf,-1.9558615384615383,26.71660384615384,-21.608661538461533,8,4
DiffDock,Orai1WT-MDSnap-Fr400,Synta-66-OPT-Singlet,1,/home/manndo/master_dev/diffdock_results/Synta-66-OPT-Singlet__Orai1WT-MDSnap-Fr400/complex_0/rank1_confidence-2.34.sdf,-0.9357846153846157,3.616411538461539,20.807699999999997,7,1
DiffDock,Orai1WT-MDSnap-Fr400,Synta-66-OPT-Singlet,20,/home/manndo/master_dev/diffdock_results/Synta-66-OPT-Singlet__Orai1WT-MDSnap-Fr400/complex_0/rank20_confidence-3.03.sdf,0.2582923076923071,5.268238461538461,23.273100000000003,7,1
DiffDock,Orai1WT-MDSnap-Fr400,Synta-66-OPT-Singlet,21,/home/manndo/master_dev/diffdock_results/Synta-66-OPT-Singlet__Orai1WT-MDSnap-Fr400/complex_0/rank21_confidence-3.06.sdf,0.540776923076923,4.993719230769231,-24.84664615384615,5,2
DiffDock,Orai1WT-MDSnap-Fr400,Synta-66-OPT-Singlet,22,/home/manndo/master_dev/diffdock_results/Synta-66-OPT-Singlet__Orai1WT-MDSnap-Fr400/complex_0/rank22_confidence-3.17.sdf,28.196200000000008,6.071996153846154,-29.589896153846155,2,3
DiffDock,Orai1WT-MDSnap-Fr400,Synta-66-OPT-Singlet,23,/home/manndo/master_dev/diffdock_results/Synta-66-OPT-Singlet__Orai1WT-MDSnap-Fr400/complex_0/rank23_confidence-3.39.sdf,1.2113115384615385,7.181203846153846,-20.14580769230769,5,2
DiffDock,Orai1WT-MDSnap-Fr400,Synta-66-OPT-Singlet,24,/home/manndo/master_dev/diffdock_results/Synta-66-OPT-Singlet__Orai1WT-MDSnap-Fr400/complex_0/rank24_confidence-3.53.sdf,0.1978307692307692,5.900157692307692,-18.96145384615385,5,2
DiffDock,Orai1WT-MDSnap-Fr400,Synta-66-OPT-Singlet,25,/home/manndo/master_dev/diffdock_results/Synta-66-OPT-Singlet__Orai1WT-MDSnap-Fr400/complex_0/rank25_confidence-3.60.sdf,-2.604130769230769,5.127230769230769,-9.48880769230769,5,2
DiffDock,Orai1WT-MDSnap-Fr400,Synta-66-OPT-Singlet,26,/home/manndo/master_dev/diffdock_results/Synta-66-OPT-Singlet__Orai1WT-MDSnap-Fr400/complex_0/rank26_confidence-3.94.sdf,0.5994923076923077,6.900803846153847,-20.862661538461534,5,2
DiffDock,Orai1WT-MDSnap-Fr400,Synta-66-OPT-Singlet,27,/home/manndo/master_dev/diffdock_results/Synta-66-OPT-Singlet__Orai1WT-MDSnap-Fr400/complex_0/rank27_confidence-4.44.sdf,1.556469230769231,3.330603846153846,27.832388461538464,7,1
DiffDock,Orai1WT-MDSnap-Fr400,Synta-66-OPT-Singlet,28,/home/manndo/master_dev/diffdock_results/Synta-66-OPT-Singlet__Orai1WT-MDSnap-Fr400/complex_0/rank28_confidence-4.66.sdf,-22.85518461538462,10.648126923076925,-30.88461923076923,0,0
DiffDock,Orai1WT-MDSnap-Fr400,Synta-66-OPT-Singlet,29,/home/manndo/master_dev/diffdock_results/Synta-66-OPT-Singlet__Orai1WT-MDSnap-Fr400/complex_0/rank29_confidence-5.65.sdf,-1.5600769230769234,6.021557692307692,-19.23212307692308,5,2
DiffDock,Orai1WT-MDSnap-Fr400,Synta-66-OPT-Singlet,2,/home/manndo/master_dev/diffdock_results/Synta-66-OPT-Singlet__Orai1WT-MDSnap-Fr400/complex_0/rank2_confidence-0.85.sdf,33.31010384615385,14.68165,-21.057488461538462,2,3
DiffDock,Orai1WT-MDSnap-Fr400,Synta-66-OPT-Singlet,2,/home/manndo/master_dev/diffdock_results/Synta-66-OPT-Singlet__Orai1WT-MDSnap-Fr400/complex_0/rank2_confidence-2.39.sdf,8.792684615384614,-25.044896153846153,-20.338157692307693,3,7
DiffDock,Orai1WT-MDSnap-Fr400,Synta-66-OPT-Singlet,30,/home/manndo/master_dev/diffdock_results/Synta-66-OPT-Singlet__Orai1WT-MDSnap-Fr400/complex_0/rank30_confidence-5.68.sdf,-4.700238461538462,3.8273961538461543,18.684219230769234,7,1
DiffDock,Orai1WT-MDSnap-Fr400,Synta-66-OPT-Singlet,3,/home/manndo/master_dev/diffdock_results/Synta-66-OPT-Singlet__Orai1WT-MDSnap-Fr400/complex_0/rank3_confidence-1.50.sdf,32.112049999999996,-4.904330769230769,-13.480207692307694,3,3
DiffDock,Orai1WT-MDSnap-Fr400,Synta-66-OPT-Singlet,3,/home/manndo/master_dev/diffdock_results/Synta-66-OPT-Singlet__Orai1WT-MDSnap-Fr400/complex_0/rank3_confidence-2.54.sdf,-5.054738461538462,5.08236923076923,26.56737307692308,7,1
DiffDock,Orai1WT-MDSnap-Fr400,Synta-66-OPT-Singlet,4,/home/manndo/master_dev/diffdock_results/Synta-66-OPT-Singlet__Orai1WT-MDSnap-Fr400/complex_0/rank4_confidence-1.58.sdf,33.34988076923077,13.827038461538462,-19.61790769230769,2,3
DiffDock,Orai1WT-MDSnap-Fr400,Synta-66-OPT-Singlet,4,/home/manndo/master_dev/diffdock_results/Synta-66-OPT-Singlet__Orai1WT-MDSnap-Fr400/complex_0/rank4_confidence-2.78.sdf,-0.31616153846153827,4.880230769230768,-22.362192307692307,5,2
DiffDock,Orai1WT-MDSnap-Fr400,Synta-66-OPT-Singlet,5,/home/manndo/master_dev/diffdock_results/Synta-66-OPT-Singlet__Orai1WT-MDSnap-Fr400/complex_0/rank5_confidence-1.82.sdf,-29.641119230769227,9.34449230769231,-19.86663076923077,0,0
DiffDock,Orai1WT-MDSnap-Fr400,Synta-66-OPT-Singlet,5,/home/manndo/master_dev/diffdock_results/Synta-66-OPT-Singlet__Orai1WT-MDSnap-Fr400/complex_0/rank5_confidence-2.86.sdf,-22.00870769230769,-16.584065384615386,-14.454573076923081,9,0
DiffDock,Orai1WT-MDSnap-Fr400,Synta-66-OPT-Singlet,6,/home/manndo/master_dev/diffdock_results/Synta-66-OPT-Singlet__Orai1WT-MDSnap-Fr400/complex_0/rank6_confidence-1.91.sdf,-1.5333423076923078,0.17330769230769238,26.52548461538462,7,1
DiffDock,Orai1WT-MDSnap-Fr400,Synta-66-OPT-Singlet,6,/home/manndo/master_dev/diffdock_results/Synta-66-OPT-Singlet__Orai1WT-MDSnap-Fr400/complex_0/rank6_confidence-3.54.sdf,1.5138615384615384,-0.3619807692307692,-23.305061538461537,5,2
DiffDock,Orai1WT-MDSnap-Fr400,Synta-66-OPT-Singlet,7,/home/manndo/master_dev/diffdock_results/Synta-66-OPT-Singlet__Orai1WT-MDSnap-Fr400/complex_0/rank7_confidence-1.97.sdf,1.1332538461538464,5.989284615384615,-19.44095769230769,5,2
DiffDock,Orai1WT-MDSnap-Fr400,Synta-66-OPT-Singlet,7,/home/manndo/master_dev/diffdock_results/Synta-66-OPT-Singlet__Orai1WT-MDSnap-Fr400/complex_0/rank7_confidence-3.55.sdf,-2.9716230769230765,7.365903846153846,27.048019230769224,7,1
DiffDock,Orai1WT-MDSnap-Fr400,Synta-66-OPT-Singlet,8,/home/manndo/master_dev/diffdock_results/Synta-66-OPT-Singlet__Orai1WT-MDSnap-Fr400/complex_0/rank8_confidence-2.02.sdf,10.974923076923078,28.995119230769223,-23.457334615384614,8,4
DiffDock,Orai1WT-MDSnap-Fr400,Synta-66-OPT-Singlet,8,/home/manndo/master_dev/diffdock_results/Synta-66-OPT-Singlet__Orai1WT-MDSnap-Fr400/complex_0/rank8_confidence-3.74.sdf,-9.677565384615386,-4.709834615384614,-26.313399999999998,9,0
DiffDock,Orai1WT-MDSnap-Fr400,Synta-66-OPT-Singlet,9,/home/manndo/master_dev/diffdock_results/Synta-66-OPT-Singlet__Orai1WT-MDSnap-Fr400/complex_0/rank9_confidence-2.32.sdf,10.577388461538463,-12.22705,9.110765384615386,4,5
DiffDock,Orai1WT-MDSnap-Fr400,Synta-66-OPT-Singlet,9,/home/manndo/master_dev/diffdock_results/Synta-66-OPT-Singlet__Orai1WT-MDSnap-Fr400/complex_0/rank9_confidence-3.96.sdf,-2.125946153846154,3.2159730769230768,22.964915384615384,7,1
DiffDock,Orai1WT-MDSnap-Fr499,Synta-66-OPT-Singlet,1,/home/manndo/master_dev/diffdock_results/Synta-66-OPT-Singlet__Orai1WT-MDSnap-Fr499/complex_0/rank1.sdf,0.16811153846153848,9.80198846153846,28.606061538461535,9,0
DiffDock,Orai1WT-MDSnap-Fr499,Synta-66-OPT-Singlet,10,/home/manndo/master_dev/diffdock_results/Synta-66-OPT-Singlet__Orai1WT-MDSnap-Fr499/complex_0/rank10_confidence-2.04.sdf,-27.140534615384617,-3.447523076923077,-23.937199999999997,4,0
DiffDock,Orai1WT-MDSnap-Fr499,Synta-66-OPT-Singlet,10,/home/manndo/master_dev/diffdock_results/Synta-66-OPT-Singlet__Orai1WT-MDSnap-Fr499/complex_0/rank10_confidence-4.80.sdf,-7.281688461538463,3.2710423076923076,22.225865384615382,9,0
DiffDock,Orai1WT-MDSnap-Fr499,Synta-66-OPT-Singlet,11,/home/manndo/master_dev/diffdock_results/Synta-66-OPT-Singlet__Orai1WT-MDSnap-Fr499/complex_0/rank11_confidence-2.11.sdf,11.25407307692308,16.767373076923075,13.671834615384615,3,0
DiffDock,Orai1WT-MDSnap-Fr499,Synta-66-OPT-Singlet,12,/home/manndo/master_dev/diffdock_results/Synta-66-OPT-Singlet__Orai1WT-MDSnap-Fr499/complex_0/rank12_confidence-2.36.sdf,17.69088846153846,8.27635,-30.43861538461539,8,0
DiffDock,Orai1WT-MDSnap-Fr499,Synta-66-OPT-Singlet,13,/home/manndo/master_dev/diffdock_results/Synta-66-OPT-Singlet__Orai1WT-MDSnap-Fr499/complex_0/rank13_confidence-2.43.sdf,18.645576923076927,-17.82792692307692,-16.427034615384613,0,0
DiffDock,Orai1WT-MDSnap-Fr499,Synta-66-OPT-Singlet,14,/home/manndo/master_dev/diffdock_results/Synta-66-OPT-Singlet__Orai1WT-MDSnap-Fr499/complex_0/rank14_confidence-2.52.sdf,-21.445853846153845,0.9624999999999997,10.36936923076923,4,0
DiffDock,Orai1WT-MDSnap-Fr499,Synta-66-OPT-Singlet,15,/home/manndo/master_dev/diffdock_results/Synta-66-OPT-Singlet__Orai1WT-MDSnap-Fr499/complex_0/rank15_confidence-2.73.sdf,-1.942142307692308,4.443476923076923,-26.837657692307687,6,0
DiffDock,Orai1WT-MDSnap-Fr499,Synta-66-OPT-Singlet,16,/home/manndo/master_dev/diffdock_results/Synta-66-OPT-Singlet__Orai1WT-MDSnap-Fr499/complex_0/rank16_confidence-2.88.sdf,13.940738461538464,17.688400000000005,23.50064230769231,3,0
DiffDock,Orai1WT-MDSnap-Fr499,Synta-66-OPT-Singlet,17,/home/manndo/master_dev/diffdock_results/Synta-66-OPT-Singlet__Orai1WT-MDSnap-Fr499/complex_0/rank17_confidence-3.08.sdf,11.051953846153847,25.881657692307684,-27.681384615384616,7,0
DiffDock,Orai1WT-MDSnap-Fr499,Synta-66-OPT-Singlet,18,/home/manndo/master_dev/diffdock_results/Synta-66-OPT-Singlet__Orai1WT-MDSnap-Fr499/complex_0/rank18_confidence-3.27.sdf,10.694007692307691,19.382561538461538,17.57326923076923,3,0
DiffDock,Orai1WT-MDSnap-Fr499,Synta-66-OPT-Singlet,19,/home/manndo/master_dev/diffdock_results/Synta-66-OPT-Singlet__Orai1WT-MDSnap-Fr499/complex_0/rank19_confidence-3.28.sdf,-7.766742307692306,5.405469230769231,29.029684615384614,9,0
DiffDock,Orai1WT-MDSnap-Fr499,Synta-66-OPT-Singlet,1,/home/manndo/master_dev/diffdock_results/Synta-66-OPT-Singlet__Orai1WT-MDSnap-Fr499/complex_0/rank1_confidence-0.89.sdf,0.16811153846153848,9.80198846153846,28.606061538461535,9,0
DiffDock,Orai1WT-MDSnap-Fr499,Synta-66-OPT-Singlet,1,/home/manndo/master_dev/diffdock_results/Synta-66-OPT-Singlet__Orai1WT-MDSnap-Fr499/complex_0/rank1_confidence-1.32.sdf,32.323899999999995,-6.205592307692308,-12.676457692307691,0,0
DiffDock,Orai1WT-MDSnap-Fr499,Synta-66-OPT-Singlet,20,/home/manndo/master_dev/diffdock_results/Synta-66-OPT-Singlet__Orai1WT-MDSnap-Fr499/complex_0/rank20_confidence-3.29.sdf,0.709326923076923,-11.785115384615384,13.328930769230768,1,0
DiffDock,Orai1WT-MDSnap-Fr499,Synta-66-OPT-Singlet,21,/home/manndo/master_dev/diffdock_results/Synta-66-OPT-Singlet__Orai1WT-MDSnap-Fr499/complex_0/rank21_confidence-3.35.sdf,0.9501884615384617,5.113546153846152,-25.35761923076923,6,0
DiffDock,Orai1WT-MDSnap-Fr499,Synta-66-OPT-Singlet,22,/home/manndo/master_dev/diffdock_results/Synta-66-OPT-Singlet__Orai1WT-MDSnap-Fr499/complex_0/rank22_confidence-3.39.sdf,23.90417307692308,13.132873076923074,38.77125,3,0
DiffDock,Orai1WT-MDSnap-Fr499,Synta-66-OPT-Singlet,23,/home/manndo/master_dev/diffdock_results/Synta-66-OPT-Singlet__Orai1WT-MDSnap-Fr499/complex_0/rank23_confidence-3.39.sdf,-1.1482538461538452,39.929788461538465,3.3030153846153847,2,0
DiffDock,Orai1WT-MDSnap-Fr499,Synta-66-OPT-Singlet,24,/home/manndo/master_dev/diffdock_results/Synta-66-OPT-Singlet__Orai1WT-MDSnap-Fr499/complex_0/rank24_confidence-3.72.sdf,-1.6535384615384616,6.940707692307693,20.630061538461536,9,0
DiffDock,Orai1WT-MDSnap-Fr499,Synta-66-OPT-Singlet,25,/home/manndo/master_dev/diffdock_results/Synta-66-OPT-Singlet__Orai1WT-MDSnap-Fr499/complex_0/rank25_confidence-4.60.sdf,-0.7641346153846154,5.472603846153846,-12.038642307692308,6,0
DiffDock,Orai1WT-MDSnap-Fr499,Synta-66-OPT-Singlet,26,/home/manndo/master_dev/diffdock_results/Synta-66-OPT-Singlet__Orai1WT-MDSnap-Fr499/complex_0/rank26_confidence-4.82.sdf,-2.881669230769231,4.587365384615385,26.401661538461536,9,0
DiffDock,Orai1WT-MDSnap-Fr499,Synta-66-OPT-Singlet,27,/home/manndo/master_dev/diffdock_results/Synta-66-OPT-Singlet__Orai1WT-MDSnap-Fr499/complex_0/rank27_confidence-5.06.sdf,-3.009080769230769,7.452942307692309,20.82796923076923,9,0
DiffDock,Orai1WT-MDSnap-Fr499,Synta-66-OPT-Singlet,28,/home/manndo/master_dev/diffdock_results/Synta-66-OPT-Singlet__Orai1WT-MDSnap-Fr499/complex_0/rank28_confidence-5.27.sdf,-2.4619192307692304,8.463826923076924,21.76967307692307,9,0
DiffDock,Orai1WT-MDSnap-Fr499,Synta-66-OPT-Singlet,29,/home/manndo/master_dev/diffdock_results/Synta-66-OPT-Singlet__Orai1WT-MDSnap-Fr499/complex_0/rank29_confidence-5.59.sdf,-175.7927461538461,-174.37935000000002,69.50230384615385,5,1
DiffDock,Orai1WT-MDSnap-Fr499,Synta-66-OPT-Singlet,2,/home/manndo/master_dev/diffdock_results/Synta-66-OPT-Singlet__Orai1WT-MDSnap-Fr499/complex_0/rank2_confidence-1.36.sdf,24.65068846153846,23.758719230769234,-17.867157692307696,8,0
DiffDock,Orai1WT-MDSnap-Fr499,Synta-66-OPT-Singlet,2,/home/manndo/master_dev/diffdock_results/Synta-66-OPT-Singlet__Orai1WT-MDSnap-Fr499/complex_0/rank2_confidence-1.62.sdf,6.330407692307692,17.865180769230772,-32.71479615384616,7,0
DiffDock,Orai1WT-MDSnap-Fr499,Synta-66-OPT-Singlet,30,/home/manndo/master_dev/diffdock_results/Synta-66-OPT-Singlet__Orai1WT-MDSnap-Fr499/complex_0/rank30_confidence-5.78.sdf,-0.8495076923076924,6.878476923076921,-20.005565384615384,6,0
DiffDock,Orai1WT-MDSnap-Fr499,Synta-66-OPT-Singlet,3,/home/manndo/master_dev/diffdock_results/Synta-66-OPT-Singlet__Orai1WT-MDSnap-Fr499/complex_0/rank3_confidence-1.37.sdf,31.618511538461537,-6.863703846153846,-17.449842307692307,0,0
DiffDock,Orai1WT-MDSnap-Fr499,Synta-66-OPT-Singlet,3,/home/manndo/master_dev/diffdock_results/Synta-66-OPT-Singlet__Orai1WT-MDSnap-Fr499/complex_0/rank3_confidence-1.80.sdf,-2.7108,7.6503115384615406,24.384576923076924,9,0
DiffDock,Orai1WT-MDSnap-Fr499,Synta-66-OPT-Singlet,4,/home/manndo/master_dev/diffdock_results/Synta-66-OPT-Singlet__Orai1WT-MDSnap-Fr499/complex_0/rank4_confidence-1.67.sdf,13.009080769230772,-13.443749999999996,11.16610769230769,1,0
DiffDock,Orai1WT-MDSnap-Fr499,Synta-66-OPT-Singlet,4,/home/manndo/master_dev/diffdock_results/Synta-66-OPT-Singlet__Orai1WT-MDSnap-Fr499/complex_0/rank4_confidence-1.87.sdf,3.4430192307692304,-2.1452115384615387,-28.38434999999999,6,0
DiffDock,Orai1WT-MDSnap-Fr499,Synta-66-OPT-Singlet,5,/home/manndo/master_dev/diffdock_results/Synta-66-OPT-Singlet__Orai1WT-MDSnap-Fr499/complex_0/rank5_confidence-1.82.sdf,-27.207150000000006,3.2143192307692305,-8.655684615384613,4,0
DiffDock,Orai1WT-MDSnap-Fr499,Synta-66-OPT-Singlet,5,/home/manndo/master_dev/diffdock_results/Synta-66-OPT-Singlet__Orai1WT-MDSnap-Fr499/complex_0/rank5_confidence-2.35.sdf,16.979676923076923,8.511169230769232,-31.28846153846154,8,0
DiffDock,Orai1WT-MDSnap-Fr499,Synta-66-OPT-Singlet,6,/home/manndo/master_dev/diffdock_results/Synta-66-OPT-Singlet__Orai1WT-MDSnap-Fr499/complex_0/rank6_confidence-1.90.sdf,20.849253846153847,-15.179323076923081,-27.226630769230763,0,0
DiffDock,Orai1WT-MDSnap-Fr499,Synta-66-OPT-Singlet,6,/home/manndo/master_dev/diffdock_results/Synta-66-OPT-Singlet__Orai1WT-MDSnap-Fr499/complex_0/rank6_confidence-2.84.sdf,-9.649996153846153,13.67811923076923,28.418926923076917,9,0
DiffDock,Orai1WT-MDSnap-Fr499,Synta-66-OPT-Singlet,7,/home/manndo/master_dev/diffdock_results/Synta-66-OPT-Singlet__Orai1WT-MDSnap-Fr499/complex_0/rank7_confidence-1.91.sdf,-0.16162692307692308,4.103588461538462,26.70186923076923,9,0
DiffDock,Orai1WT-MDSnap-Fr499,Synta-66-OPT-Singlet,7,/home/manndo/master_dev/diffdock_results/Synta-66-OPT-Singlet__Orai1WT-MDSnap-Fr499/complex_0/rank7_confidence-3.28.sdf,-4.4394307692307695,10.637938461538463,27.10968076923077,9,0
DiffDock,Orai1WT-MDSnap-Fr499,Synta-66-OPT-Singlet,8,/home/manndo/master_dev/diffdock_results/Synta-66-OPT-Singlet__Orai1WT-MDSnap-Fr499/complex_0/rank8_confidence-1.97.sdf,-1.896523076923077,7.797599999999999,25.930669230769233,9,0
DiffDock,Orai1WT-MDSnap-Fr499,Synta-66-OPT-Singlet,8,/home/manndo/master_dev/diffdock_results/Synta-66-OPT-Singlet__Orai1WT-MDSnap-Fr499/complex_0/rank8_confidence-3.40.sdf,18.031246153846148,-15.142107692307693,-22.816538461538464,0,0
DiffDock,Orai1WT-MDSnap-Fr499,Synta-66-OPT-Singlet,9,/home/manndo/master_dev/diffdock_results/Synta-66-OPT-Singlet__Orai1WT-MDSnap-Fr499/complex_0/rank9_confidence-1.98.sdf,18.99955384615384,-18.237769230769235,-25.34726538461538,0,0
DiffDock,Orai1WT-MDSnap-Fr499,Synta-66-OPT-Singlet,9,/home/manndo/master_dev/diffdock_results/Synta-66-OPT-Singlet__Orai1WT-MDSnap-Fr499/complex_0/rank9_confidence-3.80.sdf,0.6679076923076923,3.0216884615384627,-22.497392307692312,6,0
DiffDock,Orai1WT-START-Fr0,Synta-66-OPT-Singlet,1,/home/manndo/master_dev/diffdock_results/Synta-66-OPT-Singlet__Orai1WT-START-Fr0/complex_0/rank1.sdf,-12.500523076923072,1.4172230769230771,-27.836261538461542,9,1
DiffDock,Orai1WT-START-Fr0,Synta-66-OPT-Singlet,10,/home/manndo/master_dev/diffdock_results/Synta-66-OPT-Singlet__Orai1WT-START-Fr0/complex_0/rank10_confidence-2.39.sdf,-19.324434615384614,13.166461538461537,-34.07504615384616,9,1
DiffDock,Orai1WT-START-Fr0,Synta-66-OPT-Singlet,10,/home/manndo/master_dev/diffdock_results/Synta-66-OPT-Singlet__Orai1WT-START-Fr0/complex_0/rank10_confidence-5.54.sdf,-73.88012692307692,2.0720961538461538,-4.002661538461539,7,0
DiffDock,Orai1WT-START-Fr0,Synta-66-OPT-Singlet,11,/home/manndo/master_dev/diffdock_results/Synta-66-OPT-Singlet__Orai1WT-START-Fr0/complex_0/rank11_confidence-2.59.sdf,14.266346153846152,5.0245,-29.89573076923077,8,1
DiffDock,Orai1WT-START-Fr0,Synta-66-OPT-Singlet,12,/home/manndo/master_dev/diffdock_results/Synta-66-OPT-Singlet__Orai1WT-START-Fr0/complex_0/rank12_confidence-2.82.sdf,-8.881134615384614,-16.31003846153846,-34.447896153846166,0,1
DiffDock,Orai1WT-START-Fr0,Synta-66-OPT-Singlet,13,/home/manndo/master_dev/diffdock_results/Synta-66-OPT-Singlet__Orai1WT-START-Fr0/complex_0/rank13_confidence-2.83.sdf,-17.069265384615385,-23.84595,-22.09358076923077,0,1
DiffDock,Orai1WT-START-Fr0,Synta-66-OPT-Singlet,14,/home/manndo/master_dev/diffdock_results/Synta-66-OPT-Singlet__Orai1WT-START-Fr0/complex_0/rank14_confidence-2.91.sdf,-4.784488461538462,-20.100069230769233,-31.469665384615382,0,1
DiffDock,Orai1WT-START-Fr0,Synta-66-OPT-Singlet,15,/home/manndo/master_dev/diffdock_results/Synta-66-OPT-Singlet__Orai1WT-START-Fr0/complex_0/rank15_confidence-2.97.sdf,-0.15781538461538466,11.40576923076923,-33.27515384615385,8,1
DiffDock,Orai1WT-START-Fr0,Synta-66-OPT-Singlet,16,/home/manndo/master_dev/diffdock_results/Synta-66-OPT-Singlet__Orai1WT-START-Fr0/complex_0/rank16_confidence-3.18.sdf,10.883096153846157,10.389588461538462,-30.272592307692303,8,1
DiffDock,Orai1WT-START-Fr0,Synta-66-OPT-Singlet,17,/home/manndo/master_dev/diffdock_results/Synta-66-OPT-Singlet__Orai1WT-START-Fr0/complex_0/rank17_confidence-3.19.sdf,11.330576923076924,7.577003846153845,-30.824730769230772,8,1
DiffDock,Orai1WT-START-Fr0,Synta-66-OPT-Singlet,18,/home/manndo/master_dev/diffdock_results/Synta-66-OPT-Singlet__Orai1WT-START-Fr0/complex_0/rank18_confidence-3.25.sdf,-2.9250038461538463,-0.6553192307692306,25.652307692307694,1,0
DiffDock,Orai1WT-START-Fr0,Synta-66-OPT-Singlet,19,/home/manndo/master_dev/diffdock_results/Synta-66-OPT-Singlet__Orai1WT-START-Fr0/complex_0/rank19_confidence-3.65.sdf,17.591730769230768,-0.5837384615384613,-32.779473076923075,8,1
DiffDock,Orai1WT-START-Fr0,Synta-66-OPT-Singlet,1,/home/manndo/master_dev/diffdock_results/Synta-66-OPT-Singlet__Orai1WT-START-Fr0/complex_0/rank1_confidence-1.23.sdf,-12.500523076923072,1.4172230769230771,-27.836261538461542,9,1
DiffDock,Orai1WT-START-Fr0,Synta-66-OPT-Singlet,1,/home/manndo/master_dev/diffdock_results/Synta-66-OPT-Singlet__Orai1WT-START-Fr0/complex_0/rank1_confidence-2.05.sdf,2.663119230769231,-4.228834615384615,28.70440384615385,1,0
DiffDock,Orai1WT-START-Fr0,Synta-66-OPT-Singlet,20,/home/manndo/master_dev/diffdock_results/Synta-66-OPT-Singlet__Orai1WT-START-Fr0/complex_0/rank20_confidence-3.66.sdf,-0.8374615384615385,2.6597461538461533,25.888630769230776,1,0
DiffDock,Orai1WT-START-Fr0,Synta-66-OPT-Singlet,21,/home/manndo/master_dev/diffdock_results/Synta-66-OPT-Singlet__Orai1WT-START-Fr0/complex_0/rank21_confidence-3.73.sdf,1.0556038461538466,0.05500000000000002,30.12443461538461,1,0
DiffDock,Orai1WT-START-Fr0,Synta-66-OPT-Singlet,22,/home/manndo/master_dev/diffdock_results/Synta-66-OPT-Singlet__Orai1WT-START-Fr0/complex_0/rank22_confidence-3.75.sdf,-0.14214230769230773,-2.770519230769231,21.550215384615377,1,0
DiffDock,Orai1WT-START-Fr0,Synta-66-OPT-Singlet,23,/home/manndo/master_dev/diffdock_results/Synta-66-OPT-Singlet__Orai1WT-START-Fr0/complex_0/rank23_confidence-3.90.sdf,12.83335,-3.1527230769230767,-30.800296153846155,8,1
DiffDock,Orai1WT-START-Fr0,Synta-66-OPT-Singlet,24,/home/manndo/master_dev/diffdock_results/Synta-66-OPT-Singlet__Orai1WT-START-Fr0/complex_0/rank24_confidence-4.19.sdf,0.37895769230769233,0.3774153846153847,25.732542307692306,1,0
DiffDock,Orai1WT-START-Fr0,Synta-66-OPT-Singlet,25,/home/manndo/master_dev/diffdock_results/Synta-66-OPT-Singlet__Orai1WT-START-Fr0/complex_0/rank25_confidence-4.24.sdf,-7.943350000000001,-2.479103846153846,-35.35118846153846,9,1
DiffDock,Orai1WT-START-Fr0,Synta-66-OPT-Singlet,26,/home/manndo/master_dev/diffdock_results/Synta-66-OPT-Singlet__Orai1WT-START-Fr0/complex_0/rank26_confidence-4.29.sdf,-0.5699038461538461,2.2684076923076923,24.957742307692307,1,0
DiffDock,Orai1WT-START-Fr0,Synta-66-OPT-Singlet,27,/home/manndo/master_dev/diffdock_results/Synta-66-OPT-Singlet__Orai1WT-START-Fr0/complex_0/rank27_confidence-4.80.sdf,4.748607692307692,-3.771384615384616,29.007176923076926,1,0
DiffDock,Orai1WT-START-Fr0,Synta-66-OPT-Singlet,28,/home/manndo/master_dev/diffdock_results/Synta-66-OPT-Singlet__Orai1WT-START-Fr0/complex_0/rank28_confidence-4.85.sdf,-0.6858576923076923,18.165553846153845,-34.131846153846155,8,1
DiffDock,Orai1WT-START-Fr0,Synta-66-OPT-Singlet,29,/home/manndo/master_dev/diffdock_results/Synta-66-OPT-Singlet__Orai1WT-START-Fr0/complex_0/rank29_confidence-5.23.sdf,0.627442307692308,1.7556846153846153,25.368430769230773,1,0
DiffDock,Orai1WT-START-Fr0,Synta-66-OPT-Singlet,2,/home/manndo/master_dev/diffdock_results/Synta-66-OPT-Singlet__Orai1WT-START-Fr0/complex_0/rank2_confidence-1.41.sdf,-2.9540307692307697,28.175434615384617,5.390442307692307,4,0
DiffDock,Orai1WT-START-Fr0,Synta-66-OPT-Singlet,2,/home/manndo/master_dev/diffdock_results/Synta-66-OPT-Singlet__Orai1WT-START-Fr0/complex_0/rank2_confidence-2.14.sdf,1.4027115384615385,-7.36745,-35.216449999999995,0,1
DiffDock,Orai1WT-START-Fr0,Synta-66-OPT-Singlet,30,/home/manndo/master_dev/diffdock_results/Synta-66-OPT-Singlet__Orai1WT-START-Fr0/complex_0/rank30_confidence-5.51.sdf,-0.06692692307692347,-2.048657692307692,29.532615384615386,1,0
DiffDock,Orai1WT-START-Fr0,Synta-66-OPT-Singlet,3,/home/manndo/master_dev/diffdock_results/Synta-66-OPT-Singlet__Orai1WT-START-Fr0/complex_0/rank3_confidence-1.52.sdf,12.94922307692308,22.214584615384616,-29.767457692307687,8,1
DiffDock,Orai1WT-START-Fr0,Synta-66-OPT-Singlet,3,/home/manndo/master_dev/diffdock_results/Synta-66-OPT-Singlet__Orai1WT-START-Fr0/complex_0/rank3_confidence-2.31.sdf,25.32769615384615,-14.413376923076923,7.653307692307691,2,0
DiffDock,Orai1WT-START-Fr0,Synta-66-OPT-Singlet,4,/home/manndo/master_dev/diffdock_results/Synta-66-OPT-Singlet__Orai1WT-START-Fr0/complex_0/rank4_confidence-1.72.sdf,-0.21091538461538464,0.21611153846153844,-22.94387692307692,3,1
DiffDock,Orai1WT-START-Fr0,Synta-66-OPT-Singlet,4,/home/manndo/master_dev/diffdock_results/Synta-66-OPT-Singlet__Orai1WT-START-Fr0/complex_0/rank4_confidence-2.44.sdf,-11.853446153846157,13.797396153846156,-32.356915384615384,9,1
DiffDock,Orai1WT-START-Fr0,Synta-66-OPT-Singlet,5,/home/manndo/master_dev/diffdock_results/Synta-66-OPT-Singlet__Orai1WT-START-Fr0/complex_0/rank5_confidence-1.75.sdf,-1.4915769230769231,0.17373076923076922,-29.53606153846154,9,1
DiffDock,Orai1WT-START-Fr0,Synta-66-OPT-Singlet,5,/home/manndo/master_dev/diffdock_results/Synta-66-OPT-Singlet__Orai1WT-START-Fr0/complex_0/rank5_confidence-2.75.sdf,12.076684615384615,-10.944196153846153,-28.844138461538456,0,1
DiffDock,Orai1WT-START-Fr0,Synta-66-OPT-Singlet,6,/home/manndo/master_dev/diffdock_results/Synta-66-OPT-Singlet__Orai1WT-START-Fr0/complex_0/rank6_confidence-1.90.sdf,-0.4869576923076923,0.7646653846153846,21.282061538461537,1,0
DiffDock,Orai1WT-START-Fr0,Synta-66-OPT-Singlet,6,/home/manndo/master_dev/diffdock_results/Synta-66-OPT-Singlet__Orai1WT-START-Fr0/complex_0/rank6_confidence-3.13.sdf,-5.498800000000001,-19.239842307692307,-32.31698076923077,0,1
DiffDock,Orai1WT-START-Fr0,Synta-66-OPT-Singlet,7,/home/manndo/master_dev/diffdock_results/Synta-66-OPT-Singlet__Orai1WT-START-Fr0/complex_0/rank7_confidence-1.98.sdf,1.0620923076923074,0.18621153846153848,-25.158576923076925,8,1
DiffDock,Orai1WT-START-Fr0,Synta-66-OPT-Singlet,7,/home/manndo/master_dev/diffdock_results/Synta-66-OPT-Singlet__Orai1WT-START-Fr0/complex_0/rank7_confidence-4.02.sdf,-1.3914538461538462,2.0796730769230765,25.78293461538461,1,0
DiffDock,Orai1WT-START-Fr0,Synta-66-OPT-Singlet,8,/home/manndo/master_dev/diffdock_results/Synta-66-OPT-Singlet__Orai1WT-START-Fr0/complex_0/rank8_confidence-2.27.sdf,2.1847807692307692,2.367992307692308,-29.843896153846153,8,1
DiffDock,Orai1WT-START-Fr0,Synta-66-OPT-Singlet,8,/home/manndo/master_dev/diffdock_results/Synta-66-OPT-Singlet__Orai1WT-START-Fr0/complex_0/rank8_confidence-4.55.sdf,-1.6084884615384616,-15.17695384615385,-30.013380769230768,0,1
DiffDock,Orai1WT-START-Fr0,Synta-66-OPT-Singlet,9,/home/manndo/master_dev/diffdock_results/Synta-66-OPT-Singlet__Orai1WT-START-Fr0/complex_0/rank9_confidence-2.32.sdf,1.5626769230769229,3.5817307692307687,26.789007692307692,1,0
DiffDock,Orai1WT-START-Fr0,Synta-66-OPT-Singlet,9,/home/manndo/master_dev/diffdock_results/Synta-66-OPT-Singlet__Orai1WT-START-Fr0/complex_0/rank9_confidence-4.75.sdf,-11.388707692307694,-6.488623076923077,-30.769265384615384,9,1
DiffDock,Orai1WT-MDSnap-Fr300,gsk7975a-deprot-OPT,1,/home/manndo/master_dev/diffdock_results/gsk7975a-deprot-OPT__Orai1WT-MDSnap-Fr300/complex_0/rank1.sdf,9.07884642857143,21.299125,-33.219435714285716,2,8
DiffDock,Orai1WT-MDSnap-Fr300,gsk7975a-deprot-OPT,10,/home/manndo/master_dev/diffdock_results/gsk7975a-deprot-OPT__Orai1WT-MDSnap-Fr300/complex_0/rank10_confidence-2.42.sdf,19.173085714285715,-15.175150000000002,-39.43338214285715,1,0
DiffDock,Orai1WT-MDSnap-Fr300,gsk7975a-deprot-OPT,10,/home/manndo/master_dev/diffdock_results/gsk7975a-deprot-OPT__Orai1WT-MDSnap-Fr300/complex_0/rank10_confidence-4.53.sdf,1.266189285714286,4.288603571428571,-26.010717857142858,8,6
DiffDock,Orai1WT-MDSnap-Fr300,gsk7975a-deprot-OPT,10,/home/manndo/master_dev/diffdock_results/gsk7975a-deprot-OPT__Orai1WT-MDSnap-Fr300/complex_0/rank10_confidence-5.57.sdf,-0.13896071428571447,7.644246428571426,-24.85909285714286,8,6
DiffDock,Orai1WT-MDSnap-Fr300,gsk7975a-deprot-OPT,11,/home/manndo/master_dev/diffdock_results/gsk7975a-deprot-OPT__Orai1WT-MDSnap-Fr300/complex_0/rank11_confidence-2.46.sdf,0.5735464285714286,5.549007142857142,-19.75299642857143,8,6
DiffDock,Orai1WT-MDSnap-Fr300,gsk7975a-deprot-OPT,12,/home/manndo/master_dev/diffdock_results/gsk7975a-deprot-OPT__Orai1WT-MDSnap-Fr300/complex_0/rank12_confidence-2.54.sdf,29.90651071428571,4.198639285714286,-16.50585,3,1
DiffDock,Orai1WT-MDSnap-Fr300,gsk7975a-deprot-OPT,13,/home/manndo/master_dev/diffdock_results/gsk7975a-deprot-OPT__Orai1WT-MDSnap-Fr300/complex_0/rank13_confidence-2.72.sdf,13.17234642857143,-1.87955,-30.40177857142857,1,0
DiffDock,Orai1WT-MDSnap-Fr300,gsk7975a-deprot-OPT,14,/home/manndo/master_dev/diffdock_results/gsk7975a-deprot-OPT__Orai1WT-MDSnap-Fr300/complex_0/rank14_confidence-2.83.sdf,16.140410714285714,6.216532142857145,-25.180207142857142,5,0
DiffDock,Orai1WT-MDSnap-Fr300,gsk7975a-deprot-OPT,15,/home/manndo/master_dev/diffdock_results/gsk7975a-deprot-OPT__Orai1WT-MDSnap-Fr300/complex_0/rank15_confidence-2.88.sdf,10.574932142857145,-2.995721428571429,-27.839696428571433,1,0
DiffDock,Orai1WT-MDSnap-Fr300,gsk7975a-deprot-OPT,16,/home/manndo/master_dev/diffdock_results/gsk7975a-deprot-OPT__Orai1WT-MDSnap-Fr300/complex_0/rank16_confidence-3.01.sdf,1.1777714285714287,4.442132142857143,-20.685357142857136,8,6
DiffDock,Orai1WT-MDSnap-Fr300,gsk7975a-deprot-OPT,17,/home/manndo/master_dev/diffdock_results/gsk7975a-deprot-OPT__Orai1WT-MDSnap-Fr300/complex_0/rank17_confidence-3.05.sdf,0.30020357142857146,5.354885714285717,-22.88529285714285,8,6
DiffDock,Orai1WT-MDSnap-Fr300,gsk7975a-deprot-OPT,18,/home/manndo/master_dev/diffdock_results/gsk7975a-deprot-OPT__Orai1WT-MDSnap-Fr300/complex_0/rank18_confidence-3.14.sdf,-10.228196428571428,-15.681232142857144,-32.405389285714286,0,5
DiffDock,Orai1WT-MDSnap-Fr300,gsk7975a-deprot-OPT,19,/home/manndo/master_dev/diffdock_results/gsk7975a-deprot-OPT__Orai1WT-MDSnap-Fr300/complex_0/rank19_confidence-3.23.sdf,12.375667857142858,2.8259642857142855,-35.468932142857135,1,0
DiffDock,Orai1WT-MDSnap-Fr300,gsk7975a-deprot-OPT,1,/home/manndo/master_dev/diffdock_results/gsk7975a-deprot-OPT__Orai1WT-MDSnap-Fr300/complex_0/rank1_confidence-1.18.sdf,9.07884642857143,21.299125,-33.219435714285716,2,8
DiffDock,Orai1WT-MDSnap-Fr300,gsk7975a-deprot-OPT,1,/home/manndo/master_dev/diffdock_results/gsk7975a-deprot-OPT__Orai1WT-MDSnap-Fr300/complex_0/rank1_confidence-1.45.sdf,23.91542857142856,6.318150000000001,-31.28570357142857,5,0
DiffDock,Orai1WT-MDSnap-Fr300,gsk7975a-deprot-OPT,1,/home/manndo/master_dev/diffdock_results/gsk7975a-deprot-OPT__Orai1WT-MDSnap-Fr300/complex_0/rank1_confidence-1.63.sdf,0.43131428571428554,3.279403571428571,-19.99350357142858,8,6
DiffDock,Orai1WT-MDSnap-Fr300,gsk7975a-deprot-OPT,20,/home/manndo/master_dev/diffdock_results/gsk7975a-deprot-OPT__Orai1WT-MDSnap-Fr300/complex_0/rank20_confidence-3.43.sdf,23.108632142857147,25.276607142857152,-13.545560714285715,5,1
DiffDock,Orai1WT-MDSnap-Fr300,gsk7975a-deprot-OPT,21,/home/manndo/master_dev/diffdock_results/gsk7975a-deprot-OPT__Orai1WT-MDSnap-Fr300/complex_0/rank21_confidence-3.50.sdf,20.035039285714287,8.196557142857143,-28.07558571428572,5,0
DiffDock,Orai1WT-MDSnap-Fr300,gsk7975a-deprot-OPT,22,/home/manndo/master_dev/diffdock_results/gsk7975a-deprot-OPT__Orai1WT-MDSnap-Fr300/complex_0/rank22_confidence-3.88.sdf,1.1798178571428568,3.5401857142857147,-27.63861071428571,8,6
DiffDock,Orai1WT-MDSnap-Fr300,gsk7975a-deprot-OPT,23,/home/manndo/master_dev/diffdock_results/gsk7975a-deprot-OPT__Orai1WT-MDSnap-Fr300/complex_0/rank23_confidence-4.17.sdf,0.9073285714285715,4.164760714285714,-25.84821428571429,8,6
DiffDock,Orai1WT-MDSnap-Fr300,gsk7975a-deprot-OPT,24,/home/manndo/master_dev/diffdock_results/gsk7975a-deprot-OPT__Orai1WT-MDSnap-Fr300/complex_0/rank24_confidence-4.18.sdf,-2.236303571428571,6.885910714285717,-19.119217857142853,8,6
DiffDock,Orai1WT-MDSnap-Fr300,gsk7975a-deprot-OPT,25,/home/manndo/master_dev/diffdock_results/gsk7975a-deprot-OPT__Orai1WT-MDSnap-Fr300/complex_0/rank25_confidence-4.18.sdf,-0.4109714285714286,2.86675,-22.336871428571424,8,6
DiffDock,Orai1WT-MDSnap-Fr300,gsk7975a-deprot-OPT,26,/home/manndo/master_dev/diffdock_results/gsk7975a-deprot-OPT__Orai1WT-MDSnap-Fr300/complex_0/rank26_confidence-4.26.sdf,-9.587867857142855,-6.571185714285712,-22.715796428571426,0,5
DiffDock,Orai1WT-MDSnap-Fr300,gsk7975a-deprot-OPT,27,/home/manndo/master_dev/diffdock_results/gsk7975a-deprot-OPT__Orai1WT-MDSnap-Fr300/complex_0/rank27_confidence-4.30.sdf,-0.9596785714285714,2.7237178571428564,-27.51759285714286,8,6
DiffDock,Orai1WT-MDSnap-Fr300,gsk7975a-deprot-OPT,28,/home/manndo/master_dev/diffdock_results/gsk7975a-deprot-OPT__Orai1WT-MDSnap-Fr300/complex_0/rank28_confidence-4.49.sdf,-10.508042857142858,9.91225357142857,-26.299435714285718,8,6
DiffDock,Orai1WT-MDSnap-Fr300,gsk7975a-deprot-OPT,29,/home/manndo/master_dev/diffdock_results/gsk7975a-deprot-OPT__Orai1WT-MDSnap-Fr300/complex_0/rank29_confidence-5.02.sdf,13.155721428571427,15.56495714285715,18.669675,6,2
DiffDock,Orai1WT-MDSnap-Fr300,gsk7975a-deprot-OPT,2,/home/manndo/master_dev/diffdock_results/gsk7975a-deprot-OPT__Orai1WT-MDSnap-Fr300/complex_0/rank2_confidence-1.50.sdf,21.36576428571428,1.9443428571428572,-33.14435714285714,5,0
DiffDock,Orai1WT-MDSnap-Fr300,gsk7975a-deprot-OPT,2,/home/manndo/master_dev/diffdock_results/gsk7975a-deprot-OPT__Orai1WT-MDSnap-Fr300/complex_0/rank2_confidence-1.91.sdf,30.32116785714285,-2.160164285714286,-14.211264285714288,3,1
DiffDock,Orai1WT-MDSnap-Fr300,gsk7975a-deprot-OPT,2,/home/manndo/master_dev/diffdock_results/gsk7975a-deprot-OPT__Orai1WT-MDSnap-Fr300/complex_0/rank2_confidence-2.00.sdf,3.475085714285714,-0.0259357142857143,-26.301750000000002,8,6
DiffDock,Orai1WT-MDSnap-Fr300,gsk7975a-deprot-OPT,30,/home/manndo/master_dev/diffdock_results/gsk7975a-deprot-OPT__Orai1WT-MDSnap-Fr300/complex_0/rank30_confidence-5.94.sdf,12.450689285714285,-2.8661607142857144,-29.442207142857146,1,0
DiffDock,Orai1WT-MDSnap-Fr300,gsk7975a-deprot-OPT,3,/home/manndo/master_dev/diffdock_results/gsk7975a-deprot-OPT__Orai1WT-MDSnap-Fr300/complex_0/rank3_confidence-1.69.sdf,18.730542857142858,-16.042414285714283,-24.320200000000007,1,0
DiffDock,Orai1WT-MDSnap-Fr300,gsk7975a-deprot-OPT,3,/home/manndo/master_dev/diffdock_results/gsk7975a-deprot-OPT__Orai1WT-MDSnap-Fr300/complex_0/rank3_confidence-1.94.sdf,28.76502142857143,0.5031535714285715,-14.874471428571427,3,1
DiffDock,Orai1WT-MDSnap-Fr300,gsk7975a-deprot-OPT,3,/home/manndo/master_dev/diffdock_results/gsk7975a-deprot-OPT__Orai1WT-MDSnap-Fr300/complex_0/rank3_confidence-2.58.sdf,16.860089285714285,0.41681428571428564,-33.44151428571428,1,0
DiffDock,Orai1WT-MDSnap-Fr300,gsk7975a-deprot-OPT,4,/home/manndo/master_dev/diffdock_results/gsk7975a-deprot-OPT__Orai1WT-MDSnap-Fr300/complex_0/rank4_confidence-1.79.sdf,18.37382857142857,9.321403571428572,-31.413517857142853,5,0
DiffDock,Orai1WT-MDSnap-Fr300,gsk7975a-deprot-OPT,4,/home/manndo/master_dev/diffdock_results/gsk7975a-deprot-OPT__Orai1WT-MDSnap-Fr300/complex_0/rank4_confidence-2.46.sdf,19.461746428571434,-0.09794642857142875,-33.862735714285705,1,0
DiffDock,Orai1WT-MDSnap-Fr300,gsk7975a-deprot-OPT,4,/home/manndo/master_dev/diffdock_results/gsk7975a-deprot-OPT__Orai1WT-MDSnap-Fr300/complex_0/rank4_confidence-2.81.sdf,1.585175,-2.2593464285714284,-29.248914285714285,8,6
DiffDock,Orai1WT-MDSnap-Fr300,gsk7975a-deprot-OPT,5,/home/manndo/master_dev/diffdock_results/gsk7975a-deprot-OPT__Orai1WT-MDSnap-Fr300/complex_0/rank5_confidence-1.85.sdf,0.5549499999999999,4.864378571428572,-16.976771428571432,8,6
DiffDock,Orai1WT-MDSnap-Fr300,gsk7975a-deprot-OPT,5,/home/manndo/master_dev/diffdock_results/gsk7975a-deprot-OPT__Orai1WT-MDSnap-Fr300/complex_0/rank5_confidence-2.60.sdf,-10.432960714285713,-0.8686214285714285,-25.39288571428571,0,5
DiffDock,Orai1WT-MDSnap-Fr300,gsk7975a-deprot-OPT,5,/home/manndo/master_dev/diffdock_results/gsk7975a-deprot-OPT__Orai1WT-MDSnap-Fr300/complex_0/rank5_confidence-2.99.sdf,-9.104660714285716,-6.136257142857143,-23.22883214285714,0,5
DiffDock,Orai1WT-MDSnap-Fr300,gsk7975a-deprot-OPT,6,/home/manndo/master_dev/diffdock_results/gsk7975a-deprot-OPT__Orai1WT-MDSnap-Fr300/complex_0/rank6_confidence-2.08.sdf,10.677896428571428,16.37455714285714,11.00457142857143,6,2
DiffDock,Orai1WT-MDSnap-Fr300,gsk7975a-deprot-OPT,6,/home/manndo/master_dev/diffdock_results/gsk7975a-deprot-OPT__Orai1WT-MDSnap-Fr300/complex_0/rank6_confidence-2.81.sdf,10.045357142857142,13.096228571428572,7.692496428571429,6,2
DiffDock,Orai1WT-MDSnap-Fr300,gsk7975a-deprot-OPT,6,/home/manndo/master_dev/diffdock_results/gsk7975a-deprot-OPT__Orai1WT-MDSnap-Fr300/complex_0/rank6_confidence-3.20.sdf,15.718999999999996,9.698360714285714,-31.85764285714285,5,0
DiffDock,Orai1WT-MDSnap-Fr300,gsk7975a-deprot-OPT,7,/home/manndo/master_dev/diffdock_results/gsk7975a-deprot-OPT__Orai1WT-MDSnap-Fr300/complex_0/rank7_confidence-2.12.sdf,-17.78756428571429,4.265371428571428,10.125992857142858,4,3
DiffDock,Orai1WT-MDSnap-Fr300,gsk7975a-deprot-OPT,7,/home/manndo/master_dev/diffdock_results/gsk7975a-deprot-OPT__Orai1WT-MDSnap-Fr300/complex_0/rank7_confidence-3.08.sdf,-5.304189285714285,2.675325,-30.00459642857143,8,6
DiffDock,Orai1WT-MDSnap-Fr300,gsk7975a-deprot-OPT,7,/home/manndo/master_dev/diffdock_results/gsk7975a-deprot-OPT__Orai1WT-MDSnap-Fr300/complex_0/rank7_confidence-3.37.sdf,2.2222392857142856,3.7749178571428565,-24.80976785714285,8,6
DiffDock,Orai1WT-MDSnap-Fr300,gsk7975a-deprot-OPT,8,/home/manndo/master_dev/diffdock_results/gsk7975a-deprot-OPT__Orai1WT-MDSnap-Fr300/complex_0/rank8_confidence-2.18.sdf,21.325996428571436,7.687732142857143,-30.114689285714284,5,0
DiffDock,Orai1WT-MDSnap-Fr300,gsk7975a-deprot-OPT,8,/home/manndo/master_dev/diffdock_results/gsk7975a-deprot-OPT__Orai1WT-MDSnap-Fr300/complex_0/rank8_confidence-3.85.sdf,13.591617857142856,-1.7847964285714286,-33.192235714285715,1,0
DiffDock,Orai1WT-MDSnap-Fr300,gsk7975a-deprot-OPT,8,/home/manndo/master_dev/diffdock_results/gsk7975a-deprot-OPT__Orai1WT-MDSnap-Fr300/complex_0/rank8_confidence-4.09.sdf,6.089475,16.254692857142853,-37.307210714285716,2,8
DiffDock,Orai1WT-MDSnap-Fr300,gsk7975a-deprot-OPT,9,/home/manndo/master_dev/diffdock_results/gsk7975a-deprot-OPT__Orai1WT-MDSnap-Fr300/complex_0/rank9_confidence-2.22.sdf,11.087778571428569,16.455182142857147,12.073278571428572,6,2
DiffDock,Orai1WT-MDSnap-Fr300,gsk7975a-deprot-OPT,9,/home/manndo/master_dev/diffdock_results/gsk7975a-deprot-OPT__Orai1WT-MDSnap-Fr300/complex_0/rank9_confidence-4.08.sdf,1.2483250000000001,4.723421428571429,-25.406882142857146,8,6
DiffDock,Orai1WT-MDSnap-Fr300,gsk7975a-deprot-OPT,9,/home/manndo/master_dev/diffdock_results/gsk7975a-deprot-OPT__Orai1WT-MDSnap-Fr300/complex_0/rank9_confidence-4.15.sdf,7.127617857142857,16.013832142857144,-41.68589285714286,2,8
DiffDock,Orai1WT-MDSnap-Fr400,gsk7975a-deprot-OPT,1,/home/manndo/master_dev/diffdock_results/gsk7975a-deprot-OPT__Orai1WT-MDSnap-Fr400/complex_0/rank1.sdf,9.237196428571428,26.201249999999995,-29.70553571428571,6,0
DiffDock,Orai1WT-MDSnap-Fr400,gsk7975a-deprot-OPT,10,/home/manndo/master_dev/diffdock_results/gsk7975a-deprot-OPT__Orai1WT-MDSnap-Fr400/complex_0/rank10_confidence-2.54.sdf,-27.215307142857142,11.403228571428569,-25.516496428571433,3,6
DiffDock,Orai1WT-MDSnap-Fr400,gsk7975a-deprot-OPT,10,/home/manndo/master_dev/diffdock_results/gsk7975a-deprot-OPT__Orai1WT-MDSnap-Fr400/complex_0/rank10_confidence-4.45.sdf,23.88001428571428,25.06573214285714,-9.889278571428575,6,0
DiffDock,Orai1WT-MDSnap-Fr400,gsk7975a-deprot-OPT,11,/home/manndo/master_dev/diffdock_results/gsk7975a-deprot-OPT__Orai1WT-MDSnap-Fr400/complex_0/rank11_confidence-2.84.sdf,-0.0004535714285712993,7.304196428571431,-25.848025,4,2
DiffDock,Orai1WT-MDSnap-Fr400,gsk7975a-deprot-OPT,12,/home/manndo/master_dev/diffdock_results/gsk7975a-deprot-OPT__Orai1WT-MDSnap-Fr400/complex_0/rank12_confidence-2.88.sdf,-1.4038321428571428,3.664689285714285,20.498142857142856,1,3
DiffDock,Orai1WT-MDSnap-Fr400,gsk7975a-deprot-OPT,13,/home/manndo/master_dev/diffdock_results/gsk7975a-deprot-OPT__Orai1WT-MDSnap-Fr400/complex_0/rank13_confidence-2.89.sdf,-19.135528571428576,3.3152464285714296,-27.87647857142857,3,6
DiffDock,Orai1WT-MDSnap-Fr400,gsk7975a-deprot-OPT,14,/home/manndo/master_dev/diffdock_results/gsk7975a-deprot-OPT__Orai1WT-MDSnap-Fr400/complex_0/rank14_confidence-2.93.sdf,16.54819285714286,7.924542857142856,-26.01815714285715,9,8
DiffDock,Orai1WT-MDSnap-Fr400,gsk7975a-deprot-OPT,15,/home/manndo/master_dev/diffdock_results/gsk7975a-deprot-OPT__Orai1WT-MDSnap-Fr400/complex_0/rank15_confidence-3.01.sdf,18.78510714285714,-15.110046428571424,-17.85331785714286,9,4
DiffDock,Orai1WT-MDSnap-Fr400,gsk7975a-deprot-OPT,16,/home/manndo/master_dev/diffdock_results/gsk7975a-deprot-OPT__Orai1WT-MDSnap-Fr400/complex_0/rank16_confidence-3.09.sdf,17.569314285714285,5.553578571428572,-32.84702499999999,9,8
DiffDock,Orai1WT-MDSnap-Fr400,gsk7975a-deprot-OPT,17,/home/manndo/master_dev/diffdock_results/gsk7975a-deprot-OPT__Orai1WT-MDSnap-Fr400/complex_0/rank17_confidence-3.15.sdf,8.121082142857142,27.84439285714286,-29.04412857142858,6,0
DiffDock,Orai1WT-MDSnap-Fr400,gsk7975a-deprot-OPT,18,/home/manndo/master_dev/diffdock_results/gsk7975a-deprot-OPT__Orai1WT-MDSnap-Fr400/complex_0/rank18_confidence-3.67.sdf,0.4372142857142857,7.790303571428571,-29.116535714285714,4,2
DiffDock,Orai1WT-MDSnap-Fr400,gsk7975a-deprot-OPT,19,/home/manndo/master_dev/diffdock_results/gsk7975a-deprot-OPT__Orai1WT-MDSnap-Fr400/complex_0/rank19_confidence-3.67.sdf,32.41336428571429,-4.763896428571428,-30.077403571428565,9,4
DiffDock,Orai1WT-MDSnap-Fr400,gsk7975a-deprot-OPT,1,/home/manndo/master_dev/diffdock_results/gsk7975a-deprot-OPT__Orai1WT-MDSnap-Fr400/complex_0/rank1_confidence-1.14.sdf,14.073739285714288,19.85565357142858,-37.33997857142857,6,0
DiffDock,Orai1WT-MDSnap-Fr400,gsk7975a-deprot-OPT,1,/home/manndo/master_dev/diffdock_results/gsk7975a-deprot-OPT__Orai1WT-MDSnap-Fr400/complex_0/rank1_confidence-1.31.sdf,9.237196428571428,26.201249999999995,-29.70553571428571,6,0
DiffDock,Orai1WT-MDSnap-Fr400,gsk7975a-deprot-OPT,20,/home/manndo/master_dev/diffdock_results/gsk7975a-deprot-OPT__Orai1WT-MDSnap-Fr400/complex_0/rank20_confidence-3.75.sdf,0.9014285714285718,-2.1078107142857143,-21.958949999999998,4,2
DiffDock,Orai1WT-MDSnap-Fr400,gsk7975a-deprot-OPT,21,/home/manndo/master_dev/diffdock_results/gsk7975a-deprot-OPT__Orai1WT-MDSnap-Fr400/complex_0/rank21_confidence-3.88.sdf,11.643457142857145,16.924157142857144,16.047307142857143,1,3
DiffDock,Orai1WT-MDSnap-Fr400,gsk7975a-deprot-OPT,22,/home/manndo/master_dev/diffdock_results/gsk7975a-deprot-OPT__Orai1WT-MDSnap-Fr400/complex_0/rank22_confidence-4.04.sdf,-0.15434285714285714,5.806496428571429,-23.82941071428571,4,2
DiffDock,Orai1WT-MDSnap-Fr400,gsk7975a-deprot-OPT,23,/home/manndo/master_dev/diffdock_results/gsk7975a-deprot-OPT__Orai1WT-MDSnap-Fr400/complex_0/rank23_confidence-4.11.sdf,0.9422428571428573,7.154107142857142,-23.889914285714287,4,2
DiffDock,Orai1WT-MDSnap-Fr400,gsk7975a-deprot-OPT,24,/home/manndo/master_dev/diffdock_results/gsk7975a-deprot-OPT__Orai1WT-MDSnap-Fr400/complex_0/rank24_confidence-4.13.sdf,0.05025714285714283,4.911792857142856,-26.9359,4,2
DiffDock,Orai1WT-MDSnap-Fr400,gsk7975a-deprot-OPT,25,/home/manndo/master_dev/diffdock_results/gsk7975a-deprot-OPT__Orai1WT-MDSnap-Fr400/complex_0/rank25_confidence-4.49.sdf,1.6060571428571426,2.6218714285714286,13.808096428571426,1,3
DiffDock,Orai1WT-MDSnap-Fr400,gsk7975a-deprot-OPT,26,/home/manndo/master_dev/diffdock_results/gsk7975a-deprot-OPT__Orai1WT-MDSnap-Fr400/complex_0/rank26_confidence-4.73.sdf,0.6438357142857144,3.892146428571429,-21.443975000000002,4,2
DiffDock,Orai1WT-MDSnap-Fr400,gsk7975a-deprot-OPT,27,/home/manndo/master_dev/diffdock_results/gsk7975a-deprot-OPT__Orai1WT-MDSnap-Fr400/complex_0/rank27_confidence-5.14.sdf,-0.1271750000000001,1.130985714285714,20.198117857142854,1,3
DiffDock,Orai1WT-MDSnap-Fr400,gsk7975a-deprot-OPT,28,/home/manndo/master_dev/diffdock_results/gsk7975a-deprot-OPT__Orai1WT-MDSnap-Fr400/complex_0/rank28_confidence-6.08.sdf,1.8609464285714286,4.404928571428572,14.933607142857143,1,3
DiffDock,Orai1WT-MDSnap-Fr400,gsk7975a-deprot-OPT,2,/home/manndo/master_dev/diffdock_results/gsk7975a-deprot-OPT__Orai1WT-MDSnap-Fr400/complex_0/rank2_confidence-1.75.sdf,10.316960714285713,22.247085714285713,-34.038671428571426,6,0
DiffDock,Orai1WT-MDSnap-Fr400,gsk7975a-deprot-OPT,2,/home/manndo/master_dev/diffdock_results/gsk7975a-deprot-OPT__Orai1WT-MDSnap-Fr400/complex_0/rank2_confidence-1.77.sdf,-2.9599142857142864,9.132664285714286,29.023689285714287,1,3
DiffDock,Orai1WT-MDSnap-Fr400,gsk7975a-deprot-OPT,3,/home/manndo/master_dev/diffdock_results/gsk7975a-deprot-OPT__Orai1WT-MDSnap-Fr400/complex_0/rank3_confidence-1.79.sdf,23.829735714285714,6.832964285714286,-32.03365,9,8
DiffDock,Orai1WT-MDSnap-Fr400,gsk7975a-deprot-OPT,3,/home/manndo/master_dev/diffdock_results/gsk7975a-deprot-OPT__Orai1WT-MDSnap-Fr400/complex_0/rank3_confidence-2.10.sdf,18.344835714285715,-16.191360714285715,-31.360432142857142,9,4
DiffDock,Orai1WT-MDSnap-Fr400,gsk7975a-deprot-OPT,4,/home/manndo/master_dev/diffdock_results/gsk7975a-deprot-OPT__Orai1WT-MDSnap-Fr400/complex_0/rank4_confidence-2.05.sdf,0.24883214285714292,3.1158321428571436,-25.314121428571433,4,2
DiffDock,Orai1WT-MDSnap-Fr400,gsk7975a-deprot-OPT,4,/home/manndo/master_dev/diffdock_results/gsk7975a-deprot-OPT__Orai1WT-MDSnap-Fr400/complex_0/rank4_confidence-2.39.sdf,15.086271428571433,9.412421428571433,-35.284528571428574,9,8
DiffDock,Orai1WT-MDSnap-Fr400,gsk7975a-deprot-OPT,5,/home/manndo/master_dev/diffdock_results/gsk7975a-deprot-OPT__Orai1WT-MDSnap-Fr400/complex_0/rank5_confidence-2.10.sdf,-26.39383571428572,11.122653571428572,-26.81611785714286,3,6
DiffDock,Orai1WT-MDSnap-Fr400,gsk7975a-deprot-OPT,5,/home/manndo/master_dev/diffdock_results/gsk7975a-deprot-OPT__Orai1WT-MDSnap-Fr400/complex_0/rank5_confidence-2.77.sdf,15.057371428571429,9.65413571428571,-25.22509642857143,9,8
DiffDock,Orai1WT-MDSnap-Fr400,gsk7975a-deprot-OPT,6,/home/manndo/master_dev/diffdock_results/gsk7975a-deprot-OPT__Orai1WT-MDSnap-Fr400/complex_0/rank6_confidence-2.18.sdf,12.145053571428573,11.552989285714286,-31.497642857142857,9,8
DiffDock,Orai1WT-MDSnap-Fr400,gsk7975a-deprot-OPT,6,/home/manndo/master_dev/diffdock_results/gsk7975a-deprot-OPT__Orai1WT-MDSnap-Fr400/complex_0/rank6_confidence-3.22.sdf,6.0824857142857125,-5.7754392857142856,-30.943342857142856,4,2
DiffDock,Orai1WT-MDSnap-Fr400,gsk7975a-deprot-OPT,7,/home/manndo/master_dev/diffdock_results/gsk7975a-deprot-OPT__Orai1WT-MDSnap-Fr400/complex_0/rank7_confidence-2.23.sdf,20.630642857142853,4.84704642857143,-33.81737142857143,9,8
DiffDock,Orai1WT-MDSnap-Fr400,gsk7975a-deprot-OPT,7,/home/manndo/master_dev/diffdock_results/gsk7975a-deprot-OPT__Orai1WT-MDSnap-Fr400/complex_0/rank7_confidence-3.63.sdf,13.783742857142856,16.148882142857147,-36.91493571428571,9,0
DiffDock,Orai1WT-MDSnap-Fr400,gsk7975a-deprot-OPT,8,/home/manndo/master_dev/diffdock_results/gsk7975a-deprot-OPT__Orai1WT-MDSnap-Fr400/complex_0/rank8_confidence-2.39.sdf,0.3485535714285714,5.249175,-16.605096428571425,8,9
DiffDock,Orai1WT-MDSnap-Fr400,gsk7975a-deprot-OPT,8,/home/manndo/master_dev/diffdock_results/gsk7975a-deprot-OPT__Orai1WT-MDSnap-Fr400/complex_0/rank8_confidence-4.07.sdf,-25.396278571428564,13.334817857142856,-28.821010714285713,3,6
DiffDock,Orai1WT-MDSnap-Fr400,gsk7975a-deprot-OPT,9,/home/manndo/master_dev/diffdock_results/gsk7975a-deprot-OPT__Orai1WT-MDSnap-Fr400/complex_0/rank9_confidence-2.41.sdf,-24.784285714285712,-0.8953214285714284,-26.099996428571426,3,6
DiffDock,Orai1WT-MDSnap-Fr400,gsk7975a-deprot-OPT,9,/home/manndo/master_dev/diffdock_results/gsk7975a-deprot-OPT__Orai1WT-MDSnap-Fr400/complex_0/rank9_confidence-4.28.sdf,15.006035714285714,4.928875,-39.02914642857143,9,8
DiffDock,Orai1WT-MDSnap-Fr499,gsk7975a-deprot-OPT,1,/home/manndo/master_dev/diffdock_results/gsk7975a-deprot-OPT__Orai1WT-MDSnap-Fr499/complex_0/rank1.sdf,9.997132142857142,19.339357142857146,-37.545032142857146,0,0
DiffDock,Orai1WT-MDSnap-Fr499,gsk7975a-deprot-OPT,10,/home/manndo/master_dev/diffdock_results/gsk7975a-deprot-OPT__Orai1WT-MDSnap-Fr499/complex_0/rank10_confidence-2.75.sdf,-0.10858928571428568,3.484382142857144,25.821757142857145,0,0
DiffDock,Orai1WT-MDSnap-Fr499,gsk7975a-deprot-OPT,10,/home/manndo/master_dev/diffdock_results/gsk7975a-deprot-OPT__Orai1WT-MDSnap-Fr499/complex_0/rank10_confidence-5.88.sdf,-2.866825,0.5820642857142857,20.09398571428571,0,0
DiffDock,Orai1WT-MDSnap-Fr499,gsk7975a-deprot-OPT,11,/home/manndo/master_dev/diffdock_results/gsk7975a-deprot-OPT__Orai1WT-MDSnap-Fr499/complex_0/rank11_confidence-2.82.sdf,-3.2672999999999996,0.8396892857142858,-29.02942142857143,0,0
DiffDock,Orai1WT-MDSnap-Fr499,gsk7975a-deprot-OPT,12,/home/manndo/master_dev/diffdock_results/gsk7975a-deprot-OPT__Orai1WT-MDSnap-Fr499/complex_0/rank12_confidence-3.03.sdf,6.058964285714285,-0.3834285714285714,-29.82191785714286,0,0
DiffDock,Orai1WT-MDSnap-Fr499,gsk7975a-deprot-OPT,13,/home/manndo/master_dev/diffdock_results/gsk7975a-deprot-OPT__Orai1WT-MDSnap-Fr499/complex_0/rank13_confidence-3.17.sdf,15.57574642857143,-16.348575,-42.29834642857143,0,0
DiffDock,Orai1WT-MDSnap-Fr499,gsk7975a-deprot-OPT,14,/home/manndo/master_dev/diffdock_results/gsk7975a-deprot-OPT__Orai1WT-MDSnap-Fr499/complex_0/rank14_confidence-3.39.sdf,1.0966571428571428,7.5268500000000005,-24.245574999999995,0,0
DiffDock,Orai1WT-MDSnap-Fr499,gsk7975a-deprot-OPT,15,/home/manndo/master_dev/diffdock_results/gsk7975a-deprot-OPT__Orai1WT-MDSnap-Fr499/complex_0/rank15_confidence-3.47.sdf,0.9801142857142855,6.6341785714285715,-26.226985714285714,0,0
DiffDock,Orai1WT-MDSnap-Fr499,gsk7975a-deprot-OPT,16,/home/manndo/master_dev/diffdock_results/gsk7975a-deprot-OPT__Orai1WT-MDSnap-Fr499/complex_0/rank16_confidence-3.60.sdf,20.67788928571429,19.315346428571434,-35.416264285714284,0,0
DiffDock,Orai1WT-MDSnap-Fr499,gsk7975a-deprot-OPT,17,/home/manndo/master_dev/diffdock_results/gsk7975a-deprot-OPT__Orai1WT-MDSnap-Fr499/complex_0/rank17_confidence-3.81.sdf,2.009810714285714,-5.4193357142857135,-25.21814285714286,0,0
DiffDock,Orai1WT-MDSnap-Fr499,gsk7975a-deprot-OPT,18,/home/manndo/master_dev/diffdock_results/gsk7975a-deprot-OPT__Orai1WT-MDSnap-Fr499/complex_0/rank18_confidence-4.02.sdf,-0.2821928571428572,5.1339000000000015,-24.016710714285715,0,0
DiffDock,Orai1WT-MDSnap-Fr499,gsk7975a-deprot-OPT,19,/home/manndo/master_dev/diffdock_results/gsk7975a-deprot-OPT__Orai1WT-MDSnap-Fr499/complex_0/rank19_confidence-4.05.sdf,1.1490392857142857,3.320357142857142,-21.704964285714286,0,0
DiffDock,Orai1WT-MDSnap-Fr499,gsk7975a-deprot-OPT,1,/home/manndo/master_dev/diffdock_results/gsk7975a-deprot-OPT__Orai1WT-MDSnap-Fr499/complex_0/rank1_confidence-1.46.sdf,9.997132142857142,19.339357142857146,-37.545032142857146,0,0
DiffDock,Orai1WT-MDSnap-Fr499,gsk7975a-deprot-OPT,1,/home/manndo/master_dev/diffdock_results/gsk7975a-deprot-OPT__Orai1WT-MDSnap-Fr499/complex_0/rank1_confidence-1.50.sdf,8.901114285714284,-13.78074642857143,9.319521428571429,0,0
DiffDock,Orai1WT-MDSnap-Fr499,gsk7975a-deprot-OPT,20,/home/manndo/master_dev/diffdock_results/gsk7975a-deprot-OPT__Orai1WT-MDSnap-Fr499/complex_0/rank20_confidence-4.05.sdf,-13.395449999999999,21.290285714285712,-26.775217857142856,0,0
DiffDock,Orai1WT-MDSnap-Fr499,gsk7975a-deprot-OPT,21,/home/manndo/master_dev/diffdock_results/gsk7975a-deprot-OPT__Orai1WT-MDSnap-Fr499/complex_0/rank21_confidence-4.31.sdf,-0.8932142857142861,6.3396607142857135,-22.66945357142857,0,0
DiffDock,Orai1WT-MDSnap-Fr499,gsk7975a-deprot-OPT,22,/home/manndo/master_dev/diffdock_results/gsk7975a-deprot-OPT__Orai1WT-MDSnap-Fr499/complex_0/rank22_confidence-4.51.sdf,15.35685357142857,11.204646428571428,-26.474378571428566,0,0
DiffDock,Orai1WT-MDSnap-Fr499,gsk7975a-deprot-OPT,23,/home/manndo/master_dev/diffdock_results/gsk7975a-deprot-OPT__Orai1WT-MDSnap-Fr499/complex_0/rank23_confidence-4.71.sdf,-3.36742857142857,1.5382321428571424,20.284917857142858,0,0
DiffDock,Orai1WT-MDSnap-Fr499,gsk7975a-deprot-OPT,24,/home/manndo/master_dev/diffdock_results/gsk7975a-deprot-OPT__Orai1WT-MDSnap-Fr499/complex_0/rank24_confidence-5.07.sdf,-0.458046428571428,6.656039285714286,-24.559950000000008,0,0
DiffDock,Orai1WT-MDSnap-Fr499,gsk7975a-deprot-OPT,25,/home/manndo/master_dev/diffdock_results/gsk7975a-deprot-OPT__Orai1WT-MDSnap-Fr499/complex_0/rank25_confidence-5.51.sdf,472.6608678571428,-339.99156071428575,-180.13793214285715,0,0
DiffDock,Orai1WT-MDSnap-Fr499,gsk7975a-deprot-OPT,26,/home/manndo/master_dev/diffdock_results/gsk7975a-deprot-OPT__Orai1WT-MDSnap-Fr499/complex_0/rank26_confidence-5.57.sdf,14272.921087215533,12216.08707857143,-4358.327585714286,1,1
DiffDock,Orai1WT-MDSnap-Fr499,gsk7975a-deprot-OPT,27,/home/manndo/master_dev/diffdock_results/gsk7975a-deprot-OPT__Orai1WT-MDSnap-Fr499/complex_0/rank27_confidence-5.58.sdf,113.11307857142857,74.68505,8.376232142857143,0,0
DiffDock,Orai1WT-MDSnap-Fr499,gsk7975a-deprot-OPT,28,/home/manndo/master_dev/diffdock_results/gsk7975a-deprot-OPT__Orai1WT-MDSnap-Fr499/complex_0/rank28_confidence-6.05.sdf,-0.9979250000000002,5.023246428571428,-24.338996428571427,0,0
DiffDock,Orai1WT-MDSnap-Fr499,gsk7975a-deprot-OPT,29,/home/manndo/master_dev/diffdock_results/gsk7975a-deprot-OPT__Orai1WT-MDSnap-Fr499/complex_0/rank29_confidence-6.18.sdf,-1.119225,5.232457142857143,-22.29453571428571,0,0
DiffDock,Orai1WT-MDSnap-Fr499,gsk7975a-deprot-OPT,2,/home/manndo/master_dev/diffdock_results/gsk7975a-deprot-OPT__Orai1WT-MDSnap-Fr499/complex_0/rank2_confidence-1.74.sdf,1.337039285714286,4.1811428571428575,-23.825992857142857,0,0
DiffDock,Orai1WT-MDSnap-Fr499,gsk7975a-deprot-OPT,2,/home/manndo/master_dev/diffdock_results/gsk7975a-deprot-OPT__Orai1WT-MDSnap-Fr499/complex_0/rank2_confidence-2.16.sdf,-4.851375,-0.2924250000000001,-29.822082142857145,0,0
DiffDock,Orai1WT-MDSnap-Fr499,gsk7975a-deprot-OPT,30,/home/manndo/master_dev/diffdock_results/gsk7975a-deprot-OPT__Orai1WT-MDSnap-Fr499/complex_0/rank30_confidence-6.40.sdf,-0.3946821428571428,5.043921428571428,-24.1275,0,0
DiffDock,Orai1WT-MDSnap-Fr499,gsk7975a-deprot-OPT,3,/home/manndo/master_dev/diffdock_results/gsk7975a-deprot-OPT__Orai1WT-MDSnap-Fr499/complex_0/rank3_confidence-1.81.sdf,14.277778571428573,10.197725,-33.07400714285714,0,0
DiffDock,Orai1WT-MDSnap-Fr499,gsk7975a-deprot-OPT,3,/home/manndo/master_dev/diffdock_results/gsk7975a-deprot-OPT__Orai1WT-MDSnap-Fr499/complex_0/rank3_confidence-2.27.sdf,20.26845714285714,-16.18055714285714,-17.99053214285714,0,0
DiffDock,Orai1WT-MDSnap-Fr499,gsk7975a-deprot-OPT,4,/home/manndo/master_dev/diffdock_results/gsk7975a-deprot-OPT__Orai1WT-MDSnap-Fr499/complex_0/rank4_confidence-1.90.sdf,15.399457142857143,6.979075,-25.812414285714286,0,0
DiffDock,Orai1WT-MDSnap-Fr499,gsk7975a-deprot-OPT,4,/home/manndo/master_dev/diffdock_results/gsk7975a-deprot-OPT__Orai1WT-MDSnap-Fr499/complex_0/rank4_confidence-2.43.sdf,-2.969103571428572,8.001992857142858,27.722828571428572,0,0
DiffDock,Orai1WT-MDSnap-Fr499,gsk7975a-deprot-OPT,5,/home/manndo/master_dev/diffdock_results/gsk7975a-deprot-OPT__Orai1WT-MDSnap-Fr499/complex_0/rank5_confidence-1.92.sdf,25.321214285714284,19.813578571428568,7.268685714285715,0,0
DiffDock,Orai1WT-MDSnap-Fr499,gsk7975a-deprot-OPT,5,/home/manndo/master_dev/diffdock_results/gsk7975a-deprot-OPT__Orai1WT-MDSnap-Fr499/complex_0/rank5_confidence-2.47.sdf,2.932692857142856,28.57113928571428,-31.047464285714284,0,0
DiffDock,Orai1WT-MDSnap-Fr499,gsk7975a-deprot-OPT,6,/home/manndo/master_dev/diffdock_results/gsk7975a-deprot-OPT__Orai1WT-MDSnap-Fr499/complex_0/rank6_confidence-2.24.sdf,-8.952714285714286,-19.076403571428568,11.847057142857143,0,0
DiffDock,Orai1WT-MDSnap-Fr499,gsk7975a-deprot-OPT,6,/home/manndo/master_dev/diffdock_results/gsk7975a-deprot-OPT__Orai1WT-MDSnap-Fr499/complex_0/rank6_confidence-2.51.sdf,0.9229678571428571,2.227725,-20.30645,0,0
DiffDock,Orai1WT-MDSnap-Fr499,gsk7975a-deprot-OPT,7,/home/manndo/master_dev/diffdock_results/gsk7975a-deprot-OPT__Orai1WT-MDSnap-Fr499/complex_0/rank7_confidence-2.45.sdf,0.5575821428571429,3.190296428571429,-25.911982142857152,0,0
DiffDock,Orai1WT-MDSnap-Fr499,gsk7975a-deprot-OPT,7,/home/manndo/master_dev/diffdock_results/gsk7975a-deprot-OPT__Orai1WT-MDSnap-Fr499/complex_0/rank7_confidence-3.99.sdf,-0.6827678571428571,3.726875,-28.118553571428574,0,0
DiffDock,Orai1WT-MDSnap-Fr499,gsk7975a-deprot-OPT,8,/home/manndo/master_dev/diffdock_results/gsk7975a-deprot-OPT__Orai1WT-MDSnap-Fr499/complex_0/rank8_confidence-2.52.sdf,-7.936921428571428,-3.227,-29.86278571428571,0,0
DiffDock,Orai1WT-MDSnap-Fr499,gsk7975a-deprot-OPT,8,/home/manndo/master_dev/diffdock_results/gsk7975a-deprot-OPT__Orai1WT-MDSnap-Fr499/complex_0/rank8_confidence-4.00.sdf,22.10631428571429,1.5002964285714289,-32.182942857142855,0,0
DiffDock,Orai1WT-MDSnap-Fr499,gsk7975a-deprot-OPT,9,/home/manndo/master_dev/diffdock_results/gsk7975a-deprot-OPT__Orai1WT-MDSnap-Fr499/complex_0/rank9_confidence-2.56.sdf,1.872217857142857,2.6735892857142853,-27.419439285714294,0,0
DiffDock,Orai1WT-MDSnap-Fr499,gsk7975a-deprot-OPT,9,/home/manndo/master_dev/diffdock_results/gsk7975a-deprot-OPT__Orai1WT-MDSnap-Fr499/complex_0/rank9_confidence-4.81.sdf,-0.020464285714285674,5.785457142857143,-23.196235714285717,0,0
DiffDock,Orai1WT-START-Fr0,gsk7975a-deprot-OPT,1,/home/manndo/master_dev/diffdock_results/gsk7975a-deprot-OPT__Orai1WT-START-Fr0/complex_0/rank1.sdf,25.886360714285722,0.12353214285714291,-28.812360714285713,1,0
DiffDock,Orai1WT-START-Fr0,gsk7975a-deprot-OPT,10,/home/manndo/master_dev/diffdock_results/gsk7975a-deprot-OPT__Orai1WT-START-Fr0/complex_0/rank10_confidence-2.70.sdf,-10.446560714285715,6.173896428571427,-33.93462142857144,1,1
DiffDock,Orai1WT-START-Fr0,gsk7975a-deprot-OPT,10,/home/manndo/master_dev/diffdock_results/gsk7975a-deprot-OPT__Orai1WT-START-Fr0/complex_0/rank10_confidence-4.16.sdf,-12.258664285714284,6.0927500000000006,-30.24655357142857,1,1
DiffDock,Orai1WT-START-Fr0,gsk7975a-deprot-OPT,11,/home/manndo/master_dev/diffdock_results/gsk7975a-deprot-OPT__Orai1WT-START-Fr0/complex_0/rank11_confidence-2.80.sdf,0.016646428571428746,-0.4316428571428571,-31.488414285714295,1,1
DiffDock,Orai1WT-START-Fr0,gsk7975a-deprot-OPT,12,/home/manndo/master_dev/diffdock_results/gsk7975a-deprot-OPT__Orai1WT-START-Fr0/complex_0/rank12_confidence-2.89.sdf,14.433621428571428,-2.3883321428571422,-32.40725714285715,1,0
DiffDock,Orai1WT-START-Fr0,gsk7975a-deprot-OPT,13,/home/manndo/master_dev/diffdock_results/gsk7975a-deprot-OPT__Orai1WT-START-Fr0/complex_0/rank13_confidence-2.94.sdf,-13.562653571428571,-2.585249999999999,-26.417853571428573,1,1
DiffDock,Orai1WT-START-Fr0,gsk7975a-deprot-OPT,14,/home/manndo/master_dev/diffdock_results/gsk7975a-deprot-OPT__Orai1WT-START-Fr0/complex_0/rank14_confidence-2.98.sdf,0.9067000000000001,14.933339285714284,-32.31538214285714,1,0
DiffDock,Orai1WT-START-Fr0,gsk7975a-deprot-OPT,15,/home/manndo/master_dev/diffdock_results/gsk7975a-deprot-OPT__Orai1WT-START-Fr0/complex_0/rank15_confidence-3.21.sdf,0.24178214285714286,1.6974000000000002,20.343157142857144,2,5
DiffDock,Orai1WT-START-Fr0,gsk7975a-deprot-OPT,16,/home/manndo/master_dev/diffdock_results/gsk7975a-deprot-OPT__Orai1WT-START-Fr0/complex_0/rank16_confidence-3.23.sdf,13.338296428571429,7.491250000000002,-32.377771428571435,1,0
DiffDock,Orai1WT-START-Fr0,gsk7975a-deprot-OPT,17,/home/manndo/master_dev/diffdock_results/gsk7975a-deprot-OPT__Orai1WT-START-Fr0/complex_0/rank17_confidence-3.34.sdf,7.7669428571428565,5.3741071428571425,-32.94463571428572,1,0
DiffDock,Orai1WT-START-Fr0,gsk7975a-deprot-OPT,18,/home/manndo/master_dev/diffdock_results/gsk7975a-deprot-OPT__Orai1WT-START-Fr0/complex_0/rank18_confidence-3.36.sdf,-5.6169392857142855,3.047617857142857,-29.93912857142857,1,1
DiffDock,Orai1WT-START-Fr0,gsk7975a-deprot-OPT,19,/home/manndo/master_dev/diffdock_results/gsk7975a-deprot-OPT__Orai1WT-START-Fr0/complex_0/rank19_confidence-3.38.sdf,5.009985714285714,10.801321428571429,-27.918900000000008,1,0
DiffDock,Orai1WT-START-Fr0,gsk7975a-deprot-OPT,1,/home/manndo/master_dev/diffdock_results/gsk7975a-deprot-OPT__Orai1WT-START-Fr0/complex_0/rank1_confidence-1.51.sdf,25.886360714285722,0.12353214285714291,-28.812360714285713,1,0
DiffDock,Orai1WT-START-Fr0,gsk7975a-deprot-OPT,1,/home/manndo/master_dev/diffdock_results/gsk7975a-deprot-OPT__Orai1WT-START-Fr0/complex_0/rank1_confidence-2.24.sdf,-0.08753571428571424,-11.67856071428571,-31.320778571428573,1,6
DiffDock,Orai1WT-START-Fr0,gsk7975a-deprot-OPT,20,/home/manndo/master_dev/diffdock_results/gsk7975a-deprot-OPT__Orai1WT-START-Fr0/complex_0/rank20_confidence-3.44.sdf,0.4154035714285714,1.0470928571428573,-26.470539285714285,1,1
DiffDock,Orai1WT-START-Fr0,gsk7975a-deprot-OPT,21,/home/manndo/master_dev/diffdock_results/gsk7975a-deprot-OPT__Orai1WT-START-Fr0/complex_0/rank21_confidence-3.51.sdf,-23.749707142857144,-1.9552642857142855,-31.786457142857135,1,1
DiffDock,Orai1WT-START-Fr0,gsk7975a-deprot-OPT,22,/home/manndo/master_dev/diffdock_results/gsk7975a-deprot-OPT__Orai1WT-START-Fr0/complex_0/rank22_confidence-3.55.sdf,-11.485985714285716,-15.046660714285713,-32.710567857142856,1,6
DiffDock,Orai1WT-START-Fr0,gsk7975a-deprot-OPT,23,/home/manndo/master_dev/diffdock_results/gsk7975a-deprot-OPT__Orai1WT-START-Fr0/complex_0/rank23_confidence-3.72.sdf,-13.078767857142855,8.619267857142857,-32.22432857142857,1,1
DiffDock,Orai1WT-START-Fr0,gsk7975a-deprot-OPT,24,/home/manndo/master_dev/diffdock_results/gsk7975a-deprot-OPT__Orai1WT-START-Fr0/complex_0/rank24_confidence-3.89.sdf,-12.462117857142855,10.475514285714288,-30.602142857142862,1,1
DiffDock,Orai1WT-START-Fr0,gsk7975a-deprot-OPT,25,/home/manndo/master_dev/diffdock_results/gsk7975a-deprot-OPT__Orai1WT-START-Fr0/complex_0/rank25_confidence-3.93.sdf,2.086064285714286,-15.129739285714288,-31.591539285714283,1,6
DiffDock,Orai1WT-START-Fr0,gsk7975a-deprot-OPT,26,/home/manndo/master_dev/diffdock_results/gsk7975a-deprot-OPT__Orai1WT-START-Fr0/complex_0/rank26_confidence-3.93.sdf,2.2742321428571417,-14.597817857142857,-31.645889285714286,1,6
DiffDock,Orai1WT-START-Fr0,gsk7975a-deprot-OPT,27,/home/manndo/master_dev/diffdock_results/gsk7975a-deprot-OPT__Orai1WT-START-Fr0/complex_0/rank27_confidence-4.37.sdf,13.425035714285716,6.408053571428574,-31.234967857142866,1,0
DiffDock,Orai1WT-START-Fr0,gsk7975a-deprot-OPT,28,/home/manndo/master_dev/diffdock_results/gsk7975a-deprot-OPT__Orai1WT-START-Fr0/complex_0/rank28_confidence-4.41.sdf,-1.1044500000000004,-9.826660714285712,-33.066175,1,6
DiffDock,Orai1WT-START-Fr0,gsk7975a-deprot-OPT,29,/home/manndo/master_dev/diffdock_results/gsk7975a-deprot-OPT__Orai1WT-START-Fr0/complex_0/rank29_confidence-4.54.sdf,-20.304285714285715,-0.47555714285714284,-36.090492857142856,1,1
DiffDock,Orai1WT-START-Fr0,gsk7975a-deprot-OPT,2,/home/manndo/master_dev/diffdock_results/gsk7975a-deprot-OPT__Orai1WT-START-Fr0/complex_0/rank2_confidence-1.64.sdf,10.668639285714288,12.772935714285717,-31.183335714285707,1,0
DiffDock,Orai1WT-START-Fr0,gsk7975a-deprot-OPT,2,/home/manndo/master_dev/diffdock_results/gsk7975a-deprot-OPT__Orai1WT-START-Fr0/complex_0/rank2_confidence-2.30.sdf,0.4780285714285716,0.3520214285714286,-24.95206428571429,1,1
DiffDock,Orai1WT-START-Fr0,gsk7975a-deprot-OPT,30,/home/manndo/master_dev/diffdock_results/gsk7975a-deprot-OPT__Orai1WT-START-Fr0/complex_0/rank30_confidence-5.00.sdf,0.7952714285714286,4.743778571428571,20.98114285714285,2,5
DiffDock,Orai1WT-START-Fr0,gsk7975a-deprot-OPT,3,/home/manndo/master_dev/diffdock_results/gsk7975a-deprot-OPT__Orai1WT-START-Fr0/complex_0/rank3_confidence-1.95.sdf,3.3984928571428568,-11.99367142857143,-27.317210714285714,1,6
DiffDock,Orai1WT-START-Fr0,gsk7975a-deprot-OPT,3,/home/manndo/master_dev/diffdock_results/gsk7975a-deprot-OPT__Orai1WT-START-Fr0/complex_0/rank3_confidence-2.58.sdf,-2.5093249999999996,-13.086007142857142,-34.300596428571424,1,6
DiffDock,Orai1WT-START-Fr0,gsk7975a-deprot-OPT,4,/home/manndo/master_dev/diffdock_results/gsk7975a-deprot-OPT__Orai1WT-START-Fr0/complex_0/rank4_confidence-2.21.sdf,-15.474821428571428,-6.116453571428571,-33.29963214285714,1,1
DiffDock,Orai1WT-START-Fr0,gsk7975a-deprot-OPT,4,/home/manndo/master_dev/diffdock_results/gsk7975a-deprot-OPT__Orai1WT-START-Fr0/complex_0/rank4_confidence-2.63.sdf,-12.173121428571433,1.0308642857142853,-27.758610714285712,1,1
DiffDock,Orai1WT-START-Fr0,gsk7975a-deprot-OPT,5,/home/manndo/master_dev/diffdock_results/gsk7975a-deprot-OPT__Orai1WT-START-Fr0/complex_0/rank5_confidence-2.21.sdf,17.04305357142857,-0.15632142857142908,-32.715471428571426,1,0
DiffDock,Orai1WT-START-Fr0,gsk7975a-deprot-OPT,5,/home/manndo/master_dev/diffdock_results/gsk7975a-deprot-OPT__Orai1WT-START-Fr0/complex_0/rank5_confidence-2.77.sdf,2.721567857142857,-11.795321428571425,-27.872196428571424,1,6
DiffDock,Orai1WT-START-Fr0,gsk7975a-deprot-OPT,6,/home/manndo/master_dev/diffdock_results/gsk7975a-deprot-OPT__Orai1WT-START-Fr0/complex_0/rank6_confidence-2.36.sdf,10.175892857142857,6.669557142857143,-28.279549999999997,1,0
DiffDock,Orai1WT-START-Fr0,gsk7975a-deprot-OPT,6,/home/manndo/master_dev/diffdock_results/gsk7975a-deprot-OPT__Orai1WT-START-Fr0/complex_0/rank6_confidence-2.88.sdf,3.6406428571428564,-2.946132142857143,29.97810714285714,2,5
DiffDock,Orai1WT-START-Fr0,gsk7975a-deprot-OPT,7,/home/manndo/master_dev/diffdock_results/gsk7975a-deprot-OPT__Orai1WT-START-Fr0/complex_0/rank7_confidence-2.40.sdf,8.904767857142856,-4.079971428571429,-32.95851071428571,1,0
DiffDock,Orai1WT-START-Fr0,gsk7975a-deprot-OPT,7,/home/manndo/master_dev/diffdock_results/gsk7975a-deprot-OPT__Orai1WT-START-Fr0/complex_0/rank7_confidence-3.03.sdf,9.529289285714286,8.1993,-28.311132142857137,1,0
DiffDock,Orai1WT-START-Fr0,gsk7975a-deprot-OPT,8,/home/manndo/master_dev/diffdock_results/gsk7975a-deprot-OPT__Orai1WT-START-Fr0/complex_0/rank8_confidence-2.61.sdf,5.851460714285715,-17.568682142857146,-30.679767857142856,1,6
DiffDock,Orai1WT-START-Fr0,gsk7975a-deprot-OPT,8,/home/manndo/master_dev/diffdock_results/gsk7975a-deprot-OPT__Orai1WT-START-Fr0/complex_0/rank8_confidence-3.36.sdf,10.270946428571426,4.493775,-31.44259285714285,1,0
DiffDock,Orai1WT-START-Fr0,gsk7975a-deprot-OPT,9,/home/manndo/master_dev/diffdock_results/gsk7975a-deprot-OPT__Orai1WT-START-Fr0/complex_0/rank9_confidence-2.65.sdf,0.5405678571428573,2.5271178571428576,19.523310714285717,2,5
DiffDock,Orai1WT-START-Fr0,gsk7975a-deprot-OPT,9,/home/manndo/master_dev/diffdock_results/gsk7975a-deprot-OPT__Orai1WT-START-Fr0/complex_0/rank9_confidence-3.42.sdf,-4.919296428571429,2.020882142857143,-29.059825000000007,1,1
DiffDock,Orai1WT-MDSnap-Fr300,gsk7975a-prot-OPT,1,/home/manndo/master_dev/diffdock_results/gsk7975a-prot-OPT__Orai1WT-MDSnap-Fr300/complex_0/rank1.sdf,-23.68854642857143,9.161521428571431,-31.07655357142857,0,0
DiffDock,Orai1WT-MDSnap-Fr300,gsk7975a-prot-OPT,10,/home/manndo/master_dev/diffdock_results/gsk7975a-prot-OPT__Orai1WT-MDSnap-Fr300/complex_0/rank10_confidence-2.99.sdf,13.989821428571428,26.267778571428572,-27.992896428571434,0,0
DiffDock,Orai1WT-MDSnap-Fr300,gsk7975a-prot-OPT,10,/home/manndo/master_dev/diffdock_results/gsk7975a-prot-OPT__Orai1WT-MDSnap-Fr300/complex_0/rank10_confidence-4.74.sdf,52.840314285714285,18.179892857142857,-14.625292857142856,0,0
DiffDock,Orai1WT-MDSnap-Fr300,gsk7975a-prot-OPT,11,/home/manndo/master_dev/diffdock_results/gsk7975a-prot-OPT__Orai1WT-MDSnap-Fr300/complex_0/rank11_confidence-2.99.sdf,-5.101357142857142,23.308053571428562,-25.936825000000002,0,0
DiffDock,Orai1WT-MDSnap-Fr300,gsk7975a-prot-OPT,12,/home/manndo/master_dev/diffdock_results/gsk7975a-prot-OPT__Orai1WT-MDSnap-Fr300/complex_0/rank12_confidence-3.01.sdf,1.5703821428571432,2.683325,-24.19645,0,0
DiffDock,Orai1WT-MDSnap-Fr300,gsk7975a-prot-OPT,13,/home/manndo/master_dev/diffdock_results/gsk7975a-prot-OPT__Orai1WT-MDSnap-Fr300/complex_0/rank13_confidence-3.15.sdf,10.285514285714283,27.60864285714286,-27.100592857142857,0,0
DiffDock,Orai1WT-MDSnap-Fr300,gsk7975a-prot-OPT,14,/home/manndo/master_dev/diffdock_results/gsk7975a-prot-OPT__Orai1WT-MDSnap-Fr300/complex_0/rank14_confidence-3.22.sdf,18.781117857142853,24.593296428571424,-7.253885714285715,0,0
DiffDock,Orai1WT-MDSnap-Fr300,gsk7975a-prot-OPT,15,/home/manndo/master_dev/diffdock_results/gsk7975a-prot-OPT__Orai1WT-MDSnap-Fr300/complex_0/rank15_confidence-3.24.sdf,22.521635714285715,-13.923553571428572,-19.726935714285712,0,0
DiffDock,Orai1WT-MDSnap-Fr300,gsk7975a-prot-OPT,16,/home/manndo/master_dev/diffdock_results/gsk7975a-prot-OPT__Orai1WT-MDSnap-Fr300/complex_0/rank16_confidence-3.47.sdf,14.851225000000001,-3.8493321428571425,31.6891,0,0
DiffDock,Orai1WT-MDSnap-Fr300,gsk7975a-prot-OPT,17,/home/manndo/master_dev/diffdock_results/gsk7975a-prot-OPT__Orai1WT-MDSnap-Fr300/complex_0/rank17_confidence-3.59.sdf,17.135210714285716,7.341732142857142,-31.29668571428571,0,0
DiffDock,Orai1WT-MDSnap-Fr300,gsk7975a-prot-OPT,18,/home/manndo/master_dev/diffdock_results/gsk7975a-prot-OPT__Orai1WT-MDSnap-Fr300/complex_0/rank18_confidence-3.60.sdf,1.3162892857142856,5.387700000000001,-22.444314285714285,0,0
DiffDock,Orai1WT-MDSnap-Fr300,gsk7975a-prot-OPT,19,/home/manndo/master_dev/diffdock_results/gsk7975a-prot-OPT__Orai1WT-MDSnap-Fr300/complex_0/rank19_confidence-3.92.sdf,19.547953571428568,3.5712107142857135,-34.07696785714286,0,0
DiffDock,Orai1WT-MDSnap-Fr300,gsk7975a-prot-OPT,1,/home/manndo/master_dev/diffdock_results/gsk7975a-prot-OPT__Orai1WT-MDSnap-Fr300/complex_0/rank1_confidence-0.71.sdf,-23.68854642857143,9.161521428571431,-31.07655357142857,0,0
DiffDock,Orai1WT-MDSnap-Fr300,gsk7975a-prot-OPT,1,/home/manndo/master_dev/diffdock_results/gsk7975a-prot-OPT__Orai1WT-MDSnap-Fr300/complex_0/rank1_confidence-1.74.sdf,10.29532857142857,21.637625000000003,-32.99867142857143,0,0
DiffDock,Orai1WT-MDSnap-Fr300,gsk7975a-prot-OPT,1,/home/manndo/master_dev/diffdock_results/gsk7975a-prot-OPT__Orai1WT-MDSnap-Fr300/complex_0/rank1_confidence-2.12.sdf,7.571464285714286,-24.70325,-23.360521428571428,0,0
DiffDock,Orai1WT-MDSnap-Fr300,gsk7975a-prot-OPT,20,/home/manndo/master_dev/diffdock_results/gsk7975a-prot-OPT__Orai1WT-MDSnap-Fr300/complex_0/rank20_confidence-4.08.sdf,6.4139535714285705,35.062239285714284,-33.97193928571429,0,0
DiffDock,Orai1WT-MDSnap-Fr300,gsk7975a-prot-OPT,21,/home/manndo/master_dev/diffdock_results/gsk7975a-prot-OPT__Orai1WT-MDSnap-Fr300/complex_0/rank21_confidence-4.13.sdf,1.621521428571429,4.779817857142858,-24.650057142857147,0,0
DiffDock,Orai1WT-MDSnap-Fr300,gsk7975a-prot-OPT,22,/home/manndo/master_dev/diffdock_results/gsk7975a-prot-OPT__Orai1WT-MDSnap-Fr300/complex_0/rank22_confidence-4.22.sdf,-1.2972928571428568,7.983539285714286,23.61639285714286,0,0
DiffDock,Orai1WT-MDSnap-Fr300,gsk7975a-prot-OPT,23,/home/manndo/master_dev/diffdock_results/gsk7975a-prot-OPT__Orai1WT-MDSnap-Fr300/complex_0/rank23_confidence-4.25.sdf,-1.4399714285714287,3.762489285714285,26.09283571428571,0,0
DiffDock,Orai1WT-MDSnap-Fr300,gsk7975a-prot-OPT,24,/home/manndo/master_dev/diffdock_results/gsk7975a-prot-OPT__Orai1WT-MDSnap-Fr300/complex_0/rank24_confidence-4.28.sdf,38.13136428571427,-9.924092857142856,-59.54108928571428,0,0
DiffDock,Orai1WT-MDSnap-Fr300,gsk7975a-prot-OPT,25,/home/manndo/master_dev/diffdock_results/gsk7975a-prot-OPT__Orai1WT-MDSnap-Fr300/complex_0/rank25_confidence-4.35.sdf,1.056589285714286,7.317442857142856,-22.183814285714284,0,0
DiffDock,Orai1WT-MDSnap-Fr300,gsk7975a-prot-OPT,26,/home/manndo/master_dev/diffdock_results/gsk7975a-prot-OPT__Orai1WT-MDSnap-Fr300/complex_0/rank26_confidence-4.35.sdf,0.18268214285714285,6.845328571428571,-28.48171785714286,0,0
DiffDock,Orai1WT-MDSnap-Fr300,gsk7975a-prot-OPT,27,/home/manndo/master_dev/diffdock_results/gsk7975a-prot-OPT__Orai1WT-MDSnap-Fr300/complex_0/rank27_confidence-4.35.sdf,-25.525003571428567,-0.6345928571428573,-24.23117857142857,0,0
DiffDock,Orai1WT-MDSnap-Fr300,gsk7975a-prot-OPT,28,/home/manndo/master_dev/diffdock_results/gsk7975a-prot-OPT__Orai1WT-MDSnap-Fr300/complex_0/rank28_confidence-4.90.sdf,9.19015357142857,18.64532857142857,-36.83263214285715,0,0
DiffDock,Orai1WT-MDSnap-Fr300,gsk7975a-prot-OPT,29,/home/manndo/master_dev/diffdock_results/gsk7975a-prot-OPT__Orai1WT-MDSnap-Fr300/complex_0/rank29_confidence-5.02.sdf,-0.012792857142857161,3.9892785714285703,28.375185714285717,0,0
DiffDock,Orai1WT-MDSnap-Fr300,gsk7975a-prot-OPT,2,/home/manndo/master_dev/diffdock_results/gsk7975a-prot-OPT__Orai1WT-MDSnap-Fr300/complex_0/rank2_confidence-1.17.sdf,-26.50725714285714,9.751046428571426,-23.96921071428572,0,0
DiffDock,Orai1WT-MDSnap-Fr300,gsk7975a-prot-OPT,2,/home/manndo/master_dev/diffdock_results/gsk7975a-prot-OPT__Orai1WT-MDSnap-Fr300/complex_0/rank2_confidence-2.50.sdf,19.20943571428571,-18.232414285714285,-33.37650357142857,0,0
DiffDock,Orai1WT-MDSnap-Fr300,gsk7975a-prot-OPT,2,/home/manndo/master_dev/diffdock_results/gsk7975a-prot-OPT__Orai1WT-MDSnap-Fr300/complex_0/rank2_confidence-2.59.sdf,1.6251857142857138,4.401350000000001,23.858649999999994,0,0
DiffDock,Orai1WT-MDSnap-Fr300,gsk7975a-prot-OPT,30,/home/manndo/master_dev/diffdock_results/gsk7975a-prot-OPT__Orai1WT-MDSnap-Fr300/complex_0/rank30_confidence-5.84.sdf,-2299.3907142857142,-944.8825714285713,1054.812442857143,1,1
DiffDock,Orai1WT-MDSnap-Fr300,gsk7975a-prot-OPT,3,/home/manndo/master_dev/diffdock_results/gsk7975a-prot-OPT__Orai1WT-MDSnap-Fr300/complex_0/rank3_confidence-1.62.sdf,32.26648214285714,15.829210714285717,-20.340335714285715,0,0
DiffDock,Orai1WT-MDSnap-Fr300,gsk7975a-prot-OPT,3,/home/manndo/master_dev/diffdock_results/gsk7975a-prot-OPT__Orai1WT-MDSnap-Fr300/complex_0/rank3_confidence-2.77.sdf,0.5054357142857141,2.7685892857142855,25.10811785714286,0,0
DiffDock,Orai1WT-MDSnap-Fr300,gsk7975a-prot-OPT,3,/home/manndo/master_dev/diffdock_results/gsk7975a-prot-OPT__Orai1WT-MDSnap-Fr300/complex_0/rank3_confidence-3.49.sdf,20.6399,4.435524999999999,-33.121832142857144,0,0
DiffDock,Orai1WT-MDSnap-Fr300,gsk7975a-prot-OPT,4,/home/manndo/master_dev/diffdock_results/gsk7975a-prot-OPT__Orai1WT-MDSnap-Fr300/complex_0/rank4_confidence-1.97.sdf,9.385621428571428,21.61327142857143,-31.482689285714287,0,0
DiffDock,Orai1WT-MDSnap-Fr300,gsk7975a-prot-OPT,4,/home/manndo/master_dev/diffdock_results/gsk7975a-prot-OPT__Orai1WT-MDSnap-Fr300/complex_0/rank4_confidence-2.95.sdf,16.13008214285714,6.118232142857143,-24.890467857142855,0,0
DiffDock,Orai1WT-MDSnap-Fr300,gsk7975a-prot-OPT,4,/home/manndo/master_dev/diffdock_results/gsk7975a-prot-OPT__Orai1WT-MDSnap-Fr300/complex_0/rank4_confidence-3.58.sdf,-22.13477500000001,-2.7172999999999994,-33.77326428571428,0,0
DiffDock,Orai1WT-MDSnap-Fr300,gsk7975a-prot-OPT,5,/home/manndo/master_dev/diffdock_results/gsk7975a-prot-OPT__Orai1WT-MDSnap-Fr300/complex_0/rank5_confidence-2.00.sdf,-23.826410714285714,5.289003571428572,-25.840289285714285,0,0
DiffDock,Orai1WT-MDSnap-Fr300,gsk7975a-prot-OPT,5,/home/manndo/master_dev/diffdock_results/gsk7975a-prot-OPT__Orai1WT-MDSnap-Fr300/complex_0/rank5_confidence-3.19.sdf,-24.64039642857143,-0.3704928571428572,-26.610603571428573,0,0
DiffDock,Orai1WT-MDSnap-Fr300,gsk7975a-prot-OPT,5,/home/manndo/master_dev/diffdock_results/gsk7975a-prot-OPT__Orai1WT-MDSnap-Fr300/complex_0/rank5_confidence-3.89.sdf,0.3814678571428572,8.023464285714285,-23.495057142857146,0,0
DiffDock,Orai1WT-MDSnap-Fr300,gsk7975a-prot-OPT,6,/home/manndo/master_dev/diffdock_results/gsk7975a-prot-OPT__Orai1WT-MDSnap-Fr300/complex_0/rank6_confidence-2.16.sdf,4.049075,0.5228821428571425,-26.42958214285714,0,0
DiffDock,Orai1WT-MDSnap-Fr300,gsk7975a-prot-OPT,6,/home/manndo/master_dev/diffdock_results/gsk7975a-prot-OPT__Orai1WT-MDSnap-Fr300/complex_0/rank6_confidence-4.09.sdf,-47.74108571428572,15.85717142857143,-37.27863928571429,0,0
DiffDock,Orai1WT-MDSnap-Fr300,gsk7975a-prot-OPT,6,/home/manndo/master_dev/diffdock_results/gsk7975a-prot-OPT__Orai1WT-MDSnap-Fr300/complex_0/rank6_confidence-4.60.sdf,-1.486082142857143,3.9188464285714284,-29.688471428571432,0,0
DiffDock,Orai1WT-MDSnap-Fr300,gsk7975a-prot-OPT,7,/home/manndo/master_dev/diffdock_results/gsk7975a-prot-OPT__Orai1WT-MDSnap-Fr300/complex_0/rank7_confidence-2.27.sdf,-2.729632142857142,8.405342857142857,25.934371428571428,0,0
DiffDock,Orai1WT-MDSnap-Fr300,gsk7975a-prot-OPT,7,/home/manndo/master_dev/diffdock_results/gsk7975a-prot-OPT__Orai1WT-MDSnap-Fr300/complex_0/rank7_confidence-4.35.sdf,12.480924999999997,16.57755,17.511400000000002,0,0
DiffDock,Orai1WT-MDSnap-Fr300,gsk7975a-prot-OPT,7,/home/manndo/master_dev/diffdock_results/gsk7975a-prot-OPT__Orai1WT-MDSnap-Fr300/complex_0/rank7_confidence-4.71.sdf,0.3173892857142856,6.40329642857143,-20.809164285714285,0,0
DiffDock,Orai1WT-MDSnap-Fr300,gsk7975a-prot-OPT,8,/home/manndo/master_dev/diffdock_results/gsk7975a-prot-OPT__Orai1WT-MDSnap-Fr300/complex_0/rank8_confidence-2.44.sdf,25.379042857142856,24.011007142857146,-17.428921428571428,0,0
DiffDock,Orai1WT-MDSnap-Fr300,gsk7975a-prot-OPT,8,/home/manndo/master_dev/diffdock_results/gsk7975a-prot-OPT__Orai1WT-MDSnap-Fr300/complex_0/rank8_confidence-4.42.sdf,1.3084642857142854,4.378682142857143,-25.03073214285715,0,0
DiffDock,Orai1WT-MDSnap-Fr300,gsk7975a-prot-OPT,8,/home/manndo/master_dev/diffdock_results/gsk7975a-prot-OPT__Orai1WT-MDSnap-Fr300/complex_0/rank8_confidence-4.81.sdf,14.291757142857145,-0.749935714285714,-28.950682142857143,0,0
DiffDock,Orai1WT-MDSnap-Fr300,gsk7975a-prot-OPT,9,/home/manndo/master_dev/diffdock_results/gsk7975a-prot-OPT__Orai1WT-MDSnap-Fr300/complex_0/rank9_confidence-2.46.sdf,16.446757142857145,6.990810714285715,-25.859871428571434,0,0
DiffDock,Orai1WT-MDSnap-Fr300,gsk7975a-prot-OPT,9,/home/manndo/master_dev/diffdock_results/gsk7975a-prot-OPT__Orai1WT-MDSnap-Fr300/complex_0/rank9_confidence-4.66.sdf,17.1296,8.722714285714286,-31.019275000000004,0,0
DiffDock,Orai1WT-MDSnap-Fr300,gsk7975a-prot-OPT,9,/home/manndo/master_dev/diffdock_results/gsk7975a-prot-OPT__Orai1WT-MDSnap-Fr300/complex_0/rank9_confidence-5.66.sdf,513.8461357142859,206.42363214285712,5.513242857142857,0,0
DiffDock,Orai1WT-MDSnap-Fr400,gsk7975a-prot-OPT,1,/home/manndo/master_dev/diffdock_results/gsk7975a-prot-OPT__Orai1WT-MDSnap-Fr400/complex_0/rank1.sdf,19.281575,-14.880682142857141,-24.89749285714285,0,0
DiffDock,Orai1WT-MDSnap-Fr400,gsk7975a-prot-OPT,10,/home/manndo/master_dev/diffdock_results/gsk7975a-prot-OPT__Orai1WT-MDSnap-Fr400/complex_0/rank10_confidence-2.54.sdf,31.878682142857144,6.397367857142859,-18.12092142857143,0,0
DiffDock,Orai1WT-MDSnap-Fr400,gsk7975a-prot-OPT,10,/home/manndo/master_dev/diffdock_results/gsk7975a-prot-OPT__Orai1WT-MDSnap-Fr400/complex_0/rank10_confidence-5.91.sdf,-0.8872071428571429,5.3191678571428564,-21.800407142857136,0,0
DiffDock,Orai1WT-MDSnap-Fr400,gsk7975a-prot-OPT,11,/home/manndo/master_dev/diffdock_results/gsk7975a-prot-OPT__Orai1WT-MDSnap-Fr400/complex_0/rank11_confidence-2.58.sdf,-29.275750000000006,8.225639285714285,-24.854710714285716,0,0
DiffDock,Orai1WT-MDSnap-Fr400,gsk7975a-prot-OPT,12,/home/manndo/master_dev/diffdock_results/gsk7975a-prot-OPT__Orai1WT-MDSnap-Fr400/complex_0/rank12_confidence-2.68.sdf,-24.736260714285716,-4.704603571428572,-40.08865714285713,0,0
DiffDock,Orai1WT-MDSnap-Fr400,gsk7975a-prot-OPT,13,/home/manndo/master_dev/diffdock_results/gsk7975a-prot-OPT__Orai1WT-MDSnap-Fr400/complex_0/rank13_confidence-3.02.sdf,15.24916785714286,3.121078571428572,-33.47861785714286,0,0
DiffDock,Orai1WT-MDSnap-Fr400,gsk7975a-prot-OPT,14,/home/manndo/master_dev/diffdock_results/gsk7975a-prot-OPT__Orai1WT-MDSnap-Fr400/complex_0/rank14_confidence-3.19.sdf,15.542271428571425,-16.254607142857143,-17.083375,0,0
DiffDock,Orai1WT-MDSnap-Fr400,gsk7975a-prot-OPT,15,/home/manndo/master_dev/diffdock_results/gsk7975a-prot-OPT__Orai1WT-MDSnap-Fr400/complex_0/rank15_confidence-3.30.sdf,1.4850142857142856,11.987385714285717,-29.02338571428572,0,0
DiffDock,Orai1WT-MDSnap-Fr400,gsk7975a-prot-OPT,16,/home/manndo/master_dev/diffdock_results/gsk7975a-prot-OPT__Orai1WT-MDSnap-Fr400/complex_0/rank16_confidence-3.40.sdf,-16.97442857142857,9.628360714285714,14.829471428571429,0,0
DiffDock,Orai1WT-MDSnap-Fr400,gsk7975a-prot-OPT,17,/home/manndo/master_dev/diffdock_results/gsk7975a-prot-OPT__Orai1WT-MDSnap-Fr400/complex_0/rank17_confidence-3.51.sdf,5.994685714285715,-10.091435714285714,-26.628525,0,0
DiffDock,Orai1WT-MDSnap-Fr400,gsk7975a-prot-OPT,18,/home/manndo/master_dev/diffdock_results/gsk7975a-prot-OPT__Orai1WT-MDSnap-Fr400/complex_0/rank18_confidence-3.53.sdf,0.8457642857142856,5.711235714285715,-21.43272142857143,0,0
DiffDock,Orai1WT-MDSnap-Fr400,gsk7975a-prot-OPT,19,/home/manndo/master_dev/diffdock_results/gsk7975a-prot-OPT__Orai1WT-MDSnap-Fr400/complex_0/rank19_confidence-3.54.sdf,-4.440978571428571,5.231821428571427,23.074403571428565,0,0
DiffDock,Orai1WT-MDSnap-Fr400,gsk7975a-prot-OPT,1,/home/manndo/master_dev/diffdock_results/gsk7975a-prot-OPT__Orai1WT-MDSnap-Fr400/complex_0/rank1_confidence-0.78.sdf,19.281575,-14.880682142857141,-24.89749285714285,0,0
DiffDock,Orai1WT-MDSnap-Fr400,gsk7975a-prot-OPT,1,/home/manndo/master_dev/diffdock_results/gsk7975a-prot-OPT__Orai1WT-MDSnap-Fr400/complex_0/rank1_confidence-1.37.sdf,-29.342414285714284,8.705560714285713,-23.429475000000004,0,0
DiffDock,Orai1WT-MDSnap-Fr400,gsk7975a-prot-OPT,20,/home/manndo/master_dev/diffdock_results/gsk7975a-prot-OPT__Orai1WT-MDSnap-Fr400/complex_0/rank20_confidence-3.57.sdf,1.1332285714285713,-0.9493642857142855,-24.82972142857143,0,0
DiffDock,Orai1WT-MDSnap-Fr400,gsk7975a-prot-OPT,21,/home/manndo/master_dev/diffdock_results/gsk7975a-prot-OPT__Orai1WT-MDSnap-Fr400/complex_0/rank21_confidence-3.66.sdf,10.215085714285715,-13.118674999999998,10.495410714285715,0,0
DiffDock,Orai1WT-MDSnap-Fr400,gsk7975a-prot-OPT,22,/home/manndo/master_dev/diffdock_results/gsk7975a-prot-OPT__Orai1WT-MDSnap-Fr400/complex_0/rank22_confidence-3.76.sdf,13.480514285714282,11.34454642857143,-31.794107142857143,0,0
DiffDock,Orai1WT-MDSnap-Fr400,gsk7975a-prot-OPT,23,/home/manndo/master_dev/diffdock_results/gsk7975a-prot-OPT__Orai1WT-MDSnap-Fr400/complex_0/rank23_confidence-3.80.sdf,-1.571925,4.053624999999999,20.686067857142856,0,0
DiffDock,Orai1WT-MDSnap-Fr400,gsk7975a-prot-OPT,24,/home/manndo/master_dev/diffdock_results/gsk7975a-prot-OPT__Orai1WT-MDSnap-Fr400/complex_0/rank24_confidence-3.88.sdf,2.6201857142857152,33.32664285714285,12.082149999999997,0,0
DiffDock,Orai1WT-MDSnap-Fr400,gsk7975a-prot-OPT,25,/home/manndo/master_dev/diffdock_results/gsk7975a-prot-OPT__Orai1WT-MDSnap-Fr400/complex_0/rank25_confidence-3.98.sdf,-0.0031071428571430464,3.612932142857143,-26.736496428571424,0,0
DiffDock,Orai1WT-MDSnap-Fr400,gsk7975a-prot-OPT,26,/home/manndo/master_dev/diffdock_results/gsk7975a-prot-OPT__Orai1WT-MDSnap-Fr400/complex_0/rank26_confidence-4.16.sdf,15.765457142857143,8.155153571428572,-27.027792857142856,0,0
DiffDock,Orai1WT-MDSnap-Fr400,gsk7975a-prot-OPT,27,/home/manndo/master_dev/diffdock_results/gsk7975a-prot-OPT__Orai1WT-MDSnap-Fr400/complex_0/rank27_confidence-4.16.sdf,0.5619571428571428,4.936460714285714,-28.285614285714296,0,0
DiffDock,Orai1WT-MDSnap-Fr400,gsk7975a-prot-OPT,28,/home/manndo/master_dev/diffdock_results/gsk7975a-prot-OPT__Orai1WT-MDSnap-Fr400/complex_0/rank28_confidence-4.21.sdf,0.04017500000000026,4.679978571428572,33.89223214285714,0,0
DiffDock,Orai1WT-MDSnap-Fr400,gsk7975a-prot-OPT,29,/home/manndo/master_dev/diffdock_results/gsk7975a-prot-OPT__Orai1WT-MDSnap-Fr400/complex_0/rank29_confidence-4.41.sdf,-23.775257142857136,1.8603857142857139,-41.89977499999999,0,0
DiffDock,Orai1WT-MDSnap-Fr400,gsk7975a-prot-OPT,2,/home/manndo/master_dev/diffdock_results/gsk7975a-prot-OPT__Orai1WT-MDSnap-Fr400/complex_0/rank2_confidence-1.23.sdf,-18.446835714285715,4.899203571428571,12.783796428571431,0,0
DiffDock,Orai1WT-MDSnap-Fr400,gsk7975a-prot-OPT,2,/home/manndo/master_dev/diffdock_results/gsk7975a-prot-OPT__Orai1WT-MDSnap-Fr400/complex_0/rank2_confidence-1.72.sdf,-28.483446428571426,8.177228571428573,-15.359246428571433,0,0
DiffDock,Orai1WT-MDSnap-Fr400,gsk7975a-prot-OPT,30,/home/manndo/master_dev/diffdock_results/gsk7975a-prot-OPT__Orai1WT-MDSnap-Fr400/complex_0/rank30_confidence-6.02.sdf,-1.689421428571428,9.63139642857143,-23.567892857142862,0,0
DiffDock,Orai1WT-MDSnap-Fr400,gsk7975a-prot-OPT,3,/home/manndo/master_dev/diffdock_results/gsk7975a-prot-OPT__Orai1WT-MDSnap-Fr400/complex_0/rank3_confidence-1.69.sdf,17.35287857142857,7.837200000000001,-31.755828571428566,0,0
DiffDock,Orai1WT-MDSnap-Fr400,gsk7975a-prot-OPT,3,/home/manndo/master_dev/diffdock_results/gsk7975a-prot-OPT__Orai1WT-MDSnap-Fr400/complex_0/rank3_confidence-3.02.sdf,2.5814464285714287,-6.337089285714287,-27.15756428571429,0,0
DiffDock,Orai1WT-MDSnap-Fr400,gsk7975a-prot-OPT,4,/home/manndo/master_dev/diffdock_results/gsk7975a-prot-OPT__Orai1WT-MDSnap-Fr400/complex_0/rank4_confidence-1.72.sdf,-17.701682142857145,5.498532142857144,13.012471428571429,0,0
DiffDock,Orai1WT-MDSnap-Fr400,gsk7975a-prot-OPT,4,/home/manndo/master_dev/diffdock_results/gsk7975a-prot-OPT__Orai1WT-MDSnap-Fr400/complex_0/rank4_confidence-3.05.sdf,18.68071428571428,27.317167857142866,-15.05954285714286,0,0
DiffDock,Orai1WT-MDSnap-Fr400,gsk7975a-prot-OPT,5,/home/manndo/master_dev/diffdock_results/gsk7975a-prot-OPT__Orai1WT-MDSnap-Fr400/complex_0/rank5_confidence-1.89.sdf,4.816371428571428,28.681624999999993,-29.828828571428573,0,0
DiffDock,Orai1WT-MDSnap-Fr400,gsk7975a-prot-OPT,5,/home/manndo/master_dev/diffdock_results/gsk7975a-prot-OPT__Orai1WT-MDSnap-Fr400/complex_0/rank5_confidence-3.21.sdf,0.6004178571428571,6.125964285714287,-22.12673571428572,0,0
DiffDock,Orai1WT-MDSnap-Fr400,gsk7975a-prot-OPT,6,/home/manndo/master_dev/diffdock_results/gsk7975a-prot-OPT__Orai1WT-MDSnap-Fr400/complex_0/rank6_confidence-2.30.sdf,-8.198210714285713,-2.9609357142857142,-28.694628571428577,0,0
DiffDock,Orai1WT-MDSnap-Fr400,gsk7975a-prot-OPT,6,/home/manndo/master_dev/diffdock_results/gsk7975a-prot-OPT__Orai1WT-MDSnap-Fr400/complex_0/rank6_confidence-3.22.sdf,15.643639285714286,10.740517857142859,-31.716060714285714,0,0
DiffDock,Orai1WT-MDSnap-Fr400,gsk7975a-prot-OPT,7,/home/manndo/master_dev/diffdock_results/gsk7975a-prot-OPT__Orai1WT-MDSnap-Fr400/complex_0/rank7_confidence-2.46.sdf,-1.5000607142857143,2.0364464285714283,24.780960714285715,0,0
DiffDock,Orai1WT-MDSnap-Fr400,gsk7975a-prot-OPT,7,/home/manndo/master_dev/diffdock_results/gsk7975a-prot-OPT__Orai1WT-MDSnap-Fr400/complex_0/rank7_confidence-3.23.sdf,13.465292857142858,10.686646428571427,-32.30271428571428,0,0
DiffDock,Orai1WT-MDSnap-Fr400,gsk7975a-prot-OPT,8,/home/manndo/master_dev/diffdock_results/gsk7975a-prot-OPT__Orai1WT-MDSnap-Fr400/complex_0/rank8_confidence-2.50.sdf,11.832046428571427,16.585607142857143,13.016742857142859,0,0
DiffDock,Orai1WT-MDSnap-Fr400,gsk7975a-prot-OPT,8,/home/manndo/master_dev/diffdock_results/gsk7975a-prot-OPT__Orai1WT-MDSnap-Fr400/complex_0/rank8_confidence-5.07.sdf,-0.3460000000000002,3.636085714285715,25.329596428571424,0,0
DiffDock,Orai1WT-MDSnap-Fr400,gsk7975a-prot-OPT,9,/home/manndo/master_dev/diffdock_results/gsk7975a-prot-OPT__Orai1WT-MDSnap-Fr400/complex_0/rank9_confidence-2.53.sdf,30.499028571428575,-11.865150000000005,-20.618314285714288,0,0
DiffDock,Orai1WT-MDSnap-Fr400,gsk7975a-prot-OPT,9,/home/manndo/master_dev/diffdock_results/gsk7975a-prot-OPT__Orai1WT-MDSnap-Fr400/complex_0/rank9_confidence-5.77.sdf,5358.4659571428565,-1994.6158464285716,-5183.05639642857,1,1
DiffDock,Orai1WT-MDSnap-Fr499,gsk7975a-prot-OPT,1,/home/manndo/master_dev/diffdock_results/gsk7975a-prot-OPT__Orai1WT-MDSnap-Fr499/complex_0/rank1.sdf,-24.863596428571434,10.429782142857144,-27.947699999999994,0,0
DiffDock,Orai1WT-MDSnap-Fr499,gsk7975a-prot-OPT,10,/home/manndo/master_dev/diffdock_results/gsk7975a-prot-OPT__Orai1WT-MDSnap-Fr499/complex_0/rank10_confidence-2.60.sdf,-28.664378571428568,11.200885714285715,-17.686624999999996,0,0
DiffDock,Orai1WT-MDSnap-Fr499,gsk7975a-prot-OPT,11,/home/manndo/master_dev/diffdock_results/gsk7975a-prot-OPT__Orai1WT-MDSnap-Fr499/complex_0/rank11_confidence-2.67.sdf,-1.1674535714285714,2.74585,21.376314285714294,0,0
DiffDock,Orai1WT-MDSnap-Fr499,gsk7975a-prot-OPT,12,/home/manndo/master_dev/diffdock_results/gsk7975a-prot-OPT__Orai1WT-MDSnap-Fr499/complex_0/rank12_confidence-2.69.sdf,-11.467057142857144,19.382985714285713,-33.662221428571435,0,0
DiffDock,Orai1WT-MDSnap-Fr499,gsk7975a-prot-OPT,13,/home/manndo/master_dev/diffdock_results/gsk7975a-prot-OPT__Orai1WT-MDSnap-Fr499/complex_0/rank13_confidence-2.80.sdf,19.052914285714287,-15.044635714285715,-21.0755,0,0
DiffDock,Orai1WT-MDSnap-Fr499,gsk7975a-prot-OPT,14,/home/manndo/master_dev/diffdock_results/gsk7975a-prot-OPT__Orai1WT-MDSnap-Fr499/complex_0/rank14_confidence-2.84.sdf,0.33431428571428584,4.124985714285714,28.39674642857143,0,0
DiffDock,Orai1WT-MDSnap-Fr499,gsk7975a-prot-OPT,15,/home/manndo/master_dev/diffdock_results/gsk7975a-prot-OPT__Orai1WT-MDSnap-Fr499/complex_0/rank15_confidence-2.91.sdf,0.8567249999999998,6.078485714285715,-22.584925000000002,0,0
DiffDock,Orai1WT-MDSnap-Fr499,gsk7975a-prot-OPT,16,/home/manndo/master_dev/diffdock_results/gsk7975a-prot-OPT__Orai1WT-MDSnap-Fr499/complex_0/rank16_confidence-3.44.sdf,18.22004285714286,25.516967857142852,-13.598182142857144,0,0
DiffDock,Orai1WT-MDSnap-Fr499,gsk7975a-prot-OPT,17,/home/manndo/master_dev/diffdock_results/gsk7975a-prot-OPT__Orai1WT-MDSnap-Fr499/complex_0/rank17_confidence-3.70.sdf,15.906535714285713,3.7156464285714286,-24.970617857142855,0,0
DiffDock,Orai1WT-MDSnap-Fr499,gsk7975a-prot-OPT,18,/home/manndo/master_dev/diffdock_results/gsk7975a-prot-OPT__Orai1WT-MDSnap-Fr499/complex_0/rank18_confidence-4.02.sdf,-1.826864285714286,3.191385714285714,-27.993089285714294,0,0
DiffDock,Orai1WT-MDSnap-Fr499,gsk7975a-prot-OPT,19,/home/manndo/master_dev/diffdock_results/gsk7975a-prot-OPT__Orai1WT-MDSnap-Fr499/complex_0/rank19_confidence-4.14.sdf,-4.2449071428571425,4.610514285714285,22.940217857142862,0,0
DiffDock,Orai1WT-MDSnap-Fr499,gsk7975a-prot-OPT,1,/home/manndo/master_dev/diffdock_results/gsk7975a-prot-OPT__Orai1WT-MDSnap-Fr499/complex_0/rank1_confidence-1.08.sdf,-24.863596428571434,10.429782142857144,-27.947699999999994,0,0
DiffDock,Orai1WT-MDSnap-Fr499,gsk7975a-prot-OPT,20,/home/manndo/master_dev/diffdock_results/gsk7975a-prot-OPT__Orai1WT-MDSnap-Fr499/complex_0/rank20_confidence-4.26.sdf,-1.9925178571428572,-6.741339285714287,-25.403624999999998,0,0
DiffDock,Orai1WT-MDSnap-Fr499,gsk7975a-prot-OPT,21,/home/manndo/master_dev/diffdock_results/gsk7975a-prot-OPT__Orai1WT-MDSnap-Fr499/complex_0/rank21_confidence-4.42.sdf,30.326878571428573,-15.484125000000002,-16.656532142857145,0,0
DiffDock,Orai1WT-MDSnap-Fr499,gsk7975a-prot-OPT,22,/home/manndo/master_dev/diffdock_results/gsk7975a-prot-OPT__Orai1WT-MDSnap-Fr499/complex_0/rank22_confidence-4.43.sdf,14.502275000000003,2.981375,-37.37678214285715,0,0
DiffDock,Orai1WT-MDSnap-Fr499,gsk7975a-prot-OPT,23,/home/manndo/master_dev/diffdock_results/gsk7975a-prot-OPT__Orai1WT-MDSnap-Fr499/complex_0/rank23_confidence-4.45.sdf,12.717549999999994,15.895910714285714,16.525232142857142,0,0
DiffDock,Orai1WT-MDSnap-Fr499,gsk7975a-prot-OPT,24,/home/manndo/master_dev/diffdock_results/gsk7975a-prot-OPT__Orai1WT-MDSnap-Fr499/complex_0/rank24_confidence-4.50.sdf,-15.861135714285714,5.830903571428572,7.639092857142859,0,0
DiffDock,Orai1WT-MDSnap-Fr499,gsk7975a-prot-OPT,25,/home/manndo/master_dev/diffdock_results/gsk7975a-prot-OPT__Orai1WT-MDSnap-Fr499/complex_0/rank25_confidence-4.83.sdf,17.58497857142857,0.31751071428571465,-34.68190357142857,0,0
DiffDock,Orai1WT-MDSnap-Fr499,gsk7975a-prot-OPT,26,/home/manndo/master_dev/diffdock_results/gsk7975a-prot-OPT__Orai1WT-MDSnap-Fr499/complex_0/rank26_confidence-5.27.sdf,12.139910714285717,19.001871428571427,26.517321428571428,0,0
DiffDock,Orai1WT-MDSnap-Fr499,gsk7975a-prot-OPT,27,/home/manndo/master_dev/diffdock_results/gsk7975a-prot-OPT__Orai1WT-MDSnap-Fr499/complex_0/rank27_confidence-5.66.sdf,62.25642142857142,-89.21499999999999,-208.91007499999998,0,0
DiffDock,Orai1WT-MDSnap-Fr499,gsk7975a-prot-OPT,28,/home/manndo/master_dev/diffdock_results/gsk7975a-prot-OPT__Orai1WT-MDSnap-Fr499/complex_0/rank28_confidence-5.75.sdf,3106.639457142857,-6673.593492857141,-2226.337446428571,1,1
DiffDock,Orai1WT-MDSnap-Fr499,gsk7975a-prot-OPT,2,/home/manndo/master_dev/diffdock_results/gsk7975a-prot-OPT__Orai1WT-MDSnap-Fr499/complex_0/rank2_confidence-1.55.sdf,22.18687857142857,2.2944178571428573,-32.262760714285704,0,0
DiffDock,Orai1WT-MDSnap-Fr499,gsk7975a-prot-OPT,3,/home/manndo/master_dev/diffdock_results/gsk7975a-prot-OPT__Orai1WT-MDSnap-Fr499/complex_0/rank3_confidence-1.68.sdf,12.827314285714284,26.810089285714277,-25.218510714285717,0,0
DiffDock,Orai1WT-MDSnap-Fr499,gsk7975a-prot-OPT,4,/home/manndo/master_dev/diffdock_results/gsk7975a-prot-OPT__Orai1WT-MDSnap-Fr499/complex_0/rank4_confidence-1.72.sdf,-5.392667857142857,3.6806214285714285,27.09397857142857,0,0
DiffDock,Orai1WT-MDSnap-Fr499,gsk7975a-prot-OPT,5,/home/manndo/master_dev/diffdock_results/gsk7975a-prot-OPT__Orai1WT-MDSnap-Fr499/complex_0/rank5_confidence-1.72.sdf,19.329450000000005,-15.788571428571426,-20.779885714285715,0,0
DiffDock,Orai1WT-MDSnap-Fr499,gsk7975a-prot-OPT,6,/home/manndo/master_dev/diffdock_results/gsk7975a-prot-OPT__Orai1WT-MDSnap-Fr499/complex_0/rank6_confidence-2.09.sdf,6.864582142857143,24.230857142857143,-32.082817857142864,0,0
DiffDock,Orai1WT-MDSnap-Fr499,gsk7975a-prot-OPT,7,/home/manndo/master_dev/diffdock_results/gsk7975a-prot-OPT__Orai1WT-MDSnap-Fr499/complex_0/rank7_confidence-2.21.sdf,3.8237035714285708,28.821603571428575,-31.702378571428575,0,0
DiffDock,Orai1WT-MDSnap-Fr499,gsk7975a-prot-OPT,8,/home/manndo/master_dev/diffdock_results/gsk7975a-prot-OPT__Orai1WT-MDSnap-Fr499/complex_0/rank8_confidence-2.40.sdf,7.525867857142857,30.861642857142844,-25.747657142857147,0,0
DiffDock,Orai1WT-MDSnap-Fr499,gsk7975a-prot-OPT,9,/home/manndo/master_dev/diffdock_results/gsk7975a-prot-OPT__Orai1WT-MDSnap-Fr499/complex_0/rank9_confidence-2.56.sdf,7.397875000000001,28.703664285714286,-27.39425357142857,0,0
DiffDock,Orai1WT-START-Fr0,gsk7975a-prot-OPT,1,/home/manndo/master_dev/diffdock_results/gsk7975a-prot-OPT__Orai1WT-START-Fr0/complex_0/rank1.sdf,12.69410357142857,-22.21543928571428,-29.010796428571435,0,2
DiffDock,Orai1WT-START-Fr0,gsk7975a-prot-OPT,10,/home/manndo/master_dev/diffdock_results/gsk7975a-prot-OPT__Orai1WT-START-Fr0/complex_0/rank10_confidence-2.71.sdf,10.331703571428571,7.15537142857143,-28.7212607142857,2,6
DiffDock,Orai1WT-START-Fr0,gsk7975a-prot-OPT,10,/home/manndo/master_dev/diffdock_results/gsk7975a-prot-OPT__Orai1WT-START-Fr0/complex_0/rank10_confidence-4.47.sdf,1.211532142857143,0.09417499999999981,-31.97950714285714,2,0
DiffDock,Orai1WT-START-Fr0,gsk7975a-prot-OPT,11,/home/manndo/master_dev/diffdock_results/gsk7975a-prot-OPT__Orai1WT-START-Fr0/complex_0/rank11_confidence-2.83.sdf,-1.9263071428571428,-14.176025,-30.981639285714284,0,2
DiffDock,Orai1WT-START-Fr0,gsk7975a-prot-OPT,12,/home/manndo/master_dev/diffdock_results/gsk7975a-prot-OPT__Orai1WT-START-Fr0/complex_0/rank12_confidence-2.91.sdf,-0.8779428571428574,-10.81989642857143,-31.95118571428571,0,2
DiffDock,Orai1WT-START-Fr0,gsk7975a-prot-OPT,13,/home/manndo/master_dev/diffdock_results/gsk7975a-prot-OPT__Orai1WT-START-Fr0/complex_0/rank13_confidence-3.03.sdf,-18.88718928571429,1.8521714285714288,-32.36963571428571,7,0
DiffDock,Orai1WT-START-Fr0,gsk7975a-prot-OPT,14,/home/manndo/master_dev/diffdock_results/gsk7975a-prot-OPT__Orai1WT-START-Fr0/complex_0/rank14_confidence-3.15.sdf,10.204342857142858,7.453221428571429,-28.26829285714286,2,6
DiffDock,Orai1WT-START-Fr0,gsk7975a-prot-OPT,15,/home/manndo/master_dev/diffdock_results/gsk7975a-prot-OPT__Orai1WT-START-Fr0/complex_0/rank15_confidence-3.17.sdf,12.921185714285714,5.689625,-31.781767857142853,2,6
DiffDock,Orai1WT-START-Fr0,gsk7975a-prot-OPT,16,/home/manndo/master_dev/diffdock_results/gsk7975a-prot-OPT__Orai1WT-START-Fr0/complex_0/rank16_confidence-3.33.sdf,6.531528571428573,-20.04579642857143,-32.38951428571429,0,2
DiffDock,Orai1WT-START-Fr0,gsk7975a-prot-OPT,17,/home/manndo/master_dev/diffdock_results/gsk7975a-prot-OPT__Orai1WT-START-Fr0/complex_0/rank17_confidence-3.33.sdf,3.594228571428572,1.754210714285714,27.196342857142856,5,1
DiffDock,Orai1WT-START-Fr0,gsk7975a-prot-OPT,18,/home/manndo/master_dev/diffdock_results/gsk7975a-prot-OPT__Orai1WT-START-Fr0/complex_0/rank18_confidence-3.35.sdf,-7.2032,-16.398853571428575,-31.904735714285714,0,2
DiffDock,Orai1WT-START-Fr0,gsk7975a-prot-OPT,19,/home/manndo/master_dev/diffdock_results/gsk7975a-prot-OPT__Orai1WT-START-Fr0/complex_0/rank19_confidence-3.48.sdf,1.8465999999999998,-2.1147857142857145,19.677303571428574,5,1
DiffDock,Orai1WT-START-Fr0,gsk7975a-prot-OPT,1,/home/manndo/master_dev/diffdock_results/gsk7975a-prot-OPT__Orai1WT-START-Fr0/complex_0/rank1_confidence-1.38.sdf,-16.162764285714285,2.3810214285714286,-30.203742857142856,7,0
DiffDock,Orai1WT-START-Fr0,gsk7975a-prot-OPT,1,/home/manndo/master_dev/diffdock_results/gsk7975a-prot-OPT__Orai1WT-START-Fr0/complex_0/rank1_confidence-1.59.sdf,12.69410357142857,-22.21543928571428,-29.010796428571435,0,2
DiffDock,Orai1WT-START-Fr0,gsk7975a-prot-OPT,20,/home/manndo/master_dev/diffdock_results/gsk7975a-prot-OPT__Orai1WT-START-Fr0/complex_0/rank20_confidence-3.56.sdf,-2.8707214285714286,-15.575532142857146,-30.067275,0,2
DiffDock,Orai1WT-START-Fr0,gsk7975a-prot-OPT,21,/home/manndo/master_dev/diffdock_results/gsk7975a-prot-OPT__Orai1WT-START-Fr0/complex_0/rank21_confidence-3.60.sdf,-5.15907857142857,-9.419521428571427,-35.13068928571428,0,2
DiffDock,Orai1WT-START-Fr0,gsk7975a-prot-OPT,22,/home/manndo/master_dev/diffdock_results/gsk7975a-prot-OPT__Orai1WT-START-Fr0/complex_0/rank22_confidence-3.69.sdf,-17.26584642857143,-9.104949999999999,-33.94920714285714,7,0
DiffDock,Orai1WT-START-Fr0,gsk7975a-prot-OPT,23,/home/manndo/master_dev/diffdock_results/gsk7975a-prot-OPT__Orai1WT-START-Fr0/complex_0/rank23_confidence-4.02.sdf,0.9750714285714286,1.2058964285714286,26.446157142857142,5,1
DiffDock,Orai1WT-START-Fr0,gsk7975a-prot-OPT,24,/home/manndo/master_dev/diffdock_results/gsk7975a-prot-OPT__Orai1WT-START-Fr0/complex_0/rank24_confidence-4.03.sdf,-14.447289285714286,4.767557142857144,-31.645024999999997,7,0
DiffDock,Orai1WT-START-Fr0,gsk7975a-prot-OPT,25,/home/manndo/master_dev/diffdock_results/gsk7975a-prot-OPT__Orai1WT-START-Fr0/complex_0/rank25_confidence-4.21.sdf,11.425853571428574,7.4310142857142845,-30.69658571428572,2,6
DiffDock,Orai1WT-START-Fr0,gsk7975a-prot-OPT,26,/home/manndo/master_dev/diffdock_results/gsk7975a-prot-OPT__Orai1WT-START-Fr0/complex_0/rank26_confidence-4.35.sdf,11.173567857142858,-1.8975107142857148,-37.52349642857143,2,6
DiffDock,Orai1WT-START-Fr0,gsk7975a-prot-OPT,27,/home/manndo/master_dev/diffdock_results/gsk7975a-prot-OPT__Orai1WT-START-Fr0/complex_0/rank27_confidence-4.44.sdf,-2.620957142857143,-15.022560714285714,-31.201339285714283,0,2
DiffDock,Orai1WT-START-Fr0,gsk7975a-prot-OPT,28,/home/manndo/master_dev/diffdock_results/gsk7975a-prot-OPT__Orai1WT-START-Fr0/complex_0/rank28_confidence-4.50.sdf,0.8059,-1.390710714285714,25.36304285714286,5,1
DiffDock,Orai1WT-START-Fr0,gsk7975a-prot-OPT,29,/home/manndo/master_dev/diffdock_results/gsk7975a-prot-OPT__Orai1WT-START-Fr0/complex_0/rank29_confidence-4.95.sdf,-2.7717428571428577,0.42875357142857146,22.03465357142857,5,1
DiffDock,Orai1WT-START-Fr0,gsk7975a-prot-OPT,2,/home/manndo/master_dev/diffdock_results/gsk7975a-prot-OPT__Orai1WT-START-Fr0/complex_0/rank2_confidence-1.70.sdf,19.042492857142857,3.398039285714286,-32.42341428571429,2,6
DiffDock,Orai1WT-START-Fr0,gsk7975a-prot-OPT,2,/home/manndo/master_dev/diffdock_results/gsk7975a-prot-OPT__Orai1WT-START-Fr0/complex_0/rank2_confidence-1.73.sdf,-0.3624392857142858,8.903685714285716,-33.80014642857142,2,0
DiffDock,Orai1WT-START-Fr0,gsk7975a-prot-OPT,30,/home/manndo/master_dev/diffdock_results/gsk7975a-prot-OPT__Orai1WT-START-Fr0/complex_0/rank30_confidence-5.34.sdf,3.9454357142857144,-1.1157249999999999,20.444207142857145,5,1
DiffDock,Orai1WT-START-Fr0,gsk7975a-prot-OPT,3,/home/manndo/master_dev/diffdock_results/gsk7975a-prot-OPT__Orai1WT-START-Fr0/complex_0/rank3_confidence-1.86.sdf,-0.09417857142857144,-0.26184285714285715,-26.665710714285716,2,0
DiffDock,Orai1WT-START-Fr0,gsk7975a-prot-OPT,3,/home/manndo/master_dev/diffdock_results/gsk7975a-prot-OPT__Orai1WT-START-Fr0/complex_0/rank3_confidence-2.28.sdf,11.049164285714285,7.5703392857142875,-29.579503571428575,2,6
DiffDock,Orai1WT-START-Fr0,gsk7975a-prot-OPT,4,/home/manndo/master_dev/diffdock_results/gsk7975a-prot-OPT__Orai1WT-START-Fr0/complex_0/rank4_confidence-2.09.sdf,-2.5481714285714285,-1.2214857142857145,25.350950000000005,5,1
DiffDock,Orai1WT-START-Fr0,gsk7975a-prot-OPT,4,/home/manndo/master_dev/diffdock_results/gsk7975a-prot-OPT__Orai1WT-START-Fr0/complex_0/rank4_confidence-2.37.sdf,-12.241982142857141,2.500510714285714,-26.899524999999993,7,0
DiffDock,Orai1WT-START-Fr0,gsk7975a-prot-OPT,5,/home/manndo/master_dev/diffdock_results/gsk7975a-prot-OPT__Orai1WT-START-Fr0/complex_0/rank5_confidence-2.37.sdf,29.52306785714286,0.8669999999999999,-25.915414285714284,2,6
DiffDock,Orai1WT-START-Fr0,gsk7975a-prot-OPT,5,/home/manndo/master_dev/diffdock_results/gsk7975a-prot-OPT__Orai1WT-START-Fr0/complex_0/rank5_confidence-2.48.sdf,10.057446428571428,13.181403571428572,-30.658421428571437,2,6
DiffDock,Orai1WT-START-Fr0,gsk7975a-prot-OPT,6,/home/manndo/master_dev/diffdock_results/gsk7975a-prot-OPT__Orai1WT-START-Fr0/complex_0/rank6_confidence-2.45.sdf,0.722075,-5.214264285714287,-32.91077857142857,0,0
DiffDock,Orai1WT-START-Fr0,gsk7975a-prot-OPT,6,/home/manndo/master_dev/diffdock_results/gsk7975a-prot-OPT__Orai1WT-START-Fr0/complex_0/rank6_confidence-2.59.sdf,5.161992857142856,-14.693660714285715,-29.936217857142857,0,2
DiffDock,Orai1WT-START-Fr0,gsk7975a-prot-OPT,7,/home/manndo/master_dev/diffdock_results/gsk7975a-prot-OPT__Orai1WT-START-Fr0/complex_0/rank7_confidence-2.57.sdf,-3.4395964285714298,-2.078546428571429,26.22174285714286,5,1
DiffDock,Orai1WT-START-Fr0,gsk7975a-prot-OPT,7,/home/manndo/master_dev/diffdock_results/gsk7975a-prot-OPT__Orai1WT-START-Fr0/complex_0/rank7_confidence-2.82.sdf,-5.795110714285717,8.043014285714285,-34.78340714285715,7,0
DiffDock,Orai1WT-START-Fr0,gsk7975a-prot-OPT,8,/home/manndo/master_dev/diffdock_results/gsk7975a-prot-OPT__Orai1WT-START-Fr0/complex_0/rank8_confidence-2.59.sdf,-7.902982142857143,-13.687478571428569,-32.86235357142857,0,2
DiffDock,Orai1WT-START-Fr0,gsk7975a-prot-OPT,8,/home/manndo/master_dev/diffdock_results/gsk7975a-prot-OPT__Orai1WT-START-Fr0/complex_0/rank8_confidence-3.43.sdf,-12.339214285714291,-9.165578571428572,-33.420125,0,0
DiffDock,Orai1WT-START-Fr0,gsk7975a-prot-OPT,9,/home/manndo/master_dev/diffdock_results/gsk7975a-prot-OPT__Orai1WT-START-Fr0/complex_0/rank9_confidence-2.67.sdf,-0.5612678571428575,-15.559342857142857,-31.867925000000003,0,2
DiffDock,Orai1WT-START-Fr0,gsk7975a-prot-OPT,9,/home/manndo/master_dev/diffdock_results/gsk7975a-prot-OPT__Orai1WT-START-Fr0/complex_0/rank9_confidence-4.15.sdf,-6.918224999999999,12.273785714285717,-34.30441428571428,7,0
EquiBind,Orai1WT-MDSnap-Fr300,2abp-nh2-OPT,1,/home/manndo/master_dev/equibind_docked_poses/2abp-nh2-OPT__Orai1WT-MDSnap-Fr300/pose_01.sdf,-10.782530303030303,27.34163636363637,-6.5839484848484835,0,0
EquiBind,Orai1WT-MDSnap-Fr300,2abp-nh2-OPT,1,/home/manndo/master_dev/equibind_docked_poses/2abp-nh2-OPT__Orai1WT-MDSnap-Fr300/pose_02.sdf,-10.125960606060609,28.056790909090907,-5.774518181818181,0,0
EquiBind,Orai1WT-MDSnap-Fr300,2abp-nh2-OPT,1,/home/manndo/master_dev/equibind_docked_poses/2abp-nh2-OPT__Orai1WT-MDSnap-Fr300/pose_03.sdf,-10.802030303030303,28.046733333333336,-6.716027272727273,0,0
EquiBind,Orai1WT-MDSnap-Fr300,2abp-nh2-OPT,1,/home/manndo/master_dev/equibind_docked_poses/2abp-nh2-OPT__Orai1WT-MDSnap-Fr300/pose_04.sdf,-10.192772727272727,26.636515151515145,-6.718196969696969,0,0
EquiBind,Orai1WT-MDSnap-Fr300,2abp-nh2-OPT,1,/home/manndo/master_dev/equibind_docked_poses/2abp-nh2-OPT__Orai1WT-MDSnap-Fr300/pose_05.sdf,-11.69742424242424,28.514715151515148,-3.8026000000000004,0,0
EquiBind,Orai1WT-MDSnap-Fr300_cleaned,2abp-nh2-OPT,1,/home/manndo/master_dev/equibind_docked_poses/2abp-nh2-OPT__Orai1WT-MDSnap-Fr300_cleaned/pose_01.sdf,-10.025112121212118,30.8529,-0.7645363636363638,9,5
EquiBind,Orai1WT-MDSnap-Fr300_cleaned,2abp-nh2-OPT,1,/home/manndo/master_dev/equibind_docked_poses/2abp-nh2-OPT__Orai1WT-MDSnap-Fr300_cleaned/pose_02.sdf,-10.46454242424242,30.819363636363644,1.6304545454545452,9,5
EquiBind,Orai1WT-MDSnap-Fr300_cleaned,2abp-nh2-OPT,1,/home/manndo/master_dev/equibind_docked_poses/2abp-nh2-OPT__Orai1WT-MDSnap-Fr300_cleaned/pose_03.sdf,-10.668748484848486,30.831312121212118,-0.027684848484848694,9,5
EquiBind,Orai1WT-MDSnap-Fr300_cleaned,2abp-nh2-OPT,1,/home/manndo/master_dev/equibind_docked_poses/2abp-nh2-OPT__Orai1WT-MDSnap-Fr300_cleaned/pose_04.sdf,-8.896809090909091,29.654830303030298,-0.6313848484848485,9,5
EquiBind,Orai1WT-MDSnap-Fr300_cleaned,2abp-nh2-OPT,1,/home/manndo/master_dev/equibind_docked_poses/2abp-nh2-OPT__Orai1WT-MDSnap-Fr300_cleaned/pose_05.sdf,-10.210496969696969,31.487939393939396,0.7162121212121212,9,5
EquiBind,Orai1WT-MDSnap-Fr400,2abp-nh2-OPT,1,/home/manndo/master_dev/equibind_docked_poses/2abp-nh2-OPT__Orai1WT-MDSnap-Fr400/pose_01.sdf,-7.634542424242424,25.46310909090909,-9.911851515151515,0,0
EquiBind,Orai1WT-MDSnap-Fr400,2abp-nh2-OPT,1,/home/manndo/master_dev/equibind_docked_poses/2abp-nh2-OPT__Orai1WT-MDSnap-Fr400/pose_02.sdf,-8.116924242424242,26.399457575757584,-8.677848484848484,0,0
EquiBind,Orai1WT-MDSnap-Fr400,2abp-nh2-OPT,1,/home/manndo/master_dev/equibind_docked_poses/2abp-nh2-OPT__Orai1WT-MDSnap-Fr400/pose_03.sdf,-8.203760606060607,25.833809090909092,-10.104087878787881,0,0
EquiBind,Orai1WT-MDSnap-Fr400,2abp-nh2-OPT,1,/home/manndo/master_dev/equibind_docked_poses/2abp-nh2-OPT__Orai1WT-MDSnap-Fr400/pose_04.sdf,-7.173969696969698,25.183178787878788,-9.067509090909093,0,0
EquiBind,Orai1WT-MDSnap-Fr400,2abp-nh2-OPT,1,/home/manndo/master_dev/equibind_docked_poses/2abp-nh2-OPT__Orai1WT-MDSnap-Fr400/pose_05.sdf,-8.155624242424242,26.875848484848486,-7.60710606060606,0,0
EquiBind,Orai1WT-MDSnap-Fr400_cleaned,2abp-nh2-OPT,1,/home/manndo/master_dev/equibind_docked_poses/2abp-nh2-OPT__Orai1WT-MDSnap-Fr400_cleaned/pose_01.sdf,-7.867012121212123,30.172454545454546,-2.142227272727273,1,3
EquiBind,Orai1WT-MDSnap-Fr400_cleaned,2abp-nh2-OPT,1,/home/manndo/master_dev/equibind_docked_poses/2abp-nh2-OPT__Orai1WT-MDSnap-Fr400_cleaned/pose_02.sdf,-8.129136363636363,30.606693939393935,-0.246290909090909,1,3
EquiBind,Orai1WT-MDSnap-Fr400_cleaned,2abp-nh2-OPT,1,/home/manndo/master_dev/equibind_docked_poses/2abp-nh2-OPT__Orai1WT-MDSnap-Fr400_cleaned/pose_03.sdf,-8.058915151515151,30.353172727272728,-1.2185393939393938,1,3
EquiBind,Orai1WT-MDSnap-Fr400_cleaned,2abp-nh2-OPT,1,/home/manndo/master_dev/equibind_docked_poses/2abp-nh2-OPT__Orai1WT-MDSnap-Fr400_cleaned/pose_04.sdf,-7.35899696969697,29.58610606060606,-1.5183727272727272,1,3
EquiBind,Orai1WT-MDSnap-Fr400_cleaned,2abp-nh2-OPT,1,/home/manndo/master_dev/equibind_docked_poses/2abp-nh2-OPT__Orai1WT-MDSnap-Fr400_cleaned/pose_05.sdf,-8.81268787878788,30.934645454545453,-0.7765757575757573,1,3
EquiBind,Orai1WT-MDSnap-Fr499,2abp-nh2-OPT,1,/home/manndo/master_dev/equibind_docked_poses/2abp-nh2-OPT__Orai1WT-MDSnap-Fr499/pose_01.sdf,-8.394945454545454,27.141354545454544,-6.939078787878788,0,1
EquiBind,Orai1WT-MDSnap-Fr499,2abp-nh2-OPT,1,/home/manndo/master_dev/equibind_docked_poses/2abp-nh2-OPT__Orai1WT-MDSnap-Fr499/pose_02.sdf,-8.707239393939394,27.6591,-5.05839696969697,0,1
EquiBind,Orai1WT-MDSnap-Fr499,2abp-nh2-OPT,1,/home/manndo/master_dev/equibind_docked_poses/2abp-nh2-OPT__Orai1WT-MDSnap-Fr499/pose_03.sdf,-8.200336363636364,27.493566666666666,-6.720563636363637,0,1
EquiBind,Orai1WT-MDSnap-Fr499,2abp-nh2-OPT,1,/home/manndo/master_dev/equibind_docked_poses/2abp-nh2-OPT__Orai1WT-MDSnap-Fr499/pose_04.sdf,-8.555409090909091,26.960209090909093,-5.671881818181817,0,1
EquiBind,Orai1WT-MDSnap-Fr499,2abp-nh2-OPT,1,/home/manndo/master_dev/equibind_docked_poses/2abp-nh2-OPT__Orai1WT-MDSnap-Fr499/pose_05.sdf,-8.850321212121214,28.48860909090909,-4.552242424242424,0,1
EquiBind,Orai1WT-MDSnap-Fr499_cleaned,2abp-nh2-OPT,1,/home/manndo/master_dev/equibind_docked_poses/2abp-nh2-OPT__Orai1WT-MDSnap-Fr499_cleaned/pose_01.sdf,-8.199551515151514,29.751327272727274,-3.3723666666666663,0,6
EquiBind,Orai1WT-MDSnap-Fr499_cleaned,2abp-nh2-OPT,1,/home/manndo/master_dev/equibind_docked_poses/2abp-nh2-OPT__Orai1WT-MDSnap-Fr499_cleaned/pose_02.sdf,-8.66911818181818,29.564003030303038,-1.8094303030303032,0,6
EquiBind,Orai1WT-MDSnap-Fr499_cleaned,2abp-nh2-OPT,1,/home/manndo/master_dev/equibind_docked_poses/2abp-nh2-OPT__Orai1WT-MDSnap-Fr499_cleaned/pose_03.sdf,-8.401081818181817,29.331142424242422,-3.0476393939393938,0,6
EquiBind,Orai1WT-MDSnap-Fr499_cleaned,2abp-nh2-OPT,1,/home/manndo/master_dev/equibind_docked_poses/2abp-nh2-OPT__Orai1WT-MDSnap-Fr499_cleaned/pose_04.sdf,-8.194506060606061,29.35495151515152,-2.563172727272727,0,6
EquiBind,Orai1WT-MDSnap-Fr499_cleaned,2abp-nh2-OPT,1,/home/manndo/master_dev/equibind_docked_poses/2abp-nh2-OPT__Orai1WT-MDSnap-Fr499_cleaned/pose_05.sdf,-8.16232424242424,31.072727272727274,-2.8939424242424243,0,6
EquiBind,Orai1WT-START-Fr0,2abp-nh2-OPT,1,/home/manndo/master_dev/equibind_docked_poses/2abp-nh2-OPT__Orai1WT-START-Fr0/pose_01.sdf,-9.48680303030303,19.86065757575757,-5.668078787878789,0,0
EquiBind,Orai1WT-START-Fr0,2abp-nh2-OPT,1,/home/manndo/master_dev/equibind_docked_poses/2abp-nh2-OPT__Orai1WT-START-Fr0/pose_02.sdf,-8.869857575757575,21.439612121212114,-4.7959848484848475,0,0
EquiBind,Orai1WT-START-Fr0,2abp-nh2-OPT,1,/home/manndo/master_dev/equibind_docked_poses/2abp-nh2-OPT__Orai1WT-START-Fr0/pose_03.sdf,-9.15291212121212,20.961042424242425,-4.886648484848485,0,0
EquiBind,Orai1WT-START-Fr0,2abp-nh2-OPT,1,/home/manndo/master_dev/equibind_docked_poses/2abp-nh2-OPT__Orai1WT-START-Fr0/pose_04.sdf,-10.024481818181817,19.19678181818182,-5.988969696969695,0,0
EquiBind,Orai1WT-START-Fr0,2abp-nh2-OPT,1,/home/manndo/master_dev/equibind_docked_poses/2abp-nh2-OPT__Orai1WT-START-Fr0/pose_05.sdf,-9.032275757575757,20.81372121212121,-4.714136363636364,0,0
EquiBind,Orai1WT-START-Fr0_cleaned,2abp-nh2-OPT,1,/home/manndo/master_dev/equibind_docked_poses/2abp-nh2-OPT__Orai1WT-START-Fr0_cleaned/pose_01.sdf,-8.267557575757579,21.691551515151513,-3.3131575757575753,5,1
EquiBind,Orai1WT-START-Fr0_cleaned,2abp-nh2-OPT,1,/home/manndo/master_dev/equibind_docked_poses/2abp-nh2-OPT__Orai1WT-START-Fr0_cleaned/pose_02.sdf,-7.655160606060607,22.59313636363636,-3.0258484848484852,5,1
EquiBind,Orai1WT-START-Fr0_cleaned,2abp-nh2-OPT,1,/home/manndo/master_dev/equibind_docked_poses/2abp-nh2-OPT__Orai1WT-START-Fr0_cleaned/pose_03.sdf,-8.518357575757577,21.939730303030306,-2.837275757575757,5,1
EquiBind,Orai1WT-START-Fr0_cleaned,2abp-nh2-OPT,1,/home/manndo/master_dev/equibind_docked_poses/2abp-nh2-OPT__Orai1WT-START-Fr0_cleaned/pose_04.sdf,-8.663757575757575,20.649130303030304,-3.766015151515152,5,1
EquiBind,Orai1WT-START-Fr0_cleaned,2abp-nh2-OPT,1,/home/manndo/master_dev/equibind_docked_poses/2abp-nh2-OPT__Orai1WT-START-Fr0_cleaned/pose_05.sdf,-8.013296969696968,22.227809090909084,-2.900178787878788,5,1
EquiBind,Orai1WT-MDSnap-Fr300,2abp-nh3p-OPT,1,/home/manndo/master_dev/equibind_docked_poses/2abp-nh3p-OPT__Orai1WT-MDSnap-Fr300/pose_01.sdf,-12.074399999999999,26.471476470588232,-8.197223529411767,0,0
EquiBind,Orai1WT-MDSnap-Fr300,2abp-nh3p-OPT,1,/home/manndo/master_dev/equibind_docked_poses/2abp-nh3p-OPT__Orai1WT-MDSnap-Fr300/pose_02.sdf,-9.237923529411765,30.864867647058826,-5.957317647058823,0,0
EquiBind,Orai1WT-MDSnap-Fr300,2abp-nh3p-OPT,1,/home/manndo/master_dev/equibind_docked_poses/2abp-nh3p-OPT__Orai1WT-MDSnap-Fr300/pose_03.sdf,-11.341599999999998,26.328355882352934,-9.347788235294118,0,0
EquiBind,Orai1WT-MDSnap-Fr300_cleaned,2abp-nh3p-OPT,1,/home/manndo/master_dev/equibind_docked_poses/2abp-nh3p-OPT__Orai1WT-MDSnap-Fr300_cleaned/pose_01.sdf,-11.023188235294116,29.096138235294113,-3.4334294117647053,1,0
EquiBind,Orai1WT-MDSnap-Fr300_cleaned,2abp-nh3p-OPT,1,/home/manndo/master_dev/equibind_docked_poses/2abp-nh3p-OPT__Orai1WT-MDSnap-Fr300_cleaned/pose_02.sdf,-9.685647058823527,32.93292352941177,0.1351411764705884,0,1
EquiBind,Orai1WT-MDSnap-Fr300_cleaned,2abp-nh3p-OPT,1,/home/manndo/master_dev/equibind_docked_poses/2abp-nh3p-OPT__Orai1WT-MDSnap-Fr300_cleaned/pose_03.sdf,-11.034788235294114,29.34741176470588,-1.6760647058823526,1,0
EquiBind,Orai1WT-MDSnap-Fr400,2abp-nh3p-OPT,1,/home/manndo/master_dev/equibind_docked_poses/2abp-nh3p-OPT__Orai1WT-MDSnap-Fr400/pose_01.sdf,-7.874755882352939,24.363985294117644,-12.079708823529414,0,0
EquiBind,Orai1WT-MDSnap-Fr400,2abp-nh3p-OPT,1,/home/manndo/master_dev/equibind_docked_poses/2abp-nh3p-OPT__Orai1WT-MDSnap-Fr400/pose_02.sdf,-8.950123529411766,27.612158823529416,-11.193914705882351,0,0
EquiBind,Orai1WT-MDSnap-Fr400,2abp-nh3p-OPT,1,/home/manndo/master_dev/equibind_docked_poses/2abp-nh3p-OPT__Orai1WT-MDSnap-Fr400/pose_03.sdf,-9.328797058823527,24.37368235294118,-12.436773529411765,0,0
EquiBind,Orai1WT-MDSnap-Fr400_cleaned,2abp-nh3p-OPT,1,/home/manndo/master_dev/equibind_docked_poses/2abp-nh3p-OPT__Orai1WT-MDSnap-Fr400_cleaned/pose_01.sdf,-8.496508823529412,27.818841176470585,-6.004961764705882,1,0
EquiBind,Orai1WT-MDSnap-Fr400_cleaned,2abp-nh3p-OPT,1,/home/manndo/master_dev/equibind_docked_poses/2abp-nh3p-OPT__Orai1WT-MDSnap-Fr400_cleaned/pose_02.sdf,-10.204294117647061,30.33810882352941,-3.9344058823529413,0,1
EquiBind,Orai1WT-MDSnap-Fr400_cleaned,2abp-nh3p-OPT,1,/home/manndo/master_dev/equibind_docked_poses/2abp-nh3p-OPT__Orai1WT-MDSnap-Fr400_cleaned/pose_03.sdf,-8.833726470588235,27.757938235294112,-4.9300352941176495,1,0
EquiBind,Orai1WT-MDSnap-Fr499,2abp-nh3p-OPT,1,/home/manndo/master_dev/equibind_docked_poses/2abp-nh3p-OPT__Orai1WT-MDSnap-Fr499/pose_01.sdf,-8.537682352941175,26.799085294117653,-8.47309705882353,0,0
EquiBind,Orai1WT-MDSnap-Fr499,2abp-nh3p-OPT,1,/home/manndo/master_dev/equibind_docked_poses/2abp-nh3p-OPT__Orai1WT-MDSnap-Fr499/pose_02.sdf,-9.765808823529413,28.454538235294123,-22.938685294117647,0,0
EquiBind,Orai1WT-MDSnap-Fr499,2abp-nh3p-OPT,1,/home/manndo/master_dev/equibind_docked_poses/2abp-nh3p-OPT__Orai1WT-MDSnap-Fr499/pose_03.sdf,-8.267144117647057,26.401638235294122,-8.272779411764708,0,0
EquiBind,Orai1WT-MDSnap-Fr499_cleaned,2abp-nh3p-OPT,1,/home/manndo/master_dev/equibind_docked_poses/2abp-nh3p-OPT__Orai1WT-MDSnap-Fr499_cleaned/pose_01.sdf,-8.93351176470588,28.78138235294118,-3.832173529411765,1,0
EquiBind,Orai1WT-MDSnap-Fr499_cleaned,2abp-nh3p-OPT,1,/home/manndo/master_dev/equibind_docked_poses/2abp-nh3p-OPT__Orai1WT-MDSnap-Fr499_cleaned/pose_02.sdf,-9.71310588235294,28.585823529411766,-20.60886470588235,0,1
EquiBind,Orai1WT-MDSnap-Fr499_cleaned,2abp-nh3p-OPT,1,/home/manndo/master_dev/equibind_docked_poses/2abp-nh3p-OPT__Orai1WT-MDSnap-Fr499_cleaned/pose_03.sdf,-8.468252941176472,28.316285294117648,-2.7583999999999995,1,0
EquiBind,Orai1WT-START-Fr0,2abp-nh3p-OPT,1,/home/manndo/master_dev/equibind_docked_poses/2abp-nh3p-OPT__Orai1WT-START-Fr0/pose_01.sdf,-11.870049999999999,16.53531470588235,-6.3575058823529425,0,0
EquiBind,Orai1WT-START-Fr0,2abp-nh3p-OPT,1,/home/manndo/master_dev/equibind_docked_poses/2abp-nh3p-OPT__Orai1WT-START-Fr0/pose_02.sdf,-10.07979411764706,20.548861764705887,-10.955897058823533,0,0
EquiBind,Orai1WT-START-Fr0,2abp-nh3p-OPT,1,/home/manndo/master_dev/equibind_docked_poses/2abp-nh3p-OPT__Orai1WT-START-Fr0/pose_03.sdf,-12.885508823529412,16.479238235294115,-7.142905882352942,0,0
EquiBind,Orai1WT-START-Fr0_cleaned,2abp-nh3p-OPT,1,/home/manndo/master_dev/equibind_docked_poses/2abp-nh3p-OPT__Orai1WT-START-Fr0_cleaned/pose_01.sdf,-10.382008823529414,17.706564705882357,-3.858617647058824,1,0
EquiBind,Orai1WT-START-Fr0_cleaned,2abp-nh3p-OPT,1,/home/manndo/master_dev/equibind_docked_poses/2abp-nh3p-OPT__Orai1WT-START-Fr0_cleaned/pose_02.sdf,-7.8794852941176465,22.69801470588235,-4.839482352941177,0,1
EquiBind,Orai1WT-START-Fr0_cleaned,2abp-nh3p-OPT,1,/home/manndo/master_dev/equibind_docked_poses/2abp-nh3p-OPT__Orai1WT-START-Fr0_cleaned/pose_03.sdf,-11.35051764705882,17.55687647058824,-3.5295264705882357,1,0
EquiBind,Orai1WT-MDSnap-Fr300,Synta-66-OPT-Singlet,1,/home/manndo/master_dev/equibind_docked_poses/Synta-66-OPT-Singlet__Orai1WT-MDSnap-Fr300/pose_01.sdf,-11.19099069767442,28.82427209302325,-4.580779069767442,0,0
EquiBind,Orai1WT-MDSnap-Fr300,Synta-66-OPT-Singlet,1,/home/manndo/master_dev/equibind_docked_poses/Synta-66-OPT-Singlet__Orai1WT-MDSnap-Fr300/pose_02.sdf,-11.210990697674417,28.823055813953488,-4.56853023255814,0,0
EquiBind,Orai1WT-MDSnap-Fr300,Synta-66-OPT-Singlet,1,/home/manndo/master_dev/equibind_docked_poses/Synta-66-OPT-Singlet__Orai1WT-MDSnap-Fr300/pose_03.sdf,-11.211386046511626,28.82387674418605,-4.5686395348837205,0,0
EquiBind,Orai1WT-MDSnap-Fr300,Synta-66-OPT-Singlet,1,/home/manndo/master_dev/equibind_docked_poses/Synta-66-OPT-Singlet__Orai1WT-MDSnap-Fr300/pose_04.sdf,-11.143888372093018,28.67496744186047,-4.904104651162793,0,0
EquiBind,Orai1WT-MDSnap-Fr300_cleaned,Synta-66-OPT-Singlet,1,/home/manndo/master_dev/equibind_docked_poses/Synta-66-OPT-Singlet__Orai1WT-MDSnap-Fr300_cleaned/pose_01.sdf,-10.509130232558139,29.652886046511636,-4.748141860465116,3,6
EquiBind,Orai1WT-MDSnap-Fr300_cleaned,Synta-66-OPT-Singlet,1,/home/manndo/master_dev/equibind_docked_poses/Synta-66-OPT-Singlet__Orai1WT-MDSnap-Fr300_cleaned/pose_02.sdf,-10.53360930232558,29.65572558139535,-4.728923255813953,3,6
EquiBind,Orai1WT-MDSnap-Fr300_cleaned,Synta-66-OPT-Singlet,1,/home/manndo/master_dev/equibind_docked_poses/Synta-66-OPT-Singlet__Orai1WT-MDSnap-Fr300_cleaned/pose_03.sdf,-10.53327906976744,29.656148837209308,-4.733123255813953,3,6
EquiBind,Orai1WT-MDSnap-Fr300_cleaned,Synta-66-OPT-Singlet,1,/home/manndo/master_dev/equibind_docked_poses/Synta-66-OPT-Singlet__Orai1WT-MDSnap-Fr300_cleaned/pose_04.sdf,-10.629227906976741,29.67068139534884,-4.950083720930232,3,6
EquiBind,Orai1WT-MDSnap-Fr400,Synta-66-OPT-Singlet,1,/home/manndo/master_dev/equibind_docked_poses/Synta-66-OPT-Singlet__Orai1WT-MDSnap-Fr400/pose_01.sdf,-10.611072093023253,27.018688372093024,-1.4618720930232554,6,8
EquiBind,Orai1WT-MDSnap-Fr400,Synta-66-OPT-Singlet,1,/home/manndo/master_dev/equibind_docked_poses/Synta-66-OPT-Singlet__Orai1WT-MDSnap-Fr400/pose_02.sdf,-10.53736976744186,27.073286046511623,-1.4693395348837208,6,8
EquiBind,Orai1WT-MDSnap-Fr400,Synta-66-OPT-Singlet,1,/home/manndo/master_dev/equibind_docked_poses/Synta-66-OPT-Singlet__Orai1WT-MDSnap-Fr400/pose_03.sdf,-10.606562790697671,27.07895581395348,-1.4564651162790698,6,8
EquiBind,Orai1WT-MDSnap-Fr400,Synta-66-OPT-Singlet,1,/home/manndo/master_dev/equibind_docked_poses/Synta-66-OPT-Singlet__Orai1WT-MDSnap-Fr400/pose_04.sdf,-10.662967441860465,27.10543488372093,-1.8245813953488381,6,8
EquiBind,Orai1WT-MDSnap-Fr400_cleaned,Synta-66-OPT-Singlet,1,/home/manndo/master_dev/equibind_docked_poses/Synta-66-OPT-Singlet__Orai1WT-MDSnap-Fr400_cleaned/pose_01.sdf,-11.0114,28.11293255813953,-1.380583720930233,4,5
EquiBind,Orai1WT-MDSnap-Fr400_cleaned,Synta-66-OPT-Singlet,1,/home/manndo/master_dev/equibind_docked_poses/Synta-66-OPT-Singlet__Orai1WT-MDSnap-Fr400_cleaned/pose_02.sdf,-11.019402325581394,28.10951860465116,-1.3806558139534888,4,5
EquiBind,Orai1WT-MDSnap-Fr400_cleaned,Synta-66-OPT-Singlet,1,/home/manndo/master_dev/equibind_docked_poses/Synta-66-OPT-Singlet__Orai1WT-MDSnap-Fr400_cleaned/pose_03.sdf,-11.019311627906978,28.109088372093026,-1.3804604651162788,4,5
EquiBind,Orai1WT-MDSnap-Fr400_cleaned,Synta-66-OPT-Singlet,1,/home/manndo/master_dev/equibind_docked_poses/Synta-66-OPT-Singlet__Orai1WT-MDSnap-Fr400_cleaned/pose_04.sdf,-11.221186046511628,28.148244186046508,-1.4369860465116284,4,5
EquiBind,Orai1WT-MDSnap-Fr499,Synta-66-OPT-Singlet,1,/home/manndo/master_dev/equibind_docked_poses/Synta-66-OPT-Singlet__Orai1WT-MDSnap-Fr499/pose_01.sdf,-10.003948837209304,27.344074418604645,-1.9427302325581393,2,0
EquiBind,Orai1WT-MDSnap-Fr499,Synta-66-OPT-Singlet,1,/home/manndo/master_dev/equibind_docked_poses/Synta-66-OPT-Singlet__Orai1WT-MDSnap-Fr499/pose_02.sdf,-10.027158139534883,27.34736279069767,-1.914969767441861,2,0
EquiBind,Orai1WT-MDSnap-Fr499,Synta-66-OPT-Singlet,1,/home/manndo/master_dev/equibind_docked_poses/Synta-66-OPT-Singlet__Orai1WT-MDSnap-Fr499/pose_03.sdf,-10.026213953488373,27.34713720930233,-1.9128116279069771,2,0
EquiBind,Orai1WT-MDSnap-Fr499,Synta-66-OPT-Singlet,1,/home/manndo/master_dev/equibind_docked_poses/Synta-66-OPT-Singlet__Orai1WT-MDSnap-Fr499/pose_04.sdf,-10.010251162790697,27.317046511627918,-2.1091883720930227,2,0
EquiBind,Orai1WT-MDSnap-Fr499_cleaned,Synta-66-OPT-Singlet,1,/home/manndo/master_dev/equibind_docked_poses/Synta-66-OPT-Singlet__Orai1WT-MDSnap-Fr499_cleaned/pose_01.sdf,-10.830025581395349,26.793479069767447,-4.03306976744186,7,7
EquiBind,Orai1WT-MDSnap-Fr499_cleaned,Synta-66-OPT-Singlet,1,/home/manndo/master_dev/equibind_docked_poses/Synta-66-OPT-Singlet__Orai1WT-MDSnap-Fr499_cleaned/pose_02.sdf,-10.844097674418604,26.795011627906973,-4.006490697674417,7,7
EquiBind,Orai1WT-MDSnap-Fr499_cleaned,Synta-66-OPT-Singlet,1,/home/manndo/master_dev/equibind_docked_poses/Synta-66-OPT-Singlet__Orai1WT-MDSnap-Fr499_cleaned/pose_03.sdf,-10.842523255813953,26.79269534883721,-4.004527906976744,7,7
EquiBind,Orai1WT-MDSnap-Fr499_cleaned,Synta-66-OPT-Singlet,1,/home/manndo/master_dev/equibind_docked_poses/Synta-66-OPT-Singlet__Orai1WT-MDSnap-Fr499_cleaned/pose_04.sdf,-10.77779069767442,26.896265116279068,-4.140839534883721,7,7
EquiBind,Orai1WT-START-Fr0,Synta-66-OPT-Singlet,1,/home/manndo/master_dev/equibind_docked_poses/Synta-66-OPT-Singlet__Orai1WT-START-Fr0/pose_01.sdf,-10.038013953488372,19.01356744186047,-2.923281395348837,4,0
EquiBind,Orai1WT-START-Fr0,Synta-66-OPT-Singlet,1,/home/manndo/master_dev/equibind_docked_poses/Synta-66-OPT-Singlet__Orai1WT-START-Fr0/pose_02.sdf,-10.048362790697674,18.97615581395349,-2.884076744186047,4,0
EquiBind,Orai1WT-START-Fr0,Synta-66-OPT-Singlet,1,/home/manndo/master_dev/equibind_docked_poses/Synta-66-OPT-Singlet__Orai1WT-START-Fr0/pose_03.sdf,-9.779176744186044,18.976572093023258,-2.732925581395349,4,0
EquiBind,Orai1WT-START-Fr0_cleaned,Synta-66-OPT-Singlet,1,/home/manndo/master_dev/equibind_docked_poses/Synta-66-OPT-Singlet__Orai1WT-START-Fr0_cleaned/pose_01.sdf,-8.303551162790699,20.384886046511625,-1.4035000000000006,9,4
EquiBind,Orai1WT-START-Fr0_cleaned,Synta-66-OPT-Singlet,1,/home/manndo/master_dev/equibind_docked_poses/Synta-66-OPT-Singlet__Orai1WT-START-Fr0_cleaned/pose_02.sdf,-8.295799999999998,20.34969069767442,-1.3706767441860468,9,4
EquiBind,Orai1WT-START-Fr0_cleaned,Synta-66-OPT-Singlet,1,/home/manndo/master_dev/equibind_docked_poses/Synta-66-OPT-Singlet__Orai1WT-START-Fr0_cleaned/pose_03.sdf,-8.297013953488372,20.350753488372096,-1.370927906976745,9,4
EquiBind,Orai1WT-START-Fr0_cleaned,Synta-66-OPT-Singlet,1,/home/manndo/master_dev/equibind_docked_poses/Synta-66-OPT-Singlet__Orai1WT-START-Fr0_cleaned/pose_04.sdf,-8.005183720930233,20.379813953488366,-1.2341813953488372,9,4
EquiBind,Orai1WT-MDSnap-Fr300,gsk7975a-deprot-OPT,1,/home/manndo/master_dev/equibind_docked_poses/gsk7975a-deprot-OPT__Orai1WT-MDSnap-Fr300/pose_01.sdf,-11.096517500000001,25.425994999999997,-15.665055,9,4
EquiBind,Orai1WT-MDSnap-Fr300,gsk7975a-deprot-OPT,1,/home/manndo/master_dev/equibind_docked_poses/gsk7975a-deprot-OPT__Orai1WT-MDSnap-Fr300/pose_02.sdf,-10.793827499999999,25.861024999999994,-12.744072500000003,9,4
EquiBind,Orai1WT-MDSnap-Fr300_cleaned,gsk7975a-deprot-OPT,1,/home/manndo/master_dev/equibind_docked_poses/gsk7975a-deprot-OPT__Orai1WT-MDSnap-Fr300_cleaned/pose_01.sdf,-10.94555,25.26914,-14.597195000000003,5,1
EquiBind,Orai1WT-MDSnap-Fr300_cleaned,gsk7975a-deprot-OPT,1,/home/manndo/master_dev/equibind_docked_poses/gsk7975a-deprot-OPT__Orai1WT-MDSnap-Fr300_cleaned/pose_02.sdf,-10.813687499999999,26.388059999999996,-11.194429999999997,5,1
EquiBind,Orai1WT-MDSnap-Fr400,gsk7975a-deprot-OPT,1,/home/manndo/master_dev/equibind_docked_poses/gsk7975a-deprot-OPT__Orai1WT-MDSnap-Fr400/pose_01.sdf,-10.297039999999999,23.190869999999997,-15.73717,7,1
EquiBind,Orai1WT-MDSnap-Fr400,gsk7975a-deprot-OPT,1,/home/manndo/master_dev/equibind_docked_poses/gsk7975a-deprot-OPT__Orai1WT-MDSnap-Fr400/pose_02.sdf,-10.2714275,23.904557500000003,-12.974715,7,1
EquiBind,Orai1WT-MDSnap-Fr400_cleaned,gsk7975a-deprot-OPT,1,/home/manndo/master_dev/equibind_docked_poses/gsk7975a-deprot-OPT__Orai1WT-MDSnap-Fr400_cleaned/pose_01.sdf,-9.995562500000002,25.553364999999992,-11.801732499999996,5,2
EquiBind,Orai1WT-MDSnap-Fr400_cleaned,gsk7975a-deprot-OPT,1,/home/manndo/master_dev/equibind_docked_poses/gsk7975a-deprot-OPT__Orai1WT-MDSnap-Fr400_cleaned/pose_02.sdf,-9.396925000000003,27.150867499999997,-8.396474999999999,5,2
EquiBind,Orai1WT-MDSnap-Fr499,gsk7975a-deprot-OPT,1,/home/manndo/master_dev/equibind_docked_poses/gsk7975a-deprot-OPT__Orai1WT-MDSnap-Fr499/pose_01.sdf,-11.395392499999996,23.450815,-13.623299999999997,0,0
EquiBind,Orai1WT-MDSnap-Fr499,gsk7975a-deprot-OPT,1,/home/manndo/master_dev/equibind_docked_poses/gsk7975a-deprot-OPT__Orai1WT-MDSnap-Fr499/pose_02.sdf,-11.161385,24.2973275,-11.559697499999997,0,0
EquiBind,Orai1WT-MDSnap-Fr499_cleaned,gsk7975a-deprot-OPT,1,/home/manndo/master_dev/equibind_docked_poses/gsk7975a-deprot-OPT__Orai1WT-MDSnap-Fr499_cleaned/pose_01.sdf,-12.965185000000002,22.6710225,-16.206867499999998,4,0
EquiBind,Orai1WT-MDSnap-Fr499_cleaned,gsk7975a-deprot-OPT,1,/home/manndo/master_dev/equibind_docked_poses/gsk7975a-deprot-OPT__Orai1WT-MDSnap-Fr499_cleaned/pose_02.sdf,-13.1026625,24.153937499999998,-15.3013575,4,0
EquiBind,Orai1WT-START-Fr0,gsk7975a-deprot-OPT,1,/home/manndo/master_dev/equibind_docked_poses/gsk7975a-deprot-OPT__Orai1WT-START-Fr0/pose_01.sdf,-9.502795,15.670722499999993,-2.5168624999999993,3,7
EquiBind,Orai1WT-START-Fr0,gsk7975a-deprot-OPT,1,/home/manndo/master_dev/equibind_docked_poses/gsk7975a-deprot-OPT__Orai1WT-START-Fr0/pose_02.sdf,-9.260749999999998,17.617939999999997,-2.7824050000000002,3,7
EquiBind,Orai1WT-START-Fr0_cleaned,gsk7975a-deprot-OPT,1,/home/manndo/master_dev/equibind_docked_poses/gsk7975a-deprot-OPT__Orai1WT-START-Fr0_cleaned/pose_01.sdf,-8.31972,18.163640000000008,-0.309335,0,2
EquiBind,Orai1WT-START-Fr0_cleaned,gsk7975a-deprot-OPT,1,/home/manndo/master_dev/equibind_docked_poses/gsk7975a-deprot-OPT__Orai1WT-START-Fr0_cleaned/pose_02.sdf,-7.4992975,21.0473725,-0.05652499999999995,0,2
