pose_file,docking_method,mol_pred_loaded,sanitization,inchi_convertible,all_atoms_connected,no_radicals,bond_lengths,bond_angles,internal_steric_clash,aromatic_ring_flatness,non-aromatic_ring_non-flatness,double_bond_flatness,internal_energy,passes_valence_checks,passes_kekulization,no_radicals_before_sanitization
/home/manndo/master_dev/posebusters_results/converted_pdbqt/Orai1WT-MDSnap-Fr400__Synta-66-OPT-Singlet_vina_out_model1.sdf,AutoDock_Vina,True,True,True,True,True,True,True,True,True,True,True,True,True,True,True
/home/manndo/master_dev/posebusters_results/converted_pdbqt/Orai1WT-MDSnap-Fr400__Synta-66-OPT-Singlet_vina_out_model2.sdf,AutoDock_Vina,True,True,True,True,True,True,True,True,True,True,True,True,True,True,True
/home/manndo/master_dev/posebusters_results/converted_pdbqt/Orai1WT-MDSnap-Fr400__Synta-66-OPT-Singlet_vina_out_model3.sdf,AutoDock_Vina,True,True,True,True,True,True,True,True,True,True,True,True,True,True,True
/home/manndo/master_dev/posebusters_results/converted_pdbqt/Orai1WT-MDSnap-Fr400__Synta-66-OPT-Singlet_vina_out_model4.sdf,AutoDock_Vina,True,True,True,True,True,True,True,True,True,True,True,True,True,True,True
/home/manndo/master_dev/posebusters_results/converted_pdbqt/Orai1WT-MDSnap-Fr400__Synta-66-OPT-Singlet_vina_out_model5.sdf,AutoDock_Vina,True,True,True,True,True,True,True,True,True,True,True,True,True,True,True
/home/manndo/master_dev/posebusters_results/converted_pdbqt/Orai1WT-MDSnap-Fr400__Synta-66-OPT-Singlet_vina_out_model6.sdf,AutoDock_Vina,True,True,True,True,True,True,True,True,True,True,True,True,True,True,True
/home/manndo/master_dev/posebusters_results/converted_pdbqt/Orai1WT-MDSnap-Fr400__Synta-66-OPT-Singlet_vina_out_model7.sdf,AutoDock_Vina,True,True,True,True,True,True,True,True,True,True,True,True,True,True,True
/home/manndo/master_dev/posebusters_results/converted_pdbqt/Orai1WT-MDSnap-Fr400__Synta-66-OPT-Singlet_vina_out_model8.sdf,AutoDock_Vina,True,True,True,True,True,True,True,True,True,True,True,True,True,True,True
/home/manndo/master_dev/posebusters_results/converted_pdbqt/Orai1WT-MDSnap-Fr400__Synta-66-OPT-Singlet_vina_out_model9.sdf,AutoDock_Vina,True,True,True,True,True,True,True,True,True,True,True,True,True,True,True
/home/manndo/master_dev/posebusters_results/converted_pdbqt/Orai1WT-MDSnap-Fr400__Synta-66-OPT-Singlet_vina_out_model10.sdf,AutoDock_Vina,True,True,True,True,True,True,True,True,True,True,True,True,True,True,True
/home/manndo/master_dev/posebusters_results/converted_pdbqt/Orai1WT-MDSnap-Fr400__Synta-66-OPT-Singlet_vina_out_model11.sdf,AutoDock_Vina,True,True,True,True,True,True,True,True,True,True,True,True,True,True,True
/home/manndo/master_dev/posebusters_results/converted_pdbqt/Orai1WT-MDSnap-Fr400__Synta-66-OPT-Singlet_vina_out_model12.sdf,AutoDock_Vina,True,True,True,True,True,True,True,True,True,True,True,True,True,True,True
/home/manndo/master_dev/posebusters_results/converted_pdbqt/Orai1WT-MDSnap-Fr400__Synta-66-OPT-Singlet_vina_out_model13.sdf,AutoDock_Vina,True,True,True,True,True,True,True,True,True,True,True,True,True,True,True
/home/manndo/master_dev/posebusters_results/converted_pdbqt/Orai1WT-MDSnap-Fr400__Synta-66-OPT-Singlet_vina_out_model14.sdf,AutoDock_Vina,True,True,True,True,True,True,True,True,True,True,True,True,True,True,True
/home/manndo/master_dev/posebusters_results/converted_pdbqt/Orai1WT-MDSnap-Fr400__Synta-66-OPT-Singlet_vina_out_model15.sdf,AutoDock_Vina,True,True,True,True,True,True,True,True,True,True,True,True,True,True,True
/home/manndo/master_dev/posebusters_results/converted_pdbqt/Orai1WT-MDSnap-Fr400__Synta-66-OPT-Singlet_vina_out_model16.sdf,AutoDock_Vina,True,True,True,True,True,True,True,True,True,True,True,True,True,True,True
/home/manndo/master_dev/posebusters_results/converted_pdbqt/Orai1WT-MDSnap-Fr400__Synta-66-OPT-Singlet_vina_out_model17.sdf,AutoDock_Vina,True,True,True,True,True,True,True,True,True,True,True,True,True,True,True
/home/manndo/master_dev/posebusters_results/converted_pdbqt/Orai1WT-MDSnap-Fr400__Synta-66-OPT-Singlet_vina_out_model18.sdf,AutoDock_Vina,True,True,True,True,True,True,True,True,True,True,True,True,True,True,True
/home/manndo/master_dev/posebusters_results/converted_pdbqt/Orai1WT-MDSnap-Fr400__Synta-66-OPT-Singlet_vina_out_model19.sdf,AutoDock_Vina,True,True,True,True,True,True,True,True,True,True,True,True,True,True,True
/home/manndo/master_dev/posebusters_results/converted_pdbqt/Orai1WT-MDSnap-Fr400__Synta-66-OPT-Singlet_vina_out_model20.sdf,AutoDock_Vina,True,True,True,True,True,True,True,True,True,True,True,True,True,True,True
/home/manndo/master_dev/posebusters_results/converted_pdbqt/Orai1WT-MDSnap-Fr400__Synta-66-OPT-Singlet_vina_out_model21.sdf,AutoDock_Vina,True,True,True,True,True,True,True,True,True,True,True,True,True,True,True
/home/manndo/master_dev/posebusters_results/converted_pdbqt/Orai1WT-MDSnap-Fr400__Synta-66-OPT-Singlet_vina_out_model22.sdf,AutoDock_Vina,True,True,True,True,True,True,True,True,True,True,True,True,True,True,True
/home/manndo/master_dev/posebusters_results/converted_pdbqt/Orai1WT-MDSnap-Fr400__Synta-66-OPT-Singlet_vina_out_model23.sdf,AutoDock_Vina,True,True,True,True,True,True,True,True,True,True,True,True,True,True,True
/home/manndo/master_dev/posebusters_results/converted_pdbqt/Orai1WT-MDSnap-Fr400__Synta-66-OPT-Singlet_vina_out_model24.sdf,AutoDock_Vina,True,True,True,True,True,True,True,True,True,True,True,True,True,True,True
/home/manndo/master_dev/posebusters_results/converted_pdbqt/Orai1WT-MDSnap-Fr400__Synta-66-OPT-Singlet_vina_out_model25.sdf,AutoDock_Vina,True,True,True,True,True,True,True,True,True,True,True,True,True,True,True
/home/manndo/master_dev/posebusters_results/converted_pdbqt/Orai1WT-MDSnap-Fr400__Synta-66-OPT-Singlet_vina_out_model26.sdf,AutoDock_Vina,True,True,True,True,True,True,True,True,True,True,True,True,True,True,True
/home/manndo/master_dev/posebusters_results/converted_pdbqt/Orai1WT-MDSnap-Fr400__Synta-66-OPT-Singlet_vina_out_model27.sdf,AutoDock_Vina,True,True,True,True,True,True,True,True,True,True,True,True,True,True,True
/home/manndo/master_dev/posebusters_results/converted_pdbqt/Orai1WT-MDSnap-Fr400__Synta-66-OPT-Singlet_vina_out_model28.sdf,AutoDock_Vina,True,True,True,True,True,True,True,True,True,True,True,True,True,True,True
/home/manndo/master_dev/posebusters_results/converted_pdbqt/Orai1WT-MDSnap-Fr400__Synta-66-OPT-Singlet_vina_out_model29.sdf,AutoDock_Vina,True,True,True,True,True,True,True,True,True,True,True,True,True,True,True
/home/manndo/master_dev/posebusters_results/converted_pdbqt/Orai1WT-MDSnap-Fr400__Synta-66-OPT-Singlet_vina_out_model30.sdf,AutoDock_Vina,True,True,True,True,True,True,True,True,True,True,True,True,True,True,True
/home/manndo/master_dev/posebusters_results/converted_pdbqt/Orai1WT-START-Fr0__Synta-66-OPT-Singlet_vina_out_model1.sdf,AutoDock_Vina,True,True,True,True,True,True,True,True,True,True,True,True,True,True,True
/home/manndo/master_dev/posebusters_results/converted_pdbqt/Orai1WT-START-Fr0__Synta-66-OPT-Singlet_vina_out_model2.sdf,AutoDock_Vina,True,True,True,True,True,True,True,True,True,True,True,True,True,True,True
/home/manndo/master_dev/posebusters_results/converted_pdbqt/Orai1WT-START-Fr0__Synta-66-OPT-Singlet_vina_out_model3.sdf,AutoDock_Vina,True,True,True,True,True,True,True,True,True,True,True,True,True,True,True
/home/manndo/master_dev/posebusters_results/converted_pdbqt/Orai1WT-START-Fr0__Synta-66-OPT-Singlet_vina_out_model4.sdf,AutoDock_Vina,True,True,True,True,True,True,True,True,True,True,True,True,True,True,True
/home/manndo/master_dev/posebusters_results/converted_pdbqt/Orai1WT-START-Fr0__Synta-66-OPT-Singlet_vina_out_model5.sdf,AutoDock_Vina,True,True,True,True,True,True,True,True,True,True,True,True,True,True,True
/home/manndo/master_dev/posebusters_results/converted_pdbqt/Orai1WT-START-Fr0__Synta-66-OPT-Singlet_vina_out_model6.sdf,AutoDock_Vina,True,True,True,True,True,True,True,True,True,True,True,True,True,True,True
/home/manndo/master_dev/posebusters_results/converted_pdbqt/Orai1WT-START-Fr0__Synta-66-OPT-Singlet_vina_out_model7.sdf,AutoDock_Vina,True,True,True,True,True,True,True,True,True,True,True,True,True,True,True
/home/manndo/master_dev/posebusters_results/converted_pdbqt/Orai1WT-START-Fr0__Synta-66-OPT-Singlet_vina_out_model8.sdf,AutoDock_Vina,True,True,True,True,True,True,True,True,True,True,True,True,True,True,True
/home/manndo/master_dev/posebusters_results/converted_pdbqt/Orai1WT-START-Fr0__Synta-66-OPT-Singlet_vina_out_model9.sdf,AutoDock_Vina,True,True,True,True,True,True,True,True,True,True,True,True,True,True,True
/home/manndo/master_dev/posebusters_results/converted_pdbqt/Orai1WT-START-Fr0__Synta-66-OPT-Singlet_vina_out_model10.sdf,AutoDock_Vina,True,True,True,True,True,True,True,True,True,True,True,True,True,True,True
/home/manndo/master_dev/posebusters_results/converted_pdbqt/Orai1WT-START-Fr0__Synta-66-OPT-Singlet_vina_out_model11.sdf,AutoDock_Vina,True,True,True,True,True,True,True,True,True,True,True,True,True,True,True
/home/manndo/master_dev/posebusters_results/converted_pdbqt/Orai1WT-START-Fr0__Synta-66-OPT-Singlet_vina_out_model12.sdf,AutoDock_Vina,True,True,True,True,True,True,True,True,True,True,True,True,True,True,True
/home/manndo/master_dev/posebusters_results/converted_pdbqt/Orai1WT-START-Fr0__Synta-66-OPT-Singlet_vina_out_model13.sdf,AutoDock_Vina,True,True,True,True,True,True,True,True,True,True,True,True,True,True,True
/home/manndo/master_dev/posebusters_results/converted_pdbqt/Orai1WT-START-Fr0__Synta-66-OPT-Singlet_vina_out_model14.sdf,AutoDock_Vina,True,True,True,True,True,True,True,True,True,True,True,True,True,True,True
/home/manndo/master_dev/posebusters_results/converted_pdbqt/Orai1WT-START-Fr0__Synta-66-OPT-Singlet_vina_out_model15.sdf,AutoDock_Vina,True,True,True,True,True,True,True,True,True,True,True,True,True,True,True
/home/manndo/master_dev/posebusters_results/converted_pdbqt/Orai1WT-START-Fr0__Synta-66-OPT-Singlet_vina_out_model16.sdf,AutoDock_Vina,True,True,True,True,True,True,True,True,True,True,True,True,True,True,True
/home/manndo/master_dev/posebusters_results/converted_pdbqt/Orai1WT-START-Fr0__Synta-66-OPT-Singlet_vina_out_model17.sdf,AutoDock_Vina,True,True,True,True,True,True,True,True,True,True,True,True,True,True,True
/home/manndo/master_dev/posebusters_results/converted_pdbqt/Orai1WT-START-Fr0__Synta-66-OPT-Singlet_vina_out_model18.sdf,AutoDock_Vina,True,True,True,True,True,True,True,True,True,True,True,True,True,True,True
/home/manndo/master_dev/posebusters_results/converted_pdbqt/Orai1WT-START-Fr0__Synta-66-OPT-Singlet_vina_out_model19.sdf,AutoDock_Vina,True,True,True,True,True,True,True,True,True,True,True,True,True,True,True
/home/manndo/master_dev/posebusters_results/converted_pdbqt/Orai1WT-START-Fr0__Synta-66-OPT-Singlet_vina_out_model20.sdf,AutoDock_Vina,True,True,True,True,True,True,True,True,True,True,True,True,True,True,True
/home/manndo/master_dev/posebusters_results/converted_pdbqt/Orai1WT-START-Fr0__Synta-66-OPT-Singlet_vina_out_model21.sdf,AutoDock_Vina,True,True,True,True,True,True,True,True,True,True,True,True,True,True,True
/home/manndo/master_dev/posebusters_results/converted_pdbqt/Orai1WT-START-Fr0__Synta-66-OPT-Singlet_vina_out_model22.sdf,AutoDock_Vina,True,True,True,True,True,True,True,True,True,True,True,True,True,True,True
/home/manndo/master_dev/posebusters_results/converted_pdbqt/Orai1WT-START-Fr0__Synta-66-OPT-Singlet_vina_out_model23.sdf,AutoDock_Vina,True,True,True,True,True,True,True,True,True,True,True,True,True,True,True
/home/manndo/master_dev/posebusters_results/converted_pdbqt/Orai1WT-START-Fr0__Synta-66-OPT-Singlet_vina_out_model24.sdf,AutoDock_Vina,True,True,True,True,True,True,True,True,True,True,True,True,True,True,True
/home/manndo/master_dev/posebusters_results/converted_pdbqt/Orai1WT-START-Fr0__Synta-66-OPT-Singlet_vina_out_model25.sdf,AutoDock_Vina,True,True,True,True,True,True,True,True,True,True,True,True,True,True,True
/home/manndo/master_dev/posebusters_results/converted_pdbqt/Orai1WT-START-Fr0__Synta-66-OPT-Singlet_vina_out_model26.sdf,AutoDock_Vina,True,True,True,True,True,True,True,True,True,True,True,True,True,True,True
/home/manndo/master_dev/posebusters_results/converted_pdbqt/Orai1WT-START-Fr0__Synta-66-OPT-Singlet_vina_out_model27.sdf,AutoDock_Vina,True,True,True,True,True,True,True,True,True,True,True,True,True,True,True
/home/manndo/master_dev/posebusters_results/converted_pdbqt/Orai1WT-START-Fr0__Synta-66-OPT-Singlet_vina_out_model28.sdf,AutoDock_Vina,True,True,True,True,True,True,True,True,True,True,True,True,True,True,True
/home/manndo/master_dev/posebusters_results/converted_pdbqt/Orai1WT-START-Fr0__Synta-66-OPT-Singlet_vina_out_model29.sdf,AutoDock_Vina,True,True,True,True,True,True,True,True,True,True,True,True,True,True,True
/home/manndo/master_dev/posebusters_results/converted_pdbqt/Orai1WT-START-Fr0__Synta-66-OPT-Singlet_vina_out_model30.sdf,AutoDock_Vina,True,True,True,True,True,True,True,True,True,True,True,True,True,True,True
/home/manndo/master_dev/posebusters_results/converted_pdbqt/Orai1WT-MDSnap-Fr400__gsk7975a-prot-OPT_vina_out_model1.sdf,AutoDock_Vina,True,True,True,True,True,True,True,True,True,True,True,True,True,True,True
/home/manndo/master_dev/posebusters_results/converted_pdbqt/Orai1WT-MDSnap-Fr400__gsk7975a-prot-OPT_vina_out_model2.sdf,AutoDock_Vina,True,True,True,True,True,True,True,True,True,True,True,True,True,True,True
/home/manndo/master_dev/posebusters_results/converted_pdbqt/Orai1WT-MDSnap-Fr400__gsk7975a-prot-OPT_vina_out_model3.sdf,AutoDock_Vina,True,True,True,True,True,True,True,True,True,True,True,True,True,True,True
/home/manndo/master_dev/posebusters_results/converted_pdbqt/Orai1WT-MDSnap-Fr400__gsk7975a-prot-OPT_vina_out_model4.sdf,AutoDock_Vina,True,True,True,True,True,True,True,True,True,True,True,True,True,True,True
/home/manndo/master_dev/posebusters_results/converted_pdbqt/Orai1WT-MDSnap-Fr400__gsk7975a-prot-OPT_vina_out_model5.sdf,AutoDock_Vina,True,True,True,True,True,True,True,True,True,True,True,True,True,True,True
/home/manndo/master_dev/posebusters_results/converted_pdbqt/Orai1WT-MDSnap-Fr400__gsk7975a-prot-OPT_vina_out_model6.sdf,AutoDock_Vina,True,True,True,True,True,True,True,True,True,True,True,True,True,True,True
/home/manndo/master_dev/posebusters_results/converted_pdbqt/Orai1WT-MDSnap-Fr400__gsk7975a-prot-OPT_vina_out_model7.sdf,AutoDock_Vina,True,True,True,True,True,True,True,True,True,True,True,True,True,True,True
/home/manndo/master_dev/posebusters_results/converted_pdbqt/Orai1WT-MDSnap-Fr400__gsk7975a-prot-OPT_vina_out_model8.sdf,AutoDock_Vina,True,True,True,True,True,True,True,True,True,True,True,True,True,True,True
/home/manndo/master_dev/posebusters_results/converted_pdbqt/Orai1WT-MDSnap-Fr400__gsk7975a-prot-OPT_vina_out_model9.sdf,AutoDock_Vina,True,True,True,True,True,True,True,True,True,True,True,True,True,True,True
/home/manndo/master_dev/posebusters_results/converted_pdbqt/Orai1WT-MDSnap-Fr400__gsk7975a-prot-OPT_vina_out_model10.sdf,AutoDock_Vina,True,True,True,True,True,True,True,True,True,True,True,True,True,True,True
/home/manndo/master_dev/posebusters_results/converted_pdbqt/Orai1WT-MDSnap-Fr400__gsk7975a-prot-OPT_vina_out_model11.sdf,AutoDock_Vina,True,True,True,True,True,True,True,True,True,True,True,True,True,True,True
/home/manndo/master_dev/posebusters_results/converted_pdbqt/Orai1WT-MDSnap-Fr400__gsk7975a-prot-OPT_vina_out_model12.sdf,AutoDock_Vina,True,True,True,True,True,True,True,True,True,True,True,True,True,True,True
/home/manndo/master_dev/posebusters_results/converted_pdbqt/Orai1WT-MDSnap-Fr400__gsk7975a-prot-OPT_vina_out_model13.sdf,AutoDock_Vina,True,True,True,True,True,True,True,True,True,True,True,True,True,True,True
/home/manndo/master_dev/posebusters_results/converted_pdbqt/Orai1WT-MDSnap-Fr400__gsk7975a-prot-OPT_vina_out_model14.sdf,AutoDock_Vina,True,True,True,True,True,True,True,True,True,True,True,True,True,True,True
/home/manndo/master_dev/posebusters_results/converted_pdbqt/Orai1WT-MDSnap-Fr400__gsk7975a-prot-OPT_vina_out_model15.sdf,AutoDock_Vina,True,True,True,True,True,True,True,True,True,True,True,True,True,True,True
/home/manndo/master_dev/posebusters_results/converted_pdbqt/Orai1WT-MDSnap-Fr400__gsk7975a-prot-OPT_vina_out_model16.sdf,AutoDock_Vina,True,True,True,True,True,True,True,True,True,True,True,True,True,True,True
/home/manndo/master_dev/posebusters_results/converted_pdbqt/Orai1WT-MDSnap-Fr400__gsk7975a-prot-OPT_vina_out_model17.sdf,AutoDock_Vina,True,True,True,True,True,True,True,True,True,True,True,True,True,True,True
/home/manndo/master_dev/posebusters_results/converted_pdbqt/Orai1WT-MDSnap-Fr400__gsk7975a-prot-OPT_vina_out_model18.sdf,AutoDock_Vina,True,True,True,True,True,True,True,True,True,True,True,True,True,True,True
/home/manndo/master_dev/posebusters_results/converted_pdbqt/Orai1WT-MDSnap-Fr400__gsk7975a-prot-OPT_vina_out_model19.sdf,AutoDock_Vina,True,True,True,True,True,True,True,True,True,True,True,True,True,True,True
/home/manndo/master_dev/posebusters_results/converted_pdbqt/Orai1WT-MDSnap-Fr400__gsk7975a-prot-OPT_vina_out_model20.sdf,AutoDock_Vina,True,True,True,True,True,True,True,True,True,True,True,True,True,True,True
/home/manndo/master_dev/posebusters_results/converted_pdbqt/Orai1WT-MDSnap-Fr400__gsk7975a-prot-OPT_vina_out_model21.sdf,AutoDock_Vina,True,True,True,True,True,True,True,True,True,True,True,True,True,True,True
/home/manndo/master_dev/posebusters_results/converted_pdbqt/Orai1WT-MDSnap-Fr400__gsk7975a-prot-OPT_vina_out_model22.sdf,AutoDock_Vina,True,True,True,True,True,True,True,True,True,True,True,True,True,True,True
/home/manndo/master_dev/posebusters_results/converted_pdbqt/Orai1WT-MDSnap-Fr400__gsk7975a-prot-OPT_vina_out_model23.sdf,AutoDock_Vina,True,True,True,True,True,True,True,True,True,True,True,True,True,True,True
/home/manndo/master_dev/posebusters_results/converted_pdbqt/Orai1WT-MDSnap-Fr400__gsk7975a-prot-OPT_vina_out_model24.sdf,AutoDock_Vina,True,True,True,True,True,True,True,True,True,True,True,True,True,True,True
/home/manndo/master_dev/posebusters_results/converted_pdbqt/Orai1WT-MDSnap-Fr400__gsk7975a-prot-OPT_vina_out_model25.sdf,AutoDock_Vina,True,True,True,True,True,True,True,True,True,True,True,True,True,True,True
/home/manndo/master_dev/posebusters_results/converted_pdbqt/Orai1WT-MDSnap-Fr400__gsk7975a-prot-OPT_vina_out_model26.sdf,AutoDock_Vina,True,True,True,True,True,True,True,True,True,True,True,True,True,True,True
/home/manndo/master_dev/posebusters_results/converted_pdbqt/Orai1WT-MDSnap-Fr400__gsk7975a-prot-OPT_vina_out_model27.sdf,AutoDock_Vina,True,True,True,True,True,True,True,True,True,True,True,True,True,True,True
/home/manndo/master_dev/posebusters_results/converted_pdbqt/Orai1WT-MDSnap-Fr400__gsk7975a-prot-OPT_vina_out_model28.sdf,AutoDock_Vina,True,True,True,True,True,True,True,True,True,True,True,True,True,True,True
/home/manndo/master_dev/posebusters_results/converted_pdbqt/Orai1WT-MDSnap-Fr400__gsk7975a-prot-OPT_vina_out_model29.sdf,AutoDock_Vina,True,True,True,True,True,True,True,True,True,True,True,True,True,True,True
/home/manndo/master_dev/posebusters_results/converted_pdbqt/Orai1WT-MDSnap-Fr400__gsk7975a-prot-OPT_vina_out_model30.sdf,AutoDock_Vina,True,True,True,True,True,True,True,True,True,True,True,True,True,True,True
/home/manndo/master_dev/posebusters_results/converted_pdbqt/Orai1WT-MDSnap-Fr499__gsk7975a-prot-OPT_vina_out_model1.sdf,AutoDock_Vina,True,True,True,True,True,True,True,True,True,True,True,True,True,True,True
/home/manndo/master_dev/posebusters_results/converted_pdbqt/Orai1WT-MDSnap-Fr499__gsk7975a-prot-OPT_vina_out_model2.sdf,AutoDock_Vina,True,True,True,True,True,True,True,True,True,True,True,True,True,True,True
/home/manndo/master_dev/posebusters_results/converted_pdbqt/Orai1WT-MDSnap-Fr499__gsk7975a-prot-OPT_vina_out_model3.sdf,AutoDock_Vina,True,True,True,True,True,True,True,True,True,True,True,True,True,True,True
/home/manndo/master_dev/posebusters_results/converted_pdbqt/Orai1WT-MDSnap-Fr499__gsk7975a-prot-OPT_vina_out_model4.sdf,AutoDock_Vina,True,True,True,True,True,True,True,True,True,True,True,True,True,True,True
/home/manndo/master_dev/posebusters_results/converted_pdbqt/Orai1WT-MDSnap-Fr499__gsk7975a-prot-OPT_vina_out_model5.sdf,AutoDock_Vina,True,True,True,True,True,True,True,True,True,True,True,True,True,True,True
/home/manndo/master_dev/posebusters_results/converted_pdbqt/Orai1WT-MDSnap-Fr499__gsk7975a-prot-OPT_vina_out_model6.sdf,AutoDock_Vina,True,True,True,True,True,True,True,True,True,True,True,True,True,True,True
/home/manndo/master_dev/posebusters_results/converted_pdbqt/Orai1WT-MDSnap-Fr499__gsk7975a-prot-OPT_vina_out_model7.sdf,AutoDock_Vina,True,True,True,True,True,True,True,True,True,True,True,True,True,True,True
/home/manndo/master_dev/posebusters_results/converted_pdbqt/Orai1WT-MDSnap-Fr499__gsk7975a-prot-OPT_vina_out_model8.sdf,AutoDock_Vina,True,True,True,True,True,True,True,True,True,True,True,True,True,True,True
/home/manndo/master_dev/posebusters_results/converted_pdbqt/Orai1WT-MDSnap-Fr499__gsk7975a-prot-OPT_vina_out_model9.sdf,AutoDock_Vina,True,True,True,True,True,True,True,True,True,True,True,True,True,True,True
/home/manndo/master_dev/posebusters_results/converted_pdbqt/Orai1WT-MDSnap-Fr499__gsk7975a-prot-OPT_vina_out_model10.sdf,AutoDock_Vina,True,True,True,True,True,True,True,True,True,True,True,True,True,True,True
/home/manndo/master_dev/posebusters_results/converted_pdbqt/Orai1WT-MDSnap-Fr499__gsk7975a-prot-OPT_vina_out_model11.sdf,AutoDock_Vina,True,True,True,True,True,True,True,True,True,True,True,True,True,True,True
/home/manndo/master_dev/posebusters_results/converted_pdbqt/Orai1WT-MDSnap-Fr499__gsk7975a-prot-OPT_vina_out_model12.sdf,AutoDock_Vina,True,True,True,True,True,True,True,True,True,True,True,True,True,True,True
/home/manndo/master_dev/posebusters_results/converted_pdbqt/Orai1WT-MDSnap-Fr499__gsk7975a-prot-OPT_vina_out_model13.sdf,AutoDock_Vina,True,True,True,True,True,True,True,True,True,True,True,True,True,True,True
/home/manndo/master_dev/posebusters_results/converted_pdbqt/Orai1WT-MDSnap-Fr499__gsk7975a-prot-OPT_vina_out_model14.sdf,AutoDock_Vina,True,True,True,True,True,True,True,True,True,True,True,True,True,True,True
/home/manndo/master_dev/posebusters_results/converted_pdbqt/Orai1WT-MDSnap-Fr499__gsk7975a-prot-OPT_vina_out_model15.sdf,AutoDock_Vina,True,True,True,True,True,True,True,True,True,True,True,True,True,True,True
/home/manndo/master_dev/posebusters_results/converted_pdbqt/Orai1WT-MDSnap-Fr499__gsk7975a-prot-OPT_vina_out_model16.sdf,AutoDock_Vina,True,True,True,True,True,True,True,True,True,True,True,True,True,True,True
/home/manndo/master_dev/posebusters_results/converted_pdbqt/Orai1WT-MDSnap-Fr499__gsk7975a-prot-OPT_vina_out_model17.sdf,AutoDock_Vina,True,True,True,True,True,True,True,True,True,True,True,True,True,True,True
/home/manndo/master_dev/posebusters_results/converted_pdbqt/Orai1WT-MDSnap-Fr499__gsk7975a-prot-OPT_vina_out_model18.sdf,AutoDock_Vina,True,True,True,True,True,True,True,True,True,True,True,True,True,True,True
/home/manndo/master_dev/posebusters_results/converted_pdbqt/Orai1WT-MDSnap-Fr499__gsk7975a-prot-OPT_vina_out_model19.sdf,AutoDock_Vina,True,True,True,True,True,True,True,True,True,True,True,True,True,True,True
/home/manndo/master_dev/posebusters_results/converted_pdbqt/Orai1WT-MDSnap-Fr499__gsk7975a-prot-OPT_vina_out_model20.sdf,AutoDock_Vina,True,True,True,True,True,True,True,True,True,True,True,True,True,True,True
/home/manndo/master_dev/posebusters_results/converted_pdbqt/Orai1WT-MDSnap-Fr499__gsk7975a-prot-OPT_vina_out_model21.sdf,AutoDock_Vina,True,True,True,True,True,True,True,True,True,True,True,True,True,True,True
/home/manndo/master_dev/posebusters_results/converted_pdbqt/Orai1WT-MDSnap-Fr499__gsk7975a-prot-OPT_vina_out_model22.sdf,AutoDock_Vina,True,True,True,True,True,True,True,True,True,True,True,True,True,True,True
/home/manndo/master_dev/posebusters_results/converted_pdbqt/Orai1WT-MDSnap-Fr499__gsk7975a-prot-OPT_vina_out_model23.sdf,AutoDock_Vina,True,True,True,True,True,True,True,True,True,True,True,True,True,True,True
/home/manndo/master_dev/posebusters_results/converted_pdbqt/Orai1WT-MDSnap-Fr499__gsk7975a-prot-OPT_vina_out_model24.sdf,AutoDock_Vina,True,True,True,True,True,True,True,True,True,True,True,True,True,True,True
/home/manndo/master_dev/posebusters_results/converted_pdbqt/Orai1WT-MDSnap-Fr499__gsk7975a-prot-OPT_vina_out_model25.sdf,AutoDock_Vina,True,True,True,True,True,True,True,True,True,True,True,True,True,True,True
/home/manndo/master_dev/posebusters_results/converted_pdbqt/Orai1WT-MDSnap-Fr499__gsk7975a-prot-OPT_vina_out_model26.sdf,AutoDock_Vina,True,True,True,True,True,True,True,True,True,True,True,True,True,True,True
/home/manndo/master_dev/posebusters_results/converted_pdbqt/Orai1WT-MDSnap-Fr499__gsk7975a-prot-OPT_vina_out_model27.sdf,AutoDock_Vina,True,True,True,True,True,True,True,True,True,True,True,True,True,True,True
/home/manndo/master_dev/posebusters_results/converted_pdbqt/Orai1WT-MDSnap-Fr499__gsk7975a-prot-OPT_vina_out_model28.sdf,AutoDock_Vina,True,True,True,True,True,True,True,True,True,True,True,True,True,True,True
/home/manndo/master_dev/posebusters_results/converted_pdbqt/Orai1WT-MDSnap-Fr499__gsk7975a-prot-OPT_vina_out_model29.sdf,AutoDock_Vina,True,True,True,True,True,True,True,True,True,True,True,True,True,True,True
/home/manndo/master_dev/posebusters_results/converted_pdbqt/Orai1WT-MDSnap-Fr499__gsk7975a-prot-OPT_vina_out_model30.sdf,AutoDock_Vina,True,True,True,True,True,True,True,True,True,True,True,True,True,True,True
/home/manndo/master_dev/posebusters_results/converted_pdbqt/Orai1WT-MDSnap-Fr499__Synta-66-OPT-Singlet_vina_out_model1.sdf,AutoDock_Vina,True,True,True,True,True,True,True,True,True,True,True,True,True,True,True
/home/manndo/master_dev/posebusters_results/converted_pdbqt/Orai1WT-MDSnap-Fr499__Synta-66-OPT-Singlet_vina_out_model2.sdf,AutoDock_Vina,True,True,True,True,True,True,True,True,True,True,True,True,True,True,True
/home/manndo/master_dev/posebusters_results/converted_pdbqt/Orai1WT-MDSnap-Fr499__Synta-66-OPT-Singlet_vina_out_model3.sdf,AutoDock_Vina,True,True,True,True,True,True,True,True,True,True,True,True,True,True,True
/home/manndo/master_dev/posebusters_results/converted_pdbqt/Orai1WT-MDSnap-Fr499__Synta-66-OPT-Singlet_vina_out_model4.sdf,AutoDock_Vina,True,True,True,True,True,True,True,True,True,True,True,True,True,True,True
/home/manndo/master_dev/posebusters_results/converted_pdbqt/Orai1WT-MDSnap-Fr499__Synta-66-OPT-Singlet_vina_out_model5.sdf,AutoDock_Vina,True,True,True,True,True,True,True,True,True,True,True,True,True,True,True
/home/manndo/master_dev/posebusters_results/converted_pdbqt/Orai1WT-MDSnap-Fr499__Synta-66-OPT-Singlet_vina_out_model6.sdf,AutoDock_Vina,True,True,True,True,True,True,True,True,True,True,True,True,True,True,True
/home/manndo/master_dev/posebusters_results/converted_pdbqt/Orai1WT-MDSnap-Fr499__Synta-66-OPT-Singlet_vina_out_model7.sdf,AutoDock_Vina,True,True,True,True,True,True,True,True,True,True,True,True,True,True,True
/home/manndo/master_dev/posebusters_results/converted_pdbqt/Orai1WT-MDSnap-Fr499__Synta-66-OPT-Singlet_vina_out_model8.sdf,AutoDock_Vina,True,True,True,True,True,True,True,True,True,True,True,True,True,True,True
/home/manndo/master_dev/posebusters_results/converted_pdbqt/Orai1WT-MDSnap-Fr499__Synta-66-OPT-Singlet_vina_out_model9.sdf,AutoDock_Vina,True,True,True,True,True,True,True,True,True,True,True,True,True,True,True
/home/manndo/master_dev/posebusters_results/converted_pdbqt/Orai1WT-MDSnap-Fr499__Synta-66-OPT-Singlet_vina_out_model10.sdf,AutoDock_Vina,True,True,True,True,True,True,True,True,True,True,True,True,True,True,True
/home/manndo/master_dev/posebusters_results/converted_pdbqt/Orai1WT-MDSnap-Fr499__Synta-66-OPT-Singlet_vina_out_model11.sdf,AutoDock_Vina,True,True,True,True,True,True,True,True,True,True,True,True,True,True,True
/home/manndo/master_dev/posebusters_results/converted_pdbqt/Orai1WT-MDSnap-Fr499__Synta-66-OPT-Singlet_vina_out_model12.sdf,AutoDock_Vina,True,True,True,True,True,True,True,True,True,True,True,True,True,True,True
/home/manndo/master_dev/posebusters_results/converted_pdbqt/Orai1WT-MDSnap-Fr499__Synta-66-OPT-Singlet_vina_out_model13.sdf,AutoDock_Vina,True,True,True,True,True,True,True,True,True,True,True,True,True,True,True
/home/manndo/master_dev/posebusters_results/converted_pdbqt/Orai1WT-MDSnap-Fr499__Synta-66-OPT-Singlet_vina_out_model14.sdf,AutoDock_Vina,True,True,True,True,True,True,True,True,True,True,True,True,True,True,True
/home/manndo/master_dev/posebusters_results/converted_pdbqt/Orai1WT-MDSnap-Fr499__Synta-66-OPT-Singlet_vina_out_model15.sdf,AutoDock_Vina,True,True,True,True,True,True,True,True,True,True,True,True,True,True,True
/home/manndo/master_dev/posebusters_results/converted_pdbqt/Orai1WT-MDSnap-Fr499__Synta-66-OPT-Singlet_vina_out_model16.sdf,AutoDock_Vina,True,True,True,True,True,True,True,True,True,True,True,True,True,True,True
/home/manndo/master_dev/posebusters_results/converted_pdbqt/Orai1WT-MDSnap-Fr499__Synta-66-OPT-Singlet_vina_out_model17.sdf,AutoDock_Vina,True,True,True,True,True,True,True,True,True,True,True,True,True,True,True
/home/manndo/master_dev/posebusters_results/converted_pdbqt/Orai1WT-MDSnap-Fr499__Synta-66-OPT-Singlet_vina_out_model18.sdf,AutoDock_Vina,True,True,True,True,True,True,True,True,True,True,True,True,True,True,True
/home/manndo/master_dev/posebusters_results/converted_pdbqt/Orai1WT-MDSnap-Fr499__Synta-66-OPT-Singlet_vina_out_model19.sdf,AutoDock_Vina,True,True,True,True,True,True,True,True,True,True,True,True,True,True,True
/home/manndo/master_dev/posebusters_results/converted_pdbqt/Orai1WT-MDSnap-Fr499__Synta-66-OPT-Singlet_vina_out_model20.sdf,AutoDock_Vina,True,True,True,True,True,True,True,True,True,True,True,True,True,True,True
/home/manndo/master_dev/posebusters_results/converted_pdbqt/Orai1WT-MDSnap-Fr499__Synta-66-OPT-Singlet_vina_out_model21.sdf,AutoDock_Vina,True,True,True,True,True,True,True,True,True,True,True,True,True,True,True
/home/manndo/master_dev/posebusters_results/converted_pdbqt/Orai1WT-MDSnap-Fr499__Synta-66-OPT-Singlet_vina_out_model22.sdf,AutoDock_Vina,True,True,True,True,True,True,True,True,True,True,True,True,True,True,True
/home/manndo/master_dev/posebusters_results/converted_pdbqt/Orai1WT-MDSnap-Fr499__Synta-66-OPT-Singlet_vina_out_model23.sdf,AutoDock_Vina,True,True,True,True,True,True,True,True,True,True,True,True,True,True,True
/home/manndo/master_dev/posebusters_results/converted_pdbqt/Orai1WT-MDSnap-Fr499__Synta-66-OPT-Singlet_vina_out_model24.sdf,AutoDock_Vina,True,True,True,True,True,True,True,True,True,True,True,True,True,True,True
/home/manndo/master_dev/posebusters_results/converted_pdbqt/Orai1WT-MDSnap-Fr499__Synta-66-OPT-Singlet_vina_out_model25.sdf,AutoDock_Vina,True,True,True,True,True,True,True,True,True,True,True,True,True,True,True
/home/manndo/master_dev/posebusters_results/converted_pdbqt/Orai1WT-MDSnap-Fr499__Synta-66-OPT-Singlet_vina_out_model26.sdf,AutoDock_Vina,True,True,True,True,True,True,True,True,True,True,True,True,True,True,True
/home/manndo/master_dev/posebusters_results/converted_pdbqt/Orai1WT-MDSnap-Fr499__Synta-66-OPT-Singlet_vina_out_model27.sdf,AutoDock_Vina,True,True,True,True,True,True,True,True,True,True,True,True,True,True,True
/home/manndo/master_dev/posebusters_results/converted_pdbqt/Orai1WT-MDSnap-Fr499__Synta-66-OPT-Singlet_vina_out_model28.sdf,AutoDock_Vina,True,True,True,True,True,True,True,True,True,True,True,True,True,True,True
/home/manndo/master_dev/posebusters_results/converted_pdbqt/Orai1WT-MDSnap-Fr499__Synta-66-OPT-Singlet_vina_out_model29.sdf,AutoDock_Vina,True,True,True,True,True,True,True,True,True,True,True,True,True,True,True
/home/manndo/master_dev/posebusters_results/converted_pdbqt/Orai1WT-MDSnap-Fr499__Synta-66-OPT-Singlet_vina_out_model30.sdf,AutoDock_Vina,True,True,True,True,True,True,True,True,True,True,True,True,True,True,True
/home/manndo/master_dev/posebusters_results/converted_pdbqt/Orai1WT-MDSnap-Fr300__2abp-nh2-OPT_vina_out_model1.sdf,AutoDock_Vina,True,True,True,True,True,True,True,True,True,True,True,True,True,True,True
/home/manndo/master_dev/posebusters_results/converted_pdbqt/Orai1WT-MDSnap-Fr300__2abp-nh2-OPT_vina_out_model2.sdf,AutoDock_Vina,True,True,True,True,True,True,True,True,True,True,True,True,True,True,True
/home/manndo/master_dev/posebusters_results/converted_pdbqt/Orai1WT-MDSnap-Fr300__2abp-nh2-OPT_vina_out_model3.sdf,AutoDock_Vina,True,True,True,True,True,True,True,True,True,True,True,True,True,True,True
/home/manndo/master_dev/posebusters_results/converted_pdbqt/Orai1WT-MDSnap-Fr300__2abp-nh2-OPT_vina_out_model4.sdf,AutoDock_Vina,True,True,True,True,True,True,True,True,True,True,True,True,True,True,True
/home/manndo/master_dev/posebusters_results/converted_pdbqt/Orai1WT-MDSnap-Fr300__2abp-nh2-OPT_vina_out_model5.sdf,AutoDock_Vina,True,True,True,True,True,True,True,True,True,True,True,True,True,True,True
/home/manndo/master_dev/posebusters_results/converted_pdbqt/Orai1WT-MDSnap-Fr300__2abp-nh2-OPT_vina_out_model6.sdf,AutoDock_Vina,True,True,True,True,True,True,True,True,True,True,True,True,True,True,True
/home/manndo/master_dev/posebusters_results/converted_pdbqt/Orai1WT-MDSnap-Fr300__2abp-nh2-OPT_vina_out_model7.sdf,AutoDock_Vina,True,True,True,True,True,True,True,True,True,True,True,True,True,True,True
/home/manndo/master_dev/posebusters_results/converted_pdbqt/Orai1WT-MDSnap-Fr300__2abp-nh2-OPT_vina_out_model8.sdf,AutoDock_Vina,True,True,True,True,True,True,True,True,True,True,True,True,True,True,True
/home/manndo/master_dev/posebusters_results/converted_pdbqt/Orai1WT-MDSnap-Fr300__2abp-nh2-OPT_vina_out_model9.sdf,AutoDock_Vina,True,True,True,True,True,True,True,True,True,True,True,True,True,True,True
/home/manndo/master_dev/posebusters_results/converted_pdbqt/Orai1WT-MDSnap-Fr300__2abp-nh2-OPT_vina_out_model10.sdf,AutoDock_Vina,True,True,True,True,True,True,True,True,True,True,True,True,True,True,True
/home/manndo/master_dev/posebusters_results/converted_pdbqt/Orai1WT-MDSnap-Fr300__2abp-nh2-OPT_vina_out_model11.sdf,AutoDock_Vina,True,True,True,True,True,True,True,True,True,True,True,True,True,True,True
/home/manndo/master_dev/posebusters_results/converted_pdbqt/Orai1WT-MDSnap-Fr300__2abp-nh2-OPT_vina_out_model12.sdf,AutoDock_Vina,True,True,True,True,True,True,True,True,True,True,True,True,True,True,True
/home/manndo/master_dev/posebusters_results/converted_pdbqt/Orai1WT-MDSnap-Fr300__2abp-nh2-OPT_vina_out_model13.sdf,AutoDock_Vina,True,True,True,True,True,True,True,True,True,True,True,True,True,True,True
/home/manndo/master_dev/posebusters_results/converted_pdbqt/Orai1WT-MDSnap-Fr300__2abp-nh2-OPT_vina_out_model14.sdf,AutoDock_Vina,True,True,True,True,True,True,True,True,True,True,True,True,True,True,True
/home/manndo/master_dev/posebusters_results/converted_pdbqt/Orai1WT-MDSnap-Fr300__2abp-nh2-OPT_vina_out_model15.sdf,AutoDock_Vina,True,True,True,True,True,True,True,True,True,True,True,True,True,True,True
/home/manndo/master_dev/posebusters_results/converted_pdbqt/Orai1WT-MDSnap-Fr300__2abp-nh2-OPT_vina_out_model16.sdf,AutoDock_Vina,True,True,True,True,True,True,True,True,True,True,True,True,True,True,True
/home/manndo/master_dev/posebusters_results/converted_pdbqt/Orai1WT-MDSnap-Fr300__2abp-nh2-OPT_vina_out_model17.sdf,AutoDock_Vina,True,True,True,True,True,True,True,True,True,True,True,True,True,True,True
/home/manndo/master_dev/posebusters_results/converted_pdbqt/Orai1WT-MDSnap-Fr300__2abp-nh2-OPT_vina_out_model18.sdf,AutoDock_Vina,True,True,True,True,True,True,True,True,True,True,True,True,True,True,True
/home/manndo/master_dev/posebusters_results/converted_pdbqt/Orai1WT-MDSnap-Fr300__2abp-nh2-OPT_vina_out_model19.sdf,AutoDock_Vina,True,True,True,True,True,True,True,True,True,True,True,True,True,True,True
/home/manndo/master_dev/posebusters_results/converted_pdbqt/Orai1WT-MDSnap-Fr300__2abp-nh2-OPT_vina_out_model20.sdf,AutoDock_Vina,True,True,True,True,True,True,True,True,True,True,True,True,True,True,True
/home/manndo/master_dev/posebusters_results/converted_pdbqt/Orai1WT-MDSnap-Fr300__2abp-nh2-OPT_vina_out_model21.sdf,AutoDock_Vina,True,True,True,True,True,True,True,True,True,True,True,True,True,True,True
/home/manndo/master_dev/posebusters_results/converted_pdbqt/Orai1WT-MDSnap-Fr300__2abp-nh2-OPT_vina_out_model22.sdf,AutoDock_Vina,True,True,True,True,True,True,True,True,True,True,True,True,True,True,True
/home/manndo/master_dev/posebusters_results/converted_pdbqt/Orai1WT-MDSnap-Fr300__2abp-nh2-OPT_vina_out_model23.sdf,AutoDock_Vina,True,True,True,True,True,True,True,True,True,True,True,True,True,True,True
/home/manndo/master_dev/posebusters_results/converted_pdbqt/Orai1WT-MDSnap-Fr300__2abp-nh2-OPT_vina_out_model24.sdf,AutoDock_Vina,True,True,True,True,True,True,True,True,True,True,True,True,True,True,True
/home/manndo/master_dev/posebusters_results/converted_pdbqt/Orai1WT-MDSnap-Fr300__2abp-nh2-OPT_vina_out_model25.sdf,AutoDock_Vina,True,True,True,True,True,True,True,True,True,True,True,True,True,True,True
/home/manndo/master_dev/posebusters_results/converted_pdbqt/Orai1WT-MDSnap-Fr300__2abp-nh2-OPT_vina_out_model26.sdf,AutoDock_Vina,True,True,True,True,True,True,True,True,True,True,True,True,True,True,True
/home/manndo/master_dev/posebusters_results/converted_pdbqt/Orai1WT-MDSnap-Fr300__2abp-nh2-OPT_vina_out_model27.sdf,AutoDock_Vina,True,True,True,True,True,True,True,True,True,True,True,True,True,True,True
/home/manndo/master_dev/posebusters_results/converted_pdbqt/Orai1WT-MDSnap-Fr300__2abp-nh2-OPT_vina_out_model28.sdf,AutoDock_Vina,True,True,True,True,True,True,True,True,True,True,True,True,True,True,True
/home/manndo/master_dev/posebusters_results/converted_pdbqt/Orai1WT-MDSnap-Fr300__2abp-nh2-OPT_vina_out_model29.sdf,AutoDock_Vina,True,True,True,True,True,True,True,True,True,True,True,True,True,True,True
/home/manndo/master_dev/posebusters_results/converted_pdbqt/Orai1WT-MDSnap-Fr300__2abp-nh2-OPT_vina_out_model30.sdf,AutoDock_Vina,True,True,True,True,True,True,True,True,True,True,True,True,True,True,True
/home/manndo/master_dev/posebusters_results/converted_pdbqt/Orai1WT-MDSnap-Fr300__Synta-66-OPT-Singlet_vina_out_model1.sdf,AutoDock_Vina,True,True,True,True,True,True,True,True,True,True,True,True,True,True,True
/home/manndo/master_dev/posebusters_results/converted_pdbqt/Orai1WT-MDSnap-Fr300__Synta-66-OPT-Singlet_vina_out_model2.sdf,AutoDock_Vina,True,True,True,True,True,True,True,True,True,True,True,True,True,True,True
/home/manndo/master_dev/posebusters_results/converted_pdbqt/Orai1WT-MDSnap-Fr300__Synta-66-OPT-Singlet_vina_out_model3.sdf,AutoDock_Vina,True,True,True,True,True,True,True,True,True,True,True,True,True,True,True
/home/manndo/master_dev/posebusters_results/converted_pdbqt/Orai1WT-MDSnap-Fr300__Synta-66-OPT-Singlet_vina_out_model4.sdf,AutoDock_Vina,True,True,True,True,True,True,True,True,True,True,True,True,True,True,True
/home/manndo/master_dev/posebusters_results/converted_pdbqt/Orai1WT-MDSnap-Fr300__Synta-66-OPT-Singlet_vina_out_model5.sdf,AutoDock_Vina,True,True,True,True,True,True,True,True,True,True,True,True,True,True,True
/home/manndo/master_dev/posebusters_results/converted_pdbqt/Orai1WT-MDSnap-Fr300__Synta-66-OPT-Singlet_vina_out_model6.sdf,AutoDock_Vina,True,True,True,True,True,True,True,True,True,True,True,True,True,True,True
/home/manndo/master_dev/posebusters_results/converted_pdbqt/Orai1WT-MDSnap-Fr300__Synta-66-OPT-Singlet_vina_out_model7.sdf,AutoDock_Vina,True,True,True,True,True,True,True,True,True,True,True,True,True,True,True
/home/manndo/master_dev/posebusters_results/converted_pdbqt/Orai1WT-MDSnap-Fr300__Synta-66-OPT-Singlet_vina_out_model8.sdf,AutoDock_Vina,True,True,True,True,True,True,True,True,True,True,True,True,True,True,True
/home/manndo/master_dev/posebusters_results/converted_pdbqt/Orai1WT-MDSnap-Fr300__Synta-66-OPT-Singlet_vina_out_model9.sdf,AutoDock_Vina,True,True,True,True,True,True,True,True,True,True,True,True,True,True,True
/home/manndo/master_dev/posebusters_results/converted_pdbqt/Orai1WT-MDSnap-Fr300__Synta-66-OPT-Singlet_vina_out_model10.sdf,AutoDock_Vina,True,True,True,True,True,True,True,True,True,True,True,True,True,True,True
/home/manndo/master_dev/posebusters_results/converted_pdbqt/Orai1WT-MDSnap-Fr300__Synta-66-OPT-Singlet_vina_out_model11.sdf,AutoDock_Vina,True,True,True,True,True,True,True,True,True,True,True,True,True,True,True
/home/manndo/master_dev/posebusters_results/converted_pdbqt/Orai1WT-MDSnap-Fr300__Synta-66-OPT-Singlet_vina_out_model12.sdf,AutoDock_Vina,True,True,True,True,True,True,True,True,True,True,True,True,True,True,True
/home/manndo/master_dev/posebusters_results/converted_pdbqt/Orai1WT-MDSnap-Fr300__Synta-66-OPT-Singlet_vina_out_model13.sdf,AutoDock_Vina,True,True,True,True,True,True,True,True,True,True,True,True,True,True,True
/home/manndo/master_dev/posebusters_results/converted_pdbqt/Orai1WT-MDSnap-Fr300__Synta-66-OPT-Singlet_vina_out_model14.sdf,AutoDock_Vina,True,True,True,True,True,True,True,True,True,True,True,True,True,True,True
/home/manndo/master_dev/posebusters_results/converted_pdbqt/Orai1WT-MDSnap-Fr300__Synta-66-OPT-Singlet_vina_out_model15.sdf,AutoDock_Vina,True,True,True,True,True,True,True,True,True,True,True,True,True,True,True
/home/manndo/master_dev/posebusters_results/converted_pdbqt/Orai1WT-MDSnap-Fr300__Synta-66-OPT-Singlet_vina_out_model16.sdf,AutoDock_Vina,True,True,True,True,True,True,True,True,True,True,True,True,True,True,True
/home/manndo/master_dev/posebusters_results/converted_pdbqt/Orai1WT-MDSnap-Fr300__Synta-66-OPT-Singlet_vina_out_model17.sdf,AutoDock_Vina,True,True,True,True,True,True,True,True,True,True,True,True,True,True,True
/home/manndo/master_dev/posebusters_results/converted_pdbqt/Orai1WT-MDSnap-Fr300__Synta-66-OPT-Singlet_vina_out_model18.sdf,AutoDock_Vina,True,True,True,True,True,True,True,True,True,True,True,True,True,True,True
/home/manndo/master_dev/posebusters_results/converted_pdbqt/Orai1WT-MDSnap-Fr300__Synta-66-OPT-Singlet_vina_out_model19.sdf,AutoDock_Vina,True,True,True,True,True,True,True,True,True,True,True,True,True,True,True
/home/manndo/master_dev/posebusters_results/converted_pdbqt/Orai1WT-MDSnap-Fr300__Synta-66-OPT-Singlet_vina_out_model20.sdf,AutoDock_Vina,True,True,True,True,True,True,True,True,True,True,True,True,True,True,True
/home/manndo/master_dev/posebusters_results/converted_pdbqt/Orai1WT-MDSnap-Fr300__Synta-66-OPT-Singlet_vina_out_model21.sdf,AutoDock_Vina,True,True,True,True,True,True,True,True,True,True,True,True,True,True,True
/home/manndo/master_dev/posebusters_results/converted_pdbqt/Orai1WT-MDSnap-Fr300__Synta-66-OPT-Singlet_vina_out_model22.sdf,AutoDock_Vina,True,True,True,True,True,True,True,True,True,True,True,True,True,True,True
/home/manndo/master_dev/posebusters_results/converted_pdbqt/Orai1WT-MDSnap-Fr300__Synta-66-OPT-Singlet_vina_out_model23.sdf,AutoDock_Vina,True,True,True,True,True,True,True,True,True,True,True,True,True,True,True
/home/manndo/master_dev/posebusters_results/converted_pdbqt/Orai1WT-MDSnap-Fr300__Synta-66-OPT-Singlet_vina_out_model24.sdf,AutoDock_Vina,True,True,True,True,True,True,True,True,True,True,True,True,True,True,True
/home/manndo/master_dev/posebusters_results/converted_pdbqt/Orai1WT-MDSnap-Fr300__Synta-66-OPT-Singlet_vina_out_model25.sdf,AutoDock_Vina,True,True,True,True,True,True,True,True,True,True,True,True,True,True,True
/home/manndo/master_dev/posebusters_results/converted_pdbqt/Orai1WT-MDSnap-Fr300__Synta-66-OPT-Singlet_vina_out_model26.sdf,AutoDock_Vina,True,True,True,True,True,True,True,True,True,True,True,True,True,True,True
/home/manndo/master_dev/posebusters_results/converted_pdbqt/Orai1WT-MDSnap-Fr300__Synta-66-OPT-Singlet_vina_out_model27.sdf,AutoDock_Vina,True,True,True,True,True,True,True,True,True,True,True,True,True,True,True
/home/manndo/master_dev/posebusters_results/converted_pdbqt/Orai1WT-MDSnap-Fr300__Synta-66-OPT-Singlet_vina_out_model28.sdf,AutoDock_Vina,True,True,True,True,True,True,True,True,True,True,True,True,True,True,True
/home/manndo/master_dev/posebusters_results/converted_pdbqt/Orai1WT-MDSnap-Fr300__Synta-66-OPT-Singlet_vina_out_model29.sdf,AutoDock_Vina,True,True,True,True,True,True,True,True,True,True,True,True,True,True,True
/home/manndo/master_dev/posebusters_results/converted_pdbqt/Orai1WT-MDSnap-Fr300__Synta-66-OPT-Singlet_vina_out_model30.sdf,AutoDock_Vina,True,True,True,True,True,True,True,True,True,True,True,True,True,True,True
/home/manndo/master_dev/posebusters_results/converted_pdbqt/Orai1WT-START-Fr0__gsk7975a-prot-OPT_vina_out_model1.sdf,AutoDock_Vina,True,True,True,True,True,True,True,True,True,True,True,True,True,True,True
/home/manndo/master_dev/posebusters_results/converted_pdbqt/Orai1WT-START-Fr0__gsk7975a-prot-OPT_vina_out_model2.sdf,AutoDock_Vina,True,True,True,True,True,True,True,True,True,True,True,True,True,True,True
/home/manndo/master_dev/posebusters_results/converted_pdbqt/Orai1WT-START-Fr0__gsk7975a-prot-OPT_vina_out_model3.sdf,AutoDock_Vina,True,True,True,True,True,True,True,True,True,True,True,True,True,True,True
/home/manndo/master_dev/posebusters_results/converted_pdbqt/Orai1WT-START-Fr0__gsk7975a-prot-OPT_vina_out_model4.sdf,AutoDock_Vina,True,True,True,True,True,True,True,True,True,True,True,True,True,True,True
/home/manndo/master_dev/posebusters_results/converted_pdbqt/Orai1WT-START-Fr0__gsk7975a-prot-OPT_vina_out_model5.sdf,AutoDock_Vina,True,True,True,True,True,True,True,True,True,True,True,True,True,True,True
/home/manndo/master_dev/posebusters_results/converted_pdbqt/Orai1WT-START-Fr0__gsk7975a-prot-OPT_vina_out_model6.sdf,AutoDock_Vina,True,True,True,True,True,True,True,True,True,True,True,True,True,True,True
/home/manndo/master_dev/posebusters_results/converted_pdbqt/Orai1WT-START-Fr0__gsk7975a-prot-OPT_vina_out_model7.sdf,AutoDock_Vina,True,True,True,True,True,True,True,True,True,True,True,True,True,True,True
/home/manndo/master_dev/posebusters_results/converted_pdbqt/Orai1WT-START-Fr0__gsk7975a-prot-OPT_vina_out_model8.sdf,AutoDock_Vina,True,True,True,True,True,True,True,True,True,True,True,True,True,True,True
/home/manndo/master_dev/posebusters_results/converted_pdbqt/Orai1WT-START-Fr0__gsk7975a-prot-OPT_vina_out_model9.sdf,AutoDock_Vina,True,True,True,True,True,True,True,True,True,True,True,True,True,True,True
/home/manndo/master_dev/posebusters_results/converted_pdbqt/Orai1WT-START-Fr0__gsk7975a-prot-OPT_vina_out_model10.sdf,AutoDock_Vina,True,True,True,True,True,True,True,True,True,True,True,True,True,True,True
/home/manndo/master_dev/posebusters_results/converted_pdbqt/Orai1WT-START-Fr0__gsk7975a-prot-OPT_vina_out_model11.sdf,AutoDock_Vina,True,True,True,True,True,True,True,True,True,True,True,True,True,True,True
/home/manndo/master_dev/posebusters_results/converted_pdbqt/Orai1WT-START-Fr0__gsk7975a-prot-OPT_vina_out_model12.sdf,AutoDock_Vina,True,True,True,True,True,True,True,True,True,True,True,True,True,True,True
/home/manndo/master_dev/posebusters_results/converted_pdbqt/Orai1WT-START-Fr0__gsk7975a-prot-OPT_vina_out_model13.sdf,AutoDock_Vina,True,True,True,True,True,True,True,True,True,True,True,True,True,True,True
/home/manndo/master_dev/posebusters_results/converted_pdbqt/Orai1WT-START-Fr0__gsk7975a-prot-OPT_vina_out_model14.sdf,AutoDock_Vina,True,True,True,True,True,True,True,True,True,True,True,True,True,True,True
/home/manndo/master_dev/posebusters_results/converted_pdbqt/Orai1WT-START-Fr0__gsk7975a-prot-OPT_vina_out_model15.sdf,AutoDock_Vina,True,True,True,True,True,True,True,True,True,True,True,True,True,True,True
/home/manndo/master_dev/posebusters_results/converted_pdbqt/Orai1WT-START-Fr0__gsk7975a-prot-OPT_vina_out_model16.sdf,AutoDock_Vina,True,True,True,True,True,True,True,True,True,True,True,True,True,True,True
/home/manndo/master_dev/posebusters_results/converted_pdbqt/Orai1WT-START-Fr0__gsk7975a-prot-OPT_vina_out_model17.sdf,AutoDock_Vina,True,True,True,True,True,True,True,True,True,True,True,True,True,True,True
/home/manndo/master_dev/posebusters_results/converted_pdbqt/Orai1WT-START-Fr0__gsk7975a-prot-OPT_vina_out_model18.sdf,AutoDock_Vina,True,True,True,True,True,True,True,True,True,True,True,True,True,True,True
/home/manndo/master_dev/posebusters_results/converted_pdbqt/Orai1WT-START-Fr0__gsk7975a-prot-OPT_vina_out_model19.sdf,AutoDock_Vina,True,True,True,True,True,True,True,True,True,True,True,True,True,True,True
/home/manndo/master_dev/posebusters_results/converted_pdbqt/Orai1WT-START-Fr0__gsk7975a-prot-OPT_vina_out_model20.sdf,AutoDock_Vina,True,True,True,True,True,True,True,True,True,True,True,True,True,True,True
/home/manndo/master_dev/posebusters_results/converted_pdbqt/Orai1WT-START-Fr0__gsk7975a-prot-OPT_vina_out_model21.sdf,AutoDock_Vina,True,True,True,True,True,True,True,True,True,True,True,True,True,True,True
/home/manndo/master_dev/posebusters_results/converted_pdbqt/Orai1WT-START-Fr0__gsk7975a-prot-OPT_vina_out_model22.sdf,AutoDock_Vina,True,True,True,True,True,True,True,True,True,True,True,True,True,True,True
/home/manndo/master_dev/posebusters_results/converted_pdbqt/Orai1WT-START-Fr0__gsk7975a-prot-OPT_vina_out_model23.sdf,AutoDock_Vina,True,True,True,True,True,True,True,True,True,True,True,True,True,True,True
/home/manndo/master_dev/posebusters_results/converted_pdbqt/Orai1WT-START-Fr0__gsk7975a-prot-OPT_vina_out_model24.sdf,AutoDock_Vina,True,True,True,True,True,True,True,True,True,True,True,True,True,True,True
/home/manndo/master_dev/posebusters_results/converted_pdbqt/Orai1WT-START-Fr0__gsk7975a-prot-OPT_vina_out_model25.sdf,AutoDock_Vina,True,True,True,True,True,True,True,True,True,True,True,True,True,True,True
/home/manndo/master_dev/posebusters_results/converted_pdbqt/Orai1WT-START-Fr0__gsk7975a-prot-OPT_vina_out_model26.sdf,AutoDock_Vina,True,True,True,True,True,True,True,True,True,True,True,True,True,True,True
/home/manndo/master_dev/posebusters_results/converted_pdbqt/Orai1WT-START-Fr0__gsk7975a-prot-OPT_vina_out_model27.sdf,AutoDock_Vina,True,True,True,True,True,True,True,True,True,True,True,True,True,True,True
/home/manndo/master_dev/posebusters_results/converted_pdbqt/Orai1WT-START-Fr0__gsk7975a-prot-OPT_vina_out_model28.sdf,AutoDock_Vina,True,True,True,True,True,True,True,True,True,True,True,True,True,True,True
/home/manndo/master_dev/posebusters_results/converted_pdbqt/Orai1WT-START-Fr0__gsk7975a-prot-OPT_vina_out_model29.sdf,AutoDock_Vina,True,True,True,True,True,True,True,True,True,True,True,True,True,True,True
/home/manndo/master_dev/posebusters_results/converted_pdbqt/Orai1WT-START-Fr0__gsk7975a-prot-OPT_vina_out_model30.sdf,AutoDock_Vina,True,True,True,True,True,True,True,True,True,True,True,True,True,True,True
/home/manndo/master_dev/posebusters_results/converted_pdbqt/Orai1WT-MDSnap-Fr400__2abp-nh2-OPT_vina_out_model1.sdf,AutoDock_Vina,True,True,True,True,True,True,True,True,True,True,True,True,True,True,True
/home/manndo/master_dev/posebusters_results/converted_pdbqt/Orai1WT-MDSnap-Fr400__2abp-nh2-OPT_vina_out_model2.sdf,AutoDock_Vina,True,True,True,True,True,True,True,True,True,True,True,True,True,True,True
/home/manndo/master_dev/posebusters_results/converted_pdbqt/Orai1WT-MDSnap-Fr400__2abp-nh2-OPT_vina_out_model3.sdf,AutoDock_Vina,True,True,True,True,True,True,True,True,True,True,True,True,True,True,True
/home/manndo/master_dev/posebusters_results/converted_pdbqt/Orai1WT-MDSnap-Fr400__2abp-nh2-OPT_vina_out_model4.sdf,AutoDock_Vina,True,True,True,True,True,True,True,True,True,True,True,True,True,True,True
/home/manndo/master_dev/posebusters_results/converted_pdbqt/Orai1WT-MDSnap-Fr400__2abp-nh2-OPT_vina_out_model5.sdf,AutoDock_Vina,True,True,True,True,True,True,True,True,True,True,True,True,True,True,True
/home/manndo/master_dev/posebusters_results/converted_pdbqt/Orai1WT-MDSnap-Fr400__2abp-nh2-OPT_vina_out_model6.sdf,AutoDock_Vina,True,True,True,True,True,True,True,True,True,True,True,True,True,True,True
/home/manndo/master_dev/posebusters_results/converted_pdbqt/Orai1WT-MDSnap-Fr400__2abp-nh2-OPT_vina_out_model7.sdf,AutoDock_Vina,True,True,True,True,True,True,True,True,True,True,True,True,True,True,True
/home/manndo/master_dev/posebusters_results/converted_pdbqt/Orai1WT-MDSnap-Fr400__2abp-nh2-OPT_vina_out_model8.sdf,AutoDock_Vina,True,True,True,True,True,True,True,True,True,True,True,True,True,True,True
/home/manndo/master_dev/posebusters_results/converted_pdbqt/Orai1WT-MDSnap-Fr400__2abp-nh2-OPT_vina_out_model9.sdf,AutoDock_Vina,True,True,True,True,True,True,True,True,True,True,True,True,True,True,True
/home/manndo/master_dev/posebusters_results/converted_pdbqt/Orai1WT-MDSnap-Fr400__2abp-nh2-OPT_vina_out_model10.sdf,AutoDock_Vina,True,True,True,True,True,True,True,True,True,True,True,True,True,True,True
/home/manndo/master_dev/posebusters_results/converted_pdbqt/Orai1WT-MDSnap-Fr400__2abp-nh2-OPT_vina_out_model11.sdf,AutoDock_Vina,True,True,True,True,True,True,True,True,True,True,True,True,True,True,True
/home/manndo/master_dev/posebusters_results/converted_pdbqt/Orai1WT-MDSnap-Fr400__2abp-nh2-OPT_vina_out_model12.sdf,AutoDock_Vina,True,True,True,True,True,True,True,True,True,True,True,True,True,True,True
/home/manndo/master_dev/posebusters_results/converted_pdbqt/Orai1WT-MDSnap-Fr400__2abp-nh2-OPT_vina_out_model13.sdf,AutoDock_Vina,True,True,True,True,True,True,True,True,True,True,True,True,True,True,True
/home/manndo/master_dev/posebusters_results/converted_pdbqt/Orai1WT-MDSnap-Fr400__2abp-nh2-OPT_vina_out_model14.sdf,AutoDock_Vina,True,True,True,True,True,True,True,True,True,True,True,True,True,True,True
/home/manndo/master_dev/posebusters_results/converted_pdbqt/Orai1WT-MDSnap-Fr400__2abp-nh2-OPT_vina_out_model15.sdf,AutoDock_Vina,True,True,True,True,True,True,True,True,True,True,True,True,True,True,True
/home/manndo/master_dev/posebusters_results/converted_pdbqt/Orai1WT-MDSnap-Fr400__2abp-nh2-OPT_vina_out_model16.sdf,AutoDock_Vina,True,True,True,True,True,True,True,True,True,True,True,True,True,True,True
/home/manndo/master_dev/posebusters_results/converted_pdbqt/Orai1WT-MDSnap-Fr400__2abp-nh2-OPT_vina_out_model17.sdf,AutoDock_Vina,True,True,True,True,True,True,True,True,True,True,True,True,True,True,True
/home/manndo/master_dev/posebusters_results/converted_pdbqt/Orai1WT-MDSnap-Fr400__2abp-nh2-OPT_vina_out_model18.sdf,AutoDock_Vina,True,True,True,True,True,True,True,True,True,True,True,True,True,True,True
/home/manndo/master_dev/posebusters_results/converted_pdbqt/Orai1WT-MDSnap-Fr400__2abp-nh2-OPT_vina_out_model19.sdf,AutoDock_Vina,True,True,True,True,True,True,True,True,True,True,True,True,True,True,True
/home/manndo/master_dev/posebusters_results/converted_pdbqt/Orai1WT-MDSnap-Fr400__2abp-nh2-OPT_vina_out_model20.sdf,AutoDock_Vina,True,True,True,True,True,True,True,True,True,True,True,True,True,True,True
/home/manndo/master_dev/posebusters_results/converted_pdbqt/Orai1WT-MDSnap-Fr400__2abp-nh2-OPT_vina_out_model21.sdf,AutoDock_Vina,True,True,True,True,True,True,True,True,True,True,True,True,True,True,True
/home/manndo/master_dev/posebusters_results/converted_pdbqt/Orai1WT-MDSnap-Fr400__2abp-nh2-OPT_vina_out_model22.sdf,AutoDock_Vina,True,True,True,True,True,True,True,True,True,True,True,True,True,True,True
/home/manndo/master_dev/posebusters_results/converted_pdbqt/Orai1WT-MDSnap-Fr400__2abp-nh2-OPT_vina_out_model23.sdf,AutoDock_Vina,True,True,True,True,True,True,True,True,True,True,True,True,True,True,True
/home/manndo/master_dev/posebusters_results/converted_pdbqt/Orai1WT-MDSnap-Fr400__2abp-nh2-OPT_vina_out_model24.sdf,AutoDock_Vina,True,True,True,True,True,True,True,True,True,True,True,True,True,True,True
/home/manndo/master_dev/posebusters_results/converted_pdbqt/Orai1WT-MDSnap-Fr400__2abp-nh2-OPT_vina_out_model25.sdf,AutoDock_Vina,True,True,True,True,True,True,True,True,True,True,True,True,True,True,True
/home/manndo/master_dev/posebusters_results/converted_pdbqt/Orai1WT-MDSnap-Fr400__2abp-nh2-OPT_vina_out_model26.sdf,AutoDock_Vina,True,True,True,True,True,True,True,True,True,True,True,True,True,True,True
/home/manndo/master_dev/posebusters_results/converted_pdbqt/Orai1WT-MDSnap-Fr400__2abp-nh2-OPT_vina_out_model27.sdf,AutoDock_Vina,True,True,True,True,True,True,True,True,True,True,True,True,True,True,True
/home/manndo/master_dev/posebusters_results/converted_pdbqt/Orai1WT-MDSnap-Fr400__2abp-nh2-OPT_vina_out_model28.sdf,AutoDock_Vina,True,True,True,True,True,True,True,True,True,True,True,True,True,True,True
/home/manndo/master_dev/posebusters_results/converted_pdbqt/Orai1WT-MDSnap-Fr400__2abp-nh2-OPT_vina_out_model29.sdf,AutoDock_Vina,True,True,True,True,True,True,True,True,True,True,True,True,True,True,True
/home/manndo/master_dev/posebusters_results/converted_pdbqt/Orai1WT-MDSnap-Fr400__2abp-nh2-OPT_vina_out_model30.sdf,AutoDock_Vina,True,True,True,True,True,True,True,True,True,True,True,True,True,True,True
/home/manndo/master_dev/posebusters_results/converted_pdbqt/Orai1WT-MDSnap-Fr499__2abp-nh2-OPT_vina_out_model1.sdf,AutoDock_Vina,True,True,True,True,True,True,True,True,True,True,True,True,True,True,True
/home/manndo/master_dev/posebusters_results/converted_pdbqt/Orai1WT-MDSnap-Fr499__2abp-nh2-OPT_vina_out_model2.sdf,AutoDock_Vina,True,True,True,True,True,True,True,True,True,True,True,True,True,True,True
/home/manndo/master_dev/posebusters_results/converted_pdbqt/Orai1WT-MDSnap-Fr499__2abp-nh2-OPT_vina_out_model3.sdf,AutoDock_Vina,True,True,True,True,True,True,True,True,True,True,True,True,True,True,True
/home/manndo/master_dev/posebusters_results/converted_pdbqt/Orai1WT-MDSnap-Fr499__2abp-nh2-OPT_vina_out_model4.sdf,AutoDock_Vina,True,True,True,True,True,True,True,True,True,True,True,True,True,True,True
/home/manndo/master_dev/posebusters_results/converted_pdbqt/Orai1WT-MDSnap-Fr499__2abp-nh2-OPT_vina_out_model5.sdf,AutoDock_Vina,True,True,True,True,True,True,True,True,True,True,True,True,True,True,True
/home/manndo/master_dev/posebusters_results/converted_pdbqt/Orai1WT-MDSnap-Fr499__2abp-nh2-OPT_vina_out_model6.sdf,AutoDock_Vina,True,True,True,True,True,True,True,True,True,True,True,True,True,True,True
/home/manndo/master_dev/posebusters_results/converted_pdbqt/Orai1WT-MDSnap-Fr499__2abp-nh2-OPT_vina_out_model7.sdf,AutoDock_Vina,True,True,True,True,True,True,True,True,True,True,True,True,True,True,True
/home/manndo/master_dev/posebusters_results/converted_pdbqt/Orai1WT-MDSnap-Fr499__2abp-nh2-OPT_vina_out_model8.sdf,AutoDock_Vina,True,True,True,True,True,True,True,True,True,True,True,True,True,True,True
/home/manndo/master_dev/posebusters_results/converted_pdbqt/Orai1WT-MDSnap-Fr499__2abp-nh2-OPT_vina_out_model9.sdf,AutoDock_Vina,True,True,True,True,True,True,True,True,True,True,True,True,True,True,True
/home/manndo/master_dev/posebusters_results/converted_pdbqt/Orai1WT-MDSnap-Fr499__2abp-nh2-OPT_vina_out_model10.sdf,AutoDock_Vina,True,True,True,True,True,True,True,True,True,True,True,True,True,True,True
/home/manndo/master_dev/posebusters_results/converted_pdbqt/Orai1WT-MDSnap-Fr499__2abp-nh2-OPT_vina_out_model11.sdf,AutoDock_Vina,True,True,True,True,True,True,True,True,True,True,True,True,True,True,True
/home/manndo/master_dev/posebusters_results/converted_pdbqt/Orai1WT-MDSnap-Fr499__2abp-nh2-OPT_vina_out_model12.sdf,AutoDock_Vina,True,True,True,True,True,True,True,True,True,True,True,True,True,True,True
/home/manndo/master_dev/posebusters_results/converted_pdbqt/Orai1WT-MDSnap-Fr499__2abp-nh2-OPT_vina_out_model13.sdf,AutoDock_Vina,True,True,True,True,True,True,True,True,True,True,True,True,True,True,True
/home/manndo/master_dev/posebusters_results/converted_pdbqt/Orai1WT-MDSnap-Fr499__2abp-nh2-OPT_vina_out_model14.sdf,AutoDock_Vina,True,True,True,True,True,True,True,True,True,True,True,True,True,True,True
/home/manndo/master_dev/posebusters_results/converted_pdbqt/Orai1WT-MDSnap-Fr499__2abp-nh2-OPT_vina_out_model15.sdf,AutoDock_Vina,True,True,True,True,True,True,True,True,True,True,True,True,True,True,True
/home/manndo/master_dev/posebusters_results/converted_pdbqt/Orai1WT-MDSnap-Fr499__2abp-nh2-OPT_vina_out_model16.sdf,AutoDock_Vina,True,True,True,True,True,True,True,True,True,True,True,True,True,True,True
/home/manndo/master_dev/posebusters_results/converted_pdbqt/Orai1WT-MDSnap-Fr499__2abp-nh2-OPT_vina_out_model17.sdf,AutoDock_Vina,True,True,True,True,True,True,True,True,True,True,True,True,True,True,True
/home/manndo/master_dev/posebusters_results/converted_pdbqt/Orai1WT-MDSnap-Fr499__2abp-nh2-OPT_vina_out_model18.sdf,AutoDock_Vina,True,True,True,True,True,True,True,True,True,True,True,True,True,True,True
/home/manndo/master_dev/posebusters_results/converted_pdbqt/Orai1WT-MDSnap-Fr499__2abp-nh2-OPT_vina_out_model19.sdf,AutoDock_Vina,True,True,True,True,True,True,True,True,True,True,True,True,True,True,True
/home/manndo/master_dev/posebusters_results/converted_pdbqt/Orai1WT-MDSnap-Fr499__2abp-nh2-OPT_vina_out_model20.sdf,AutoDock_Vina,True,True,True,True,True,True,True,True,True,True,True,True,True,True,True
/home/manndo/master_dev/posebusters_results/converted_pdbqt/Orai1WT-MDSnap-Fr499__2abp-nh2-OPT_vina_out_model21.sdf,AutoDock_Vina,True,True,True,True,True,True,True,True,True,True,True,True,True,True,True
/home/manndo/master_dev/posebusters_results/converted_pdbqt/Orai1WT-MDSnap-Fr499__2abp-nh2-OPT_vina_out_model22.sdf,AutoDock_Vina,True,True,True,True,True,True,True,True,True,True,True,True,True,True,True
/home/manndo/master_dev/posebusters_results/converted_pdbqt/Orai1WT-MDSnap-Fr499__2abp-nh2-OPT_vina_out_model23.sdf,AutoDock_Vina,True,True,True,True,True,True,True,True,True,True,True,True,True,True,True
/home/manndo/master_dev/posebusters_results/converted_pdbqt/Orai1WT-MDSnap-Fr499__2abp-nh2-OPT_vina_out_model24.sdf,AutoDock_Vina,True,True,True,True,True,True,True,True,True,True,True,True,True,True,True
/home/manndo/master_dev/posebusters_results/converted_pdbqt/Orai1WT-MDSnap-Fr499__2abp-nh2-OPT_vina_out_model25.sdf,AutoDock_Vina,True,True,True,True,True,True,True,True,True,True,True,True,True,True,True
/home/manndo/master_dev/posebusters_results/converted_pdbqt/Orai1WT-MDSnap-Fr499__2abp-nh2-OPT_vina_out_model26.sdf,AutoDock_Vina,True,True,True,True,True,True,True,True,True,True,True,True,True,True,True
/home/manndo/master_dev/posebusters_results/converted_pdbqt/Orai1WT-MDSnap-Fr499__2abp-nh2-OPT_vina_out_model27.sdf,AutoDock_Vina,True,True,True,True,True,True,True,True,True,True,True,True,True,True,True
/home/manndo/master_dev/posebusters_results/converted_pdbqt/Orai1WT-MDSnap-Fr499__2abp-nh2-OPT_vina_out_model28.sdf,AutoDock_Vina,True,True,True,True,True,True,True,True,True,True,True,True,True,True,True
/home/manndo/master_dev/posebusters_results/converted_pdbqt/Orai1WT-MDSnap-Fr499__2abp-nh2-OPT_vina_out_model29.sdf,AutoDock_Vina,True,True,True,True,True,True,True,True,True,True,True,True,True,True,True
/home/manndo/master_dev/posebusters_results/converted_pdbqt/Orai1WT-MDSnap-Fr499__2abp-nh2-OPT_vina_out_model30.sdf,AutoDock_Vina,True,True,True,True,True,True,True,True,True,True,True,True,True,True,True
/home/manndo/master_dev/posebusters_results/converted_pdbqt/Orai1WT-START-Fr0__2abp-nh2-OPT_vina_out_model1.sdf,AutoDock_Vina,True,True,True,True,True,True,True,True,True,True,True,True,True,True,True
/home/manndo/master_dev/posebusters_results/converted_pdbqt/Orai1WT-START-Fr0__2abp-nh2-OPT_vina_out_model2.sdf,AutoDock_Vina,True,True,True,True,True,True,True,True,True,True,True,True,True,True,True
/home/manndo/master_dev/posebusters_results/converted_pdbqt/Orai1WT-START-Fr0__2abp-nh2-OPT_vina_out_model3.sdf,AutoDock_Vina,True,True,True,True,True,True,True,True,True,True,True,True,True,True,True
/home/manndo/master_dev/posebusters_results/converted_pdbqt/Orai1WT-START-Fr0__2abp-nh2-OPT_vina_out_model4.sdf,AutoDock_Vina,True,True,True,True,True,True,True,True,True,True,True,True,True,True,True
/home/manndo/master_dev/posebusters_results/converted_pdbqt/Orai1WT-START-Fr0__2abp-nh2-OPT_vina_out_model5.sdf,AutoDock_Vina,True,True,True,True,True,True,True,True,True,True,True,True,True,True,True
/home/manndo/master_dev/posebusters_results/converted_pdbqt/Orai1WT-START-Fr0__2abp-nh2-OPT_vina_out_model6.sdf,AutoDock_Vina,True,True,True,True,True,True,True,True,True,True,True,True,True,True,True
/home/manndo/master_dev/posebusters_results/converted_pdbqt/Orai1WT-START-Fr0__2abp-nh2-OPT_vina_out_model7.sdf,AutoDock_Vina,True,True,True,True,True,True,True,True,True,True,True,True,True,True,True
/home/manndo/master_dev/posebusters_results/converted_pdbqt/Orai1WT-START-Fr0__2abp-nh2-OPT_vina_out_model8.sdf,AutoDock_Vina,True,True,True,True,True,True,True,True,True,True,True,True,True,True,True
/home/manndo/master_dev/posebusters_results/converted_pdbqt/Orai1WT-START-Fr0__2abp-nh2-OPT_vina_out_model9.sdf,AutoDock_Vina,True,True,True,True,True,True,True,True,True,True,True,True,True,True,True
/home/manndo/master_dev/posebusters_results/converted_pdbqt/Orai1WT-START-Fr0__2abp-nh2-OPT_vina_out_model10.sdf,AutoDock_Vina,True,True,True,True,True,True,True,True,True,True,True,True,True,True,True
/home/manndo/master_dev/posebusters_results/converted_pdbqt/Orai1WT-START-Fr0__2abp-nh2-OPT_vina_out_model11.sdf,AutoDock_Vina,True,True,True,True,True,True,True,True,True,True,True,True,True,True,True
/home/manndo/master_dev/posebusters_results/converted_pdbqt/Orai1WT-START-Fr0__2abp-nh2-OPT_vina_out_model12.sdf,AutoDock_Vina,True,True,True,True,True,True,True,True,True,True,True,True,True,True,True
/home/manndo/master_dev/posebusters_results/converted_pdbqt/Orai1WT-START-Fr0__2abp-nh2-OPT_vina_out_model13.sdf,AutoDock_Vina,True,True,True,True,True,True,True,True,True,True,True,True,True,True,True
/home/manndo/master_dev/posebusters_results/converted_pdbqt/Orai1WT-START-Fr0__2abp-nh2-OPT_vina_out_model14.sdf,AutoDock_Vina,True,True,True,True,True,True,True,True,True,True,True,True,True,True,True
/home/manndo/master_dev/posebusters_results/converted_pdbqt/Orai1WT-START-Fr0__2abp-nh2-OPT_vina_out_model15.sdf,AutoDock_Vina,True,True,True,True,True,True,True,True,True,True,True,True,True,True,True
/home/manndo/master_dev/posebusters_results/converted_pdbqt/Orai1WT-START-Fr0__2abp-nh2-OPT_vina_out_model16.sdf,AutoDock_Vina,True,True,True,True,True,True,True,True,True,True,True,True,True,True,True
/home/manndo/master_dev/posebusters_results/converted_pdbqt/Orai1WT-START-Fr0__2abp-nh2-OPT_vina_out_model17.sdf,AutoDock_Vina,True,True,True,True,True,True,True,True,True,True,True,True,True,True,True
/home/manndo/master_dev/posebusters_results/converted_pdbqt/Orai1WT-START-Fr0__2abp-nh2-OPT_vina_out_model18.sdf,AutoDock_Vina,True,True,True,True,True,True,True,True,True,True,True,True,True,True,True
/home/manndo/master_dev/posebusters_results/converted_pdbqt/Orai1WT-START-Fr0__2abp-nh2-OPT_vina_out_model19.sdf,AutoDock_Vina,True,True,True,True,True,True,True,True,True,True,True,True,True,True,True
/home/manndo/master_dev/posebusters_results/converted_pdbqt/Orai1WT-START-Fr0__2abp-nh2-OPT_vina_out_model20.sdf,AutoDock_Vina,True,True,True,True,True,True,True,True,True,True,True,True,True,True,True
/home/manndo/master_dev/posebusters_results/converted_pdbqt/Orai1WT-START-Fr0__2abp-nh2-OPT_vina_out_model21.sdf,AutoDock_Vina,True,True,True,True,True,True,True,True,True,True,True,True,True,True,True
/home/manndo/master_dev/posebusters_results/converted_pdbqt/Orai1WT-START-Fr0__2abp-nh2-OPT_vina_out_model22.sdf,AutoDock_Vina,True,True,True,True,True,True,True,True,True,True,True,True,True,True,True
/home/manndo/master_dev/posebusters_results/converted_pdbqt/Orai1WT-START-Fr0__2abp-nh2-OPT_vina_out_model23.sdf,AutoDock_Vina,True,True,True,True,True,True,True,True,True,True,True,True,True,True,True
/home/manndo/master_dev/posebusters_results/converted_pdbqt/Orai1WT-START-Fr0__2abp-nh2-OPT_vina_out_model24.sdf,AutoDock_Vina,True,True,True,True,True,True,True,True,True,True,True,True,True,True,True
/home/manndo/master_dev/posebusters_results/converted_pdbqt/Orai1WT-START-Fr0__2abp-nh2-OPT_vina_out_model25.sdf,AutoDock_Vina,True,True,True,True,True,True,True,True,True,True,True,True,True,True,True
/home/manndo/master_dev/posebusters_results/converted_pdbqt/Orai1WT-START-Fr0__2abp-nh2-OPT_vina_out_model26.sdf,AutoDock_Vina,True,True,True,True,True,True,True,True,True,True,True,True,True,True,True
/home/manndo/master_dev/posebusters_results/converted_pdbqt/Orai1WT-START-Fr0__2abp-nh2-OPT_vina_out_model27.sdf,AutoDock_Vina,True,True,True,True,True,True,True,True,True,True,True,True,True,True,True
/home/manndo/master_dev/posebusters_results/converted_pdbqt/Orai1WT-START-Fr0__2abp-nh2-OPT_vina_out_model28.sdf,AutoDock_Vina,True,True,True,True,True,True,True,True,True,True,True,True,True,True,True
/home/manndo/master_dev/posebusters_results/converted_pdbqt/Orai1WT-START-Fr0__2abp-nh2-OPT_vina_out_model29.sdf,AutoDock_Vina,True,True,True,True,True,True,True,True,True,True,True,True,True,True,True
/home/manndo/master_dev/posebusters_results/converted_pdbqt/Orai1WT-START-Fr0__2abp-nh2-OPT_vina_out_model30.sdf,AutoDock_Vina,True,True,True,True,True,True,True,True,True,True,True,True,True,True,True
/home/manndo/master_dev/posebusters_results/converted_pdbqt/Orai1WT-MDSnap-Fr300__gsk7975a-prot-OPT_vina_out_model1.sdf,AutoDock_Vina,True,True,True,True,True,True,True,True,True,True,True,True,True,True,True
/home/manndo/master_dev/posebusters_results/converted_pdbqt/Orai1WT-MDSnap-Fr300__gsk7975a-prot-OPT_vina_out_model2.sdf,AutoDock_Vina,True,True,True,True,True,True,True,True,True,True,True,True,True,True,True
/home/manndo/master_dev/posebusters_results/converted_pdbqt/Orai1WT-MDSnap-Fr300__gsk7975a-prot-OPT_vina_out_model3.sdf,AutoDock_Vina,True,True,True,True,True,True,True,True,True,True,True,True,True,True,True
/home/manndo/master_dev/posebusters_results/converted_pdbqt/Orai1WT-MDSnap-Fr300__gsk7975a-prot-OPT_vina_out_model4.sdf,AutoDock_Vina,True,True,True,True,True,True,True,True,True,True,True,True,True,True,True
/home/manndo/master_dev/posebusters_results/converted_pdbqt/Orai1WT-MDSnap-Fr300__gsk7975a-prot-OPT_vina_out_model5.sdf,AutoDock_Vina,True,True,True,True,True,True,True,True,True,True,True,True,True,True,True
/home/manndo/master_dev/posebusters_results/converted_pdbqt/Orai1WT-MDSnap-Fr300__gsk7975a-prot-OPT_vina_out_model6.sdf,AutoDock_Vina,True,True,True,True,True,True,True,True,True,True,True,True,True,True,True
/home/manndo/master_dev/posebusters_results/converted_pdbqt/Orai1WT-MDSnap-Fr300__gsk7975a-prot-OPT_vina_out_model7.sdf,AutoDock_Vina,True,True,True,True,True,True,True,True,True,True,True,True,True,True,True
/home/manndo/master_dev/posebusters_results/converted_pdbqt/Orai1WT-MDSnap-Fr300__gsk7975a-prot-OPT_vina_out_model8.sdf,AutoDock_Vina,True,True,True,True,True,True,True,True,True,True,True,True,True,True,True
/home/manndo/master_dev/posebusters_results/converted_pdbqt/Orai1WT-MDSnap-Fr300__gsk7975a-prot-OPT_vina_out_model9.sdf,AutoDock_Vina,True,True,True,True,True,True,True,True,True,True,True,True,True,True,True
/home/manndo/master_dev/posebusters_results/converted_pdbqt/Orai1WT-MDSnap-Fr300__gsk7975a-prot-OPT_vina_out_model10.sdf,AutoDock_Vina,True,True,True,True,True,True,True,True,True,True,True,True,True,True,True
/home/manndo/master_dev/posebusters_results/converted_pdbqt/Orai1WT-MDSnap-Fr300__gsk7975a-prot-OPT_vina_out_model11.sdf,AutoDock_Vina,True,True,True,True,True,True,True,True,True,True,True,True,True,True,True
/home/manndo/master_dev/posebusters_results/converted_pdbqt/Orai1WT-MDSnap-Fr300__gsk7975a-prot-OPT_vina_out_model12.sdf,AutoDock_Vina,True,True,True,True,True,True,True,True,True,True,True,True,True,True,True
/home/manndo/master_dev/posebusters_results/converted_pdbqt/Orai1WT-MDSnap-Fr300__gsk7975a-prot-OPT_vina_out_model13.sdf,AutoDock_Vina,True,True,True,True,True,True,True,True,True,True,True,True,True,True,True
/home/manndo/master_dev/posebusters_results/converted_pdbqt/Orai1WT-MDSnap-Fr300__gsk7975a-prot-OPT_vina_out_model14.sdf,AutoDock_Vina,True,True,True,True,True,True,True,True,True,True,True,True,True,True,True
/home/manndo/master_dev/posebusters_results/converted_pdbqt/Orai1WT-MDSnap-Fr300__gsk7975a-prot-OPT_vina_out_model15.sdf,AutoDock_Vina,True,True,True,True,True,True,True,True,True,True,True,True,True,True,True
/home/manndo/master_dev/posebusters_results/converted_pdbqt/Orai1WT-MDSnap-Fr300__gsk7975a-prot-OPT_vina_out_model16.sdf,AutoDock_Vina,True,True,True,True,True,True,True,True,True,True,True,True,True,True,True
/home/manndo/master_dev/posebusters_results/converted_pdbqt/Orai1WT-MDSnap-Fr300__gsk7975a-prot-OPT_vina_out_model17.sdf,AutoDock_Vina,True,True,True,True,True,True,True,True,True,True,True,True,True,True,True
/home/manndo/master_dev/posebusters_results/converted_pdbqt/Orai1WT-MDSnap-Fr300__gsk7975a-prot-OPT_vina_out_model18.sdf,AutoDock_Vina,True,True,True,True,True,True,True,True,True,True,True,True,True,True,True
/home/manndo/master_dev/posebusters_results/converted_pdbqt/Orai1WT-MDSnap-Fr300__gsk7975a-prot-OPT_vina_out_model19.sdf,AutoDock_Vina,True,True,True,True,True,True,True,True,True,True,True,True,True,True,True
/home/manndo/master_dev/posebusters_results/converted_pdbqt/Orai1WT-MDSnap-Fr300__gsk7975a-prot-OPT_vina_out_model20.sdf,AutoDock_Vina,True,True,True,True,True,True,True,True,True,True,True,True,True,True,True
/home/manndo/master_dev/posebusters_results/converted_pdbqt/Orai1WT-MDSnap-Fr300__gsk7975a-prot-OPT_vina_out_model21.sdf,AutoDock_Vina,True,True,True,True,True,True,True,True,True,True,True,True,True,True,True
/home/manndo/master_dev/posebusters_results/converted_pdbqt/Orai1WT-MDSnap-Fr300__gsk7975a-prot-OPT_vina_out_model22.sdf,AutoDock_Vina,True,True,True,True,True,True,True,True,True,True,True,True,True,True,True
/home/manndo/master_dev/posebusters_results/converted_pdbqt/Orai1WT-MDSnap-Fr300__gsk7975a-prot-OPT_vina_out_model23.sdf,AutoDock_Vina,True,True,True,True,True,True,True,True,True,True,True,True,True,True,True
/home/manndo/master_dev/posebusters_results/converted_pdbqt/Orai1WT-MDSnap-Fr300__gsk7975a-prot-OPT_vina_out_model24.sdf,AutoDock_Vina,True,True,True,True,True,True,True,True,True,True,True,True,True,True,True
/home/manndo/master_dev/posebusters_results/converted_pdbqt/Orai1WT-MDSnap-Fr300__gsk7975a-prot-OPT_vina_out_model25.sdf,AutoDock_Vina,True,True,True,True,True,True,True,True,True,True,True,True,True,True,True
/home/manndo/master_dev/posebusters_results/converted_pdbqt/Orai1WT-MDSnap-Fr300__gsk7975a-prot-OPT_vina_out_model26.sdf,AutoDock_Vina,True,True,True,True,True,True,True,True,True,True,True,True,True,True,True
/home/manndo/master_dev/posebusters_results/converted_pdbqt/Orai1WT-MDSnap-Fr300__gsk7975a-prot-OPT_vina_out_model27.sdf,AutoDock_Vina,True,True,True,True,True,True,True,True,True,True,True,True,True,True,True
/home/manndo/master_dev/posebusters_results/converted_pdbqt/Orai1WT-MDSnap-Fr300__gsk7975a-prot-OPT_vina_out_model28.sdf,AutoDock_Vina,True,True,True,True,True,True,True,True,True,True,True,True,True,True,True
/home/manndo/master_dev/posebusters_results/converted_pdbqt/Orai1WT-MDSnap-Fr300__gsk7975a-prot-OPT_vina_out_model29.sdf,AutoDock_Vina,True,True,True,True,True,True,True,True,True,True,True,True,True,True,True
/home/manndo/master_dev/posebusters_results/converted_pdbqt/Orai1WT-MDSnap-Fr300__gsk7975a-prot-OPT_vina_out_model30.sdf,AutoDock_Vina,True,True,True,True,True,True,True,True,True,True,True,True,True,True,True
/home/manndo/master_dev/diffdock_results/Synta-66-OPT-Singlet__Orai1WT-START-Fr0/complex_0/rank1.sdf,DiffDock,True,True,True,True,True,True,True,True,True,True,True,True,True,True,True
/home/manndo/master_dev/diffdock_results/Synta-66-OPT-Singlet__Orai1WT-START-Fr0/complex_0/rank10_confidence-2.39.sdf,DiffDock,True,True,True,True,True,True,True,True,True,True,True,True,True,True,True
/home/manndo/master_dev/diffdock_results/Synta-66-OPT-Singlet__Orai1WT-START-Fr0/complex_0/rank10_confidence-5.54.sdf,DiffDock,True,True,True,True,True,True,True,True,True,True,True,True,True,True,True
/home/manndo/master_dev/diffdock_results/Synta-66-OPT-Singlet__Orai1WT-START-Fr0/complex_0/rank11_confidence-2.59.sdf,DiffDock,True,True,True,True,True,True,True,True,True,True,True,True,True,True,True
/home/manndo/master_dev/diffdock_results/Synta-66-OPT-Singlet__Orai1WT-START-Fr0/complex_0/rank12_confidence-2.82.sdf,DiffDock,True,True,True,True,True,True,True,True,True,True,True,True,True,True,True
/home/manndo/master_dev/diffdock_results/Synta-66-OPT-Singlet__Orai1WT-START-Fr0/complex_0/rank13_confidence-2.83.sdf,DiffDock,True,True,True,True,True,True,True,True,True,True,True,True,True,True,True
/home/manndo/master_dev/diffdock_results/Synta-66-OPT-Singlet__Orai1WT-START-Fr0/complex_0/rank14_confidence-2.91.sdf,DiffDock,True,True,True,True,True,True,True,True,True,True,True,True,True,True,True
/home/manndo/master_dev/diffdock_results/Synta-66-OPT-Singlet__Orai1WT-START-Fr0/complex_0/rank15_confidence-2.97.sdf,DiffDock,True,True,True,True,True,True,True,True,True,True,True,True,True,True,True
/home/manndo/master_dev/diffdock_results/Synta-66-OPT-Singlet__Orai1WT-START-Fr0/complex_0/rank16_confidence-3.18.sdf,DiffDock,True,True,True,True,True,True,True,True,True,True,True,True,True,True,True
/home/manndo/master_dev/diffdock_results/Synta-66-OPT-Singlet__Orai1WT-START-Fr0/complex_0/rank17_confidence-3.19.sdf,DiffDock,True,True,True,True,True,True,True,True,True,True,True,True,True,True,True
/home/manndo/master_dev/diffdock_results/Synta-66-OPT-Singlet__Orai1WT-START-Fr0/complex_0/rank18_confidence-3.25.sdf,DiffDock,True,True,True,True,True,True,True,True,True,True,True,True,True,True,True
/home/manndo/master_dev/diffdock_results/Synta-66-OPT-Singlet__Orai1WT-START-Fr0/complex_0/rank19_confidence-3.65.sdf,DiffDock,True,True,True,True,True,True,True,True,True,True,True,True,True,True,True
/home/manndo/master_dev/diffdock_results/Synta-66-OPT-Singlet__Orai1WT-START-Fr0/complex_0/rank1_confidence-1.23.sdf,DiffDock,True,True,True,True,True,True,True,True,True,True,True,True,True,True,True
/home/manndo/master_dev/diffdock_results/Synta-66-OPT-Singlet__Orai1WT-START-Fr0/complex_0/rank1_confidence-2.05.sdf,DiffDock,True,True,True,True,True,True,True,True,True,True,True,True,True,True,True
/home/manndo/master_dev/diffdock_results/Synta-66-OPT-Singlet__Orai1WT-START-Fr0/complex_0/rank20_confidence-3.66.sdf,DiffDock,True,True,True,True,True,True,True,True,True,True,True,True,True,True,True
/home/manndo/master_dev/diffdock_results/Synta-66-OPT-Singlet__Orai1WT-START-Fr0/complex_0/rank21_confidence-3.73.sdf,DiffDock,True,True,True,True,True,True,True,True,True,True,True,True,True,True,True
/home/manndo/master_dev/diffdock_results/Synta-66-OPT-Singlet__Orai1WT-START-Fr0/complex_0/rank22_confidence-3.75.sdf,DiffDock,True,True,True,True,True,True,True,True,True,True,True,True,True,True,True
/home/manndo/master_dev/diffdock_results/Synta-66-OPT-Singlet__Orai1WT-START-Fr0/complex_0/rank23_confidence-3.90.sdf,DiffDock,True,True,True,True,True,True,True,True,True,True,True,True,True,True,True
/home/manndo/master_dev/diffdock_results/Synta-66-OPT-Singlet__Orai1WT-START-Fr0/complex_0/rank24_confidence-4.19.sdf,DiffDock,True,True,True,True,True,True,True,True,True,True,True,True,True,True,True
/home/manndo/master_dev/diffdock_results/Synta-66-OPT-Singlet__Orai1WT-START-Fr0/complex_0/rank25_confidence-4.24.sdf,DiffDock,True,True,True,True,True,True,True,True,True,True,True,True,True,True,True
/home/manndo/master_dev/diffdock_results/Synta-66-OPT-Singlet__Orai1WT-START-Fr0/complex_0/rank26_confidence-4.29.sdf,DiffDock,True,True,True,True,True,True,True,True,True,True,True,True,True,True,True
/home/manndo/master_dev/diffdock_results/Synta-66-OPT-Singlet__Orai1WT-START-Fr0/complex_0/rank27_confidence-4.80.sdf,DiffDock,True,True,True,True,True,True,True,True,True,True,True,True,True,True,True
/home/manndo/master_dev/diffdock_results/Synta-66-OPT-Singlet__Orai1WT-START-Fr0/complex_0/rank28_confidence-4.85.sdf,DiffDock,True,True,True,True,True,True,True,True,True,True,True,True,True,True,True
/home/manndo/master_dev/diffdock_results/Synta-66-OPT-Singlet__Orai1WT-START-Fr0/complex_0/rank29_confidence-5.23.sdf,DiffDock,True,True,True,True,True,True,True,True,True,True,True,True,True,True,True
/home/manndo/master_dev/diffdock_results/Synta-66-OPT-Singlet__Orai1WT-START-Fr0/complex_0/rank2_confidence-1.41.sdf,DiffDock,True,True,True,True,True,True,True,True,True,True,True,True,True,True,True
/home/manndo/master_dev/diffdock_results/Synta-66-OPT-Singlet__Orai1WT-START-Fr0/complex_0/rank2_confidence-2.14.sdf,DiffDock,True,True,True,True,True,True,True,True,True,True,True,True,True,True,True
/home/manndo/master_dev/diffdock_results/Synta-66-OPT-Singlet__Orai1WT-START-Fr0/complex_0/rank30_confidence-5.51.sdf,DiffDock,True,True,True,True,True,True,True,True,True,True,True,True,True,True,True
/home/manndo/master_dev/diffdock_results/Synta-66-OPT-Singlet__Orai1WT-START-Fr0/complex_0/rank3_confidence-1.52.sdf,DiffDock,True,True,True,True,True,True,True,True,True,True,True,True,True,True,True
/home/manndo/master_dev/diffdock_results/Synta-66-OPT-Singlet__Orai1WT-START-Fr0/complex_0/rank3_confidence-2.31.sdf,DiffDock,True,True,True,True,True,True,True,True,True,True,True,True,True,True,True
/home/manndo/master_dev/diffdock_results/Synta-66-OPT-Singlet__Orai1WT-START-Fr0/complex_0/rank4_confidence-1.72.sdf,DiffDock,True,True,True,True,True,True,True,True,True,True,True,True,True,True,True
/home/manndo/master_dev/diffdock_results/Synta-66-OPT-Singlet__Orai1WT-START-Fr0/complex_0/rank4_confidence-2.44.sdf,DiffDock,True,True,True,True,True,True,True,True,True,True,True,True,True,True,True
/home/manndo/master_dev/diffdock_results/Synta-66-OPT-Singlet__Orai1WT-START-Fr0/complex_0/rank5_confidence-1.75.sdf,DiffDock,True,True,True,True,True,True,True,True,True,True,True,True,True,True,True
/home/manndo/master_dev/diffdock_results/Synta-66-OPT-Singlet__Orai1WT-START-Fr0/complex_0/rank5_confidence-2.75.sdf,DiffDock,True,True,True,True,True,True,True,True,True,True,True,True,True,True,True
/home/manndo/master_dev/diffdock_results/Synta-66-OPT-Singlet__Orai1WT-START-Fr0/complex_0/rank6_confidence-1.90.sdf,DiffDock,True,True,True,True,True,True,True,True,True,True,True,True,True,True,True
/home/manndo/master_dev/diffdock_results/Synta-66-OPT-Singlet__Orai1WT-START-Fr0/complex_0/rank6_confidence-3.13.sdf,DiffDock,True,True,True,True,True,True,True,True,True,True,True,True,True,True,True
/home/manndo/master_dev/diffdock_results/Synta-66-OPT-Singlet__Orai1WT-START-Fr0/complex_0/rank7_confidence-1.98.sdf,DiffDock,True,True,True,True,True,True,True,True,True,True,True,True,True,True,True
/home/manndo/master_dev/diffdock_results/Synta-66-OPT-Singlet__Orai1WT-START-Fr0/complex_0/rank7_confidence-4.02.sdf,DiffDock,True,True,True,True,True,True,True,True,True,True,True,True,True,True,True
/home/manndo/master_dev/diffdock_results/Synta-66-OPT-Singlet__Orai1WT-START-Fr0/complex_0/rank8_confidence-2.27.sdf,DiffDock,True,True,True,True,True,True,True,True,True,True,True,True,True,True,True
/home/manndo/master_dev/diffdock_results/Synta-66-OPT-Singlet__Orai1WT-START-Fr0/complex_0/rank8_confidence-4.55.sdf,DiffDock,True,True,True,True,True,True,True,True,True,True,True,True,True,True,True
/home/manndo/master_dev/diffdock_results/Synta-66-OPT-Singlet__Orai1WT-START-Fr0/complex_0/rank9_confidence-2.32.sdf,DiffDock,True,True,True,True,True,True,True,True,True,True,True,True,True,True,True
/home/manndo/master_dev/diffdock_results/Synta-66-OPT-Singlet__Orai1WT-START-Fr0/complex_0/rank9_confidence-4.75.sdf,DiffDock,True,True,True,True,True,True,True,True,True,True,True,True,True,True,True
/home/manndo/master_dev/diffdock_results/Synta-66-OPT-Singlet__Orai1WT-MDSnap-Fr300/complex_0/rank1.sdf,DiffDock,True,True,True,True,True,True,True,True,True,True,True,True,True,True,True
/home/manndo/master_dev/diffdock_results/Synta-66-OPT-Singlet__Orai1WT-MDSnap-Fr300/complex_0/rank10_confidence-2.35.sdf,DiffDock,True,True,True,True,True,True,True,True,True,True,True,True,True,True,True
/home/manndo/master_dev/diffdock_results/Synta-66-OPT-Singlet__Orai1WT-MDSnap-Fr300/complex_0/rank10_confidence-4.85.sdf,DiffDock,True,True,True,True,True,True,True,True,True,True,True,True,True,True,True
/home/manndo/master_dev/diffdock_results/Synta-66-OPT-Singlet__Orai1WT-MDSnap-Fr300/complex_0/rank10_confidence-6.20.sdf,DiffDock,True,True,True,True,True,True,True,True,True,True,True,True,True,True,True
/home/manndo/master_dev/diffdock_results/Synta-66-OPT-Singlet__Orai1WT-MDSnap-Fr300/complex_0/rank11_confidence-2.36.sdf,DiffDock,True,True,True,True,True,True,True,True,True,True,True,True,True,True,True
/home/manndo/master_dev/diffdock_results/Synta-66-OPT-Singlet__Orai1WT-MDSnap-Fr300/complex_0/rank12_confidence-2.37.sdf,DiffDock,True,True,True,True,True,True,True,True,True,True,True,True,True,True,True
/home/manndo/master_dev/diffdock_results/Synta-66-OPT-Singlet__Orai1WT-MDSnap-Fr300/complex_0/rank13_confidence-2.47.sdf,DiffDock,True,True,True,True,True,True,True,True,True,True,True,True,True,True,True
/home/manndo/master_dev/diffdock_results/Synta-66-OPT-Singlet__Orai1WT-MDSnap-Fr300/complex_0/rank14_confidence-2.67.sdf,DiffDock,True,True,True,True,True,True,True,True,True,True,True,True,True,True,True
/home/manndo/master_dev/diffdock_results/Synta-66-OPT-Singlet__Orai1WT-MDSnap-Fr300/complex_0/rank15_confidence-2.72.sdf,DiffDock,True,True,True,True,True,True,True,True,True,True,True,True,True,True,True
/home/manndo/master_dev/diffdock_results/Synta-66-OPT-Singlet__Orai1WT-MDSnap-Fr300/complex_0/rank16_confidence-2.75.sdf,DiffDock,True,True,True,True,True,True,True,True,True,True,True,True,True,True,True
/home/manndo/master_dev/diffdock_results/Synta-66-OPT-Singlet__Orai1WT-MDSnap-Fr300/complex_0/rank17_confidence-2.83.sdf,DiffDock,True,True,True,True,True,True,True,True,True,True,True,True,True,True,True
/home/manndo/master_dev/diffdock_results/Synta-66-OPT-Singlet__Orai1WT-MDSnap-Fr300/complex_0/rank18_confidence-3.10.sdf,DiffDock,True,True,True,True,True,True,True,True,True,True,True,True,True,True,True
/home/manndo/master_dev/diffdock_results/Synta-66-OPT-Singlet__Orai1WT-MDSnap-Fr300/complex_0/rank19_confidence-3.18.sdf,DiffDock,True,True,True,True,True,True,True,True,True,True,True,True,True,True,True
/home/manndo/master_dev/diffdock_results/Synta-66-OPT-Singlet__Orai1WT-MDSnap-Fr300/complex_0/rank1_confidence-0.48.sdf,DiffDock,True,True,True,True,True,True,True,True,True,True,True,True,True,True,True
/home/manndo/master_dev/diffdock_results/Synta-66-OPT-Singlet__Orai1WT-MDSnap-Fr300/complex_0/rank1_confidence-1.19.sdf,DiffDock,True,True,True,True,True,True,True,True,True,True,True,True,True,True,True
/home/manndo/master_dev/diffdock_results/Synta-66-OPT-Singlet__Orai1WT-MDSnap-Fr300/complex_0/rank1_confidence-1.35.sdf,DiffDock,True,True,True,True,True,True,True,True,True,True,True,True,True,True,True
/home/manndo/master_dev/diffdock_results/Synta-66-OPT-Singlet__Orai1WT-MDSnap-Fr300/complex_0/rank20_confidence-3.22.sdf,DiffDock,True,True,True,True,True,True,True,True,True,True,True,True,True,True,True
/home/manndo/master_dev/diffdock_results/Synta-66-OPT-Singlet__Orai1WT-MDSnap-Fr300/complex_0/rank21_confidence-3.41.sdf,DiffDock,True,True,True,True,True,True,True,True,True,True,True,True,True,True,True
/home/manndo/master_dev/diffdock_results/Synta-66-OPT-Singlet__Orai1WT-MDSnap-Fr300/complex_0/rank22_confidence-3.96.sdf,DiffDock,True,True,True,True,True,True,True,True,True,True,True,True,True,True,True
/home/manndo/master_dev/diffdock_results/Synta-66-OPT-Singlet__Orai1WT-MDSnap-Fr300/complex_0/rank23_confidence-4.01.sdf,DiffDock,True,True,True,True,True,True,True,True,True,True,True,True,True,True,True
/home/manndo/master_dev/diffdock_results/Synta-66-OPT-Singlet__Orai1WT-MDSnap-Fr300/complex_0/rank24_confidence-4.70.sdf,DiffDock,True,True,True,True,True,True,True,True,True,True,True,True,True,True,True
/home/manndo/master_dev/diffdock_results/Synta-66-OPT-Singlet__Orai1WT-MDSnap-Fr300/complex_0/rank25_confidence-4.85.sdf,DiffDock,True,True,True,True,True,True,True,True,True,True,True,True,True,True,True
/home/manndo/master_dev/diffdock_results/Synta-66-OPT-Singlet__Orai1WT-MDSnap-Fr300/complex_0/rank26_confidence-5.05.sdf,DiffDock,True,True,True,True,True,True,True,True,True,True,True,True,True,True,True
/home/manndo/master_dev/diffdock_results/Synta-66-OPT-Singlet__Orai1WT-MDSnap-Fr300/complex_0/rank27_confidence-5.28.sdf,DiffDock,True,True,True,True,True,True,True,True,True,True,True,True,True,True,True
/home/manndo/master_dev/diffdock_results/Synta-66-OPT-Singlet__Orai1WT-MDSnap-Fr300/complex_0/rank28_confidence-5.37.sdf,DiffDock,True,True,True,True,True,True,True,True,True,True,True,True,True,True,True
/home/manndo/master_dev/diffdock_results/Synta-66-OPT-Singlet__Orai1WT-MDSnap-Fr300/complex_0/rank29_confidence-5.48.sdf,DiffDock,True,True,True,True,True,True,True,True,True,True,True,True,True,True,True
/home/manndo/master_dev/diffdock_results/Synta-66-OPT-Singlet__Orai1WT-MDSnap-Fr300/complex_0/rank2_confidence-0.91.sdf,DiffDock,True,True,True,True,True,True,True,True,True,True,True,True,True,True,True
/home/manndo/master_dev/diffdock_results/Synta-66-OPT-Singlet__Orai1WT-MDSnap-Fr300/complex_0/rank2_confidence-1.77.sdf,DiffDock,True,True,True,True,True,True,True,True,True,True,True,True,True,True,True
/home/manndo/master_dev/diffdock_results/Synta-66-OPT-Singlet__Orai1WT-MDSnap-Fr300/complex_0/rank2_confidence-1.98.sdf,DiffDock,True,True,True,True,True,True,True,True,True,True,True,True,True,True,True
/home/manndo/master_dev/diffdock_results/Synta-66-OPT-Singlet__Orai1WT-MDSnap-Fr300/complex_0/rank3_confidence-1.27.sdf,DiffDock,True,True,True,True,True,True,True,True,True,True,True,True,True,True,True
/home/manndo/master_dev/diffdock_results/Synta-66-OPT-Singlet__Orai1WT-MDSnap-Fr300/complex_0/rank3_confidence-1.77.sdf,DiffDock,True,True,True,True,True,True,True,True,True,True,True,True,True,True,True
/home/manndo/master_dev/diffdock_results/Synta-66-OPT-Singlet__Orai1WT-MDSnap-Fr300/complex_0/rank3_confidence-2.07.sdf,DiffDock,True,True,True,True,True,True,True,True,True,True,True,True,True,True,True
/home/manndo/master_dev/diffdock_results/Synta-66-OPT-Singlet__Orai1WT-MDSnap-Fr300/complex_0/rank4_confidence-1.37.sdf,DiffDock,True,True,True,True,True,True,True,True,True,True,True,True,True,True,True
/home/manndo/master_dev/diffdock_results/Synta-66-OPT-Singlet__Orai1WT-MDSnap-Fr300/complex_0/rank4_confidence-1.89.sdf,DiffDock,True,True,True,True,True,True,True,True,True,True,True,True,True,True,True
/home/manndo/master_dev/diffdock_results/Synta-66-OPT-Singlet__Orai1WT-MDSnap-Fr300/complex_0/rank4_confidence-2.37.sdf,DiffDock,True,True,True,True,True,True,True,True,True,True,True,True,True,True,True
/home/manndo/master_dev/diffdock_results/Synta-66-OPT-Singlet__Orai1WT-MDSnap-Fr300/complex_0/rank5_confidence-1.56.sdf,DiffDock,True,True,True,True,True,True,True,True,True,True,True,True,True,True,True
/home/manndo/master_dev/diffdock_results/Synta-66-OPT-Singlet__Orai1WT-MDSnap-Fr300/complex_0/rank5_confidence-1.89.sdf,DiffDock,True,True,True,True,True,True,True,True,True,True,True,True,True,True,True
/home/manndo/master_dev/diffdock_results/Synta-66-OPT-Singlet__Orai1WT-MDSnap-Fr300/complex_0/rank5_confidence-2.69.sdf,DiffDock,True,True,True,True,True,True,True,True,True,True,True,True,True,True,True
/home/manndo/master_dev/diffdock_results/Synta-66-OPT-Singlet__Orai1WT-MDSnap-Fr300/complex_0/rank6_confidence-1.86.sdf,DiffDock,True,True,True,True,True,True,True,True,True,True,True,True,True,True,True
/home/manndo/master_dev/diffdock_results/Synta-66-OPT-Singlet__Orai1WT-MDSnap-Fr300/complex_0/rank6_confidence-2.75.sdf,DiffDock,True,True,True,True,True,True,True,True,True,True,True,True,True,True,True
/home/manndo/master_dev/diffdock_results/Synta-66-OPT-Singlet__Orai1WT-MDSnap-Fr300/complex_0/rank6_confidence-3.15.sdf,DiffDock,True,True,True,True,True,True,True,True,True,True,True,True,True,True,True
/home/manndo/master_dev/diffdock_results/Synta-66-OPT-Singlet__Orai1WT-MDSnap-Fr300/complex_0/rank7_confidence-2.04.sdf,DiffDock,True,True,True,True,True,True,True,True,True,True,True,True,True,True,True
/home/manndo/master_dev/diffdock_results/Synta-66-OPT-Singlet__Orai1WT-MDSnap-Fr300/complex_0/rank7_confidence-3.23.sdf,DiffDock,True,True,True,True,True,True,True,True,True,True,True,True,True,True,True
/home/manndo/master_dev/diffdock_results/Synta-66-OPT-Singlet__Orai1WT-MDSnap-Fr300/complex_0/rank7_confidence-4.06.sdf,DiffDock,True,True,True,True,True,True,True,True,True,True,True,True,True,True,True
/home/manndo/master_dev/diffdock_results/Synta-66-OPT-Singlet__Orai1WT-MDSnap-Fr300/complex_0/rank8_confidence-2.06.sdf,DiffDock,True,True,True,True,True,True,True,True,True,True,True,True,True,True,True
/home/manndo/master_dev/diffdock_results/Synta-66-OPT-Singlet__Orai1WT-MDSnap-Fr300/complex_0/rank8_confidence-3.32.sdf,DiffDock,True,True,True,True,True,True,True,True,True,True,True,True,True,True,True
/home/manndo/master_dev/diffdock_results/Synta-66-OPT-Singlet__Orai1WT-MDSnap-Fr300/complex_0/rank8_confidence-4.16.sdf,DiffDock,True,True,True,True,True,True,True,True,True,True,True,True,True,True,True
/home/manndo/master_dev/diffdock_results/Synta-66-OPT-Singlet__Orai1WT-MDSnap-Fr300/complex_0/rank9_confidence-2.30.sdf,DiffDock,True,True,True,True,True,True,True,True,True,True,True,True,True,True,True
/home/manndo/master_dev/diffdock_results/Synta-66-OPT-Singlet__Orai1WT-MDSnap-Fr300/complex_0/rank9_confidence-3.71.sdf,DiffDock,True,True,True,True,True,True,True,True,True,True,True,True,True,True,True
/home/manndo/master_dev/diffdock_results/Synta-66-OPT-Singlet__Orai1WT-MDSnap-Fr300/complex_0/rank9_confidence-5.82.sdf,DiffDock,True,True,True,True,True,True,True,True,True,True,True,True,True,True,True
/home/manndo/master_dev/diffdock_results/2abp-nh2-OPT__Orai1WT-MDSnap-Fr499/complex_0/rank1.sdf,DiffDock,True,True,True,True,True,True,True,True,True,True,True,True,True,True,True
/home/manndo/master_dev/diffdock_results/2abp-nh2-OPT__Orai1WT-MDSnap-Fr499/complex_0/rank10_confidence-1.94.sdf,DiffDock,True,True,True,True,True,True,True,True,True,True,True,True,True,True,True
/home/manndo/master_dev/diffdock_results/2abp-nh2-OPT__Orai1WT-MDSnap-Fr499/complex_0/rank11_confidence-2.18.sdf,DiffDock,True,True,True,True,True,True,True,True,True,True,True,True,True,True,True
/home/manndo/master_dev/diffdock_results/2abp-nh2-OPT__Orai1WT-MDSnap-Fr499/complex_0/rank12_confidence-2.46.sdf,DiffDock,True,True,True,True,True,True,True,True,True,True,True,True,True,True,True
/home/manndo/master_dev/diffdock_results/2abp-nh2-OPT__Orai1WT-MDSnap-Fr499/complex_0/rank13_confidence-2.47.sdf,DiffDock,True,True,True,True,True,True,True,True,True,True,True,True,True,True,True
/home/manndo/master_dev/diffdock_results/2abp-nh2-OPT__Orai1WT-MDSnap-Fr499/complex_0/rank14_confidence-2.48.sdf,DiffDock,True,True,True,True,True,True,True,True,True,True,True,True,True,True,True
/home/manndo/master_dev/diffdock_results/2abp-nh2-OPT__Orai1WT-MDSnap-Fr499/complex_0/rank15_confidence-3.30.sdf,DiffDock,True,True,True,True,True,True,True,True,True,True,True,True,True,True,True
/home/manndo/master_dev/diffdock_results/2abp-nh2-OPT__Orai1WT-MDSnap-Fr499/complex_0/rank16_confidence-3.46.sdf,DiffDock,True,True,True,True,True,True,True,True,True,True,True,True,True,True,True
/home/manndo/master_dev/diffdock_results/2abp-nh2-OPT__Orai1WT-MDSnap-Fr499/complex_0/rank17_confidence-3.80.sdf,DiffDock,True,True,True,True,True,True,True,True,True,True,True,True,True,True,True
/home/manndo/master_dev/diffdock_results/2abp-nh2-OPT__Orai1WT-MDSnap-Fr499/complex_0/rank18_confidence-4.00.sdf,DiffDock,True,True,True,True,True,True,True,True,True,True,True,True,True,True,True
/home/manndo/master_dev/diffdock_results/2abp-nh2-OPT__Orai1WT-MDSnap-Fr499/complex_0/rank19_confidence-4.08.sdf,DiffDock,True,True,True,True,True,True,True,True,True,True,True,True,True,True,True
/home/manndo/master_dev/diffdock_results/2abp-nh2-OPT__Orai1WT-MDSnap-Fr499/complex_0/rank1_confidence-0.67.sdf,DiffDock,True,True,True,True,True,True,True,True,True,True,True,True,True,True,True
/home/manndo/master_dev/diffdock_results/2abp-nh2-OPT__Orai1WT-MDSnap-Fr499/complex_0/rank1_confidence-1.69.sdf,DiffDock,True,True,True,True,True,True,True,True,True,True,True,True,True,True,True
/home/manndo/master_dev/diffdock_results/2abp-nh2-OPT__Orai1WT-MDSnap-Fr499/complex_0/rank20_confidence-4.14.sdf,DiffDock,True,True,True,True,True,True,True,True,True,True,True,True,True,True,True
/home/manndo/master_dev/diffdock_results/2abp-nh2-OPT__Orai1WT-MDSnap-Fr499/complex_0/rank21_confidence-4.25.sdf,DiffDock,True,True,True,True,True,True,True,True,True,True,True,True,True,True,True
/home/manndo/master_dev/diffdock_results/2abp-nh2-OPT__Orai1WT-MDSnap-Fr499/complex_0/rank22_confidence-4.26.sdf,DiffDock,True,True,True,True,True,True,True,True,True,True,True,True,True,True,True
/home/manndo/master_dev/diffdock_results/2abp-nh2-OPT__Orai1WT-MDSnap-Fr499/complex_0/rank23_confidence-4.30.sdf,DiffDock,True,True,True,True,True,True,True,True,True,True,True,True,True,True,True
/home/manndo/master_dev/diffdock_results/2abp-nh2-OPT__Orai1WT-MDSnap-Fr499/complex_0/rank24_confidence-4.50.sdf,DiffDock,True,True,True,True,True,True,True,True,True,True,True,True,True,True,True
/home/manndo/master_dev/diffdock_results/2abp-nh2-OPT__Orai1WT-MDSnap-Fr499/complex_0/rank25_confidence-5.13.sdf,DiffDock,True,True,True,True,True,True,True,True,True,True,True,True,True,True,True
/home/manndo/master_dev/diffdock_results/2abp-nh2-OPT__Orai1WT-MDSnap-Fr499/complex_0/rank26_confidence-5.44.sdf,DiffDock,True,True,True,True,True,True,True,True,True,True,True,True,True,True,True
/home/manndo/master_dev/diffdock_results/2abp-nh2-OPT__Orai1WT-MDSnap-Fr499/complex_0/rank27_confidence-6.11.sdf,DiffDock,True,True,True,True,True,True,True,True,True,True,True,True,True,True,True
/home/manndo/master_dev/diffdock_results/2abp-nh2-OPT__Orai1WT-MDSnap-Fr499/complex_0/rank2_confidence-0.84.sdf,DiffDock,True,True,True,True,True,True,True,True,True,True,True,True,True,True,True
/home/manndo/master_dev/diffdock_results/2abp-nh2-OPT__Orai1WT-MDSnap-Fr499/complex_0/rank2_confidence-2.36.sdf,DiffDock,True,True,True,True,True,True,True,True,True,True,True,True,True,True,True
/home/manndo/master_dev/diffdock_results/2abp-nh2-OPT__Orai1WT-MDSnap-Fr499/complex_0/rank3_confidence-0.93.sdf,DiffDock,True,True,True,True,True,True,True,True,True,True,True,True,True,True,True
/home/manndo/master_dev/diffdock_results/2abp-nh2-OPT__Orai1WT-MDSnap-Fr499/complex_0/rank3_confidence-2.76.sdf,DiffDock,True,True,True,True,True,True,True,True,True,True,True,True,True,True,True
/home/manndo/master_dev/diffdock_results/2abp-nh2-OPT__Orai1WT-MDSnap-Fr499/complex_0/rank4_confidence-1.10.sdf,DiffDock,True,True,True,True,True,True,True,True,True,True,True,True,True,True,True
/home/manndo/master_dev/diffdock_results/2abp-nh2-OPT__Orai1WT-MDSnap-Fr499/complex_0/rank4_confidence-3.22.sdf,DiffDock,True,True,True,True,True,True,True,True,True,True,True,True,True,True,True
/home/manndo/master_dev/diffdock_results/2abp-nh2-OPT__Orai1WT-MDSnap-Fr499/complex_0/rank5_confidence-1.20.sdf,DiffDock,True,True,True,True,True,True,True,True,True,True,True,True,True,True,True
/home/manndo/master_dev/diffdock_results/2abp-nh2-OPT__Orai1WT-MDSnap-Fr499/complex_0/rank5_confidence-3.53.sdf,DiffDock,True,True,True,True,True,True,True,True,True,True,True,True,True,True,True
/home/manndo/master_dev/diffdock_results/2abp-nh2-OPT__Orai1WT-MDSnap-Fr499/complex_0/rank6_confidence-1.45.sdf,DiffDock,True,True,True,True,True,True,True,True,True,True,True,True,True,True,True
/home/manndo/master_dev/diffdock_results/2abp-nh2-OPT__Orai1WT-MDSnap-Fr499/complex_0/rank6_confidence-4.11.sdf,DiffDock,True,True,True,True,True,True,True,True,True,True,True,True,True,True,True
/home/manndo/master_dev/diffdock_results/2abp-nh2-OPT__Orai1WT-MDSnap-Fr499/complex_0/rank7_confidence-1.51.sdf,DiffDock,True,True,True,True,True,True,True,True,True,True,True,True,True,True,True
/home/manndo/master_dev/diffdock_results/2abp-nh2-OPT__Orai1WT-MDSnap-Fr499/complex_0/rank7_confidence-5.82.sdf,DiffDock,True,True,True,True,True,True,True,True,True,True,True,True,True,True,True
/home/manndo/master_dev/diffdock_results/2abp-nh2-OPT__Orai1WT-MDSnap-Fr499/complex_0/rank8_confidence-1.81.sdf,DiffDock,True,True,True,True,True,True,True,True,True,True,True,True,True,True,True
/home/manndo/master_dev/diffdock_results/2abp-nh2-OPT__Orai1WT-MDSnap-Fr499/complex_0/rank8_confidence-5.83.sdf,DiffDock,True,True,True,True,True,True,True,True,True,True,True,True,True,True,True
/home/manndo/master_dev/diffdock_results/2abp-nh2-OPT__Orai1WT-MDSnap-Fr499/complex_0/rank9_confidence-1.92.sdf,DiffDock,True,True,True,True,True,True,True,True,True,True,True,True,True,True,True
/home/manndo/master_dev/diffdock_results/2abp-nh2-OPT__Orai1WT-MDSnap-Fr499/complex_0/rank9_confidence-5.87.sdf,DiffDock,True,True,True,True,True,True,True,True,True,True,True,True,True,True,True
/home/manndo/master_dev/diffdock_results/gsk7975a-prot-OPT__Orai1WT-MDSnap-Fr499/complex_0/rank1.sdf,DiffDock,True,True,True,True,True,True,True,True,True,True,True,True,True,True,True
/home/manndo/master_dev/diffdock_results/gsk7975a-prot-OPT__Orai1WT-MDSnap-Fr499/complex_0/rank10_confidence-2.60.sdf,DiffDock,True,True,True,True,True,True,True,True,True,True,True,True,True,True,True
/home/manndo/master_dev/diffdock_results/gsk7975a-prot-OPT__Orai1WT-MDSnap-Fr499/complex_0/rank11_confidence-2.67.sdf,DiffDock,True,True,True,True,True,True,True,True,True,True,True,True,True,True,True
/home/manndo/master_dev/diffdock_results/gsk7975a-prot-OPT__Orai1WT-MDSnap-Fr499/complex_0/rank12_confidence-2.69.sdf,DiffDock,True,True,True,True,True,True,True,True,True,True,True,True,True,True,True
/home/manndo/master_dev/diffdock_results/gsk7975a-prot-OPT__Orai1WT-MDSnap-Fr499/complex_0/rank13_confidence-2.80.sdf,DiffDock,True,True,True,True,True,True,True,True,True,True,True,True,True,True,True
/home/manndo/master_dev/diffdock_results/gsk7975a-prot-OPT__Orai1WT-MDSnap-Fr499/complex_0/rank14_confidence-2.84.sdf,DiffDock,True,True,True,True,True,True,True,True,True,True,True,True,True,True,True
/home/manndo/master_dev/diffdock_results/gsk7975a-prot-OPT__Orai1WT-MDSnap-Fr499/complex_0/rank15_confidence-2.91.sdf,DiffDock,True,True,True,True,True,True,True,True,True,True,True,True,True,True,True
/home/manndo/master_dev/diffdock_results/gsk7975a-prot-OPT__Orai1WT-MDSnap-Fr499/complex_0/rank16_confidence-3.44.sdf,DiffDock,True,True,True,True,True,True,True,True,True,True,True,True,True,True,True
/home/manndo/master_dev/diffdock_results/gsk7975a-prot-OPT__Orai1WT-MDSnap-Fr499/complex_0/rank17_confidence-3.70.sdf,DiffDock,True,True,True,True,True,True,True,True,True,True,True,True,True,True,True
/home/manndo/master_dev/diffdock_results/gsk7975a-prot-OPT__Orai1WT-MDSnap-Fr499/complex_0/rank18_confidence-4.02.sdf,DiffDock,True,True,True,True,True,True,True,True,True,True,True,True,True,True,True
/home/manndo/master_dev/diffdock_results/gsk7975a-prot-OPT__Orai1WT-MDSnap-Fr499/complex_0/rank19_confidence-4.14.sdf,DiffDock,True,True,True,True,True,True,True,True,True,True,True,True,True,True,True
/home/manndo/master_dev/diffdock_results/gsk7975a-prot-OPT__Orai1WT-MDSnap-Fr499/complex_0/rank1_confidence-1.08.sdf,DiffDock,True,True,True,True,True,True,True,True,True,True,True,True,True,True,True
/home/manndo/master_dev/diffdock_results/gsk7975a-prot-OPT__Orai1WT-MDSnap-Fr499/complex_0/rank20_confidence-4.26.sdf,DiffDock,True,True,True,True,True,True,True,True,True,True,True,True,True,True,True
/home/manndo/master_dev/diffdock_results/gsk7975a-prot-OPT__Orai1WT-MDSnap-Fr499/complex_0/rank21_confidence-4.42.sdf,DiffDock,True,True,True,True,True,True,True,True,True,True,True,True,True,True,True
/home/manndo/master_dev/diffdock_results/gsk7975a-prot-OPT__Orai1WT-MDSnap-Fr499/complex_0/rank22_confidence-4.43.sdf,DiffDock,True,True,True,True,True,True,True,True,True,True,True,True,True,True,True
/home/manndo/master_dev/diffdock_results/gsk7975a-prot-OPT__Orai1WT-MDSnap-Fr499/complex_0/rank23_confidence-4.45.sdf,DiffDock,True,True,True,True,True,True,True,True,True,True,True,True,True,True,True
/home/manndo/master_dev/diffdock_results/gsk7975a-prot-OPT__Orai1WT-MDSnap-Fr499/complex_0/rank24_confidence-4.50.sdf,DiffDock,True,True,True,True,True,True,True,True,True,True,True,True,True,True,True
/home/manndo/master_dev/diffdock_results/gsk7975a-prot-OPT__Orai1WT-MDSnap-Fr499/complex_0/rank25_confidence-4.83.sdf,DiffDock,True,True,True,True,True,True,True,True,True,True,True,True,True,True,True
/home/manndo/master_dev/diffdock_results/gsk7975a-prot-OPT__Orai1WT-MDSnap-Fr499/complex_0/rank26_confidence-5.27.sdf,DiffDock,True,True,True,True,True,True,True,True,True,True,True,True,True,True,True
/home/manndo/master_dev/diffdock_results/gsk7975a-prot-OPT__Orai1WT-MDSnap-Fr499/complex_0/rank27_confidence-5.66.sdf,DiffDock,True,True,True,True,True,True,True,True,True,True,True,True,True,True,True
/home/manndo/master_dev/diffdock_results/gsk7975a-prot-OPT__Orai1WT-MDSnap-Fr499/complex_0/rank28_confidence-5.75.sdf,DiffDock,True,True,True,True,True,True,True,True,True,True,True,True,True,True,True
/home/manndo/master_dev/diffdock_results/gsk7975a-prot-OPT__Orai1WT-MDSnap-Fr499/complex_0/rank2_confidence-1.55.sdf,DiffDock,True,True,True,True,True,True,True,True,True,True,True,True,True,True,True
/home/manndo/master_dev/diffdock_results/gsk7975a-prot-OPT__Orai1WT-MDSnap-Fr499/complex_0/rank3_confidence-1.68.sdf,DiffDock,True,True,True,True,True,True,True,True,True,True,True,True,True,True,True
/home/manndo/master_dev/diffdock_results/gsk7975a-prot-OPT__Orai1WT-MDSnap-Fr499/complex_0/rank4_confidence-1.72.sdf,DiffDock,True,True,True,True,True,True,True,True,True,True,True,True,True,True,True
/home/manndo/master_dev/diffdock_results/gsk7975a-prot-OPT__Orai1WT-MDSnap-Fr499/complex_0/rank5_confidence-1.72.sdf,DiffDock,True,True,True,True,True,True,True,True,True,True,True,True,True,True,True
/home/manndo/master_dev/diffdock_results/gsk7975a-prot-OPT__Orai1WT-MDSnap-Fr499/complex_0/rank6_confidence-2.09.sdf,DiffDock,True,True,True,True,True,True,True,True,True,True,True,True,True,True,True
/home/manndo/master_dev/diffdock_results/gsk7975a-prot-OPT__Orai1WT-MDSnap-Fr499/complex_0/rank7_confidence-2.21.sdf,DiffDock,True,True,True,True,True,True,True,True,True,True,True,True,True,True,True
/home/manndo/master_dev/diffdock_results/gsk7975a-prot-OPT__Orai1WT-MDSnap-Fr499/complex_0/rank8_confidence-2.40.sdf,DiffDock,True,True,True,True,True,True,True,True,True,True,True,True,True,True,True
/home/manndo/master_dev/diffdock_results/gsk7975a-prot-OPT__Orai1WT-MDSnap-Fr499/complex_0/rank9_confidence-2.56.sdf,DiffDock,True,True,True,True,True,True,True,True,True,True,True,True,True,True,True
/home/manndo/master_dev/diffdock_results/2abp-nh2-OPT__Orai1WT-MDSnap-Fr300/complex_0/rank1.sdf,DiffDock,True,True,True,True,True,True,True,True,True,True,True,True,True,True,True
/home/manndo/master_dev/diffdock_results/2abp-nh2-OPT__Orai1WT-MDSnap-Fr300/complex_0/rank10_confidence-2.32.sdf,DiffDock,True,True,True,True,True,True,True,True,True,True,True,True,True,True,True
/home/manndo/master_dev/diffdock_results/2abp-nh2-OPT__Orai1WT-MDSnap-Fr300/complex_0/rank10_confidence-3.00.sdf,DiffDock,True,True,True,True,True,True,True,True,True,True,True,True,True,True,True
/home/manndo/master_dev/diffdock_results/2abp-nh2-OPT__Orai1WT-MDSnap-Fr300/complex_0/rank10_confidence-5.73.sdf,DiffDock,True,True,True,True,True,True,True,True,True,True,True,True,True,True,True
/home/manndo/master_dev/diffdock_results/2abp-nh2-OPT__Orai1WT-MDSnap-Fr300/complex_0/rank10_confidence-6.06.sdf,DiffDock,True,True,True,True,True,True,True,True,True,True,True,True,True,True,True
/home/manndo/master_dev/diffdock_results/2abp-nh2-OPT__Orai1WT-MDSnap-Fr300/complex_0/rank10_confidence-6.28.sdf,DiffDock,True,True,True,True,True,True,True,True,True,True,True,True,True,True,True
/home/manndo/master_dev/diffdock_results/2abp-nh2-OPT__Orai1WT-MDSnap-Fr300/complex_0/rank11_confidence-2.43.sdf,DiffDock,True,True,True,True,True,True,True,True,True,True,True,True,True,True,True
/home/manndo/master_dev/diffdock_results/2abp-nh2-OPT__Orai1WT-MDSnap-Fr300/complex_0/rank12_confidence-2.45.sdf,DiffDock,True,True,True,True,True,True,True,True,True,True,True,True,True,True,True
/home/manndo/master_dev/diffdock_results/2abp-nh2-OPT__Orai1WT-MDSnap-Fr300/complex_0/rank13_confidence-2.52.sdf,DiffDock,True,True,True,True,True,True,True,True,True,True,True,True,True,True,True
/home/manndo/master_dev/diffdock_results/2abp-nh2-OPT__Orai1WT-MDSnap-Fr300/complex_0/rank14_confidence-2.83.sdf,DiffDock,True,True,True,True,True,True,True,True,True,True,True,True,True,True,True
/home/manndo/master_dev/diffdock_results/2abp-nh2-OPT__Orai1WT-MDSnap-Fr300/complex_0/rank15_confidence-2.83.sdf,DiffDock,True,True,True,True,True,True,True,True,True,True,True,True,True,True,True
/home/manndo/master_dev/diffdock_results/2abp-nh2-OPT__Orai1WT-MDSnap-Fr300/complex_0/rank16_confidence-3.04.sdf,DiffDock,True,True,True,True,True,True,True,True,True,True,True,True,True,True,True
/home/manndo/master_dev/diffdock_results/2abp-nh2-OPT__Orai1WT-MDSnap-Fr300/complex_0/rank17_confidence-3.40.sdf,DiffDock,True,True,True,True,True,True,True,True,True,True,True,True,True,True,True
/home/manndo/master_dev/diffdock_results/2abp-nh2-OPT__Orai1WT-MDSnap-Fr300/complex_0/rank18_confidence-3.80.sdf,DiffDock,True,True,True,True,True,True,True,True,True,True,True,True,True,True,True
/home/manndo/master_dev/diffdock_results/2abp-nh2-OPT__Orai1WT-MDSnap-Fr300/complex_0/rank19_confidence-3.89.sdf,DiffDock,True,True,True,True,True,True,True,True,True,True,True,True,True,True,True
/home/manndo/master_dev/diffdock_results/2abp-nh2-OPT__Orai1WT-MDSnap-Fr300/complex_0/rank1_confidence-0.51.sdf,DiffDock,True,True,True,True,True,True,True,True,True,True,True,True,True,True,True
/home/manndo/master_dev/diffdock_results/2abp-nh2-OPT__Orai1WT-MDSnap-Fr300/complex_0/rank1_confidence-0.60.sdf,DiffDock,True,True,True,True,True,True,True,True,True,True,True,True,True,True,True
/home/manndo/master_dev/diffdock_results/2abp-nh2-OPT__Orai1WT-MDSnap-Fr300/complex_0/rank1_confidence-0.97.sdf,DiffDock,True,True,True,True,True,True,True,True,True,True,True,True,True,True,True
/home/manndo/master_dev/diffdock_results/2abp-nh2-OPT__Orai1WT-MDSnap-Fr300/complex_0/rank1_confidence-1.30.sdf,DiffDock,True,True,True,True,True,True,True,True,True,True,True,True,True,True,True
/home/manndo/master_dev/diffdock_results/2abp-nh2-OPT__Orai1WT-MDSnap-Fr300/complex_0/rank1_confidence-1.53.sdf,DiffDock,True,True,True,True,True,True,True,True,True,True,True,True,True,True,True
/home/manndo/master_dev/diffdock_results/2abp-nh2-OPT__Orai1WT-MDSnap-Fr300/complex_0/rank20_confidence-4.23.sdf,DiffDock,True,True,True,True,True,True,True,True,True,True,True,True,True,True,True
/home/manndo/master_dev/diffdock_results/2abp-nh2-OPT__Orai1WT-MDSnap-Fr300/complex_0/rank21_confidence-4.35.sdf,DiffDock,True,True,True,True,True,True,True,True,True,True,True,True,True,True,True
/home/manndo/master_dev/diffdock_results/2abp-nh2-OPT__Orai1WT-MDSnap-Fr300/complex_0/rank22_confidence-4.55.sdf,DiffDock,True,True,True,True,True,True,True,True,True,True,True,True,True,True,True
/home/manndo/master_dev/diffdock_results/2abp-nh2-OPT__Orai1WT-MDSnap-Fr300/complex_0/rank23_confidence-4.58.sdf,DiffDock,True,True,True,True,True,True,True,True,True,True,True,True,True,True,True
/home/manndo/master_dev/diffdock_results/2abp-nh2-OPT__Orai1WT-MDSnap-Fr300/complex_0/rank24_confidence-5.08.sdf,DiffDock,True,True,True,True,True,True,True,True,True,True,True,True,True,True,True
/home/manndo/master_dev/diffdock_results/2abp-nh2-OPT__Orai1WT-MDSnap-Fr300/complex_0/rank25_confidence-5.70.sdf,DiffDock,True,True,True,True,True,True,True,True,True,True,True,True,True,True,True
/home/manndo/master_dev/diffdock_results/2abp-nh2-OPT__Orai1WT-MDSnap-Fr300/complex_0/rank26_confidence-5.75.sdf,DiffDock,True,True,True,True,True,True,True,True,True,True,True,True,True,True,True
/home/manndo/master_dev/diffdock_results/2abp-nh2-OPT__Orai1WT-MDSnap-Fr300/complex_0/rank27_confidence-5.81.sdf,DiffDock,True,True,True,True,True,True,True,True,True,True,True,True,True,True,True
/home/manndo/master_dev/diffdock_results/2abp-nh2-OPT__Orai1WT-MDSnap-Fr300/complex_0/rank2_confidence-0.68.sdf,DiffDock,True,True,True,True,True,True,True,True,True,True,True,True,True,True,True
/home/manndo/master_dev/diffdock_results/2abp-nh2-OPT__Orai1WT-MDSnap-Fr300/complex_0/rank2_confidence-0.69.sdf,DiffDock,True,True,True,True,True,True,True,True,True,True,True,True,True,True,True
/home/manndo/master_dev/diffdock_results/2abp-nh2-OPT__Orai1WT-MDSnap-Fr300/complex_0/rank2_confidence-1.06.sdf,DiffDock,True,True,True,True,True,True,True,True,True,True,True,True,True,True,True
/home/manndo/master_dev/diffdock_results/2abp-nh2-OPT__Orai1WT-MDSnap-Fr300/complex_0/rank2_confidence-1.31.sdf,DiffDock,True,True,True,True,True,True,True,True,True,True,True,True,True,True,True
/home/manndo/master_dev/diffdock_results/2abp-nh2-OPT__Orai1WT-MDSnap-Fr300/complex_0/rank2_confidence-2.01.sdf,DiffDock,True,True,True,True,True,True,True,True,True,True,True,True,True,True,True
/home/manndo/master_dev/diffdock_results/2abp-nh2-OPT__Orai1WT-MDSnap-Fr300/complex_0/rank3_confidence-0.94.sdf,DiffDock,True,True,True,True,True,True,True,True,True,True,True,True,True,True,True
/home/manndo/master_dev/diffdock_results/2abp-nh2-OPT__Orai1WT-MDSnap-Fr300/complex_0/rank3_confidence-1.09.sdf,DiffDock,True,True,True,True,True,True,True,True,True,True,True,True,True,True,True
/home/manndo/master_dev/diffdock_results/2abp-nh2-OPT__Orai1WT-MDSnap-Fr300/complex_0/rank3_confidence-1.34.sdf,DiffDock,True,True,True,True,True,True,True,True,True,True,True,True,True,True,True
/home/manndo/master_dev/diffdock_results/2abp-nh2-OPT__Orai1WT-MDSnap-Fr300/complex_0/rank3_confidence-1.83.sdf,DiffDock,True,True,True,True,True,True,True,True,True,True,True,True,True,True,True
/home/manndo/master_dev/diffdock_results/2abp-nh2-OPT__Orai1WT-MDSnap-Fr300/complex_0/rank3_confidence-2.41.sdf,DiffDock,True,True,True,True,True,True,True,True,True,True,True,True,True,True,True
/home/manndo/master_dev/diffdock_results/2abp-nh2-OPT__Orai1WT-MDSnap-Fr300/complex_0/rank4_confidence-1.15.sdf,DiffDock,True,True,True,True,True,True,True,True,True,True,True,True,True,True,True
/home/manndo/master_dev/diffdock_results/2abp-nh2-OPT__Orai1WT-MDSnap-Fr300/complex_0/rank4_confidence-1.37.sdf,DiffDock,True,True,True,True,True,True,True,True,True,True,True,True,True,True,True
/home/manndo/master_dev/diffdock_results/2abp-nh2-OPT__Orai1WT-MDSnap-Fr300/complex_0/rank4_confidence-1.91.sdf,DiffDock,True,True,True,True,True,True,True,True,True,True,True,True,True,True,True
/home/manndo/master_dev/diffdock_results/2abp-nh2-OPT__Orai1WT-MDSnap-Fr300/complex_0/rank4_confidence-2.51.sdf,DiffDock,True,True,True,True,True,True,True,True,True,True,True,True,True,True,True
/home/manndo/master_dev/diffdock_results/2abp-nh2-OPT__Orai1WT-MDSnap-Fr300/complex_0/rank4_confidence-2.55.sdf,DiffDock,True,True,True,True,True,True,True,True,True,True,True,True,True,True,True
/home/manndo/master_dev/diffdock_results/2abp-nh2-OPT__Orai1WT-MDSnap-Fr300/complex_0/rank5_confidence-1.31.sdf,DiffDock,True,True,True,True,True,True,True,True,True,True,True,True,True,True,True
/home/manndo/master_dev/diffdock_results/2abp-nh2-OPT__Orai1WT-MDSnap-Fr300/complex_0/rank5_confidence-2.05.sdf,DiffDock,True,True,True,True,True,True,True,True,True,True,True,True,True,True,True
/home/manndo/master_dev/diffdock_results/2abp-nh2-OPT__Orai1WT-MDSnap-Fr300/complex_0/rank5_confidence-2.21.sdf,DiffDock,True,True,True,True,True,True,True,True,True,True,True,True,True,True,True
/home/manndo/master_dev/diffdock_results/2abp-nh2-OPT__Orai1WT-MDSnap-Fr300/complex_0/rank5_confidence-3.21.sdf,DiffDock,True,True,True,True,True,True,True,True,True,True,True,True,True,True,True
/home/manndo/master_dev/diffdock_results/2abp-nh2-OPT__Orai1WT-MDSnap-Fr300/complex_0/rank5_confidence-3.63.sdf,DiffDock,True,True,True,True,True,True,True,True,True,True,True,True,True,True,True
/home/manndo/master_dev/diffdock_results/2abp-nh2-OPT__Orai1WT-MDSnap-Fr300/complex_0/rank6_confidence-1.50.sdf,DiffDock,True,True,True,True,True,True,True,True,True,True,True,True,True,True,True
/home/manndo/master_dev/diffdock_results/2abp-nh2-OPT__Orai1WT-MDSnap-Fr300/complex_0/rank6_confidence-2.21.sdf,DiffDock,True,True,True,True,True,True,True,True,True,True,True,True,True,True,True
/home/manndo/master_dev/diffdock_results/2abp-nh2-OPT__Orai1WT-MDSnap-Fr300/complex_0/rank6_confidence-3.23.sdf,DiffDock,True,True,True,True,True,True,True,True,True,True,True,True,True,True,True
/home/manndo/master_dev/diffdock_results/2abp-nh2-OPT__Orai1WT-MDSnap-Fr300/complex_0/rank6_confidence-3.29.sdf,DiffDock,True,True,True,True,True,True,True,True,True,True,True,True,True,True,True
/home/manndo/master_dev/diffdock_results/2abp-nh2-OPT__Orai1WT-MDSnap-Fr300/complex_0/rank6_confidence-4.13.sdf,DiffDock,True,True,True,True,True,True,True,True,True,True,True,True,True,True,True
/home/manndo/master_dev/diffdock_results/2abp-nh2-OPT__Orai1WT-MDSnap-Fr300/complex_0/rank7_confidence-1.51.sdf,DiffDock,True,True,True,True,True,True,True,True,True,True,True,True,True,True,True
/home/manndo/master_dev/diffdock_results/2abp-nh2-OPT__Orai1WT-MDSnap-Fr300/complex_0/rank7_confidence-2.38.sdf,DiffDock,True,True,True,True,True,True,True,True,True,True,True,True,True,True,True
/home/manndo/master_dev/diffdock_results/2abp-nh2-OPT__Orai1WT-MDSnap-Fr300/complex_0/rank7_confidence-4.02.sdf,DiffDock,True,True,True,True,True,True,True,True,True,True,True,True,True,True,True
/home/manndo/master_dev/diffdock_results/2abp-nh2-OPT__Orai1WT-MDSnap-Fr300/complex_0/rank7_confidence-4.76.sdf,DiffDock,True,True,True,True,True,True,True,True,True,True,True,True,True,True,True
/home/manndo/master_dev/diffdock_results/2abp-nh2-OPT__Orai1WT-MDSnap-Fr300/complex_0/rank7_confidence-5.20.sdf,DiffDock,True,True,True,True,True,True,True,True,True,True,True,True,True,True,True
/home/manndo/master_dev/diffdock_results/2abp-nh2-OPT__Orai1WT-MDSnap-Fr300/complex_0/rank8_confidence-1.86.sdf,DiffDock,True,True,True,True,True,True,True,True,True,True,True,True,True,True,True
/home/manndo/master_dev/diffdock_results/2abp-nh2-OPT__Orai1WT-MDSnap-Fr300/complex_0/rank8_confidence-2.60.sdf,DiffDock,True,True,True,True,True,True,True,True,True,True,True,True,True,True,True
/home/manndo/master_dev/diffdock_results/2abp-nh2-OPT__Orai1WT-MDSnap-Fr300/complex_0/rank8_confidence-4.08.sdf,DiffDock,True,True,True,True,True,True,True,True,True,True,True,True,True,True,True
/home/manndo/master_dev/diffdock_results/2abp-nh2-OPT__Orai1WT-MDSnap-Fr300/complex_0/rank8_confidence-5.30.sdf,DiffDock,True,True,True,True,True,True,True,True,True,True,True,True,True,True,True
/home/manndo/master_dev/diffdock_results/2abp-nh2-OPT__Orai1WT-MDSnap-Fr300/complex_0/rank8_confidence-5.32.sdf,DiffDock,True,True,True,True,True,True,True,True,True,True,True,True,True,True,True
/home/manndo/master_dev/diffdock_results/2abp-nh2-OPT__Orai1WT-MDSnap-Fr300/complex_0/rank9_confidence-2.12.sdf,DiffDock,True,True,True,True,True,True,True,True,True,True,True,True,True,True,True
/home/manndo/master_dev/diffdock_results/2abp-nh2-OPT__Orai1WT-MDSnap-Fr300/complex_0/rank9_confidence-2.94.sdf,DiffDock,True,True,True,True,True,True,True,True,True,True,True,True,True,True,True
/home/manndo/master_dev/diffdock_results/2abp-nh2-OPT__Orai1WT-MDSnap-Fr300/complex_0/rank9_confidence-4.45.sdf,DiffDock,True,True,True,True,True,True,True,True,True,True,True,True,True,True,True
/home/manndo/master_dev/diffdock_results/2abp-nh2-OPT__Orai1WT-MDSnap-Fr300/complex_0/rank9_confidence-5.40.sdf,DiffDock,True,True,True,True,True,True,True,True,True,True,True,True,True,True,True
/home/manndo/master_dev/diffdock_results/2abp-nh2-OPT__Orai1WT-MDSnap-Fr300/complex_0/rank9_confidence-5.91.sdf,DiffDock,True,True,True,True,True,True,True,True,True,True,True,True,True,True,True
/home/manndo/master_dev/diffdock_results/gsk7975a-prot-OPT__Orai1WT-MDSnap-Fr300/complex_0/rank1.sdf,DiffDock,True,True,True,True,True,True,True,True,True,True,True,True,True,True,True
/home/manndo/master_dev/diffdock_results/gsk7975a-prot-OPT__Orai1WT-MDSnap-Fr300/complex_0/rank10_confidence-2.99.sdf,DiffDock,True,True,True,True,True,True,True,True,True,True,True,True,True,True,True
/home/manndo/master_dev/diffdock_results/gsk7975a-prot-OPT__Orai1WT-MDSnap-Fr300/complex_0/rank10_confidence-4.74.sdf,DiffDock,True,True,True,True,True,True,True,True,True,True,True,True,True,True,True
/home/manndo/master_dev/diffdock_results/gsk7975a-prot-OPT__Orai1WT-MDSnap-Fr300/complex_0/rank11_confidence-2.99.sdf,DiffDock,True,True,True,True,True,True,True,True,True,True,True,True,True,True,True
/home/manndo/master_dev/diffdock_results/gsk7975a-prot-OPT__Orai1WT-MDSnap-Fr300/complex_0/rank12_confidence-3.01.sdf,DiffDock,True,True,True,True,True,True,True,True,True,True,True,True,True,True,True
/home/manndo/master_dev/diffdock_results/gsk7975a-prot-OPT__Orai1WT-MDSnap-Fr300/complex_0/rank13_confidence-3.15.sdf,DiffDock,True,True,True,True,True,True,True,True,True,True,True,True,True,True,True
/home/manndo/master_dev/diffdock_results/gsk7975a-prot-OPT__Orai1WT-MDSnap-Fr300/complex_0/rank14_confidence-3.22.sdf,DiffDock,True,True,True,True,True,True,True,True,True,True,True,True,True,True,True
/home/manndo/master_dev/diffdock_results/gsk7975a-prot-OPT__Orai1WT-MDSnap-Fr300/complex_0/rank15_confidence-3.24.sdf,DiffDock,True,True,True,True,True,True,True,True,True,True,True,True,True,True,True
/home/manndo/master_dev/diffdock_results/gsk7975a-prot-OPT__Orai1WT-MDSnap-Fr300/complex_0/rank16_confidence-3.47.sdf,DiffDock,True,True,True,True,True,True,True,True,True,True,True,True,True,True,True
/home/manndo/master_dev/diffdock_results/gsk7975a-prot-OPT__Orai1WT-MDSnap-Fr300/complex_0/rank17_confidence-3.59.sdf,DiffDock,True,True,True,True,True,True,True,True,True,True,True,True,True,True,True
/home/manndo/master_dev/diffdock_results/gsk7975a-prot-OPT__Orai1WT-MDSnap-Fr300/complex_0/rank18_confidence-3.60.sdf,DiffDock,True,True,True,True,True,True,True,True,True,True,True,True,True,True,True
/home/manndo/master_dev/diffdock_results/gsk7975a-prot-OPT__Orai1WT-MDSnap-Fr300/complex_0/rank19_confidence-3.92.sdf,DiffDock,True,True,True,True,True,True,True,True,True,True,True,True,True,True,True
/home/manndo/master_dev/diffdock_results/gsk7975a-prot-OPT__Orai1WT-MDSnap-Fr300/complex_0/rank1_confidence-0.71.sdf,DiffDock,True,True,True,True,True,True,True,True,True,True,True,True,True,True,True
/home/manndo/master_dev/diffdock_results/gsk7975a-prot-OPT__Orai1WT-MDSnap-Fr300/complex_0/rank1_confidence-1.74.sdf,DiffDock,True,True,True,True,True,True,True,True,True,True,True,True,True,True,True
/home/manndo/master_dev/diffdock_results/gsk7975a-prot-OPT__Orai1WT-MDSnap-Fr300/complex_0/rank1_confidence-2.12.sdf,DiffDock,True,True,True,True,True,True,True,True,True,True,True,True,True,True,True
/home/manndo/master_dev/diffdock_results/gsk7975a-prot-OPT__Orai1WT-MDSnap-Fr300/complex_0/rank20_confidence-4.08.sdf,DiffDock,True,True,True,True,True,True,True,True,True,True,True,True,True,True,True
/home/manndo/master_dev/diffdock_results/gsk7975a-prot-OPT__Orai1WT-MDSnap-Fr300/complex_0/rank21_confidence-4.13.sdf,DiffDock,True,True,True,True,True,True,True,True,True,True,True,True,True,True,True
/home/manndo/master_dev/diffdock_results/gsk7975a-prot-OPT__Orai1WT-MDSnap-Fr300/complex_0/rank22_confidence-4.22.sdf,DiffDock,True,True,True,True,True,True,True,True,True,True,True,True,True,True,True
/home/manndo/master_dev/diffdock_results/gsk7975a-prot-OPT__Orai1WT-MDSnap-Fr300/complex_0/rank23_confidence-4.25.sdf,DiffDock,True,True,True,True,True,True,True,True,True,True,True,True,True,True,True
/home/manndo/master_dev/diffdock_results/gsk7975a-prot-OPT__Orai1WT-MDSnap-Fr300/complex_0/rank24_confidence-4.28.sdf,DiffDock,True,True,True,True,True,True,True,True,True,True,True,True,True,True,True
/home/manndo/master_dev/diffdock_results/gsk7975a-prot-OPT__Orai1WT-MDSnap-Fr300/complex_0/rank25_confidence-4.35.sdf,DiffDock,True,True,True,True,True,True,True,True,True,True,True,True,True,True,True
/home/manndo/master_dev/diffdock_results/gsk7975a-prot-OPT__Orai1WT-MDSnap-Fr300/complex_0/rank26_confidence-4.35.sdf,DiffDock,True,True,True,True,True,True,True,True,True,True,True,True,True,True,True
/home/manndo/master_dev/diffdock_results/gsk7975a-prot-OPT__Orai1WT-MDSnap-Fr300/complex_0/rank27_confidence-4.35.sdf,DiffDock,True,True,True,True,True,True,True,True,True,True,True,True,True,True,True
/home/manndo/master_dev/diffdock_results/gsk7975a-prot-OPT__Orai1WT-MDSnap-Fr300/complex_0/rank28_confidence-4.90.sdf,DiffDock,True,True,True,True,True,True,True,True,True,True,True,True,True,True,True
/home/manndo/master_dev/diffdock_results/gsk7975a-prot-OPT__Orai1WT-MDSnap-Fr300/complex_0/rank29_confidence-5.02.sdf,DiffDock,True,True,True,True,True,True,True,True,True,True,True,True,True,True,True
/home/manndo/master_dev/diffdock_results/gsk7975a-prot-OPT__Orai1WT-MDSnap-Fr300/complex_0/rank2_confidence-1.17.sdf,DiffDock,True,True,True,True,True,True,True,True,True,True,True,True,True,True,True
/home/manndo/master_dev/diffdock_results/gsk7975a-prot-OPT__Orai1WT-MDSnap-Fr300/complex_0/rank2_confidence-2.50.sdf,DiffDock,True,True,True,True,True,True,True,True,True,True,True,True,True,True,True
/home/manndo/master_dev/diffdock_results/gsk7975a-prot-OPT__Orai1WT-MDSnap-Fr300/complex_0/rank2_confidence-2.59.sdf,DiffDock,True,True,True,True,True,True,True,True,True,True,True,True,True,True,True
/home/manndo/master_dev/diffdock_results/gsk7975a-prot-OPT__Orai1WT-MDSnap-Fr300/complex_0/rank3_confidence-1.62.sdf,DiffDock,True,True,True,True,True,True,True,True,True,True,True,True,True,True,True
/home/manndo/master_dev/diffdock_results/gsk7975a-prot-OPT__Orai1WT-MDSnap-Fr300/complex_0/rank3_confidence-2.77.sdf,DiffDock,True,True,True,True,True,True,True,True,True,True,True,True,True,True,True
/home/manndo/master_dev/diffdock_results/gsk7975a-prot-OPT__Orai1WT-MDSnap-Fr300/complex_0/rank3_confidence-3.49.sdf,DiffDock,True,True,True,True,True,True,True,True,True,True,True,True,True,True,True
/home/manndo/master_dev/diffdock_results/gsk7975a-prot-OPT__Orai1WT-MDSnap-Fr300/complex_0/rank4_confidence-1.97.sdf,DiffDock,True,True,True,True,True,True,True,True,True,True,True,True,True,True,True
/home/manndo/master_dev/diffdock_results/gsk7975a-prot-OPT__Orai1WT-MDSnap-Fr300/complex_0/rank4_confidence-3.58.sdf,DiffDock,True,True,True,True,True,True,True,True,True,True,True,True,True,True,True
/home/manndo/master_dev/diffdock_results/gsk7975a-prot-OPT__Orai1WT-MDSnap-Fr300/complex_0/rank5_confidence-2.00.sdf,DiffDock,True,True,True,True,True,True,True,True,True,True,True,True,True,True,True
/home/manndo/master_dev/diffdock_results/gsk7975a-prot-OPT__Orai1WT-MDSnap-Fr300/complex_0/rank5_confidence-3.19.sdf,DiffDock,True,True,True,True,True,True,True,True,True,True,True,True,True,True,True
/home/manndo/master_dev/diffdock_results/gsk7975a-prot-OPT__Orai1WT-MDSnap-Fr300/complex_0/rank5_confidence-3.89.sdf,DiffDock,True,True,True,True,True,True,True,True,True,True,True,True,True,True,True
/home/manndo/master_dev/diffdock_results/gsk7975a-prot-OPT__Orai1WT-MDSnap-Fr300/complex_0/rank6_confidence-2.16.sdf,DiffDock,True,True,True,True,True,True,True,True,True,True,True,True,True,True,True
/home/manndo/master_dev/diffdock_results/gsk7975a-prot-OPT__Orai1WT-MDSnap-Fr300/complex_0/rank6_confidence-4.09.sdf,DiffDock,True,True,True,True,True,True,True,True,True,True,True,True,True,True,True
/home/manndo/master_dev/diffdock_results/gsk7975a-prot-OPT__Orai1WT-MDSnap-Fr300/complex_0/rank6_confidence-4.60.sdf,DiffDock,True,True,True,True,True,True,True,True,True,True,True,True,True,True,True
/home/manndo/master_dev/diffdock_results/gsk7975a-prot-OPT__Orai1WT-MDSnap-Fr300/complex_0/rank7_confidence-2.27.sdf,DiffDock,True,True,True,True,True,True,True,True,True,True,True,True,True,True,True
/home/manndo/master_dev/diffdock_results/gsk7975a-prot-OPT__Orai1WT-MDSnap-Fr300/complex_0/rank7_confidence-4.35.sdf,DiffDock,True,True,True,True,True,True,True,True,True,True,True,True,True,True,True
/home/manndo/master_dev/diffdock_results/gsk7975a-prot-OPT__Orai1WT-MDSnap-Fr300/complex_0/rank7_confidence-4.71.sdf,DiffDock,True,True,True,True,True,True,True,True,True,True,True,True,True,True,True
/home/manndo/master_dev/diffdock_results/gsk7975a-prot-OPT__Orai1WT-MDSnap-Fr300/complex_0/rank8_confidence-2.44.sdf,DiffDock,True,True,True,True,True,True,True,True,True,True,True,True,True,True,True
/home/manndo/master_dev/diffdock_results/gsk7975a-prot-OPT__Orai1WT-MDSnap-Fr300/complex_0/rank8_confidence-4.42.sdf,DiffDock,True,True,True,True,True,True,True,True,True,True,True,True,True,True,True
/home/manndo/master_dev/diffdock_results/gsk7975a-prot-OPT__Orai1WT-MDSnap-Fr300/complex_0/rank8_confidence-4.81.sdf,DiffDock,True,True,True,True,True,True,True,True,True,True,True,True,True,True,True
/home/manndo/master_dev/diffdock_results/gsk7975a-prot-OPT__Orai1WT-MDSnap-Fr300/complex_0/rank9_confidence-2.46.sdf,DiffDock,True,True,True,True,True,True,True,True,True,True,True,True,True,True,True
/home/manndo/master_dev/diffdock_results/gsk7975a-prot-OPT__Orai1WT-MDSnap-Fr300/complex_0/rank9_confidence-4.66.sdf,DiffDock,True,True,True,True,True,True,True,True,True,True,True,True,True,True,True
/home/manndo/master_dev/diffdock_results/gsk7975a-prot-OPT__Orai1WT-MDSnap-Fr300/complex_0/rank9_confidence-5.66.sdf,DiffDock,True,True,True,True,True,True,True,True,True,True,True,True,True,True,True
/home/manndo/master_dev/diffdock_results/gsk7975a-prot-OPT__Orai1WT-START-Fr0/complex_0/rank1.sdf,DiffDock,True,True,True,True,True,True,True,True,True,True,True,True,True,True,True
/home/manndo/master_dev/diffdock_results/gsk7975a-prot-OPT__Orai1WT-START-Fr0/complex_0/rank10_confidence-2.71.sdf,DiffDock,True,True,True,True,True,True,True,True,True,True,True,True,True,True,True
/home/manndo/master_dev/diffdock_results/gsk7975a-prot-OPT__Orai1WT-START-Fr0/complex_0/rank10_confidence-4.47.sdf,DiffDock,True,True,True,True,True,True,True,True,True,True,True,True,True,True,True
/home/manndo/master_dev/diffdock_results/gsk7975a-prot-OPT__Orai1WT-START-Fr0/complex_0/rank11_confidence-2.83.sdf,DiffDock,True,True,True,True,True,True,True,True,True,True,True,True,True,True,True
/home/manndo/master_dev/diffdock_results/gsk7975a-prot-OPT__Orai1WT-START-Fr0/complex_0/rank12_confidence-2.91.sdf,DiffDock,True,True,True,True,True,True,True,True,True,True,True,True,True,True,True
/home/manndo/master_dev/diffdock_results/gsk7975a-prot-OPT__Orai1WT-START-Fr0/complex_0/rank13_confidence-3.03.sdf,DiffDock,True,True,True,True,True,True,True,True,True,True,True,True,True,True,True
/home/manndo/master_dev/diffdock_results/gsk7975a-prot-OPT__Orai1WT-START-Fr0/complex_0/rank14_confidence-3.15.sdf,DiffDock,True,True,True,True,True,True,True,True,True,True,True,True,True,True,True
/home/manndo/master_dev/diffdock_results/gsk7975a-prot-OPT__Orai1WT-START-Fr0/complex_0/rank15_confidence-3.17.sdf,DiffDock,True,True,True,True,True,True,True,True,True,True,True,True,True,True,True
/home/manndo/master_dev/diffdock_results/gsk7975a-prot-OPT__Orai1WT-START-Fr0/complex_0/rank16_confidence-3.33.sdf,DiffDock,True,True,True,True,True,True,True,True,True,True,True,True,True,True,True
/home/manndo/master_dev/diffdock_results/gsk7975a-prot-OPT__Orai1WT-START-Fr0/complex_0/rank17_confidence-3.33.sdf,DiffDock,True,True,True,True,True,True,True,True,True,True,True,True,True,True,True
/home/manndo/master_dev/diffdock_results/gsk7975a-prot-OPT__Orai1WT-START-Fr0/complex_0/rank18_confidence-3.35.sdf,DiffDock,True,True,True,True,True,True,True,True,True,True,True,True,True,True,True
/home/manndo/master_dev/diffdock_results/gsk7975a-prot-OPT__Orai1WT-START-Fr0/complex_0/rank19_confidence-3.48.sdf,DiffDock,True,True,True,True,True,True,True,True,True,True,True,True,True,True,True
/home/manndo/master_dev/diffdock_results/gsk7975a-prot-OPT__Orai1WT-START-Fr0/complex_0/rank1_confidence-1.38.sdf,DiffDock,True,True,True,True,True,True,True,True,True,True,True,True,True,True,True
/home/manndo/master_dev/diffdock_results/gsk7975a-prot-OPT__Orai1WT-START-Fr0/complex_0/rank1_confidence-1.59.sdf,DiffDock,True,True,True,True,True,True,True,True,True,True,True,True,True,True,True
/home/manndo/master_dev/diffdock_results/gsk7975a-prot-OPT__Orai1WT-START-Fr0/complex_0/rank20_confidence-3.56.sdf,DiffDock,True,True,True,True,True,True,True,True,True,True,True,True,True,True,True
/home/manndo/master_dev/diffdock_results/gsk7975a-prot-OPT__Orai1WT-START-Fr0/complex_0/rank21_confidence-3.60.sdf,DiffDock,True,True,True,True,True,True,True,True,True,True,True,True,True,True,True
/home/manndo/master_dev/diffdock_results/gsk7975a-prot-OPT__Orai1WT-START-Fr0/complex_0/rank22_confidence-3.69.sdf,DiffDock,True,True,True,True,True,True,True,True,True,True,True,True,True,True,True
/home/manndo/master_dev/diffdock_results/gsk7975a-prot-OPT__Orai1WT-START-Fr0/complex_0/rank23_confidence-4.02.sdf,DiffDock,True,True,True,True,True,True,True,True,True,True,True,True,True,True,True
/home/manndo/master_dev/diffdock_results/gsk7975a-prot-OPT__Orai1WT-START-Fr0/complex_0/rank24_confidence-4.03.sdf,DiffDock,True,True,True,True,True,True,True,True,True,True,True,True,True,True,True
/home/manndo/master_dev/diffdock_results/gsk7975a-prot-OPT__Orai1WT-START-Fr0/complex_0/rank25_confidence-4.21.sdf,DiffDock,True,True,True,True,True,True,True,True,True,True,True,True,True,True,True
/home/manndo/master_dev/diffdock_results/gsk7975a-prot-OPT__Orai1WT-START-Fr0/complex_0/rank26_confidence-4.35.sdf,DiffDock,True,True,True,True,True,True,True,True,True,True,True,True,True,True,True
/home/manndo/master_dev/diffdock_results/gsk7975a-prot-OPT__Orai1WT-START-Fr0/complex_0/rank27_confidence-4.44.sdf,DiffDock,True,True,True,True,True,True,True,True,True,True,True,True,True,True,True
/home/manndo/master_dev/diffdock_results/gsk7975a-prot-OPT__Orai1WT-START-Fr0/complex_0/rank28_confidence-4.50.sdf,DiffDock,True,True,True,True,True,True,True,True,True,True,True,True,True,True,True
/home/manndo/master_dev/diffdock_results/gsk7975a-prot-OPT__Orai1WT-START-Fr0/complex_0/rank29_confidence-4.95.sdf,DiffDock,True,True,True,True,True,True,True,True,True,True,True,True,True,True,True
/home/manndo/master_dev/diffdock_results/gsk7975a-prot-OPT__Orai1WT-START-Fr0/complex_0/rank2_confidence-1.70.sdf,DiffDock,True,True,True,True,True,True,True,True,True,True,True,True,True,True,True
/home/manndo/master_dev/diffdock_results/gsk7975a-prot-OPT__Orai1WT-START-Fr0/complex_0/rank2_confidence-1.73.sdf,DiffDock,True,True,True,True,True,True,True,True,True,True,True,True,True,True,True
/home/manndo/master_dev/diffdock_results/gsk7975a-prot-OPT__Orai1WT-START-Fr0/complex_0/rank30_confidence-5.34.sdf,DiffDock,True,True,True,True,True,True,True,True,True,True,True,True,True,True,True
/home/manndo/master_dev/diffdock_results/gsk7975a-prot-OPT__Orai1WT-START-Fr0/complex_0/rank3_confidence-1.86.sdf,DiffDock,True,True,True,True,True,True,True,True,True,True,True,True,True,True,True
/home/manndo/master_dev/diffdock_results/gsk7975a-prot-OPT__Orai1WT-START-Fr0/complex_0/rank3_confidence-2.28.sdf,DiffDock,True,True,True,True,True,True,True,True,True,True,True,True,True,True,True
/home/manndo/master_dev/diffdock_results/gsk7975a-prot-OPT__Orai1WT-START-Fr0/complex_0/rank4_confidence-2.09.sdf,DiffDock,True,True,True,True,True,True,True,True,True,True,True,True,True,True,True
/home/manndo/master_dev/diffdock_results/gsk7975a-prot-OPT__Orai1WT-START-Fr0/complex_0/rank4_confidence-2.37.sdf,DiffDock,True,True,True,True,True,True,True,True,True,True,True,True,True,True,True
/home/manndo/master_dev/diffdock_results/gsk7975a-prot-OPT__Orai1WT-START-Fr0/complex_0/rank5_confidence-2.37.sdf,DiffDock,True,True,True,True,True,True,True,True,True,True,True,True,True,True,True
/home/manndo/master_dev/diffdock_results/gsk7975a-prot-OPT__Orai1WT-START-Fr0/complex_0/rank5_confidence-2.48.sdf,DiffDock,True,True,True,True,True,True,True,True,True,True,True,True,True,True,True
/home/manndo/master_dev/diffdock_results/gsk7975a-prot-OPT__Orai1WT-START-Fr0/complex_0/rank6_confidence-2.45.sdf,DiffDock,True,True,True,True,True,True,True,True,True,True,True,True,True,True,True
/home/manndo/master_dev/diffdock_results/gsk7975a-prot-OPT__Orai1WT-START-Fr0/complex_0/rank6_confidence-2.59.sdf,DiffDock,True,True,True,True,True,True,True,True,True,True,True,True,True,True,True
/home/manndo/master_dev/diffdock_results/gsk7975a-prot-OPT__Orai1WT-START-Fr0/complex_0/rank7_confidence-2.57.sdf,DiffDock,True,True,True,True,True,True,True,True,True,True,True,True,True,True,True
/home/manndo/master_dev/diffdock_results/gsk7975a-prot-OPT__Orai1WT-START-Fr0/complex_0/rank7_confidence-2.82.sdf,DiffDock,True,True,True,True,True,True,True,True,True,True,True,True,True,True,True
/home/manndo/master_dev/diffdock_results/gsk7975a-prot-OPT__Orai1WT-START-Fr0/complex_0/rank8_confidence-2.59.sdf,DiffDock,True,True,True,True,True,True,True,True,True,True,True,True,True,True,True
/home/manndo/master_dev/diffdock_results/gsk7975a-prot-OPT__Orai1WT-START-Fr0/complex_0/rank8_confidence-3.43.sdf,DiffDock,True,True,True,True,True,True,True,True,True,True,True,True,True,True,True
/home/manndo/master_dev/diffdock_results/gsk7975a-prot-OPT__Orai1WT-START-Fr0/complex_0/rank9_confidence-2.67.sdf,DiffDock,True,True,True,True,True,True,True,True,True,True,True,True,True,True,True
/home/manndo/master_dev/diffdock_results/gsk7975a-prot-OPT__Orai1WT-START-Fr0/complex_0/rank9_confidence-4.15.sdf,DiffDock,True,True,True,True,True,True,True,True,True,True,True,True,True,True,True
/home/manndo/master_dev/diffdock_results/Synta-66-OPT-Singlet__Orai1WT-MDSnap-Fr400/complex_0/rank1.sdf,DiffDock,True,True,True,True,True,True,True,True,True,True,True,True,True,True,True
/home/manndo/master_dev/diffdock_results/Synta-66-OPT-Singlet__Orai1WT-MDSnap-Fr400/complex_0/rank10_confidence-2.36.sdf,DiffDock,True,True,True,True,True,True,True,True,True,True,True,True,True,True,True
/home/manndo/master_dev/diffdock_results/Synta-66-OPT-Singlet__Orai1WT-MDSnap-Fr400/complex_0/rank10_confidence-4.61.sdf,DiffDock,True,True,True,True,True,True,True,True,True,True,True,True,True,True,True
/home/manndo/master_dev/diffdock_results/Synta-66-OPT-Singlet__Orai1WT-MDSnap-Fr400/complex_0/rank11_confidence-2.43.sdf,DiffDock,True,True,True,True,True,True,True,True,True,True,True,True,True,True,True
/home/manndo/master_dev/diffdock_results/Synta-66-OPT-Singlet__Orai1WT-MDSnap-Fr400/complex_0/rank12_confidence-2.44.sdf,DiffDock,True,True,True,True,True,True,True,True,True,True,True,True,True,True,True
/home/manndo/master_dev/diffdock_results/Synta-66-OPT-Singlet__Orai1WT-MDSnap-Fr400/complex_0/rank13_confidence-2.47.sdf,DiffDock,True,True,True,True,True,True,True,True,True,True,True,True,True,True,True
/home/manndo/master_dev/diffdock_results/Synta-66-OPT-Singlet__Orai1WT-MDSnap-Fr400/complex_0/rank14_confidence-2.62.sdf,DiffDock,True,True,True,True,True,True,True,True,True,True,True,True,True,True,True
/home/manndo/master_dev/diffdock_results/Synta-66-OPT-Singlet__Orai1WT-MDSnap-Fr400/complex_0/rank15_confidence-2.93.sdf,DiffDock,True,True,True,True,True,True,True,True,True,True,True,True,True,True,True
/home/manndo/master_dev/diffdock_results/Synta-66-OPT-Singlet__Orai1WT-MDSnap-Fr400/complex_0/rank16_confidence-2.95.sdf,DiffDock,True,True,True,True,True,True,True,True,True,True,True,True,True,True,True
/home/manndo/master_dev/diffdock_results/Synta-66-OPT-Singlet__Orai1WT-MDSnap-Fr400/complex_0/rank17_confidence-3.01.sdf,DiffDock,True,True,True,True,True,True,True,True,True,True,True,True,True,True,True
/home/manndo/master_dev/diffdock_results/Synta-66-OPT-Singlet__Orai1WT-MDSnap-Fr400/complex_0/rank18_confidence-3.02.sdf,DiffDock,True,True,True,True,True,True,True,True,True,True,True,True,True,True,True
/home/manndo/master_dev/diffdock_results/Synta-66-OPT-Singlet__Orai1WT-MDSnap-Fr400/complex_0/rank19_confidence-3.03.sdf,DiffDock,True,True,True,True,True,True,True,True,True,True,True,True,True,True,True
/home/manndo/master_dev/diffdock_results/Synta-66-OPT-Singlet__Orai1WT-MDSnap-Fr400/complex_0/rank1_confidence-0.62.sdf,DiffDock,True,True,True,True,True,True,True,True,True,True,True,True,True,True,True
/home/manndo/master_dev/diffdock_results/Synta-66-OPT-Singlet__Orai1WT-MDSnap-Fr400/complex_0/rank1_confidence-2.34.sdf,DiffDock,True,True,True,True,True,True,True,True,True,True,True,True,True,True,True
/home/manndo/master_dev/diffdock_results/Synta-66-OPT-Singlet__Orai1WT-MDSnap-Fr400/complex_0/rank20_confidence-3.03.sdf,DiffDock,True,True,True,True,True,True,True,True,True,True,True,True,True,True,True
/home/manndo/master_dev/diffdock_results/Synta-66-OPT-Singlet__Orai1WT-MDSnap-Fr400/complex_0/rank21_confidence-3.06.sdf,DiffDock,True,True,True,True,True,True,True,True,True,True,True,True,True,True,True
/home/manndo/master_dev/diffdock_results/Synta-66-OPT-Singlet__Orai1WT-MDSnap-Fr400/complex_0/rank22_confidence-3.17.sdf,DiffDock,True,True,True,True,True,True,True,True,True,True,True,True,True,True,True
/home/manndo/master_dev/diffdock_results/Synta-66-OPT-Singlet__Orai1WT-MDSnap-Fr400/complex_0/rank23_confidence-3.39.sdf,DiffDock,True,True,True,True,True,True,True,True,True,True,True,True,True,True,True
/home/manndo/master_dev/diffdock_results/Synta-66-OPT-Singlet__Orai1WT-MDSnap-Fr400/complex_0/rank24_confidence-3.53.sdf,DiffDock,True,True,True,True,True,True,True,True,True,True,True,True,True,True,True
/home/manndo/master_dev/diffdock_results/Synta-66-OPT-Singlet__Orai1WT-MDSnap-Fr400/complex_0/rank25_confidence-3.60.sdf,DiffDock,True,True,True,True,True,True,True,True,True,True,True,True,True,True,True
/home/manndo/master_dev/diffdock_results/Synta-66-OPT-Singlet__Orai1WT-MDSnap-Fr400/complex_0/rank26_confidence-3.94.sdf,DiffDock,True,True,True,True,True,True,True,True,True,True,True,True,True,True,True
/home/manndo/master_dev/diffdock_results/Synta-66-OPT-Singlet__Orai1WT-MDSnap-Fr400/complex_0/rank27_confidence-4.44.sdf,DiffDock,True,True,True,True,True,True,True,True,True,True,True,True,True,True,True
/home/manndo/master_dev/diffdock_results/Synta-66-OPT-Singlet__Orai1WT-MDSnap-Fr400/complex_0/rank28_confidence-4.66.sdf,DiffDock,True,True,True,True,True,True,True,True,True,True,True,True,True,True,True
/home/manndo/master_dev/diffdock_results/Synta-66-OPT-Singlet__Orai1WT-MDSnap-Fr400/complex_0/rank29_confidence-5.65.sdf,DiffDock,True,True,True,True,True,True,True,True,True,True,True,True,True,True,True
/home/manndo/master_dev/diffdock_results/Synta-66-OPT-Singlet__Orai1WT-MDSnap-Fr400/complex_0/rank2_confidence-0.85.sdf,DiffDock,True,True,True,True,True,True,True,True,True,True,True,True,True,True,True
/home/manndo/master_dev/diffdock_results/Synta-66-OPT-Singlet__Orai1WT-MDSnap-Fr400/complex_0/rank2_confidence-2.39.sdf,DiffDock,True,True,True,True,True,True,True,True,True,True,True,True,True,True,True
/home/manndo/master_dev/diffdock_results/Synta-66-OPT-Singlet__Orai1WT-MDSnap-Fr400/complex_0/rank30_confidence-5.68.sdf,DiffDock,True,True,True,True,True,True,True,True,True,True,True,True,True,True,True
/home/manndo/master_dev/diffdock_results/Synta-66-OPT-Singlet__Orai1WT-MDSnap-Fr400/complex_0/rank3_confidence-1.50.sdf,DiffDock,True,True,True,True,True,True,True,True,True,True,True,True,True,True,True
/home/manndo/master_dev/diffdock_results/Synta-66-OPT-Singlet__Orai1WT-MDSnap-Fr400/complex_0/rank3_confidence-2.54.sdf,DiffDock,True,True,True,True,True,True,True,True,True,True,True,True,True,True,True
/home/manndo/master_dev/diffdock_results/Synta-66-OPT-Singlet__Orai1WT-MDSnap-Fr400/complex_0/rank4_confidence-1.58.sdf,DiffDock,True,True,True,True,True,True,True,True,True,True,True,True,True,True,True
/home/manndo/master_dev/diffdock_results/Synta-66-OPT-Singlet__Orai1WT-MDSnap-Fr400/complex_0/rank4_confidence-2.78.sdf,DiffDock,True,True,True,True,True,True,True,True,True,True,True,True,True,True,True
/home/manndo/master_dev/diffdock_results/Synta-66-OPT-Singlet__Orai1WT-MDSnap-Fr400/complex_0/rank5_confidence-1.82.sdf,DiffDock,True,True,True,True,True,True,True,True,True,True,True,True,True,True,True
/home/manndo/master_dev/diffdock_results/Synta-66-OPT-Singlet__Orai1WT-MDSnap-Fr400/complex_0/rank5_confidence-2.86.sdf,DiffDock,True,True,True,True,True,True,True,True,True,True,True,True,True,True,True
/home/manndo/master_dev/diffdock_results/Synta-66-OPT-Singlet__Orai1WT-MDSnap-Fr400/complex_0/rank6_confidence-1.91.sdf,DiffDock,True,True,True,True,True,True,True,True,True,True,True,True,True,True,True
/home/manndo/master_dev/diffdock_results/Synta-66-OPT-Singlet__Orai1WT-MDSnap-Fr400/complex_0/rank6_confidence-3.54.sdf,DiffDock,True,True,True,True,True,True,True,True,True,True,True,True,True,True,True
/home/manndo/master_dev/diffdock_results/Synta-66-OPT-Singlet__Orai1WT-MDSnap-Fr400/complex_0/rank7_confidence-1.97.sdf,DiffDock,True,True,True,True,True,True,True,True,True,True,True,True,True,True,True
/home/manndo/master_dev/diffdock_results/Synta-66-OPT-Singlet__Orai1WT-MDSnap-Fr400/complex_0/rank7_confidence-3.55.sdf,DiffDock,True,True,True,True,True,True,True,True,True,True,True,True,True,True,True
/home/manndo/master_dev/diffdock_results/Synta-66-OPT-Singlet__Orai1WT-MDSnap-Fr400/complex_0/rank8_confidence-2.02.sdf,DiffDock,True,True,True,True,True,True,True,True,True,True,True,True,True,True,True
/home/manndo/master_dev/diffdock_results/Synta-66-OPT-Singlet__Orai1WT-MDSnap-Fr400/complex_0/rank8_confidence-3.74.sdf,DiffDock,True,True,True,True,True,True,True,True,True,True,True,True,True,True,True
/home/manndo/master_dev/diffdock_results/Synta-66-OPT-Singlet__Orai1WT-MDSnap-Fr400/complex_0/rank9_confidence-2.32.sdf,DiffDock,True,True,True,True,True,True,True,True,True,True,True,True,True,True,True
/home/manndo/master_dev/diffdock_results/Synta-66-OPT-Singlet__Orai1WT-MDSnap-Fr400/complex_0/rank9_confidence-3.96.sdf,DiffDock,True,True,True,True,True,True,True,True,True,True,True,True,True,True,True
/home/manndo/master_dev/diffdock_results/Synta-66-OPT-Singlet__Orai1WT-MDSnap-Fr499/complex_0/rank1.sdf,DiffDock,True,True,True,True,True,True,True,True,True,True,True,True,True,True,True
/home/manndo/master_dev/diffdock_results/Synta-66-OPT-Singlet__Orai1WT-MDSnap-Fr499/complex_0/rank10_confidence-2.04.sdf,DiffDock,True,True,True,True,True,True,True,True,True,True,True,True,True,True,True
/home/manndo/master_dev/diffdock_results/Synta-66-OPT-Singlet__Orai1WT-MDSnap-Fr499/complex_0/rank10_confidence-4.80.sdf,DiffDock,True,True,True,True,True,True,True,True,True,True,True,True,True,True,True
/home/manndo/master_dev/diffdock_results/Synta-66-OPT-Singlet__Orai1WT-MDSnap-Fr499/complex_0/rank11_confidence-2.11.sdf,DiffDock,True,True,True,True,True,True,True,True,True,True,True,True,True,True,True
/home/manndo/master_dev/diffdock_results/Synta-66-OPT-Singlet__Orai1WT-MDSnap-Fr499/complex_0/rank12_confidence-2.36.sdf,DiffDock,True,True,True,True,True,True,True,True,True,True,True,True,True,True,True
/home/manndo/master_dev/diffdock_results/Synta-66-OPT-Singlet__Orai1WT-MDSnap-Fr499/complex_0/rank13_confidence-2.43.sdf,DiffDock,True,True,True,True,True,True,True,True,True,True,True,True,True,True,True
/home/manndo/master_dev/diffdock_results/Synta-66-OPT-Singlet__Orai1WT-MDSnap-Fr499/complex_0/rank14_confidence-2.52.sdf,DiffDock,True,True,True,True,True,True,True,True,True,True,True,True,True,True,True
/home/manndo/master_dev/diffdock_results/Synta-66-OPT-Singlet__Orai1WT-MDSnap-Fr499/complex_0/rank15_confidence-2.73.sdf,DiffDock,True,True,True,True,True,True,True,True,True,True,True,True,True,True,True
/home/manndo/master_dev/diffdock_results/Synta-66-OPT-Singlet__Orai1WT-MDSnap-Fr499/complex_0/rank16_confidence-2.88.sdf,DiffDock,True,True,True,True,True,True,True,True,True,True,True,True,True,True,True
/home/manndo/master_dev/diffdock_results/Synta-66-OPT-Singlet__Orai1WT-MDSnap-Fr499/complex_0/rank17_confidence-3.08.sdf,DiffDock,True,True,True,True,True,True,True,True,True,True,True,True,True,True,True
/home/manndo/master_dev/diffdock_results/Synta-66-OPT-Singlet__Orai1WT-MDSnap-Fr499/complex_0/rank18_confidence-3.27.sdf,DiffDock,True,True,True,True,True,True,True,True,True,True,True,True,True,True,True
/home/manndo/master_dev/diffdock_results/Synta-66-OPT-Singlet__Orai1WT-MDSnap-Fr499/complex_0/rank19_confidence-3.28.sdf,DiffDock,True,True,True,True,True,True,True,True,True,True,True,True,True,True,True
/home/manndo/master_dev/diffdock_results/Synta-66-OPT-Singlet__Orai1WT-MDSnap-Fr499/complex_0/rank1_confidence-0.89.sdf,DiffDock,True,True,True,True,True,True,True,True,True,True,True,True,True,True,True
/home/manndo/master_dev/diffdock_results/Synta-66-OPT-Singlet__Orai1WT-MDSnap-Fr499/complex_0/rank1_confidence-1.32.sdf,DiffDock,True,True,True,True,True,True,True,True,True,True,True,True,True,True,True
/home/manndo/master_dev/diffdock_results/Synta-66-OPT-Singlet__Orai1WT-MDSnap-Fr499/complex_0/rank20_confidence-3.29.sdf,DiffDock,True,True,True,True,True,True,True,True,True,True,True,True,True,True,True
/home/manndo/master_dev/diffdock_results/Synta-66-OPT-Singlet__Orai1WT-MDSnap-Fr499/complex_0/rank21_confidence-3.35.sdf,DiffDock,True,True,True,True,True,True,True,True,True,True,True,True,True,True,True
/home/manndo/master_dev/diffdock_results/Synta-66-OPT-Singlet__Orai1WT-MDSnap-Fr499/complex_0/rank22_confidence-3.39.sdf,DiffDock,True,True,True,True,True,True,True,True,True,True,True,True,True,True,True
/home/manndo/master_dev/diffdock_results/Synta-66-OPT-Singlet__Orai1WT-MDSnap-Fr499/complex_0/rank23_confidence-3.39.sdf,DiffDock,True,True,True,True,True,True,True,True,True,True,True,True,True,True,True
/home/manndo/master_dev/diffdock_results/Synta-66-OPT-Singlet__Orai1WT-MDSnap-Fr499/complex_0/rank24_confidence-3.72.sdf,DiffDock,True,True,True,True,True,True,True,True,True,True,True,True,True,True,True
/home/manndo/master_dev/diffdock_results/Synta-66-OPT-Singlet__Orai1WT-MDSnap-Fr499/complex_0/rank25_confidence-4.60.sdf,DiffDock,True,True,True,True,True,True,True,True,True,True,True,True,True,True,True
/home/manndo/master_dev/diffdock_results/Synta-66-OPT-Singlet__Orai1WT-MDSnap-Fr499/complex_0/rank26_confidence-4.82.sdf,DiffDock,True,True,True,True,True,True,True,True,True,True,True,True,True,True,True
/home/manndo/master_dev/diffdock_results/Synta-66-OPT-Singlet__Orai1WT-MDSnap-Fr499/complex_0/rank27_confidence-5.06.sdf,DiffDock,True,True,True,True,True,True,True,True,True,True,True,True,True,True,True
/home/manndo/master_dev/diffdock_results/Synta-66-OPT-Singlet__Orai1WT-MDSnap-Fr499/complex_0/rank28_confidence-5.27.sdf,DiffDock,True,True,True,True,True,True,True,True,True,True,True,True,True,True,True
/home/manndo/master_dev/diffdock_results/Synta-66-OPT-Singlet__Orai1WT-MDSnap-Fr499/complex_0/rank2_confidence-1.36.sdf,DiffDock,True,True,True,True,True,True,True,True,True,True,True,True,True,True,True
/home/manndo/master_dev/diffdock_results/Synta-66-OPT-Singlet__Orai1WT-MDSnap-Fr499/complex_0/rank2_confidence-1.62.sdf,DiffDock,True,True,True,True,True,True,True,True,True,True,True,True,True,True,True
/home/manndo/master_dev/diffdock_results/Synta-66-OPT-Singlet__Orai1WT-MDSnap-Fr499/complex_0/rank30_confidence-5.78.sdf,DiffDock,True,True,True,True,True,True,True,True,True,True,True,True,True,True,True
/home/manndo/master_dev/diffdock_results/Synta-66-OPT-Singlet__Orai1WT-MDSnap-Fr499/complex_0/rank3_confidence-1.37.sdf,DiffDock,True,True,True,True,True,True,True,True,True,True,True,True,True,True,True
/home/manndo/master_dev/diffdock_results/Synta-66-OPT-Singlet__Orai1WT-MDSnap-Fr499/complex_0/rank3_confidence-1.80.sdf,DiffDock,True,True,True,True,True,True,True,True,True,True,True,True,True,True,True
/home/manndo/master_dev/diffdock_results/Synta-66-OPT-Singlet__Orai1WT-MDSnap-Fr499/complex_0/rank4_confidence-1.67.sdf,DiffDock,True,True,True,True,True,True,True,True,True,True,True,True,True,True,True
/home/manndo/master_dev/diffdock_results/Synta-66-OPT-Singlet__Orai1WT-MDSnap-Fr499/complex_0/rank4_confidence-1.87.sdf,DiffDock,True,True,True,True,True,True,True,True,True,True,True,True,True,True,True
/home/manndo/master_dev/diffdock_results/Synta-66-OPT-Singlet__Orai1WT-MDSnap-Fr499/complex_0/rank5_confidence-1.82.sdf,DiffDock,True,True,True,True,True,True,True,True,True,True,True,True,True,True,True
/home/manndo/master_dev/diffdock_results/Synta-66-OPT-Singlet__Orai1WT-MDSnap-Fr499/complex_0/rank5_confidence-2.35.sdf,DiffDock,True,True,True,True,True,True,True,True,True,True,True,True,True,True,True
/home/manndo/master_dev/diffdock_results/Synta-66-OPT-Singlet__Orai1WT-MDSnap-Fr499/complex_0/rank6_confidence-1.90.sdf,DiffDock,True,True,True,True,True,True,True,True,True,True,True,True,True,True,True
/home/manndo/master_dev/diffdock_results/Synta-66-OPT-Singlet__Orai1WT-MDSnap-Fr499/complex_0/rank6_confidence-2.84.sdf,DiffDock,True,True,True,True,True,True,True,True,True,True,True,True,True,True,True
/home/manndo/master_dev/diffdock_results/Synta-66-OPT-Singlet__Orai1WT-MDSnap-Fr499/complex_0/rank7_confidence-1.91.sdf,DiffDock,True,True,True,True,True,True,True,True,True,True,True,True,True,True,True
/home/manndo/master_dev/diffdock_results/Synta-66-OPT-Singlet__Orai1WT-MDSnap-Fr499/complex_0/rank7_confidence-3.28.sdf,DiffDock,True,True,True,True,True,True,True,True,True,True,True,True,True,True,True
/home/manndo/master_dev/diffdock_results/Synta-66-OPT-Singlet__Orai1WT-MDSnap-Fr499/complex_0/rank8_confidence-1.97.sdf,DiffDock,True,True,True,True,True,True,True,True,True,True,True,True,True,True,True
/home/manndo/master_dev/diffdock_results/Synta-66-OPT-Singlet__Orai1WT-MDSnap-Fr499/complex_0/rank8_confidence-3.40.sdf,DiffDock,True,True,True,True,True,True,True,True,True,True,True,True,True,True,True
/home/manndo/master_dev/diffdock_results/Synta-66-OPT-Singlet__Orai1WT-MDSnap-Fr499/complex_0/rank9_confidence-1.98.sdf,DiffDock,True,True,True,True,True,True,True,True,True,True,True,True,True,True,True
/home/manndo/master_dev/diffdock_results/Synta-66-OPT-Singlet__Orai1WT-MDSnap-Fr499/complex_0/rank9_confidence-3.80.sdf,DiffDock,True,True,True,True,True,True,True,True,True,True,True,True,True,True,True
/home/manndo/master_dev/diffdock_results/2abp-nh2-OPT__Orai1WT-MDSnap-Fr400/complex_0/rank1.sdf,DiffDock,True,True,True,True,True,True,True,True,True,True,True,True,True,True,True
/home/manndo/master_dev/diffdock_results/2abp-nh2-OPT__Orai1WT-MDSnap-Fr400/complex_0/rank10_confidence-2.24.sdf,DiffDock,True,True,True,True,True,True,True,True,True,True,True,True,True,True,True
/home/manndo/master_dev/diffdock_results/2abp-nh2-OPT__Orai1WT-MDSnap-Fr400/complex_0/rank10_confidence-6.07.sdf,DiffDock,True,True,True,True,True,True,True,True,True,True,True,True,True,True,True
/home/manndo/master_dev/diffdock_results/2abp-nh2-OPT__Orai1WT-MDSnap-Fr400/complex_0/rank11_confidence-2.52.sdf,DiffDock,True,True,True,True,True,True,True,True,True,True,True,True,True,True,True
/home/manndo/master_dev/diffdock_results/2abp-nh2-OPT__Orai1WT-MDSnap-Fr400/complex_0/rank12_confidence-2.70.sdf,DiffDock,True,True,True,True,True,True,True,True,True,True,True,True,True,True,True
/home/manndo/master_dev/diffdock_results/2abp-nh2-OPT__Orai1WT-MDSnap-Fr400/complex_0/rank13_confidence-2.80.sdf,DiffDock,True,True,True,True,True,True,True,True,True,True,True,True,True,True,True
/home/manndo/master_dev/diffdock_results/2abp-nh2-OPT__Orai1WT-MDSnap-Fr400/complex_0/rank14_confidence-2.92.sdf,DiffDock,True,True,True,True,True,True,True,True,True,True,True,True,True,True,True
/home/manndo/master_dev/diffdock_results/2abp-nh2-OPT__Orai1WT-MDSnap-Fr400/complex_0/rank15_confidence-3.12.sdf,DiffDock,True,True,True,True,True,True,True,True,True,True,True,True,True,True,True
/home/manndo/master_dev/diffdock_results/2abp-nh2-OPT__Orai1WT-MDSnap-Fr400/complex_0/rank16_confidence-3.23.sdf,DiffDock,True,True,True,True,True,True,True,True,True,True,True,True,True,True,True
/home/manndo/master_dev/diffdock_results/2abp-nh2-OPT__Orai1WT-MDSnap-Fr400/complex_0/rank17_confidence-3.30.sdf,DiffDock,True,True,True,True,True,True,True,True,True,True,True,True,True,True,True
/home/manndo/master_dev/diffdock_results/2abp-nh2-OPT__Orai1WT-MDSnap-Fr400/complex_0/rank18_confidence-3.57.sdf,DiffDock,True,True,True,True,True,True,True,True,True,True,True,True,True,True,True
/home/manndo/master_dev/diffdock_results/2abp-nh2-OPT__Orai1WT-MDSnap-Fr400/complex_0/rank19_confidence-3.60.sdf,DiffDock,True,True,True,True,True,True,True,True,True,True,True,True,True,True,True
/home/manndo/master_dev/diffdock_results/2abp-nh2-OPT__Orai1WT-MDSnap-Fr400/complex_0/rank1_confidence-1.11.sdf,DiffDock,True,True,True,True,True,True,True,True,True,True,True,True,True,True,True
/home/manndo/master_dev/diffdock_results/2abp-nh2-OPT__Orai1WT-MDSnap-Fr400/complex_0/rank1_confidence-1.60.sdf,DiffDock,True,True,True,True,True,True,True,True,True,True,True,True,True,True,True
/home/manndo/master_dev/diffdock_results/2abp-nh2-OPT__Orai1WT-MDSnap-Fr400/complex_0/rank20_confidence-4.11.sdf,DiffDock,True,True,True,True,True,True,True,True,True,True,True,True,True,True,True
/home/manndo/master_dev/diffdock_results/2abp-nh2-OPT__Orai1WT-MDSnap-Fr400/complex_0/rank21_confidence-4.38.sdf,DiffDock,True,True,True,True,True,True,True,True,True,True,True,True,True,True,True
/home/manndo/master_dev/diffdock_results/2abp-nh2-OPT__Orai1WT-MDSnap-Fr400/complex_0/rank22_confidence-4.71.sdf,DiffDock,True,True,True,True,True,True,True,True,True,True,True,True,True,True,True
/home/manndo/master_dev/diffdock_results/2abp-nh2-OPT__Orai1WT-MDSnap-Fr400/complex_0/rank23_confidence-4.85.sdf,DiffDock,True,True,True,True,True,True,True,True,True,True,True,True,True,True,True
/home/manndo/master_dev/diffdock_results/2abp-nh2-OPT__Orai1WT-MDSnap-Fr400/complex_0/rank24_confidence-4.99.sdf,DiffDock,True,True,True,True,True,True,True,True,True,True,True,True,True,True,True
/home/manndo/master_dev/diffdock_results/2abp-nh2-OPT__Orai1WT-MDSnap-Fr400/complex_0/rank25_confidence-5.60.sdf,DiffDock,True,True,True,True,True,True,True,True,True,True,True,True,True,True,True
/home/manndo/master_dev/diffdock_results/2abp-nh2-OPT__Orai1WT-MDSnap-Fr400/complex_0/rank26_confidence-5.64.sdf,DiffDock,True,True,True,True,True,True,True,True,True,True,True,True,True,True,True
/home/manndo/master_dev/diffdock_results/2abp-nh2-OPT__Orai1WT-MDSnap-Fr400/complex_0/rank27_confidence-5.71.sdf,DiffDock,True,True,True,True,True,True,True,True,True,True,True,True,True,True,True
/home/manndo/master_dev/diffdock_results/2abp-nh2-OPT__Orai1WT-MDSnap-Fr400/complex_0/rank28_confidence-5.74.sdf,DiffDock,True,True,True,True,True,True,True,True,True,True,True,True,True,True,True
/home/manndo/master_dev/diffdock_results/2abp-nh2-OPT__Orai1WT-MDSnap-Fr400/complex_0/rank29_confidence-5.88.sdf,DiffDock,True,True,True,True,True,True,True,True,True,True,True,True,True,True,True
/home/manndo/master_dev/diffdock_results/2abp-nh2-OPT__Orai1WT-MDSnap-Fr400/complex_0/rank2_confidence-1.21.sdf,DiffDock,True,True,True,True,True,True,True,True,True,True,True,True,True,True,True
/home/manndo/master_dev/diffdock_results/2abp-nh2-OPT__Orai1WT-MDSnap-Fr400/complex_0/rank2_confidence-2.38.sdf,DiffDock,True,True,True,True,True,True,True,True,True,True,True,True,True,True,True
/home/manndo/master_dev/diffdock_results/2abp-nh2-OPT__Orai1WT-MDSnap-Fr400/complex_0/rank30_confidence-6.07.sdf,DiffDock,True,True,True,True,True,True,True,True,True,True,True,True,True,True,True
/home/manndo/master_dev/diffdock_results/2abp-nh2-OPT__Orai1WT-MDSnap-Fr400/complex_0/rank3_confidence-1.29.sdf,DiffDock,True,True,True,True,True,True,True,True,True,True,True,True,True,True,True
/home/manndo/master_dev/diffdock_results/2abp-nh2-OPT__Orai1WT-MDSnap-Fr400/complex_0/rank3_confidence-3.38.sdf,DiffDock,True,True,True,True,True,True,True,True,True,True,True,True,True,True,True
/home/manndo/master_dev/diffdock_results/2abp-nh2-OPT__Orai1WT-MDSnap-Fr400/complex_0/rank4_confidence-1.37.sdf,DiffDock,True,True,True,True,True,True,True,True,True,True,True,True,True,True,True
/home/manndo/master_dev/diffdock_results/2abp-nh2-OPT__Orai1WT-MDSnap-Fr400/complex_0/rank4_confidence-3.42.sdf,DiffDock,True,True,True,True,True,True,True,True,True,True,True,True,True,True,True
/home/manndo/master_dev/diffdock_results/2abp-nh2-OPT__Orai1WT-MDSnap-Fr400/complex_0/rank5_confidence-1.71.sdf,DiffDock,True,True,True,True,True,True,True,True,True,True,True,True,True,True,True
/home/manndo/master_dev/diffdock_results/2abp-nh2-OPT__Orai1WT-MDSnap-Fr400/complex_0/rank5_confidence-4.01.sdf,DiffDock,True,True,True,True,True,True,True,True,True,True,True,True,True,True,True
/home/manndo/master_dev/diffdock_results/2abp-nh2-OPT__Orai1WT-MDSnap-Fr400/complex_0/rank6_confidence-1.71.sdf,DiffDock,True,True,True,True,True,True,True,True,True,True,True,True,True,True,True
/home/manndo/master_dev/diffdock_results/2abp-nh2-OPT__Orai1WT-MDSnap-Fr400/complex_0/rank6_confidence-4.03.sdf,DiffDock,True,True,True,True,True,True,True,True,True,True,True,True,True,True,True
/home/manndo/master_dev/diffdock_results/2abp-nh2-OPT__Orai1WT-MDSnap-Fr400/complex_0/rank7_confidence-1.74.sdf,DiffDock,True,True,True,True,True,True,True,True,True,True,True,True,True,True,True
/home/manndo/master_dev/diffdock_results/2abp-nh2-OPT__Orai1WT-MDSnap-Fr400/complex_0/rank7_confidence-4.78.sdf,DiffDock,True,True,True,True,True,True,True,True,True,True,True,True,True,True,True
/home/manndo/master_dev/diffdock_results/2abp-nh2-OPT__Orai1WT-MDSnap-Fr400/complex_0/rank8_confidence-2.08.sdf,DiffDock,True,True,True,True,True,True,True,True,True,True,True,True,True,True,True
/home/manndo/master_dev/diffdock_results/2abp-nh2-OPT__Orai1WT-MDSnap-Fr400/complex_0/rank8_confidence-4.98.sdf,DiffDock,True,True,True,True,True,True,True,True,True,True,True,True,True,True,True
/home/manndo/master_dev/diffdock_results/2abp-nh2-OPT__Orai1WT-MDSnap-Fr400/complex_0/rank9_confidence-2.12.sdf,DiffDock,True,True,True,True,True,True,True,True,True,True,True,True,True,True,True
/home/manndo/master_dev/diffdock_results/2abp-nh2-OPT__Orai1WT-START-Fr0/complex_0/rank1.sdf,DiffDock,True,True,True,True,True,True,True,True,True,True,True,True,True,True,True
/home/manndo/master_dev/diffdock_results/2abp-nh2-OPT__Orai1WT-START-Fr0/complex_0/rank10_confidence-1.95.sdf,DiffDock,True,True,True,True,True,True,True,True,True,True,True,True,True,True,True
/home/manndo/master_dev/diffdock_results/2abp-nh2-OPT__Orai1WT-START-Fr0/complex_0/rank10_confidence-6.04.sdf,DiffDock,True,True,True,True,True,True,True,True,True,True,True,True,True,True,True
/home/manndo/master_dev/diffdock_results/2abp-nh2-OPT__Orai1WT-START-Fr0/complex_0/rank11_confidence-2.09.sdf,DiffDock,True,True,True,True,True,True,True,True,True,True,True,True,True,True,True
/home/manndo/master_dev/diffdock_results/2abp-nh2-OPT__Orai1WT-START-Fr0/complex_0/rank12_confidence-2.17.sdf,DiffDock,True,True,True,True,True,True,True,True,True,True,True,True,True,True,True
/home/manndo/master_dev/diffdock_results/2abp-nh2-OPT__Orai1WT-START-Fr0/complex_0/rank13_confidence-2.49.sdf,DiffDock,True,True,True,True,True,True,True,True,True,True,True,True,True,True,True
/home/manndo/master_dev/diffdock_results/2abp-nh2-OPT__Orai1WT-START-Fr0/complex_0/rank14_confidence-2.58.sdf,DiffDock,True,True,True,True,True,True,True,True,True,True,True,True,True,True,True
/home/manndo/master_dev/diffdock_results/2abp-nh2-OPT__Orai1WT-START-Fr0/complex_0/rank15_confidence-2.61.sdf,DiffDock,True,True,True,True,True,True,True,True,True,True,True,True,True,True,True
/home/manndo/master_dev/diffdock_results/2abp-nh2-OPT__Orai1WT-START-Fr0/complex_0/rank16_confidence-2.67.sdf,DiffDock,True,True,True,True,True,True,True,True,True,True,True,True,True,True,True
/home/manndo/master_dev/diffdock_results/2abp-nh2-OPT__Orai1WT-START-Fr0/complex_0/rank17_confidence-2.69.sdf,DiffDock,True,True,True,True,True,True,True,True,True,True,True,True,True,True,True
/home/manndo/master_dev/diffdock_results/2abp-nh2-OPT__Orai1WT-START-Fr0/complex_0/rank18_confidence-2.71.sdf,DiffDock,True,True,True,True,True,True,True,True,True,True,True,True,True,True,True
/home/manndo/master_dev/diffdock_results/2abp-nh2-OPT__Orai1WT-START-Fr0/complex_0/rank19_confidence-3.06.sdf,DiffDock,True,True,True,True,True,True,True,True,True,True,True,True,True,True,True
/home/manndo/master_dev/diffdock_results/2abp-nh2-OPT__Orai1WT-START-Fr0/complex_0/rank1_confidence-0.65.sdf,DiffDock,True,True,True,True,True,True,True,True,True,True,True,True,True,True,True
/home/manndo/master_dev/diffdock_results/2abp-nh2-OPT__Orai1WT-START-Fr0/complex_0/rank1_confidence-0.74.sdf,DiffDock,True,True,True,True,True,True,True,True,True,True,True,True,True,True,True
/home/manndo/master_dev/diffdock_results/2abp-nh2-OPT__Orai1WT-START-Fr0/complex_0/rank20_confidence-3.06.sdf,DiffDock,True,True,True,True,True,True,True,True,True,True,True,True,True,True,True
/home/manndo/master_dev/diffdock_results/2abp-nh2-OPT__Orai1WT-START-Fr0/complex_0/rank21_confidence-3.13.sdf,DiffDock,True,True,True,True,True,True,True,True,True,True,True,True,True,True,True
/home/manndo/master_dev/diffdock_results/2abp-nh2-OPT__Orai1WT-START-Fr0/complex_0/rank22_confidence-3.41.sdf,DiffDock,True,True,True,True,True,True,True,True,True,True,True,True,True,True,True
/home/manndo/master_dev/diffdock_results/2abp-nh2-OPT__Orai1WT-START-Fr0/complex_0/rank23_confidence-3.55.sdf,DiffDock,True,True,True,True,True,True,True,True,True,True,True,True,True,True,True
/home/manndo/master_dev/diffdock_results/2abp-nh2-OPT__Orai1WT-START-Fr0/complex_0/rank24_confidence-4.40.sdf,DiffDock,True,True,True,True,True,True,True,True,True,True,True,True,True,True,True
/home/manndo/master_dev/diffdock_results/2abp-nh2-OPT__Orai1WT-START-Fr0/complex_0/rank25_confidence-4.56.sdf,DiffDock,True,True,True,True,True,True,True,True,True,True,True,True,True,True,True
/home/manndo/master_dev/diffdock_results/2abp-nh2-OPT__Orai1WT-START-Fr0/complex_0/rank26_confidence-5.68.sdf,DiffDock,True,True,True,True,True,True,True,True,True,True,True,True,True,True,True
/home/manndo/master_dev/diffdock_results/2abp-nh2-OPT__Orai1WT-START-Fr0/complex_0/rank28_confidence-6.02.sdf,DiffDock,True,True,True,True,True,True,True,True,True,True,True,True,True,True,True
/home/manndo/master_dev/diffdock_results/2abp-nh2-OPT__Orai1WT-START-Fr0/complex_0/rank29_confidence-6.17.sdf,DiffDock,True,True,True,True,True,True,True,True,True,True,True,True,True,True,True
/home/manndo/master_dev/diffdock_results/2abp-nh2-OPT__Orai1WT-START-Fr0/complex_0/rank2_confidence-0.65.sdf,DiffDock,True,True,True,True,True,True,True,True,True,True,True,True,True,True,True
/home/manndo/master_dev/diffdock_results/2abp-nh2-OPT__Orai1WT-START-Fr0/complex_0/rank2_confidence-0.97.sdf,DiffDock,True,True,True,True,True,True,True,True,True,True,True,True,True,True,True
/home/manndo/master_dev/diffdock_results/2abp-nh2-OPT__Orai1WT-START-Fr0/complex_0/rank3_confidence-0.90.sdf,DiffDock,True,True,True,True,True,True,True,True,True,True,True,True,True,True,True
/home/manndo/master_dev/diffdock_results/2abp-nh2-OPT__Orai1WT-START-Fr0/complex_0/rank3_confidence-1.27.sdf,DiffDock,True,True,True,True,True,True,True,True,True,True,True,True,True,True,True
/home/manndo/master_dev/diffdock_results/2abp-nh2-OPT__Orai1WT-START-Fr0/complex_0/rank4_confidence-0.94.sdf,DiffDock,True,True,True,True,True,True,True,True,True,True,True,True,True,True,True
/home/manndo/master_dev/diffdock_results/2abp-nh2-OPT__Orai1WT-START-Fr0/complex_0/rank4_confidence-1.54.sdf,DiffDock,True,True,True,True,True,True,True,True,True,True,True,True,True,True,True
/home/manndo/master_dev/diffdock_results/2abp-nh2-OPT__Orai1WT-START-Fr0/complex_0/rank5_confidence-1.37.sdf,DiffDock,True,True,True,True,True,True,True,True,True,True,True,True,True,True,True
/home/manndo/master_dev/diffdock_results/2abp-nh2-OPT__Orai1WT-START-Fr0/complex_0/rank5_confidence-2.35.sdf,DiffDock,True,True,True,True,True,True,True,True,True,True,True,True,True,True,True
/home/manndo/master_dev/diffdock_results/2abp-nh2-OPT__Orai1WT-START-Fr0/complex_0/rank6_confidence-1.52.sdf,DiffDock,True,True,True,True,True,True,True,True,True,True,True,True,True,True,True
/home/manndo/master_dev/diffdock_results/2abp-nh2-OPT__Orai1WT-START-Fr0/complex_0/rank6_confidence-3.02.sdf,DiffDock,True,True,True,True,True,True,True,True,True,True,True,True,True,True,True
/home/manndo/master_dev/diffdock_results/2abp-nh2-OPT__Orai1WT-START-Fr0/complex_0/rank7_confidence-1.80.sdf,DiffDock,True,True,True,True,True,True,True,True,True,True,True,True,True,True,True
/home/manndo/master_dev/diffdock_results/2abp-nh2-OPT__Orai1WT-START-Fr0/complex_0/rank7_confidence-3.04.sdf,DiffDock,True,True,True,True,True,True,True,True,True,True,True,True,True,True,True
/home/manndo/master_dev/diffdock_results/2abp-nh2-OPT__Orai1WT-START-Fr0/complex_0/rank8_confidence-1.89.sdf,DiffDock,True,True,True,True,True,True,True,True,True,True,True,True,True,True,True
/home/manndo/master_dev/diffdock_results/2abp-nh2-OPT__Orai1WT-START-Fr0/complex_0/rank8_confidence-4.94.sdf,DiffDock,True,True,True,True,True,True,True,True,True,True,True,True,True,True,True
/home/manndo/master_dev/diffdock_results/2abp-nh2-OPT__Orai1WT-START-Fr0/complex_0/rank9_confidence-1.92.sdf,DiffDock,True,True,True,True,True,True,True,True,True,True,True,True,True,True,True
/home/manndo/master_dev/diffdock_results/2abp-nh2-OPT__Orai1WT-START-Fr0/complex_0/rank9_confidence-6.00.sdf,DiffDock,True,True,True,True,True,True,True,True,True,True,True,True,True,True,True
/home/manndo/master_dev/diffdock_results/gsk7975a-prot-OPT__Orai1WT-MDSnap-Fr400/complex_0/rank1.sdf,DiffDock,True,True,True,True,True,True,True,True,True,True,True,True,True,True,True
/home/manndo/master_dev/diffdock_results/gsk7975a-prot-OPT__Orai1WT-MDSnap-Fr400/complex_0/rank10_confidence-2.54.sdf,DiffDock,True,True,True,True,True,True,True,True,True,True,True,True,True,True,True
/home/manndo/master_dev/diffdock_results/gsk7975a-prot-OPT__Orai1WT-MDSnap-Fr400/complex_0/rank10_confidence-5.91.sdf,DiffDock,True,True,True,True,True,True,True,True,True,True,True,True,True,True,True
/home/manndo/master_dev/diffdock_results/gsk7975a-prot-OPT__Orai1WT-MDSnap-Fr400/complex_0/rank11_confidence-2.58.sdf,DiffDock,True,True,True,True,True,True,True,True,True,True,True,True,True,True,True
/home/manndo/master_dev/diffdock_results/gsk7975a-prot-OPT__Orai1WT-MDSnap-Fr400/complex_0/rank12_confidence-2.68.sdf,DiffDock,True,True,True,True,True,True,True,True,True,True,True,True,True,True,True
/home/manndo/master_dev/diffdock_results/gsk7975a-prot-OPT__Orai1WT-MDSnap-Fr400/complex_0/rank13_confidence-3.02.sdf,DiffDock,True,True,True,True,True,True,True,True,True,True,True,True,True,True,True
/home/manndo/master_dev/diffdock_results/gsk7975a-prot-OPT__Orai1WT-MDSnap-Fr400/complex_0/rank14_confidence-3.19.sdf,DiffDock,True,True,True,True,True,True,True,True,True,True,True,True,True,True,True
/home/manndo/master_dev/diffdock_results/gsk7975a-prot-OPT__Orai1WT-MDSnap-Fr400/complex_0/rank15_confidence-3.30.sdf,DiffDock,True,True,True,True,True,True,True,True,True,True,True,True,True,True,True
/home/manndo/master_dev/diffdock_results/gsk7975a-prot-OPT__Orai1WT-MDSnap-Fr400/complex_0/rank16_confidence-3.40.sdf,DiffDock,True,True,True,True,True,True,True,True,True,True,True,True,True,True,True
/home/manndo/master_dev/diffdock_results/gsk7975a-prot-OPT__Orai1WT-MDSnap-Fr400/complex_0/rank17_confidence-3.51.sdf,DiffDock,True,True,True,True,True,True,True,True,True,True,True,True,True,True,True
/home/manndo/master_dev/diffdock_results/gsk7975a-prot-OPT__Orai1WT-MDSnap-Fr400/complex_0/rank18_confidence-3.53.sdf,DiffDock,True,True,True,True,True,True,True,True,True,True,True,True,True,True,True
/home/manndo/master_dev/diffdock_results/gsk7975a-prot-OPT__Orai1WT-MDSnap-Fr400/complex_0/rank19_confidence-3.54.sdf,DiffDock,True,True,True,True,True,True,True,True,True,True,True,True,True,True,True
/home/manndo/master_dev/diffdock_results/gsk7975a-prot-OPT__Orai1WT-MDSnap-Fr400/complex_0/rank1_confidence-0.78.sdf,DiffDock,True,True,True,True,True,True,True,True,True,True,True,True,True,True,True
/home/manndo/master_dev/diffdock_results/gsk7975a-prot-OPT__Orai1WT-MDSnap-Fr400/complex_0/rank1_confidence-1.37.sdf,DiffDock,True,True,True,True,True,True,True,True,True,True,True,True,True,True,True
/home/manndo/master_dev/diffdock_results/gsk7975a-prot-OPT__Orai1WT-MDSnap-Fr400/complex_0/rank20_confidence-3.57.sdf,DiffDock,True,True,True,True,True,True,True,True,True,True,True,True,True,True,True
/home/manndo/master_dev/diffdock_results/gsk7975a-prot-OPT__Orai1WT-MDSnap-Fr400/complex_0/rank21_confidence-3.66.sdf,DiffDock,True,True,True,True,True,True,True,True,True,True,True,True,True,True,True
/home/manndo/master_dev/diffdock_results/gsk7975a-prot-OPT__Orai1WT-MDSnap-Fr400/complex_0/rank22_confidence-3.76.sdf,DiffDock,True,True,True,True,True,True,True,True,True,True,True,True,True,True,True
/home/manndo/master_dev/diffdock_results/gsk7975a-prot-OPT__Orai1WT-MDSnap-Fr400/complex_0/rank23_confidence-3.80.sdf,DiffDock,True,True,True,True,True,True,True,True,True,True,True,True,True,True,True
/home/manndo/master_dev/diffdock_results/gsk7975a-prot-OPT__Orai1WT-MDSnap-Fr400/complex_0/rank24_confidence-3.88.sdf,DiffDock,True,True,True,True,True,True,True,True,True,True,True,True,True,True,True
/home/manndo/master_dev/diffdock_results/gsk7975a-prot-OPT__Orai1WT-MDSnap-Fr400/complex_0/rank25_confidence-3.98.sdf,DiffDock,True,True,True,True,True,True,True,True,True,True,True,True,True,True,True
/home/manndo/master_dev/diffdock_results/gsk7975a-prot-OPT__Orai1WT-MDSnap-Fr400/complex_0/rank26_confidence-4.16.sdf,DiffDock,True,True,True,True,True,True,True,True,True,True,True,True,True,True,True
/home/manndo/master_dev/diffdock_results/gsk7975a-prot-OPT__Orai1WT-MDSnap-Fr400/complex_0/rank27_confidence-4.16.sdf,DiffDock,True,True,True,True,True,True,True,True,True,True,True,True,True,True,True
/home/manndo/master_dev/diffdock_results/gsk7975a-prot-OPT__Orai1WT-MDSnap-Fr400/complex_0/rank28_confidence-4.21.sdf,DiffDock,True,True,True,True,True,True,True,True,True,True,True,True,True,True,True
/home/manndo/master_dev/diffdock_results/gsk7975a-prot-OPT__Orai1WT-MDSnap-Fr400/complex_0/rank29_confidence-4.41.sdf,DiffDock,True,True,True,True,True,True,True,True,True,True,True,True,True,True,True
/home/manndo/master_dev/diffdock_results/gsk7975a-prot-OPT__Orai1WT-MDSnap-Fr400/complex_0/rank2_confidence-1.23.sdf,DiffDock,True,True,True,True,True,True,True,True,True,True,True,True,True,True,True
/home/manndo/master_dev/diffdock_results/gsk7975a-prot-OPT__Orai1WT-MDSnap-Fr400/complex_0/rank2_confidence-1.72.sdf,DiffDock,True,True,True,True,True,True,True,True,True,True,True,True,True,True,True
/home/manndo/master_dev/diffdock_results/gsk7975a-prot-OPT__Orai1WT-MDSnap-Fr400/complex_0/rank30_confidence-6.02.sdf,DiffDock,True,True,True,True,True,True,True,True,True,True,True,True,True,True,True
/home/manndo/master_dev/diffdock_results/gsk7975a-prot-OPT__Orai1WT-MDSnap-Fr400/complex_0/rank3_confidence-1.69.sdf,DiffDock,True,True,True,True,True,True,True,True,True,True,True,True,True,True,True
/home/manndo/master_dev/diffdock_results/gsk7975a-prot-OPT__Orai1WT-MDSnap-Fr400/complex_0/rank3_confidence-3.02.sdf,DiffDock,True,True,True,True,True,True,True,True,True,True,True,True,True,True,True
/home/manndo/master_dev/diffdock_results/gsk7975a-prot-OPT__Orai1WT-MDSnap-Fr400/complex_0/rank4_confidence-1.72.sdf,DiffDock,True,True,True,True,True,True,True,True,True,True,True,True,True,True,True
/home/manndo/master_dev/diffdock_results/gsk7975a-prot-OPT__Orai1WT-MDSnap-Fr400/complex_0/rank4_confidence-3.05.sdf,DiffDock,True,True,True,True,True,True,True,True,True,True,True,True,True,True,True
/home/manndo/master_dev/diffdock_results/gsk7975a-prot-OPT__Orai1WT-MDSnap-Fr400/complex_0/rank5_confidence-1.89.sdf,DiffDock,True,True,True,True,True,True,True,True,True,True,True,True,True,True,True
/home/manndo/master_dev/diffdock_results/gsk7975a-prot-OPT__Orai1WT-MDSnap-Fr400/complex_0/rank5_confidence-3.21.sdf,DiffDock,True,True,True,True,True,True,True,True,True,True,True,True,True,True,True
/home/manndo/master_dev/diffdock_results/gsk7975a-prot-OPT__Orai1WT-MDSnap-Fr400/complex_0/rank6_confidence-2.30.sdf,DiffDock,True,True,True,True,True,True,True,True,True,True,True,True,True,True,True
/home/manndo/master_dev/diffdock_results/gsk7975a-prot-OPT__Orai1WT-MDSnap-Fr400/complex_0/rank6_confidence-3.22.sdf,DiffDock,True,True,True,True,True,True,True,True,True,True,True,True,True,True,True
/home/manndo/master_dev/diffdock_results/gsk7975a-prot-OPT__Orai1WT-MDSnap-Fr400/complex_0/rank7_confidence-2.46.sdf,DiffDock,True,True,True,True,True,True,True,True,True,True,True,True,True,True,True
/home/manndo/master_dev/diffdock_results/gsk7975a-prot-OPT__Orai1WT-MDSnap-Fr400/complex_0/rank7_confidence-3.23.sdf,DiffDock,True,True,True,True,True,True,True,True,True,True,True,True,True,True,True
/home/manndo/master_dev/diffdock_results/gsk7975a-prot-OPT__Orai1WT-MDSnap-Fr400/complex_0/rank8_confidence-2.50.sdf,DiffDock,True,True,True,True,True,True,True,True,True,True,True,True,True,True,True
/home/manndo/master_dev/diffdock_results/gsk7975a-prot-OPT__Orai1WT-MDSnap-Fr400/complex_0/rank8_confidence-5.07.sdf,DiffDock,True,True,True,True,True,True,True,True,True,True,True,True,True,True,True
/home/manndo/master_dev/diffdock_results/gsk7975a-prot-OPT__Orai1WT-MDSnap-Fr400/complex_0/rank9_confidence-2.53.sdf,DiffDock,True,True,True,True,True,True,True,True,True,True,True,True,True,True,True
/home/manndo/master_dev/equibind_spatial_exclusion_poses/Synta-66-OPT-Singlet__Orai1WT-START-Fr0_spatial_sites/site_01/pose_01.sdf,EquiBind,True,True,True,True,True,True,True,True,True,True,True,True,True,True,True
/home/manndo/master_dev/equibind_spatial_exclusion_poses/Synta-66-OPT-Singlet__Orai1WT-START-Fr0_spatial_sites/site_01/pose_02.sdf,EquiBind,True,True,True,True,True,True,True,True,True,True,True,True,True,True,True
/home/manndo/master_dev/equibind_spatial_exclusion_poses/Synta-66-OPT-Singlet__Orai1WT-START-Fr0_spatial_sites/site_01/pose_03.sdf,EquiBind,True,True,True,True,True,True,True,True,True,True,True,True,True,True,True
/home/manndo/master_dev/equibind_spatial_exclusion_poses/Synta-66-OPT-Singlet__Orai1WT-START-Fr0_spatial_sites/site_01/pose_04.sdf,EquiBind,True,True,True,True,True,True,True,True,True,True,True,True,True,True,True
/home/manndo/master_dev/equibind_spatial_exclusion_poses/Synta-66-OPT-Singlet__Orai1WT-START-Fr0_spatial_sites/site_01/pose_05.sdf,EquiBind,True,True,True,True,True,True,True,True,True,True,True,True,True,True,True
/home/manndo/master_dev/equibind_spatial_exclusion_poses/Synta-66-OPT-Singlet__Orai1WT-START-Fr0_spatial_sites/site_01/pose_06.sdf,EquiBind,True,True,True,True,True,True,True,True,True,True,True,True,True,True,True
/home/manndo/master_dev/equibind_spatial_exclusion_poses/Synta-66-OPT-Singlet__Orai1WT-START-Fr0_spatial_sites/site_01/pose_07.sdf,EquiBind,True,True,True,True,True,True,True,True,True,True,True,True,True,True,True
/home/manndo/master_dev/equibind_spatial_exclusion_poses/Synta-66-OPT-Singlet__Orai1WT-START-Fr0_spatial_sites/site_01/pose_08.sdf,EquiBind,True,True,True,True,True,True,True,True,True,True,True,True,True,True,True
/home/manndo/master_dev/equibind_spatial_exclusion_poses/Synta-66-OPT-Singlet__Orai1WT-START-Fr0_spatial_sites/site_01/pose_09.sdf,EquiBind,True,True,True,True,True,True,True,True,True,True,True,True,True,True,True
/home/manndo/master_dev/equibind_spatial_exclusion_poses/Synta-66-OPT-Singlet__Orai1WT-START-Fr0_spatial_sites/site_01/pose_10.sdf,EquiBind,True,True,True,True,True,True,True,True,True,True,True,True,True,True,True
/home/manndo/master_dev/equibind_spatial_exclusion_poses/Synta-66-OPT-Singlet__Orai1WT-START-Fr0_spatial_sites/site_01/pose_11.sdf,EquiBind,True,True,True,True,True,True,True,True,True,True,True,True,True,True,True
/home/manndo/master_dev/equibind_spatial_exclusion_poses/Synta-66-OPT-Singlet__Orai1WT-START-Fr0_spatial_sites/site_01/pose_12.sdf,EquiBind,True,True,True,True,True,True,True,True,True,True,True,True,True,True,True
/home/manndo/master_dev/equibind_spatial_exclusion_poses/Synta-66-OPT-Singlet__Orai1WT-START-Fr0_spatial_sites/site_01/pose_13.sdf,EquiBind,True,True,True,True,True,True,True,True,True,True,True,True,True,True,True
/home/manndo/master_dev/equibind_spatial_exclusion_poses/Synta-66-OPT-Singlet__Orai1WT-START-Fr0_spatial_sites/site_01/pose_14.sdf,EquiBind,True,True,True,True,True,True,True,True,True,True,True,True,True,True,True
/home/manndo/master_dev/equibind_spatial_exclusion_poses/Synta-66-OPT-Singlet__Orai1WT-START-Fr0_spatial_sites/site_01/pose_15.sdf,EquiBind,True,True,True,True,True,True,True,True,True,True,True,True,True,True,True
/home/manndo/master_dev/equibind_spatial_exclusion_poses/Synta-66-OPT-Singlet__Orai1WT-START-Fr0_spatial_sites/site_01/pose_16.sdf,EquiBind,True,True,True,True,True,True,True,True,True,True,True,True,True,True,True
/home/manndo/master_dev/equibind_spatial_exclusion_poses/Synta-66-OPT-Singlet__Orai1WT-START-Fr0_spatial_sites/site_01/pose_17.sdf,EquiBind,True,True,True,True,True,True,True,True,True,True,True,True,True,True,True
/home/manndo/master_dev/equibind_spatial_exclusion_poses/Synta-66-OPT-Singlet__Orai1WT-START-Fr0_spatial_sites/site_01/pose_18.sdf,EquiBind,True,True,True,True,True,True,True,True,True,True,True,True,True,True,True
/home/manndo/master_dev/equibind_spatial_exclusion_poses/Synta-66-OPT-Singlet__Orai1WT-START-Fr0_spatial_sites/site_01/pose_19.sdf,EquiBind,True,True,True,True,True,True,True,True,True,True,True,True,True,True,True
/home/manndo/master_dev/equibind_spatial_exclusion_poses/Synta-66-OPT-Singlet__Orai1WT-START-Fr0_spatial_sites/site_01/pose_20.sdf,EquiBind,True,True,True,True,True,True,True,True,True,True,True,True,True,True,True
/home/manndo/master_dev/equibind_spatial_exclusion_poses/gsk7975a-deprot-OPT__Orai1WT-MDSnap-Fr499_spatial_sites/site_01/pose_04.sdf,EquiBind,True,True,True,True,True,True,True,True,True,True,True,True,True,True,True
/home/manndo/master_dev/equibind_spatial_exclusion_poses/gsk7975a-deprot-OPT__Orai1WT-MDSnap-Fr499_spatial_sites/site_01/pose_09.sdf,EquiBind,True,True,True,True,True,True,True,True,True,True,True,True,True,True,True
/home/manndo/master_dev/equibind_spatial_exclusion_poses/gsk7975a-deprot-OPT__Orai1WT-MDSnap-Fr499_spatial_sites/site_01/pose_11.sdf,EquiBind,True,True,True,True,True,True,True,True,True,True,True,True,True,True,True
/home/manndo/master_dev/equibind_spatial_exclusion_poses/gsk7975a-deprot-OPT__Orai1WT-MDSnap-Fr499_spatial_sites/site_01/pose_12.sdf,EquiBind,True,True,True,True,True,True,True,True,True,True,True,True,True,True,True
/home/manndo/master_dev/equibind_spatial_exclusion_poses/gsk7975a-deprot-OPT__Orai1WT-MDSnap-Fr499_spatial_sites/site_01/pose_16.sdf,EquiBind,True,True,True,True,True,True,True,True,True,True,True,True,True,True,True
/home/manndo/master_dev/equibind_spatial_exclusion_poses/gsk7975a-deprot-OPT__Orai1WT-MDSnap-Fr499_spatial_sites/site_02/pose_12.sdf,EquiBind,True,True,True,True,True,True,True,True,True,True,True,True,True,True,True
/home/manndo/master_dev/equibind_spatial_exclusion_poses/gsk7975a-deprot-OPT__Orai1WT-MDSnap-Fr499_spatial_sites/site_02/pose_19.sdf,EquiBind,True,True,True,True,True,True,True,True,True,True,True,True,True,True,True
/home/manndo/master_dev/equibind_spatial_exclusion_poses/gsk7975a-deprot-OPT__Orai1WT-MDSnap-Fr400_spatial_sites/site_01/pose_09.sdf,EquiBind,True,True,True,True,True,True,True,True,True,True,True,True,True,True,True
/home/manndo/master_dev/equibind_spatial_exclusion_poses/gsk7975a-deprot-OPT__Orai1WT-MDSnap-Fr400_spatial_sites/site_01/pose_14.sdf,EquiBind,True,True,True,True,True,True,True,True,True,True,True,True,True,True,True
/home/manndo/master_dev/equibind_spatial_exclusion_poses/gsk7975a-prot-OPT__Orai1WT-START-Fr0_spatial_sites/site_01/pose_01.sdf,EquiBind,True,True,True,True,True,True,True,True,True,True,True,True,True,True,True
/home/manndo/master_dev/equibind_spatial_exclusion_poses/gsk7975a-prot-OPT__Orai1WT-START-Fr0_spatial_sites/site_01/pose_02.sdf,EquiBind,True,True,True,True,True,True,True,True,True,True,True,True,True,True,True
/home/manndo/master_dev/equibind_spatial_exclusion_poses/gsk7975a-prot-OPT__Orai1WT-START-Fr0_spatial_sites/site_01/pose_04.sdf,EquiBind,True,True,True,True,True,True,True,True,True,True,True,True,True,True,True
/home/manndo/master_dev/equibind_spatial_exclusion_poses/gsk7975a-prot-OPT__Orai1WT-START-Fr0_spatial_sites/site_01/pose_05.sdf,EquiBind,True,True,True,True,True,True,True,True,True,True,True,True,True,True,True
/home/manndo/master_dev/equibind_spatial_exclusion_poses/gsk7975a-prot-OPT__Orai1WT-START-Fr0_spatial_sites/site_01/pose_06.sdf,EquiBind,True,True,True,True,True,True,True,True,True,True,True,True,True,True,True
/home/manndo/master_dev/equibind_spatial_exclusion_poses/gsk7975a-prot-OPT__Orai1WT-START-Fr0_spatial_sites/site_01/pose_09.sdf,EquiBind,True,True,True,True,True,True,True,True,True,True,True,True,True,True,True
/home/manndo/master_dev/equibind_spatial_exclusion_poses/gsk7975a-prot-OPT__Orai1WT-START-Fr0_spatial_sites/site_01/pose_10.sdf,EquiBind,True,True,True,True,True,True,True,True,True,True,True,True,True,True,True
/home/manndo/master_dev/equibind_spatial_exclusion_poses/gsk7975a-prot-OPT__Orai1WT-START-Fr0_spatial_sites/site_01/pose_13.sdf,EquiBind,True,True,True,True,True,True,True,True,True,True,True,True,True,True,True
/home/manndo/master_dev/equibind_spatial_exclusion_poses/gsk7975a-prot-OPT__Orai1WT-START-Fr0_spatial_sites/site_01/pose_15.sdf,EquiBind,True,True,True,True,True,True,True,True,True,True,True,True,True,True,True
/home/manndo/master_dev/equibind_spatial_exclusion_poses/gsk7975a-prot-OPT__Orai1WT-START-Fr0_spatial_sites/site_01/pose_16.sdf,EquiBind,True,True,True,True,True,True,True,True,True,True,True,True,True,True,True
/home/manndo/master_dev/equibind_spatial_exclusion_poses/gsk7975a-prot-OPT__Orai1WT-START-Fr0_spatial_sites/site_01/pose_18.sdf,EquiBind,True,True,True,True,True,True,True,True,True,True,True,True,True,True,True
/home/manndo/master_dev/equibind_spatial_exclusion_poses/gsk7975a-prot-OPT__Orai1WT-START-Fr0_spatial_sites/site_01/pose_19.sdf,EquiBind,True,True,True,True,True,True,True,True,True,True,True,True,True,True,True
/home/manndo/master_dev/equibind_spatial_exclusion_poses/gsk7975a-prot-OPT__Orai1WT-START-Fr0_spatial_sites/site_01/pose_20.sdf,EquiBind,True,True,True,True,True,True,True,True,True,True,True,True,True,True,True
/home/manndo/master_dev/equibind_spatial_exclusion_poses/gsk7975a-prot-OPT__Orai1WT-MDSnap-Fr400_spatial_sites/site_01/pose_01.sdf,EquiBind,True,True,True,True,True,True,True,True,True,True,True,True,True,True,True
/home/manndo/master_dev/equibind_spatial_exclusion_poses/gsk7975a-prot-OPT__Orai1WT-MDSnap-Fr400_spatial_sites/site_01/pose_02.sdf,EquiBind,True,True,True,True,True,True,True,True,True,True,True,True,True,True,True
/home/manndo/master_dev/equibind_spatial_exclusion_poses/gsk7975a-prot-OPT__Orai1WT-MDSnap-Fr400_spatial_sites/site_01/pose_04.sdf,EquiBind,True,True,True,True,True,True,True,True,True,True,True,True,True,True,True
/home/manndo/master_dev/equibind_spatial_exclusion_poses/gsk7975a-prot-OPT__Orai1WT-MDSnap-Fr400_spatial_sites/site_01/pose_05.sdf,EquiBind,True,True,True,True,True,True,True,True,True,True,True,True,True,True,True
/home/manndo/master_dev/equibind_spatial_exclusion_poses/gsk7975a-prot-OPT__Orai1WT-MDSnap-Fr400_spatial_sites/site_01/pose_06.sdf,EquiBind,True,True,True,True,True,True,True,True,True,True,True,True,True,True,True
/home/manndo/master_dev/equibind_spatial_exclusion_poses/gsk7975a-prot-OPT__Orai1WT-MDSnap-Fr400_spatial_sites/site_01/pose_09.sdf,EquiBind,True,True,True,True,True,True,True,True,True,True,True,True,True,True,True
/home/manndo/master_dev/equibind_spatial_exclusion_poses/gsk7975a-prot-OPT__Orai1WT-MDSnap-Fr400_spatial_sites/site_01/pose_13.sdf,EquiBind,True,True,True,True,True,True,True,True,True,True,True,True,True,True,True
/home/manndo/master_dev/equibind_spatial_exclusion_poses/gsk7975a-prot-OPT__Orai1WT-MDSnap-Fr400_spatial_sites/site_01/pose_15.sdf,EquiBind,True,True,True,True,True,True,True,True,True,True,True,True,True,True,True
/home/manndo/master_dev/equibind_spatial_exclusion_poses/gsk7975a-prot-OPT__Orai1WT-MDSnap-Fr400_spatial_sites/site_01/pose_17.sdf,EquiBind,True,True,True,True,True,True,True,True,True,True,True,True,True,True,True
/home/manndo/master_dev/equibind_spatial_exclusion_poses/Synta-66-OPT-Singlet__Orai1WT-MDSnap-Fr499_spatial_sites/site_01/pose_01.sdf,EquiBind,True,True,True,True,True,True,True,True,True,True,True,True,True,True,True
/home/manndo/master_dev/equibind_spatial_exclusion_poses/Synta-66-OPT-Singlet__Orai1WT-MDSnap-Fr499_spatial_sites/site_01/pose_02.sdf,EquiBind,True,True,True,True,True,True,True,True,True,True,True,True,True,True,True
/home/manndo/master_dev/equibind_spatial_exclusion_poses/Synta-66-OPT-Singlet__Orai1WT-MDSnap-Fr499_spatial_sites/site_01/pose_03.sdf,EquiBind,True,True,True,True,True,True,True,True,True,True,True,True,True,True,True
/home/manndo/master_dev/equibind_spatial_exclusion_poses/Synta-66-OPT-Singlet__Orai1WT-MDSnap-Fr499_spatial_sites/site_01/pose_04.sdf,EquiBind,True,True,True,True,True,True,True,True,True,True,True,True,True,True,True
/home/manndo/master_dev/equibind_spatial_exclusion_poses/Synta-66-OPT-Singlet__Orai1WT-MDSnap-Fr499_spatial_sites/site_01/pose_05.sdf,EquiBind,True,True,True,True,True,True,True,True,True,True,True,True,True,True,True
/home/manndo/master_dev/equibind_spatial_exclusion_poses/Synta-66-OPT-Singlet__Orai1WT-MDSnap-Fr499_spatial_sites/site_01/pose_06.sdf,EquiBind,True,True,True,True,True,True,True,True,True,True,True,True,True,True,True
/home/manndo/master_dev/equibind_spatial_exclusion_poses/Synta-66-OPT-Singlet__Orai1WT-MDSnap-Fr499_spatial_sites/site_01/pose_07.sdf,EquiBind,True,True,True,True,True,True,True,True,True,True,True,True,True,True,True
/home/manndo/master_dev/equibind_spatial_exclusion_poses/Synta-66-OPT-Singlet__Orai1WT-MDSnap-Fr499_spatial_sites/site_01/pose_08.sdf,EquiBind,True,True,True,True,True,True,True,True,True,True,True,True,True,True,True
/home/manndo/master_dev/equibind_spatial_exclusion_poses/Synta-66-OPT-Singlet__Orai1WT-MDSnap-Fr499_spatial_sites/site_01/pose_09.sdf,EquiBind,True,True,True,True,True,True,True,True,True,True,True,True,True,True,True
/home/manndo/master_dev/equibind_spatial_exclusion_poses/Synta-66-OPT-Singlet__Orai1WT-MDSnap-Fr499_spatial_sites/site_01/pose_10.sdf,EquiBind,True,True,True,True,True,True,True,True,True,True,True,True,True,True,True
/home/manndo/master_dev/equibind_spatial_exclusion_poses/Synta-66-OPT-Singlet__Orai1WT-MDSnap-Fr499_spatial_sites/site_01/pose_11.sdf,EquiBind,True,True,True,True,True,True,True,True,True,True,True,True,True,True,True
/home/manndo/master_dev/equibind_spatial_exclusion_poses/Synta-66-OPT-Singlet__Orai1WT-MDSnap-Fr499_spatial_sites/site_01/pose_12.sdf,EquiBind,True,True,True,True,True,True,True,True,True,True,True,True,True,True,True
/home/manndo/master_dev/equibind_spatial_exclusion_poses/Synta-66-OPT-Singlet__Orai1WT-MDSnap-Fr499_spatial_sites/site_01/pose_13.sdf,EquiBind,True,True,True,True,True,True,True,True,True,True,True,True,True,True,True
/home/manndo/master_dev/equibind_spatial_exclusion_poses/Synta-66-OPT-Singlet__Orai1WT-MDSnap-Fr499_spatial_sites/site_01/pose_14.sdf,EquiBind,True,True,True,True,True,True,True,True,True,True,True,True,True,True,True
/home/manndo/master_dev/equibind_spatial_exclusion_poses/Synta-66-OPT-Singlet__Orai1WT-MDSnap-Fr499_spatial_sites/site_01/pose_15.sdf,EquiBind,True,True,True,True,True,True,True,True,True,True,True,True,True,True,True
/home/manndo/master_dev/equibind_spatial_exclusion_poses/Synta-66-OPT-Singlet__Orai1WT-MDSnap-Fr499_spatial_sites/site_01/pose_16.sdf,EquiBind,True,True,True,True,True,True,True,True,True,True,True,True,True,True,True
/home/manndo/master_dev/equibind_spatial_exclusion_poses/Synta-66-OPT-Singlet__Orai1WT-MDSnap-Fr499_spatial_sites/site_01/pose_17.sdf,EquiBind,True,True,True,True,True,True,True,True,True,True,True,True,True,True,True
/home/manndo/master_dev/equibind_spatial_exclusion_poses/Synta-66-OPT-Singlet__Orai1WT-MDSnap-Fr499_spatial_sites/site_01/pose_18.sdf,EquiBind,True,True,True,True,True,True,True,True,True,True,True,True,True,True,True
/home/manndo/master_dev/equibind_spatial_exclusion_poses/Synta-66-OPT-Singlet__Orai1WT-MDSnap-Fr499_spatial_sites/site_01/pose_19.sdf,EquiBind,True,True,True,True,True,True,True,True,True,True,True,True,True,True,True
/home/manndo/master_dev/equibind_spatial_exclusion_poses/Synta-66-OPT-Singlet__Orai1WT-MDSnap-Fr499_spatial_sites/site_01/pose_20.sdf,EquiBind,True,True,True,True,True,True,True,True,True,True,True,True,True,True,True
/home/manndo/master_dev/equibind_spatial_exclusion_poses/gsk7975a-prot-OPT__Orai1WT-MDSnap-Fr300_spatial_sites/site_01/pose_01.sdf,EquiBind,True,True,True,True,True,True,True,True,True,True,True,True,True,True,True
/home/manndo/master_dev/equibind_spatial_exclusion_poses/gsk7975a-prot-OPT__Orai1WT-MDSnap-Fr300_spatial_sites/site_01/pose_02.sdf,EquiBind,True,True,True,True,True,True,True,True,True,True,True,True,True,True,True
/home/manndo/master_dev/equibind_spatial_exclusion_poses/gsk7975a-prot-OPT__Orai1WT-MDSnap-Fr300_spatial_sites/site_01/pose_03.sdf,EquiBind,True,True,True,True,True,True,True,True,True,True,True,True,True,True,True
/home/manndo/master_dev/equibind_spatial_exclusion_poses/gsk7975a-prot-OPT__Orai1WT-MDSnap-Fr300_spatial_sites/site_01/pose_04.sdf,EquiBind,True,True,True,True,True,True,True,True,True,True,True,True,True,True,True
/home/manndo/master_dev/equibind_spatial_exclusion_poses/gsk7975a-prot-OPT__Orai1WT-MDSnap-Fr300_spatial_sites/site_01/pose_06.sdf,EquiBind,True,True,True,True,True,True,True,True,True,True,True,True,True,True,True
/home/manndo/master_dev/equibind_spatial_exclusion_poses/gsk7975a-prot-OPT__Orai1WT-MDSnap-Fr300_spatial_sites/site_01/pose_09.sdf,EquiBind,True,True,True,True,True,True,True,True,True,True,True,True,True,True,True
/home/manndo/master_dev/equibind_spatial_exclusion_poses/gsk7975a-prot-OPT__Orai1WT-MDSnap-Fr300_spatial_sites/site_01/pose_13.sdf,EquiBind,True,True,True,True,True,True,True,True,True,True,True,True,True,True,True
/home/manndo/master_dev/equibind_spatial_exclusion_poses/gsk7975a-prot-OPT__Orai1WT-MDSnap-Fr300_spatial_sites/site_01/pose_15.sdf,EquiBind,True,True,True,True,True,True,True,True,True,True,True,True,True,True,True
/home/manndo/master_dev/equibind_spatial_exclusion_poses/gsk7975a-prot-OPT__Orai1WT-MDSnap-Fr300_spatial_sites/site_01/pose_16.sdf,EquiBind,True,True,True,True,True,True,True,True,True,True,True,True,True,True,True
/home/manndo/master_dev/equibind_spatial_exclusion_poses/gsk7975a-prot-OPT__Orai1WT-MDSnap-Fr300_spatial_sites/site_01/pose_20.sdf,EquiBind,True,True,True,True,True,True,True,True,True,True,True,True,True,True,True
/home/manndo/master_dev/equibind_spatial_exclusion_poses/2abp-nh2-OPT__Orai1WT-START-Fr0_spatial_sites/site_01/pose_01.sdf,EquiBind,True,True,True,True,True,True,True,True,True,True,True,True,True,True,True
/home/manndo/master_dev/equibind_spatial_exclusion_poses/2abp-nh2-OPT__Orai1WT-START-Fr0_spatial_sites/site_01/pose_02.sdf,EquiBind,True,True,True,True,True,True,True,True,True,True,True,True,True,True,True
/home/manndo/master_dev/equibind_spatial_exclusion_poses/2abp-nh2-OPT__Orai1WT-START-Fr0_spatial_sites/site_01/pose_03.sdf,EquiBind,True,True,True,True,True,True,True,True,True,True,True,True,True,True,True
/home/manndo/master_dev/equibind_spatial_exclusion_poses/2abp-nh2-OPT__Orai1WT-START-Fr0_spatial_sites/site_01/pose_04.sdf,EquiBind,True,True,True,True,True,True,True,True,True,True,True,True,True,True,True
/home/manndo/master_dev/equibind_spatial_exclusion_poses/2abp-nh2-OPT__Orai1WT-START-Fr0_spatial_sites/site_01/pose_05.sdf,EquiBind,True,True,True,True,True,True,True,True,True,True,True,True,True,True,True
/home/manndo/master_dev/equibind_spatial_exclusion_poses/2abp-nh2-OPT__Orai1WT-START-Fr0_spatial_sites/site_01/pose_06.sdf,EquiBind,True,True,True,True,True,True,True,True,True,True,True,True,True,True,True
/home/manndo/master_dev/equibind_spatial_exclusion_poses/2abp-nh2-OPT__Orai1WT-START-Fr0_spatial_sites/site_01/pose_07.sdf,EquiBind,True,True,True,True,True,True,True,True,True,True,True,True,True,True,True
/home/manndo/master_dev/equibind_spatial_exclusion_poses/2abp-nh2-OPT__Orai1WT-START-Fr0_spatial_sites/site_01/pose_08.sdf,EquiBind,True,True,True,True,True,True,True,True,True,True,True,True,True,True,True
/home/manndo/master_dev/equibind_spatial_exclusion_poses/2abp-nh2-OPT__Orai1WT-START-Fr0_spatial_sites/site_01/pose_09.sdf,EquiBind,True,True,True,True,True,True,True,True,True,True,True,True,True,True,True
/home/manndo/master_dev/equibind_spatial_exclusion_poses/2abp-nh2-OPT__Orai1WT-START-Fr0_spatial_sites/site_01/pose_11.sdf,EquiBind,True,True,True,True,True,True,True,True,True,True,True,True,True,True,True
/home/manndo/master_dev/equibind_spatial_exclusion_poses/2abp-nh2-OPT__Orai1WT-START-Fr0_spatial_sites/site_01/pose_12.sdf,EquiBind,True,True,True,True,True,True,True,True,True,True,True,True,True,True,True
/home/manndo/master_dev/equibind_spatial_exclusion_poses/2abp-nh2-OPT__Orai1WT-START-Fr0_spatial_sites/site_01/pose_13.sdf,EquiBind,True,True,True,True,True,True,True,True,True,True,True,True,True,True,True
/home/manndo/master_dev/equibind_spatial_exclusion_poses/2abp-nh2-OPT__Orai1WT-START-Fr0_spatial_sites/site_01/pose_15.sdf,EquiBind,True,True,True,True,True,True,True,True,True,True,True,True,True,True,True
/home/manndo/master_dev/equibind_spatial_exclusion_poses/2abp-nh2-OPT__Orai1WT-START-Fr0_spatial_sites/site_01/pose_16.sdf,EquiBind,True,True,True,True,True,True,True,True,True,True,True,True,True,True,True
/home/manndo/master_dev/equibind_spatial_exclusion_poses/2abp-nh2-OPT__Orai1WT-START-Fr0_spatial_sites/site_01/pose_17.sdf,EquiBind,True,True,True,True,True,True,True,True,True,True,True,True,True,True,True
/home/manndo/master_dev/equibind_spatial_exclusion_poses/2abp-nh2-OPT__Orai1WT-START-Fr0_spatial_sites/site_01/pose_18.sdf,EquiBind,True,True,True,True,True,True,True,True,True,True,True,True,True,True,True
/home/manndo/master_dev/equibind_spatial_exclusion_poses/2abp-nh2-OPT__Orai1WT-START-Fr0_spatial_sites/site_01/pose_19.sdf,EquiBind,True,True,True,True,True,True,True,True,True,True,True,True,True,True,True
/home/manndo/master_dev/equibind_spatial_exclusion_poses/2abp-nh2-OPT__Orai1WT-START-Fr0_spatial_sites/site_01/pose_20.sdf,EquiBind,True,True,True,True,True,True,True,True,True,True,True,True,True,True,True
/home/manndo/master_dev/equibind_spatial_exclusion_poses/gsk7975a-deprot-OPT__Orai1WT-MDSnap-Fr300_spatial_sites/site_01/pose_01.sdf,EquiBind,True,True,True,True,True,True,True,True,True,True,True,True,True,True,True
/home/manndo/master_dev/equibind_spatial_exclusion_poses/gsk7975a-deprot-OPT__Orai1WT-MDSnap-Fr300_spatial_sites/site_01/pose_10.sdf,EquiBind,True,True,True,True,True,True,True,True,True,True,True,True,True,True,True
/home/manndo/master_dev/equibind_spatial_exclusion_poses/gsk7975a-deprot-OPT__Orai1WT-MDSnap-Fr300_spatial_sites/site_01/pose_12.sdf,EquiBind,True,True,True,True,True,True,True,True,True,True,True,True,True,True,True
/home/manndo/master_dev/equibind_spatial_exclusion_poses/gsk7975a-deprot-OPT__Orai1WT-MDSnap-Fr300_spatial_sites/site_01/pose_13.sdf,EquiBind,True,True,True,True,True,True,True,True,True,True,True,True,True,True,True
/home/manndo/master_dev/equibind_spatial_exclusion_poses/gsk7975a-deprot-OPT__Orai1WT-MDSnap-Fr300_spatial_sites/site_01/pose_15.sdf,EquiBind,True,True,True,True,True,True,True,True,True,True,True,True,True,True,True
/home/manndo/master_dev/equibind_spatial_exclusion_poses/gsk7975a-deprot-OPT__Orai1WT-MDSnap-Fr300_spatial_sites/site_01/pose_16.sdf,EquiBind,True,True,True,True,True,True,True,True,True,True,True,True,True,True,True
/home/manndo/master_dev/equibind_spatial_exclusion_poses/gsk7975a-deprot-OPT__Orai1WT-MDSnap-Fr300_spatial_sites/site_01/pose_20.sdf,EquiBind,True,True,True,True,True,True,True,True,True,True,True,True,True,True,True
/home/manndo/master_dev/equibind_spatial_exclusion_poses/gsk7975a-deprot-OPT__Orai1WT-MDSnap-Fr300_spatial_sites/site_02/pose_03.sdf,EquiBind,True,True,True,True,True,True,True,True,True,True,True,True,True,True,True
/home/manndo/master_dev/equibind_spatial_exclusion_poses/gsk7975a-deprot-OPT__Orai1WT-MDSnap-Fr300_spatial_sites/site_02/pose_09.sdf,EquiBind,True,True,True,True,True,True,True,True,True,True,True,True,True,True,True
/home/manndo/master_dev/equibind_spatial_exclusion_poses/gsk7975a-deprot-OPT__Orai1WT-MDSnap-Fr300_spatial_sites/site_02/pose_11.sdf,EquiBind,True,True,True,True,True,True,True,True,True,True,True,True,True,True,True
/home/manndo/master_dev/equibind_spatial_exclusion_poses/gsk7975a-deprot-OPT__Orai1WT-MDSnap-Fr300_spatial_sites/site_02/pose_12.sdf,EquiBind,True,True,True,True,True,True,True,True,True,True,True,True,True,True,True
/home/manndo/master_dev/equibind_spatial_exclusion_poses/gsk7975a-deprot-OPT__Orai1WT-MDSnap-Fr300_spatial_sites/site_02/pose_13.sdf,EquiBind,True,True,True,True,True,True,True,True,True,True,True,True,True,True,True
/home/manndo/master_dev/equibind_spatial_exclusion_poses/gsk7975a-deprot-OPT__Orai1WT-MDSnap-Fr300_spatial_sites/site_02/pose_14.sdf,EquiBind,True,True,True,True,True,True,True,True,True,True,True,True,True,True,True
/home/manndo/master_dev/equibind_spatial_exclusion_poses/gsk7975a-deprot-OPT__Orai1WT-MDSnap-Fr300_spatial_sites/site_02/pose_20.sdf,EquiBind,True,True,True,True,True,True,True,True,True,True,True,True,True,True,True
/home/manndo/master_dev/equibind_spatial_exclusion_poses/2abp-nh2-OPT__Orai1WT-MDSnap-Fr499_spatial_sites/site_01/pose_01.sdf,EquiBind,True,True,True,True,True,True,True,True,True,True,True,True,True,True,True
/home/manndo/master_dev/equibind_spatial_exclusion_poses/2abp-nh2-OPT__Orai1WT-MDSnap-Fr499_spatial_sites/site_01/pose_02.sdf,EquiBind,True,True,True,True,True,True,True,True,True,True,True,True,True,True,True
/home/manndo/master_dev/equibind_spatial_exclusion_poses/2abp-nh2-OPT__Orai1WT-MDSnap-Fr499_spatial_sites/site_01/pose_03.sdf,EquiBind,True,True,True,True,True,True,True,True,True,True,True,True,True,True,True
/home/manndo/master_dev/equibind_spatial_exclusion_poses/2abp-nh2-OPT__Orai1WT-MDSnap-Fr499_spatial_sites/site_01/pose_04.sdf,EquiBind,True,True,True,True,True,True,True,True,True,True,True,True,True,True,True
/home/manndo/master_dev/equibind_spatial_exclusion_poses/2abp-nh2-OPT__Orai1WT-MDSnap-Fr499_spatial_sites/site_01/pose_05.sdf,EquiBind,True,True,True,True,True,True,True,True,True,True,True,True,True,True,True
/home/manndo/master_dev/equibind_spatial_exclusion_poses/2abp-nh2-OPT__Orai1WT-MDSnap-Fr499_spatial_sites/site_01/pose_06.sdf,EquiBind,True,True,True,True,True,True,True,True,True,True,True,True,True,True,True
/home/manndo/master_dev/equibind_spatial_exclusion_poses/2abp-nh2-OPT__Orai1WT-MDSnap-Fr499_spatial_sites/site_01/pose_08.sdf,EquiBind,True,True,True,True,True,True,True,True,True,True,True,True,True,True,True
/home/manndo/master_dev/equibind_spatial_exclusion_poses/2abp-nh2-OPT__Orai1WT-MDSnap-Fr499_spatial_sites/site_01/pose_09.sdf,EquiBind,True,True,True,True,True,True,True,True,True,True,True,True,True,True,True
/home/manndo/master_dev/equibind_spatial_exclusion_poses/2abp-nh2-OPT__Orai1WT-MDSnap-Fr499_spatial_sites/site_01/pose_11.sdf,EquiBind,True,True,True,True,True,True,True,True,True,True,True,True,True,True,True
/home/manndo/master_dev/equibind_spatial_exclusion_poses/2abp-nh2-OPT__Orai1WT-MDSnap-Fr499_spatial_sites/site_01/pose_12.sdf,EquiBind,True,True,True,True,True,True,True,True,True,True,True,True,True,True,True
/home/manndo/master_dev/equibind_spatial_exclusion_poses/2abp-nh2-OPT__Orai1WT-MDSnap-Fr499_spatial_sites/site_01/pose_13.sdf,EquiBind,True,True,True,True,True,True,True,True,True,True,True,True,True,True,True
/home/manndo/master_dev/equibind_spatial_exclusion_poses/2abp-nh2-OPT__Orai1WT-MDSnap-Fr499_spatial_sites/site_01/pose_15.sdf,EquiBind,True,True,True,True,True,True,True,True,True,True,True,True,True,True,True
/home/manndo/master_dev/equibind_spatial_exclusion_poses/2abp-nh2-OPT__Orai1WT-MDSnap-Fr499_spatial_sites/site_01/pose_16.sdf,EquiBind,True,True,True,True,True,True,True,True,True,True,True,True,True,True,True
/home/manndo/master_dev/equibind_spatial_exclusion_poses/2abp-nh2-OPT__Orai1WT-MDSnap-Fr499_spatial_sites/site_01/pose_17.sdf,EquiBind,True,True,True,True,True,True,True,True,True,True,True,True,True,True,True
/home/manndo/master_dev/equibind_spatial_exclusion_poses/2abp-nh2-OPT__Orai1WT-MDSnap-Fr499_spatial_sites/site_01/pose_18.sdf,EquiBind,True,True,True,True,True,True,True,True,True,True,True,True,True,True,True
/home/manndo/master_dev/equibind_spatial_exclusion_poses/2abp-nh2-OPT__Orai1WT-MDSnap-Fr499_spatial_sites/site_01/pose_19.sdf,EquiBind,True,True,True,True,True,True,True,True,True,True,True,True,True,True,True
/home/manndo/master_dev/equibind_spatial_exclusion_poses/2abp-nh2-OPT__Orai1WT-MDSnap-Fr499_spatial_sites/site_01/pose_20.sdf,EquiBind,True,True,True,True,True,True,True,True,True,True,True,True,True,True,True
/home/manndo/master_dev/equibind_spatial_exclusion_poses/2abp-nh2-OPT__Orai1WT-MDSnap-Fr499_spatial_sites/site_02/pose_01.sdf,EquiBind,True,True,True,True,True,True,True,True,True,True,True,True,True,True,True
/home/manndo/master_dev/equibind_spatial_exclusion_poses/2abp-nh2-OPT__Orai1WT-MDSnap-Fr499_spatial_sites/site_02/pose_04.sdf,EquiBind,True,True,True,True,True,True,True,True,True,True,True,True,True,True,True
/home/manndo/master_dev/equibind_spatial_exclusion_poses/2abp-nh2-OPT__Orai1WT-MDSnap-Fr499_spatial_sites/site_02/pose_05.sdf,EquiBind,True,True,True,True,True,True,True,True,True,True,True,True,True,True,True
/home/manndo/master_dev/equibind_spatial_exclusion_poses/2abp-nh2-OPT__Orai1WT-MDSnap-Fr499_spatial_sites/site_02/pose_07.sdf,EquiBind,True,True,True,True,True,True,True,True,True,True,True,True,True,True,True
/home/manndo/master_dev/equibind_spatial_exclusion_poses/2abp-nh2-OPT__Orai1WT-MDSnap-Fr499_spatial_sites/site_02/pose_08.sdf,EquiBind,True,True,True,True,True,True,True,True,True,True,True,True,True,True,True
/home/manndo/master_dev/equibind_spatial_exclusion_poses/2abp-nh2-OPT__Orai1WT-MDSnap-Fr499_spatial_sites/site_02/pose_09.sdf,EquiBind,True,True,True,True,True,True,True,True,True,True,True,True,True,True,True
/home/manndo/master_dev/equibind_spatial_exclusion_poses/2abp-nh2-OPT__Orai1WT-MDSnap-Fr499_spatial_sites/site_02/pose_10.sdf,EquiBind,True,True,True,True,True,True,True,True,True,True,True,True,True,True,True
/home/manndo/master_dev/equibind_spatial_exclusion_poses/2abp-nh2-OPT__Orai1WT-MDSnap-Fr499_spatial_sites/site_02/pose_12.sdf,EquiBind,True,True,True,True,True,True,True,True,True,True,True,True,True,True,True
/home/manndo/master_dev/equibind_spatial_exclusion_poses/2abp-nh2-OPT__Orai1WT-MDSnap-Fr499_spatial_sites/site_02/pose_13.sdf,EquiBind,True,True,True,True,True,True,True,True,True,True,True,True,True,True,True
/home/manndo/master_dev/equibind_spatial_exclusion_poses/gsk7975a-deprot-OPT__Orai1WT-START-Fr0_spatial_sites/site_01/pose_01.sdf,EquiBind,True,True,True,True,True,True,True,True,True,True,True,True,True,True,True
/home/manndo/master_dev/equibind_spatial_exclusion_poses/gsk7975a-deprot-OPT__Orai1WT-START-Fr0_spatial_sites/site_01/pose_08.sdf,EquiBind,True,True,True,True,True,True,True,True,True,True,True,True,True,True,True
/home/manndo/master_dev/equibind_spatial_exclusion_poses/gsk7975a-deprot-OPT__Orai1WT-START-Fr0_spatial_sites/site_01/pose_10.sdf,EquiBind,True,True,True,True,True,True,True,True,True,True,True,True,True,True,True
/home/manndo/master_dev/equibind_spatial_exclusion_poses/gsk7975a-deprot-OPT__Orai1WT-START-Fr0_spatial_sites/site_01/pose_11.sdf,EquiBind,True,True,True,True,True,True,True,True,True,True,True,True,True,True,True
/home/manndo/master_dev/equibind_spatial_exclusion_poses/gsk7975a-deprot-OPT__Orai1WT-START-Fr0_spatial_sites/site_01/pose_15.sdf,EquiBind,True,True,True,True,True,True,True,True,True,True,True,True,True,True,True
/home/manndo/master_dev/equibind_spatial_exclusion_poses/gsk7975a-deprot-OPT__Orai1WT-START-Fr0_spatial_sites/site_01/pose_16.sdf,EquiBind,True,True,True,True,True,True,True,True,True,True,True,True,True,True,True
/home/manndo/master_dev/equibind_spatial_exclusion_poses/gsk7975a-deprot-OPT__Orai1WT-START-Fr0_spatial_sites/site_02/pose_02.sdf,EquiBind,True,True,True,True,True,True,True,True,True,True,True,True,True,True,True
/home/manndo/master_dev/equibind_spatial_exclusion_poses/gsk7975a-deprot-OPT__Orai1WT-START-Fr0_spatial_sites/site_02/pose_03.sdf,EquiBind,True,True,True,True,True,True,True,True,True,True,True,True,True,True,True
/home/manndo/master_dev/equibind_spatial_exclusion_poses/gsk7975a-deprot-OPT__Orai1WT-START-Fr0_spatial_sites/site_02/pose_11.sdf,EquiBind,True,True,True,True,True,True,True,True,True,True,True,True,True,True,True
/home/manndo/master_dev/equibind_spatial_exclusion_poses/gsk7975a-deprot-OPT__Orai1WT-START-Fr0_spatial_sites/site_02/pose_18.sdf,EquiBind,True,True,True,True,True,True,True,True,True,True,True,True,True,True,True
/home/manndo/master_dev/equibind_spatial_exclusion_poses/2abp-nh2-OPT__Orai1WT-MDSnap-Fr300_spatial_sites/site_01/pose_01.sdf,EquiBind,True,True,True,True,True,True,True,True,True,True,True,True,True,True,True
/home/manndo/master_dev/equibind_spatial_exclusion_poses/2abp-nh2-OPT__Orai1WT-MDSnap-Fr300_spatial_sites/site_01/pose_02.sdf,EquiBind,True,True,True,True,True,True,True,True,True,True,True,True,True,True,True
/home/manndo/master_dev/equibind_spatial_exclusion_poses/2abp-nh2-OPT__Orai1WT-MDSnap-Fr300_spatial_sites/site_01/pose_03.sdf,EquiBind,True,True,True,True,True,True,True,True,True,True,True,True,True,True,True
/home/manndo/master_dev/equibind_spatial_exclusion_poses/2abp-nh2-OPT__Orai1WT-MDSnap-Fr300_spatial_sites/site_01/pose_04.sdf,EquiBind,True,True,True,True,True,True,True,True,True,True,True,True,True,True,True
/home/manndo/master_dev/equibind_spatial_exclusion_poses/2abp-nh2-OPT__Orai1WT-MDSnap-Fr300_spatial_sites/site_01/pose_05.sdf,EquiBind,True,True,True,True,True,True,True,True,True,True,True,True,True,True,True
/home/manndo/master_dev/equibind_spatial_exclusion_poses/2abp-nh2-OPT__Orai1WT-MDSnap-Fr300_spatial_sites/site_01/pose_06.sdf,EquiBind,True,True,True,True,True,True,True,True,True,True,True,True,True,True,True
/home/manndo/master_dev/equibind_spatial_exclusion_poses/2abp-nh2-OPT__Orai1WT-MDSnap-Fr300_spatial_sites/site_01/pose_07.sdf,EquiBind,True,True,True,True,True,True,True,True,True,True,True,True,True,True,True
/home/manndo/master_dev/equibind_spatial_exclusion_poses/2abp-nh2-OPT__Orai1WT-MDSnap-Fr300_spatial_sites/site_01/pose_08.sdf,EquiBind,True,True,True,True,True,True,True,True,True,True,True,True,True,True,True
/home/manndo/master_dev/equibind_spatial_exclusion_poses/2abp-nh2-OPT__Orai1WT-MDSnap-Fr300_spatial_sites/site_01/pose_09.sdf,EquiBind,True,True,True,True,True,True,True,True,True,True,True,True,True,True,True
/home/manndo/master_dev/equibind_spatial_exclusion_poses/2abp-nh2-OPT__Orai1WT-MDSnap-Fr300_spatial_sites/site_01/pose_10.sdf,EquiBind,True,True,True,True,True,True,True,True,True,True,True,True,True,True,True
/home/manndo/master_dev/equibind_spatial_exclusion_poses/2abp-nh2-OPT__Orai1WT-MDSnap-Fr300_spatial_sites/site_01/pose_11.sdf,EquiBind,True,True,True,True,True,True,True,True,True,True,True,True,True,True,True
/home/manndo/master_dev/equibind_spatial_exclusion_poses/2abp-nh2-OPT__Orai1WT-MDSnap-Fr300_spatial_sites/site_01/pose_12.sdf,EquiBind,True,True,True,True,True,True,True,True,True,True,True,True,True,True,True
/home/manndo/master_dev/equibind_spatial_exclusion_poses/2abp-nh2-OPT__Orai1WT-MDSnap-Fr300_spatial_sites/site_01/pose_13.sdf,EquiBind,True,True,True,True,True,True,True,True,True,True,True,True,True,True,True
/home/manndo/master_dev/equibind_spatial_exclusion_poses/2abp-nh2-OPT__Orai1WT-MDSnap-Fr300_spatial_sites/site_01/pose_14.sdf,EquiBind,True,True,True,True,True,True,True,True,True,True,True,True,True,True,True
/home/manndo/master_dev/equibind_spatial_exclusion_poses/2abp-nh2-OPT__Orai1WT-MDSnap-Fr300_spatial_sites/site_01/pose_15.sdf,EquiBind,True,True,True,True,True,True,True,True,True,True,True,True,True,True,True
/home/manndo/master_dev/equibind_spatial_exclusion_poses/2abp-nh2-OPT__Orai1WT-MDSnap-Fr300_spatial_sites/site_01/pose_16.sdf,EquiBind,True,True,True,True,True,True,True,True,True,True,True,True,True,True,True
/home/manndo/master_dev/equibind_spatial_exclusion_poses/2abp-nh2-OPT__Orai1WT-MDSnap-Fr300_spatial_sites/site_01/pose_17.sdf,EquiBind,True,True,True,True,True,True,True,True,True,True,True,True,True,True,True
/home/manndo/master_dev/equibind_spatial_exclusion_poses/2abp-nh2-OPT__Orai1WT-MDSnap-Fr300_spatial_sites/site_01/pose_18.sdf,EquiBind,True,True,True,True,True,True,True,True,True,True,True,True,True,True,True
/home/manndo/master_dev/equibind_spatial_exclusion_poses/2abp-nh2-OPT__Orai1WT-MDSnap-Fr300_spatial_sites/site_01/pose_19.sdf,EquiBind,True,True,True,True,True,True,True,True,True,True,True,True,True,True,True
/home/manndo/master_dev/equibind_spatial_exclusion_poses/2abp-nh2-OPT__Orai1WT-MDSnap-Fr300_spatial_sites/site_01/pose_20.sdf,EquiBind,True,True,True,True,True,True,True,True,True,True,True,True,True,True,True
/home/manndo/master_dev/equibind_spatial_exclusion_poses/2abp-nh2-OPT__Orai1WT-MDSnap-Fr300_spatial_sites/site_02/pose_01.sdf,EquiBind,True,True,True,True,True,True,True,True,True,True,True,True,True,True,True
/home/manndo/master_dev/equibind_spatial_exclusion_poses/2abp-nh2-OPT__Orai1WT-MDSnap-Fr300_spatial_sites/site_02/pose_02.sdf,EquiBind,True,True,True,True,True,True,True,True,True,True,True,True,True,True,True
/home/manndo/master_dev/equibind_spatial_exclusion_poses/2abp-nh2-OPT__Orai1WT-MDSnap-Fr300_spatial_sites/site_02/pose_03.sdf,EquiBind,True,True,True,True,True,True,True,True,True,True,True,True,True,True,True
/home/manndo/master_dev/equibind_spatial_exclusion_poses/2abp-nh2-OPT__Orai1WT-MDSnap-Fr300_spatial_sites/site_02/pose_04.sdf,EquiBind,True,True,True,True,True,True,True,True,True,True,True,True,True,True,True
/home/manndo/master_dev/equibind_spatial_exclusion_poses/2abp-nh2-OPT__Orai1WT-MDSnap-Fr300_spatial_sites/site_02/pose_05.sdf,EquiBind,True,True,True,True,True,True,True,True,True,True,True,True,True,True,True
/home/manndo/master_dev/equibind_spatial_exclusion_poses/2abp-nh2-OPT__Orai1WT-MDSnap-Fr300_spatial_sites/site_02/pose_06.sdf,EquiBind,True,True,True,True,True,True,True,True,True,True,True,True,True,True,True
/home/manndo/master_dev/equibind_spatial_exclusion_poses/2abp-nh2-OPT__Orai1WT-MDSnap-Fr300_spatial_sites/site_02/pose_07.sdf,EquiBind,True,True,True,True,True,True,True,True,True,True,True,True,True,True,True
/home/manndo/master_dev/equibind_spatial_exclusion_poses/2abp-nh2-OPT__Orai1WT-MDSnap-Fr300_spatial_sites/site_02/pose_08.sdf,EquiBind,True,True,True,True,True,True,True,True,True,True,True,True,True,True,True
/home/manndo/master_dev/equibind_spatial_exclusion_poses/2abp-nh2-OPT__Orai1WT-MDSnap-Fr300_spatial_sites/site_02/pose_09.sdf,EquiBind,True,True,True,True,True,True,True,True,True,True,True,True,True,True,True
/home/manndo/master_dev/equibind_spatial_exclusion_poses/2abp-nh2-OPT__Orai1WT-MDSnap-Fr300_spatial_sites/site_02/pose_10.sdf,EquiBind,True,True,True,True,True,True,True,True,True,True,True,True,True,True,True
/home/manndo/master_dev/equibind_spatial_exclusion_poses/2abp-nh2-OPT__Orai1WT-MDSnap-Fr300_spatial_sites/site_02/pose_11.sdf,EquiBind,True,True,True,True,True,True,True,True,True,True,True,True,True,True,True
/home/manndo/master_dev/equibind_spatial_exclusion_poses/2abp-nh2-OPT__Orai1WT-MDSnap-Fr300_spatial_sites/site_02/pose_13.sdf,EquiBind,True,True,True,True,True,True,True,True,True,True,True,True,True,True,True
/home/manndo/master_dev/equibind_spatial_exclusion_poses/2abp-nh2-OPT__Orai1WT-MDSnap-Fr300_spatial_sites/site_02/pose_14.sdf,EquiBind,True,True,True,True,True,True,True,True,True,True,True,True,True,True,True
/home/manndo/master_dev/equibind_spatial_exclusion_poses/2abp-nh2-OPT__Orai1WT-MDSnap-Fr300_spatial_sites/site_02/pose_15.sdf,EquiBind,True,True,True,True,True,True,True,True,True,True,True,True,True,True,True
/home/manndo/master_dev/equibind_spatial_exclusion_poses/2abp-nh2-OPT__Orai1WT-MDSnap-Fr300_spatial_sites/site_02/pose_16.sdf,EquiBind,True,True,True,True,True,True,True,True,True,True,True,True,True,True,True
/home/manndo/master_dev/equibind_spatial_exclusion_poses/2abp-nh2-OPT__Orai1WT-MDSnap-Fr300_spatial_sites/site_02/pose_17.sdf,EquiBind,True,True,True,True,True,True,True,True,True,True,True,True,True,True,True
/home/manndo/master_dev/equibind_spatial_exclusion_poses/2abp-nh2-OPT__Orai1WT-MDSnap-Fr300_spatial_sites/site_02/pose_18.sdf,EquiBind,True,True,True,True,True,True,True,True,True,True,True,True,True,True,True
/home/manndo/master_dev/equibind_spatial_exclusion_poses/2abp-nh2-OPT__Orai1WT-MDSnap-Fr300_spatial_sites/site_02/pose_19.sdf,EquiBind,True,True,True,True,True,True,True,True,True,True,True,True,True,True,True
/home/manndo/master_dev/equibind_spatial_exclusion_poses/2abp-nh2-OPT__Orai1WT-MDSnap-Fr300_spatial_sites/site_02/pose_20.sdf,EquiBind,True,True,True,True,True,True,True,True,True,True,True,True,True,True,True
/home/manndo/master_dev/equibind_spatial_exclusion_poses/2abp-nh2-OPT__Orai1WT-MDSnap-Fr400_spatial_sites/site_01/pose_01.sdf,EquiBind,True,True,True,True,True,True,True,True,True,True,True,True,True,True,True
/home/manndo/master_dev/equibind_spatial_exclusion_poses/2abp-nh2-OPT__Orai1WT-MDSnap-Fr400_spatial_sites/site_01/pose_02.sdf,EquiBind,True,True,True,True,True,True,True,True,True,True,True,True,True,True,True
/home/manndo/master_dev/equibind_spatial_exclusion_poses/2abp-nh2-OPT__Orai1WT-MDSnap-Fr400_spatial_sites/site_01/pose_03.sdf,EquiBind,True,True,True,True,True,True,True,True,True,True,True,True,True,True,True
/home/manndo/master_dev/equibind_spatial_exclusion_poses/2abp-nh2-OPT__Orai1WT-MDSnap-Fr400_spatial_sites/site_01/pose_04.sdf,EquiBind,True,True,True,True,True,True,True,True,True,True,True,True,True,True,True
/home/manndo/master_dev/equibind_spatial_exclusion_poses/2abp-nh2-OPT__Orai1WT-MDSnap-Fr400_spatial_sites/site_01/pose_05.sdf,EquiBind,True,True,True,True,True,True,True,True,True,True,True,True,True,True,True
/home/manndo/master_dev/equibind_spatial_exclusion_poses/2abp-nh2-OPT__Orai1WT-MDSnap-Fr400_spatial_sites/site_01/pose_06.sdf,EquiBind,True,True,True,True,True,True,True,True,True,True,True,True,True,True,True
/home/manndo/master_dev/equibind_spatial_exclusion_poses/2abp-nh2-OPT__Orai1WT-MDSnap-Fr400_spatial_sites/site_01/pose_07.sdf,EquiBind,True,True,True,True,True,True,True,True,True,True,True,True,True,True,True
/home/manndo/master_dev/equibind_spatial_exclusion_poses/2abp-nh2-OPT__Orai1WT-MDSnap-Fr400_spatial_sites/site_01/pose_08.sdf,EquiBind,True,True,True,True,True,True,True,True,True,True,True,True,True,True,True
/home/manndo/master_dev/equibind_spatial_exclusion_poses/2abp-nh2-OPT__Orai1WT-MDSnap-Fr400_spatial_sites/site_01/pose_09.sdf,EquiBind,True,True,True,True,True,True,True,True,True,True,True,True,True,True,True
/home/manndo/master_dev/equibind_spatial_exclusion_poses/2abp-nh2-OPT__Orai1WT-MDSnap-Fr400_spatial_sites/site_01/pose_11.sdf,EquiBind,True,True,True,True,True,True,True,True,True,True,True,True,True,True,True
/home/manndo/master_dev/equibind_spatial_exclusion_poses/2abp-nh2-OPT__Orai1WT-MDSnap-Fr400_spatial_sites/site_01/pose_13.sdf,EquiBind,True,True,True,True,True,True,True,True,True,True,True,True,True,True,True
/home/manndo/master_dev/equibind_spatial_exclusion_poses/2abp-nh2-OPT__Orai1WT-MDSnap-Fr400_spatial_sites/site_01/pose_15.sdf,EquiBind,True,True,True,True,True,True,True,True,True,True,True,True,True,True,True
/home/manndo/master_dev/equibind_spatial_exclusion_poses/2abp-nh2-OPT__Orai1WT-MDSnap-Fr400_spatial_sites/site_01/pose_16.sdf,EquiBind,True,True,True,True,True,True,True,True,True,True,True,True,True,True,True
/home/manndo/master_dev/equibind_spatial_exclusion_poses/2abp-nh2-OPT__Orai1WT-MDSnap-Fr400_spatial_sites/site_01/pose_17.sdf,EquiBind,True,True,True,True,True,True,True,True,True,True,True,True,True,True,True
/home/manndo/master_dev/equibind_spatial_exclusion_poses/2abp-nh2-OPT__Orai1WT-MDSnap-Fr400_spatial_sites/site_01/pose_18.sdf,EquiBind,True,True,True,True,True,True,True,True,True,True,True,True,True,True,True
/home/manndo/master_dev/equibind_spatial_exclusion_poses/2abp-nh2-OPT__Orai1WT-MDSnap-Fr400_spatial_sites/site_01/pose_20.sdf,EquiBind,True,True,True,True,True,True,True,True,True,True,True,True,True,True,True
/home/manndo/master_dev/equibind_spatial_exclusion_poses/2abp-nh2-OPT__Orai1WT-MDSnap-Fr400_spatial_sites/site_02/pose_01.sdf,EquiBind,True,True,True,True,True,True,True,True,True,True,True,True,True,True,True
/home/manndo/master_dev/equibind_spatial_exclusion_poses/2abp-nh2-OPT__Orai1WT-MDSnap-Fr400_spatial_sites/site_02/pose_02.sdf,EquiBind,True,True,True,True,True,True,True,True,True,True,True,True,True,True,True
/home/manndo/master_dev/equibind_spatial_exclusion_poses/2abp-nh2-OPT__Orai1WT-MDSnap-Fr400_spatial_sites/site_02/pose_03.sdf,EquiBind,True,True,True,True,True,True,True,True,True,True,True,True,True,True,True
/home/manndo/master_dev/equibind_spatial_exclusion_poses/2abp-nh2-OPT__Orai1WT-MDSnap-Fr400_spatial_sites/site_02/pose_04.sdf,EquiBind,True,True,True,True,True,True,True,True,True,True,True,True,True,True,True
/home/manndo/master_dev/equibind_spatial_exclusion_poses/2abp-nh2-OPT__Orai1WT-MDSnap-Fr400_spatial_sites/site_02/pose_05.sdf,EquiBind,True,True,True,True,True,True,True,True,True,True,True,True,True,True,True
/home/manndo/master_dev/equibind_spatial_exclusion_poses/2abp-nh2-OPT__Orai1WT-MDSnap-Fr400_spatial_sites/site_02/pose_06.sdf,EquiBind,True,True,True,True,True,True,True,True,True,True,True,True,True,True,True
/home/manndo/master_dev/equibind_spatial_exclusion_poses/2abp-nh2-OPT__Orai1WT-MDSnap-Fr400_spatial_sites/site_02/pose_07.sdf,EquiBind,True,True,True,True,True,True,True,True,True,True,True,True,True,True,True
/home/manndo/master_dev/equibind_spatial_exclusion_poses/2abp-nh2-OPT__Orai1WT-MDSnap-Fr400_spatial_sites/site_02/pose_08.sdf,EquiBind,True,True,True,True,True,True,True,True,True,True,True,True,True,True,True
/home/manndo/master_dev/equibind_spatial_exclusion_poses/2abp-nh2-OPT__Orai1WT-MDSnap-Fr400_spatial_sites/site_02/pose_09.sdf,EquiBind,True,True,True,True,True,True,True,True,True,True,True,True,True,True,True
/home/manndo/master_dev/equibind_spatial_exclusion_poses/2abp-nh2-OPT__Orai1WT-MDSnap-Fr400_spatial_sites/site_02/pose_12.sdf,EquiBind,True,True,True,True,True,True,True,True,True,True,True,True,True,True,True
/home/manndo/master_dev/equibind_spatial_exclusion_poses/2abp-nh2-OPT__Orai1WT-MDSnap-Fr400_spatial_sites/site_02/pose_13.sdf,EquiBind,True,True,True,True,True,True,True,True,True,True,True,True,True,True,True
/home/manndo/master_dev/equibind_spatial_exclusion_poses/2abp-nh2-OPT__Orai1WT-MDSnap-Fr400_spatial_sites/site_02/pose_15.sdf,EquiBind,True,True,True,True,True,True,True,True,True,True,True,True,True,True,True
/home/manndo/master_dev/equibind_spatial_exclusion_poses/2abp-nh2-OPT__Orai1WT-MDSnap-Fr400_spatial_sites/site_02/pose_16.sdf,EquiBind,True,True,True,True,True,True,True,True,True,True,True,True,True,True,True
/home/manndo/master_dev/equibind_spatial_exclusion_poses/2abp-nh2-OPT__Orai1WT-MDSnap-Fr400_spatial_sites/site_02/pose_17.sdf,EquiBind,True,True,True,True,True,True,True,True,True,True,True,True,True,True,True
/home/manndo/master_dev/equibind_spatial_exclusion_poses/2abp-nh2-OPT__Orai1WT-MDSnap-Fr400_spatial_sites/site_02/pose_18.sdf,EquiBind,True,True,True,True,True,True,True,True,True,True,True,True,True,True,True
/home/manndo/master_dev/equibind_spatial_exclusion_poses/2abp-nh2-OPT__Orai1WT-MDSnap-Fr400_spatial_sites/site_02/pose_19.sdf,EquiBind,True,True,True,True,True,True,True,True,True,True,True,True,True,True,True
/home/manndo/master_dev/equibind_spatial_exclusion_poses/2abp-nh2-OPT__Orai1WT-MDSnap-Fr400_spatial_sites/site_02/pose_20.sdf,EquiBind,True,True,True,True,True,True,True,True,True,True,True,True,True,True,True
/home/manndo/master_dev/equibind_spatial_exclusion_poses/gsk7975a-prot-OPT__Orai1WT-MDSnap-Fr499_spatial_sites/site_01/pose_01.sdf,EquiBind,True,True,True,True,True,True,True,True,True,True,True,True,True,True,True
/home/manndo/master_dev/equibind_spatial_exclusion_poses/gsk7975a-prot-OPT__Orai1WT-MDSnap-Fr499_spatial_sites/site_01/pose_03.sdf,EquiBind,True,True,True,True,True,True,True,True,True,True,True,True,True,True,True
/home/manndo/master_dev/equibind_spatial_exclusion_poses/gsk7975a-prot-OPT__Orai1WT-MDSnap-Fr499_spatial_sites/site_01/pose_04.sdf,EquiBind,True,True,True,True,True,True,True,True,True,True,True,True,True,True,True
/home/manndo/master_dev/equibind_spatial_exclusion_poses/gsk7975a-prot-OPT__Orai1WT-MDSnap-Fr499_spatial_sites/site_01/pose_05.sdf,EquiBind,True,True,True,True,True,True,True,True,True,True,True,True,True,True,True
/home/manndo/master_dev/equibind_spatial_exclusion_poses/gsk7975a-prot-OPT__Orai1WT-MDSnap-Fr499_spatial_sites/site_01/pose_07.sdf,EquiBind,True,True,True,True,True,True,True,True,True,True,True,True,True,True,True
/home/manndo/master_dev/equibind_spatial_exclusion_poses/gsk7975a-prot-OPT__Orai1WT-MDSnap-Fr499_spatial_sites/site_01/pose_08.sdf,EquiBind,True,True,True,True,True,True,True,True,True,True,True,True,True,True,True
/home/manndo/master_dev/equibind_spatial_exclusion_poses/gsk7975a-prot-OPT__Orai1WT-MDSnap-Fr499_spatial_sites/site_01/pose_09.sdf,EquiBind,True,True,True,True,True,True,True,True,True,True,True,True,True,True,True
/home/manndo/master_dev/equibind_spatial_exclusion_poses/gsk7975a-prot-OPT__Orai1WT-MDSnap-Fr499_spatial_sites/site_01/pose_10.sdf,EquiBind,True,True,True,True,True,True,True,True,True,True,True,True,True,True,True
/home/manndo/master_dev/equibind_spatial_exclusion_poses/gsk7975a-prot-OPT__Orai1WT-MDSnap-Fr499_spatial_sites/site_01/pose_11.sdf,EquiBind,True,True,True,True,True,True,True,True,True,True,True,True,True,True,True
/home/manndo/master_dev/equibind_spatial_exclusion_poses/gsk7975a-prot-OPT__Orai1WT-MDSnap-Fr499_spatial_sites/site_01/pose_12.sdf,EquiBind,True,True,True,True,True,True,True,True,True,True,True,True,True,True,True
/home/manndo/master_dev/equibind_spatial_exclusion_poses/gsk7975a-prot-OPT__Orai1WT-MDSnap-Fr499_spatial_sites/site_01/pose_13.sdf,EquiBind,True,True,True,True,True,True,True,True,True,True,True,True,True,True,True
/home/manndo/master_dev/equibind_spatial_exclusion_poses/gsk7975a-prot-OPT__Orai1WT-MDSnap-Fr499_spatial_sites/site_01/pose_14.sdf,EquiBind,True,True,True,True,True,True,True,True,True,True,True,True,True,True,True
/home/manndo/master_dev/equibind_spatial_exclusion_poses/gsk7975a-prot-OPT__Orai1WT-MDSnap-Fr499_spatial_sites/site_01/pose_15.sdf,EquiBind,True,True,True,True,True,True,True,True,True,True,True,True,True,True,True
/home/manndo/master_dev/equibind_spatial_exclusion_poses/gsk7975a-prot-OPT__Orai1WT-MDSnap-Fr499_spatial_sites/site_01/pose_16.sdf,EquiBind,True,True,True,True,True,True,True,True,True,True,True,True,True,True,True
/home/manndo/master_dev/equibind_spatial_exclusion_poses/gsk7975a-prot-OPT__Orai1WT-MDSnap-Fr499_spatial_sites/site_01/pose_17.sdf,EquiBind,True,True,True,True,True,True,True,True,True,True,True,True,True,True,True
/home/manndo/master_dev/equibind_spatial_exclusion_poses/gsk7975a-prot-OPT__Orai1WT-MDSnap-Fr499_spatial_sites/site_01/pose_18.sdf,EquiBind,True,True,True,True,True,True,True,True,True,True,True,True,True,True,True
/home/manndo/master_dev/equibind_spatial_exclusion_poses/gsk7975a-prot-OPT__Orai1WT-MDSnap-Fr499_spatial_sites/site_01/pose_20.sdf,EquiBind,True,True,True,True,True,True,True,True,True,True,True,True,True,True,True
/home/manndo/master_dev/equibind_spatial_exclusion_poses/Synta-66-OPT-Singlet__Orai1WT-MDSnap-Fr300_spatial_sites/site_01/pose_01.sdf,EquiBind,True,True,True,True,True,True,True,True,True,True,True,True,True,True,True
/home/manndo/master_dev/equibind_spatial_exclusion_poses/Synta-66-OPT-Singlet__Orai1WT-MDSnap-Fr300_spatial_sites/site_01/pose_02.sdf,EquiBind,True,True,True,True,True,True,True,True,True,True,True,True,True,True,True
/home/manndo/master_dev/equibind_spatial_exclusion_poses/Synta-66-OPT-Singlet__Orai1WT-MDSnap-Fr300_spatial_sites/site_01/pose_03.sdf,EquiBind,True,True,True,True,True,True,True,True,True,True,True,True,True,True,True
/home/manndo/master_dev/equibind_spatial_exclusion_poses/Synta-66-OPT-Singlet__Orai1WT-MDSnap-Fr300_spatial_sites/site_01/pose_04.sdf,EquiBind,True,True,True,True,True,True,True,True,True,True,True,True,True,True,True
/home/manndo/master_dev/equibind_spatial_exclusion_poses/Synta-66-OPT-Singlet__Orai1WT-MDSnap-Fr300_spatial_sites/site_01/pose_05.sdf,EquiBind,True,True,True,True,True,True,True,True,True,True,True,True,True,True,True
/home/manndo/master_dev/equibind_spatial_exclusion_poses/Synta-66-OPT-Singlet__Orai1WT-MDSnap-Fr300_spatial_sites/site_01/pose_06.sdf,EquiBind,True,True,True,True,True,True,True,True,True,True,True,True,True,True,True
/home/manndo/master_dev/equibind_spatial_exclusion_poses/Synta-66-OPT-Singlet__Orai1WT-MDSnap-Fr300_spatial_sites/site_01/pose_07.sdf,EquiBind,True,True,True,True,True,True,True,True,True,True,True,True,True,True,True
/home/manndo/master_dev/equibind_spatial_exclusion_poses/Synta-66-OPT-Singlet__Orai1WT-MDSnap-Fr300_spatial_sites/site_01/pose_08.sdf,EquiBind,True,True,True,True,True,True,True,True,True,True,True,True,True,True,True
/home/manndo/master_dev/equibind_spatial_exclusion_poses/Synta-66-OPT-Singlet__Orai1WT-MDSnap-Fr300_spatial_sites/site_01/pose_09.sdf,EquiBind,True,True,True,True,True,True,True,True,True,True,True,True,True,True,True
/home/manndo/master_dev/equibind_spatial_exclusion_poses/Synta-66-OPT-Singlet__Orai1WT-MDSnap-Fr300_spatial_sites/site_01/pose_10.sdf,EquiBind,True,True,True,True,True,True,True,True,True,True,True,True,True,True,True
/home/manndo/master_dev/equibind_spatial_exclusion_poses/Synta-66-OPT-Singlet__Orai1WT-MDSnap-Fr300_spatial_sites/site_01/pose_11.sdf,EquiBind,True,True,True,True,True,True,True,True,True,True,True,True,True,True,True
/home/manndo/master_dev/equibind_spatial_exclusion_poses/Synta-66-OPT-Singlet__Orai1WT-MDSnap-Fr300_spatial_sites/site_01/pose_12.sdf,EquiBind,True,True,True,True,True,True,True,True,True,True,True,True,True,True,True
/home/manndo/master_dev/equibind_spatial_exclusion_poses/Synta-66-OPT-Singlet__Orai1WT-MDSnap-Fr300_spatial_sites/site_01/pose_13.sdf,EquiBind,True,True,True,True,True,True,True,True,True,True,True,True,True,True,True
/home/manndo/master_dev/equibind_spatial_exclusion_poses/Synta-66-OPT-Singlet__Orai1WT-MDSnap-Fr300_spatial_sites/site_01/pose_14.sdf,EquiBind,True,True,True,True,True,True,True,True,True,True,True,True,True,True,True
/home/manndo/master_dev/equibind_spatial_exclusion_poses/Synta-66-OPT-Singlet__Orai1WT-MDSnap-Fr300_spatial_sites/site_01/pose_15.sdf,EquiBind,True,True,True,True,True,True,True,True,True,True,True,True,True,True,True
/home/manndo/master_dev/equibind_spatial_exclusion_poses/Synta-66-OPT-Singlet__Orai1WT-MDSnap-Fr300_spatial_sites/site_01/pose_16.sdf,EquiBind,True,True,True,True,True,True,True,True,True,True,True,True,True,True,True
/home/manndo/master_dev/equibind_spatial_exclusion_poses/Synta-66-OPT-Singlet__Orai1WT-MDSnap-Fr300_spatial_sites/site_01/pose_17.sdf,EquiBind,True,True,True,True,True,True,True,True,True,True,True,True,True,True,True
/home/manndo/master_dev/equibind_spatial_exclusion_poses/Synta-66-OPT-Singlet__Orai1WT-MDSnap-Fr300_spatial_sites/site_01/pose_18.sdf,EquiBind,True,True,True,True,True,True,True,True,True,True,True,True,True,True,True
/home/manndo/master_dev/equibind_spatial_exclusion_poses/Synta-66-OPT-Singlet__Orai1WT-MDSnap-Fr300_spatial_sites/site_01/pose_19.sdf,EquiBind,True,True,True,True,True,True,True,True,True,True,True,True,True,True,True
/home/manndo/master_dev/equibind_spatial_exclusion_poses/Synta-66-OPT-Singlet__Orai1WT-MDSnap-Fr300_spatial_sites/site_01/pose_20.sdf,EquiBind,True,True,True,True,True,True,True,True,True,True,True,True,True,True,True
/home/manndo/master_dev/equibind_spatial_exclusion_poses/Synta-66-OPT-Singlet__Orai1WT-MDSnap-Fr300_spatial_sites/site_02/pose_01.sdf,EquiBind,True,True,True,True,True,True,True,True,True,True,True,True,True,True,True
/home/manndo/master_dev/equibind_spatial_exclusion_poses/Synta-66-OPT-Singlet__Orai1WT-MDSnap-Fr300_spatial_sites/site_02/pose_02.sdf,EquiBind,True,True,True,True,True,True,True,True,True,True,True,True,True,True,True
/home/manndo/master_dev/equibind_spatial_exclusion_poses/Synta-66-OPT-Singlet__Orai1WT-MDSnap-Fr300_spatial_sites/site_02/pose_03.sdf,EquiBind,True,True,True,True,True,True,True,True,True,True,True,True,True,True,True
/home/manndo/master_dev/equibind_spatial_exclusion_poses/Synta-66-OPT-Singlet__Orai1WT-MDSnap-Fr300_spatial_sites/site_02/pose_04.sdf,EquiBind,True,True,True,True,True,True,True,True,True,True,True,True,True,True,True
/home/manndo/master_dev/equibind_spatial_exclusion_poses/Synta-66-OPT-Singlet__Orai1WT-MDSnap-Fr300_spatial_sites/site_02/pose_05.sdf,EquiBind,True,True,True,True,True,True,True,True,True,True,True,True,True,True,True
/home/manndo/master_dev/equibind_spatial_exclusion_poses/Synta-66-OPT-Singlet__Orai1WT-MDSnap-Fr400_spatial_sites/site_01/pose_01.sdf,EquiBind,True,True,True,True,True,True,True,True,True,True,True,True,True,True,True
/home/manndo/master_dev/equibind_spatial_exclusion_poses/Synta-66-OPT-Singlet__Orai1WT-MDSnap-Fr400_spatial_sites/site_01/pose_02.sdf,EquiBind,True,True,True,True,True,True,True,True,True,True,True,True,True,True,True
/home/manndo/master_dev/equibind_spatial_exclusion_poses/Synta-66-OPT-Singlet__Orai1WT-MDSnap-Fr400_spatial_sites/site_01/pose_03.sdf,EquiBind,True,True,True,True,True,True,True,True,True,True,True,True,True,True,True
/home/manndo/master_dev/equibind_spatial_exclusion_poses/Synta-66-OPT-Singlet__Orai1WT-MDSnap-Fr400_spatial_sites/site_01/pose_04.sdf,EquiBind,True,True,True,True,True,True,True,True,True,True,True,True,True,True,True
/home/manndo/master_dev/equibind_spatial_exclusion_poses/Synta-66-OPT-Singlet__Orai1WT-MDSnap-Fr400_spatial_sites/site_01/pose_05.sdf,EquiBind,True,True,True,True,True,True,True,True,True,True,True,True,True,True,True
/home/manndo/master_dev/equibind_spatial_exclusion_poses/Synta-66-OPT-Singlet__Orai1WT-MDSnap-Fr400_spatial_sites/site_01/pose_06.sdf,EquiBind,True,True,True,True,True,True,True,True,True,True,True,True,True,True,True
/home/manndo/master_dev/equibind_spatial_exclusion_poses/Synta-66-OPT-Singlet__Orai1WT-MDSnap-Fr400_spatial_sites/site_01/pose_07.sdf,EquiBind,True,True,True,True,True,True,True,True,True,True,True,True,True,True,True
/home/manndo/master_dev/equibind_spatial_exclusion_poses/Synta-66-OPT-Singlet__Orai1WT-MDSnap-Fr400_spatial_sites/site_01/pose_08.sdf,EquiBind,True,True,True,True,True,True,True,True,True,True,True,True,True,True,True
/home/manndo/master_dev/equibind_spatial_exclusion_poses/Synta-66-OPT-Singlet__Orai1WT-MDSnap-Fr400_spatial_sites/site_01/pose_09.sdf,EquiBind,True,True,True,True,True,True,True,True,True,True,True,True,True,True,True
/home/manndo/master_dev/equibind_spatial_exclusion_poses/Synta-66-OPT-Singlet__Orai1WT-MDSnap-Fr400_spatial_sites/site_01/pose_10.sdf,EquiBind,True,True,True,True,True,True,True,True,True,True,True,True,True,True,True
/home/manndo/master_dev/equibind_spatial_exclusion_poses/Synta-66-OPT-Singlet__Orai1WT-MDSnap-Fr400_spatial_sites/site_01/pose_11.sdf,EquiBind,True,True,True,True,True,True,True,True,True,True,True,True,True,True,True
/home/manndo/master_dev/equibind_spatial_exclusion_poses/Synta-66-OPT-Singlet__Orai1WT-MDSnap-Fr400_spatial_sites/site_01/pose_12.sdf,EquiBind,True,True,True,True,True,True,True,True,True,True,True,True,True,True,True
/home/manndo/master_dev/equibind_spatial_exclusion_poses/Synta-66-OPT-Singlet__Orai1WT-MDSnap-Fr400_spatial_sites/site_01/pose_13.sdf,EquiBind,True,True,True,True,True,True,True,True,True,True,True,True,True,True,True
/home/manndo/master_dev/equibind_spatial_exclusion_poses/Synta-66-OPT-Singlet__Orai1WT-MDSnap-Fr400_spatial_sites/site_01/pose_14.sdf,EquiBind,True,True,True,True,True,True,True,True,True,True,True,True,True,True,True
/home/manndo/master_dev/equibind_spatial_exclusion_poses/Synta-66-OPT-Singlet__Orai1WT-MDSnap-Fr400_spatial_sites/site_01/pose_15.sdf,EquiBind,True,True,True,True,True,True,True,True,True,True,True,True,True,True,True
/home/manndo/master_dev/equibind_spatial_exclusion_poses/Synta-66-OPT-Singlet__Orai1WT-MDSnap-Fr400_spatial_sites/site_01/pose_16.sdf,EquiBind,True,True,True,True,True,True,True,True,True,True,True,True,True,True,True
/home/manndo/master_dev/equibind_spatial_exclusion_poses/Synta-66-OPT-Singlet__Orai1WT-MDSnap-Fr400_spatial_sites/site_01/pose_17.sdf,EquiBind,True,True,True,True,True,True,True,True,True,True,True,True,True,True,True
/home/manndo/master_dev/equibind_spatial_exclusion_poses/Synta-66-OPT-Singlet__Orai1WT-MDSnap-Fr400_spatial_sites/site_01/pose_18.sdf,EquiBind,True,True,True,True,True,True,True,True,True,True,True,True,True,True,True
/home/manndo/master_dev/equibind_spatial_exclusion_poses/Synta-66-OPT-Singlet__Orai1WT-MDSnap-Fr400_spatial_sites/site_01/pose_19.sdf,EquiBind,True,True,True,True,True,True,True,True,True,True,True,True,True,True,True
/home/manndo/master_dev/equibind_spatial_exclusion_poses/Synta-66-OPT-Singlet__Orai1WT-MDSnap-Fr400_spatial_sites/site_01/pose_20.sdf,EquiBind,True,True,True,True,True,True,True,True,True,True,True,True,True,True,True
