timestamp,combo_name,protein_name,ligand_name,status,error_reason,elapsed_time_s,total_poses,fpocket_poses,p2rank_poses,unguided_poses,failed_poses,lig_molecular_weight,lig_heavy_atoms,lig_total_atoms,lig_rotatable_bonds,lig_num_rings,lig_aromatic_rings,lig_hbd,lig_hba,lig_tpsa,lig_logp,lig_formula,prot_num_residues,prot_num_atoms,prot_num_chains,n_top_pockets,poses_per_pocket,n_unguided_poses,force_pocket,uff_minimize,device,gpu_model
2026-05-02T15:15:14.826659,5S8I_2LY_ligand_start_conf__Orai1WT-MDSnap-Fr300_cleaned,Orai1WT-MDSnap-Fr300_cleaned,5S8I_2LY_ligand_start_conf,success,,4294.13,35,15,15,5,0,199.23,13,22,2,2,1,1,4,47.56,0.88,C8H9NO3S,223,21026,1,3,5,5,True,True,cuda,NVIDIA GeForce RTX 4070 Laptop GPU
2026-05-02T15:15:14.962989,5SAK_ZRY_ligand_start_conf__Orai1WT-MDSnap-Fr300_cleaned,Orai1WT-MDSnap-Fr300_cleaned,5SAK_ZRY_ligand_start_conf,success,,3303.93,35,15,15,5,0,236.28,18,30,2,3,2,3,3,60.27,2.39,C14H12N4,223,21026,1,3,5,5,True,True,cuda,NVIDIA GeForce RTX 4070 Laptop GPU
2026-05-02T15:15:14.965942,5SB2_1K2_ligand_start_conf__Orai1WT-MDSnap-Fr300_cleaned,Orai1WT-MDSnap-Fr300_cleaned,5SB2_1K2_ligand_start_conf,success,,25.0,35,15,15,5,0,417.9,30,50,6,5,4,2,3,67.01,5.08,C24H20ClN3O2,223,21026,1,3,5,5,True,True,cuda,NVIDIA GeForce RTX 4070 Laptop GPU
2026-05-02T15:15:14.968561,5SD5_HWI_ligand_start_conf__Orai1WT-MDSnap-Fr300_cleaned,Orai1WT-MDSnap-Fr300_cleaned,5SD5_HWI_ligand_start_conf,success,,36.63,35,15,15,5,0,401.47,29,56,13,3,2,3,9,136.82,1.88,C20H27N5O4,223,21026,1,3,5,5,True,True,cuda,NVIDIA GeForce RTX 4070 Laptop GPU
2026-05-02T15:15:14.970282,5SIS_JSM_ligand_start_conf__Orai1WT-MDSnap-Fr300_cleaned,Orai1WT-MDSnap-Fr300_cleaned,5SIS_JSM_ligand_start_conf,success,,35.68,35,15,15,5,0,431.5,32,57,10,4,4,2,7,96.56,2.28,C23H25N7O2,223,21026,1,3,5,5,True,True,cuda,NVIDIA GeForce RTX 4070 Laptop GPU
2026-05-02T15:15:14.972024,6M2B_EZO_ligand_start_conf__Orai1WT-MDSnap-Fr300_cleaned,Orai1WT-MDSnap-Fr300_cleaned,6M2B_EZO_ligand_start_conf,success,,21.44,35,15,15,5,0,371.85,25,39,6,3,3,1,6,65.79,4.63,C18H14ClN3O2S,223,21026,1,3,5,5,True,True,cuda,NVIDIA GeForce RTX 4070 Laptop GPU
2026-05-02T15:15:14.974256,6M73_FNR_ligand_start_conf__Orai1WT-MDSnap-Fr300_cleaned,Orai1WT-MDSnap-Fr300_cleaned,6M73_FNR_ligand_start_conf,success,,37.37,35,15,15,5,0,458.36,31,54,14,3,2,8,11,208.44,-0.93,C17H23N4O9P,223,21026,1,3,5,5,True,True,cuda,NVIDIA GeForce RTX 4070 Laptop GPU
2026-05-02T15:15:14.976635,6T88_MWQ_ligand_start_conf__Orai1WT-MDSnap-Fr300_cleaned,Orai1WT-MDSnap-Fr300_cleaned,6T88_MWQ_ligand_start_conf,success,,4474.27,35,15,15,5,0,140.14,10,18,3,1,1,2,3,65.98,0.43,C6H8N2O2,223,21026,1,3,5,5,True,True,cuda,NVIDIA GeForce RTX 4070 Laptop GPU
2026-05-02T15:15:14.978501,6TW5_9M2_ligand_start_conf__Orai1WT-MDSnap-Fr300_cleaned,Orai1WT-MDSnap-Fr300_cleaned,6TW5_9M2_ligand_start_conf,success,,36.64,35,15,15,5,0,421.52,31,59,12,4,4,1,5,58.97,4.4,C24H28FN5O,223,21026,1,3,5,5,True,True,cuda,NVIDIA GeForce RTX 4070 Laptop GPU
2026-05-02T15:15:14.980101,6TW7_NZB_ligand_start_conf__Orai1WT-MDSnap-Fr300_cleaned,Orai1WT-MDSnap-Fr300_cleaned,6TW7_NZB_ligand_start_conf,success,,29.16,35,15,15,5,0,390.46,29,52,9,4,4,1,4,54.04,4.45,C23H23FN4O,223,21026,1,3,5,5,True,True,cuda,NVIDIA GeForce RTX 4070 Laptop GPU
2026-05-02T15:15:14.981707,6VS3_R6V_ligand_start_conf__Orai1WT-MDSnap-Fr300_cleaned,Orai1WT-MDSnap-Fr300_cleaned,6VS3_R6V_ligand_start_conf,success,,31.12,35,15,15,5,0,480.62,36,68,7,6,4,3,7,107.24,5.68,C28H32N8,223,21026,1,3,5,5,True,True,cuda,NVIDIA GeForce RTX 4070 Laptop GPU
2026-05-02T15:15:14.983120,6VTA_AKN_ligand_start_conf__Orai1WT-MDSnap-Fr300_cleaned,Orai1WT-MDSnap-Fr300_cleaned,6VTA_AKN_ligand_start_conf,success,,52.72,35,15,15,5,0,585.61,40,83,22,3,0,13,17,331.94,-8.42,C22H43N5O13,223,21026,1,3,5,5,True,True,cuda,NVIDIA GeForce RTX 4070 Laptop GPU
2026-05-02T15:15:14.984922,6W59_SZD_ligand_start_conf__Orai1WT-MDSnap-Fr300_cleaned,Orai1WT-MDSnap-Fr300_cleaned,6W59_SZD_ligand_start_conf,success,,24.37,35,15,15,5,0,472.39,32,45,6,3,3,2,4,84.5,4.92,C20H13F5N2O4S,223,21026,1,3,5,5,True,True,cuda,NVIDIA GeForce RTX 4070 Laptop GPU
2026-05-02T15:15:14.986629,6WTN_RXT_ligand_start_conf__Orai1WT-MDSnap-Fr300_cleaned,Orai1WT-MDSnap-Fr300_cleaned,6WTN_RXT_ligand_start_conf,success,,22.08,35,15,15,5,0,306.37,23,41,4,4,3,1,5,83.18,3.47,C17H18N6,223,21026,1,3,5,5,True,True,cuda,NVIDIA GeForce RTX 4070 Laptop GPU
2026-05-02T15:15:14.988462,6X8D_ARA_ligand_start_conf__Orai1WT-MDSnap-Fr300_cleaned,Orai1WT-MDSnap-Fr300_cleaned,6X8D_ARA_ligand_start_conf,success,,3760.58,35,15,15,5,0,150.13,10,20,4,1,0,4,5,90.15,-2.58,C5H10O5,223,21026,1,3,5,5,True,True,cuda,NVIDIA GeForce RTX 4070 Laptop GPU
2026-05-02T15:15:14.990744,6XAF_GDP_ligand_start_conf__Orai1WT-MDSnap-Fr300_cleaned,Orai1WT-MDSnap-Fr300_cleaned,6XAF_GDP_ligand_start_conf,success,,27.36,35,15,15,5,0,443.2,28,43,12,3,2,7,15,252.57,-2.45,C10H15N5O11P2,223,21026,1,3,5,5,True,True,cuda,NVIDIA GeForce RTX 4070 Laptop GPU
2026-05-02T15:15:14.992268,6XBO_5MC_ligand_start_conf__Orai1WT-MDSnap-Fr300_cleaned,Orai1WT-MDSnap-Fr300_cleaned,6XBO_5MC_ligand_start_conf,success,,26.49,35,15,15,5,0,337.22,22,38,10,2,1,5,11,177.36,-2.14,C10H16N3O8P,223,21026,1,3,5,5,True,True,cuda,NVIDIA GeForce RTX 4070 Laptop GPU
2026-05-02T15:15:14.993843,6XCT_478_ligand_start_conf__Orai1WT-MDSnap-Fr300_cleaned,Orai1WT-MDSnap-Fr300_cleaned,6XCT_478_ligand_start_conf,success,,47.38,35,15,15,5,0,505.64,35,70,15,3,2,3,7,131.19,2.4,C25H35N3O6S,223,21026,1,3,5,5,True,True,cuda,NVIDIA GeForce RTX 4070 Laptop GPU
2026-05-02T15:15:14.995221,6XG5_TOP_ligand_start_conf__Orai1WT-MDSnap-Fr300_cleaned,Orai1WT-MDSnap-Fr300_cleaned,6XG5_TOP_ligand_start_conf,success,,24.23,35,15,15,5,0,290.32,21,39,10,2,2,2,7,105.51,1.26,C14H18N4O3,223,21026,1,3,5,5,True,True,cuda,NVIDIA GeForce RTX 4070 Laptop GPU
2026-05-02T15:15:14.997219,6XHT_V2V_ligand_start_conf__Orai1WT-MDSnap-Fr300_cleaned,Orai1WT-MDSnap-Fr300_cleaned,6XHT_V2V_ligand_start_conf,success,,44.18,35,15,15,5,0,537.31,34,59,21,2,1,9,18,293.81,-4.23,C14H25N3O15P2,223,21026,1,3,5,5,True,True,cuda,NVIDIA GeForce RTX 4070 Laptop GPU
2026-05-02T15:15:14.999195,6XM9_V55_ligand_start_conf__Orai1WT-MDSnap-Fr300_cleaned,Orai1WT-MDSnap-Fr300_cleaned,6XM9_V55_ligand_start_conf,success,,3733.59,35,15,15,5,0,152.15,11,19,4,1,1,1,3,46.53,1.21,C8H8O3,223,21026,1,3,5,5,True,True,cuda,NVIDIA GeForce RTX 4070 Laptop GPU
2026-05-02T15:15:15.000467,6XUM_30L_ligand_start_conf__Orai1WT-MDSnap-Fr300_cleaned,Orai1WT-MDSnap-Fr300_cleaned,6XUM_30L_ligand_start_conf,success,,24.29,35,15,15,5,0,348.29,25,38,7,2,2,2,6,118.77,2.13,C16H13FN2O6,223,21026,1,3,5,5,True,True,cuda,NVIDIA GeForce RTX 4070 Laptop GPU
2026-05-02T15:15:15.001799,6Y7L_QMG_ligand_start_conf__Orai1WT-MDSnap-Fr300_cleaned,Orai1WT-MDSnap-Fr300_cleaned,6Y7L_QMG_ligand_start_conf,success,,24.14,35,15,15,5,0,333.39,25,44,6,4,3,1,4,63.47,3.4,C20H19N3O2,223,21026,1,3,5,5,True,True,cuda,NVIDIA GeForce RTX 4070 Laptop GPU
2026-05-02T15:15:15.003794,6YDY_K73_ligand_start_conf__Orai1WT-MDSnap-Fr300_cleaned,Orai1WT-MDSnap-Fr300_cleaned,6YDY_K73_ligand_start_conf,success,,34.04,35,15,15,5,0,380.49,28,56,9,3,2,3,4,101.45,1.32,C22H28N4O2,223,21026,1,3,5,5,True,True,cuda,NVIDIA GeForce RTX 4070 Laptop GPU
2026-05-02T15:15:15.005219,6YJA_2BA_ligand_start_conf__Orai1WT-MDSnap-Fr300_cleaned,Orai1WT-MDSnap-Fr300_cleaned,6YJA_2BA_ligand_start_conf,success,,27.57,35,15,15,5,0,658.42,44,68,8,7,4,6,22,309.68,-1.63,C20H24N10O12P2,223,21026,1,3,5,5,True,True,cuda,NVIDIA GeForce RTX 4070 Laptop GPU
2026-05-02T15:15:15.007524,6YMS_OZH_ligand_start_conf__Orai1WT-MDSnap-Fr300_cleaned,Orai1WT-MDSnap-Fr300_cleaned,6YMS_OZH_ligand_start_conf,success,,50.75,35,15,15,5,0,505.51,35,67,16,2,2,5,7,154.06,2.87,C24H32N3O7P,223,21026,1,3,5,5,True,True,cuda,NVIDIA GeForce RTX 4070 Laptop GPU
2026-05-02T15:15:15.009475,6YQV_8K2_ligand_start_conf__Orai1WT-MDSnap-Fr300_cleaned,Orai1WT-MDSnap-Fr300_cleaned,6YQV_8K2_ligand_start_conf,success,,11.51,35,15,15,5,0,197.67,10,14,2,1,1,1,3,60.16,1.05,C4H4ClNO2S2,223,21026,1,3,5,5,True,True,cuda,NVIDIA GeForce RTX 4070 Laptop GPU
2026-05-02T15:15:15.011181,6YQW_82I_ligand_start_conf__Orai1WT-MDSnap-Fr300_cleaned,Orai1WT-MDSnap-Fr300_cleaned,6YQW_82I_ligand_start_conf,success,,13.27,35,15,15,5,0,173.6,11,19,3,1,1,1,4,46.92,0.48,C6H8ClN3O,223,21026,1,3,5,5,True,True,cuda,NVIDIA GeForce RTX 4070 Laptop GPU
2026-05-02T15:15:15.012473,6YR2_T1C_ligand_start_conf__Orai1WT-MDSnap-Fr300_cleaned,Orai1WT-MDSnap-Fr300_cleaned,6YR2_T1C_ligand_start_conf,success,,52.23,35,15,15,5,0,587.67,42,83,14,4,1,9,9,208.16,-2.19,C29H41N5O8+2,223,21026,1,3,5,5,True,True,cuda,NVIDIA GeForce RTX 4070 Laptop GPU
2026-05-02T15:15:15.013771,6YRV_PJ8_ligand_start_conf__Orai1WT-MDSnap-Fr300_cleaned,Orai1WT-MDSnap-Fr300_cleaned,6YRV_PJ8_ligand_start_conf,success,,52.63,35,15,15,5,0,240.48,17,53,16,0,0,0,0,0.0,6.88,C17H36,223,21026,1,3,5,5,True,True,cuda,NVIDIA GeForce RTX 4070 Laptop GPU
2026-05-02T15:15:15.015455,6YSP_PAL_ligand_start_conf__Orai1WT-MDSnap-Fr300_cleaned,Orai1WT-MDSnap-Fr300_cleaned,6YSP_PAL_ligand_start_conf,success,,25.83,35,15,15,5,0,255.12,16,26,8,0,0,5,8,161.23,-1.79,C6H10NO8P,223,21026,1,3,5,5,True,True,cuda,NVIDIA GeForce RTX 4070 Laptop GPU
2026-05-02T15:15:15.016816,6YT6_PKE_ligand_start_conf__Orai1WT-MDSnap-Fr300_cleaned,Orai1WT-MDSnap-Fr300_cleaned,6YT6_PKE_ligand_start_conf,success,,29.03,35,15,15,5,0,439.5,31,52,9,4,3,3,8,129.21,2.12,C20H21N7O3S,223,21026,1,3,5,5,True,True,cuda,NVIDIA GeForce RTX 4070 Laptop GPU
2026-05-02T15:15:15.018062,6YYO_Q1K_ligand_start_conf__Orai1WT-MDSnap-Fr300_cleaned,Orai1WT-MDSnap-Fr300_cleaned,6YYO_Q1K_ligand_start_conf,success,,19.48,35,15,15,5,0,282.33,19,33,3,3,2,0,7,83.7,-0.79,C10H14N6O2S,223,21026,1,3,5,5,True,True,cuda,NVIDIA GeForce RTX 4070 Laptop GPU
2026-05-02T15:15:15.019279,6Z0R_Q4H_ligand_start_conf__Orai1WT-MDSnap-Fr300_cleaned,Orai1WT-MDSnap-Fr300_cleaned,6Z0R_Q4H_ligand_start_conf,success,,8.7,35,15,15,5,0,120.11,9,13,1,1,1,1,4,75.59,-0.07,C5H4N4,223,21026,1,3,5,5,True,True,cuda,NVIDIA GeForce RTX 4070 Laptop GPU
2026-05-02T15:15:15.021207,6Z14_Q4Z_ligand_start_conf__Orai1WT-MDSnap-Fr300_cleaned,Orai1WT-MDSnap-Fr300_cleaned,6Z14_Q4Z_ligand_start_conf,success,,21.4,35,15,15,5,0,283.26,18,31,6,2,0,3,8,139.32,-4.19,C8H13NO8S,223,21026,1,3,5,5,True,True,cuda,NVIDIA GeForce RTX 4070 Laptop GPU
2026-05-02T15:15:15.023279,6Z1C_7EY_ligand_start_conf__Orai1WT-MDSnap-Fr300_cleaned,Orai1WT-MDSnap-Fr300_cleaned,6Z1C_7EY_ligand_start_conf,success,,23.76,35,15,15,5,0,330.43,22,36,6,3,3,1,6,63.08,4.23,C16H14N2O2S2,223,21026,1,3,5,5,True,True,cuda,NVIDIA GeForce RTX 4070 Laptop GPU
2026-05-02T15:15:15.024583,6Z2C_Q5E_ligand_start_conf__Orai1WT-MDSnap-Fr300_cleaned,Orai1WT-MDSnap-Fr300_cleaned,6Z2C_Q5E_ligand_start_conf,success,,28.46,35,15,15,5,0,483.99,26,39,6,3,0,1,4,74.68,4.08,C15H13Cl6NO4,223,21026,1,3,5,5,True,True,cuda,NVIDIA GeForce RTX 4070 Laptop GPU
2026-05-02T15:15:15.025889,6Z4N_Q7B_ligand_start_conf__Orai1WT-MDSnap-Fr300_cleaned,Orai1WT-MDSnap-Fr300_cleaned,6Z4N_Q7B_ligand_start_conf,success,,23.64,35,15,15,5,0,266.34,20,38,5,3,2,1,2,37.3,3.8,C18H18O2,223,21026,1,3,5,5,True,True,cuda,NVIDIA GeForce RTX 4070 Laptop GPU
2026-05-02T15:15:15.027439,6Z5Z_BDF_ligand_start_conf__Orai1WT-MDSnap-Fr300_cleaned,Orai1WT-MDSnap-Fr300_cleaned,6Z5Z_BDF_ligand_start_conf,success,,17.18,35,15,15,5,0,180.16,12,24,6,1,0,5,6,110.38,-3.22,C6H12O6,223,21026,1,3,5,5,True,True,cuda,NVIDIA GeForce RTX 4070 Laptop GPU
2026-05-02T15:15:15.028796,6ZAE_ACV_ligand_start_conf__Orai1WT-MDSnap-Fr300_cleaned,Orai1WT-MDSnap-Fr300_cleaned,6ZAE_ACV_ligand_start_conf,success,,47.12,35,15,15,5,0,363.44,24,49,15,0,0,6,8,158.82,-0.79,C14H25N3O6S,223,21026,1,3,5,5,True,True,cuda,NVIDIA GeForce RTX 4070 Laptop GPU
2026-05-02T15:15:15.030396,6ZC3_JOR_ligand_start_conf__Orai1WT-MDSnap-Fr300_cleaned,Orai1WT-MDSnap-Fr300_cleaned,6ZC3_JOR_ligand_start_conf,success,,16.14,35,15,15,5,0,233.22,15,23,4,1,1,2,4,83.47,0.9,C8H8FNO4S,223,21026,1,3,5,5,True,True,cuda,NVIDIA GeForce RTX 4070 Laptop GPU
2026-05-02T15:15:15.031701,6ZCY_QF8_ligand_start_conf__Orai1WT-MDSnap-Fr300_cleaned,Orai1WT-MDSnap-Fr300_cleaned,6ZCY_QF8_ligand_start_conf,success,,29.94,35,15,15,5,0,446.52,33,59,9,5,4,4,10,126.61,1.73,C22H26N10O,223,21026,1,3,5,5,True,True,cuda,NVIDIA GeForce RTX 4070 Laptop GPU
2026-05-02T15:15:15.033041,6ZK5_IMH_ligand_start_conf__Orai1WT-MDSnap-Fr300_cleaned,Orai1WT-MDSnap-Fr300_cleaned,6ZK5_IMH_ligand_start_conf,success,,20.72,35,15,15,5,0,266.26,19,33,6,3,2,6,7,134.52,-1.61,C11H14N4O4,223,21026,1,3,5,5,True,True,cuda,NVIDIA GeForce RTX 4070 Laptop GPU
2026-05-02T15:15:15.034343,6ZPB_3D1_ligand_start_conf__Orai1WT-MDSnap-Fr300_cleaned,Orai1WT-MDSnap-Fr300_cleaned,6ZPB_3D1_ligand_start_conf,success,,20.09,35,15,15,5,0,251.25,18,31,5,3,2,3,8,119.31,-0.95,C10H13N5O3,223,21026,1,3,5,5,True,True,cuda,NVIDIA GeForce RTX 4070 Laptop GPU
2026-05-02T15:15:15.035782,6ZR8_QOZ_ligand_start_conf__Orai1WT-MDSnap-Fr300_cleaned,Orai1WT-MDSnap-Fr300_cleaned,6ZR8_QOZ_ligand_start_conf,success,,30.61,35,15,15,5,0,464.59,33,61,8,4,3,2,5,95.74,2.68,C25H28N4O3S,223,21026,1,3,5,5,True,True,cuda,NVIDIA GeForce RTX 4070 Laptop GPU
2026-05-02T15:15:15.037111,6ZT2_QPK_ligand_start_conf__Orai1WT-MDSnap-Fr300_cleaned,Orai1WT-MDSnap-Fr300_cleaned,6ZT2_QPK_ligand_start_conf,success,,7.91,35,15,15,5,0,164.54,10,13,1,1,1,1,1,20.23,2.32,C6H3ClF2O,223,21026,1,3,5,5,True,True,cuda,NVIDIA GeForce RTX 4070 Laptop GPU
2026-05-02T15:15:15.038565,6ZX3_QRZ_ligand_start_conf__Orai1WT-MDSnap-Fr300_cleaned,Orai1WT-MDSnap-Fr300_cleaned,6ZX3_QRZ_ligand_start_conf,success,,24.45,35,15,15,5,0,383.27,24,38,9,2,1,6,11,197.33,-3.1,C10H14N3O9PS,223,21026,1,3,5,5,True,True,cuda,NVIDIA GeForce RTX 4070 Laptop GPU
2026-05-02T15:15:15.040703,6ZXQ_IMO_ligand_start_conf__Orai1WT-MDSnap-Fr300_cleaned,Orai1WT-MDSnap-Fr300_cleaned,6ZXQ_IMO_ligand_start_conf,success,,26.61,35,15,15,5,0,428.19,27,41,12,3,2,6,15,226.81,-1.97,C10H14N4O11P2,223,21026,1,3,5,5,True,True,cuda,NVIDIA GeForce RTX 4070 Laptop GPU
2026-05-02T15:15:15.042267,7A1P_QW2_ligand_start_conf__Orai1WT-MDSnap-Fr300_cleaned,Orai1WT-MDSnap-Fr300_cleaned,7A1P_QW2_ligand_start_conf,success,,23.48,35,15,15,5,0,188.18,13,25,7,0,0,2,5,91.67,0.53,C8H12O5,223,21026,1,3,5,5,True,True,cuda,NVIDIA GeForce RTX 4070 Laptop GPU
2026-05-02T15:15:15.044162,7A9E_R4W_ligand_start_conf__Orai1WT-MDSnap-Fr300_cleaned,Orai1WT-MDSnap-Fr300_cleaned,7A9E_R4W_ligand_start_conf,success,,14.91,35,15,15,5,0,108.16,6,14,3,0,0,0,2,34.14,0.05,C3H8O2S,223,21026,1,3,5,5,True,True,cuda,NVIDIA GeForce RTX 4070 Laptop GPU
2026-05-02T15:15:15.045623,7A9H_TPP_ligand_start_conf__Orai1WT-MDSnap-Fr300_cleaned,Orai1WT-MDSnap-Fr300_cleaned,7A9H_TPP_ligand_start_conf,success,,33.15,35,15,15,5,0,425.32,26,45,14,2,2,4,11,168.97,0.84,C12H19N4O7P2S+,223,21026,1,3,5,5,True,True,cuda,NVIDIA GeForce RTX 4070 Laptop GPU
2026-05-02T15:15:15.047233,7AA0_R6B_ligand_start_conf__Orai1WT-MDSnap-Fr300_cleaned,Orai1WT-MDSnap-Fr300_cleaned,7AA0_R6B_ligand_start_conf,success,,32.16,35,15,15,5,0,349.47,26,53,8,3,2,1,3,40.54,5.35,C23H27NO2,223,21026,1,3,5,5,True,True,cuda,NVIDIA GeForce RTX 4070 Laptop GPU
2026-05-02T15:15:15.048917,7AFX_R9K_ligand_start_conf__Orai1WT-MDSnap-Fr300_cleaned,Orai1WT-MDSnap-Fr300_cleaned,7AFX_R9K_ligand_start_conf,success,,18.31,35,15,15,5,0,285.73,20,32,3,3,3,2,2,53.09,4.49,C16H12ClNO2,223,21026,1,3,5,5,True,True,cuda,NVIDIA GeForce RTX 4070 Laptop GPU
2026-05-02T15:15:15.050466,7AKL_RK5_ligand_start_conf__Orai1WT-MDSnap-Fr300_cleaned,Orai1WT-MDSnap-Fr300_cleaned,7AKL_RK5_ligand_start_conf,success,,21.45,35,15,15,5,0,253.31,19,34,5,3,3,2,4,78.07,3.28,C15H15N3O,223,21026,1,3,5,5,True,True,cuda,NVIDIA GeForce RTX 4070 Laptop GPU
2026-05-02T15:15:15.052166,7AMC_73B_ligand_start_conf__Orai1WT-MDSnap-Fr300_cleaned,Orai1WT-MDSnap-Fr300_cleaned,7AMC_73B_ligand_start_conf,success,,27.52,35,15,15,5,0,434.92,31,54,6,4,3,2,4,69.64,6.0,C25H23ClN2O3,223,21026,1,3,5,5,True,True,cuda,NVIDIA GeForce RTX 4070 Laptop GPU
2026-05-02T15:15:15.053604,7AN5_RDH_ligand_start_conf__Orai1WT-MDSnap-Fr300_cleaned,Orai1WT-MDSnap-Fr300_cleaned,7AN5_RDH_ligand_start_conf,success,,13.78,35,15,15,5,0,208.17,15,23,4,1,1,2,5,83.83,1.36,C10H8O5,223,21026,1,3,5,5,True,True,cuda,NVIDIA GeForce RTX 4070 Laptop GPU
2026-05-02T15:15:15.055038,7AS1_21G_ligand_start_conf__Orai1WT-MDSnap-Fr300_cleaned,Orai1WT-MDSnap-Fr300_cleaned,7AS1_21G_ligand_start_conf,success,,21.65,35,15,15,5,0,399.4,29,48,4,6,3,3,6,103.79,3.6,C20H19F2N5O2,223,21026,1,3,5,5,True,True,cuda,NVIDIA GeForce RTX 4070 Laptop GPU
2026-05-02T15:15:15.056482,7AVI_S2Q_ligand_start_conf__Orai1WT-MDSnap-Fr300_cleaned,Orai1WT-MDSnap-Fr300_cleaned,7AVI_S2Q_ligand_start_conf,success,,32.48,35,15,15,5,0,388.45,27,47,9,3,3,2,6,128.18,2.48,C18H20N4O4S,223,21026,1,3,5,5,True,True,cuda,NVIDIA GeForce RTX 4070 Laptop GPU
2026-05-02T15:15:15.057910,7B0E_C2E_ligand_start_conf__Orai1WT-MDSnap-Fr300_cleaned,Orai1WT-MDSnap-Fr300_cleaned,7B0E_C2E_ligand_start_conf,success,,29.04,35,15,15,5,0,690.42,46,70,8,7,4,8,22,349.62,-3.05,C20H24N10O14P2,223,21026,1,3,5,5,True,True,cuda,NVIDIA GeForce RTX 4070 Laptop GPU
2026-05-02T15:15:15.059593,7B2C_TP7_ligand_start_conf__Orai1WT-MDSnap-Fr300_cleaned,Orai1WT-MDSnap-Fr300_cleaned,7B2C_TP7_ligand_start_conf,success,,41.9,35,15,15,5,0,343.34,21,43,15,0,0,5,8,133.16,0.93,C11H22NO7PS,223,21026,1,3,5,5,True,True,cuda,NVIDIA GeForce RTX 4070 Laptop GPU
2026-05-02T15:15:15.061317,7B94_ANP_ligand_start_conf__Orai1WT-MDSnap-Fr300_cleaned,Orai1WT-MDSnap-Fr300_cleaned,7B94_ANP_ligand_start_conf,success,,31.54,35,15,15,5,0,506.2,31,48,15,3,2,8,17,281.93,-2.06,C10H17N6O12P3,223,21026,1,3,5,5,True,True,cuda,NVIDIA GeForce RTX 4070 Laptop GPU
2026-05-02T15:15:15.063173,7BA0_T5H_ligand_start_conf__Orai1WT-MDSnap-Fr300_cleaned,Orai1WT-MDSnap-Fr300_cleaned,7BA0_T5H_ligand_start_conf,success,,41.77,35,15,15,5,0,761.91,55,110,14,7,3,2,11,142.45,6.18,C43H55NO11,223,21026,1,3,5,5,True,True,cuda,NVIDIA GeForce RTX 4070 Laptop GPU
2026-05-02T15:15:15.065288,7BCP_GCO_ligand_start_conf__Orai1WT-MDSnap-Fr300_cleaned,Orai1WT-MDSnap-Fr300_cleaned,7BCP_GCO_ligand_start_conf,success,,29.15,35,15,15,5,0,196.16,13,25,10,0,0,6,7,138.45,-3.49,C6H12O7,223,21026,1,3,5,5,True,True,cuda,NVIDIA GeForce RTX 4070 Laptop GPU
2026-05-02T15:15:15.067266,7BHX_TO5_ligand_start_conf__Orai1WT-MDSnap-Fr300_cleaned,Orai1WT-MDSnap-Fr300_cleaned,7BHX_TO5_ligand_start_conf,success,,19.12,35,15,15,5,0,300.75,21,34,4,3,3,0,5,51.02,2.5,C15H13ClN4O,223,21026,1,3,5,5,True,True,cuda,NVIDIA GeForce RTX 4070 Laptop GPU
2026-05-02T15:15:15.068966,7BJ6_TVK_ligand_start_conf__Orai1WT-MDSnap-Fr300_cleaned,Orai1WT-MDSnap-Fr300_cleaned,7BJ6_TVK_ligand_start_conf,success,,37.0,35,15,15,5,0,545.44,37,64,12,5,3,2,5,82.89,5.4,C28H27Cl2FN2O4,223,21026,1,3,5,5,True,True,cuda,NVIDIA GeForce RTX 4070 Laptop GPU
2026-05-02T15:15:15.071199,7BJJ_TVW_ligand_start_conf__Orai1WT-MDSnap-Fr300_cleaned,Orai1WT-MDSnap-Fr300_cleaned,7BJJ_TVW_ligand_start_conf,success,,9.01,35,15,15,5,0,135.13,10,15,1,2,2,2,4,80.48,-0.06,C5H5N5,223,21026,1,3,5,5,True,True,cuda,NVIDIA GeForce RTX 4070 Laptop GPU
2026-05-02T15:15:15.073629,7BKA_4JC_ligand_start_conf__Orai1WT-MDSnap-Fr300_cleaned,Orai1WT-MDSnap-Fr300_cleaned,7BKA_4JC_ligand_start_conf,success,,16.6,35,15,15,5,0,185.25,12,23,4,1,1,1,2,60.16,0.9,C8H11NO2S,223,21026,1,3,5,5,True,True,cuda,NVIDIA GeForce RTX 4070 Laptop GPU
2026-05-02T15:15:15.075398,7BLA_WCS_ligand_start_conf__Orai1WT-MDSnap-Fr300_cleaned,Orai1WT-MDSnap-Fr300_cleaned,7BLA_WCS_ligand_start_conf,success,,43.55,35,15,15,5,0,458.59,32,62,15,3,3,1,9,102.24,2.58,C22H30N6O3S,223,21026,1,3,5,5,True,True,cuda,NVIDIA GeForce RTX 4070 Laptop GPU
2026-05-02T15:15:15.077360,7BLG_GAL_ligand_start_conf__Orai1WT-MDSnap-Fr300_cleaned,Orai1WT-MDSnap-Fr300_cleaned,7BLG_GAL_ligand_start_conf,success,,16.64,35,15,15,5,0,180.16,12,24,6,1,0,5,6,110.38,-3.22,C6H12O6,223,21026,1,3,5,5,True,True,cuda,NVIDIA GeForce RTX 4070 Laptop GPU
2026-05-02T15:15:15.079133,7BMI_U4B_ligand_start_conf__Orai1WT-MDSnap-Fr300_cleaned,Orai1WT-MDSnap-Fr300_cleaned,7BMI_U4B_ligand_start_conf,success,,11.88,35,15,15,5,0,185.11,13,17,2,1,1,2,5,87.49,0.62,C7H4FNO4,223,21026,1,3,5,5,True,True,cuda,NVIDIA GeForce RTX 4070 Laptop GPU
2026-05-02T15:15:15.081110,7BNH_BEZ_ligand_start_conf__Orai1WT-MDSnap-Fr300_cleaned,Orai1WT-MDSnap-Fr300_cleaned,7BNH_BEZ_ligand_start_conf,success,,9.12,35,15,15,5,0,122.12,9,15,1,1,1,1,2,37.3,1.38,C7H6O2,223,21026,1,3,5,5,True,True,cuda,NVIDIA GeForce RTX 4070 Laptop GPU
2026-05-02T15:15:15.082970,7BTT_F8R_ligand_start_conf__Orai1WT-MDSnap-Fr300_cleaned,Orai1WT-MDSnap-Fr300_cleaned,7BTT_F8R_ligand_start_conf,success,,42.06,35,15,15,5,0,563.68,40,73,14,5,4,3,9,132.55,4.09,C28H33N7O4S,223,21026,1,3,5,5,True,True,cuda,NVIDIA GeForce RTX 4070 Laptop GPU
2026-05-02T15:15:15.084636,7C0U_FGO_ligand_start_conf__Orai1WT-MDSnap-Fr300_cleaned,Orai1WT-MDSnap-Fr300_cleaned,7C0U_FGO_ligand_start_conf,success,,37.38,35,15,15,5,0,629.48,43,71,14,6,3,8,18,299.59,-3.39,C22H28N7O13P,223,21026,1,3,5,5,True,True,cuda,NVIDIA GeForce RTX 4070 Laptop GPU
2026-05-02T15:15:15.086107,7C3U_AZG_ligand_start_conf__Orai1WT-MDSnap-Fr300_cleaned,Orai1WT-MDSnap-Fr300_cleaned,7C3U_AZG_ligand_start_conf,success,,9.77,35,15,15,5,0,152.12,11,15,2,2,2,3,6,113.6,-0.96,C4H4N6O,223,21026,1,3,5,5,True,True,cuda,NVIDIA GeForce RTX 4070 Laptop GPU
2026-05-02T15:15:15.088614,7C6P_SQH_ligand_start_conf__Orai1WT-MDSnap-Fr300_cleaned,Orai1WT-MDSnap-Fr300_cleaned,7C6P_SQH_ligand_start_conf,success,,17.49,35,15,15,5,0,286.24,21,31,5,3,3,4,6,111.13,2.28,C15H10O6,223,21026,1,3,5,5,True,True,cuda,NVIDIA GeForce RTX 4070 Laptop GPU
2026-05-02T15:15:15.090634,7C8Q_DSG_ligand_start_conf__Orai1WT-MDSnap-Fr300_cleaned,Orai1WT-MDSnap-Fr300_cleaned,7C8Q_DSG_ligand_start_conf,success,,18.18,35,15,15,5,0,132.12,9,17,4,0,0,3,4,106.41,-1.73,C4H8N2O3,223,21026,1,3,5,5,True,True,cuda,NVIDIA GeForce RTX 4070 Laptop GPU
2026-05-02T15:15:15.092561,7CD9_FVR_ligand_start_conf__Orai1WT-MDSnap-Fr300_cleaned,Orai1WT-MDSnap-Fr300_cleaned,7CD9_FVR_ligand_start_conf,success,,29.12,35,15,15,5,0,443.55,33,62,8,5,4,2,6,75.18,3.74,C26H29N5O2,223,21026,1,3,5,5,True,True,cuda,NVIDIA GeForce RTX 4070 Laptop GPU
2026-05-02T15:15:15.094674,7CIJ_G0C_ligand_start_conf__Orai1WT-MDSnap-Fr300_cleaned,Orai1WT-MDSnap-Fr300_cleaned,7CIJ_G0C_ligand_start_conf,success,,31.41,35,15,15,5,0,334.33,21,40,13,1,1,3,8,112.24,1.88,C12H19N2O5PS,223,21026,1,3,5,5,True,True,cuda,NVIDIA GeForce RTX 4070 Laptop GPU
2026-05-02T15:15:15.096675,7CL8_TES_ligand_start_conf__Orai1WT-MDSnap-Fr300_cleaned,Orai1WT-MDSnap-Fr300_cleaned,7CL8_TES_ligand_start_conf,success,,23.37,35,15,15,5,0,288.43,21,49,3,4,0,1,2,37.3,3.88,C19H28O2,223,21026,1,3,5,5,True,True,cuda,NVIDIA GeForce RTX 4070 Laptop GPU
2026-05-02T15:15:15.098273,7CNQ_G8X_ligand_start_conf__Orai1WT-MDSnap-Fr300_cleaned,Orai1WT-MDSnap-Fr300_cleaned,7CNQ_G8X_ligand_start_conf,success,,11.55,35,15,15,5,0,131.13,9,18,2,1,0,3,4,69.56,-1.21,C5H9NO3,223,21026,1,3,5,5,True,True,cuda,NVIDIA GeForce RTX 4070 Laptop GPU
2026-05-02T15:15:15.100078,7CNS_PMV_ligand_start_conf__Orai1WT-MDSnap-Fr300_cleaned,Orai1WT-MDSnap-Fr300_cleaned,7CNS_PMV_ligand_start_conf,success,,27.51,35,15,15,5,0,228.14,14,27,10,0,0,4,7,124.29,-0.29,C6H13O7P,223,21026,1,3,5,5,True,True,cuda,NVIDIA GeForce RTX 4070 Laptop GPU
2026-05-02T15:15:15.102198,7CTM_BDP_ligand_start_conf__Orai1WT-MDSnap-Fr300_cleaned,Orai1WT-MDSnap-Fr300_cleaned,7CTM_BDP_ligand_start_conf,success,,14.88,35,15,15,5,0,194.14,13,23,5,1,0,5,7,127.45,-3.13,C6H10O7,223,21026,1,3,5,5,True,True,cuda,NVIDIA GeForce RTX 4070 Laptop GPU
2026-05-02T15:15:15.104010,7CUO_PHB_ligand_start_conf__Orai1WT-MDSnap-Fr300_cleaned,Orai1WT-MDSnap-Fr300_cleaned,7CUO_PHB_ligand_start_conf,success,,10.57,35,15,15,5,0,138.12,10,16,2,1,1,2,3,57.53,1.09,C7H6O3,223,21026,1,3,5,5,True,True,cuda,NVIDIA GeForce RTX 4070 Laptop GPU
2026-05-02T15:15:15.106178,7D0P_1VU_ligand_start_conf__Orai1WT-MDSnap-Fr300_cleaned,Orai1WT-MDSnap-Fr300_cleaned,7D0P_1VU_ligand_start_conf,success,,64.19,35,15,15,5,0,823.61,52,92,30,3,2,9,23,363.63,-0.93,C24H40N7O17P3S,223,21026,1,3,5,5,True,True,cuda,NVIDIA GeForce RTX 4070 Laptop GPU
2026-05-02T15:15:15.107969,7D5C_GV6_ligand_start_conf__Orai1WT-MDSnap-Fr300_cleaned,Orai1WT-MDSnap-Fr300_cleaned,7D5C_GV6_ligand_start_conf,success,,41.16,35,15,15,5,0,460.38,31,56,15,3,2,5,14,218.16,-0.94,C16H25N6O8P,223,21026,1,3,5,5,True,True,cuda,NVIDIA GeForce RTX 4070 Laptop GPU
2026-05-02T15:15:15.110198,7D6O_MTE_ligand_start_conf__Orai1WT-MDSnap-Fr300_cleaned,Orai1WT-MDSnap-Fr300_cleaned,7D6O_MTE_ligand_start_conf,success,,24.09,35,15,15,5,0,395.36,24,38,8,3,1,8,12,171.82,-0.54,C10H14N5O6PS2,223,21026,1,3,5,5,True,True,cuda,NVIDIA GeForce RTX 4070 Laptop GPU
2026-05-02T15:15:15.111840,7D8Q_GZF_ligand_start_conf__Orai1WT-MDSnap-Fr300_cleaned,Orai1WT-MDSnap-Fr300_cleaned,7D8Q_GZF_ligand_start_conf,success,,29.3,35,15,15,5,0,459.27,28,43,13,3,2,7,16,235.76,-1.92,C10H15N5O10P2S,223,21026,1,3,5,5,True,True,cuda,NVIDIA GeForce RTX 4070 Laptop GPU
2026-05-02T15:15:15.114269,7D9L_GSF_ligand_start_conf__Orai1WT-MDSnap-Fr300_cleaned,Orai1WT-MDSnap-Fr300_cleaned,7D9L_GSF_ligand_start_conf,success,,39.08,35,15,15,5,0,339.33,22,39,12,0,0,6,9,196.12,-2.91,C10H17N3O8S,223,21026,1,3,5,5,True,True,cuda,NVIDIA GeForce RTX 4070 Laptop GPU
2026-05-02T15:15:15.115638,7DIN_MPO_ligand_start_conf__Orai1WT-MDSnap-Fr300_cleaned,Orai1WT-MDSnap-Fr300_cleaned,7DIN_MPO_ligand_start_conf,success,,23.9,35,15,15,5,0,209.27,13,28,5,1,0,1,5,66.84,-0.4,C7H15NO4S,223,21026,1,3,5,5,True,True,cuda,NVIDIA GeForce RTX 4070 Laptop GPU
2026-05-02T15:15:15.117175,7DKT_GLF_ligand_start_conf__Orai1WT-MDSnap-Fr300_cleaned,Orai1WT-MDSnap-Fr300_cleaned,7DKT_GLF_ligand_start_conf,success,,15.22,35,15,15,5,0,182.15,12,23,5,1,0,4,5,90.15,-2.24,C6H11FO5,223,21026,1,3,5,5,True,True,cuda,NVIDIA GeForce RTX 4070 Laptop GPU
2026-05-02T15:15:15.119206,7DQL_4CL_ligand_start_conf__Orai1WT-MDSnap-Fr300_cleaned,Orai1WT-MDSnap-Fr300_cleaned,7DQL_4CL_ligand_start_conf,success,,9.97,35,15,15,5,0,144.56,9,14,2,1,1,2,2,40.46,1.75,C6H5ClO2,223,21026,1,3,5,5,True,True,cuda,NVIDIA GeForce RTX 4070 Laptop GPU
2026-05-02T15:15:15.120697,7DUA_HJ0_ligand_start_conf__Orai1WT-MDSnap-Fr300_cleaned,Orai1WT-MDSnap-Fr300_cleaned,7DUA_HJ0_ligand_start_conf,success,,25.91,35,15,15,5,0,311.35,23,40,6,4,3,3,6,114.51,1.81,C15H17N7O,223,21026,1,3,5,5,True,True,cuda,NVIDIA GeForce RTX 4070 Laptop GPU
2026-05-02T15:15:15.122428,7E2S_BLA_ligand_start_conf__Orai1WT-MDSnap-Fr300_cleaned,Orai1WT-MDSnap-Fr300_cleaned,7E2S_BLA_ligand_start_conf,success,,43.75,35,15,15,5,0,582.66,43,77,15,4,1,5,7,160.95,4.81,C33H34N4O6,223,21026,1,3,5,5,True,True,cuda,NVIDIA GeForce RTX 4070 Laptop GPU
2026-05-02T15:15:15.123790,7E4L_MDN_ligand_start_conf__Orai1WT-MDSnap-Fr300_cleaned,Orai1WT-MDSnap-Fr300_cleaned,7E4L_MDN_ligand_start_conf,success,,16.6,35,15,15,5,0,176.0,9,15,6,0,0,4,6,115.06,-0.7,CH6O6P2,223,21026,1,3,5,5,True,True,cuda,NVIDIA GeForce RTX 4070 Laptop GPU
2026-05-02T15:15:15.125109,7EBG_J0L_ligand_start_conf__Orai1WT-MDSnap-Fr300_cleaned,Orai1WT-MDSnap-Fr300_cleaned,7EBG_J0L_ligand_start_conf,success,,20.77,35,15,15,5,0,190.25,14,28,4,2,1,2,2,41.13,1.96,C11H14N2O,223,21026,1,3,5,5,True,True,cuda,NVIDIA GeForce RTX 4070 Laptop GPU
2026-05-02T15:15:15.126448,7ECR_SIN_ligand_start_conf__Orai1WT-MDSnap-Fr300_cleaned,Orai1WT-MDSnap-Fr300_cleaned,7ECR_SIN_ligand_start_conf,success,,14.86,35,15,15,5,0,118.09,8,14,3,0,0,2,4,74.6,-0.06,C4H6O4,223,21026,1,3,5,5,True,True,cuda,NVIDIA GeForce RTX 4070 Laptop GPU
2026-05-02T15:15:15.128186,7ED2_A3P_ligand_start_conf__Orai1WT-MDSnap-Fr300_cleaned,Orai1WT-MDSnap-Fr300_cleaned,7ED2_A3P_ligand_start_conf,success,,28.01,35,15,15,5,0,427.2,27,42,12,3,2,6,15,232.6,-1.75,C10H15N5O10P2,223,21026,1,3,5,5,True,True,cuda,NVIDIA GeForce RTX 4070 Laptop GPU
2026-05-02T15:15:15.129628,7ELT_TYM_ligand_start_conf__Orai1WT-MDSnap-Fr300_cleaned,Orai1WT-MDSnap-Fr300_cleaned,7ELT_TYM_ligand_start_conf,success,,38.88,35,15,15,5,0,533.44,37,61,13,5,4,6,14,233.95,-0.26,C21H24N7O8P,223,21026,1,3,5,5,True,True,cuda,NVIDIA GeForce RTX 4070 Laptop GPU
2026-05-02T15:15:15.131858,7EN7_J79_ligand_start_conf__Orai1WT-MDSnap-Fr300_cleaned,Orai1WT-MDSnap-Fr300_cleaned,7EN7_J79_ligand_start_conf,success,,33.95,35,15,15,5,0,373.25,24,44,13,1,0,6,11,192.08,-2.46,C11H20NO11P,223,21026,1,3,5,5,True,True,cuda,NVIDIA GeForce RTX 4070 Laptop GPU
2026-05-02T15:15:15.133314,7EPV_FDA_ligand_start_conf__Orai1WT-MDSnap-Fr300_cleaned,Orai1WT-MDSnap-Fr300_cleaned,7EPV_FDA_ligand_start_conf,success,,51.13,35,15,15,5,0,787.57,53,88,23,6,4,11,22,363.28,-1.75,C27H35N9O15P2,223,21026,1,3,5,5,True,True,cuda,NVIDIA GeForce RTX 4070 Laptop GPU
2026-05-02T15:15:15.135333,7ES1_UDP_ligand_start_conf__Orai1WT-MDSnap-Fr300_cleaned,Orai1WT-MDSnap-Fr300_cleaned,7ES1_UDP_ligand_start_conf,success,,26.85,35,15,15,5,0,404.16,25,39,11,2,1,6,13,217.84,-2.62,C9H14N2O12P2,223,21026,1,3,5,5,True,True,cuda,NVIDIA GeForce RTX 4070 Laptop GPU
2026-05-02T15:15:15.137637,7F51_BA7_ligand_start_conf__Orai1WT-MDSnap-Fr300_cleaned,Orai1WT-MDSnap-Fr300_cleaned,7F51_BA7_ligand_start_conf,success,,39.14,35,15,15,5,0,663.43,44,71,18,5,3,7,20,297.59,-1.42,C22H27N5O15P2,223,21026,1,3,5,5,True,True,cuda,NVIDIA GeForce RTX 4070 Laptop GPU
2026-05-02T15:15:15.139722,7F5D_EUO_ligand_start_conf__Orai1WT-MDSnap-Fr300_cleaned,Orai1WT-MDSnap-Fr300_cleaned,7F5D_EUO_ligand_start_conf,success,,22.29,35,15,15,5,0,302.36,21,35,5,3,3,2,5,87.74,2.07,C14H14N4O2S,223,21026,1,3,5,5,True,True,cuda,NVIDIA GeForce RTX 4070 Laptop GPU
2026-05-02T15:15:15.141635,7F8T_FAD_ligand_start_conf__Orai1WT-MDSnap-Fr300_cleaned,Orai1WT-MDSnap-Fr300_cleaned,7F8T_FAD_ligand_start_conf,success,,49.74,35,15,15,5,0,785.56,53,86,23,6,3,9,23,362.93,-2.42,C27H33N9O15P2,223,21026,1,3,5,5,True,True,cuda,NVIDIA GeForce RTX 4070 Laptop GPU
2026-05-02T15:15:15.143798,7FB7_8NF_ligand_start_conf__Orai1WT-MDSnap-Fr300_cleaned,Orai1WT-MDSnap-Fr300_cleaned,7FB7_8NF_ligand_start_conf,success,,13.59,35,15,15,5,0,122.17,9,19,3,1,1,1,2,38.91,1.28,C7H10N2,223,21026,1,3,5,5,True,True,cuda,NVIDIA GeForce RTX 4070 Laptop GPU
2026-05-02T15:15:15.145722,7FHA_ADX_ligand_start_conf__Orai1WT-MDSnap-Fr300_cleaned,Orai1WT-MDSnap-Fr300_cleaned,7FHA_ADX_ligand_start_conf,success,,26.53,35,15,15,5,0,427.29,27,41,11,3,2,5,15,229.44,-2.04,C10H14N5O10PS,223,21026,1,3,5,5,True,True,cuda,NVIDIA GeForce RTX 4070 Laptop GPU
2026-05-02T15:15:15.148810,7FRX_O88_ligand_start_conf__Orai1WT-MDSnap-Fr300_cleaned,Orai1WT-MDSnap-Fr300_cleaned,7FRX_O88_ligand_start_conf,success,,28.51,35,15,15,5,0,451.48,30,47,10,3,3,5,8,161.23,1.82,C19H17NO8S2,223,21026,1,3,5,5,True,True,cuda,NVIDIA GeForce RTX 4070 Laptop GPU
2026-05-02T15:15:15.150724,7FT9_4MB_ligand_start_conf__Orai1WT-MDSnap-Fr300_cleaned,Orai1WT-MDSnap-Fr300_cleaned,7FT9_4MB_ligand_start_conf,success,,20.32,35,15,15,5,0,215.23,14,23,4,1,1,2,4,83.47,0.76,C8H9NO4S,223,21026,1,3,5,5,True,True,cuda,NVIDIA GeForce RTX 4070 Laptop GPU
2026-05-02T15:15:15.152463,7JG0_GAR_ligand_start_conf__Orai1WT-MDSnap-Fr300_cleaned,Orai1WT-MDSnap-Fr300_cleaned,7JG0_GAR_ligand_start_conf,success,,25.02,35,15,15,5,0,284.16,18,31,8,1,0,4,9,177.23,-4.65,C7H13N2O8P-2,223,21026,1,3,5,5,True,True,cuda,NVIDIA GeForce RTX 4070 Laptop GPU
2026-05-02T15:15:15.153942,7JGW_V9S_ligand_start_conf__Orai1WT-MDSnap-Fr300_cleaned,Orai1WT-MDSnap-Fr300_cleaned,7JGW_V9S_ligand_start_conf,success,,35.57,35,15,15,5,0,617.73,45,76,11,6,5,3,9,125.8,6.61,C35H31N5O4S,223,21026,1,3,5,5,True,True,cuda,NVIDIA GeForce RTX 4070 Laptop GPU
2026-05-02T15:15:15.155597,7JHQ_VAJ_ligand_start_conf__Orai1WT-MDSnap-Fr300_cleaned,Orai1WT-MDSnap-Fr300_cleaned,7JHQ_VAJ_ligand_start_conf,success,,16.64,35,15,15,5,0,242.23,18,28,3,2,2,2,4,74.6,2.75,C14H10O4,223,21026,1,3,5,5,True,True,cuda,NVIDIA GeForce RTX 4070 Laptop GPU
2026-05-02T15:15:15.157447,7JMV_4NC_ligand_start_conf__Orai1WT-MDSnap-Fr300_cleaned,Orai1WT-MDSnap-Fr300_cleaned,7JMV_4NC_ligand_start_conf,success,,12.02,35,15,15,5,0,155.11,11,16,3,1,1,2,4,83.6,1.01,C6H5NO4,223,21026,1,3,5,5,True,True,cuda,NVIDIA GeForce RTX 4070 Laptop GPU
2026-05-02T15:15:15.158780,7JNB_A2G_ligand_start_conf__Orai1WT-MDSnap-Fr300_cleaned,Orai1WT-MDSnap-Fr300_cleaned,7JNB_A2G_ligand_start_conf,success,,23.81,35,15,15,5,0,221.21,15,30,7,1,0,5,6,119.25,-3.08,C8H15NO6,223,21026,1,3,5,5,True,True,cuda,NVIDIA GeForce RTX 4070 Laptop GPU
2026-05-02T15:15:15.160488,7JR8_VH7_ligand_start_conf__Orai1WT-MDSnap-Fr300_cleaned,Orai1WT-MDSnap-Fr300_cleaned,7JR8_VH7_ligand_start_conf,success,,29.87,35,15,15,5,0,377.49,28,55,7,4,3,2,4,66.63,4.06,C23H27N3O2,223,21026,1,3,5,5,True,True,cuda,NVIDIA GeForce RTX 4070 Laptop GPU
2026-05-02T15:15:15.161786,7JUD_MMA_ligand_start_conf__Orai1WT-MDSnap-Fr300_cleaned,Orai1WT-MDSnap-Fr300_cleaned,7JUD_MMA_ligand_start_conf,success,,21.33,35,15,15,5,0,194.18,13,27,7,1,0,4,6,99.38,-2.57,C7H14O6,223,21026,1,3,5,5,True,True,cuda,NVIDIA GeForce RTX 4070 Laptop GPU
2026-05-02T15:15:15.163230,7JXX_VP7_ligand_start_conf__Orai1WT-MDSnap-Fr300_cleaned,Orai1WT-MDSnap-Fr300_cleaned,7JXX_VP7_ligand_start_conf,success,,21.98,35,15,15,5,0,332.41,25,45,4,4,3,3,4,87.82,2.82,C20H20N4O,223,21026,1,3,5,5,True,True,cuda,NVIDIA GeForce RTX 4070 Laptop GPU
2026-05-02T15:15:15.164813,7JY3_VUD_ligand_start_conf__Orai1WT-MDSnap-Fr300_cleaned,Orai1WT-MDSnap-Fr300_cleaned,7JY3_VUD_ligand_start_conf,success,,22.5,35,15,15,5,0,365.37,27,43,6,4,4,2,6,98.82,2.97,C19H16FN5O2,223,21026,1,3,5,5,True,True,cuda,NVIDIA GeForce RTX 4070 Laptop GPU
2026-05-02T15:15:15.166179,7K0V_VQP_ligand_start_conf__Orai1WT-MDSnap-Fr300_cleaned,Orai1WT-MDSnap-Fr300_cleaned,7K0V_VQP_ligand_start_conf,success,,40.04,35,15,15,5,0,443.5,32,59,7,3,3,3,5,88.05,4.82,C23H27F2N5O2,223,21026,1,3,5,5,True,True,cuda,NVIDIA GeForce RTX 4070 Laptop GPU
2026-05-02T15:15:15.167482,7K41_VUA_ligand_start_conf__Orai1WT-MDSnap-Fr300_cleaned,Orai1WT-MDSnap-Fr300_cleaned,7K41_VUA_ligand_start_conf,success,,26.23,35,15,15,5,0,296.42,22,46,6,3,2,1,4,41.05,3.37,C18H24N4,223,21026,1,3,5,5,True,True,cuda,NVIDIA GeForce RTX 4070 Laptop GPU
2026-05-02T15:15:15.168881,7KB1_WBJ_ligand_start_conf__Orai1WT-MDSnap-Fr300_cleaned,Orai1WT-MDSnap-Fr300_cleaned,7KB1_WBJ_ligand_start_conf,success,,25.92,35,15,15,5,0,330.23,22,37,11,1,1,4,9,149.54,0.92,C12H15N2O7P,223,21026,1,3,5,5,True,True,cuda,NVIDIA GeForce RTX 4070 Laptop GPU
2026-05-02T15:15:15.170354,7KC5_BJZ_ligand_start_conf__Orai1WT-MDSnap-Fr300_cleaned,Orai1WT-MDSnap-Fr300_cleaned,7KC5_BJZ_ligand_start_conf,success,,23.81,35,15,15,5,0,536.38,37,56,5,5,3,1,7,117.84,4.4,C26H19Cl2N5O4,223,21026,1,3,5,5,True,True,cuda,NVIDIA GeForce RTX 4070 Laptop GPU
2026-05-02T15:15:15.171759,7KFO_IAC_ligand_start_conf__Orai1WT-MDSnap-Fr300_cleaned,Orai1WT-MDSnap-Fr300_cleaned,7KFO_IAC_ligand_start_conf,success,,12.81,35,15,15,5,0,175.19,13,22,2,2,2,2,2,53.09,1.79,C10H9NO2,223,21026,1,3,5,5,True,True,cuda,NVIDIA GeForce RTX 4070 Laptop GPU
2026-05-02T15:15:15.173030,7KLX_WOV_ligand_start_conf__Orai1WT-MDSnap-Fr300_cleaned,Orai1WT-MDSnap-Fr300_cleaned,7KLX_WOV_ligand_start_conf,success,,20.15,35,15,15,5,0,231.25,17,30,5,2,2,2,4,62.46,2.5,C13H13NO3,223,21026,1,3,5,5,True,True,cuda,NVIDIA GeForce RTX 4070 Laptop GPU
2026-05-02T15:15:15.175158,7KM8_WPD_ligand_start_conf__Orai1WT-MDSnap-Fr300_cleaned,Orai1WT-MDSnap-Fr300_cleaned,7KM8_WPD_ligand_start_conf,success,,38.07,35,15,15,5,0,410.42,29,53,14,2,2,3,8,133.58,2.56,C19H24F2N4O4,223,21026,1,3,5,5,True,True,cuda,NVIDIA GeForce RTX 4070 Laptop GPU
2026-05-02T15:15:15.176632,7KP6_WTP_ligand_start_conf__Orai1WT-MDSnap-Fr300_cleaned,Orai1WT-MDSnap-Fr300_cleaned,7KP6_WTP_ligand_start_conf,success,,26.98,35,15,15,5,0,402.93,28,55,7,4,2,2,7,65.55,3.22,C20H27ClN6O,223,21026,1,3,5,5,True,True,cuda,NVIDIA GeForce RTX 4070 Laptop GPU
2026-05-02T15:15:15.177876,7KQU_YOF_ligand_start_conf__Orai1WT-MDSnap-Fr300_cleaned,Orai1WT-MDSnap-Fr300_cleaned,7KQU_YOF_ligand_start_conf,success,,17.1,35,15,15,5,0,199.18,14,24,5,1,1,3,4,83.55,0.49,C9H10FNO3,223,21026,1,3,5,5,True,True,cuda,NVIDIA GeForce RTX 4070 Laptop GPU
2026-05-02T15:15:15.179264,7KRU_ATP_ligand_start_conf__Orai1WT-MDSnap-Fr300_cleaned,Orai1WT-MDSnap-Fr300_cleaned,7KRU_ATP_ligand_start_conf,success,,30.65,35,15,15,5,0,507.18,31,47,15,3,2,7,18,279.13,-1.63,C10H16N5O13P3,223,21026,1,3,5,5,True,True,cuda,NVIDIA GeForce RTX 4070 Laptop GPU
2026-05-02T15:15:15.180709,7KZ9_XN7_ligand_start_conf__Orai1WT-MDSnap-Fr300_cleaned,Orai1WT-MDSnap-Fr300_cleaned,7KZ9_XN7_ligand_start_conf,success,,22.29,35,15,15,5,0,162.19,11,25,8,0,0,4,4,81.59,-2.32,C6H14N2O3,223,21026,1,3,5,5,True,True,cuda,NVIDIA GeForce RTX 4070 Laptop GPU
2026-05-02T15:15:15.182208,7L00_XCJ_ligand_start_conf__Orai1WT-MDSnap-Fr300_cleaned,Orai1WT-MDSnap-Fr300_cleaned,7L00_XCJ_ligand_start_conf,success,,25.51,35,15,15,5,0,418.52,27,41,6,4,4,1,8,93.95,3.13,C17H14N4O3S3,223,21026,1,3,5,5,True,True,cuda,NVIDIA GeForce RTX 4070 Laptop GPU
2026-05-02T15:15:15.183685,7L03_F9F_ligand_start_conf__Orai1WT-MDSnap-Fr300_cleaned,Orai1WT-MDSnap-Fr300_cleaned,7L03_F9F_ligand_start_conf,success,,26.68,35,15,15,5,0,365.22,22,33,9,1,1,3,7,122.16,0.97,C9H11F3NO7PS,223,21026,1,3,5,5,True,True,cuda,NVIDIA GeForce RTX 4070 Laptop GPU
2026-05-02T15:15:15.185091,7L5F_XNG_ligand_start_conf__Orai1WT-MDSnap-Fr300_cleaned,Orai1WT-MDSnap-Fr300_cleaned,7L5F_XNG_ligand_start_conf,success,,46.14,35,15,15,5,0,257.37,18,45,13,0,0,2,3,66.4,3.11,C14H27NO3,223,21026,1,3,5,5,True,True,cuda,NVIDIA GeForce RTX 4070 Laptop GPU
2026-05-02T15:15:15.186509,7L6D_BMF_ligand_start_conf__Orai1WT-MDSnap-Fr300_cleaned,Orai1WT-MDSnap-Fr300_cleaned,7L6D_BMF_ligand_start_conf,success,,30.24,35,15,15,5,0,404.45,28,48,9,3,3,2,8,127.58,2.35,C17H20N6O4S,223,21026,1,3,5,5,True,True,cuda,NVIDIA GeForce RTX 4070 Laptop GPU
2026-05-02T15:15:15.188255,7L7C_XQ1_ligand_start_conf__Orai1WT-MDSnap-Fr300_cleaned,Orai1WT-MDSnap-Fr300_cleaned,7L7C_XQ1_ligand_start_conf,success,,20.68,35,15,15,5,0,282.29,21,35,5,3,3,1,4,59.67,3.74,C17H14O4,223,21026,1,3,5,5,True,True,cuda,NVIDIA GeForce RTX 4070 Laptop GPU
2026-05-02T15:15:15.190305,7L81_UD4_ligand_start_conf__Orai1WT-MDSnap-Fr300_cleaned,Orai1WT-MDSnap-Fr300_cleaned,7L81_UD4_ligand_start_conf,success,,40.55,35,15,15,5,0,590.37,38,66,17,3,1,8,17,291.42,-3.66,C17H28N4O15P2,223,21026,1,3,5,5,True,True,cuda,NVIDIA GeForce RTX 4070 Laptop GPU
2026-05-02T15:15:15.191854,7LB3_XXS_ligand_start_conf__Orai1WT-MDSnap-Fr300_cleaned,Orai1WT-MDSnap-Fr300_cleaned,7LB3_XXS_ligand_start_conf,success,,27.44,35,15,15,5,0,412.52,29,53,6,5,3,2,7,107.85,2.91,C20H24N6O2S,223,21026,1,3,5,5,True,True,cuda,NVIDIA GeForce RTX 4070 Laptop GPU
2026-05-02T15:15:15.193480,7LCU_XTA_ligand_start_conf__Orai1WT-MDSnap-Fr300_cleaned,Orai1WT-MDSnap-Fr300_cleaned,7LCU_XTA_ligand_start_conf,success,,32.48,35,15,15,5,0,571.51,39,71,9,5,3,1,9,94.92,5.08,C28H32Cl2N6O3,223,21026,1,3,5,5,True,True,cuda,NVIDIA GeForce RTX 4070 Laptop GPU
2026-05-02T15:15:15.194984,7LEV_0JO_ligand_start_conf__Orai1WT-MDSnap-Fr300_cleaned,Orai1WT-MDSnap-Fr300_cleaned,7LEV_0JO_ligand_start_conf,success,,24.0,35,15,15,5,0,316.21,21,34,10,1,1,4,9,149.54,0.72,C11H13N2O7P,223,21026,1,3,5,5,True,True,cuda,NVIDIA GeForce RTX 4070 Laptop GPU
2026-05-02T15:15:15.196504,7LJN_GTP_ligand_start_conf__Orai1WT-MDSnap-Fr300_cleaned,Orai1WT-MDSnap-Fr300_cleaned,7LJN_GTP_ligand_start_conf,success,,31.63,35,15,15,5,0,523.18,32,48,15,3,2,8,18,299.1,-2.34,C10H16N5O14P3,223,21026,1,3,5,5,True,True,cuda,NVIDIA GeForce RTX 4070 Laptop GPU
2026-05-02T15:15:15.198472,7LMO_NYO_ligand_start_conf__Orai1WT-MDSnap-Fr300_cleaned,Orai1WT-MDSnap-Fr300_cleaned,7LMO_NYO_ligand_start_conf,success,,37.19,35,15,15,5,0,506.56,37,67,10,5,3,2,7,131.85,2.05,C26H30N6O5,223,21026,1,3,5,5,True,True,cuda,NVIDIA GeForce RTX 4070 Laptop GPU
2026-05-02T15:15:15.199973,7LOE_Y84_ligand_start_conf__Orai1WT-MDSnap-Fr300_cleaned,Orai1WT-MDSnap-Fr300_cleaned,7LOE_Y84_ligand_start_conf,success,,8.16,35,15,15,5,0,146.16,11,18,0,2,2,0,0,0.0,2.98,C10H7F,223,21026,1,3,5,5,True,True,cuda,NVIDIA GeForce RTX 4070 Laptop GPU
2026-05-02T15:15:15.201570,7LOU_IFM_ligand_start_conf__Orai1WT-MDSnap-Fr300_cleaned,Orai1WT-MDSnap-Fr300_cleaned,7LOU_IFM_ligand_start_conf,success,,14.1,35,15,15,5,0,147.17,10,23,4,1,0,4,4,72.72,-2.08,C6H13NO3,223,21026,1,3,5,5,True,True,cuda,NVIDIA GeForce RTX 4070 Laptop GPU
2026-05-02T15:15:15.202917,7LT0_ONJ_ligand_start_conf__Orai1WT-MDSnap-Fr300_cleaned,Orai1WT-MDSnap-Fr300_cleaned,7LT0_ONJ_ligand_start_conf,success,,23.16,35,15,15,5,0,375.49,27,48,6,4,3,1,3,40.54,5.32,C23H21NO2S,223,21026,1,3,5,5,True,True,cuda,NVIDIA GeForce RTX 4070 Laptop GPU
2026-05-02T15:15:15.204264,7LZD_YHY_ligand_start_conf__Orai1WT-MDSnap-Fr300_cleaned,Orai1WT-MDSnap-Fr300_cleaned,7LZD_YHY_ligand_start_conf,success,,28.37,35,15,15,5,0,394.49,29,56,7,4,3,2,3,51.37,4.4,C23H27FN4O,223,21026,1,3,5,5,True,True,cuda,NVIDIA GeForce RTX 4070 Laptop GPU
2026-05-02T15:15:15.205643,7LZQ_YJV_ligand_start_conf__Orai1WT-MDSnap-Fr300_cleaned,Orai1WT-MDSnap-Fr300_cleaned,7LZQ_YJV_ligand_start_conf,success,,21.23,35,15,15,5,0,316.75,22,35,4,3,3,1,5,68.92,2.03,C15H13ClN4O2,223,21026,1,3,5,5,True,True,cuda,NVIDIA GeForce RTX 4070 Laptop GPU
2026-05-02T15:15:15.207169,7M31_TDR_ligand_start_conf__Orai1WT-MDSnap-Fr300_cleaned,Orai1WT-MDSnap-Fr300_cleaned,7M31_TDR_ligand_start_conf,success,,9.46,35,15,15,5,0,126.11,9,15,1,1,1,2,2,65.72,-0.63,C5H6N2O2,223,21026,1,3,5,5,True,True,cuda,NVIDIA GeForce RTX 4070 Laptop GPU
2026-05-02T15:15:15.208747,7M3H_YPV_ligand_start_conf__Orai1WT-MDSnap-Fr300_cleaned,Orai1WT-MDSnap-Fr300_cleaned,7M3H_YPV_ligand_start_conf,success,,31.58,35,15,15,5,0,349.41,24,43,9,2,2,3,5,103.7,3.23,C17H19NO5S,223,21026,1,3,5,5,True,True,cuda,NVIDIA GeForce RTX 4070 Laptop GPU
2026-05-02T15:15:15.210178,7M41_YQG_ligand_start_conf__Orai1WT-MDSnap-Fr300_cleaned,Orai1WT-MDSnap-Fr300_cleaned,7M41_YQG_ligand_start_conf,success,,24.51,35,15,15,5,0,469.91,32,48,6,5,5,3,7,137.9,3.03,C20H16ClN7O3S,223,21026,1,3,5,5,True,True,cuda,NVIDIA GeForce RTX 4070 Laptop GPU
2026-05-02T15:15:15.211647,7M6K_YRJ_ligand_start_conf__Orai1WT-MDSnap-Fr300_cleaned,Orai1WT-MDSnap-Fr300_cleaned,7M6K_YRJ_ligand_start_conf,success,,34.09,35,15,15,5,0,485.37,33,55,12,3,2,6,10,204.6,-0.07,C18H22N4O10P+,223,21026,1,3,5,5,True,True,cuda,NVIDIA GeForce RTX 4070 Laptop GPU
2026-05-02T15:15:15.213057,7MAE_XUS_ligand_start_conf__Orai1WT-MDSnap-Fr300_cleaned,Orai1WT-MDSnap-Fr300_cleaned,7MAE_XUS_ligand_start_conf,success,,66.68,35,15,15,5,0,727.81,49,99,25,4,2,3,12,185.18,4.37,C33H50N3O11PS,223,21026,1,3,5,5,True,True,cuda,NVIDIA GeForce RTX 4070 Laptop GPU
2026-05-02T15:15:15.214509,7MEU_MGP_ligand_start_conf__Orai1WT-MDSnap-Fr300_cleaned,Orai1WT-MDSnap-Fr300_cleaned,7MEU_MGP_ligand_start_conf,success,,32.9,35,15,15,5,0,538.22,33,52,16,3,2,8,17,290.09,-2.91,C11H19N5O14P3+,223,21026,1,3,5,5,True,True,cuda,NVIDIA GeForce RTX 4070 Laptop GPU
2026-05-02T15:15:15.215777,7MFP_Z7P_ligand_start_conf__Orai1WT-MDSnap-Fr300_cleaned,Orai1WT-MDSnap-Fr300_cleaned,7MFP_Z7P_ligand_start_conf,success,,46.22,35,15,15,5,0,778.45,50,83,24,4,2,10,23,368.77,-2.62,C23H33N4O20P3,223,21026,1,3,5,5,True,True,cuda,NVIDIA GeForce RTX 4070 Laptop GPU
2026-05-02T15:15:15.217018,7MGT_ZD4_ligand_start_conf__Orai1WT-MDSnap-Fr300_cleaned,Orai1WT-MDSnap-Fr300_cleaned,7MGT_ZD4_ligand_start_conf,success,,27.78,35,15,15,5,0,461.65,28,42,12,3,2,6,15,232.6,-1.09,C10H14ClN5O10P2,223,21026,1,3,5,5,True,True,cuda,NVIDIA GeForce RTX 4070 Laptop GPU
2026-05-02T15:15:15.218769,7MGY_ZD1_ligand_start_conf__Orai1WT-MDSnap-Fr300_cleaned,Orai1WT-MDSnap-Fr300_cleaned,7MGY_ZD1_ligand_start_conf,success,,28.1,35,15,15,5,0,337.32,23,46,12,2,0,8,10,186.09,-4.85,C13H23NO9,223,21026,1,3,5,5,True,True,cuda,NVIDIA GeForce RTX 4070 Laptop GPU
2026-05-02T15:15:15.220098,7MMH_ZJY_ligand_start_conf__Orai1WT-MDSnap-Fr300_cleaned,Orai1WT-MDSnap-Fr300_cleaned,7MMH_ZJY_ligand_start_conf,success,,46.63,35,15,15,5,0,820.89,57,104,12,7,2,3,11,195.22,4.13,C38H47F3N6O9S,223,21026,1,3,5,5,True,True,cuda,NVIDIA GeForce RTX 4070 Laptop GPU
2026-05-02T15:15:15.221372,7MOI_HPS_ligand_start_conf__Orai1WT-MDSnap-Fr300_cleaned,Orai1WT-MDSnap-Fr300_cleaned,7MOI_HPS_ligand_start_conf,success,,11.82,35,15,15,5,0,174.09,11,18,4,1,1,2,4,66.76,1.16,C6H7O4P,223,21026,1,3,5,5,True,True,cuda,NVIDIA GeForce RTX 4070 Laptop GPU
2026-05-02T15:15:15.222628,7MRH_ZMJ_ligand_start_conf__Orai1WT-MDSnap-Fr300_cleaned,Orai1WT-MDSnap-Fr300_cleaned,7MRH_ZMJ_ligand_start_conf,success,,25.93,35,15,15,5,0,342.42,24,42,6,3,3,1,4,68.17,2.97,C18H18N2O3S,223,21026,1,3,5,5,True,True,cuda,NVIDIA GeForce RTX 4070 Laptop GPU
2026-05-02T15:15:15.224402,7MS7_ZQ1_ligand_start_conf__Orai1WT-MDSnap-Fr300_cleaned,Orai1WT-MDSnap-Fr300_cleaned,7MS7_ZQ1_ligand_start_conf,success,,26.68,35,15,15,5,0,437.9,29,49,6,3,2,2,6,116.67,2.12,C19H20ClN3O5S,223,21026,1,3,5,5,True,True,cuda,NVIDIA GeForce RTX 4070 Laptop GPU
2026-05-02T15:15:15.225705,7MSR_DCA_ligand_start_conf__Orai1WT-MDSnap-Fr300_cleaned,Orai1WT-MDSnap-Fr300_cleaned,7MSR_DCA_ligand_start_conf,success,,60.65,35,15,15,5,0,735.47,47,83,27,3,2,9,21,346.56,-1.58,C21H36N7O16P3,223,21026,1,3,5,5,True,True,cuda,NVIDIA GeForce RTX 4070 Laptop GPU
2026-05-02T15:15:15.227043,7MWN_WI5_ligand_start_conf__Orai1WT-MDSnap-Fr300_cleaned,Orai1WT-MDSnap-Fr300_cleaned,7MWN_WI5_ligand_start_conf,success,,25.68,35,15,15,5,0,426.52,32,58,5,6,4,0,5,43.7,4.6,C27H26N2O3,223,21026,1,3,5,5,True,True,cuda,NVIDIA GeForce RTX 4070 Laptop GPU
2026-05-02T15:15:15.228756,7MWU_ZPM_ligand_start_conf__Orai1WT-MDSnap-Fr300_cleaned,Orai1WT-MDSnap-Fr300_cleaned,7MWU_ZPM_ligand_start_conf,success,,10.41,35,15,15,5,0,100.12,7,15,1,1,0,1,2,37.3,0.87,C5H8O2,223,21026,1,3,5,5,True,True,cuda,NVIDIA GeForce RTX 4070 Laptop GPU
2026-05-02T15:15:15.230281,7MY1_IPE_ligand_start_conf__Orai1WT-MDSnap-Fr300_cleaned,Orai1WT-MDSnap-Fr300_cleaned,7MY1_IPE_ligand_start_conf,success,,21.03,35,15,15,5,0,246.09,14,26,10,0,0,3,7,113.29,1.18,C5H12O7P2,223,21026,1,3,5,5,True,True,cuda,NVIDIA GeForce RTX 4070 Laptop GPU
2026-05-02T15:15:15.232003,7MYU_ZR7_ligand_start_conf__Orai1WT-MDSnap-Fr300_cleaned,Orai1WT-MDSnap-Fr300_cleaned,7MYU_ZR7_ligand_start_conf,success,,25.48,35,15,15,5,0,498.52,35,55,6,5,3,2,10,131.51,2.2,C22H20F2N8O2S,223,21026,1,3,5,5,True,True,cuda,NVIDIA GeForce RTX 4070 Laptop GPU
2026-05-02T15:15:15.233984,7MZS_GLA_ligand_start_conf__Orai1WT-MDSnap-Fr300_cleaned,Orai1WT-MDSnap-Fr300_cleaned,7MZS_GLA_ligand_start_conf,success,,17.51,35,15,15,5,0,180.16,12,24,6,1,0,5,6,110.38,-3.22,C6H12O6,223,21026,1,3,5,5,True,True,cuda,NVIDIA GeForce RTX 4070 Laptop GPU
2026-05-02T15:15:15.237049,7N03_ZRP_ligand_start_conf__Orai1WT-MDSnap-Fr300_cleaned,Orai1WT-MDSnap-Fr300_cleaned,7N03_ZRP_ligand_start_conf,success,,37.27,35,15,15,5,0,376.5,28,56,11,3,3,3,4,66.05,5.33,C23H28N4O,223,21026,1,3,5,5,True,True,cuda,NVIDIA GeForce RTX 4070 Laptop GPU
2026-05-02T15:15:15.238783,7N4N_0BK_ligand_start_conf__Orai1WT-MDSnap-Fr300_cleaned,Orai1WT-MDSnap-Fr300_cleaned,7N4N_0BK_ligand_start_conf,success,,33.44,35,15,15,5,0,467.5,32,55,9,3,2,2,8,136.63,2.0,C20H23F2N5O4S,223,21026,1,3,5,5,True,True,cuda,NVIDIA GeForce RTX 4070 Laptop GPU
2026-05-02T15:15:15.240567,7N4W_P4V_ligand_start_conf__Orai1WT-MDSnap-Fr300_cleaned,Orai1WT-MDSnap-Fr300_cleaned,7N4W_P4V_ligand_start_conf,success,,22.58,35,15,15,5,0,355.43,26,51,8,4,2,0,5,40.16,3.38,C21H25NO4,223,21026,1,3,5,5,True,True,cuda,NVIDIA GeForce RTX 4070 Laptop GPU
2026-05-02T15:15:15.242432,7N6F_0I1_ligand_start_conf__Orai1WT-MDSnap-Fr300_cleaned,Orai1WT-MDSnap-Fr300_cleaned,7N6F_0I1_ligand_start_conf,success,,20.45,35,15,15,5,0,358.39,26,46,3,4,2,0,4,49.33,2.68,C19H20F2N4O,223,21026,1,3,5,5,True,True,cuda,NVIDIA GeForce RTX 4070 Laptop GPU
2026-05-02T15:15:15.244012,7N7B_T3F_ligand_start_conf__Orai1WT-MDSnap-Fr300_cleaned,Orai1WT-MDSnap-Fr300_cleaned,7N7B_T3F_ligand_start_conf,success,,36.25,35,15,15,5,0,547.35,35,62,16,3,1,7,16,262.32,-2.46,C16H27N3O14P2,223,21026,1,3,5,5,True,True,cuda,NVIDIA GeForce RTX 4070 Laptop GPU
2026-05-02T15:15:15.245401,7N7H_CTP_ligand_start_conf__Orai1WT-MDSnap-Fr300_cleaned,Orai1WT-MDSnap-Fr300_cleaned,7N7H_CTP_ligand_start_conf,success,,30.48,35,15,15,5,0,483.16,29,45,15,2,1,7,17,270.42,-2.21,C9H16N3O14P3,223,21026,1,3,5,5,True,True,cuda,NVIDIA GeForce RTX 4070 Laptop GPU
2026-05-02T15:15:15.247082,7NA4_1I9_ligand_start_conf__Orai1WT-MDSnap-Fr300_cleaned,Orai1WT-MDSnap-Fr300_cleaned,7NA4_1I9_ligand_start_conf,success,,38.44,35,15,15,5,0,537.06,38,71,11,6,4,1,8,111.72,6.36,C28H33ClN6O3,223,21026,1,3,5,5,True,True,cuda,NVIDIA GeForce RTX 4070 Laptop GPU
2026-05-02T15:15:15.248499,7NB4_U6Q_ligand_start_conf__Orai1WT-MDSnap-Fr300_cleaned,Orai1WT-MDSnap-Fr300_cleaned,7NB4_U6Q_ligand_start_conf,success,,31.62,35,15,15,5,0,451.98,31,53,9,4,4,2,6,75.11,5.99,C24H22ClN3O2S,223,21026,1,3,5,5,True,True,cuda,NVIDIA GeForce RTX 4070 Laptop GPU
2026-05-02T15:15:15.249923,7NF0_BYN_ligand_start_conf__Orai1WT-MDSnap-Fr300_cleaned,Orai1WT-MDSnap-Fr300_cleaned,7NF0_BYN_ligand_start_conf,success,,45.22,35,15,15,5,0,542.48,37,68,18,4,2,8,13,220.14,-0.13,C22H31N4O10P,223,21026,1,3,5,5,True,True,cuda,NVIDIA GeForce RTX 4070 Laptop GPU
2026-05-02T15:15:15.251304,7NF3_4LU_ligand_start_conf__Orai1WT-MDSnap-Fr300_cleaned,Orai1WT-MDSnap-Fr300_cleaned,7NF3_4LU_ligand_start_conf,success,,43.73,35,15,15,5,0,525.48,36,66,16,4,2,7,10,199.42,-0.09,C22H30N4O9P+,223,21026,1,3,5,5,True,True,cuda,NVIDIA GeForce RTX 4070 Laptop GPU
2026-05-02T15:15:15.252646,7NFB_GEN_ligand_start_conf__Orai1WT-MDSnap-Fr300_cleaned,Orai1WT-MDSnap-Fr300_cleaned,7NFB_GEN_ligand_start_conf,success,,13.55,35,15,15,5,0,270.24,20,30,4,3,3,3,5,90.9,2.58,C15H10O5,223,21026,1,3,5,5,True,True,cuda,NVIDIA GeForce RTX 4070 Laptop GPU
2026-05-02T15:15:15.253988,7NGW_UAW_ligand_start_conf__Orai1WT-MDSnap-Fr300_cleaned,Orai1WT-MDSnap-Fr300_cleaned,7NGW_UAW_ligand_start_conf,success,,20.37,35,15,15,5,0,234.3,17,35,3,2,1,2,2,52.57,2.66,C13H18N2O2,223,21026,1,3,5,5,True,True,cuda,NVIDIA GeForce RTX 4070 Laptop GPU
2026-05-02T15:15:15.255460,7NLK_UHK_ligand_start_conf__Orai1WT-MDSnap-Fr300_cleaned,Orai1WT-MDSnap-Fr300_cleaned,7NLK_UHK_ligand_start_conf,success,,29.49,35,15,15,5,0,237.37,16,35,8,1,1,2,2,29.1,3.28,C13H19NOS,223,21026,1,3,5,5,True,True,cuda,NVIDIA GeForce RTX 4070 Laptop GPU
2026-05-02T15:15:15.257362,7NLV_UJE_ligand_start_conf__Orai1WT-MDSnap-Fr300_cleaned,Orai1WT-MDSnap-Fr300_cleaned,7NLV_UJE_ligand_start_conf,success,,29.29,35,15,15,5,0,312.44,21,45,6,3,0,4,4,82.26,0.19,C14H24N4O2S,223,21026,1,3,5,5,True,True,cuda,NVIDIA GeForce RTX 4070 Laptop GPU
2026-05-02T15:15:15.259244,7NML_I7B_ligand_start_conf__Orai1WT-MDSnap-Fr300_cleaned,Orai1WT-MDSnap-Fr300_cleaned,7NML_I7B_ligand_start_conf,success,,17.33,35,15,15,5,0,285.73,16,24,5,1,1,3,5,146.34,-0.78,C6H8ClN3O4S2,223,21026,1,3,5,5,True,True,cuda,NVIDIA GeForce RTX 4070 Laptop GPU
2026-05-02T15:15:15.260923,7NP6_UK8_ligand_start_conf__Orai1WT-MDSnap-Fr300_cleaned,Orai1WT-MDSnap-Fr300_cleaned,7NP6_UK8_ligand_start_conf,success,,23.73,35,15,15,5,0,463.8,32,45,6,4,4,2,6,101.24,5.68,C21H13ClF3N3O4,223,21026,1,3,5,5,True,True,cuda,NVIDIA GeForce RTX 4070 Laptop GPU
2026-05-02T15:15:15.262633,7NPL_UKZ_ligand_start_conf__Orai1WT-MDSnap-Fr300_cleaned,Orai1WT-MDSnap-Fr300_cleaned,7NPL_UKZ_ligand_start_conf,success,,33.47,35,15,15,5,0,386.88,27,50,9,3,2,3,3,78.43,3.78,C21H23ClN2O3,223,21026,1,3,5,5,True,True,cuda,NVIDIA GeForce RTX 4070 Laptop GPU
2026-05-02T15:15:15.264781,7NR6_UO8_ligand_start_conf__Orai1WT-MDSnap-Fr300_cleaned,Orai1WT-MDSnap-Fr300_cleaned,7NR6_UO8_ligand_start_conf,success,,16.85,35,15,15,5,0,249.34,17,32,2,3,2,2,5,72.52,2.58,C11H15N5S,223,21026,1,3,5,5,True,True,cuda,NVIDIA GeForce RTX 4070 Laptop GPU
2026-05-02T15:15:15.266821,7NR8_UOE_ligand_start_conf__Orai1WT-MDSnap-Fr300_cleaned,Orai1WT-MDSnap-Fr300_cleaned,7NR8_UOE_ligand_start_conf,success,,40.23,35,15,15,5,0,635.17,45,84,12,6,3,3,10,136.05,2.73,C32H39ClN8O4,223,21026,1,3,5,5,True,True,cuda,NVIDIA GeForce RTX 4070 Laptop GPU
2026-05-02T15:15:15.268562,7NSW_HC4_ligand_start_conf__Orai1WT-MDSnap-Fr300_cleaned,Orai1WT-MDSnap-Fr300_cleaned,7NSW_HC4_ligand_start_conf,success,,11.5,35,15,15,5,0,164.16,12,20,3,1,1,2,3,57.53,1.49,C9H8O3,223,21026,1,3,5,5,True,True,cuda,NVIDIA GeForce RTX 4070 Laptop GPU
2026-05-02T15:15:15.270193,7NTG_F6R_ligand_start_conf__Orai1WT-MDSnap-Fr300_cleaned,Orai1WT-MDSnap-Fr300_cleaned,7NTG_F6R_ligand_start_conf,success,,29.85,35,15,15,5,0,260.13,16,29,13,0,0,6,9,164.75,-3.26,C6H13O9P,223,21026,1,3,5,5,True,True,cuda,NVIDIA GeForce RTX 4070 Laptop GPU
2026-05-02T15:15:15.271694,7NU0_DCL_ligand_start_conf__Orai1WT-MDSnap-Fr300_cleaned,Orai1WT-MDSnap-Fr300_cleaned,7NU0_DCL_ligand_start_conf,success,,23.62,35,15,15,5,0,117.19,8,23,7,0,0,2,2,46.25,0.35,C6H15NO,223,21026,1,3,5,5,True,True,cuda,NVIDIA GeForce RTX 4070 Laptop GPU
2026-05-02T15:15:15.273145,7NUT_GLP_ligand_start_conf__Orai1WT-MDSnap-Fr300_cleaned,Orai1WT-MDSnap-Fr300_cleaned,7NUT_GLP_ligand_start_conf,success,,24.65,35,15,15,5,0,259.15,16,30,9,1,0,6,9,162.7,-3.14,C6H14NO8P,223,21026,1,3,5,5,True,True,cuda,NVIDIA GeForce RTX 4070 Laptop GPU
2026-05-02T15:15:15.274642,7NXO_UU8_ligand_start_conf__Orai1WT-MDSnap-Fr300_cleaned,Orai1WT-MDSnap-Fr300_cleaned,7NXO_UU8_ligand_start_conf,success,,23.44,35,15,15,5,0,477.47,34,50,6,4,4,1,7,122.02,3.47,C24H16FN3O5S,223,21026,1,3,5,5,True,True,cuda,NVIDIA GeForce RTX 4070 Laptop GPU
2026-05-02T15:15:15.276171,7O0N_CDP_ligand_start_conf__Orai1WT-MDSnap-Fr300_cleaned,Orai1WT-MDSnap-Fr300_cleaned,7O0N_CDP_ligand_start_conf,success,,27.85,35,15,15,5,0,403.18,25,40,12,2,1,6,14,223.89,-2.33,C9H15N3O11P2,223,21026,1,3,5,5,True,True,cuda,NVIDIA GeForce RTX 4070 Laptop GPU
2026-05-02T15:15:15.277554,7O1T_5X8_ligand_start_conf__Orai1WT-MDSnap-Fr300_cleaned,Orai1WT-MDSnap-Fr300_cleaned,7O1T_5X8_ligand_start_conf,success,,29.55,35,15,15,5,0,370.39,25,43,10,3,2,5,12,182.63,-1.83,C13H18N6O5S,223,21026,1,3,5,5,True,True,cuda,NVIDIA GeForce RTX 4070 Laptop GPU
2026-05-02T15:15:15.278898,7OCB_V88_ligand_start_conf__Orai1WT-MDSnap-Fr300_cleaned,Orai1WT-MDSnap-Fr300_cleaned,7OCB_V88_ligand_start_conf,success,,47.76,35,15,15,5,0,561.78,41,88,18,5,3,2,9,78.02,4.68,C32H47N7O2,223,21026,1,3,5,5,True,True,cuda,NVIDIA GeForce RTX 4070 Laptop GPU
2026-05-02T15:15:15.280281,7ODX_DGP_ligand_start_conf__Orai1WT-MDSnap-Fr300_cleaned,Orai1WT-MDSnap-Fr300_cleaned,7ODX_DGP_ligand_start_conf,success,,23.08,35,15,15,5,0,347.22,23,37,8,3,2,5,11,185.81,-1.54,C10H14N5O7P,223,21026,1,3,5,5,True,True,cuda,NVIDIA GeForce RTX 4070 Laptop GPU
2026-05-02T15:15:15.281629,7ODY_DGI_ligand_start_conf__Orai1WT-MDSnap-Fr300_cleaned,Orai1WT-MDSnap-Fr300_cleaned,7ODY_DGI_ligand_start_conf,success,,25.95,35,15,15,5,0,427.2,27,42,11,3,2,6,14,232.34,-1.42,C10H15N5O10P2,223,21026,1,3,5,5,True,True,cuda,NVIDIA GeForce RTX 4070 Laptop GPU
2026-05-02T15:15:15.282935,7OEO_V9Z_ligand_start_conf__Orai1WT-MDSnap-Fr300_cleaned,Orai1WT-MDSnap-Fr300_cleaned,7OEO_V9Z_ligand_start_conf,success,,37.8,35,15,15,5,0,430.55,32,62,12,3,3,1,3,58.64,4.33,C27H30N2O3,223,21026,1,3,5,5,True,True,cuda,NVIDIA GeForce RTX 4070 Laptop GPU
2026-05-02T15:15:15.284276,7OFF_VCB_ligand_start_conf__Orai1WT-MDSnap-Fr300_cleaned,Orai1WT-MDSnap-Fr300_cleaned,7OFF_VCB_ligand_start_conf,success,,22.69,35,15,15,5,0,357.36,27,42,4,4,3,2,4,83.47,3.45,C22H15NO4,223,21026,1,3,5,5,True,True,cuda,NVIDIA GeForce RTX 4070 Laptop GPU
2026-05-02T15:15:15.285813,7OFK_VCH_ligand_start_conf__Orai1WT-MDSnap-Fr300_cleaned,Orai1WT-MDSnap-Fr300_cleaned,7OFK_VCH_ligand_start_conf,success,,35.43,35,15,15,5,0,524.44,35,53,7,3,2,2,5,103.78,3.44,C21H18F6N2O5S,223,21026,1,3,5,5,True,True,cuda,NVIDIA GeForce RTX 4070 Laptop GPU
2026-05-02T15:15:15.287206,7OKC_VFE_ligand_start_conf__Orai1WT-MDSnap-Fr300_cleaned,Orai1WT-MDSnap-Fr300_cleaned,7OKC_VFE_ligand_start_conf,success,,30.42,35,15,15,5,0,429.93,29,49,9,3,3,1,6,80.12,2.79,C20H20ClN5O2S,223,21026,1,3,5,5,True,True,cuda,NVIDIA GeForce RTX 4070 Laptop GPU
2026-05-02T15:15:15.288576,7OKF_VH5_ligand_start_conf__Orai1WT-MDSnap-Fr300_cleaned,Orai1WT-MDSnap-Fr300_cleaned,7OKF_VH5_ligand_start_conf,success,,20.68,35,15,15,5,0,394.87,28,47,4,4,3,2,6,88.05,2.94,C20H19ClN6O,223,21026,1,3,5,5,True,True,cuda,NVIDIA GeForce RTX 4070 Laptop GPU
2026-05-02T15:15:15.289929,7OLI_8HG_ligand_start_conf__Orai1WT-MDSnap-Fr300_cleaned,Orai1WT-MDSnap-Fr300_cleaned,7OLI_8HG_ligand_start_conf,success,,20.33,35,15,15,5,0,283.24,20,33,5,3,2,5,8,159.25,-2.36,C10H13N5O5,223,21026,1,3,5,5,True,True,cuda,NVIDIA GeForce RTX 4070 Laptop GPU
2026-05-02T15:15:15.291270,7OLT_58J_ligand_start_conf__Orai1WT-MDSnap-Fr300_cleaned,Orai1WT-MDSnap-Fr300_cleaned,7OLT_58J_ligand_start_conf,success,,18.54,35,15,15,5,0,308.34,23,39,4,3,2,1,3,58.64,2.76,C18H16N2O3,223,21026,1,3,5,5,True,True,cuda,NVIDIA GeForce RTX 4070 Laptop GPU
2026-05-02T15:15:15.292679,7OMJ_GCP_ligand_start_conf__Orai1WT-MDSnap-Fr300_cleaned,Orai1WT-MDSnap-Fr300_cleaned,7OMJ_GCP_ligand_start_conf,success,,33.74,35,15,15,5,0,521.21,32,50,15,3,2,8,17,289.87,-2.22,C11H18N5O13P3,223,21026,1,3,5,5,True,True,cuda,NVIDIA GeForce RTX 4070 Laptop GPU
2026-05-02T15:15:15.294187,7OMX_CNA_ligand_start_conf__Orai1WT-MDSnap-Fr300_cleaned,Orai1WT-MDSnap-Fr300_cleaned,7OMX_CNA_ligand_start_conf,success,,39.44,35,15,15,5,0,662.47,44,74,18,5,3,8,18,309.03,-2.35,C22H30N7O13P2+,223,21026,1,3,5,5,True,True,cuda,NVIDIA GeForce RTX 4070 Laptop GPU
2026-05-02T15:15:15.295693,7OP9_06K_ligand_start_conf__Orai1WT-MDSnap-Fr300_cleaned,Orai1WT-MDSnap-Fr300_cleaned,7OP9_06K_ligand_start_conf,success,,7.44,35,15,15,5,0,189.01,11,13,0,2,2,1,3,54.46,1.66,C5H2Cl2N4,223,21026,1,3,5,5,True,True,cuda,NVIDIA GeForce RTX 4070 Laptop GPU
2026-05-02T15:15:15.297229,7OPG_06N_ligand_start_conf__Orai1WT-MDSnap-Fr300_cleaned,Orai1WT-MDSnap-Fr300_cleaned,7OPG_06N_ligand_start_conf,success,,22.66,35,15,15,5,0,274.35,19,33,6,3,3,2,6,62.45,2.99,C13H14N4OS,223,21026,1,3,5,5,True,True,cuda,NVIDIA GeForce RTX 4070 Laptop GPU
2026-05-02T15:15:15.299091,7ORW_7WA_ligand_start_conf__Orai1WT-MDSnap-Fr300_cleaned,Orai1WT-MDSnap-Fr300_cleaned,7ORW_7WA_ligand_start_conf,success,,9.49,35,15,15,5,0,133.15,10,17,1,2,2,2,2,54.7,1.15,C7H7N3,223,21026,1,3,5,5,True,True,cuda,NVIDIA GeForce RTX 4070 Laptop GPU
2026-05-02T15:15:15.300711,7OSO_0V1_ligand_start_conf__Orai1WT-MDSnap-Fr300_cleaned,Orai1WT-MDSnap-Fr300_cleaned,7OSO_0V1_ligand_start_conf,success,,17.81,35,15,15,5,0,106.12,7,17,6,0,0,3,3,60.69,-1.28,C4H10O3,223,21026,1,3,5,5,True,True,cuda,NVIDIA GeForce RTX 4070 Laptop GPU
2026-05-02T15:15:15.302171,7OU8_1XI_ligand_start_conf__Orai1WT-MDSnap-Fr300_cleaned,Orai1WT-MDSnap-Fr300_cleaned,7OU8_1XI_ligand_start_conf,success,,23.76,35,15,15,5,0,335.43,23,44,6,3,1,3,5,85.16,0.2,C16H21N3O3S,223,21026,1,3,5,5,True,True,cuda,NVIDIA GeForce RTX 4070 Laptop GPU
2026-05-02T15:15:15.303627,7OZ9_NGK_ligand_start_conf__Orai1WT-MDSnap-Fr300_cleaned,Orai1WT-MDSnap-Fr300_cleaned,7OZ9_NGK_ligand_start_conf,success,,26.3,35,15,15,5,0,301.27,19,34,9,1,0,5,9,162.62,-3.25,C8H15NO9S,223,21026,1,3,5,5,True,True,cuda,NVIDIA GeForce RTX 4070 Laptop GPU
2026-05-02T15:15:15.305972,7OZC_G6S_ligand_start_conf__Orai1WT-MDSnap-Fr300_cleaned,Orai1WT-MDSnap-Fr300_cleaned,7OZC_G6S_ligand_start_conf,success,,21.22,35,15,15,5,0,260.22,16,28,8,1,0,5,9,153.75,-3.39,C6H12O9S,223,21026,1,3,5,5,True,True,cuda,NVIDIA GeForce RTX 4070 Laptop GPU
2026-05-02T15:15:15.307457,7P1F_KFN_ligand_start_conf__Orai1WT-MDSnap-Fr300_cleaned,Orai1WT-MDSnap-Fr300_cleaned,7P1F_KFN_ligand_start_conf,success,,25.91,35,15,15,5,0,250.2,17,31,9,1,0,6,8,147.68,-3.21,C9H14O8,223,21026,1,3,5,5,True,True,cuda,NVIDIA GeForce RTX 4070 Laptop GPU
2026-05-02T15:15:15.308813,7P1M_4IU_ligand_start_conf__Orai1WT-MDSnap-Fr300_cleaned,Orai1WT-MDSnap-Fr300_cleaned,7P1M_4IU_ligand_start_conf,success,,24.88,35,15,15,5,0,334.33,24,42,8,3,2,3,8,114.04,0.42,C16H18N2O6,223,21026,1,3,5,5,True,True,cuda,NVIDIA GeForce RTX 4070 Laptop GPU
2026-05-02T15:15:15.310136,7P2I_MFU_ligand_start_conf__Orai1WT-MDSnap-Fr300_cleaned,Orai1WT-MDSnap-Fr300_cleaned,7P2I_MFU_ligand_start_conf,success,,19.63,35,15,15,5,0,178.18,12,26,6,1,0,3,5,79.15,-1.54,C7H14O5,223,21026,1,3,5,5,True,True,cuda,NVIDIA GeForce RTX 4070 Laptop GPU
2026-05-02T15:15:15.312096,7P2W_4QR_ligand_start_conf__Orai1WT-MDSnap-Fr300_cleaned,Orai1WT-MDSnap-Fr300_cleaned,7P2W_4QR_ligand_start_conf,success,,26.99,35,15,15,5,0,520.35,34,49,8,4,4,4,8,141.61,5.47,C22H15Cl2N3O6S,223,21026,1,3,5,5,True,True,cuda,NVIDIA GeForce RTX 4070 Laptop GPU
2026-05-02T15:15:15.313439,7P4C_5OV_ligand_start_conf__Orai1WT-MDSnap-Fr300_cleaned,Orai1WT-MDSnap-Fr300_cleaned,7P4C_5OV_ligand_start_conf,success,,18.9,35,15,15,5,0,255.25,16,29,5,2,0,5,7,136.32,-3.71,C7H13NO7S,223,21026,1,3,5,5,True,True,cuda,NVIDIA GeForce RTX 4070 Laptop GPU
2026-05-02T15:15:15.314780,7P4J_5JK_ligand_start_conf__Orai1WT-MDSnap-Fr300_cleaned,Orai1WT-MDSnap-Fr300_cleaned,7P4J_5JK_ligand_start_conf,success,,47.79,35,15,15,5,0,402.66,29,75,12,4,0,2,2,40.46,6.36,C27H46O2,223,21026,1,3,5,5,True,True,cuda,NVIDIA GeForce RTX 4070 Laptop GPU
2026-05-02T15:15:15.316114,7P4V_DAT_ligand_start_conf__Orai1WT-MDSnap-Fr300_cleaned,Orai1WT-MDSnap-Fr300_cleaned,7P4V_DAT_ligand_start_conf,success,,27.58,35,15,15,5,0,411.2,26,41,11,3,2,5,14,212.37,-0.72,C10H15N5O9P2,223,21026,1,3,5,5,True,True,cuda,NVIDIA GeForce RTX 4070 Laptop GPU
2026-05-02T15:15:15.317876,7P5T_5YG_ligand_start_conf__Orai1WT-MDSnap-Fr300_cleaned,Orai1WT-MDSnap-Fr300_cleaned,7P5T_5YG_ligand_start_conf,success,,27.8,35,15,15,5,0,304.39,23,43,7,3,3,1,3,34.15,4.29,C20H20N2O,223,21026,1,3,5,5,True,True,cuda,NVIDIA GeForce RTX 4070 Laptop GPU
2026-05-02T15:15:15.319230,7P85_5ZG_ligand_start_conf__Orai1WT-MDSnap-Fr300_cleaned,Orai1WT-MDSnap-Fr300_cleaned,7P85_5ZG_ligand_start_conf,success,,22.28,35,15,15,5,0,214.2,14,29,7,1,1,1,3,46.53,2.72,C10H15O3P,223,21026,1,3,5,5,True,True,cuda,NVIDIA GeForce RTX 4070 Laptop GPU
2026-05-02T15:15:15.320545,7PA4_C_ligand_start_conf__Orai1WT-MDSnap-Fr300_cleaned,Orai1WT-MDSnap-Fr300_cleaned,7PA4_C_ligand_start_conf,success,,25.19,35,15,15,5,0,323.2,21,35,9,2,1,5,11,177.36,-2.45,C9H14N3O8P,223,21026,1,3,5,5,True,True,cuda,NVIDIA GeForce RTX 4070 Laptop GPU
2026-05-02T15:15:15.322331,7PGX_FMN_ligand_start_conf__Orai1WT-MDSnap-Fr300_cleaned,Orai1WT-MDSnap-Fr300_cleaned,7PGX_FMN_ligand_start_conf,success,,38.36,35,15,15,5,0,456.35,31,52,14,3,1,6,12,208.09,-1.61,C17H21N4O9P,223,21026,1,3,5,5,True,True,cuda,NVIDIA GeForce RTX 4070 Laptop GPU
2026-05-02T15:15:15.323707,7PIH_7QW_ligand_start_conf__Orai1WT-MDSnap-Fr300_cleaned,Orai1WT-MDSnap-Fr300_cleaned,7PIH_7QW_ligand_start_conf,success,,23.98,35,15,15,5,0,319.41,24,45,5,4,3,2,4,62.38,3.14,C20H21N3O,223,21026,1,3,5,5,True,True,cuda,NVIDIA GeForce RTX 4070 Laptop GPU
2026-05-02T15:15:15.325073,7PJQ_OWH_ligand_start_conf__Orai1WT-MDSnap-Fr300_cleaned,Orai1WT-MDSnap-Fr300_cleaned,7PJQ_OWH_ligand_start_conf,success,,12.49,35,15,15,5,0,152.22,10,18,2,1,1,1,2,24.92,0.98,C7H8N2S,223,21026,1,3,5,5,True,True,cuda,NVIDIA GeForce RTX 4070 Laptop GPU
2026-05-02T15:15:15.326427,7PK0_BYC_ligand_start_conf__Orai1WT-MDSnap-Fr300_cleaned,Orai1WT-MDSnap-Fr300_cleaned,7PK0_BYC_ligand_start_conf,success,,65.53,35,15,15,5,0,871.65,56,96,29,4,3,9,23,363.63,-0.02,C28H40N7O17P3S,223,21026,1,3,5,5,True,True,cuda,NVIDIA GeForce RTX 4070 Laptop GPU
2026-05-02T15:15:15.327817,7PL1_SFG_ligand_start_conf__Orai1WT-MDSnap-Fr300_cleaned,Orai1WT-MDSnap-Fr300_cleaned,7PL1_SFG_ligand_start_conf,success,,38.56,35,15,15,5,0,381.39,27,50,12,3,2,6,12,208.65,-2.06,C15H23N7O5,223,21026,1,3,5,5,True,True,cuda,NVIDIA GeForce RTX 4070 Laptop GPU
2026-05-02T15:15:15.329162,7POM_7VZ_ligand_start_conf__Orai1WT-MDSnap-Fr300_cleaned,Orai1WT-MDSnap-Fr300_cleaned,7POM_7VZ_ligand_start_conf,success,,22.07,35,15,15,5,0,363.89,22,40,6,2,1,1,5,86.46,3.2,C14H18ClNO4S2,223,21026,1,3,5,5,True,True,cuda,NVIDIA GeForce RTX 4070 Laptop GPU
2026-05-02T15:15:15.330970,7PRI_7TI_ligand_start_conf__Orai1WT-MDSnap-Fr300_cleaned,Orai1WT-MDSnap-Fr300_cleaned,7PRI_7TI_ligand_start_conf,success,,18.05,35,15,15,5,0,380.66,20,28,6,1,1,3,5,146.34,0.91,C8H8Cl3N3O4S2,223,21026,1,3,5,5,True,True,cuda,NVIDIA GeForce RTX 4070 Laptop GPU
2026-05-02T15:15:15.332290,7PRM_81I_ligand_start_conf__Orai1WT-MDSnap-Fr300_cleaned,Orai1WT-MDSnap-Fr300_cleaned,7PRM_81I_ligand_start_conf,success,,24.35,35,15,15,5,0,433.48,32,56,4,5,3,0,4,57.0,3.65,C25H24FN3O3,223,21026,1,3,5,5,True,True,cuda,NVIDIA GeForce RTX 4070 Laptop GPU
2026-05-02T15:15:15.333648,7PT3_3KK_ligand_start_conf__Orai1WT-MDSnap-Fr300_cleaned,Orai1WT-MDSnap-Fr300_cleaned,7PT3_3KK_ligand_start_conf,success,,70.15,35,15,15,5,0,853.63,54,96,32,3,2,10,24,383.86,-1.56,C25H42N7O18P3S,223,21026,1,3,5,5,True,True,cuda,NVIDIA GeForce RTX 4070 Laptop GPU
2026-05-02T15:15:15.335168,7PUV_84Z_ligand_start_conf__Orai1WT-MDSnap-Fr300_cleaned,Orai1WT-MDSnap-Fr300_cleaned,7PUV_84Z_ligand_start_conf,success,,23.97,35,15,15,5,0,389.84,24,36,6,2,2,1,6,120.6,1.61,C14H12ClNO6S2,223,21026,1,3,5,5,True,True,cuda,NVIDIA GeForce RTX 4070 Laptop GPU
2026-05-02T15:15:15.336521,7Q19_DSM_ligand_start_conf__Orai1WT-MDSnap-Fr300_cleaned,Orai1WT-MDSnap-Fr300_cleaned,7Q19_DSM_ligand_start_conf,success,,26.4,35,15,15,5,0,266.39,20,42,5,3,2,1,2,15.27,3.53,C18H22N2,223,21026,1,3,5,5,True,True,cuda,NVIDIA GeForce RTX 4070 Laptop GPU
2026-05-02T15:15:15.337768,7Q25_8J9_ligand_start_conf__Orai1WT-MDSnap-Fr300_cleaned,Orai1WT-MDSnap-Fr300_cleaned,7Q25_8J9_ligand_start_conf,success,,54.55,35,15,15,5,0,456.54,33,65,16,2,2,5,7,135.96,2.74,C25H32N2O6,223,21026,1,3,5,5,True,True,cuda,NVIDIA GeForce RTX 4070 Laptop GPU
2026-05-02T15:15:15.339135,7Q27_8KC_ligand_start_conf__Orai1WT-MDSnap-Fr300_cleaned,Orai1WT-MDSnap-Fr300_cleaned,7Q27_8KC_ligand_start_conf,success,,51.14,35,15,15,5,0,479.58,35,68,15,3,3,5,6,131.52,3.51,C27H33N3O5,223,21026,1,3,5,5,True,True,cuda,NVIDIA GeForce RTX 4070 Laptop GPU
2026-05-02T15:15:15.340511,7Q2B_M6H_ligand_start_conf__Orai1WT-MDSnap-Fr300_cleaned,Orai1WT-MDSnap-Fr300_cleaned,7Q2B_M6H_ligand_start_conf,success,,14.53,35,15,15,5,0,162.24,12,26,2,2,1,2,2,24.06,0.75,C10H14N2,223,21026,1,3,5,5,True,True,cuda,NVIDIA GeForce RTX 4070 Laptop GPU
2026-05-02T15:15:15.341972,7Q5I_I0F_ligand_start_conf__Orai1WT-MDSnap-Fr300_cleaned,Orai1WT-MDSnap-Fr300_cleaned,7Q5I_I0F_ligand_start_conf,success,,32.16,35,15,15,5,0,377.4,27,50,11,2,1,5,8,146.28,-1.42,C18H23N3O6,223,21026,1,3,5,5,True,True,cuda,NVIDIA GeForce RTX 4070 Laptop GPU
2026-05-02T15:15:15.343361,7QE4_NGA_ligand_start_conf__Orai1WT-MDSnap-Fr300_cleaned,Orai1WT-MDSnap-Fr300_cleaned,7QE4_NGA_ligand_start_conf,success,,24.65,35,15,15,5,0,221.21,15,30,7,1,0,5,6,119.25,-3.08,C8H15NO6,223,21026,1,3,5,5,True,True,cuda,NVIDIA GeForce RTX 4070 Laptop GPU
2026-05-02T15:15:15.344645,7QF4_RBF_ligand_start_conf__Orai1WT-MDSnap-Fr300_cleaned,Orai1WT-MDSnap-Fr300_cleaned,7QF4_RBF_ligand_start_conf,success,,32.95,35,15,15,5,0,376.37,27,47,11,3,1,5,9,161.56,-1.72,C17H20N4O6,223,21026,1,3,5,5,True,True,cuda,NVIDIA GeForce RTX 4070 Laptop GPU
2026-05-02T15:15:15.345915,7QFM_AY3_ligand_start_conf__Orai1WT-MDSnap-Fr300_cleaned,Orai1WT-MDSnap-Fr300_cleaned,7QFM_AY3_ligand_start_conf,success,,16.28,35,15,15,5,0,265.27,20,31,2,3,2,2,3,66.4,2.88,C16H11NO3,223,21026,1,3,5,5,True,True,cuda,NVIDIA GeForce RTX 4070 Laptop GPU
2026-05-02T15:15:15.347198,7QGP_DJ8_ligand_start_conf__Orai1WT-MDSnap-Fr300_cleaned,Orai1WT-MDSnap-Fr300_cleaned,7QGP_DJ8_ligand_start_conf,success,,26.59,35,15,15,5,0,492.97,35,60,4,5,4,3,7,101.81,4.5,C25H25ClN6O3,223,21026,1,3,5,5,True,True,cuda,NVIDIA GeForce RTX 4070 Laptop GPU
2026-05-02T15:15:15.348563,7QHG_T3B_ligand_start_conf__Orai1WT-MDSnap-Fr300_cleaned,Orai1WT-MDSnap-Fr300_cleaned,7QHG_T3B_ligand_start_conf,success,,45.98,35,15,15,5,0,605.74,42,73,14,4,4,3,7,137.57,4.61,C30H31N5O5S2,223,21026,1,3,5,5,True,True,cuda,NVIDIA GeForce RTX 4070 Laptop GPU
2026-05-02T15:15:15.349811,7QHL_D5P_ligand_start_conf__Orai1WT-MDSnap-Fr300_cleaned,Orai1WT-MDSnap-Fr300_cleaned,7QHL_D5P_ligand_start_conf,success,,30.56,35,15,15,5,0,420.55,30,54,9,5,4,3,8,110.33,3.47,C21H24N8S,223,21026,1,3,5,5,True,True,cuda,NVIDIA GeForce RTX 4070 Laptop GPU
2026-05-02T15:15:15.351179,7QK0_EBL_ligand_start_conf__Orai1WT-MDSnap-Fr300_cleaned,Orai1WT-MDSnap-Fr300_cleaned,7QK0_EBL_ligand_start_conf,success,,28.81,35,15,15,5,0,547.01,38,67,7,6,3,3,9,104.54,4.15,C26H29ClF2N6O3,223,21026,1,3,5,5,True,True,cuda,NVIDIA GeForce RTX 4070 Laptop GPU
2026-05-02T15:15:15.352998,7QPP_VDX_ligand_start_conf__Orai1WT-MDSnap-Fr300_cleaned,Orai1WT-MDSnap-Fr300_cleaned,7QPP_VDX_ligand_start_conf,success,,44.52,35,15,15,5,0,416.65,30,74,13,3,0,3,3,60.69,5.7,C27H44O3,223,21026,1,3,5,5,True,True,cuda,NVIDIA GeForce RTX 4070 Laptop GPU
2026-05-02T15:15:15.354902,7QSW_CAP_ligand_start_conf__Orai1WT-MDSnap-Fr300_cleaned,Orai1WT-MDSnap-Fr300_cleaned,7QSW_CAP_ligand_start_conf,success,,35.93,35,15,15,5,0,356.11,21,35,16,0,0,8,13,231.51,-3.26,C6H14O13P2,223,21026,1,3,5,5,True,True,cuda,NVIDIA GeForce RTX 4070 Laptop GPU
2026-05-02T15:15:15.356548,7QTA_URI_ligand_start_conf__Orai1WT-MDSnap-Fr300_cleaned,Orai1WT-MDSnap-Fr300_cleaned,7QTA_URI_ligand_start_conf,success,,19.37,35,15,15,5,0,244.2,17,29,5,2,1,4,7,124.78,-2.85,C9H12N2O6,223,21026,1,3,5,5,True,True,cuda,NVIDIA GeForce RTX 4070 Laptop GPU
2026-05-02T15:15:15.358167,7R3D_APR_ligand_start_conf__Orai1WT-MDSnap-Fr300_cleaned,Orai1WT-MDSnap-Fr300_cleaned,7R3D_APR_ligand_start_conf,success,,36.01,35,15,15,5,0,559.32,36,59,17,4,2,8,19,291.52,-3.28,C15H23N5O14P2,223,21026,1,3,5,5,True,True,cuda,NVIDIA GeForce RTX 4070 Laptop GPU
2026-05-02T15:15:15.359881,7R59_I5F_ligand_start_conf__Orai1WT-MDSnap-Fr300_cleaned,Orai1WT-MDSnap-Fr300_cleaned,7R59_I5F_ligand_start_conf,success,,9.1,35,15,15,5,0,191.22,13,18,1,3,3,1,5,50.42,1.65,C8H5N3OS,223,21026,1,3,5,5,True,True,cuda,NVIDIA GeForce RTX 4070 Laptop GPU
2026-05-02T15:15:15.361473,7R6J_2I7_ligand_start_conf__Orai1WT-MDSnap-Fr300_cleaned,Orai1WT-MDSnap-Fr300_cleaned,7R6J_2I7_ligand_start_conf,success,,33.74,35,15,15,5,0,450.54,33,63,12,4,3,5,8,121.97,1.32,C25H30N4O4,223,21026,1,3,5,5,True,True,cuda,NVIDIA GeForce RTX 4070 Laptop GPU
2026-05-02T15:15:15.363066,7R7R_AWJ_ligand_start_conf__Orai1WT-MDSnap-Fr300_cleaned,Orai1WT-MDSnap-Fr300_cleaned,7R7R_AWJ_ligand_start_conf,success,,37.84,35,15,15,5,0,472.55,33,58,13,4,3,5,10,128.79,2.88,C22H25FN6O3S,223,21026,1,3,5,5,True,True,cuda,NVIDIA GeForce RTX 4070 Laptop GPU
2026-05-02T15:15:15.364443,7R9N_F97_ligand_start_conf__Orai1WT-MDSnap-Fr300_cleaned,Orai1WT-MDSnap-Fr300_cleaned,7R9N_F97_ligand_start_conf,success,,29.44,35,15,15,5,0,428.49,31,57,7,5,3,2,8,83.79,3.47,C21H26F2N8,223,21026,1,3,5,5,True,True,cuda,NVIDIA GeForce RTX 4070 Laptop GPU
2026-05-02T15:15:15.365881,7RC3_SAH_ligand_start_conf__Orai1WT-MDSnap-Fr300_cleaned,Orai1WT-MDSnap-Fr300_cleaned,7RC3_SAH_ligand_start_conf,success,,33.34,35,15,15,5,0,384.42,26,46,11,3,2,5,12,182.63,-1.44,C14H20N6O5S,223,21026,1,3,5,5,True,True,cuda,NVIDIA GeForce RTX 4070 Laptop GPU
2026-05-02T15:15:15.367230,7REE_4LY_ligand_start_conf__Orai1WT-MDSnap-Fr300_cleaned,Orai1WT-MDSnap-Fr300_cleaned,7REE_4LY_ligand_start_conf,success,,35.71,35,15,15,5,0,593.66,42,71,10,6,4,2,9,135.83,3.84,C28H29F2N9O2S,223,21026,1,3,5,5,True,True,cuda,NVIDIA GeForce RTX 4070 Laptop GPU
2026-05-02T15:15:15.368569,7RH3_59O_ligand_start_conf__Orai1WT-MDSnap-Fr300_cleaned,Orai1WT-MDSnap-Fr300_cleaned,7RH3_59O_ligand_start_conf,success,,32.39,35,15,15,5,0,495.87,34,56,11,3,2,2,10,154.66,2.03,C22H22ClNO10,223,21026,1,3,5,5,True,True,cuda,NVIDIA GeForce RTX 4070 Laptop GPU
2026-05-02T15:15:15.369932,7RH8_UTP_ligand_start_conf__Orai1WT-MDSnap-Fr300_cleaned,Orai1WT-MDSnap-Fr300_cleaned,7RH8_UTP_ligand_start_conf,success,,30.03,35,15,15,5,0,484.14,29,44,14,2,1,7,16,264.37,-2.5,C9H15N2O15P3,223,21026,1,3,5,5,True,True,cuda,NVIDIA GeForce RTX 4070 Laptop GPU
2026-05-02T15:15:15.371252,7RKW_5TV_ligand_start_conf__Orai1WT-MDSnap-Fr300_cleaned,Orai1WT-MDSnap-Fr300_cleaned,7RKW_5TV_ligand_start_conf,success,,23.06,35,15,15,5,0,379.22,25,38,5,3,3,0,4,44.12,4.93,C18H13Cl2FN2O2,223,21026,1,3,5,5,True,True,cuda,NVIDIA GeForce RTX 4070 Laptop GPU
2026-05-02T15:15:15.372699,7RNI_60I_ligand_start_conf__Orai1WT-MDSnap-Fr300_cleaned,Orai1WT-MDSnap-Fr300_cleaned,7RNI_60I_ligand_start_conf,success,,42.4,35,15,15,5,0,422.58,31,65,7,4,3,0,6,59.19,3.39,C24H34N6O,223,21026,1,3,5,5,True,True,cuda,NVIDIA GeForce RTX 4070 Laptop GPU
2026-05-02T15:15:15.374178,7ROR_69X_ligand_start_conf__Orai1WT-MDSnap-Fr300_cleaned,Orai1WT-MDSnap-Fr300_cleaned,7ROR_69X_ligand_start_conf,success,,37.16,35,15,15,5,0,510.4,35,58,14,4,3,6,15,238.39,-1.04,C19H23N6O9P,223,21026,1,3,5,5,True,True,cuda,NVIDIA GeForce RTX 4070 Laptop GPU
2026-05-02T15:15:15.375546,7ROU_66I_ligand_start_conf__Orai1WT-MDSnap-Fr300_cleaned,Orai1WT-MDSnap-Fr300_cleaned,7ROU_66I_ligand_start_conf,success,,42.75,35,15,15,5,0,575.51,39,62,15,4,3,6,15,247.26,-1.72,C20H23F2N7O9S,223,21026,1,3,5,5,True,True,cuda,NVIDIA GeForce RTX 4070 Laptop GPU
2026-05-02T15:15:15.377080,7RPZ_6IC_ligand_start_conf__Orai1WT-MDSnap-Fr300_cleaned,Orai1WT-MDSnap-Fr300_cleaned,7RPZ_6IC_ligand_start_conf,success,,28.76,35,15,15,5,0,600.65,44,75,6,8,4,2,8,86.64,4.71,C33H31F3N6O2,223,21026,1,3,5,5,True,True,cuda,NVIDIA GeForce RTX 4070 Laptop GPU
2026-05-02T15:15:15.378759,7RSV_7IQ_ligand_start_conf__Orai1WT-MDSnap-Fr300_cleaned,Orai1WT-MDSnap-Fr300_cleaned,7RSV_7IQ_ligand_start_conf,success,,18.97,35,15,15,5,0,276.34,20,40,2,4,1,1,5,59.39,0.95,C14H20N4O2,223,21026,1,3,5,5,True,True,cuda,NVIDIA GeForce RTX 4070 Laptop GPU
2026-05-02T15:15:15.380328,7RUI_7QZ_ligand_start_conf__Orai1WT-MDSnap-Fr300_cleaned,Orai1WT-MDSnap-Fr300_cleaned,7RUI_7QZ_ligand_start_conf,success,,44.46,35,15,15,5,0,719.72,51,80,11,6,6,3,8,140.01,6.7,C35H29F4N7O4S,223,21026,1,3,5,5,True,True,cuda,NVIDIA GeForce RTX 4070 Laptop GPU
2026-05-02T15:15:15.381782,7RWO_7WN_ligand_start_conf__Orai1WT-MDSnap-Fr300_cleaned,Orai1WT-MDSnap-Fr300_cleaned,7RWO_7WN_ligand_start_conf,success,,18.81,35,15,15,5,0,290.75,20,35,3,3,2,2,5,58.95,1.82,C14H15ClN4O,223,21026,1,3,5,5,True,True,cuda,NVIDIA GeForce RTX 4070 Laptop GPU
2026-05-02T15:15:15.383217,7RWS_4UR_ligand_start_conf__Orai1WT-MDSnap-Fr300_cleaned,Orai1WT-MDSnap-Fr300_cleaned,7RWS_4UR_ligand_start_conf,success,,28.88,35,15,15,5,0,674.42,45,69,8,7,4,7,22,329.65,-2.34,C20H24N10O13P2,223,21026,1,3,5,5,True,True,cuda,NVIDIA GeForce RTX 4070 Laptop GPU
2026-05-02T15:15:15.384947,7RZL_NPO_ligand_start_conf__Orai1WT-MDSnap-Fr300_cleaned,Orai1WT-MDSnap-Fr300_cleaned,7RZL_NPO_ligand_start_conf,success,,9.74,35,15,15,5,0,139.11,10,15,2,1,1,1,3,63.37,1.3,C6H5NO3,223,21026,1,3,5,5,True,True,cuda,NVIDIA GeForce RTX 4070 Laptop GPU
2026-05-02T15:15:15.386585,7S45_ACO_ligand_start_conf__Orai1WT-MDSnap-Fr300_cleaned,Orai1WT-MDSnap-Fr300_cleaned,7S45_ACO_ligand_start_conf,success,,64.9,35,15,15,5,0,809.58,51,89,29,3,2,9,23,363.63,-1.32,C23H38N7O17P3S,223,21026,1,3,5,5,True,True,cuda,NVIDIA GeForce RTX 4070 Laptop GPU
2026-05-02T15:15:15.388015,7S9H_7PP_ligand_start_conf__Orai1WT-MDSnap-Fr300_cleaned,Orai1WT-MDSnap-Fr300_cleaned,7S9H_7PP_ligand_start_conf,success,,37.33,35,15,15,5,0,413.91,29,53,11,3,3,2,7,99.08,3.25,C21H24ClN5O2,223,21026,1,3,5,5,True,True,cuda,NVIDIA GeForce RTX 4070 Laptop GPU
2026-05-02T15:15:15.389394,7SCW_GSP_ligand_start_conf__Orai1WT-MDSnap-Fr300_cleaned,Orai1WT-MDSnap-Fr300_cleaned,7SCW_GSP_ligand_start_conf,success,,34.15,35,15,15,5,0,539.25,32,48,15,3,2,8,18,282.03,-2.22,C10H16N5O13P3S,223,21026,1,3,5,5,True,True,cuda,NVIDIA GeForce RTX 4070 Laptop GPU
2026-05-02T15:15:15.390844,7SDD_4IP_ligand_start_conf__Orai1WT-MDSnap-Fr300_cleaned,Orai1WT-MDSnap-Fr300_cleaned,7SDD_4IP_ligand_start_conf,success,,34.14,35,15,15,5,0,500.07,28,44,18,1,0,10,18,307.5,-3.37,C6H16O18P4,223,21026,1,3,5,5,True,True,cuda,NVIDIA GeForce RTX 4070 Laptop GPU
2026-05-02T15:15:15.392560,7SED_8VD_ligand_start_conf__Orai1WT-MDSnap-Fr300_cleaned,Orai1WT-MDSnap-Fr300_cleaned,7SED_8VD_ligand_start_conf,success,,20.59,35,15,15,5,0,246.24,17,30,2,2,1,2,4,49.84,1.66,C10H13F3N4,223,21026,1,3,5,5,True,True,cuda,NVIDIA GeForce RTX 4070 Laptop GPU
2026-05-02T15:15:15.394104,7SFO_98L_ligand_start_conf__Orai1WT-MDSnap-Fr300_cleaned,Orai1WT-MDSnap-Fr300_cleaned,7SFO_98L_ligand_start_conf,success,,22.48,35,15,15,5,0,367.86,25,39,5,4,4,2,5,58.04,5.33,C19H14ClN3OS,223,21026,1,3,5,5,True,True,cuda,NVIDIA GeForce RTX 4070 Laptop GPU
2026-05-02T15:15:15.395536,7SGV_L30_ligand_start_conf__Orai1WT-MDSnap-Fr300_cleaned,Orai1WT-MDSnap-Fr300_cleaned,7SGV_L30_ligand_start_conf,success,,18.39,35,15,15,5,0,248.29,19,31,2,3,3,1,2,41.99,3.49,C16H12N2O,223,21026,1,3,5,5,True,True,cuda,NVIDIA GeForce RTX 4070 Laptop GPU
2026-05-02T15:15:15.397041,7SIU_9ID_ligand_start_conf__Orai1WT-MDSnap-Fr300_cleaned,Orai1WT-MDSnap-Fr300_cleaned,7SIU_9ID_ligand_start_conf,success,,29.97,35,15,15,5,0,417.47,31,54,7,4,3,3,7,127.82,2.42,C22H23N7O2,223,21026,1,3,5,5,True,True,cuda,NVIDIA GeForce RTX 4070 Laptop GPU
2026-05-02T15:15:15.398931,7SNE_9XR_ligand_start_conf__Orai1WT-MDSnap-Fr300_cleaned,Orai1WT-MDSnap-Fr300_cleaned,7SNE_9XR_ligand_start_conf,success,,43.96,35,15,15,5,0,677.46,45,74,19,5,3,9,20,326.41,-2.06,C22H29N7O14P2,223,21026,1,3,5,5,True,True,cuda,NVIDIA GeForce RTX 4070 Laptop GPU
2026-05-02T15:15:15.400507,7SSM_B7L_ligand_start_conf__Orai1WT-MDSnap-Fr300_cleaned,Orai1WT-MDSnap-Fr300_cleaned,7SSM_B7L_ligand_start_conf,success,,22.63,35,15,15,5,0,336.31,25,37,4,4,4,2,7,109.73,2.1,C17H12N4O4,223,21026,1,3,5,5,True,True,cuda,NVIDIA GeForce RTX 4070 Laptop GPU
2026-05-02T15:15:15.402289,7SUC_COM_ligand_start_conf__Orai1WT-MDSnap-Fr300_cleaned,Orai1WT-MDSnap-Fr300_cleaned,7SUC_COM_ligand_start_conf,success,,14.7,35,15,15,5,0,142.2,7,13,4,0,0,2,4,54.37,-0.2,C2H6O3S2,223,21026,1,3,5,5,True,True,cuda,NVIDIA GeForce RTX 4070 Laptop GPU
2026-05-02T15:15:15.403706,7SZA_DUI_ligand_start_conf__Orai1WT-MDSnap-Fr300_cleaned,Orai1WT-MDSnap-Fr300_cleaned,7SZA_DUI_ligand_start_conf,success,,17.04,35,15,15,5,0,273.25,20,31,2,3,1,2,5,109.57,-0.33,C13H11N3O4,223,21026,1,3,5,5,True,True,cuda,NVIDIA GeForce RTX 4070 Laptop GPU
2026-05-02T15:15:15.405223,7T0D_FPP_ligand_start_conf__Orai1WT-MDSnap-Fr300_cleaned,Orai1WT-MDSnap-Fr300_cleaned,7T0D_FPP_ligand_start_conf,success,,42.09,35,15,15,5,0,382.33,24,52,18,0,0,3,7,113.29,4.63,C15H28O7P2,223,21026,1,3,5,5,True,True,cuda,NVIDIA GeForce RTX 4070 Laptop GPU
2026-05-02T15:15:15.406745,7T0U_E3I_ligand_start_conf__Orai1WT-MDSnap-Fr300_cleaned,Orai1WT-MDSnap-Fr300_cleaned,7T0U_E3I_ligand_start_conf,success,,39.25,35,15,15,5,0,709.51,48,77,10,6,4,3,11,160.84,3.48,C30H29Cl2F3N8O5,223,21026,1,3,5,5,True,True,cuda,NVIDIA GeForce RTX 4070 Laptop GPU
2026-05-02T15:15:15.408157,7T1D_E7K_ligand_start_conf__Orai1WT-MDSnap-Fr300_cleaned,Orai1WT-MDSnap-Fr300_cleaned,7T1D_E7K_ligand_start_conf,success,,29.18,35,15,15,5,0,466.61,34,60,7,6,5,0,7,51.77,5.28,C27H26N6S,223,21026,1,3,5,5,True,True,cuda,NVIDIA GeForce RTX 4070 Laptop GPU
2026-05-02T15:15:15.410038,7T2I_E9F_ligand_start_conf__Orai1WT-MDSnap-Fr300_cleaned,Orai1WT-MDSnap-Fr300_cleaned,7T2I_E9F_ligand_start_conf,success,,28.8,35,15,15,5,0,412.52,29,53,6,5,3,2,7,107.85,2.91,C20H24N6O2S,223,21026,1,3,5,5,True,True,cuda,NVIDIA GeForce RTX 4070 Laptop GPU
2026-05-02T15:15:15.411968,7T3E_SLB_ligand_start_conf__Orai1WT-MDSnap-Fr300_cleaned,Orai1WT-MDSnap-Fr300_cleaned,7T3E_SLB_ligand_start_conf,success,,34.24,35,15,15,5,0,309.27,21,40,11,1,0,7,9,176.78,-3.87,C11H19NO9,223,21026,1,3,5,5,True,True,cuda,NVIDIA GeForce RTX 4070 Laptop GPU
2026-05-02T15:15:15.413438,7T3F_EM0_ligand_start_conf__Orai1WT-MDSnap-Fr300_cleaned,Orai1WT-MDSnap-Fr300_cleaned,7T3F_EM0_ligand_start_conf,success,,23.14,35,15,15,5,0,349.39,24,40,5,3,2,2,3,78.51,2.91,C16H16FN3O3S,223,21026,1,3,5,5,True,True,cuda,NVIDIA GeForce RTX 4070 Laptop GPU
2026-05-02T15:15:15.414891,7T9O_GEI_ligand_start_conf__Orai1WT-MDSnap-Fr300_cleaned,Orai1WT-MDSnap-Fr300_cleaned,7T9O_GEI_ligand_start_conf,success,,50.18,35,15,15,5,0,562.73,41,84,13,4,3,1,6,71.89,7.69,C34H43FN2O4,223,21026,1,3,5,5,True,True,cuda,NVIDIA GeForce RTX 4070 Laptop GPU
2026-05-02T15:15:15.416402,7TB0_UD1_ligand_start_conf__Orai1WT-MDSnap-Fr300_cleaned,Orai1WT-MDSnap-Fr300_cleaned,7TB0_UD1_ligand_start_conf,success,,41.25,35,15,15,5,0,607.36,39,66,18,3,1,9,18,305.86,-4.65,C17H27N3O17P2,223,21026,1,3,5,5,True,True,cuda,NVIDIA GeForce RTX 4070 Laptop GPU
2026-05-02T15:15:15.417915,7TBU_S3P_ligand_start_conf__Orai1WT-MDSnap-Fr300_cleaned,Orai1WT-MDSnap-Fr300_cleaned,7TBU_S3P_ligand_start_conf,success,,18.53,35,15,15,5,0,254.13,16,27,7,1,0,5,8,144.52,-1.4,C7H11O8P,223,21026,1,3,5,5,True,True,cuda,NVIDIA GeForce RTX 4070 Laptop GPU
2026-05-02T15:15:15.419703,7TE8_P0T_ligand_start_conf__Orai1WT-MDSnap-Fr300_cleaned,Orai1WT-MDSnap-Fr300_cleaned,7TE8_P0T_ligand_start_conf,success,,35.95,35,15,15,5,0,314.47,23,53,11,2,1,2,2,40.46,5.85,C21H30O2,223,21026,1,3,5,5,True,True,cuda,NVIDIA GeForce RTX 4070 Laptop GPU
2026-05-02T15:15:15.421746,7TH4_FFO_ligand_start_conf__Orai1WT-MDSnap-Fr300_cleaned,Orai1WT-MDSnap-Fr300_cleaned,7TH4_FFO_ligand_start_conf,success,,38.06,35,15,15,5,0,473.45,34,57,10,3,2,7,11,219.84,-0.73,C20H23N7O7,223,21026,1,3,5,5,True,True,cuda,NVIDIA GeForce RTX 4070 Laptop GPU
2026-05-02T15:15:15.423417,7THI_PGA_ligand_start_conf__Orai1WT-MDSnap-Fr300_cleaned,Orai1WT-MDSnap-Fr300_cleaned,7THI_PGA_ligand_start_conf,success,,13.92,35,15,15,5,0,156.03,9,14,5,0,0,3,6,104.06,-0.82,C2H5O6P,223,21026,1,3,5,5,True,True,cuda,NVIDIA GeForce RTX 4070 Laptop GPU
2026-05-02T15:15:15.424961,7TM6_GPJ_ligand_start_conf__Orai1WT-MDSnap-Fr300_cleaned,Orai1WT-MDSnap-Fr300_cleaned,7TM6_GPJ_ligand_start_conf,success,,19.52,35,15,15,5,0,170.08,10,19,6,0,0,4,5,111.44,-2.23,C3H9NO5P+,223,21026,1,3,5,5,True,True,cuda,NVIDIA GeForce RTX 4070 Laptop GPU
2026-05-02T15:15:15.426461,7TOM_5AD_ligand_start_conf__Orai1WT-MDSnap-Fr300_cleaned,Orai1WT-MDSnap-Fr300_cleaned,7TOM_5AD_ligand_start_conf,success,,21.07,35,15,15,5,0,251.25,18,31,5,3,2,3,8,119.31,-0.95,C10H13N5O3,223,21026,1,3,5,5,True,True,cuda,NVIDIA GeForce RTX 4070 Laptop GPU
2026-05-02T15:15:15.428128,7TS6_KMI_ligand_start_conf__Orai1WT-MDSnap-Fr300_cleaned,Orai1WT-MDSnap-Fr300_cleaned,7TS6_KMI_ligand_start_conf,success,,22.49,35,15,15,5,0,227.31,17,34,6,2,2,2,3,50.94,2.36,C14H17N3,223,21026,1,3,5,5,True,True,cuda,NVIDIA GeForce RTX 4070 Laptop GPU
2026-05-02T15:15:15.429675,7TSF_H4B_ligand_start_conf__Orai1WT-MDSnap-Fr300_cleaned,Orai1WT-MDSnap-Fr300_cleaned,7TSF_H4B_ligand_start_conf,success,,24.07,35,15,15,5,0,241.25,17,32,6,2,1,6,7,136.29,-1.7,C9H15N5O3,223,21026,1,3,5,5,True,True,cuda,NVIDIA GeForce RTX 4070 Laptop GPU
2026-05-02T15:15:15.431240,7TUO_KL9_ligand_start_conf__Orai1WT-MDSnap-Fr300_cleaned,Orai1WT-MDSnap-Fr300_cleaned,7TUO_KL9_ligand_start_conf,success,,30.35,35,15,15,5,0,421.57,30,57,7,5,3,3,6,92.93,3.55,C23H27N5OS,223,21026,1,3,5,5,True,True,cuda,NVIDIA GeForce RTX 4070 Laptop GPU
2026-05-02T15:15:15.432667,7TWC_CXS_ligand_start_conf__Orai1WT-MDSnap-Fr300_cleaned,Orai1WT-MDSnap-Fr300_cleaned,7TWC_CXS_ligand_start_conf,success,,24.42,35,15,15,5,0,221.32,14,33,6,1,0,2,4,66.4,1.19,C9H19NO3S,223,21026,1,3,5,5,True,True,cuda,NVIDIA GeForce RTX 4070 Laptop GPU
2026-05-02T15:15:15.434257,7TXK_LW8_ligand_start_conf__Orai1WT-MDSnap-Fr300_cleaned,Orai1WT-MDSnap-Fr300_cleaned,7TXK_LW8_ligand_start_conf,success,,29.59,35,15,15,5,0,230.31,15,31,7,1,1,3,3,68.88,0.77,C9H16N3O2S+,223,21026,1,3,5,5,True,True,cuda,NVIDIA GeForce RTX 4070 Laptop GPU
2026-05-02T15:15:15.435702,7TXP_0FX_ligand_start_conf__Orai1WT-MDSnap-Fr300_cleaned,Orai1WT-MDSnap-Fr300_cleaned,7TXP_0FX_ligand_start_conf,success,,36.55,35,15,15,5,0,547.35,35,62,16,3,1,7,16,262.32,-2.46,C16H27N3O14P2,223,21026,1,3,5,5,True,True,cuda,NVIDIA GeForce RTX 4070 Laptop GPU
2026-05-02T15:15:15.437210,7TYP_KUR_ligand_start_conf__Orai1WT-MDSnap-Fr300_cleaned,Orai1WT-MDSnap-Fr300_cleaned,7TYP_KUR_ligand_start_conf,success,,29.9,35,15,15,5,0,500.58,37,66,6,6,4,1,6,96.25,4.54,C28H29FN6O2,223,21026,1,3,5,5,True,True,cuda,NVIDIA GeForce RTX 4070 Laptop GPU
2026-05-02T15:15:15.438504,7U0U_FK5_ligand_start_conf__Orai1WT-MDSnap-Fr300_cleaned,Orai1WT-MDSnap-Fr300_cleaned,7U0U_FK5_ligand_start_conf,success,,51.88,35,15,15,5,0,804.03,57,126,18,4,0,3,12,178.36,4.64,C44H69NO12,223,21026,1,3,5,5,True,True,cuda,NVIDIA GeForce RTX 4070 Laptop GPU
2026-05-02T15:15:15.439812,7U3J_L6U_ligand_start_conf__Orai1WT-MDSnap-Fr300_cleaned,Orai1WT-MDSnap-Fr300_cleaned,7U3J_L6U_ligand_start_conf,success,,46.04,35,15,15,5,0,538.67,38,72,17,3,3,4,7,117.79,2.58,C28H34N4O5S,223,21026,1,3,5,5,True,True,cuda,NVIDIA GeForce RTX 4070 Laptop GPU
2026-05-02T15:15:15.441296,7UAS_MBU_ligand_start_conf__Orai1WT-MDSnap-Fr300_cleaned,Orai1WT-MDSnap-Fr300_cleaned,7UAS_MBU_ligand_start_conf,success,,39.16,35,15,15,5,0,548.61,40,71,10,6,4,0,6,68.84,6.0,C30H31F3N6O,223,21026,1,3,5,5,True,True,cuda,NVIDIA GeForce RTX 4070 Laptop GPU
2026-05-02T15:15:15.442642,7UAW_MF6_ligand_start_conf__Orai1WT-MDSnap-Fr300_cleaned,Orai1WT-MDSnap-Fr300_cleaned,7UAW_MF6_ligand_start_conf,success,,24.52,35,15,15,5,0,541.3,35,56,7,5,2,6,18,260.29,-2.24,C15H21N5O13P2,223,21026,1,3,5,5,True,True,cuda,NVIDIA GeForce RTX 4070 Laptop GPU
2026-05-02T15:15:15.444319,7UEY_N0R_ligand_start_conf__Orai1WT-MDSnap-Fr300_cleaned,Orai1WT-MDSnap-Fr300_cleaned,7UEY_N0R_ligand_start_conf,success,,25.72,35,15,15,5,0,389.84,27,47,6,3,2,2,6,98.66,0.95,C18H20ClN5O3,223,21026,1,3,5,5,True,True,cuda,NVIDIA GeForce RTX 4070 Laptop GPU
2026-05-02T15:15:15.446095,7UF2_5SP_ligand_start_conf__Orai1WT-MDSnap-Fr300_cleaned,Orai1WT-MDSnap-Fr300_cleaned,7UF2_5SP_ligand_start_conf,success,,23.5,35,15,15,5,0,230.11,14,25,11,0,0,5,8,144.52,-2.62,C5H11O8P,223,21026,1,3,5,5,True,True,cuda,NVIDIA GeForce RTX 4070 Laptop GPU
2026-05-02T15:15:15.448093,7UJ4_OQ4_ligand_start_conf__Orai1WT-MDSnap-Fr300_cleaned,Orai1WT-MDSnap-Fr300_cleaned,7UJ4_OQ4_ligand_start_conf,success,,48.12,35,15,15,5,0,630.83,44,91,15,5,2,1,8,107.97,4.68,C32H47FN6O4S,223,21026,1,3,5,5,True,True,cuda,NVIDIA GeForce RTX 4070 Laptop GPU
2026-05-02T15:15:15.449554,7UJ5_DGL_ligand_start_conf__Orai1WT-MDSnap-Fr300_cleaned,Orai1WT-MDSnap-Fr300_cleaned,7UJ5_DGL_ligand_start_conf,success,,19.25,35,15,15,5,0,147.13,10,19,5,0,0,3,5,100.62,-0.74,C5H9NO4,223,21026,1,3,5,5,True,True,cuda,NVIDIA GeForce RTX 4070 Laptop GPU
2026-05-02T15:15:15.451124,7UJF_R3V_ligand_start_conf__Orai1WT-MDSnap-Fr300_cleaned,Orai1WT-MDSnap-Fr300_cleaned,7UJF_R3V_ligand_start_conf,success,,29.45,35,15,15,5,0,427.59,32,65,8,5,3,1,3,32.7,5.97,C29H33NO2,223,21026,1,3,5,5,True,True,cuda,NVIDIA GeForce RTX 4070 Laptop GPU
2026-05-02T15:15:15.452708,7ULC_56B_ligand_start_conf__Orai1WT-MDSnap-Fr300_cleaned,Orai1WT-MDSnap-Fr300_cleaned,7ULC_56B_ligand_start_conf,success,,33.11,35,15,15,5,0,489.38,33,57,14,4,2,9,14,245.64,-3.21,C17H24N5O10P,223,21026,1,3,5,5,True,True,cuda,NVIDIA GeForce RTX 4070 Laptop GPU
2026-05-02T15:15:15.455239,7UMV_NUU_ligand_start_conf__Orai1WT-MDSnap-Fr300_cleaned,Orai1WT-MDSnap-Fr300_cleaned,7UMV_NUU_ligand_start_conf,success,,26.4,35,15,15,5,0,313.43,22,41,3,3,2,0,5,55.74,3.34,C17H19N3OS,223,21026,1,3,5,5,True,True,cuda,NVIDIA GeForce RTX 4070 Laptop GPU
2026-05-02T15:15:15.457308,7UMW_NAD_ligand_start_conf__Orai1WT-MDSnap-Fr300_cleaned,Orai1WT-MDSnap-Fr300_cleaned,7UMW_NAD_ligand_start_conf,success,,38.84,35,15,15,5,0,663.43,44,71,17,5,3,7,19,321.09,-3.65,C21H27N7O14P2,223,21026,1,3,5,5,True,True,cuda,NVIDIA GeForce RTX 4070 Laptop GPU
2026-05-02T15:15:15.459254,7UP3_NZ0_ligand_start_conf__Orai1WT-MDSnap-Fr300_cleaned,Orai1WT-MDSnap-Fr300_cleaned,7UP3_NZ0_ligand_start_conf,success,,21.7,35,15,15,5,0,332.34,23,35,6,3,3,3,7,147.74,0.07,C13H12N6O3S,223,21026,1,3,5,5,True,True,cuda,NVIDIA GeForce RTX 4070 Laptop GPU
2026-05-02T15:15:15.461274,7UQ3_O2U_ligand_start_conf__Orai1WT-MDSnap-Fr300_cleaned,Orai1WT-MDSnap-Fr300_cleaned,7UQ3_O2U_ligand_start_conf,success,,14.26,35,15,15,5,0,173.12,12,19,3,1,0,2,5,94.91,-0.77,C6H7NO5,223,21026,1,3,5,5,True,True,cuda,NVIDIA GeForce RTX 4070 Laptop GPU
2026-05-02T15:15:15.463109,7USH_82V_ligand_start_conf__Orai1WT-MDSnap-Fr300_cleaned,Orai1WT-MDSnap-Fr300_cleaned,7USH_82V_ligand_start_conf,success,,18.22,35,15,15,5,0,371.41,26,43,2,5,3,0,7,61.14,3.13,C19H17NO5S,223,21026,1,3,5,5,True,True,cuda,NVIDIA GeForce RTX 4070 Laptop GPU
2026-05-02T15:15:15.465402,7UTW_NAI_ligand_start_conf__Orai1WT-MDSnap-Fr300_cleaned,Orai1WT-MDSnap-Fr300_cleaned,7UTW_NAI_ligand_start_conf,success,,42.65,35,15,15,5,0,665.45,44,73,18,5,2,8,20,317.62,-2.69,C21H29N7O14P2,223,21026,1,3,5,5,True,True,cuda,NVIDIA GeForce RTX 4070 Laptop GPU
2026-05-02T15:15:15.467213,7UXS_OJC_ligand_start_conf__Orai1WT-MDSnap-Fr300_cleaned,Orai1WT-MDSnap-Fr300_cleaned,7UXS_OJC_ligand_start_conf,success,,24.04,35,15,15,5,0,541.3,35,56,7,5,2,6,18,260.29,-2.24,C15H21N5O13P2,223,21026,1,3,5,5,True,True,cuda,NVIDIA GeForce RTX 4070 Laptop GPU
2026-05-02T15:15:15.468871,7UY4_SMI_ligand_start_conf__Orai1WT-MDSnap-Fr300_cleaned,Orai1WT-MDSnap-Fr300_cleaned,7UY4_SMI_ligand_start_conf,success,,29.07,35,15,15,5,0,350.37,24,50,10,3,0,7,10,152.9,-3.81,C14H26N2O8,223,21026,1,3,5,5,True,True,cuda,NVIDIA GeForce RTX 4070 Laptop GPU
2026-05-02T15:15:15.470484,7UYB_OK0_ligand_start_conf__Orai1WT-MDSnap-Fr300_cleaned,Orai1WT-MDSnap-Fr300_cleaned,7UYB_OK0_ligand_start_conf,success,,25.19,35,15,15,5,0,452.46,31,50,5,4,3,3,6,126.65,2.67,C19H19F3N6O2S,223,21026,1,3,5,5,True,True,cuda,NVIDIA GeForce RTX 4070 Laptop GPU
2026-05-02T15:15:15.472151,7V14_ORU_ligand_start_conf__Orai1WT-MDSnap-Fr300_cleaned,Orai1WT-MDSnap-Fr300_cleaned,7V14_ORU_ligand_start_conf,success,,29.1,35,15,15,5,0,508.97,35,53,7,6,5,0,9,101.25,4.46,C23H18ClFN8OS,223,21026,1,3,5,5,True,True,cuda,NVIDIA GeForce RTX 4070 Laptop GPU
2026-05-02T15:15:15.473696,7V3N_AKG_ligand_start_conf__Orai1WT-MDSnap-Fr300_cleaned,Orai1WT-MDSnap-Fr300_cleaned,7V3N_AKG_ligand_start_conf,success,,15.83,35,15,15,5,0,146.1,10,16,4,0,0,2,5,91.67,-0.5,C5H6O5,223,21026,1,3,5,5,True,True,cuda,NVIDIA GeForce RTX 4070 Laptop GPU
2026-05-02T15:15:15.475153,7V3S_5I9_ligand_start_conf__Orai1WT-MDSnap-Fr300_cleaned,Orai1WT-MDSnap-Fr300_cleaned,7V3S_5I9_ligand_start_conf,success,,25.84,35,15,15,5,0,514.49,38,58,6,6,4,3,6,101.58,6.36,C28H20F2N4O4,223,21026,1,3,5,5,True,True,cuda,NVIDIA GeForce RTX 4070 Laptop GPU
2026-05-02T15:15:15.476660,7V43_C4O_ligand_start_conf__Orai1WT-MDSnap-Fr300_cleaned,Orai1WT-MDSnap-Fr300_cleaned,7V43_C4O_ligand_start_conf,success,,9.69,35,15,15,5,0,126.59,8,15,1,1,1,0,0,0.0,2.65,C7H7Cl,223,21026,1,3,5,5,True,True,cuda,NVIDIA GeForce RTX 4070 Laptop GPU
2026-05-02T15:15:15.478127,7V8Z_5YH_ligand_start_conf__Orai1WT-MDSnap-Fr300_cleaned,Orai1WT-MDSnap-Fr300_cleaned,7V8Z_5YH_ligand_start_conf,success,,23.7,35,15,15,5,0,345.35,25,42,5,4,3,2,3,57.5,2.46,C18H17F2N3O2,223,21026,1,3,5,5,True,True,cuda,NVIDIA GeForce RTX 4070 Laptop GPU
2026-05-02T15:15:15.479574,7VB8_STL_ligand_start_conf__Orai1WT-MDSnap-Fr300_cleaned,Orai1WT-MDSnap-Fr300_cleaned,7VB8_STL_ligand_start_conf,success,,13.83,35,15,15,5,0,228.25,17,29,5,2,2,3,3,60.69,2.97,C14H12O3,223,21026,1,3,5,5,True,True,cuda,NVIDIA GeForce RTX 4070 Laptop GPU
2026-05-02T15:15:15.480899,7VBU_6I4_ligand_start_conf__Orai1WT-MDSnap-Fr300_cleaned,Orai1WT-MDSnap-Fr300_cleaned,7VBU_6I4_ligand_start_conf,success,,17.26,35,15,15,5,0,222.29,17,31,2,4,3,1,1,28.68,3.9,C15H14N2,223,21026,1,3,5,5,True,True,cuda,NVIDIA GeForce RTX 4070 Laptop GPU
2026-05-02T15:15:15.482287,7VC5_9SF_ligand_start_conf__Orai1WT-MDSnap-Fr300_cleaned,Orai1WT-MDSnap-Fr300_cleaned,7VC5_9SF_ligand_start_conf,success,,23.44,35,15,15,5,0,301.35,22,41,5,3,2,2,6,84.22,0.47,C16H19N3O3,223,21026,1,3,5,5,True,True,cuda,NVIDIA GeForce RTX 4070 Laptop GPU
2026-05-02T15:15:15.483761,7VJT_7IJ_ligand_start_conf__Orai1WT-MDSnap-Fr300_cleaned,Orai1WT-MDSnap-Fr300_cleaned,7VJT_7IJ_ligand_start_conf,success,,19.95,35,15,15,5,0,365.38,27,46,4,5,4,2,6,87.05,4.09,C21H19NO5,223,21026,1,3,5,5,True,True,cuda,NVIDIA GeForce RTX 4070 Laptop GPU
2026-05-02T15:15:15.485593,7VKZ_NOJ_ligand_start_conf__Orai1WT-MDSnap-Fr300_cleaned,Orai1WT-MDSnap-Fr300_cleaned,7VKZ_NOJ_ligand_start_conf,success,,15.61,35,15,15,5,0,163.17,11,24,5,1,0,5,5,92.95,-2.97,C6H13NO4,223,21026,1,3,5,5,True,True,cuda,NVIDIA GeForce RTX 4070 Laptop GPU
2026-05-02T15:15:15.486997,7VQ9_ISY_ligand_start_conf__Orai1WT-MDSnap-Fr300_cleaned,Orai1WT-MDSnap-Fr300_cleaned,7VQ9_ISY_ligand_start_conf,success,,20.65,35,15,15,5,0,262.16,14,26,10,0,0,3,7,104.06,1.9,C5H12O6P2S,223,21026,1,3,5,5,True,True,cuda,NVIDIA GeForce RTX 4070 Laptop GPU
2026-05-02T15:15:15.488330,7VWF_K55_ligand_start_conf__Orai1WT-MDSnap-Fr300_cleaned,Orai1WT-MDSnap-Fr300_cleaned,7VWF_K55_ligand_start_conf,success,,43.31,35,15,15,5,0,469.47,33,60,13,2,2,2,4,75.63,5.61,C24H27F4NO4,223,21026,1,3,5,5,True,True,cuda,NVIDIA GeForce RTX 4070 Laptop GPU
2026-05-02T15:15:15.489814,7VYJ_CA0_ligand_start_conf__Orai1WT-MDSnap-Fr300_cleaned,Orai1WT-MDSnap-Fr300_cleaned,7VYJ_CA0_ligand_start_conf,success,,26.55,35,15,15,5,0,390.25,26,41,9,3,2,5,13,218.16,-1.76,C11H15N6O8P,223,21026,1,3,5,5,True,True,cuda,NVIDIA GeForce RTX 4070 Laptop GPU
2026-05-02T15:15:15.491204,7W05_GMP_ligand_start_conf__Orai1WT-MDSnap-Fr300_cleaned,Orai1WT-MDSnap-Fr300_cleaned,7W05_GMP_ligand_start_conf,success,,21.28,35,15,15,5,0,283.24,20,33,6,3,2,5,9,159.51,-2.69,C10H13N5O5,223,21026,1,3,5,5,True,True,cuda,NVIDIA GeForce RTX 4070 Laptop GPU
2026-05-02T15:15:15.492621,7W06_ITN_ligand_start_conf__Orai1WT-MDSnap-Fr300_cleaned,Orai1WT-MDSnap-Fr300_cleaned,7W06_ITN_ligand_start_conf,success,,13.46,35,15,15,5,0,130.1,9,15,3,0,0,2,4,74.6,0.1,C5H6O4,223,21026,1,3,5,5,True,True,cuda,NVIDIA GeForce RTX 4070 Laptop GPU
2026-05-02T15:15:15.493896,7W6F_8I6_ligand_start_conf__Orai1WT-MDSnap-Fr300_cleaned,Orai1WT-MDSnap-Fr300_cleaned,7W6F_8I6_ligand_start_conf,success,,37.39,35,15,15,5,0,280.36,20,44,12,1,1,3,4,77.76,4.09,C16H24O4,223,21026,1,3,5,5,True,True,cuda,NVIDIA GeForce RTX 4070 Laptop GPU
2026-05-02T15:15:15.495244,7WCF_ACP_ligand_start_conf__Orai1WT-MDSnap-Fr300_cleaned,Orai1WT-MDSnap-Fr300_cleaned,7WCF_ACP_ligand_start_conf,success,,33.51,35,15,15,5,0,505.21,31,49,15,3,2,7,17,269.9,-1.52,C11H18N5O12P3,223,21026,1,3,5,5,True,True,cuda,NVIDIA GeForce RTX 4070 Laptop GPU
2026-05-02T15:15:15.496617,7WDT_NGS_ligand_start_conf__Orai1WT-MDSnap-Fr300_cleaned,Orai1WT-MDSnap-Fr300_cleaned,7WDT_NGS_ligand_start_conf,success,,25.17,35,15,15,5,0,301.27,19,34,9,1,0,5,9,162.62,-3.25,C8H15NO9S,223,21026,1,3,5,5,True,True,cuda,NVIDIA GeForce RTX 4070 Laptop GPU
2026-05-02T15:15:15.497967,7WJB_BGC_ligand_start_conf__Orai1WT-MDSnap-Fr300_cleaned,Orai1WT-MDSnap-Fr300_cleaned,7WJB_BGC_ligand_start_conf,success,,15.61,35,15,15,5,0,180.16,12,24,6,1,0,5,6,110.38,-3.22,C6H12O6,223,21026,1,3,5,5,True,True,cuda,NVIDIA GeForce RTX 4070 Laptop GPU
2026-05-02T15:15:15.499275,7WKL_CAQ_ligand_start_conf__Orai1WT-MDSnap-Fr300_cleaned,Orai1WT-MDSnap-Fr300_cleaned,7WKL_CAQ_ligand_start_conf,success,,9.26,35,15,15,5,0,110.11,8,14,2,1,1,2,2,40.46,1.1,C6H6O2,223,21026,1,3,5,5,True,True,cuda,NVIDIA GeForce RTX 4070 Laptop GPU
2026-05-02T15:15:15.500591,7WL4_JFU_ligand_start_conf__Orai1WT-MDSnap-Fr300_cleaned,Orai1WT-MDSnap-Fr300_cleaned,7WL4_JFU_ligand_start_conf,success,,29.07,35,15,15,5,0,487.53,34,57,7,5,3,1,6,85.85,3.05,C23H23F2N5O3S,223,21026,1,3,5,5,True,True,cuda,NVIDIA GeForce RTX 4070 Laptop GPU
2026-05-02T15:15:15.502218,7WN5_JGL_ligand_start_conf__Orai1WT-MDSnap-Fr300_cleaned,Orai1WT-MDSnap-Fr300_cleaned,7WN5_JGL_ligand_start_conf,success,,32.88,35,15,15,5,0,526.52,37,57,9,5,5,2,7,119.22,5.02,C25H20F2N4O5S,223,21026,1,3,5,5,True,True,cuda,NVIDIA GeForce RTX 4070 Laptop GPU
2026-05-02T15:15:15.503787,7WPW_F15_ligand_start_conf__Orai1WT-MDSnap-Fr300_cleaned,Orai1WT-MDSnap-Fr300_cleaned,7WPW_F15_ligand_start_conf,success,,49.12,35,15,15,5,0,242.4,17,47,14,0,0,1,2,37.3,5.16,C15H30O2,223,21026,1,3,5,5,True,True,cuda,NVIDIA GeForce RTX 4070 Laptop GPU
2026-05-02T15:15:15.505199,7WQQ_5Z6_ligand_start_conf__Orai1WT-MDSnap-Fr300_cleaned,Orai1WT-MDSnap-Fr300_cleaned,7WQQ_5Z6_ligand_start_conf,success,,39.33,35,15,15,5,0,364.48,27,55,4,2,2,1,3,54.37,5.88,C24H28O3,223,21026,1,3,5,5,True,True,cuda,NVIDIA GeForce RTX 4070 Laptop GPU
2026-05-02T15:15:15.506492,7WUX_6OI_ligand_start_conf__Orai1WT-MDSnap-Fr300_cleaned,Orai1WT-MDSnap-Fr300_cleaned,7WUX_6OI_ligand_start_conf,success,,33.6,35,15,15,5,0,272.28,17,33,12,0,0,5,9,173.17,-2.31,C7H16N2O7S,223,21026,1,3,5,5,True,True,cuda,NVIDIA GeForce RTX 4070 Laptop GPU
2026-05-02T15:15:15.507891,7WUY_76N_ligand_start_conf__Orai1WT-MDSnap-Fr300_cleaned,Orai1WT-MDSnap-Fr300_cleaned,7WUY_76N_ligand_start_conf,success,,26.65,35,15,15,5,0,415.49,30,59,7,5,1,4,6,123.15,2.0,C23H29NO6,223,21026,1,3,5,5,True,True,cuda,NVIDIA GeForce RTX 4070 Laptop GPU
2026-05-02T15:15:15.509418,7WY1_D0L_ligand_start_conf__Orai1WT-MDSnap-Fr300_cleaned,Orai1WT-MDSnap-Fr300_cleaned,7WY1_D0L_ligand_start_conf,success,,42.85,35,15,15,5,0,360.5,26,58,12,2,1,2,4,69.64,3.23,C21H32N2O3,223,21026,1,3,5,5,True,True,cuda,NVIDIA GeForce RTX 4070 Laptop GPU
2026-05-02T15:15:15.510811,7X5N_5M5_ligand_start_conf__Orai1WT-MDSnap-Fr300_cleaned,Orai1WT-MDSnap-Fr300_cleaned,7X5N_5M5_ligand_start_conf,success,,31.83,35,15,15,5,0,400.48,30,54,9,4,3,3,5,107.95,3.91,C24H24N4O2,223,21026,1,3,5,5,True,True,cuda,NVIDIA GeForce RTX 4070 Laptop GPU
2026-05-02T15:15:15.512093,7X9K_8OG_ligand_start_conf__Orai1WT-MDSnap-Fr300_cleaned,Orai1WT-MDSnap-Fr300_cleaned,7X9K_8OG_ligand_start_conf,success,,23.52,35,15,15,5,0,363.22,24,38,8,3,2,6,11,205.78,-2.25,C10H14N5O8P,223,21026,1,3,5,5,True,True,cuda,NVIDIA GeForce RTX 4070 Laptop GPU
2026-05-02T15:15:15.513375,7XBV_APC_ligand_start_conf__Orai1WT-MDSnap-Fr300_cleaned,Orai1WT-MDSnap-Fr300_cleaned,7XBV_APC_ligand_start_conf,success,,37.29,35,15,15,5,0,505.21,31,49,15,3,2,7,17,269.9,-1.52,C11H18N5O12P3,223,21026,1,3,5,5,True,True,cuda,NVIDIA GeForce RTX 4070 Laptop GPU
2026-05-02T15:15:15.514947,7XEK_9YX_ligand_start_conf__Orai1WT-MDSnap-Fr300_cleaned,Orai1WT-MDSnap-Fr300_cleaned,7XEK_9YX_ligand_start_conf,success,,25.43,35,15,15,5,0,350.29,22,37,9,2,1,5,10,149.21,0.49,C11H15N2O7PS,223,21026,1,3,5,5,True,True,cuda,NVIDIA GeForce RTX 4070 Laptop GPU
2026-05-02T15:15:15.516393,7XFA_D9J_ligand_start_conf__Orai1WT-MDSnap-Fr300_cleaned,Orai1WT-MDSnap-Fr300_cleaned,7XFA_D9J_ligand_start_conf,success,,33.19,35,15,15,5,0,621.35,41,60,9,5,4,3,10,131.34,3.83,C24H19Cl2F5N6O4,223,21026,1,3,5,5,True,True,cuda,NVIDIA GeForce RTX 4070 Laptop GPU
2026-05-02T15:15:15.517829,7XG5_PLP_ligand_start_conf__Orai1WT-MDSnap-Fr300_cleaned,Orai1WT-MDSnap-Fr300_cleaned,7XG5_PLP_ligand_start_conf,success,,17.48,35,15,15,5,0,247.14,16,26,8,1,1,3,7,116.95,0.52,C8H10NO6P,223,21026,1,3,5,5,True,True,cuda,NVIDIA GeForce RTX 4070 Laptop GPU
2026-05-02T15:15:15.519149,7XI7_4RI_ligand_start_conf__Orai1WT-MDSnap-Fr300_cleaned,Orai1WT-MDSnap-Fr300_cleaned,7XI7_4RI_ligand_start_conf,success,,31.5,35,15,15,5,0,270.38,20,42,9,2,2,2,4,77.82,3.43,C16H22N4,223,21026,1,3,5,5,True,True,cuda,NVIDIA GeForce RTX 4070 Laptop GPU
2026-05-02T15:15:15.520701,7XIJ_EJ3_ligand_start_conf__Orai1WT-MDSnap-Fr300_cleaned,Orai1WT-MDSnap-Fr300_cleaned,7XIJ_EJ3_ligand_start_conf,success,,29.86,35,15,15,5,0,450.43,33,52,8,4,4,2,8,115.45,3.8,C23H19FN4O5,223,21026,1,3,5,5,True,True,cuda,NVIDIA GeForce RTX 4070 Laptop GPU
2026-05-02T15:15:15.522043,7XJN_NSD_ligand_start_conf__Orai1WT-MDSnap-Fr300_cleaned,Orai1WT-MDSnap-Fr300_cleaned,7XJN_NSD_ligand_start_conf,success,,26.26,35,15,15,5,0,131.22,9,26,8,0,0,3,3,64.07,-0.73,C6H17N3,223,21026,1,3,5,5,True,True,cuda,NVIDIA GeForce RTX 4070 Laptop GPU
2026-05-02T15:15:15.523389,7XPO_UPG_ligand_start_conf__Orai1WT-MDSnap-Fr300_cleaned,Orai1WT-MDSnap-Fr300_cleaned,7XPO_UPG_ligand_start_conf,success,,38.23,35,15,15,5,0,566.3,36,60,17,3,1,9,18,296.99,-4.79,C15H24N2O17P2,223,21026,1,3,5,5,True,True,cuda,NVIDIA GeForce RTX 4070 Laptop GPU
2026-05-02T15:15:15.524869,7XQZ_FPF_ligand_start_conf__Orai1WT-MDSnap-Fr300_cleaned,Orai1WT-MDSnap-Fr300_cleaned,7XQZ_FPF_ligand_start_conf,success,,43.11,35,15,15,5,0,400.32,25,52,18,0,0,3,7,113.29,4.93,C15H27FO7P2,223,21026,1,3,5,5,True,True,cuda,NVIDIA GeForce RTX 4070 Laptop GPU
2026-05-02T15:15:15.526898,7XRL_FWK_ligand_start_conf__Orai1WT-MDSnap-Fr300_cleaned,Orai1WT-MDSnap-Fr300_cleaned,7XRL_FWK_ligand_start_conf,success,,22.96,35,15,15,5,0,265.27,19,34,6,3,2,3,8,119.31,-0.56,C11H15N5O3,223,21026,1,3,5,5,True,True,cuda,NVIDIA GeForce RTX 4070 Laptop GPU
2026-05-02T15:15:15.528337,7YZU_DO7_ligand_start_conf__Orai1WT-MDSnap-Fr300_cleaned,Orai1WT-MDSnap-Fr300_cleaned,7YZU_DO7_ligand_start_conf,success,,24.95,35,15,15,5,0,258.25,16,30,8,1,0,4,8,133.52,-2.67,C7H14O8S,223,21026,1,3,5,5,True,True,cuda,NVIDIA GeForce RTX 4070 Laptop GPU
2026-05-02T15:15:15.529679,7Z1Q_NIO_ligand_start_conf__Orai1WT-MDSnap-Fr300_cleaned,Orai1WT-MDSnap-Fr300_cleaned,7Z1Q_NIO_ligand_start_conf,success,,8.79,35,15,15,5,0,123.11,9,14,1,1,1,1,3,50.19,0.78,C6H5NO2,223,21026,1,3,5,5,True,True,cuda,NVIDIA GeForce RTX 4070 Laptop GPU
2026-05-02T15:15:15.530984,7Z2O_IAJ_ligand_start_conf__Orai1WT-MDSnap-Fr300_cleaned,Orai1WT-MDSnap-Fr300_cleaned,7Z2O_IAJ_ligand_start_conf,success,,10.35,35,15,15,5,0,205.24,14,21,2,3,3,0,5,39.42,1.95,C9H7N3OS,223,21026,1,3,5,5,True,True,cuda,NVIDIA GeForce RTX 4070 Laptop GPU
2026-05-02T15:15:15.532614,7Z7F_IF3_ligand_start_conf__Orai1WT-MDSnap-Fr300_cleaned,Orai1WT-MDSnap-Fr300_cleaned,7Z7F_IF3_ligand_start_conf,success,,17.53,35,15,15,5,0,192.23,14,26,5,2,2,2,6,67.66,0.45,C8H12N6,223,21026,1,3,5,5,True,True,cuda,NVIDIA GeForce RTX 4070 Laptop GPU
2026-05-02T15:15:15.533996,7ZCC_OGA_ligand_start_conf__Orai1WT-MDSnap-Fr300_cleaned,Orai1WT-MDSnap-Fr300_cleaned,7ZCC_OGA_ligand_start_conf,success,,14.72,35,15,15,5,0,147.09,10,15,2,0,0,3,5,103.7,-1.73,C4H5NO5,223,21026,1,3,5,5,True,True,cuda,NVIDIA GeForce RTX 4070 Laptop GPU
2026-05-02T15:15:15.535375,7ZDY_6MJ_ligand_start_conf__Orai1WT-MDSnap-Fr300_cleaned,Orai1WT-MDSnap-Fr300_cleaned,7ZDY_6MJ_ligand_start_conf,success,,13.69,35,15,15,5,0,164.16,11,23,5,1,0,3,5,79.15,-1.93,C6H12O5,223,21026,1,3,5,5,True,True,cuda,NVIDIA GeForce RTX 4070 Laptop GPU
2026-05-02T15:15:15.536735,7ZF0_DHR_ligand_start_conf__Orai1WT-MDSnap-Fr300_cleaned,Orai1WT-MDSnap-Fr300_cleaned,7ZF0_DHR_ligand_start_conf,success,,12.77,35,15,15,5,0,149.15,11,18,3,1,1,2,3,64.25,0.95,C8H7NO2,223,21026,1,3,5,5,True,True,cuda,NVIDIA GeForce RTX 4070 Laptop GPU
2026-05-02T15:15:15.538028,7ZHP_IQY_ligand_start_conf__Orai1WT-MDSnap-Fr300_cleaned,Orai1WT-MDSnap-Fr300_cleaned,7ZHP_IQY_ligand_start_conf,success,,29.24,35,15,15,5,0,360.46,27,51,6,4,3,3,4,87.82,3.6,C22H24N4O,223,21026,1,3,5,5,True,True,cuda,NVIDIA GeForce RTX 4070 Laptop GPU
2026-05-02T15:15:15.539678,7ZL5_IWE_ligand_start_conf__Orai1WT-MDSnap-Fr300_cleaned,Orai1WT-MDSnap-Fr300_cleaned,7ZL5_IWE_ligand_start_conf,success,,24.16,35,15,15,5,0,370.85,23,34,6,3,3,3,7,126.65,1.84,C12H11ClN6O2S2,223,21026,1,3,5,5,True,True,cuda,NVIDIA GeForce RTX 4070 Laptop GPU
2026-05-02T15:15:15.540976,7ZOC_T8E_ligand_start_conf__Orai1WT-MDSnap-Fr300_cleaned,Orai1WT-MDSnap-Fr300_cleaned,7ZOC_T8E_ligand_start_conf,success,,20.42,35,15,15,5,0,223.3,15,28,6,1,1,2,3,46.17,2.15,C11H13NO2S,223,21026,1,3,5,5,True,True,cuda,NVIDIA GeForce RTX 4070 Laptop GPU
2026-05-02T15:15:15.542293,7ZTL_BCN_ligand_start_conf__Orai1WT-MDSnap-Fr300_cleaned,Orai1WT-MDSnap-Fr300_cleaned,7ZTL_BCN_ligand_start_conf,success,,23.62,35,15,15,5,0,163.17,11,24,8,0,0,3,5,81.0,-1.64,C6H13NO4,223,21026,1,3,5,5,True,True,cuda,NVIDIA GeForce RTX 4070 Laptop GPU
2026-05-02T15:15:15.543537,7ZU2_DHT_ligand_start_conf__Orai1WT-MDSnap-Fr300_cleaned,Orai1WT-MDSnap-Fr300_cleaned,7ZU2_DHT_ligand_start_conf,success,,21.59,35,15,15,5,0,290.45,21,51,3,4,0,1,2,37.3,3.96,C19H30O2,223,21026,1,3,5,5,True,True,cuda,NVIDIA GeForce RTX 4070 Laptop GPU
2026-05-02T15:15:15.544863,7ZXV_45D_ligand_start_conf__Orai1WT-MDSnap-Fr300_cleaned,Orai1WT-MDSnap-Fr300_cleaned,7ZXV_45D_ligand_start_conf,success,,53.47,35,15,15,5,0,564.85,42,94,20,2,0,0,2,34.14,10.96,C40H52O2,223,21026,1,3,5,5,True,True,cuda,NVIDIA GeForce RTX 4070 Laptop GPU
2026-05-02T15:15:15.546337,7ZXZ_K9R_ligand_start_conf__Orai1WT-MDSnap-Fr300_cleaned,Orai1WT-MDSnap-Fr300_cleaned,7ZXZ_K9R_ligand_start_conf,success,,40.38,35,15,15,5,0,507.7,33,62,11,4,1,5,7,104.37,2.38,C23H29N3O4S3,223,21026,1,3,5,5,True,True,cuda,NVIDIA GeForce RTX 4070 Laptop GPU
2026-05-02T15:15:15.547949,7ZYS_KNR_ligand_start_conf__Orai1WT-MDSnap-Fr300_cleaned,Orai1WT-MDSnap-Fr300_cleaned,7ZYS_KNR_ligand_start_conf,success,,48.5,35,15,15,5,0,615.78,44,93,10,2,1,9,7,233.42,-0.6,C30H49N9O5,223,21026,1,3,5,5,True,True,cuda,NVIDIA GeForce RTX 4070 Laptop GPU
2026-05-02T15:15:15.549414,7ZZB_KGX_ligand_start_conf__Orai1WT-MDSnap-Fr300_cleaned,Orai1WT-MDSnap-Fr300_cleaned,7ZZB_KGX_ligand_start_conf,success,,52.35,35,15,15,5,0,712.69,51,87,18,6,4,10,21,346.31,-4.93,C28H36N14O9,223,21026,1,3,5,5,True,True,cuda,NVIDIA GeForce RTX 4070 Laptop GPU
2026-05-02T15:15:15.550860,7ZZW_KKW_ligand_start_conf__Orai1WT-MDSnap-Fr300_cleaned,Orai1WT-MDSnap-Fr300_cleaned,7ZZW_KKW_ligand_start_conf,success,,21.95,35,15,15,5,0,426.97,29,52,3,5,3,1,5,48.47,3.74,C22H23ClN4OS,223,21026,1,3,5,5,True,True,cuda,NVIDIA GeForce RTX 4070 Laptop GPU
2026-05-02T15:15:15.552260,8A1H_DLZ_ligand_start_conf__Orai1WT-MDSnap-Fr300_cleaned,Orai1WT-MDSnap-Fr300_cleaned,8A1H_DLZ_ligand_start_conf,success,,32.54,35,15,15,5,0,326.31,23,41,11,2,0,5,9,161.56,-2.88,C13H18N4O6,223,21026,1,3,5,5,True,True,cuda,NVIDIA GeForce RTX 4070 Laptop GPU
2026-05-02T15:15:15.553548,8A2D_KXY_ligand_start_conf__Orai1WT-MDSnap-Fr300_cleaned,Orai1WT-MDSnap-Fr300_cleaned,8A2D_KXY_ligand_start_conf,success,,39.89,35,15,15,5,0,681.81,49,86,10,8,5,2,9,101.1,6.2,C37H37F2N7O2S,223,21026,1,3,5,5,True,True,cuda,NVIDIA GeForce RTX 4070 Laptop GPU
2026-05-02T15:15:15.554828,8AAU_LH0_ligand_start_conf__Orai1WT-MDSnap-Fr300_cleaned,Orai1WT-MDSnap-Fr300_cleaned,8AAU_LH0_ligand_start_conf,success,,26.73,35,15,15,5,0,431.29,27,41,7,3,3,1,5,59.81,5.83,C17H14Cl2F2N4OS,223,21026,1,3,5,5,True,True,cuda,NVIDIA GeForce RTX 4070 Laptop GPU
2026-05-02T15:15:15.556172,8ACL_LQL_ligand_start_conf__Orai1WT-MDSnap-Fr300_cleaned,Orai1WT-MDSnap-Fr300_cleaned,8ACL_LQL_ligand_start_conf,success,,25.75,35,15,15,5,0,475.4,31,51,5,4,3,1,5,65.54,4.1,C22H20Cl2N4O2S,223,21026,1,3,5,5,True,True,cuda,NVIDIA GeForce RTX 4070 Laptop GPU
2026-05-02T15:15:15.557662,8AEM_LVF_ligand_start_conf__Orai1WT-MDSnap-Fr300_cleaned,Orai1WT-MDSnap-Fr300_cleaned,8AEM_LVF_ligand_start_conf,success,,11.08,35,15,15,5,0,190.63,13,20,1,2,2,1,1,39.58,2.89,C10H7ClN2,223,21026,1,3,5,5,True,True,cuda,NVIDIA GeForce RTX 4070 Laptop GPU
2026-05-02T15:15:15.559459,8AEU_M0L_ligand_start_conf__Orai1WT-MDSnap-Fr300_cleaned,Orai1WT-MDSnap-Fr300_cleaned,8AEU_M0L_ligand_start_conf,success,,33.72,35,15,15,5,0,593.51,41,71,9,5,3,1,5,83.47,6.4,C31H30Cl2N4O4,223,21026,1,3,5,5,True,True,cuda,NVIDIA GeForce RTX 4070 Laptop GPU
2026-05-02T15:15:15.561613,8AIE_M7L_ligand_start_conf__Orai1WT-MDSnap-Fr300_cleaned,Orai1WT-MDSnap-Fr300_cleaned,8AIE_M7L_ligand_start_conf,success,,28.24,35,15,15,5,0,349.24,23,39,13,1,1,5,11,184.79,-0.38,C11H16N3O8P,223,21026,1,3,5,5,True,True,cuda,NVIDIA GeForce RTX 4070 Laptop GPU
2026-05-02T15:15:15.563180,8AIJ_M9I_ligand_start_conf__Orai1WT-MDSnap-Fr300_cleaned,Orai1WT-MDSnap-Fr300_cleaned,8AIJ_M9I_ligand_start_conf,success,,23.51,35,15,15,5,0,267.28,19,36,6,2,1,4,5,99.02,-0.76,C13H17NO5,223,21026,1,3,5,5,True,True,cuda,NVIDIA GeForce RTX 4070 Laptop GPU
2026-05-02T15:15:15.564663,8AJX_FUM_ligand_start_conf__Orai1WT-MDSnap-Fr300_cleaned,Orai1WT-MDSnap-Fr300_cleaned,8AJX_FUM_ligand_start_conf,success,,10.92,35,15,15,5,0,116.07,8,12,2,0,0,2,4,74.6,-0.29,C4H4O4,223,21026,1,3,5,5,True,True,cuda,NVIDIA GeForce RTX 4070 Laptop GPU
2026-05-02T15:15:15.566184,8AP0_PRP_ligand_start_conf__Orai1WT-MDSnap-Fr300_cleaned,Orai1WT-MDSnap-Fr300_cleaned,8AP0_PRP_ligand_start_conf,success,,26.87,35,15,15,5,0,390.07,22,35,14,1,0,7,14,229.74,-2.23,C5H13O14P3,223,21026,1,3,5,5,True,True,cuda,NVIDIA GeForce RTX 4070 Laptop GPU
2026-05-02T15:15:15.567656,8AQL_PLG_ligand_start_conf__Orai1WT-MDSnap-Fr300_cleaned,Orai1WT-MDSnap-Fr300_cleaned,8AQL_PLG_ligand_start_conf,success,,26.61,35,15,15,5,0,306.21,20,35,11,1,1,5,9,149.21,-0.12,C10H15N2O7P,223,21026,1,3,5,5,True,True,cuda,NVIDIA GeForce RTX 4070 Laptop GPU
2026-05-02T15:15:15.569306,8AUH_L9I_ligand_start_conf__Orai1WT-MDSnap-Fr300_cleaned,Orai1WT-MDSnap-Fr300_cleaned,8AUH_L9I_ligand_start_conf,success,,18.91,35,15,15,5,0,159.14,11,20,6,0,0,1,5,75.96,-0.03,C6H9NO4,223,21026,1,3,5,5,True,True,cuda,NVIDIA GeForce RTX 4070 Laptop GPU
2026-05-02T15:15:15.570971,8AY3_OE3_ligand_start_conf__Orai1WT-MDSnap-Fr300_cleaned,Orai1WT-MDSnap-Fr300_cleaned,8AY3_OE3_ligand_start_conf,success,,27.04,35,15,15,5,0,356.45,25,45,7,3,3,1,4,68.17,2.81,C19H20N2O3S,223,21026,1,3,5,5,True,True,cuda,NVIDIA GeForce RTX 4070 Laptop GPU
2026-05-02T15:15:15.572484,8B8H_OJQ_ligand_start_conf__Orai1WT-MDSnap-Fr300_cleaned,Orai1WT-MDSnap-Fr300_cleaned,8B8H_OJQ_ligand_start_conf,success,,27.61,35,15,15,5,0,332.23,22,37,11,2,2,5,9,162.75,-0.21,C11H15N3O7P+,223,21026,1,3,5,5,True,True,cuda,NVIDIA GeForce RTX 4070 Laptop GPU
2026-05-02T15:15:15.573895,8BN6_R53_ligand_start_conf__Orai1WT-MDSnap-Fr300_cleaned,Orai1WT-MDSnap-Fr300_cleaned,8BN6_R53_ligand_start_conf,success,,23.7,35,15,15,5,0,455.32,29,45,5,4,3,3,7,107.55,4.03,C18H16Cl2N4O4S,223,21026,1,3,5,5,True,True,cuda,NVIDIA GeForce RTX 4070 Laptop GPU
2026-05-02T15:15:15.575320,8BOM_QU6_ligand_start_conf__Orai1WT-MDSnap-Fr300_cleaned,Orai1WT-MDSnap-Fr300_cleaned,8BOM_QU6_ligand_start_conf,success,,28.81,35,15,15,5,0,465.52,35,58,9,5,5,2,8,106.85,4.74,C26H23N7O2,223,21026,1,3,5,5,True,True,cuda,NVIDIA GeForce RTX 4070 Laptop GPU
2026-05-02T15:15:15.576808,8BPL_CP_ligand_start_conf__Orai1WT-MDSnap-Fr300_cleaned,Orai1WT-MDSnap-Fr300_cleaned,8BPL_CP_ligand_start_conf,success,,12.93,35,15,15,5,0,141.02,8,12,3,0,0,3,5,109.85,-0.83,CH4NO5P,223,21026,1,3,5,5,True,True,cuda,NVIDIA GeForce RTX 4070 Laptop GPU
2026-05-02T15:15:15.578340,8BRO_R7E_ligand_start_conf__Orai1WT-MDSnap-Fr300_cleaned,Orai1WT-MDSnap-Fr300_cleaned,8BRO_R7E_ligand_start_conf,success,,29.92,35,15,15,5,0,362.38,26,48,9,3,2,5,7,138.18,-0.04,C18H22N2O6,223,21026,1,3,5,5,True,True,cuda,NVIDIA GeForce RTX 4070 Laptop GPU
2026-05-02T15:15:15.579703,8BTI_RFO_ligand_start_conf__Orai1WT-MDSnap-Fr300_cleaned,Orai1WT-MDSnap-Fr300_cleaned,8BTI_RFO_ligand_start_conf,success,,13.88,35,15,15,5,0,223.66,15,25,3,2,2,0,3,31.23,2.58,C11H10ClNO2,223,21026,1,3,5,5,True,True,cuda,NVIDIA GeForce RTX 4070 Laptop GPU
2026-05-02T15:15:15.581053,8C3N_ADP_ligand_start_conf__Orai1WT-MDSnap-Fr300_cleaned,Orai1WT-MDSnap-Fr300_cleaned,8C3N_ADP_ligand_start_conf,success,,29.34,35,15,15,5,0,427.2,27,42,12,3,2,6,15,232.6,-1.75,C10H15N5O10P2,223,21026,1,3,5,5,True,True,cuda,NVIDIA GeForce RTX 4070 Laptop GPU
2026-05-02T15:15:15.582582,8C5D_GTB_ligand_start_conf__Orai1WT-MDSnap-Fr300_cleaned,Orai1WT-MDSnap-Fr300_cleaned,8C5D_GTB_ligand_start_conf,success,,43.54,35,15,15,5,0,442.45,30,52,14,1,1,5,10,201.96,-0.29,C17H22N4O8S,223,21026,1,3,5,5,True,True,cuda,NVIDIA GeForce RTX 4070 Laptop GPU
2026-05-02T15:15:15.584079,8C5M_MTA_ligand_start_conf__Orai1WT-MDSnap-Fr300_cleaned,Orai1WT-MDSnap-Fr300_cleaned,8C5M_MTA_ligand_start_conf,success,,22.76,35,15,15,5,0,297.34,20,35,7,3,2,3,9,119.31,-0.61,C11H15N5O3S,223,21026,1,3,5,5,True,True,cuda,NVIDIA GeForce RTX 4070 Laptop GPU
2026-05-02T15:15:15.585424,8C7Y_TXV_ligand_start_conf__Orai1WT-MDSnap-Fr300_cleaned,Orai1WT-MDSnap-Fr300_cleaned,8C7Y_TXV_ligand_start_conf,success,,29.05,35,15,15,5,0,478.89,34,51,7,4,4,2,4,98.64,5.78,C25H17ClF2N4O2,223,21026,1,3,5,5,True,True,cuda,NVIDIA GeForce RTX 4070 Laptop GPU
2026-05-02T15:15:15.586769,8CGC_LMR_ligand_start_conf__Orai1WT-MDSnap-Fr300_cleaned,Orai1WT-MDSnap-Fr300_cleaned,8CGC_LMR_ligand_start_conf,success,,16.55,35,15,15,5,0,134.09,9,15,4,0,0,3,5,94.83,-1.09,C4H6O5,223,21026,1,3,5,5,True,True,cuda,NVIDIA GeForce RTX 4070 Laptop GPU
2026-05-02T15:15:15.588106,8CI0_8EL_ligand_start_conf__Orai1WT-MDSnap-Fr300_cleaned,Orai1WT-MDSnap-Fr300_cleaned,8CI0_8EL_ligand_start_conf,success,,32.27,35,15,15,5,0,426.33,26,46,14,2,1,4,12,168.33,1.72,C12H20N4O7P2S,223,21026,1,3,5,5,True,True,cuda,NVIDIA GeForce RTX 4070 Laptop GPU
2026-05-02T15:15:15.589878,8CNH_V6U_ligand_start_conf__Orai1WT-MDSnap-Fr300_cleaned,Orai1WT-MDSnap-Fr300_cleaned,8CNH_V6U_ligand_start_conf,success,,24.58,35,15,15,5,0,357.8,25,41,7,3,3,1,7,95.92,2.49,C17H16ClN5O2,223,21026,1,3,5,5,True,True,cuda,NVIDIA GeForce RTX 4070 Laptop GPU
2026-05-02T15:15:15.591853,8CSD_C5P_ligand_start_conf__Orai1WT-MDSnap-Fr300_cleaned,Orai1WT-MDSnap-Fr300_cleaned,8CSD_C5P_ligand_start_conf,success,,24.51,35,15,15,5,0,323.2,21,35,9,2,1,5,11,177.36,-2.45,C9H14N3O8P,223,21026,1,3,5,5,True,True,cuda,NVIDIA GeForce RTX 4070 Laptop GPU
2026-05-02T15:15:15.593146,8D19_GSH_ligand_start_conf__Orai1WT-MDSnap-Fr300_cleaned,Orai1WT-MDSnap-Fr300_cleaned,8D19_GSH_ligand_start_conf,success,,36.16,35,15,15,5,0,307.33,20,37,11,0,0,6,8,158.82,-2.21,C10H17N3O6S,223,21026,1,3,5,5,True,True,cuda,NVIDIA GeForce RTX 4070 Laptop GPU
2026-05-02T15:15:15.594516,8D39_QDB_ligand_start_conf__Orai1WT-MDSnap-Fr300_cleaned,Orai1WT-MDSnap-Fr300_cleaned,8D39_QDB_ligand_start_conf,success,,13.26,35,15,15,5,0,226.23,17,27,3,2,2,1,3,54.37,2.62,C14H10O3,223,21026,1,3,5,5,True,True,cuda,NVIDIA GeForce RTX 4070 Laptop GPU
2026-05-02T15:15:15.595935,8D5D_5DK_ligand_start_conf__Orai1WT-MDSnap-Fr300_cleaned,Orai1WT-MDSnap-Fr300_cleaned,8D5D_5DK_ligand_start_conf,success,,39.16,35,15,15,5,0,403.33,27,49,14,1,1,7,10,211.44,-0.16,C14H22N5O7P,223,21026,1,3,5,5,True,True,cuda,NVIDIA GeForce RTX 4070 Laptop GPU
2026-05-02T15:15:15.597207,8DHG_T78_ligand_start_conf__Orai1WT-MDSnap-Fr300_cleaned,Orai1WT-MDSnap-Fr300_cleaned,8DHG_T78_ligand_start_conf,success,,36.55,35,15,15,5,0,518.86,35,54,11,3,3,2,9,124.16,3.02,C20H19ClF4N6O4,223,21026,1,3,5,5,True,True,cuda,NVIDIA GeForce RTX 4070 Laptop GPU
2026-05-02T15:15:15.598487,8DKO_TFB_ligand_start_conf__Orai1WT-MDSnap-Fr300_cleaned,Orai1WT-MDSnap-Fr300_cleaned,8DKO_TFB_ligand_start_conf,success,,10.27,35,15,15,5,0,116.12,8,16,1,1,0,1,3,46.53,0.25,C5H8O3,223,21026,1,3,5,5,True,True,cuda,NVIDIA GeForce RTX 4070 Laptop GPU
2026-05-02T15:15:15.600169,8DP2_UMA_ligand_start_conf__Orai1WT-MDSnap-Fr300_cleaned,Orai1WT-MDSnap-Fr300_cleaned,8DP2_UMA_ligand_start_conf,success,,55.59,35,15,15,5,0,750.5,49,85,24,3,1,10,21,361.26,-4.65,C23H36N4O20P2,223,21026,1,3,5,5,True,True,cuda,NVIDIA GeForce RTX 4070 Laptop GPU
2026-05-02T15:15:15.601493,8DSC_NCA_ligand_start_conf__Orai1WT-MDSnap-Fr300_cleaned,Orai1WT-MDSnap-Fr300_cleaned,8DSC_NCA_ligand_start_conf,success,,10.91,35,15,15,5,0,122.13,9,15,1,1,1,1,2,55.98,0.18,C6H6N2O,223,21026,1,3,5,5,True,True,cuda,NVIDIA GeForce RTX 4070 Laptop GPU
2026-05-02T15:15:15.602762,8DW5_FQ7_ligand_start_conf__Orai1WT-MDSnap-Fr300_cleaned,Orai1WT-MDSnap-Fr300_cleaned,8DW5_FQ7_ligand_start_conf,success,,13.62,35,15,15,5,0,282.13,18,27,3,2,2,2,3,49.33,4.44,C13H9Cl2NO2,223,21026,1,3,5,5,True,True,cuda,NVIDIA GeForce RTX 4070 Laptop GPU
2026-05-02T15:15:15.604037,8DZT_G4P_ligand_start_conf__Orai1WT-MDSnap-Fr300_cleaned,Orai1WT-MDSnap-Fr300_cleaned,8DZT_G4P_ligand_start_conf,success,,34.75,35,15,15,5,0,603.16,36,53,18,3,2,9,21,345.63,-2.22,C10H17N5O17P4,223,21026,1,3,5,5,True,True,cuda,NVIDIA GeForce RTX 4070 Laptop GPU
2026-05-02T15:15:15.606205,8E77_ULP_ligand_start_conf__Orai1WT-MDSnap-Fr300_cleaned,Orai1WT-MDSnap-Fr300_cleaned,8E77_ULP_ligand_start_conf,success,,49.53,35,15,15,5,0,849.48,55,89,25,4,2,11,25,414.94,-3.41,C25H34N5O22P3,223,21026,1,3,5,5,True,True,cuda,NVIDIA GeForce RTX 4070 Laptop GPU
2026-05-02T15:15:15.607712,8EAB_VN2_ligand_start_conf__Orai1WT-MDSnap-Fr300_cleaned,Orai1WT-MDSnap-Fr300_cleaned,8EAB_VN2_ligand_start_conf,success,,36.02,35,15,15,5,0,688.55,49,70,7,5,5,2,4,83.98,8.98,C34H21F9N4O2,223,21026,1,3,5,5,True,True,cuda,NVIDIA GeForce RTX 4070 Laptop GPU
2026-05-02T15:15:15.609050,8EAD_UY0_ligand_start_conf__Orai1WT-MDSnap-Fr300_cleaned,Orai1WT-MDSnap-Fr300_cleaned,8EAD_UY0_ligand_start_conf,success,,42.73,35,15,15,5,0,559.14,38,73,11,4,3,3,8,108.48,5.94,C27H35ClN6O3S,223,21026,1,3,5,5,True,True,cuda,NVIDIA GeForce RTX 4070 Laptop GPU
2026-05-02T15:15:15.610285,8ERS_WQO_ligand_start_conf__Orai1WT-MDSnap-Fr300_cleaned,Orai1WT-MDSnap-Fr300_cleaned,8ERS_WQO_ligand_start_conf,success,,21.09,35,15,15,5,0,313.31,23,38,5,3,2,3,6,109.85,2.13,C17H15NO5,223,21026,1,3,5,5,True,True,cuda,NVIDIA GeForce RTX 4070 Laptop GPU
2026-05-02T15:15:15.611482,8EX2_Q2Q_ligand_start_conf__Orai1WT-MDSnap-Fr300_cleaned,Orai1WT-MDSnap-Fr300_cleaned,8EX2_Q2Q_ligand_start_conf,success,,19.15,35,15,15,5,0,355.32,26,38,2,4,3,0,4,47.25,4.73,C19H12F3N3O,223,21026,1,3,5,5,True,True,cuda,NVIDIA GeForce RTX 4070 Laptop GPU
2026-05-02T15:15:15.613052,8EXL_799_ligand_start_conf__Orai1WT-MDSnap-Fr300_cleaned,Orai1WT-MDSnap-Fr300_cleaned,8EXL_799_ligand_start_conf,success,,36.66,35,15,15,5,0,460.54,34,62,10,5,4,1,9,118.67,3.17,C24H28N8O2,223,21026,1,3,5,5,True,True,cuda,NVIDIA GeForce RTX 4070 Laptop GPU
2026-05-02T15:15:15.614666,8EYE_X4I_ligand_start_conf__Orai1WT-MDSnap-Fr300_cleaned,Orai1WT-MDSnap-Fr300_cleaned,8EYE_X4I_ligand_start_conf,success,,28.71,35,15,15,5,0,465.38,33,49,8,3,3,4,4,90.46,3.82,C22H16F5N3O3,223,21026,1,3,5,5,True,True,cuda,NVIDIA GeForce RTX 4070 Laptop GPU
2026-05-02T15:15:15.615988,8F4J_PHO_ligand_start_conf__Orai1WT-MDSnap-Fr300_cleaned,Orai1WT-MDSnap-Fr300_cleaned,8F4J_PHO_ligand_start_conf,success,,90.16,35,15,15,5,0,871.22,64,138,31,6,3,2,7,127.03,13.96,C55H74N4O5,223,21026,1,3,5,5,True,True,cuda,NVIDIA GeForce RTX 4070 Laptop GPU
2026-05-02T15:15:15.617767,8F8E_XJI_ligand_start_conf__Orai1WT-MDSnap-Fr300_cleaned,Orai1WT-MDSnap-Fr300_cleaned,8F8E_XJI_ligand_start_conf,success,,27.99,35,15,15,5,0,439.25,29,43,6,3,3,3,3,100.87,4.01,C19H14Cl2F2N4O2,223,21026,1,3,5,5,True,True,cuda,NVIDIA GeForce RTX 4070 Laptop GPU
2026-05-02T15:15:15.619569,8FAV_4Y5_ligand_start_conf__Orai1WT-MDSnap-Fr300_cleaned,Orai1WT-MDSnap-Fr300_cleaned,8FAV_4Y5_ligand_start_conf,success,,23.13,35,15,15,5,0,480.78,33,43,3,4,4,1,5,72.19,6.04,C22H10ClF5N2O3,223,21026,1,3,5,5,True,True,cuda,NVIDIA GeForce RTX 4070 Laptop GPU
2026-05-02T15:15:15.620964,8FLN_Y7W_ligand_start_conf__Orai1WT-MDSnap-Fr300_cleaned,Orai1WT-MDSnap-Fr300_cleaned,8FLN_Y7W_ligand_start_conf,success,,34.0,35,15,15,5,0,479.43,34,55,10,3,3,3,6,125.26,3.43,C22H21F4N5O3,223,21026,1,3,5,5,True,True,cuda,NVIDIA GeForce RTX 4070 Laptop GPU
2026-05-02T15:15:15.622280,8FLV_ZB9_ligand_start_conf__Orai1WT-MDSnap-Fr300_cleaned,Orai1WT-MDSnap-Fr300_cleaned,8FLV_ZB9_ligand_start_conf,success,,26.03,35,15,15,5,0,433.34,29,51,6,4,3,2,5,77.15,3.8,C20H22Cl2N6O,223,21026,1,3,5,5,True,True,cuda,NVIDIA GeForce RTX 4070 Laptop GPU
2026-05-02T15:15:15.623522,8FO5_Y4U_ligand_start_conf__Orai1WT-MDSnap-Fr300_cleaned,Orai1WT-MDSnap-Fr300_cleaned,8FO5_Y4U_ligand_start_conf,success,,16.32,35,15,15,5,0,249.29,17,28,4,2,2,0,4,56.14,1.93,C12H11NO3S,223,21026,1,3,5,5,True,True,cuda,NVIDIA GeForce RTX 4070 Laptop GPU
2026-05-02T15:15:15.624928,8FV9_80J_ligand_start_conf__Orai1WT-MDSnap-Fr300_cleaned,Orai1WT-MDSnap-Fr300_cleaned,8FV9_80J_ligand_start_conf,success,,29.93,35,15,15,5,0,485.15,29,44,14,2,1,6,16,250.19,-1.23,C9H15FN3O13P3,223,21026,1,3,5,5,True,True,cuda,NVIDIA GeForce RTX 4070 Laptop GPU
2026-05-02T15:15:15.626380,8G0V_YHT_ligand_start_conf__Orai1WT-MDSnap-Fr300_cleaned,Orai1WT-MDSnap-Fr300_cleaned,8G0V_YHT_ligand_start_conf,success,,26.62,35,15,15,5,0,385.27,26,42,10,3,2,4,12,175.07,-1.21,C13H16N5O7P,223,21026,1,3,5,5,True,True,cuda,NVIDIA GeForce RTX 4070 Laptop GPU
2026-05-02T15:15:15.627813,8G43_ZU6_ligand_start_conf__Orai1WT-MDSnap-Fr300_cleaned,Orai1WT-MDSnap-Fr300_cleaned,8G43_ZU6_ligand_start_conf,success,,25.8,35,15,15,5,0,289.29,21,36,6,2,2,2,6,101.29,0.16,C14H15N3O4,223,21026,1,3,5,5,True,True,cuda,NVIDIA GeForce RTX 4070 Laptop GPU
2026-05-02T15:15:15.629563,8G6P_API_ligand_start_conf__Orai1WT-MDSnap-Fr300_cleaned,Orai1WT-MDSnap-Fr300_cleaned,8G6P_API_ligand_start_conf,success,,28.96,35,15,15,5,0,190.2,13,27,8,0,0,4,6,126.64,-1.02,C7H14N2O4,223,21026,1,3,5,5,True,True,cuda,NVIDIA GeForce RTX 4070 Laptop GPU
2026-05-02T15:15:15.630943,8GFD_ZHR_ligand_start_conf__Orai1WT-MDSnap-Fr300_cleaned,Orai1WT-MDSnap-Fr300_cleaned,8GFD_ZHR_ligand_start_conf,success,,30.38,35,15,15,5,0,365.38,26,49,10,3,2,4,7,121.39,-0.06,C18H23NO7,223,21026,1,3,5,5,True,True,cuda,NVIDIA GeForce RTX 4070 Laptop GPU
2026-05-02T15:15:15.632460,8H0M_2EH_ligand_start_conf__Orai1WT-MDSnap-Fr300_cleaned,Orai1WT-MDSnap-Fr300_cleaned,8H0M_2EH_ligand_start_conf,success,,29.45,35,15,15,5,0,130.23,9,27,8,0,0,1,1,20.23,2.2,C8H18O,223,21026,1,3,5,5,True,True,cuda,NVIDIA GeForce RTX 4070 Laptop GPU
2026-05-02T15:15:15.633803,8HFN_XGC_ligand_start_conf__Orai1WT-MDSnap-Fr300_cleaned,Orai1WT-MDSnap-Fr300_cleaned,8HFN_XGC_ligand_start_conf,success,,28.07,35,15,15,5,0,367.45,24,41,9,2,2,3,7,111.38,0.82,C15H17N3O4S2,223,21026,1,3,5,5,True,True,cuda,NVIDIA GeForce RTX 4070 Laptop GPU
2026-05-02T15:15:15.635137,8HO0_3ZI_ligand_start_conf__Orai1WT-MDSnap-Fr300_cleaned,Orai1WT-MDSnap-Fr300_cleaned,8HO0_3ZI_ligand_start_conf,success,,18.07,35,15,15,5,0,301.32,22,38,2,4,2,2,2,65.2,1.34,C16H16FN3O2,223,21026,1,3,5,5,True,True,cuda,NVIDIA GeForce RTX 4070 Laptop GPU
2026-05-02T15:15:15.636438,8SLG_G5A_ligand_start_conf__Orai1WT-MDSnap-Fr300_cleaned,Orai1WT-MDSnap-Fr300_cleaned,8SLG_G5A_ligand_start_conf,success,,30.57,35,15,15,5,0,403.38,27,44,10,3,2,5,13,217.8,-3.64,C12H17N7O7S,223,21026,1,3,5,5,True,True,cuda,NVIDIA GeForce RTX 4070 Laptop GPU
2026-05-02T15:15:15.638358,5S8I_2LY_ligand_start_conf__Orai1WT-MDSnap-Fr400_cleaned,Orai1WT-MDSnap-Fr400_cleaned,5S8I_2LY_ligand_start_conf,success,,12.75,35,15,15,5,0,199.23,13,22,2,2,1,1,4,47.56,0.88,C8H9NO3S,223,21026,1,3,5,5,True,True,cuda,NVIDIA GeForce RTX 4070 Laptop GPU
2026-05-02T15:15:15.639780,5SAK_ZRY_ligand_start_conf__Orai1WT-MDSnap-Fr400_cleaned,Orai1WT-MDSnap-Fr400_cleaned,5SAK_ZRY_ligand_start_conf,success,,11.84,35,15,15,5,0,236.28,18,30,2,3,2,3,3,60.27,2.39,C14H12N4,223,21026,1,3,5,5,True,True,cuda,NVIDIA GeForce RTX 4070 Laptop GPU
2026-05-02T15:15:15.641089,5SB2_1K2_ligand_start_conf__Orai1WT-MDSnap-Fr400_cleaned,Orai1WT-MDSnap-Fr400_cleaned,5SB2_1K2_ligand_start_conf,success,,25.22,35,15,15,5,0,417.9,30,50,6,5,4,2,3,67.01,5.08,C24H20ClN3O2,223,21026,1,3,5,5,True,True,cuda,NVIDIA GeForce RTX 4070 Laptop GPU
2026-05-02T15:15:15.642403,5SD5_HWI_ligand_start_conf__Orai1WT-MDSnap-Fr400_cleaned,Orai1WT-MDSnap-Fr400_cleaned,5SD5_HWI_ligand_start_conf,success,,34.11,35,15,15,5,0,401.47,29,56,13,3,2,3,9,136.82,1.88,C20H27N5O4,223,21026,1,3,5,5,True,True,cuda,NVIDIA GeForce RTX 4070 Laptop GPU
2026-05-02T15:15:15.643815,5SIS_JSM_ligand_start_conf__Orai1WT-MDSnap-Fr400_cleaned,Orai1WT-MDSnap-Fr400_cleaned,5SIS_JSM_ligand_start_conf,success,,33.57,35,15,15,5,0,431.5,32,57,10,4,4,2,7,96.56,2.28,C23H25N7O2,223,21026,1,3,5,5,True,True,cuda,NVIDIA GeForce RTX 4070 Laptop GPU
2026-05-02T15:15:15.645132,6M2B_EZO_ligand_start_conf__Orai1WT-MDSnap-Fr400_cleaned,Orai1WT-MDSnap-Fr400_cleaned,6M2B_EZO_ligand_start_conf,success,,22.28,35,15,15,5,0,371.85,25,39,6,3,3,1,6,65.79,4.63,C18H14ClN3O2S,223,21026,1,3,5,5,True,True,cuda,NVIDIA GeForce RTX 4070 Laptop GPU
2026-05-02T15:15:15.646509,6M73_FNR_ligand_start_conf__Orai1WT-MDSnap-Fr400_cleaned,Orai1WT-MDSnap-Fr400_cleaned,6M73_FNR_ligand_start_conf,success,,35.43,35,15,15,5,0,458.36,31,54,14,3,2,8,11,208.44,-0.93,C17H23N4O9P,223,21026,1,3,5,5,True,True,cuda,NVIDIA GeForce RTX 4070 Laptop GPU
2026-05-02T15:15:15.647825,6T88_MWQ_ligand_start_conf__Orai1WT-MDSnap-Fr400_cleaned,Orai1WT-MDSnap-Fr400_cleaned,6T88_MWQ_ligand_start_conf,success,,14.24,35,15,15,5,0,140.14,10,18,3,1,1,2,3,65.98,0.43,C6H8N2O2,223,21026,1,3,5,5,True,True,cuda,NVIDIA GeForce RTX 4070 Laptop GPU
2026-05-02T15:15:15.649188,6TW5_9M2_ligand_start_conf__Orai1WT-MDSnap-Fr400_cleaned,Orai1WT-MDSnap-Fr400_cleaned,6TW5_9M2_ligand_start_conf,success,,35.06,35,15,15,5,0,421.52,31,59,12,4,4,1,5,58.97,4.4,C24H28FN5O,223,21026,1,3,5,5,True,True,cuda,NVIDIA GeForce RTX 4070 Laptop GPU
2026-05-02T15:15:15.650603,6TW7_NZB_ligand_start_conf__Orai1WT-MDSnap-Fr400_cleaned,Orai1WT-MDSnap-Fr400_cleaned,6TW7_NZB_ligand_start_conf,success,,29.87,35,15,15,5,0,390.46,29,52,9,4,4,1,4,54.04,4.45,C23H23FN4O,223,21026,1,3,5,5,True,True,cuda,NVIDIA GeForce RTX 4070 Laptop GPU
2026-05-02T15:15:15.652309,6VS3_R6V_ligand_start_conf__Orai1WT-MDSnap-Fr400_cleaned,Orai1WT-MDSnap-Fr400_cleaned,6VS3_R6V_ligand_start_conf,success,,30.55,35,15,15,5,0,480.62,36,68,7,6,4,3,7,107.24,5.68,C28H32N8,223,21026,1,3,5,5,True,True,cuda,NVIDIA GeForce RTX 4070 Laptop GPU
2026-05-02T15:15:15.653677,6VTA_AKN_ligand_start_conf__Orai1WT-MDSnap-Fr400_cleaned,Orai1WT-MDSnap-Fr400_cleaned,6VTA_AKN_ligand_start_conf,success,,51.16,35,15,15,5,0,585.61,40,83,22,3,0,13,17,331.94,-8.42,C22H43N5O13,223,21026,1,3,5,5,True,True,cuda,NVIDIA GeForce RTX 4070 Laptop GPU
2026-05-02T15:15:15.654934,6W59_SZD_ligand_start_conf__Orai1WT-MDSnap-Fr400_cleaned,Orai1WT-MDSnap-Fr400_cleaned,6W59_SZD_ligand_start_conf,success,,24.22,35,15,15,5,0,472.39,32,45,6,3,3,2,4,84.5,4.92,C20H13F5N2O4S,223,21026,1,3,5,5,True,True,cuda,NVIDIA GeForce RTX 4070 Laptop GPU
2026-05-02T15:15:15.656462,6WTN_RXT_ligand_start_conf__Orai1WT-MDSnap-Fr400_cleaned,Orai1WT-MDSnap-Fr400_cleaned,6WTN_RXT_ligand_start_conf,success,,22.35,35,15,15,5,0,306.37,23,41,4,4,3,1,5,83.18,3.47,C17H18N6,223,21026,1,3,5,5,True,True,cuda,NVIDIA GeForce RTX 4070 Laptop GPU
2026-05-02T15:15:15.658015,6X8D_ARA_ligand_start_conf__Orai1WT-MDSnap-Fr400_cleaned,Orai1WT-MDSnap-Fr400_cleaned,6X8D_ARA_ligand_start_conf,success,,12.44,35,15,15,5,0,150.13,10,20,4,1,0,4,5,90.15,-2.58,C5H10O5,223,21026,1,3,5,5,True,True,cuda,NVIDIA GeForce RTX 4070 Laptop GPU
2026-05-02T15:15:15.659369,6XAF_GDP_ligand_start_conf__Orai1WT-MDSnap-Fr400_cleaned,Orai1WT-MDSnap-Fr400_cleaned,6XAF_GDP_ligand_start_conf,success,,27.87,35,15,15,5,0,443.2,28,43,12,3,2,7,15,252.57,-2.45,C10H15N5O11P2,223,21026,1,3,5,5,True,True,cuda,NVIDIA GeForce RTX 4070 Laptop GPU
2026-05-02T15:15:15.660797,6XBO_5MC_ligand_start_conf__Orai1WT-MDSnap-Fr400_cleaned,Orai1WT-MDSnap-Fr400_cleaned,6XBO_5MC_ligand_start_conf,success,,26.37,35,15,15,5,0,337.22,22,38,10,2,1,5,11,177.36,-2.14,C10H16N3O8P,223,21026,1,3,5,5,True,True,cuda,NVIDIA GeForce RTX 4070 Laptop GPU
2026-05-02T15:15:15.662208,6XCT_478_ligand_start_conf__Orai1WT-MDSnap-Fr400_cleaned,Orai1WT-MDSnap-Fr400_cleaned,6XCT_478_ligand_start_conf,success,,47.18,35,15,15,5,0,505.64,35,70,15,3,2,3,7,131.19,2.4,C25H35N3O6S,223,21026,1,3,5,5,True,True,cuda,NVIDIA GeForce RTX 4070 Laptop GPU
2026-05-02T15:15:15.663773,6XG5_TOP_ligand_start_conf__Orai1WT-MDSnap-Fr400_cleaned,Orai1WT-MDSnap-Fr400_cleaned,6XG5_TOP_ligand_start_conf,success,,24.39,35,15,15,5,0,290.32,21,39,10,2,2,2,7,105.51,1.26,C14H18N4O3,223,21026,1,3,5,5,True,True,cuda,NVIDIA GeForce RTX 4070 Laptop GPU
2026-05-02T15:15:15.665129,6XHT_V2V_ligand_start_conf__Orai1WT-MDSnap-Fr400_cleaned,Orai1WT-MDSnap-Fr400_cleaned,6XHT_V2V_ligand_start_conf,success,,43.46,35,15,15,5,0,537.31,34,59,21,2,1,9,18,293.81,-4.23,C14H25N3O15P2,223,21026,1,3,5,5,True,True,cuda,NVIDIA GeForce RTX 4070 Laptop GPU
2026-05-02T15:15:15.666437,6XM9_V55_ligand_start_conf__Orai1WT-MDSnap-Fr400_cleaned,Orai1WT-MDSnap-Fr400_cleaned,6XM9_V55_ligand_start_conf,success,,12.42,35,15,15,5,0,152.15,11,19,4,1,1,1,3,46.53,1.21,C8H8O3,223,21026,1,3,5,5,True,True,cuda,NVIDIA GeForce RTX 4070 Laptop GPU
2026-05-02T15:15:15.667726,6XUM_30L_ligand_start_conf__Orai1WT-MDSnap-Fr400_cleaned,Orai1WT-MDSnap-Fr400_cleaned,6XUM_30L_ligand_start_conf,success,,24.73,35,15,15,5,0,348.29,25,38,7,2,2,2,6,118.77,2.13,C16H13FN2O6,223,21026,1,3,5,5,True,True,cuda,NVIDIA GeForce RTX 4070 Laptop GPU
2026-05-02T15:15:15.669139,6Y7L_QMG_ligand_start_conf__Orai1WT-MDSnap-Fr400_cleaned,Orai1WT-MDSnap-Fr400_cleaned,6Y7L_QMG_ligand_start_conf,success,,24.39,35,15,15,5,0,333.39,25,44,6,4,3,1,4,63.47,3.4,C20H19N3O2,223,21026,1,3,5,5,True,True,cuda,NVIDIA GeForce RTX 4070 Laptop GPU
2026-05-02T15:15:15.670381,6YDY_K73_ligand_start_conf__Orai1WT-MDSnap-Fr400_cleaned,Orai1WT-MDSnap-Fr400_cleaned,6YDY_K73_ligand_start_conf,success,,35.41,35,15,15,5,0,380.49,28,56,9,3,2,3,4,101.45,1.32,C22H28N4O2,223,21026,1,3,5,5,True,True,cuda,NVIDIA GeForce RTX 4070 Laptop GPU
2026-05-02T15:15:15.671650,6YJA_2BA_ligand_start_conf__Orai1WT-MDSnap-Fr400_cleaned,Orai1WT-MDSnap-Fr400_cleaned,6YJA_2BA_ligand_start_conf,success,,27.98,35,15,15,5,0,658.42,44,68,8,7,4,6,22,309.68,-1.63,C20H24N10O12P2,223,21026,1,3,5,5,True,True,cuda,NVIDIA GeForce RTX 4070 Laptop GPU
2026-05-02T15:15:15.672907,6YMS_OZH_ligand_start_conf__Orai1WT-MDSnap-Fr400_cleaned,Orai1WT-MDSnap-Fr400_cleaned,6YMS_OZH_ligand_start_conf,success,,50.67,35,15,15,5,0,505.51,35,67,16,2,2,5,7,154.06,2.87,C24H32N3O7P,223,21026,1,3,5,5,True,True,cuda,NVIDIA GeForce RTX 4070 Laptop GPU
2026-05-02T15:15:15.674382,6YQV_8K2_ligand_start_conf__Orai1WT-MDSnap-Fr400_cleaned,Orai1WT-MDSnap-Fr400_cleaned,6YQV_8K2_ligand_start_conf,success,,11.52,35,15,15,5,0,197.67,10,14,2,1,1,1,3,60.16,1.05,C4H4ClNO2S2,223,21026,1,3,5,5,True,True,cuda,NVIDIA GeForce RTX 4070 Laptop GPU
2026-05-02T15:15:15.675793,6YQW_82I_ligand_start_conf__Orai1WT-MDSnap-Fr400_cleaned,Orai1WT-MDSnap-Fr400_cleaned,6YQW_82I_ligand_start_conf,success,,13.03,35,15,15,5,0,173.6,11,19,3,1,1,1,4,46.92,0.48,C6H8ClN3O,223,21026,1,3,5,5,True,True,cuda,NVIDIA GeForce RTX 4070 Laptop GPU
2026-05-02T15:15:15.677190,6YR2_T1C_ligand_start_conf__Orai1WT-MDSnap-Fr400_cleaned,Orai1WT-MDSnap-Fr400_cleaned,6YR2_T1C_ligand_start_conf,success,,52.38,35,15,15,5,0,587.67,42,83,14,4,1,9,9,208.16,-2.19,C29H41N5O8+2,223,21026,1,3,5,5,True,True,cuda,NVIDIA GeForce RTX 4070 Laptop GPU
2026-05-02T15:15:15.678562,6YRV_PJ8_ligand_start_conf__Orai1WT-MDSnap-Fr400_cleaned,Orai1WT-MDSnap-Fr400_cleaned,6YRV_PJ8_ligand_start_conf,success,,54.04,35,15,15,5,0,240.48,17,53,16,0,0,0,0,0.0,6.88,C17H36,223,21026,1,3,5,5,True,True,cuda,NVIDIA GeForce RTX 4070 Laptop GPU
2026-05-02T15:15:15.679887,6YSP_PAL_ligand_start_conf__Orai1WT-MDSnap-Fr400_cleaned,Orai1WT-MDSnap-Fr400_cleaned,6YSP_PAL_ligand_start_conf,success,,25.12,35,15,15,5,0,255.12,16,26,8,0,0,5,8,161.23,-1.79,C6H10NO8P,223,21026,1,3,5,5,True,True,cuda,NVIDIA GeForce RTX 4070 Laptop GPU
2026-05-02T15:15:15.681408,6YT6_PKE_ligand_start_conf__Orai1WT-MDSnap-Fr400_cleaned,Orai1WT-MDSnap-Fr400_cleaned,6YT6_PKE_ligand_start_conf,success,,29.97,35,15,15,5,0,439.5,31,52,9,4,3,3,8,129.21,2.12,C20H21N7O3S,223,21026,1,3,5,5,True,True,cuda,NVIDIA GeForce RTX 4070 Laptop GPU
2026-05-02T15:15:15.682974,6YYO_Q1K_ligand_start_conf__Orai1WT-MDSnap-Fr400_cleaned,Orai1WT-MDSnap-Fr400_cleaned,6YYO_Q1K_ligand_start_conf,success,,19.1,35,15,15,5,0,282.33,19,33,3,3,2,0,7,83.7,-0.79,C10H14N6O2S,223,21026,1,3,5,5,True,True,cuda,NVIDIA GeForce RTX 4070 Laptop GPU
2026-05-02T15:15:15.684366,6Z0R_Q4H_ligand_start_conf__Orai1WT-MDSnap-Fr400_cleaned,Orai1WT-MDSnap-Fr400_cleaned,6Z0R_Q4H_ligand_start_conf,success,,8.72,35,15,15,5,0,120.11,9,13,1,1,1,1,4,75.59,-0.07,C5H4N4,223,21026,1,3,5,5,True,True,cuda,NVIDIA GeForce RTX 4070 Laptop GPU
2026-05-02T15:15:15.685701,6Z14_Q4Z_ligand_start_conf__Orai1WT-MDSnap-Fr400_cleaned,Orai1WT-MDSnap-Fr400_cleaned,6Z14_Q4Z_ligand_start_conf,success,,20.56,35,15,15,5,0,283.26,18,31,6,2,0,3,8,139.32,-4.19,C8H13NO8S,223,21026,1,3,5,5,True,True,cuda,NVIDIA GeForce RTX 4070 Laptop GPU
2026-05-02T15:15:15.687124,6Z1C_7EY_ligand_start_conf__Orai1WT-MDSnap-Fr400_cleaned,Orai1WT-MDSnap-Fr400_cleaned,6Z1C_7EY_ligand_start_conf,success,,22.37,35,15,15,5,0,330.43,22,36,6,3,3,1,6,63.08,4.23,C16H14N2O2S2,223,21026,1,3,5,5,True,True,cuda,NVIDIA GeForce RTX 4070 Laptop GPU
2026-05-02T15:15:15.688494,6Z2C_Q5E_ligand_start_conf__Orai1WT-MDSnap-Fr400_cleaned,Orai1WT-MDSnap-Fr400_cleaned,6Z2C_Q5E_ligand_start_conf,success,,27.69,35,15,15,5,0,483.99,26,39,6,3,0,1,4,74.68,4.08,C15H13Cl6NO4,223,21026,1,3,5,5,True,True,cuda,NVIDIA GeForce RTX 4070 Laptop GPU
2026-05-02T15:15:15.689828,6Z4N_Q7B_ligand_start_conf__Orai1WT-MDSnap-Fr400_cleaned,Orai1WT-MDSnap-Fr400_cleaned,6Z4N_Q7B_ligand_start_conf,success,,23.96,35,15,15,5,0,266.34,20,38,5,3,2,1,2,37.3,3.8,C18H18O2,223,21026,1,3,5,5,True,True,cuda,NVIDIA GeForce RTX 4070 Laptop GPU
2026-05-02T15:15:15.691314,6Z5Z_BDF_ligand_start_conf__Orai1WT-MDSnap-Fr400_cleaned,Orai1WT-MDSnap-Fr400_cleaned,6Z5Z_BDF_ligand_start_conf,success,,17.04,35,15,15,5,0,180.16,12,24,6,1,0,5,6,110.38,-3.22,C6H12O6,223,21026,1,3,5,5,True,True,cuda,NVIDIA GeForce RTX 4070 Laptop GPU
2026-05-02T15:15:15.692835,6ZAE_ACV_ligand_start_conf__Orai1WT-MDSnap-Fr400_cleaned,Orai1WT-MDSnap-Fr400_cleaned,6ZAE_ACV_ligand_start_conf,success,,46.43,35,15,15,5,0,363.44,24,49,15,0,0,6,8,158.82,-0.79,C14H25N3O6S,223,21026,1,3,5,5,True,True,cuda,NVIDIA GeForce RTX 4070 Laptop GPU
2026-05-02T15:15:15.694361,6ZC3_JOR_ligand_start_conf__Orai1WT-MDSnap-Fr400_cleaned,Orai1WT-MDSnap-Fr400_cleaned,6ZC3_JOR_ligand_start_conf,success,,16.01,35,15,15,5,0,233.22,15,23,4,1,1,2,4,83.47,0.9,C8H8FNO4S,223,21026,1,3,5,5,True,True,cuda,NVIDIA GeForce RTX 4070 Laptop GPU
2026-05-02T15:15:15.695718,6ZCY_QF8_ligand_start_conf__Orai1WT-MDSnap-Fr400_cleaned,Orai1WT-MDSnap-Fr400_cleaned,6ZCY_QF8_ligand_start_conf,success,,31.59,35,15,15,5,0,446.52,33,59,9,5,4,4,10,126.61,1.73,C22H26N10O,223,21026,1,3,5,5,True,True,cuda,NVIDIA GeForce RTX 4070 Laptop GPU
2026-05-02T15:15:15.697034,6ZK5_IMH_ligand_start_conf__Orai1WT-MDSnap-Fr400_cleaned,Orai1WT-MDSnap-Fr400_cleaned,6ZK5_IMH_ligand_start_conf,success,,20.68,35,15,15,5,0,266.26,19,33,6,3,2,6,7,134.52,-1.61,C11H14N4O4,223,21026,1,3,5,5,True,True,cuda,NVIDIA GeForce RTX 4070 Laptop GPU
2026-05-02T15:15:15.698262,6ZPB_3D1_ligand_start_conf__Orai1WT-MDSnap-Fr400_cleaned,Orai1WT-MDSnap-Fr400_cleaned,6ZPB_3D1_ligand_start_conf,success,,20.4,35,15,15,5,0,251.25,18,31,5,3,2,3,8,119.31,-0.95,C10H13N5O3,223,21026,1,3,5,5,True,True,cuda,NVIDIA GeForce RTX 4070 Laptop GPU
2026-05-02T15:15:15.699632,6ZR8_QOZ_ligand_start_conf__Orai1WT-MDSnap-Fr400_cleaned,Orai1WT-MDSnap-Fr400_cleaned,6ZR8_QOZ_ligand_start_conf,success,,31.2,35,15,15,5,0,464.59,33,61,8,4,3,2,5,95.74,2.68,C25H28N4O3S,223,21026,1,3,5,5,True,True,cuda,NVIDIA GeForce RTX 4070 Laptop GPU
2026-05-02T15:15:15.700975,6ZT2_QPK_ligand_start_conf__Orai1WT-MDSnap-Fr400_cleaned,Orai1WT-MDSnap-Fr400_cleaned,6ZT2_QPK_ligand_start_conf,success,,7.9,35,15,15,5,0,164.54,10,13,1,1,1,1,1,20.23,2.32,C6H3ClF2O,223,21026,1,3,5,5,True,True,cuda,NVIDIA GeForce RTX 4070 Laptop GPU
2026-05-02T15:15:15.702313,6ZX3_QRZ_ligand_start_conf__Orai1WT-MDSnap-Fr400_cleaned,Orai1WT-MDSnap-Fr400_cleaned,6ZX3_QRZ_ligand_start_conf,success,,25.38,35,15,15,5,0,383.27,24,38,9,2,1,6,11,197.33,-3.1,C10H14N3O9PS,223,21026,1,3,5,5,True,True,cuda,NVIDIA GeForce RTX 4070 Laptop GPU
2026-05-02T15:15:15.703619,6ZXQ_IMO_ligand_start_conf__Orai1WT-MDSnap-Fr400_cleaned,Orai1WT-MDSnap-Fr400_cleaned,6ZXQ_IMO_ligand_start_conf,success,,26.98,35,15,15,5,0,428.19,27,41,12,3,2,6,15,226.81,-1.97,C10H14N4O11P2,223,21026,1,3,5,5,True,True,cuda,NVIDIA GeForce RTX 4070 Laptop GPU
2026-05-02T15:15:15.704977,7A1P_QW2_ligand_start_conf__Orai1WT-MDSnap-Fr400_cleaned,Orai1WT-MDSnap-Fr400_cleaned,7A1P_QW2_ligand_start_conf,success,,23.66,35,15,15,5,0,188.18,13,25,7,0,0,2,5,91.67,0.53,C8H12O5,223,21026,1,3,5,5,True,True,cuda,NVIDIA GeForce RTX 4070 Laptop GPU
2026-05-02T15:15:15.706586,7A9E_R4W_ligand_start_conf__Orai1WT-MDSnap-Fr400_cleaned,Orai1WT-MDSnap-Fr400_cleaned,7A9E_R4W_ligand_start_conf,success,,14.45,35,15,15,5,0,108.16,6,14,3,0,0,0,2,34.14,0.05,C3H8O2S,223,21026,1,3,5,5,True,True,cuda,NVIDIA GeForce RTX 4070 Laptop GPU
2026-05-02T15:15:15.707952,7A9H_TPP_ligand_start_conf__Orai1WT-MDSnap-Fr400_cleaned,Orai1WT-MDSnap-Fr400_cleaned,7A9H_TPP_ligand_start_conf,success,,32.42,35,15,15,5,0,425.32,26,45,14,2,2,4,11,168.97,0.84,C12H19N4O7P2S+,223,21026,1,3,5,5,True,True,cuda,NVIDIA GeForce RTX 4070 Laptop GPU
2026-05-02T15:15:15.709248,7AA0_R6B_ligand_start_conf__Orai1WT-MDSnap-Fr400_cleaned,Orai1WT-MDSnap-Fr400_cleaned,7AA0_R6B_ligand_start_conf,success,,32.89,35,15,15,5,0,349.47,26,53,8,3,2,1,3,40.54,5.35,C23H27NO2,223,21026,1,3,5,5,True,True,cuda,NVIDIA GeForce RTX 4070 Laptop GPU
2026-05-02T15:15:15.710518,7AFX_R9K_ligand_start_conf__Orai1WT-MDSnap-Fr400_cleaned,Orai1WT-MDSnap-Fr400_cleaned,7AFX_R9K_ligand_start_conf,success,,18.64,35,15,15,5,0,285.73,20,32,3,3,3,2,2,53.09,4.49,C16H12ClNO2,223,21026,1,3,5,5,True,True,cuda,NVIDIA GeForce RTX 4070 Laptop GPU
2026-05-02T15:15:15.712129,7AKL_RK5_ligand_start_conf__Orai1WT-MDSnap-Fr400_cleaned,Orai1WT-MDSnap-Fr400_cleaned,7AKL_RK5_ligand_start_conf,success,,20.38,35,15,15,5,0,253.31,19,34,5,3,3,2,4,78.07,3.28,C15H15N3O,223,21026,1,3,5,5,True,True,cuda,NVIDIA GeForce RTX 4070 Laptop GPU
2026-05-02T15:15:15.713564,7AMC_73B_ligand_start_conf__Orai1WT-MDSnap-Fr400_cleaned,Orai1WT-MDSnap-Fr400_cleaned,7AMC_73B_ligand_start_conf,success,,28.07,35,15,15,5,0,434.92,31,54,6,4,3,2,4,69.64,6.0,C25H23ClN2O3,223,21026,1,3,5,5,True,True,cuda,NVIDIA GeForce RTX 4070 Laptop GPU
2026-05-02T15:15:15.714933,7AN5_RDH_ligand_start_conf__Orai1WT-MDSnap-Fr400_cleaned,Orai1WT-MDSnap-Fr400_cleaned,7AN5_RDH_ligand_start_conf,success,,13.58,35,15,15,5,0,208.17,15,23,4,1,1,2,5,83.83,1.36,C10H8O5,223,21026,1,3,5,5,True,True,cuda,NVIDIA GeForce RTX 4070 Laptop GPU
2026-05-02T15:15:15.716288,7AS1_21G_ligand_start_conf__Orai1WT-MDSnap-Fr400_cleaned,Orai1WT-MDSnap-Fr400_cleaned,7AS1_21G_ligand_start_conf,success,,22.24,35,15,15,5,0,399.4,29,48,4,6,3,3,6,103.79,3.6,C20H19F2N5O2,223,21026,1,3,5,5,True,True,cuda,NVIDIA GeForce RTX 4070 Laptop GPU
2026-05-02T15:15:15.718025,7AVI_S2Q_ligand_start_conf__Orai1WT-MDSnap-Fr400_cleaned,Orai1WT-MDSnap-Fr400_cleaned,7AVI_S2Q_ligand_start_conf,success,,32.05,35,15,15,5,0,388.45,27,47,9,3,3,2,6,128.18,2.48,C18H20N4O4S,223,21026,1,3,5,5,True,True,cuda,NVIDIA GeForce RTX 4070 Laptop GPU
2026-05-02T15:15:15.719554,7B0E_C2E_ligand_start_conf__Orai1WT-MDSnap-Fr400_cleaned,Orai1WT-MDSnap-Fr400_cleaned,7B0E_C2E_ligand_start_conf,success,,29.06,35,15,15,5,0,690.42,46,70,8,7,4,8,22,349.62,-3.05,C20H24N10O14P2,223,21026,1,3,5,5,True,True,cuda,NVIDIA GeForce RTX 4070 Laptop GPU
2026-05-02T15:15:15.720881,7B2C_TP7_ligand_start_conf__Orai1WT-MDSnap-Fr400_cleaned,Orai1WT-MDSnap-Fr400_cleaned,7B2C_TP7_ligand_start_conf,success,,40.73,35,15,15,5,0,343.34,21,43,15,0,0,5,8,133.16,0.93,C11H22NO7PS,223,21026,1,3,5,5,True,True,cuda,NVIDIA GeForce RTX 4070 Laptop GPU
2026-05-02T15:15:15.722153,7B94_ANP_ligand_start_conf__Orai1WT-MDSnap-Fr400_cleaned,Orai1WT-MDSnap-Fr400_cleaned,7B94_ANP_ligand_start_conf,success,,33.58,35,15,15,5,0,506.2,31,48,15,3,2,8,17,281.93,-2.06,C10H17N6O12P3,223,21026,1,3,5,5,True,True,cuda,NVIDIA GeForce RTX 4070 Laptop GPU
2026-05-02T15:15:15.723669,7BA0_T5H_ligand_start_conf__Orai1WT-MDSnap-Fr400_cleaned,Orai1WT-MDSnap-Fr400_cleaned,7BA0_T5H_ligand_start_conf,success,,42.03,35,15,15,5,0,761.91,55,110,14,7,3,2,11,142.45,6.18,C43H55NO11,223,21026,1,3,5,5,True,True,cuda,NVIDIA GeForce RTX 4070 Laptop GPU
2026-05-02T15:15:15.725055,7BCP_GCO_ligand_start_conf__Orai1WT-MDSnap-Fr400_cleaned,Orai1WT-MDSnap-Fr400_cleaned,7BCP_GCO_ligand_start_conf,success,,26.91,35,15,15,5,0,196.16,13,25,10,0,0,6,7,138.45,-3.49,C6H12O7,223,21026,1,3,5,5,True,True,cuda,NVIDIA GeForce RTX 4070 Laptop GPU
2026-05-02T15:15:15.726413,7BHX_TO5_ligand_start_conf__Orai1WT-MDSnap-Fr400_cleaned,Orai1WT-MDSnap-Fr400_cleaned,7BHX_TO5_ligand_start_conf,success,,19.77,35,15,15,5,0,300.75,21,34,4,3,3,0,5,51.02,2.5,C15H13ClN4O,223,21026,1,3,5,5,True,True,cuda,NVIDIA GeForce RTX 4070 Laptop GPU
2026-05-02T15:15:15.727736,7BJ6_TVK_ligand_start_conf__Orai1WT-MDSnap-Fr400_cleaned,Orai1WT-MDSnap-Fr400_cleaned,7BJ6_TVK_ligand_start_conf,success,,39.99,35,15,15,5,0,545.44,37,64,12,5,3,2,5,82.89,5.4,C28H27Cl2FN2O4,223,21026,1,3,5,5,True,True,cuda,NVIDIA GeForce RTX 4070 Laptop GPU
2026-05-02T15:15:15.729056,7BJJ_TVW_ligand_start_conf__Orai1WT-MDSnap-Fr400_cleaned,Orai1WT-MDSnap-Fr400_cleaned,7BJJ_TVW_ligand_start_conf,success,,8.69,35,15,15,5,0,135.13,10,15,1,2,2,2,4,80.48,-0.06,C5H5N5,223,21026,1,3,5,5,True,True,cuda,NVIDIA GeForce RTX 4070 Laptop GPU
2026-05-02T15:15:15.730534,7BKA_4JC_ligand_start_conf__Orai1WT-MDSnap-Fr400_cleaned,Orai1WT-MDSnap-Fr400_cleaned,7BKA_4JC_ligand_start_conf,success,,16.65,35,15,15,5,0,185.25,12,23,4,1,1,1,2,60.16,0.9,C8H11NO2S,223,21026,1,3,5,5,True,True,cuda,NVIDIA GeForce RTX 4070 Laptop GPU
2026-05-02T15:15:15.731919,7BLA_WCS_ligand_start_conf__Orai1WT-MDSnap-Fr400_cleaned,Orai1WT-MDSnap-Fr400_cleaned,7BLA_WCS_ligand_start_conf,success,,43.63,35,15,15,5,0,458.59,32,62,15,3,3,1,9,102.24,2.58,C22H30N6O3S,223,21026,1,3,5,5,True,True,cuda,NVIDIA GeForce RTX 4070 Laptop GPU
2026-05-02T15:15:15.734231,7BLG_GAL_ligand_start_conf__Orai1WT-MDSnap-Fr400_cleaned,Orai1WT-MDSnap-Fr400_cleaned,7BLG_GAL_ligand_start_conf,success,,17.25,35,15,15,5,0,180.16,12,24,6,1,0,5,6,110.38,-3.22,C6H12O6,223,21026,1,3,5,5,True,True,cuda,NVIDIA GeForce RTX 4070 Laptop GPU
2026-05-02T15:15:15.735882,7BMI_U4B_ligand_start_conf__Orai1WT-MDSnap-Fr400_cleaned,Orai1WT-MDSnap-Fr400_cleaned,7BMI_U4B_ligand_start_conf,success,,12.14,35,15,15,5,0,185.11,13,17,2,1,1,2,5,87.49,0.62,C7H4FNO4,223,21026,1,3,5,5,True,True,cuda,NVIDIA GeForce RTX 4070 Laptop GPU
2026-05-02T15:15:15.737365,7BNH_BEZ_ligand_start_conf__Orai1WT-MDSnap-Fr400_cleaned,Orai1WT-MDSnap-Fr400_cleaned,7BNH_BEZ_ligand_start_conf,success,,9.65,35,15,15,5,0,122.12,9,15,1,1,1,1,2,37.3,1.38,C7H6O2,223,21026,1,3,5,5,True,True,cuda,NVIDIA GeForce RTX 4070 Laptop GPU
2026-05-02T15:15:15.738761,7BTT_F8R_ligand_start_conf__Orai1WT-MDSnap-Fr400_cleaned,Orai1WT-MDSnap-Fr400_cleaned,7BTT_F8R_ligand_start_conf,success,,40.67,35,15,15,5,0,563.68,40,73,14,5,4,3,9,132.55,4.09,C28H33N7O4S,223,21026,1,3,5,5,True,True,cuda,NVIDIA GeForce RTX 4070 Laptop GPU
2026-05-02T15:15:15.740229,7C0U_FGO_ligand_start_conf__Orai1WT-MDSnap-Fr400_cleaned,Orai1WT-MDSnap-Fr400_cleaned,7C0U_FGO_ligand_start_conf,success,,36.18,35,15,15,5,0,629.48,43,71,14,6,3,8,18,299.59,-3.39,C22H28N7O13P,223,21026,1,3,5,5,True,True,cuda,NVIDIA GeForce RTX 4070 Laptop GPU
2026-05-02T15:15:15.741672,7C3U_AZG_ligand_start_conf__Orai1WT-MDSnap-Fr400_cleaned,Orai1WT-MDSnap-Fr400_cleaned,7C3U_AZG_ligand_start_conf,success,,9.82,35,15,15,5,0,152.12,11,15,2,2,2,3,6,113.6,-0.96,C4H4N6O,223,21026,1,3,5,5,True,True,cuda,NVIDIA GeForce RTX 4070 Laptop GPU
2026-05-02T15:15:15.743063,7C6P_SQH_ligand_start_conf__Orai1WT-MDSnap-Fr400_cleaned,Orai1WT-MDSnap-Fr400_cleaned,7C6P_SQH_ligand_start_conf,success,,17.01,35,15,15,5,0,286.24,21,31,5,3,3,4,6,111.13,2.28,C15H10O6,223,21026,1,3,5,5,True,True,cuda,NVIDIA GeForce RTX 4070 Laptop GPU
2026-05-02T15:15:15.744317,7C8Q_DSG_ligand_start_conf__Orai1WT-MDSnap-Fr400_cleaned,Orai1WT-MDSnap-Fr400_cleaned,7C8Q_DSG_ligand_start_conf,success,,16.52,35,15,15,5,0,132.12,9,17,4,0,0,3,4,106.41,-1.73,C4H8N2O3,223,21026,1,3,5,5,True,True,cuda,NVIDIA GeForce RTX 4070 Laptop GPU
2026-05-02T15:15:15.745653,7CD9_FVR_ligand_start_conf__Orai1WT-MDSnap-Fr400_cleaned,Orai1WT-MDSnap-Fr400_cleaned,7CD9_FVR_ligand_start_conf,success,,29.52,35,15,15,5,0,443.55,33,62,8,5,4,2,6,75.18,3.74,C26H29N5O2,223,21026,1,3,5,5,True,True,cuda,NVIDIA GeForce RTX 4070 Laptop GPU
2026-05-02T15:15:15.746998,7CIJ_G0C_ligand_start_conf__Orai1WT-MDSnap-Fr400_cleaned,Orai1WT-MDSnap-Fr400_cleaned,7CIJ_G0C_ligand_start_conf,success,,29.26,35,15,15,5,0,334.33,21,40,13,1,1,3,8,112.24,1.88,C12H19N2O5PS,223,21026,1,3,5,5,True,True,cuda,NVIDIA GeForce RTX 4070 Laptop GPU
2026-05-02T15:15:15.748491,7CL8_TES_ligand_start_conf__Orai1WT-MDSnap-Fr400_cleaned,Orai1WT-MDSnap-Fr400_cleaned,7CL8_TES_ligand_start_conf,success,,21.6,35,15,15,5,0,288.43,21,49,3,4,0,1,2,37.3,3.88,C19H28O2,223,21026,1,3,5,5,True,True,cuda,NVIDIA GeForce RTX 4070 Laptop GPU
2026-05-02T15:15:15.749934,7CNQ_G8X_ligand_start_conf__Orai1WT-MDSnap-Fr400_cleaned,Orai1WT-MDSnap-Fr400_cleaned,7CNQ_G8X_ligand_start_conf,success,,11.45,35,15,15,5,0,131.13,9,18,2,1,0,3,4,69.56,-1.21,C5H9NO3,223,21026,1,3,5,5,True,True,cuda,NVIDIA GeForce RTX 4070 Laptop GPU
2026-05-02T15:15:15.751219,7CNS_PMV_ligand_start_conf__Orai1WT-MDSnap-Fr400_cleaned,Orai1WT-MDSnap-Fr400_cleaned,7CNS_PMV_ligand_start_conf,success,,28.53,35,15,15,5,0,228.14,14,27,10,0,0,4,7,124.29,-0.29,C6H13O7P,223,21026,1,3,5,5,True,True,cuda,NVIDIA GeForce RTX 4070 Laptop GPU
2026-05-02T15:15:15.752633,7CTM_BDP_ligand_start_conf__Orai1WT-MDSnap-Fr400_cleaned,Orai1WT-MDSnap-Fr400_cleaned,7CTM_BDP_ligand_start_conf,success,,17.48,35,15,15,5,0,194.14,13,23,5,1,0,5,7,127.45,-3.13,C6H10O7,223,21026,1,3,5,5,True,True,cuda,NVIDIA GeForce RTX 4070 Laptop GPU
2026-05-02T15:15:15.753968,7CUO_PHB_ligand_start_conf__Orai1WT-MDSnap-Fr400_cleaned,Orai1WT-MDSnap-Fr400_cleaned,7CUO_PHB_ligand_start_conf,success,,10.27,35,15,15,5,0,138.12,10,16,2,1,1,2,3,57.53,1.09,C7H6O3,223,21026,1,3,5,5,True,True,cuda,NVIDIA GeForce RTX 4070 Laptop GPU
2026-05-02T15:15:15.755407,7D0P_1VU_ligand_start_conf__Orai1WT-MDSnap-Fr400_cleaned,Orai1WT-MDSnap-Fr400_cleaned,7D0P_1VU_ligand_start_conf,success,,63.57,35,15,15,5,0,823.61,52,92,30,3,2,9,23,363.63,-0.93,C24H40N7O17P3S,223,21026,1,3,5,5,True,True,cuda,NVIDIA GeForce RTX 4070 Laptop GPU
2026-05-02T15:15:15.757037,7D5C_GV6_ligand_start_conf__Orai1WT-MDSnap-Fr400_cleaned,Orai1WT-MDSnap-Fr400_cleaned,7D5C_GV6_ligand_start_conf,success,,40.09,35,15,15,5,0,460.38,31,56,15,3,2,5,14,218.16,-0.94,C16H25N6O8P,223,21026,1,3,5,5,True,True,cuda,NVIDIA GeForce RTX 4070 Laptop GPU
2026-05-02T15:15:15.758546,7D6O_MTE_ligand_start_conf__Orai1WT-MDSnap-Fr400_cleaned,Orai1WT-MDSnap-Fr400_cleaned,7D6O_MTE_ligand_start_conf,success,,22.16,35,15,15,5,0,395.36,24,38,8,3,1,8,12,171.82,-0.54,C10H14N5O6PS2,223,21026,1,3,5,5,True,True,cuda,NVIDIA GeForce RTX 4070 Laptop GPU
2026-05-02T15:15:15.760020,7D8Q_GZF_ligand_start_conf__Orai1WT-MDSnap-Fr400_cleaned,Orai1WT-MDSnap-Fr400_cleaned,7D8Q_GZF_ligand_start_conf,success,,28.25,35,15,15,5,0,459.27,28,43,13,3,2,7,16,235.76,-1.92,C10H15N5O10P2S,223,21026,1,3,5,5,True,True,cuda,NVIDIA GeForce RTX 4070 Laptop GPU
2026-05-02T15:15:15.761546,7D9L_GSF_ligand_start_conf__Orai1WT-MDSnap-Fr400_cleaned,Orai1WT-MDSnap-Fr400_cleaned,7D9L_GSF_ligand_start_conf,success,,39.69,35,15,15,5,0,339.33,22,39,12,0,0,6,9,196.12,-2.91,C10H17N3O8S,223,21026,1,3,5,5,True,True,cuda,NVIDIA GeForce RTX 4070 Laptop GPU
2026-05-02T15:15:15.763124,7DIN_MPO_ligand_start_conf__Orai1WT-MDSnap-Fr400_cleaned,Orai1WT-MDSnap-Fr400_cleaned,7DIN_MPO_ligand_start_conf,success,,21.94,35,15,15,5,0,209.27,13,28,5,1,0,1,5,66.84,-0.4,C7H15NO4S,223,21026,1,3,5,5,True,True,cuda,NVIDIA GeForce RTX 4070 Laptop GPU
2026-05-02T15:15:15.764651,7DKT_GLF_ligand_start_conf__Orai1WT-MDSnap-Fr400_cleaned,Orai1WT-MDSnap-Fr400_cleaned,7DKT_GLF_ligand_start_conf,success,,15.4,35,15,15,5,0,182.15,12,23,5,1,0,4,5,90.15,-2.24,C6H11FO5,223,21026,1,3,5,5,True,True,cuda,NVIDIA GeForce RTX 4070 Laptop GPU
2026-05-02T15:15:15.766390,7DQL_4CL_ligand_start_conf__Orai1WT-MDSnap-Fr400_cleaned,Orai1WT-MDSnap-Fr400_cleaned,7DQL_4CL_ligand_start_conf,success,,9.02,35,15,15,5,0,144.56,9,14,2,1,1,2,2,40.46,1.75,C6H5ClO2,223,21026,1,3,5,5,True,True,cuda,NVIDIA GeForce RTX 4070 Laptop GPU
2026-05-02T15:15:15.768144,7DUA_HJ0_ligand_start_conf__Orai1WT-MDSnap-Fr400_cleaned,Orai1WT-MDSnap-Fr400_cleaned,7DUA_HJ0_ligand_start_conf,success,,25.13,35,15,15,5,0,311.35,23,40,6,4,3,3,6,114.51,1.81,C15H17N7O,223,21026,1,3,5,5,True,True,cuda,NVIDIA GeForce RTX 4070 Laptop GPU
2026-05-02T15:15:15.769698,7E2S_BLA_ligand_start_conf__Orai1WT-MDSnap-Fr400_cleaned,Orai1WT-MDSnap-Fr400_cleaned,7E2S_BLA_ligand_start_conf,success,,42.64,35,15,15,5,0,582.66,43,77,15,4,1,5,7,160.95,4.81,C33H34N4O6,223,21026,1,3,5,5,True,True,cuda,NVIDIA GeForce RTX 4070 Laptop GPU
2026-05-02T15:15:15.771177,7E4L_MDN_ligand_start_conf__Orai1WT-MDSnap-Fr400_cleaned,Orai1WT-MDSnap-Fr400_cleaned,7E4L_MDN_ligand_start_conf,success,,17.03,35,15,15,5,0,176.0,9,15,6,0,0,4,6,115.06,-0.7,CH6O6P2,223,21026,1,3,5,5,True,True,cuda,NVIDIA GeForce RTX 4070 Laptop GPU
2026-05-02T15:15:15.772942,7EBG_J0L_ligand_start_conf__Orai1WT-MDSnap-Fr400_cleaned,Orai1WT-MDSnap-Fr400_cleaned,7EBG_J0L_ligand_start_conf,success,,20.35,35,15,15,5,0,190.25,14,28,4,2,1,2,2,41.13,1.96,C11H14N2O,223,21026,1,3,5,5,True,True,cuda,NVIDIA GeForce RTX 4070 Laptop GPU
2026-05-02T15:15:15.774536,7ECR_SIN_ligand_start_conf__Orai1WT-MDSnap-Fr400_cleaned,Orai1WT-MDSnap-Fr400_cleaned,7ECR_SIN_ligand_start_conf,success,,15.21,35,15,15,5,0,118.09,8,14,3,0,0,2,4,74.6,-0.06,C4H6O4,223,21026,1,3,5,5,True,True,cuda,NVIDIA GeForce RTX 4070 Laptop GPU
2026-05-02T15:15:15.776156,7ED2_A3P_ligand_start_conf__Orai1WT-MDSnap-Fr400_cleaned,Orai1WT-MDSnap-Fr400_cleaned,7ED2_A3P_ligand_start_conf,success,,27.87,35,15,15,5,0,427.2,27,42,12,3,2,6,15,232.6,-1.75,C10H15N5O10P2,223,21026,1,3,5,5,True,True,cuda,NVIDIA GeForce RTX 4070 Laptop GPU
2026-05-02T15:15:15.777596,7ELT_TYM_ligand_start_conf__Orai1WT-MDSnap-Fr400_cleaned,Orai1WT-MDSnap-Fr400_cleaned,7ELT_TYM_ligand_start_conf,success,,34.72,35,15,15,5,0,533.44,37,61,13,5,4,6,14,233.95,-0.26,C21H24N7O8P,223,21026,1,3,5,5,True,True,cuda,NVIDIA GeForce RTX 4070 Laptop GPU
2026-05-02T15:15:15.779617,7EN7_J79_ligand_start_conf__Orai1WT-MDSnap-Fr400_cleaned,Orai1WT-MDSnap-Fr400_cleaned,7EN7_J79_ligand_start_conf,success,,31.34,35,15,15,5,0,373.25,24,44,13,1,0,6,11,192.08,-2.46,C11H20NO11P,223,21026,1,3,5,5,True,True,cuda,NVIDIA GeForce RTX 4070 Laptop GPU
2026-05-02T15:15:15.781226,7EPV_FDA_ligand_start_conf__Orai1WT-MDSnap-Fr400_cleaned,Orai1WT-MDSnap-Fr400_cleaned,7EPV_FDA_ligand_start_conf,success,,50.69,35,15,15,5,0,787.57,53,88,23,6,4,11,22,363.28,-1.75,C27H35N9O15P2,223,21026,1,3,5,5,True,True,cuda,NVIDIA GeForce RTX 4070 Laptop GPU
2026-05-02T15:15:15.782670,7ES1_UDP_ligand_start_conf__Orai1WT-MDSnap-Fr400_cleaned,Orai1WT-MDSnap-Fr400_cleaned,7ES1_UDP_ligand_start_conf,success,,25.74,35,15,15,5,0,404.16,25,39,11,2,1,6,13,217.84,-2.62,C9H14N2O12P2,223,21026,1,3,5,5,True,True,cuda,NVIDIA GeForce RTX 4070 Laptop GPU
2026-05-02T15:15:15.784001,7F51_BA7_ligand_start_conf__Orai1WT-MDSnap-Fr400_cleaned,Orai1WT-MDSnap-Fr400_cleaned,7F51_BA7_ligand_start_conf,success,,37.84,35,15,15,5,0,663.43,44,71,18,5,3,7,20,297.59,-1.42,C22H27N5O15P2,223,21026,1,3,5,5,True,True,cuda,NVIDIA GeForce RTX 4070 Laptop GPU
2026-05-02T15:15:15.785471,7F5D_EUO_ligand_start_conf__Orai1WT-MDSnap-Fr400_cleaned,Orai1WT-MDSnap-Fr400_cleaned,7F5D_EUO_ligand_start_conf,success,,22.93,35,15,15,5,0,302.36,21,35,5,3,3,2,5,87.74,2.07,C14H14N4O2S,223,21026,1,3,5,5,True,True,cuda,NVIDIA GeForce RTX 4070 Laptop GPU
2026-05-02T15:15:15.786954,7F8T_FAD_ligand_start_conf__Orai1WT-MDSnap-Fr400_cleaned,Orai1WT-MDSnap-Fr400_cleaned,7F8T_FAD_ligand_start_conf,success,,50.27,35,15,15,5,0,785.56,53,86,23,6,3,9,23,362.93,-2.42,C27H33N9O15P2,223,21026,1,3,5,5,True,True,cuda,NVIDIA GeForce RTX 4070 Laptop GPU
2026-05-02T15:15:15.788278,7FB7_8NF_ligand_start_conf__Orai1WT-MDSnap-Fr400_cleaned,Orai1WT-MDSnap-Fr400_cleaned,7FB7_8NF_ligand_start_conf,success,,12.87,35,15,15,5,0,122.17,9,19,3,1,1,1,2,38.91,1.28,C7H10N2,223,21026,1,3,5,5,True,True,cuda,NVIDIA GeForce RTX 4070 Laptop GPU
2026-05-02T15:15:15.789544,7FHA_ADX_ligand_start_conf__Orai1WT-MDSnap-Fr400_cleaned,Orai1WT-MDSnap-Fr400_cleaned,7FHA_ADX_ligand_start_conf,success,,25.8,35,15,15,5,0,427.29,27,41,11,3,2,5,15,229.44,-2.04,C10H14N5O10PS,223,21026,1,3,5,5,True,True,cuda,NVIDIA GeForce RTX 4070 Laptop GPU
2026-05-02T15:15:15.790821,7FRX_O88_ligand_start_conf__Orai1WT-MDSnap-Fr400_cleaned,Orai1WT-MDSnap-Fr400_cleaned,7FRX_O88_ligand_start_conf,success,,26.95,35,15,15,5,0,451.48,30,47,10,3,3,5,8,161.23,1.82,C19H17NO8S2,223,21026,1,3,5,5,True,True,cuda,NVIDIA GeForce RTX 4070 Laptop GPU
2026-05-02T15:15:15.792286,7FT9_4MB_ligand_start_conf__Orai1WT-MDSnap-Fr400_cleaned,Orai1WT-MDSnap-Fr400_cleaned,7FT9_4MB_ligand_start_conf,success,,16.52,35,15,15,5,0,215.23,14,23,4,1,1,2,4,83.47,0.76,C8H9NO4S,223,21026,1,3,5,5,True,True,cuda,NVIDIA GeForce RTX 4070 Laptop GPU
2026-05-02T15:15:15.793563,7JG0_GAR_ligand_start_conf__Orai1WT-MDSnap-Fr400_cleaned,Orai1WT-MDSnap-Fr400_cleaned,7JG0_GAR_ligand_start_conf,success,,24.19,35,15,15,5,0,284.16,18,31,8,1,0,4,9,177.23,-4.65,C7H13N2O8P-2,223,21026,1,3,5,5,True,True,cuda,NVIDIA GeForce RTX 4070 Laptop GPU
2026-05-02T15:15:15.794876,7JGW_V9S_ligand_start_conf__Orai1WT-MDSnap-Fr400_cleaned,Orai1WT-MDSnap-Fr400_cleaned,7JGW_V9S_ligand_start_conf,success,,36.8,35,15,15,5,0,617.73,45,76,11,6,5,3,9,125.8,6.61,C35H31N5O4S,223,21026,1,3,5,5,True,True,cuda,NVIDIA GeForce RTX 4070 Laptop GPU
2026-05-02T15:15:15.796241,7JHQ_VAJ_ligand_start_conf__Orai1WT-MDSnap-Fr400_cleaned,Orai1WT-MDSnap-Fr400_cleaned,7JHQ_VAJ_ligand_start_conf,success,,14.09,35,15,15,5,0,242.23,18,28,3,2,2,2,4,74.6,2.75,C14H10O4,223,21026,1,3,5,5,True,True,cuda,NVIDIA GeForce RTX 4070 Laptop GPU
2026-05-02T15:15:15.797625,7JMV_4NC_ligand_start_conf__Orai1WT-MDSnap-Fr400_cleaned,Orai1WT-MDSnap-Fr400_cleaned,7JMV_4NC_ligand_start_conf,success,,10.21,35,15,15,5,0,155.11,11,16,3,1,1,2,4,83.6,1.01,C6H5NO4,223,21026,1,3,5,5,True,True,cuda,NVIDIA GeForce RTX 4070 Laptop GPU
2026-05-02T15:15:15.798948,7JNB_A2G_ligand_start_conf__Orai1WT-MDSnap-Fr400_cleaned,Orai1WT-MDSnap-Fr400_cleaned,7JNB_A2G_ligand_start_conf,success,,22.41,35,15,15,5,0,221.21,15,30,7,1,0,5,6,119.25,-3.08,C8H15NO6,223,21026,1,3,5,5,True,True,cuda,NVIDIA GeForce RTX 4070 Laptop GPU
2026-05-02T15:15:15.800212,7JR8_VH7_ligand_start_conf__Orai1WT-MDSnap-Fr400_cleaned,Orai1WT-MDSnap-Fr400_cleaned,7JR8_VH7_ligand_start_conf,success,,29.18,35,15,15,5,0,377.49,28,55,7,4,3,2,4,66.63,4.06,C23H27N3O2,223,21026,1,3,5,5,True,True,cuda,NVIDIA GeForce RTX 4070 Laptop GPU
2026-05-02T15:15:15.801444,7JUD_MMA_ligand_start_conf__Orai1WT-MDSnap-Fr400_cleaned,Orai1WT-MDSnap-Fr400_cleaned,7JUD_MMA_ligand_start_conf,success,,19.45,35,15,15,5,0,194.18,13,27,7,1,0,4,6,99.38,-2.57,C7H14O6,223,21026,1,3,5,5,True,True,cuda,NVIDIA GeForce RTX 4070 Laptop GPU
2026-05-02T15:15:15.802670,7JXX_VP7_ligand_start_conf__Orai1WT-MDSnap-Fr400_cleaned,Orai1WT-MDSnap-Fr400_cleaned,7JXX_VP7_ligand_start_conf,success,,22.19,35,15,15,5,0,332.41,25,45,4,4,3,3,4,87.82,2.82,C20H20N4O,223,21026,1,3,5,5,True,True,cuda,NVIDIA GeForce RTX 4070 Laptop GPU
2026-05-02T15:15:15.804018,7JY3_VUD_ligand_start_conf__Orai1WT-MDSnap-Fr400_cleaned,Orai1WT-MDSnap-Fr400_cleaned,7JY3_VUD_ligand_start_conf,success,,21.76,35,15,15,5,0,365.37,27,43,6,4,4,2,6,98.82,2.97,C19H16FN5O2,223,21026,1,3,5,5,True,True,cuda,NVIDIA GeForce RTX 4070 Laptop GPU
2026-05-02T15:15:15.805321,7K0V_VQP_ligand_start_conf__Orai1WT-MDSnap-Fr400_cleaned,Orai1WT-MDSnap-Fr400_cleaned,7K0V_VQP_ligand_start_conf,success,,39.05,35,15,15,5,0,443.5,32,59,7,3,3,3,5,88.05,4.82,C23H27F2N5O2,223,21026,1,3,5,5,True,True,cuda,NVIDIA GeForce RTX 4070 Laptop GPU
2026-05-02T15:15:15.806706,7K41_VUA_ligand_start_conf__Orai1WT-MDSnap-Fr400_cleaned,Orai1WT-MDSnap-Fr400_cleaned,7K41_VUA_ligand_start_conf,success,,25.1,35,15,15,5,0,296.42,22,46,6,3,2,1,4,41.05,3.37,C18H24N4,223,21026,1,3,5,5,True,True,cuda,NVIDIA GeForce RTX 4070 Laptop GPU
2026-05-02T15:15:15.807988,7KB1_WBJ_ligand_start_conf__Orai1WT-MDSnap-Fr400_cleaned,Orai1WT-MDSnap-Fr400_cleaned,7KB1_WBJ_ligand_start_conf,success,,25.49,35,15,15,5,0,330.23,22,37,11,1,1,4,9,149.54,0.92,C12H15N2O7P,223,21026,1,3,5,5,True,True,cuda,NVIDIA GeForce RTX 4070 Laptop GPU
2026-05-02T15:15:15.809229,7KC5_BJZ_ligand_start_conf__Orai1WT-MDSnap-Fr400_cleaned,Orai1WT-MDSnap-Fr400_cleaned,7KC5_BJZ_ligand_start_conf,success,,23.94,35,15,15,5,0,536.38,37,56,5,5,3,1,7,117.84,4.4,C26H19Cl2N5O4,223,21026,1,3,5,5,True,True,cuda,NVIDIA GeForce RTX 4070 Laptop GPU
2026-05-02T15:15:15.810861,7KFO_IAC_ligand_start_conf__Orai1WT-MDSnap-Fr400_cleaned,Orai1WT-MDSnap-Fr400_cleaned,7KFO_IAC_ligand_start_conf,success,,12.51,35,15,15,5,0,175.19,13,22,2,2,2,2,2,53.09,1.79,C10H9NO2,223,21026,1,3,5,5,True,True,cuda,NVIDIA GeForce RTX 4070 Laptop GPU
2026-05-02T15:15:15.812225,7KLX_WOV_ligand_start_conf__Orai1WT-MDSnap-Fr400_cleaned,Orai1WT-MDSnap-Fr400_cleaned,7KLX_WOV_ligand_start_conf,success,,19.76,35,15,15,5,0,231.25,17,30,5,2,2,2,4,62.46,2.5,C13H13NO3,223,21026,1,3,5,5,True,True,cuda,NVIDIA GeForce RTX 4070 Laptop GPU
2026-05-02T15:15:15.813464,7KM8_WPD_ligand_start_conf__Orai1WT-MDSnap-Fr400_cleaned,Orai1WT-MDSnap-Fr400_cleaned,7KM8_WPD_ligand_start_conf,success,,38.87,35,15,15,5,0,410.42,29,53,14,2,2,3,8,133.58,2.56,C19H24F2N4O4,223,21026,1,3,5,5,True,True,cuda,NVIDIA GeForce RTX 4070 Laptop GPU
2026-05-02T15:15:15.814703,7KP6_WTP_ligand_start_conf__Orai1WT-MDSnap-Fr400_cleaned,Orai1WT-MDSnap-Fr400_cleaned,7KP6_WTP_ligand_start_conf,success,,27.42,35,15,15,5,0,402.93,28,55,7,4,2,2,7,65.55,3.22,C20H27ClN6O,223,21026,1,3,5,5,True,True,cuda,NVIDIA GeForce RTX 4070 Laptop GPU
2026-05-02T15:15:15.816090,7KQU_YOF_ligand_start_conf__Orai1WT-MDSnap-Fr400_cleaned,Orai1WT-MDSnap-Fr400_cleaned,7KQU_YOF_ligand_start_conf,success,,16.93,35,15,15,5,0,199.18,14,24,5,1,1,3,4,83.55,0.49,C9H10FNO3,223,21026,1,3,5,5,True,True,cuda,NVIDIA GeForce RTX 4070 Laptop GPU
2026-05-02T15:15:15.817569,7KRU_ATP_ligand_start_conf__Orai1WT-MDSnap-Fr400_cleaned,Orai1WT-MDSnap-Fr400_cleaned,7KRU_ATP_ligand_start_conf,success,,30.66,35,15,15,5,0,507.18,31,47,15,3,2,7,18,279.13,-1.63,C10H16N5O13P3,223,21026,1,3,5,5,True,True,cuda,NVIDIA GeForce RTX 4070 Laptop GPU
2026-05-02T15:15:15.818846,7KZ9_XN7_ligand_start_conf__Orai1WT-MDSnap-Fr400_cleaned,Orai1WT-MDSnap-Fr400_cleaned,7KZ9_XN7_ligand_start_conf,success,,22.68,35,15,15,5,0,162.19,11,25,8,0,0,4,4,81.59,-2.32,C6H14N2O3,223,21026,1,3,5,5,True,True,cuda,NVIDIA GeForce RTX 4070 Laptop GPU
2026-05-02T15:15:15.820076,7L00_XCJ_ligand_start_conf__Orai1WT-MDSnap-Fr400_cleaned,Orai1WT-MDSnap-Fr400_cleaned,7L00_XCJ_ligand_start_conf,success,,25.76,35,15,15,5,0,418.52,27,41,6,4,4,1,8,93.95,3.13,C17H14N4O3S3,223,21026,1,3,5,5,True,True,cuda,NVIDIA GeForce RTX 4070 Laptop GPU
2026-05-02T15:15:15.821302,7L03_F9F_ligand_start_conf__Orai1WT-MDSnap-Fr400_cleaned,Orai1WT-MDSnap-Fr400_cleaned,7L03_F9F_ligand_start_conf,success,,25.8,35,15,15,5,0,365.22,22,33,9,1,1,3,7,122.16,0.97,C9H11F3NO7PS,223,21026,1,3,5,5,True,True,cuda,NVIDIA GeForce RTX 4070 Laptop GPU
2026-05-02T15:15:15.822772,7L5F_XNG_ligand_start_conf__Orai1WT-MDSnap-Fr400_cleaned,Orai1WT-MDSnap-Fr400_cleaned,7L5F_XNG_ligand_start_conf,success,,45.74,35,15,15,5,0,257.37,18,45,13,0,0,2,3,66.4,3.11,C14H27NO3,223,21026,1,3,5,5,True,True,cuda,NVIDIA GeForce RTX 4070 Laptop GPU
2026-05-02T15:15:15.824201,7L6D_BMF_ligand_start_conf__Orai1WT-MDSnap-Fr400_cleaned,Orai1WT-MDSnap-Fr400_cleaned,7L6D_BMF_ligand_start_conf,success,,31.06,35,15,15,5,0,404.45,28,48,9,3,3,2,8,127.58,2.35,C17H20N6O4S,223,21026,1,3,5,5,True,True,cuda,NVIDIA GeForce RTX 4070 Laptop GPU
2026-05-02T15:15:15.825562,7L7C_XQ1_ligand_start_conf__Orai1WT-MDSnap-Fr400_cleaned,Orai1WT-MDSnap-Fr400_cleaned,7L7C_XQ1_ligand_start_conf,success,,20.36,35,15,15,5,0,282.29,21,35,5,3,3,1,4,59.67,3.74,C17H14O4,223,21026,1,3,5,5,True,True,cuda,NVIDIA GeForce RTX 4070 Laptop GPU
2026-05-02T15:15:15.826834,7L81_UD4_ligand_start_conf__Orai1WT-MDSnap-Fr400_cleaned,Orai1WT-MDSnap-Fr400_cleaned,7L81_UD4_ligand_start_conf,success,,40.1,35,15,15,5,0,590.37,38,66,17,3,1,8,17,291.42,-3.66,C17H28N4O15P2,223,21026,1,3,5,5,True,True,cuda,NVIDIA GeForce RTX 4070 Laptop GPU
2026-05-02T15:15:15.828166,7LB3_XXS_ligand_start_conf__Orai1WT-MDSnap-Fr400_cleaned,Orai1WT-MDSnap-Fr400_cleaned,7LB3_XXS_ligand_start_conf,success,,27.75,35,15,15,5,0,412.52,29,53,6,5,3,2,7,107.85,2.91,C20H24N6O2S,223,21026,1,3,5,5,True,True,cuda,NVIDIA GeForce RTX 4070 Laptop GPU
2026-05-02T15:15:15.829574,7LCU_XTA_ligand_start_conf__Orai1WT-MDSnap-Fr400_cleaned,Orai1WT-MDSnap-Fr400_cleaned,7LCU_XTA_ligand_start_conf,success,,32.52,35,15,15,5,0,571.51,39,71,9,5,3,1,9,94.92,5.08,C28H32Cl2N6O3,223,21026,1,3,5,5,True,True,cuda,NVIDIA GeForce RTX 4070 Laptop GPU
2026-05-02T15:15:15.830815,7LEV_0JO_ligand_start_conf__Orai1WT-MDSnap-Fr400_cleaned,Orai1WT-MDSnap-Fr400_cleaned,7LEV_0JO_ligand_start_conf,success,,24.26,35,15,15,5,0,316.21,21,34,10,1,1,4,9,149.54,0.72,C11H13N2O7P,223,21026,1,3,5,5,True,True,cuda,NVIDIA GeForce RTX 4070 Laptop GPU
2026-05-02T15:15:15.832083,7LJN_GTP_ligand_start_conf__Orai1WT-MDSnap-Fr400_cleaned,Orai1WT-MDSnap-Fr400_cleaned,7LJN_GTP_ligand_start_conf,success,,30.57,35,15,15,5,0,523.18,32,48,15,3,2,8,18,299.1,-2.34,C10H16N5O14P3,223,21026,1,3,5,5,True,True,cuda,NVIDIA GeForce RTX 4070 Laptop GPU
2026-05-02T15:15:15.833385,7LMO_NYO_ligand_start_conf__Orai1WT-MDSnap-Fr400_cleaned,Orai1WT-MDSnap-Fr400_cleaned,7LMO_NYO_ligand_start_conf,success,,38.31,35,15,15,5,0,506.56,37,67,10,5,3,2,7,131.85,2.05,C26H30N6O5,223,21026,1,3,5,5,True,True,cuda,NVIDIA GeForce RTX 4070 Laptop GPU
2026-05-02T15:15:15.835116,7LOE_Y84_ligand_start_conf__Orai1WT-MDSnap-Fr400_cleaned,Orai1WT-MDSnap-Fr400_cleaned,7LOE_Y84_ligand_start_conf,success,,8.2,35,15,15,5,0,146.16,11,18,0,2,2,0,0,0.0,2.98,C10H7F,223,21026,1,3,5,5,True,True,cuda,NVIDIA GeForce RTX 4070 Laptop GPU
2026-05-02T15:15:15.836586,7LOU_IFM_ligand_start_conf__Orai1WT-MDSnap-Fr400_cleaned,Orai1WT-MDSnap-Fr400_cleaned,7LOU_IFM_ligand_start_conf,success,,14.06,35,15,15,5,0,147.17,10,23,4,1,0,4,4,72.72,-2.08,C6H13NO3,223,21026,1,3,5,5,True,True,cuda,NVIDIA GeForce RTX 4070 Laptop GPU
2026-05-02T15:15:15.838169,7LT0_ONJ_ligand_start_conf__Orai1WT-MDSnap-Fr400_cleaned,Orai1WT-MDSnap-Fr400_cleaned,7LT0_ONJ_ligand_start_conf,success,,23.37,35,15,15,5,0,375.49,27,48,6,4,3,1,3,40.54,5.32,C23H21NO2S,223,21026,1,3,5,5,True,True,cuda,NVIDIA GeForce RTX 4070 Laptop GPU
2026-05-02T15:15:15.839712,7LZD_YHY_ligand_start_conf__Orai1WT-MDSnap-Fr400_cleaned,Orai1WT-MDSnap-Fr400_cleaned,7LZD_YHY_ligand_start_conf,success,,29.75,35,15,15,5,0,394.49,29,56,7,4,3,2,3,51.37,4.4,C23H27FN4O,223,21026,1,3,5,5,True,True,cuda,NVIDIA GeForce RTX 4070 Laptop GPU
2026-05-02T15:15:15.841114,7LZQ_YJV_ligand_start_conf__Orai1WT-MDSnap-Fr400_cleaned,Orai1WT-MDSnap-Fr400_cleaned,7LZQ_YJV_ligand_start_conf,success,,21.15,35,15,15,5,0,316.75,22,35,4,3,3,1,5,68.92,2.03,C15H13ClN4O2,223,21026,1,3,5,5,True,True,cuda,NVIDIA GeForce RTX 4070 Laptop GPU
2026-05-02T15:15:15.842630,7M31_TDR_ligand_start_conf__Orai1WT-MDSnap-Fr400_cleaned,Orai1WT-MDSnap-Fr400_cleaned,7M31_TDR_ligand_start_conf,success,,9.31,35,15,15,5,0,126.11,9,15,1,1,1,2,2,65.72,-0.63,C5H6N2O2,223,21026,1,3,5,5,True,True,cuda,NVIDIA GeForce RTX 4070 Laptop GPU
2026-05-02T15:15:15.843880,7M3H_YPV_ligand_start_conf__Orai1WT-MDSnap-Fr400_cleaned,Orai1WT-MDSnap-Fr400_cleaned,7M3H_YPV_ligand_start_conf,success,,30.58,35,15,15,5,0,349.41,24,43,9,2,2,3,5,103.7,3.23,C17H19NO5S,223,21026,1,3,5,5,True,True,cuda,NVIDIA GeForce RTX 4070 Laptop GPU
2026-05-02T15:15:15.845123,7M41_YQG_ligand_start_conf__Orai1WT-MDSnap-Fr400_cleaned,Orai1WT-MDSnap-Fr400_cleaned,7M41_YQG_ligand_start_conf,success,,24.54,35,15,15,5,0,469.91,32,48,6,5,5,3,7,137.9,3.03,C20H16ClN7O3S,223,21026,1,3,5,5,True,True,cuda,NVIDIA GeForce RTX 4070 Laptop GPU
2026-05-02T15:15:15.846660,7M6K_YRJ_ligand_start_conf__Orai1WT-MDSnap-Fr400_cleaned,Orai1WT-MDSnap-Fr400_cleaned,7M6K_YRJ_ligand_start_conf,success,,34.08,35,15,15,5,0,485.37,33,55,12,3,2,6,10,204.6,-0.07,C18H22N4O10P+,223,21026,1,3,5,5,True,True,cuda,NVIDIA GeForce RTX 4070 Laptop GPU
2026-05-02T15:15:15.847980,7MAE_XUS_ligand_start_conf__Orai1WT-MDSnap-Fr400_cleaned,Orai1WT-MDSnap-Fr400_cleaned,7MAE_XUS_ligand_start_conf,success,,66.2,35,15,15,5,0,727.81,49,99,25,4,2,3,12,185.18,4.37,C33H50N3O11PS,223,21026,1,3,5,5,True,True,cuda,NVIDIA GeForce RTX 4070 Laptop GPU
2026-05-02T15:15:15.849257,7MEU_MGP_ligand_start_conf__Orai1WT-MDSnap-Fr400_cleaned,Orai1WT-MDSnap-Fr400_cleaned,7MEU_MGP_ligand_start_conf,success,,32.59,35,15,15,5,0,538.22,33,52,16,3,2,8,17,290.09,-2.91,C11H19N5O14P3+,223,21026,1,3,5,5,True,True,cuda,NVIDIA GeForce RTX 4070 Laptop GPU
2026-05-02T15:15:15.850564,7MFP_Z7P_ligand_start_conf__Orai1WT-MDSnap-Fr400_cleaned,Orai1WT-MDSnap-Fr400_cleaned,7MFP_Z7P_ligand_start_conf,success,,45.38,35,15,15,5,0,778.45,50,83,24,4,2,10,23,368.77,-2.62,C23H33N4O20P3,223,21026,1,3,5,5,True,True,cuda,NVIDIA GeForce RTX 4070 Laptop GPU
2026-05-02T15:15:15.851859,7MGT_ZD4_ligand_start_conf__Orai1WT-MDSnap-Fr400_cleaned,Orai1WT-MDSnap-Fr400_cleaned,7MGT_ZD4_ligand_start_conf,success,,27.58,35,15,15,5,0,461.65,28,42,12,3,2,6,15,232.6,-1.09,C10H14ClN5O10P2,223,21026,1,3,5,5,True,True,cuda,NVIDIA GeForce RTX 4070 Laptop GPU
2026-05-02T15:15:15.853294,7MGY_ZD1_ligand_start_conf__Orai1WT-MDSnap-Fr400_cleaned,Orai1WT-MDSnap-Fr400_cleaned,7MGY_ZD1_ligand_start_conf,success,,27.66,35,15,15,5,0,337.32,23,46,12,2,0,8,10,186.09,-4.85,C13H23NO9,223,21026,1,3,5,5,True,True,cuda,NVIDIA GeForce RTX 4070 Laptop GPU
2026-05-02T15:15:15.854589,7MMH_ZJY_ligand_start_conf__Orai1WT-MDSnap-Fr400_cleaned,Orai1WT-MDSnap-Fr400_cleaned,7MMH_ZJY_ligand_start_conf,success,,46.19,35,15,15,5,0,820.89,57,104,12,7,2,3,11,195.22,4.13,C38H47F3N6O9S,223,21026,1,3,5,5,True,True,cuda,NVIDIA GeForce RTX 4070 Laptop GPU
2026-05-02T15:15:15.855953,7MOI_HPS_ligand_start_conf__Orai1WT-MDSnap-Fr400_cleaned,Orai1WT-MDSnap-Fr400_cleaned,7MOI_HPS_ligand_start_conf,success,,11.83,35,15,15,5,0,174.09,11,18,4,1,1,2,4,66.76,1.16,C6H7O4P,223,21026,1,3,5,5,True,True,cuda,NVIDIA GeForce RTX 4070 Laptop GPU
2026-05-02T15:15:15.857243,7MRH_ZMJ_ligand_start_conf__Orai1WT-MDSnap-Fr400_cleaned,Orai1WT-MDSnap-Fr400_cleaned,7MRH_ZMJ_ligand_start_conf,success,,25.07,35,15,15,5,0,342.42,24,42,6,3,3,1,4,68.17,2.97,C18H18N2O3S,223,21026,1,3,5,5,True,True,cuda,NVIDIA GeForce RTX 4070 Laptop GPU
2026-05-02T15:15:15.858507,7MS7_ZQ1_ligand_start_conf__Orai1WT-MDSnap-Fr400_cleaned,Orai1WT-MDSnap-Fr400_cleaned,7MS7_ZQ1_ligand_start_conf,success,,27.34,35,15,15,5,0,437.9,29,49,6,3,2,2,6,116.67,2.12,C19H20ClN3O5S,223,21026,1,3,5,5,True,True,cuda,NVIDIA GeForce RTX 4070 Laptop GPU
2026-05-02T15:15:15.860044,7MSR_DCA_ligand_start_conf__Orai1WT-MDSnap-Fr400_cleaned,Orai1WT-MDSnap-Fr400_cleaned,7MSR_DCA_ligand_start_conf,success,,57.62,35,15,15,5,0,735.47,47,83,27,3,2,9,21,346.56,-1.58,C21H36N7O16P3,223,21026,1,3,5,5,True,True,cuda,NVIDIA GeForce RTX 4070 Laptop GPU
2026-05-02T15:15:15.861534,7MWN_WI5_ligand_start_conf__Orai1WT-MDSnap-Fr400_cleaned,Orai1WT-MDSnap-Fr400_cleaned,7MWN_WI5_ligand_start_conf,success,,26.11,35,15,15,5,0,426.52,32,58,5,6,4,0,5,43.7,4.6,C27H26N2O3,223,21026,1,3,5,5,True,True,cuda,NVIDIA GeForce RTX 4070 Laptop GPU
2026-05-02T15:15:15.862834,7MWU_ZPM_ligand_start_conf__Orai1WT-MDSnap-Fr400_cleaned,Orai1WT-MDSnap-Fr400_cleaned,7MWU_ZPM_ligand_start_conf,success,,10.14,35,15,15,5,0,100.12,7,15,1,1,0,1,2,37.3,0.87,C5H8O2,223,21026,1,3,5,5,True,True,cuda,NVIDIA GeForce RTX 4070 Laptop GPU
2026-05-02T15:15:15.864158,7MY1_IPE_ligand_start_conf__Orai1WT-MDSnap-Fr400_cleaned,Orai1WT-MDSnap-Fr400_cleaned,7MY1_IPE_ligand_start_conf,success,,20.62,35,15,15,5,0,246.09,14,26,10,0,0,3,7,113.29,1.18,C5H12O7P2,223,21026,1,3,5,5,True,True,cuda,NVIDIA GeForce RTX 4070 Laptop GPU
2026-05-02T15:15:15.865685,7MYU_ZR7_ligand_start_conf__Orai1WT-MDSnap-Fr400_cleaned,Orai1WT-MDSnap-Fr400_cleaned,7MYU_ZR7_ligand_start_conf,success,,25.86,35,15,15,5,0,498.52,35,55,6,5,3,2,10,131.51,2.2,C22H20F2N8O2S,223,21026,1,3,5,5,True,True,cuda,NVIDIA GeForce RTX 4070 Laptop GPU
2026-05-02T15:15:15.867096,7MZS_GLA_ligand_start_conf__Orai1WT-MDSnap-Fr400_cleaned,Orai1WT-MDSnap-Fr400_cleaned,7MZS_GLA_ligand_start_conf,success,,17.12,35,15,15,5,0,180.16,12,24,6,1,0,5,6,110.38,-3.22,C6H12O6,223,21026,1,3,5,5,True,True,cuda,NVIDIA GeForce RTX 4070 Laptop GPU
2026-05-02T15:15:15.868365,7N03_ZRP_ligand_start_conf__Orai1WT-MDSnap-Fr400_cleaned,Orai1WT-MDSnap-Fr400_cleaned,7N03_ZRP_ligand_start_conf,success,,37.51,35,15,15,5,0,376.5,28,56,11,3,3,3,4,66.05,5.33,C23H28N4O,223,21026,1,3,5,5,True,True,cuda,NVIDIA GeForce RTX 4070 Laptop GPU
2026-05-02T15:15:15.869636,7N4N_0BK_ligand_start_conf__Orai1WT-MDSnap-Fr400_cleaned,Orai1WT-MDSnap-Fr400_cleaned,7N4N_0BK_ligand_start_conf,success,,35.2,35,15,15,5,0,467.5,32,55,9,3,2,2,8,136.63,2.0,C20H23F2N5O4S,223,21026,1,3,5,5,True,True,cuda,NVIDIA GeForce RTX 4070 Laptop GPU
2026-05-02T15:15:15.870891,7N4W_P4V_ligand_start_conf__Orai1WT-MDSnap-Fr400_cleaned,Orai1WT-MDSnap-Fr400_cleaned,7N4W_P4V_ligand_start_conf,success,,22.75,35,15,15,5,0,355.43,26,51,8,4,2,0,5,40.16,3.38,C21H25NO4,223,21026,1,3,5,5,True,True,cuda,NVIDIA GeForce RTX 4070 Laptop GPU
2026-05-02T15:15:15.872336,7N6F_0I1_ligand_start_conf__Orai1WT-MDSnap-Fr400_cleaned,Orai1WT-MDSnap-Fr400_cleaned,7N6F_0I1_ligand_start_conf,success,,20.37,35,15,15,5,0,358.39,26,46,3,4,2,0,4,49.33,2.68,C19H20F2N4O,223,21026,1,3,5,5,True,True,cuda,NVIDIA GeForce RTX 4070 Laptop GPU
2026-05-02T15:15:15.873672,7N7B_T3F_ligand_start_conf__Orai1WT-MDSnap-Fr400_cleaned,Orai1WT-MDSnap-Fr400_cleaned,7N7B_T3F_ligand_start_conf,success,,36.03,35,15,15,5,0,547.35,35,62,16,3,1,7,16,262.32,-2.46,C16H27N3O14P2,223,21026,1,3,5,5,True,True,cuda,NVIDIA GeForce RTX 4070 Laptop GPU
2026-05-02T15:15:15.875022,7N7H_CTP_ligand_start_conf__Orai1WT-MDSnap-Fr400_cleaned,Orai1WT-MDSnap-Fr400_cleaned,7N7H_CTP_ligand_start_conf,success,,29.38,35,15,15,5,0,483.16,29,45,15,2,1,7,17,270.42,-2.21,C9H16N3O14P3,223,21026,1,3,5,5,True,True,cuda,NVIDIA GeForce RTX 4070 Laptop GPU
2026-05-02T15:15:15.876344,7NA4_1I9_ligand_start_conf__Orai1WT-MDSnap-Fr400_cleaned,Orai1WT-MDSnap-Fr400_cleaned,7NA4_1I9_ligand_start_conf,success,,37.58,35,15,15,5,0,537.06,38,71,11,6,4,1,8,111.72,6.36,C28H33ClN6O3,223,21026,1,3,5,5,True,True,cuda,NVIDIA GeForce RTX 4070 Laptop GPU
2026-05-02T15:15:15.877680,7NB4_U6Q_ligand_start_conf__Orai1WT-MDSnap-Fr400_cleaned,Orai1WT-MDSnap-Fr400_cleaned,7NB4_U6Q_ligand_start_conf,success,,31.89,35,15,15,5,0,451.98,31,53,9,4,4,2,6,75.11,5.99,C24H22ClN3O2S,223,21026,1,3,5,5,True,True,cuda,NVIDIA GeForce RTX 4070 Laptop GPU
2026-05-02T15:15:15.879019,7NF0_BYN_ligand_start_conf__Orai1WT-MDSnap-Fr400_cleaned,Orai1WT-MDSnap-Fr400_cleaned,7NF0_BYN_ligand_start_conf,success,,44.38,35,15,15,5,0,542.48,37,68,18,4,2,8,13,220.14,-0.13,C22H31N4O10P,223,21026,1,3,5,5,True,True,cuda,NVIDIA GeForce RTX 4070 Laptop GPU
2026-05-02T15:15:15.880258,7NF3_4LU_ligand_start_conf__Orai1WT-MDSnap-Fr400_cleaned,Orai1WT-MDSnap-Fr400_cleaned,7NF3_4LU_ligand_start_conf,success,,42.47,35,15,15,5,0,525.48,36,66,16,4,2,7,10,199.42,-0.09,C22H30N4O9P+,223,21026,1,3,5,5,True,True,cuda,NVIDIA GeForce RTX 4070 Laptop GPU
2026-05-02T15:15:15.881549,7NFB_GEN_ligand_start_conf__Orai1WT-MDSnap-Fr400_cleaned,Orai1WT-MDSnap-Fr400_cleaned,7NFB_GEN_ligand_start_conf,success,,13.93,35,15,15,5,0,270.24,20,30,4,3,3,3,5,90.9,2.58,C15H10O5,223,21026,1,3,5,5,True,True,cuda,NVIDIA GeForce RTX 4070 Laptop GPU
2026-05-02T15:15:15.882820,7NGW_UAW_ligand_start_conf__Orai1WT-MDSnap-Fr400_cleaned,Orai1WT-MDSnap-Fr400_cleaned,7NGW_UAW_ligand_start_conf,success,,20.56,35,15,15,5,0,234.3,17,35,3,2,1,2,2,52.57,2.66,C13H18N2O2,223,21026,1,3,5,5,True,True,cuda,NVIDIA GeForce RTX 4070 Laptop GPU
2026-05-02T15:15:15.884143,7NLK_UHK_ligand_start_conf__Orai1WT-MDSnap-Fr400_cleaned,Orai1WT-MDSnap-Fr400_cleaned,7NLK_UHK_ligand_start_conf,success,,30.17,35,15,15,5,0,237.37,16,35,8,1,1,2,2,29.1,3.28,C13H19NOS,223,21026,1,3,5,5,True,True,cuda,NVIDIA GeForce RTX 4070 Laptop GPU
2026-05-02T15:15:15.885520,7NLV_UJE_ligand_start_conf__Orai1WT-MDSnap-Fr400_cleaned,Orai1WT-MDSnap-Fr400_cleaned,7NLV_UJE_ligand_start_conf,success,,29.54,35,15,15,5,0,312.44,21,45,6,3,0,4,4,82.26,0.19,C14H24N4O2S,223,21026,1,3,5,5,True,True,cuda,NVIDIA GeForce RTX 4070 Laptop GPU
2026-05-02T15:15:15.886790,7NML_I7B_ligand_start_conf__Orai1WT-MDSnap-Fr400_cleaned,Orai1WT-MDSnap-Fr400_cleaned,7NML_I7B_ligand_start_conf,success,,17.43,35,15,15,5,0,285.73,16,24,5,1,1,3,5,146.34,-0.78,C6H8ClN3O4S2,223,21026,1,3,5,5,True,True,cuda,NVIDIA GeForce RTX 4070 Laptop GPU
2026-05-02T15:15:15.888132,7NP6_UK8_ligand_start_conf__Orai1WT-MDSnap-Fr400_cleaned,Orai1WT-MDSnap-Fr400_cleaned,7NP6_UK8_ligand_start_conf,success,,24.51,35,15,15,5,0,463.8,32,45,6,4,4,2,6,101.24,5.68,C21H13ClF3N3O4,223,21026,1,3,5,5,True,True,cuda,NVIDIA GeForce RTX 4070 Laptop GPU
2026-05-02T15:15:15.889383,7NPL_UKZ_ligand_start_conf__Orai1WT-MDSnap-Fr400_cleaned,Orai1WT-MDSnap-Fr400_cleaned,7NPL_UKZ_ligand_start_conf,success,,33.71,35,15,15,5,0,386.88,27,50,9,3,2,3,3,78.43,3.78,C21H23ClN2O3,223,21026,1,3,5,5,True,True,cuda,NVIDIA GeForce RTX 4070 Laptop GPU
2026-05-02T15:15:15.890932,7NR6_UO8_ligand_start_conf__Orai1WT-MDSnap-Fr400_cleaned,Orai1WT-MDSnap-Fr400_cleaned,7NR6_UO8_ligand_start_conf,success,,16.35,35,15,15,5,0,249.34,17,32,2,3,2,2,5,72.52,2.58,C11H15N5S,223,21026,1,3,5,5,True,True,cuda,NVIDIA GeForce RTX 4070 Laptop GPU
2026-05-02T15:15:15.892688,7NR8_UOE_ligand_start_conf__Orai1WT-MDSnap-Fr400_cleaned,Orai1WT-MDSnap-Fr400_cleaned,7NR8_UOE_ligand_start_conf,success,,42.09,35,15,15,5,0,635.17,45,84,12,6,3,3,10,136.05,2.73,C32H39ClN8O4,223,21026,1,3,5,5,True,True,cuda,NVIDIA GeForce RTX 4070 Laptop GPU
2026-05-02T15:15:15.894072,7NSW_HC4_ligand_start_conf__Orai1WT-MDSnap-Fr400_cleaned,Orai1WT-MDSnap-Fr400_cleaned,7NSW_HC4_ligand_start_conf,success,,11.94,35,15,15,5,0,164.16,12,20,3,1,1,2,3,57.53,1.49,C9H8O3,223,21026,1,3,5,5,True,True,cuda,NVIDIA GeForce RTX 4070 Laptop GPU
2026-05-02T15:15:15.895356,7NTG_F6R_ligand_start_conf__Orai1WT-MDSnap-Fr400_cleaned,Orai1WT-MDSnap-Fr400_cleaned,7NTG_F6R_ligand_start_conf,success,,29.5,35,15,15,5,0,260.13,16,29,13,0,0,6,9,164.75,-3.26,C6H13O9P,223,21026,1,3,5,5,True,True,cuda,NVIDIA GeForce RTX 4070 Laptop GPU
2026-05-02T15:15:15.896678,7NU0_DCL_ligand_start_conf__Orai1WT-MDSnap-Fr400_cleaned,Orai1WT-MDSnap-Fr400_cleaned,7NU0_DCL_ligand_start_conf,success,,22.89,35,15,15,5,0,117.19,8,23,7,0,0,2,2,46.25,0.35,C6H15NO,223,21026,1,3,5,5,True,True,cuda,NVIDIA GeForce RTX 4070 Laptop GPU
2026-05-02T15:15:15.897956,7NUT_GLP_ligand_start_conf__Orai1WT-MDSnap-Fr400_cleaned,Orai1WT-MDSnap-Fr400_cleaned,7NUT_GLP_ligand_start_conf,success,,23.14,35,15,15,5,0,259.15,16,30,9,1,0,6,9,162.7,-3.14,C6H14NO8P,223,21026,1,3,5,5,True,True,cuda,NVIDIA GeForce RTX 4070 Laptop GPU
2026-05-02T15:15:15.899217,7NXO_UU8_ligand_start_conf__Orai1WT-MDSnap-Fr400_cleaned,Orai1WT-MDSnap-Fr400_cleaned,7NXO_UU8_ligand_start_conf,success,,23.54,35,15,15,5,0,477.47,34,50,6,4,4,1,7,122.02,3.47,C24H16FN3O5S,223,21026,1,3,5,5,True,True,cuda,NVIDIA GeForce RTX 4070 Laptop GPU
2026-05-02T15:15:15.900524,7O0N_CDP_ligand_start_conf__Orai1WT-MDSnap-Fr400_cleaned,Orai1WT-MDSnap-Fr400_cleaned,7O0N_CDP_ligand_start_conf,success,,26.71,35,15,15,5,0,403.18,25,40,12,2,1,6,14,223.89,-2.33,C9H15N3O11P2,223,21026,1,3,5,5,True,True,cuda,NVIDIA GeForce RTX 4070 Laptop GPU
2026-05-02T15:15:15.901810,7O1T_5X8_ligand_start_conf__Orai1WT-MDSnap-Fr400_cleaned,Orai1WT-MDSnap-Fr400_cleaned,7O1T_5X8_ligand_start_conf,success,,29.47,35,15,15,5,0,370.39,25,43,10,3,2,5,12,182.63,-1.83,C13H18N6O5S,223,21026,1,3,5,5,True,True,cuda,NVIDIA GeForce RTX 4070 Laptop GPU
2026-05-02T15:15:15.903232,7OCB_V88_ligand_start_conf__Orai1WT-MDSnap-Fr400_cleaned,Orai1WT-MDSnap-Fr400_cleaned,7OCB_V88_ligand_start_conf,success,,48.09,35,15,15,5,0,561.78,41,88,18,5,3,2,9,78.02,4.68,C32H47N7O2,223,21026,1,3,5,5,True,True,cuda,NVIDIA GeForce RTX 4070 Laptop GPU
2026-05-02T15:15:15.904664,7ODX_DGP_ligand_start_conf__Orai1WT-MDSnap-Fr400_cleaned,Orai1WT-MDSnap-Fr400_cleaned,7ODX_DGP_ligand_start_conf,success,,23.8,35,15,15,5,0,347.22,23,37,8,3,2,5,11,185.81,-1.54,C10H14N5O7P,223,21026,1,3,5,5,True,True,cuda,NVIDIA GeForce RTX 4070 Laptop GPU
2026-05-02T15:15:15.906016,7ODY_DGI_ligand_start_conf__Orai1WT-MDSnap-Fr400_cleaned,Orai1WT-MDSnap-Fr400_cleaned,7ODY_DGI_ligand_start_conf,success,,27.05,35,15,15,5,0,427.2,27,42,11,3,2,6,14,232.34,-1.42,C10H15N5O10P2,223,21026,1,3,5,5,True,True,cuda,NVIDIA GeForce RTX 4070 Laptop GPU
2026-05-02T15:15:15.907274,7OEO_V9Z_ligand_start_conf__Orai1WT-MDSnap-Fr400_cleaned,Orai1WT-MDSnap-Fr400_cleaned,7OEO_V9Z_ligand_start_conf,success,,37.74,35,15,15,5,0,430.55,32,62,12,3,3,1,3,58.64,4.33,C27H30N2O3,223,21026,1,3,5,5,True,True,cuda,NVIDIA GeForce RTX 4070 Laptop GPU
2026-05-02T15:15:15.908795,7OFF_VCB_ligand_start_conf__Orai1WT-MDSnap-Fr400_cleaned,Orai1WT-MDSnap-Fr400_cleaned,7OFF_VCB_ligand_start_conf,success,,23.5,35,15,15,5,0,357.36,27,42,4,4,3,2,4,83.47,3.45,C22H15NO4,223,21026,1,3,5,5,True,True,cuda,NVIDIA GeForce RTX 4070 Laptop GPU
2026-05-02T15:15:15.910181,7OFK_VCH_ligand_start_conf__Orai1WT-MDSnap-Fr400_cleaned,Orai1WT-MDSnap-Fr400_cleaned,7OFK_VCH_ligand_start_conf,success,,34.49,35,15,15,5,0,524.44,35,53,7,3,2,2,5,103.78,3.44,C21H18F6N2O5S,223,21026,1,3,5,5,True,True,cuda,NVIDIA GeForce RTX 4070 Laptop GPU
2026-05-02T15:15:15.911455,7OKC_VFE_ligand_start_conf__Orai1WT-MDSnap-Fr400_cleaned,Orai1WT-MDSnap-Fr400_cleaned,7OKC_VFE_ligand_start_conf,success,,31.11,35,15,15,5,0,429.93,29,49,9,3,3,1,6,80.12,2.79,C20H20ClN5O2S,223,21026,1,3,5,5,True,True,cuda,NVIDIA GeForce RTX 4070 Laptop GPU
2026-05-02T15:15:15.912726,7OKF_VH5_ligand_start_conf__Orai1WT-MDSnap-Fr400_cleaned,Orai1WT-MDSnap-Fr400_cleaned,7OKF_VH5_ligand_start_conf,success,,21.35,35,15,15,5,0,394.87,28,47,4,4,3,2,6,88.05,2.94,C20H19ClN6O,223,21026,1,3,5,5,True,True,cuda,NVIDIA GeForce RTX 4070 Laptop GPU
2026-05-02T15:15:15.914006,7OLI_8HG_ligand_start_conf__Orai1WT-MDSnap-Fr400_cleaned,Orai1WT-MDSnap-Fr400_cleaned,7OLI_8HG_ligand_start_conf,success,,20.53,35,15,15,5,0,283.24,20,33,5,3,2,5,8,159.25,-2.36,C10H13N5O5,223,21026,1,3,5,5,True,True,cuda,NVIDIA GeForce RTX 4070 Laptop GPU
2026-05-02T15:15:15.915738,7OLT_58J_ligand_start_conf__Orai1WT-MDSnap-Fr400_cleaned,Orai1WT-MDSnap-Fr400_cleaned,7OLT_58J_ligand_start_conf,success,,19.05,35,15,15,5,0,308.34,23,39,4,3,2,1,3,58.64,2.76,C18H16N2O3,223,21026,1,3,5,5,True,True,cuda,NVIDIA GeForce RTX 4070 Laptop GPU
2026-05-02T15:15:15.917131,7OMJ_GCP_ligand_start_conf__Orai1WT-MDSnap-Fr400_cleaned,Orai1WT-MDSnap-Fr400_cleaned,7OMJ_GCP_ligand_start_conf,success,,33.52,35,15,15,5,0,521.21,32,50,15,3,2,8,17,289.87,-2.22,C11H18N5O13P3,223,21026,1,3,5,5,True,True,cuda,NVIDIA GeForce RTX 4070 Laptop GPU
2026-05-02T15:15:15.918423,7OMX_CNA_ligand_start_conf__Orai1WT-MDSnap-Fr400_cleaned,Orai1WT-MDSnap-Fr400_cleaned,7OMX_CNA_ligand_start_conf,success,,39.11,35,15,15,5,0,662.47,44,74,18,5,3,8,18,309.03,-2.35,C22H30N7O13P2+,223,21026,1,3,5,5,True,True,cuda,NVIDIA GeForce RTX 4070 Laptop GPU
2026-05-02T15:15:15.919746,7OP9_06K_ligand_start_conf__Orai1WT-MDSnap-Fr400_cleaned,Orai1WT-MDSnap-Fr400_cleaned,7OP9_06K_ligand_start_conf,success,,7.29,35,15,15,5,0,189.01,11,13,0,2,2,1,3,54.46,1.66,C5H2Cl2N4,223,21026,1,3,5,5,True,True,cuda,NVIDIA GeForce RTX 4070 Laptop GPU
2026-05-02T15:15:15.921040,7OPG_06N_ligand_start_conf__Orai1WT-MDSnap-Fr400_cleaned,Orai1WT-MDSnap-Fr400_cleaned,7OPG_06N_ligand_start_conf,success,,23.23,35,15,15,5,0,274.35,19,33,6,3,3,2,6,62.45,2.99,C13H14N4OS,223,21026,1,3,5,5,True,True,cuda,NVIDIA GeForce RTX 4070 Laptop GPU
2026-05-02T15:15:15.922326,7ORW_7WA_ligand_start_conf__Orai1WT-MDSnap-Fr400_cleaned,Orai1WT-MDSnap-Fr400_cleaned,7ORW_7WA_ligand_start_conf,success,,9.6,35,15,15,5,0,133.15,10,17,1,2,2,2,2,54.7,1.15,C7H7N3,223,21026,1,3,5,5,True,True,cuda,NVIDIA GeForce RTX 4070 Laptop GPU
2026-05-02T15:15:15.923650,7OSO_0V1_ligand_start_conf__Orai1WT-MDSnap-Fr400_cleaned,Orai1WT-MDSnap-Fr400_cleaned,7OSO_0V1_ligand_start_conf,success,,17.18,35,15,15,5,0,106.12,7,17,6,0,0,3,3,60.69,-1.28,C4H10O3,223,21026,1,3,5,5,True,True,cuda,NVIDIA GeForce RTX 4070 Laptop GPU
2026-05-02T15:15:15.924941,7OU8_1XI_ligand_start_conf__Orai1WT-MDSnap-Fr400_cleaned,Orai1WT-MDSnap-Fr400_cleaned,7OU8_1XI_ligand_start_conf,success,,23.96,35,15,15,5,0,335.43,23,44,6,3,1,3,5,85.16,0.2,C16H21N3O3S,223,21026,1,3,5,5,True,True,cuda,NVIDIA GeForce RTX 4070 Laptop GPU
2026-05-02T15:15:15.926281,7OZ9_NGK_ligand_start_conf__Orai1WT-MDSnap-Fr400_cleaned,Orai1WT-MDSnap-Fr400_cleaned,7OZ9_NGK_ligand_start_conf,success,,24.39,35,15,15,5,0,301.27,19,34,9,1,0,5,9,162.62,-3.25,C8H15NO9S,223,21026,1,3,5,5,True,True,cuda,NVIDIA GeForce RTX 4070 Laptop GPU
2026-05-02T15:15:15.928204,7OZC_G6S_ligand_start_conf__Orai1WT-MDSnap-Fr400_cleaned,Orai1WT-MDSnap-Fr400_cleaned,7OZC_G6S_ligand_start_conf,success,,20.51,35,15,15,5,0,260.22,16,28,8,1,0,5,9,153.75,-3.39,C6H12O9S,223,21026,1,3,5,5,True,True,cuda,NVIDIA GeForce RTX 4070 Laptop GPU
2026-05-02T15:15:15.929752,7P1F_KFN_ligand_start_conf__Orai1WT-MDSnap-Fr400_cleaned,Orai1WT-MDSnap-Fr400_cleaned,7P1F_KFN_ligand_start_conf,success,,26.11,35,15,15,5,0,250.2,17,31,9,1,0,6,8,147.68,-3.21,C9H14O8,223,21026,1,3,5,5,True,True,cuda,NVIDIA GeForce RTX 4070 Laptop GPU
2026-05-02T15:15:15.931212,7P1M_4IU_ligand_start_conf__Orai1WT-MDSnap-Fr400_cleaned,Orai1WT-MDSnap-Fr400_cleaned,7P1M_4IU_ligand_start_conf,success,,25.07,35,15,15,5,0,334.33,24,42,8,3,2,3,8,114.04,0.42,C16H18N2O6,223,21026,1,3,5,5,True,True,cuda,NVIDIA GeForce RTX 4070 Laptop GPU
2026-05-02T15:15:15.932637,7P2I_MFU_ligand_start_conf__Orai1WT-MDSnap-Fr400_cleaned,Orai1WT-MDSnap-Fr400_cleaned,7P2I_MFU_ligand_start_conf,success,,18.74,35,15,15,5,0,178.18,12,26,6,1,0,3,5,79.15,-1.54,C7H14O5,223,21026,1,3,5,5,True,True,cuda,NVIDIA GeForce RTX 4070 Laptop GPU
2026-05-02T15:15:15.934334,7P2W_4QR_ligand_start_conf__Orai1WT-MDSnap-Fr400_cleaned,Orai1WT-MDSnap-Fr400_cleaned,7P2W_4QR_ligand_start_conf,success,,26.72,35,15,15,5,0,520.35,34,49,8,4,4,4,8,141.61,5.47,C22H15Cl2N3O6S,223,21026,1,3,5,5,True,True,cuda,NVIDIA GeForce RTX 4070 Laptop GPU
2026-05-02T15:15:15.935822,7P4C_5OV_ligand_start_conf__Orai1WT-MDSnap-Fr400_cleaned,Orai1WT-MDSnap-Fr400_cleaned,7P4C_5OV_ligand_start_conf,success,,18.26,35,15,15,5,0,255.25,16,29,5,2,0,5,7,136.32,-3.71,C7H13NO7S,223,21026,1,3,5,5,True,True,cuda,NVIDIA GeForce RTX 4070 Laptop GPU
2026-05-02T15:15:15.937190,7P4J_5JK_ligand_start_conf__Orai1WT-MDSnap-Fr400_cleaned,Orai1WT-MDSnap-Fr400_cleaned,7P4J_5JK_ligand_start_conf,success,,42.83,35,15,15,5,0,402.66,29,75,12,4,0,2,2,40.46,6.36,C27H46O2,223,21026,1,3,5,5,True,True,cuda,NVIDIA GeForce RTX 4070 Laptop GPU
2026-05-02T15:15:15.938436,7P4V_DAT_ligand_start_conf__Orai1WT-MDSnap-Fr400_cleaned,Orai1WT-MDSnap-Fr400_cleaned,7P4V_DAT_ligand_start_conf,success,,26.02,35,15,15,5,0,411.2,26,41,11,3,2,5,14,212.37,-0.72,C10H15N5O9P2,223,21026,1,3,5,5,True,True,cuda,NVIDIA GeForce RTX 4070 Laptop GPU
2026-05-02T15:15:15.939801,7P5T_5YG_ligand_start_conf__Orai1WT-MDSnap-Fr400_cleaned,Orai1WT-MDSnap-Fr400_cleaned,7P5T_5YG_ligand_start_conf,success,,24.94,35,15,15,5,0,304.39,23,43,7,3,3,1,3,34.15,4.29,C20H20N2O,223,21026,1,3,5,5,True,True,cuda,NVIDIA GeForce RTX 4070 Laptop GPU
2026-05-02T15:15:15.941206,7P85_5ZG_ligand_start_conf__Orai1WT-MDSnap-Fr400_cleaned,Orai1WT-MDSnap-Fr400_cleaned,7P85_5ZG_ligand_start_conf,success,,21.79,35,15,15,5,0,214.2,14,29,7,1,1,1,3,46.53,2.72,C10H15O3P,223,21026,1,3,5,5,True,True,cuda,NVIDIA GeForce RTX 4070 Laptop GPU
2026-05-02T15:15:15.942737,7PA4_C_ligand_start_conf__Orai1WT-MDSnap-Fr400_cleaned,Orai1WT-MDSnap-Fr400_cleaned,7PA4_C_ligand_start_conf,success,,25.32,35,15,15,5,0,323.2,21,35,9,2,1,5,11,177.36,-2.45,C9H14N3O8P,223,21026,1,3,5,5,True,True,cuda,NVIDIA GeForce RTX 4070 Laptop GPU
2026-05-02T15:15:15.944174,7PGX_FMN_ligand_start_conf__Orai1WT-MDSnap-Fr400_cleaned,Orai1WT-MDSnap-Fr400_cleaned,7PGX_FMN_ligand_start_conf,success,,37.73,35,15,15,5,0,456.35,31,52,14,3,1,6,12,208.09,-1.61,C17H21N4O9P,223,21026,1,3,5,5,True,True,cuda,NVIDIA GeForce RTX 4070 Laptop GPU
2026-05-02T15:15:15.945722,7PIH_7QW_ligand_start_conf__Orai1WT-MDSnap-Fr400_cleaned,Orai1WT-MDSnap-Fr400_cleaned,7PIH_7QW_ligand_start_conf,success,,21.38,35,15,15,5,0,319.41,24,45,5,4,3,2,4,62.38,3.14,C20H21N3O,223,21026,1,3,5,5,True,True,cuda,NVIDIA GeForce RTX 4070 Laptop GPU
2026-05-02T15:15:15.947169,7PJQ_OWH_ligand_start_conf__Orai1WT-MDSnap-Fr400_cleaned,Orai1WT-MDSnap-Fr400_cleaned,7PJQ_OWH_ligand_start_conf,success,,12.2,35,15,15,5,0,152.22,10,18,2,1,1,1,2,24.92,0.98,C7H8N2S,223,21026,1,3,5,5,True,True,cuda,NVIDIA GeForce RTX 4070 Laptop GPU
2026-05-02T15:15:15.948477,7PK0_BYC_ligand_start_conf__Orai1WT-MDSnap-Fr400_cleaned,Orai1WT-MDSnap-Fr400_cleaned,7PK0_BYC_ligand_start_conf,success,,62.7,35,15,15,5,0,871.65,56,96,29,4,3,9,23,363.63,-0.02,C28H40N7O17P3S,223,21026,1,3,5,5,True,True,cuda,NVIDIA GeForce RTX 4070 Laptop GPU
2026-05-02T15:15:15.949778,7PL1_SFG_ligand_start_conf__Orai1WT-MDSnap-Fr400_cleaned,Orai1WT-MDSnap-Fr400_cleaned,7PL1_SFG_ligand_start_conf,success,,36.25,35,15,15,5,0,381.39,27,50,12,3,2,6,12,208.65,-2.06,C15H23N7O5,223,21026,1,3,5,5,True,True,cuda,NVIDIA GeForce RTX 4070 Laptop GPU
2026-05-02T15:15:15.951177,7POM_7VZ_ligand_start_conf__Orai1WT-MDSnap-Fr400_cleaned,Orai1WT-MDSnap-Fr400_cleaned,7POM_7VZ_ligand_start_conf,success,,21.05,35,15,15,5,0,363.89,22,40,6,2,1,1,5,86.46,3.2,C14H18ClNO4S2,223,21026,1,3,5,5,True,True,cuda,NVIDIA GeForce RTX 4070 Laptop GPU
2026-05-02T15:15:15.952640,7PRI_7TI_ligand_start_conf__Orai1WT-MDSnap-Fr400_cleaned,Orai1WT-MDSnap-Fr400_cleaned,7PRI_7TI_ligand_start_conf,success,,18.72,35,15,15,5,0,380.66,20,28,6,1,1,3,5,146.34,0.91,C8H8Cl3N3O4S2,223,21026,1,3,5,5,True,True,cuda,NVIDIA GeForce RTX 4070 Laptop GPU
2026-05-02T15:15:15.954065,7PRM_81I_ligand_start_conf__Orai1WT-MDSnap-Fr400_cleaned,Orai1WT-MDSnap-Fr400_cleaned,7PRM_81I_ligand_start_conf,success,,23.28,35,15,15,5,0,433.48,32,56,4,5,3,0,4,57.0,3.65,C25H24FN3O3,223,21026,1,3,5,5,True,True,cuda,NVIDIA GeForce RTX 4070 Laptop GPU
2026-05-02T15:15:15.955397,7PT3_3KK_ligand_start_conf__Orai1WT-MDSnap-Fr400_cleaned,Orai1WT-MDSnap-Fr400_cleaned,7PT3_3KK_ligand_start_conf,success,,67.95,35,15,15,5,0,853.63,54,96,32,3,2,10,24,383.86,-1.56,C25H42N7O18P3S,223,21026,1,3,5,5,True,True,cuda,NVIDIA GeForce RTX 4070 Laptop GPU
2026-05-02T15:15:15.956761,7PUV_84Z_ligand_start_conf__Orai1WT-MDSnap-Fr400_cleaned,Orai1WT-MDSnap-Fr400_cleaned,7PUV_84Z_ligand_start_conf,success,,22.36,35,15,15,5,0,389.84,24,36,6,2,2,1,6,120.6,1.61,C14H12ClNO6S2,223,21026,1,3,5,5,True,True,cuda,NVIDIA GeForce RTX 4070 Laptop GPU
2026-05-02T15:15:15.958147,7Q19_DSM_ligand_start_conf__Orai1WT-MDSnap-Fr400_cleaned,Orai1WT-MDSnap-Fr400_cleaned,7Q19_DSM_ligand_start_conf,success,,23.74,35,15,15,5,0,266.39,20,42,5,3,2,1,2,15.27,3.53,C18H22N2,223,21026,1,3,5,5,True,True,cuda,NVIDIA GeForce RTX 4070 Laptop GPU
2026-05-02T15:15:15.959480,7Q25_8J9_ligand_start_conf__Orai1WT-MDSnap-Fr400_cleaned,Orai1WT-MDSnap-Fr400_cleaned,7Q25_8J9_ligand_start_conf,success,,49.38,35,15,15,5,0,456.54,33,65,16,2,2,5,7,135.96,2.74,C25H32N2O6,223,21026,1,3,5,5,True,True,cuda,NVIDIA GeForce RTX 4070 Laptop GPU
2026-05-02T15:15:15.960732,7Q27_8KC_ligand_start_conf__Orai1WT-MDSnap-Fr400_cleaned,Orai1WT-MDSnap-Fr400_cleaned,7Q27_8KC_ligand_start_conf,success,,50.84,35,15,15,5,0,479.58,35,68,15,3,3,5,6,131.52,3.51,C27H33N3O5,223,21026,1,3,5,5,True,True,cuda,NVIDIA GeForce RTX 4070 Laptop GPU
2026-05-02T15:15:15.962003,7Q2B_M6H_ligand_start_conf__Orai1WT-MDSnap-Fr400_cleaned,Orai1WT-MDSnap-Fr400_cleaned,7Q2B_M6H_ligand_start_conf,success,,15.09,35,15,15,5,0,162.24,12,26,2,2,1,2,2,24.06,0.75,C10H14N2,223,21026,1,3,5,5,True,True,cuda,NVIDIA GeForce RTX 4070 Laptop GPU
2026-05-02T15:15:15.963271,7Q5I_I0F_ligand_start_conf__Orai1WT-MDSnap-Fr400_cleaned,Orai1WT-MDSnap-Fr400_cleaned,7Q5I_I0F_ligand_start_conf,success,,30.01,35,15,15,5,0,377.4,27,50,11,2,1,5,8,146.28,-1.42,C18H23N3O6,223,21026,1,3,5,5,True,True,cuda,NVIDIA GeForce RTX 4070 Laptop GPU
2026-05-02T15:15:15.964812,7QE4_NGA_ligand_start_conf__Orai1WT-MDSnap-Fr400_cleaned,Orai1WT-MDSnap-Fr400_cleaned,7QE4_NGA_ligand_start_conf,success,,22.83,35,15,15,5,0,221.21,15,30,7,1,0,5,6,119.25,-3.08,C8H15NO6,223,21026,1,3,5,5,True,True,cuda,NVIDIA GeForce RTX 4070 Laptop GPU
2026-05-02T15:15:15.966397,7QF4_RBF_ligand_start_conf__Orai1WT-MDSnap-Fr400_cleaned,Orai1WT-MDSnap-Fr400_cleaned,7QF4_RBF_ligand_start_conf,success,,31.9,35,15,15,5,0,376.37,27,47,11,3,1,5,9,161.56,-1.72,C17H20N4O6,223,21026,1,3,5,5,True,True,cuda,NVIDIA GeForce RTX 4070 Laptop GPU
2026-05-02T15:15:15.967734,7QFM_AY3_ligand_start_conf__Orai1WT-MDSnap-Fr400_cleaned,Orai1WT-MDSnap-Fr400_cleaned,7QFM_AY3_ligand_start_conf,success,,16.12,35,15,15,5,0,265.27,20,31,2,3,2,2,3,66.4,2.88,C16H11NO3,223,21026,1,3,5,5,True,True,cuda,NVIDIA GeForce RTX 4070 Laptop GPU
2026-05-02T15:15:15.968972,7QGP_DJ8_ligand_start_conf__Orai1WT-MDSnap-Fr400_cleaned,Orai1WT-MDSnap-Fr400_cleaned,7QGP_DJ8_ligand_start_conf,success,,25.85,35,15,15,5,0,492.97,35,60,4,5,4,3,7,101.81,4.5,C25H25ClN6O3,223,21026,1,3,5,5,True,True,cuda,NVIDIA GeForce RTX 4070 Laptop GPU
2026-05-02T15:15:15.970315,7QHG_T3B_ligand_start_conf__Orai1WT-MDSnap-Fr400_cleaned,Orai1WT-MDSnap-Fr400_cleaned,7QHG_T3B_ligand_start_conf,success,,44.68,35,15,15,5,0,605.74,42,73,14,4,4,3,7,137.57,4.61,C30H31N5O5S2,223,21026,1,3,5,5,True,True,cuda,NVIDIA GeForce RTX 4070 Laptop GPU
2026-05-02T15:15:15.971885,7QHL_D5P_ligand_start_conf__Orai1WT-MDSnap-Fr400_cleaned,Orai1WT-MDSnap-Fr400_cleaned,7QHL_D5P_ligand_start_conf,success,,28.74,35,15,15,5,0,420.55,30,54,9,5,4,3,8,110.33,3.47,C21H24N8S,223,21026,1,3,5,5,True,True,cuda,NVIDIA GeForce RTX 4070 Laptop GPU
2026-05-02T15:15:15.973134,7QK0_EBL_ligand_start_conf__Orai1WT-MDSnap-Fr400_cleaned,Orai1WT-MDSnap-Fr400_cleaned,7QK0_EBL_ligand_start_conf,success,,30.76,35,15,15,5,0,547.01,38,67,7,6,3,3,9,104.54,4.15,C26H29ClF2N6O3,223,21026,1,3,5,5,True,True,cuda,NVIDIA GeForce RTX 4070 Laptop GPU
2026-05-02T15:15:15.974364,7QPP_VDX_ligand_start_conf__Orai1WT-MDSnap-Fr400_cleaned,Orai1WT-MDSnap-Fr400_cleaned,7QPP_VDX_ligand_start_conf,success,,43.69,35,15,15,5,0,416.65,30,74,13,3,0,3,3,60.69,5.7,C27H44O3,223,21026,1,3,5,5,True,True,cuda,NVIDIA GeForce RTX 4070 Laptop GPU
2026-05-02T15:15:15.975588,7QSW_CAP_ligand_start_conf__Orai1WT-MDSnap-Fr400_cleaned,Orai1WT-MDSnap-Fr400_cleaned,7QSW_CAP_ligand_start_conf,success,,34.13,35,15,15,5,0,356.11,21,35,16,0,0,8,13,231.51,-3.26,C6H14O13P2,223,21026,1,3,5,5,True,True,cuda,NVIDIA GeForce RTX 4070 Laptop GPU
2026-05-02T15:15:15.976904,7QTA_URI_ligand_start_conf__Orai1WT-MDSnap-Fr400_cleaned,Orai1WT-MDSnap-Fr400_cleaned,7QTA_URI_ligand_start_conf,success,,19.47,35,15,15,5,0,244.2,17,29,5,2,1,4,7,124.78,-2.85,C9H12N2O6,223,21026,1,3,5,5,True,True,cuda,NVIDIA GeForce RTX 4070 Laptop GPU
2026-05-02T15:15:15.978196,7R3D_APR_ligand_start_conf__Orai1WT-MDSnap-Fr400_cleaned,Orai1WT-MDSnap-Fr400_cleaned,7R3D_APR_ligand_start_conf,success,,34.65,35,15,15,5,0,559.32,36,59,17,4,2,8,19,291.52,-3.28,C15H23N5O14P2,223,21026,1,3,5,5,True,True,cuda,NVIDIA GeForce RTX 4070 Laptop GPU
2026-05-02T15:15:15.979444,7R59_I5F_ligand_start_conf__Orai1WT-MDSnap-Fr400_cleaned,Orai1WT-MDSnap-Fr400_cleaned,7R59_I5F_ligand_start_conf,success,,8.7,35,15,15,5,0,191.22,13,18,1,3,3,1,5,50.42,1.65,C8H5N3OS,223,21026,1,3,5,5,True,True,cuda,NVIDIA GeForce RTX 4070 Laptop GPU
2026-05-02T15:15:15.980815,7R6J_2I7_ligand_start_conf__Orai1WT-MDSnap-Fr400_cleaned,Orai1WT-MDSnap-Fr400_cleaned,7R6J_2I7_ligand_start_conf,success,,35.47,35,15,15,5,0,450.54,33,63,12,4,3,5,8,121.97,1.32,C25H30N4O4,223,21026,1,3,5,5,True,True,cuda,NVIDIA GeForce RTX 4070 Laptop GPU
2026-05-02T15:15:15.982074,7R7R_AWJ_ligand_start_conf__Orai1WT-MDSnap-Fr400_cleaned,Orai1WT-MDSnap-Fr400_cleaned,7R7R_AWJ_ligand_start_conf,success,,36.58,35,15,15,5,0,472.55,33,58,13,4,3,5,10,128.79,2.88,C22H25FN6O3S,223,21026,1,3,5,5,True,True,cuda,NVIDIA GeForce RTX 4070 Laptop GPU
2026-05-02T15:15:15.983852,7R9N_F97_ligand_start_conf__Orai1WT-MDSnap-Fr400_cleaned,Orai1WT-MDSnap-Fr400_cleaned,7R9N_F97_ligand_start_conf,success,,29.8,35,15,15,5,0,428.49,31,57,7,5,3,2,8,83.79,3.47,C21H26F2N8,223,21026,1,3,5,5,True,True,cuda,NVIDIA GeForce RTX 4070 Laptop GPU
2026-05-02T15:15:15.985262,7RC3_SAH_ligand_start_conf__Orai1WT-MDSnap-Fr400_cleaned,Orai1WT-MDSnap-Fr400_cleaned,7RC3_SAH_ligand_start_conf,success,,33.63,35,15,15,5,0,384.42,26,46,11,3,2,5,12,182.63,-1.44,C14H20N6O5S,223,21026,1,3,5,5,True,True,cuda,NVIDIA GeForce RTX 4070 Laptop GPU
2026-05-02T15:15:15.986590,7REE_4LY_ligand_start_conf__Orai1WT-MDSnap-Fr400_cleaned,Orai1WT-MDSnap-Fr400_cleaned,7REE_4LY_ligand_start_conf,success,,36.81,35,15,15,5,0,593.66,42,71,10,6,4,2,9,135.83,3.84,C28H29F2N9O2S,223,21026,1,3,5,5,True,True,cuda,NVIDIA GeForce RTX 4070 Laptop GPU
2026-05-02T15:15:15.987825,7RH3_59O_ligand_start_conf__Orai1WT-MDSnap-Fr400_cleaned,Orai1WT-MDSnap-Fr400_cleaned,7RH3_59O_ligand_start_conf,success,,32.06,35,15,15,5,0,495.87,34,56,11,3,2,2,10,154.66,2.03,C22H22ClNO10,223,21026,1,3,5,5,True,True,cuda,NVIDIA GeForce RTX 4070 Laptop GPU
2026-05-02T15:15:15.989147,7RH8_UTP_ligand_start_conf__Orai1WT-MDSnap-Fr400_cleaned,Orai1WT-MDSnap-Fr400_cleaned,7RH8_UTP_ligand_start_conf,success,,31.04,35,15,15,5,0,484.14,29,44,14,2,1,7,16,264.37,-2.5,C9H15N2O15P3,223,21026,1,3,5,5,True,True,cuda,NVIDIA GeForce RTX 4070 Laptop GPU
2026-05-02T15:15:15.990440,7RKW_5TV_ligand_start_conf__Orai1WT-MDSnap-Fr400_cleaned,Orai1WT-MDSnap-Fr400_cleaned,7RKW_5TV_ligand_start_conf,success,,24.18,35,15,15,5,0,379.22,25,38,5,3,3,0,4,44.12,4.93,C18H13Cl2FN2O2,223,21026,1,3,5,5,True,True,cuda,NVIDIA GeForce RTX 4070 Laptop GPU
2026-05-02T15:15:15.991718,7RNI_60I_ligand_start_conf__Orai1WT-MDSnap-Fr400_cleaned,Orai1WT-MDSnap-Fr400_cleaned,7RNI_60I_ligand_start_conf,success,,39.06,35,15,15,5,0,422.58,31,65,7,4,3,0,6,59.19,3.39,C24H34N6O,223,21026,1,3,5,5,True,True,cuda,NVIDIA GeForce RTX 4070 Laptop GPU
2026-05-02T15:15:15.992977,7ROR_69X_ligand_start_conf__Orai1WT-MDSnap-Fr400_cleaned,Orai1WT-MDSnap-Fr400_cleaned,7ROR_69X_ligand_start_conf,success,,37.9,35,15,15,5,0,510.4,35,58,14,4,3,6,15,238.39,-1.04,C19H23N6O9P,223,21026,1,3,5,5,True,True,cuda,NVIDIA GeForce RTX 4070 Laptop GPU
2026-05-02T15:15:15.994242,7ROU_66I_ligand_start_conf__Orai1WT-MDSnap-Fr400_cleaned,Orai1WT-MDSnap-Fr400_cleaned,7ROU_66I_ligand_start_conf,success,,38.26,35,15,15,5,0,575.51,39,62,15,4,3,6,15,247.26,-1.72,C20H23F2N7O9S,223,21026,1,3,5,5,True,True,cuda,NVIDIA GeForce RTX 4070 Laptop GPU
2026-05-02T15:15:15.995625,7RPZ_6IC_ligand_start_conf__Orai1WT-MDSnap-Fr400_cleaned,Orai1WT-MDSnap-Fr400_cleaned,7RPZ_6IC_ligand_start_conf,success,,26.35,35,15,15,5,0,600.65,44,75,6,8,4,2,8,86.64,4.71,C33H31F3N6O2,223,21026,1,3,5,5,True,True,cuda,NVIDIA GeForce RTX 4070 Laptop GPU
2026-05-02T15:15:15.997001,7RSV_7IQ_ligand_start_conf__Orai1WT-MDSnap-Fr400_cleaned,Orai1WT-MDSnap-Fr400_cleaned,7RSV_7IQ_ligand_start_conf,success,,18.29,35,15,15,5,0,276.34,20,40,2,4,1,1,5,59.39,0.95,C14H20N4O2,223,21026,1,3,5,5,True,True,cuda,NVIDIA GeForce RTX 4070 Laptop GPU
2026-05-02T15:15:15.998349,7RUI_7QZ_ligand_start_conf__Orai1WT-MDSnap-Fr400_cleaned,Orai1WT-MDSnap-Fr400_cleaned,7RUI_7QZ_ligand_start_conf,success,,47.73,35,15,15,5,0,719.72,51,80,11,6,6,3,8,140.01,6.7,C35H29F4N7O4S,223,21026,1,3,5,5,True,True,cuda,NVIDIA GeForce RTX 4070 Laptop GPU
2026-05-02T15:15:15.999626,7RWO_7WN_ligand_start_conf__Orai1WT-MDSnap-Fr400_cleaned,Orai1WT-MDSnap-Fr400_cleaned,7RWO_7WN_ligand_start_conf,success,,18.54,35,15,15,5,0,290.75,20,35,3,3,2,2,5,58.95,1.82,C14H15ClN4O,223,21026,1,3,5,5,True,True,cuda,NVIDIA GeForce RTX 4070 Laptop GPU
2026-05-02T15:15:16.000982,7RWS_4UR_ligand_start_conf__Orai1WT-MDSnap-Fr400_cleaned,Orai1WT-MDSnap-Fr400_cleaned,7RWS_4UR_ligand_start_conf,success,,29.8,35,15,15,5,0,674.42,45,69,8,7,4,7,22,329.65,-2.34,C20H24N10O13P2,223,21026,1,3,5,5,True,True,cuda,NVIDIA GeForce RTX 4070 Laptop GPU
2026-05-02T15:15:16.002591,7RZL_NPO_ligand_start_conf__Orai1WT-MDSnap-Fr400_cleaned,Orai1WT-MDSnap-Fr400_cleaned,7RZL_NPO_ligand_start_conf,success,,9.63,35,15,15,5,0,139.11,10,15,2,1,1,1,3,63.37,1.3,C6H5NO3,223,21026,1,3,5,5,True,True,cuda,NVIDIA GeForce RTX 4070 Laptop GPU
2026-05-02T15:15:16.003964,7S45_ACO_ligand_start_conf__Orai1WT-MDSnap-Fr400_cleaned,Orai1WT-MDSnap-Fr400_cleaned,7S45_ACO_ligand_start_conf,success,,63.37,35,15,15,5,0,809.58,51,89,29,3,2,9,23,363.63,-1.32,C23H38N7O17P3S,223,21026,1,3,5,5,True,True,cuda,NVIDIA GeForce RTX 4070 Laptop GPU
2026-05-02T15:15:16.005282,7S9H_7PP_ligand_start_conf__Orai1WT-MDSnap-Fr400_cleaned,Orai1WT-MDSnap-Fr400_cleaned,7S9H_7PP_ligand_start_conf,success,,33.66,35,15,15,5,0,413.91,29,53,11,3,3,2,7,99.08,3.25,C21H24ClN5O2,223,21026,1,3,5,5,True,True,cuda,NVIDIA GeForce RTX 4070 Laptop GPU
2026-05-02T15:15:16.006636,7SCW_GSP_ligand_start_conf__Orai1WT-MDSnap-Fr400_cleaned,Orai1WT-MDSnap-Fr400_cleaned,7SCW_GSP_ligand_start_conf,success,,30.53,35,15,15,5,0,539.25,32,48,15,3,2,8,18,282.03,-2.22,C10H16N5O13P3S,223,21026,1,3,5,5,True,True,cuda,NVIDIA GeForce RTX 4070 Laptop GPU
2026-05-02T15:15:16.008091,7SDD_4IP_ligand_start_conf__Orai1WT-MDSnap-Fr400_cleaned,Orai1WT-MDSnap-Fr400_cleaned,7SDD_4IP_ligand_start_conf,success,,30.21,35,15,15,5,0,500.07,28,44,18,1,0,10,18,307.5,-3.37,C6H16O18P4,223,21026,1,3,5,5,True,True,cuda,NVIDIA GeForce RTX 4070 Laptop GPU
2026-05-02T15:15:16.009432,7SED_8VD_ligand_start_conf__Orai1WT-MDSnap-Fr400_cleaned,Orai1WT-MDSnap-Fr400_cleaned,7SED_8VD_ligand_start_conf,success,,16.97,35,15,15,5,0,246.24,17,30,2,2,1,2,4,49.84,1.66,C10H13F3N4,223,21026,1,3,5,5,True,True,cuda,NVIDIA GeForce RTX 4070 Laptop GPU
2026-05-02T15:15:16.010715,7SFO_98L_ligand_start_conf__Orai1WT-MDSnap-Fr400_cleaned,Orai1WT-MDSnap-Fr400_cleaned,7SFO_98L_ligand_start_conf,success,,20.64,35,15,15,5,0,367.86,25,39,5,4,4,2,5,58.04,5.33,C19H14ClN3OS,223,21026,1,3,5,5,True,True,cuda,NVIDIA GeForce RTX 4070 Laptop GPU
2026-05-02T15:15:16.012026,7SGV_L30_ligand_start_conf__Orai1WT-MDSnap-Fr400_cleaned,Orai1WT-MDSnap-Fr400_cleaned,7SGV_L30_ligand_start_conf,success,,16.2,35,15,15,5,0,248.29,19,31,2,3,3,1,2,41.99,3.49,C16H12N2O,223,21026,1,3,5,5,True,True,cuda,NVIDIA GeForce RTX 4070 Laptop GPU
2026-05-02T15:15:16.013400,7SIU_9ID_ligand_start_conf__Orai1WT-MDSnap-Fr400_cleaned,Orai1WT-MDSnap-Fr400_cleaned,7SIU_9ID_ligand_start_conf,success,,29.2,35,15,15,5,0,417.47,31,54,7,4,3,3,7,127.82,2.42,C22H23N7O2,223,21026,1,3,5,5,True,True,cuda,NVIDIA GeForce RTX 4070 Laptop GPU
2026-05-02T15:15:16.014890,7SNE_9XR_ligand_start_conf__Orai1WT-MDSnap-Fr400_cleaned,Orai1WT-MDSnap-Fr400_cleaned,7SNE_9XR_ligand_start_conf,success,,42.06,35,15,15,5,0,677.46,45,74,19,5,3,9,20,326.41,-2.06,C22H29N7O14P2,223,21026,1,3,5,5,True,True,cuda,NVIDIA GeForce RTX 4070 Laptop GPU
2026-05-02T15:15:16.016289,7SSM_B7L_ligand_start_conf__Orai1WT-MDSnap-Fr400_cleaned,Orai1WT-MDSnap-Fr400_cleaned,7SSM_B7L_ligand_start_conf,success,,22.08,35,15,15,5,0,336.31,25,37,4,4,4,2,7,109.73,2.1,C17H12N4O4,223,21026,1,3,5,5,True,True,cuda,NVIDIA GeForce RTX 4070 Laptop GPU
2026-05-02T15:15:16.017580,7SUC_COM_ligand_start_conf__Orai1WT-MDSnap-Fr400_cleaned,Orai1WT-MDSnap-Fr400_cleaned,7SUC_COM_ligand_start_conf,success,,14.56,35,15,15,5,0,142.2,7,13,4,0,0,2,4,54.37,-0.2,C2H6O3S2,223,21026,1,3,5,5,True,True,cuda,NVIDIA GeForce RTX 4070 Laptop GPU
2026-05-02T15:15:16.018837,7SZA_DUI_ligand_start_conf__Orai1WT-MDSnap-Fr400_cleaned,Orai1WT-MDSnap-Fr400_cleaned,7SZA_DUI_ligand_start_conf,success,,16.26,35,15,15,5,0,273.25,20,31,2,3,1,2,5,109.57,-0.33,C13H11N3O4,223,21026,1,3,5,5,True,True,cuda,NVIDIA GeForce RTX 4070 Laptop GPU
2026-05-02T15:15:16.020628,7T0D_FPP_ligand_start_conf__Orai1WT-MDSnap-Fr400_cleaned,Orai1WT-MDSnap-Fr400_cleaned,7T0D_FPP_ligand_start_conf,success,,41.99,35,15,15,5,0,382.33,24,52,18,0,0,3,7,113.29,4.63,C15H28O7P2,223,21026,1,3,5,5,True,True,cuda,NVIDIA GeForce RTX 4070 Laptop GPU
2026-05-02T15:15:16.021956,7T0U_E3I_ligand_start_conf__Orai1WT-MDSnap-Fr400_cleaned,Orai1WT-MDSnap-Fr400_cleaned,7T0U_E3I_ligand_start_conf,success,,39.42,35,15,15,5,0,709.51,48,77,10,6,4,3,11,160.84,3.48,C30H29Cl2F3N8O5,223,21026,1,3,5,5,True,True,cuda,NVIDIA GeForce RTX 4070 Laptop GPU
2026-05-02T15:15:16.023186,7T1D_E7K_ligand_start_conf__Orai1WT-MDSnap-Fr400_cleaned,Orai1WT-MDSnap-Fr400_cleaned,7T1D_E7K_ligand_start_conf,success,,27.9,35,15,15,5,0,466.61,34,60,7,6,5,0,7,51.77,5.28,C27H26N6S,223,21026,1,3,5,5,True,True,cuda,NVIDIA GeForce RTX 4070 Laptop GPU
2026-05-02T15:15:16.024435,7T2I_E9F_ligand_start_conf__Orai1WT-MDSnap-Fr400_cleaned,Orai1WT-MDSnap-Fr400_cleaned,7T2I_E9F_ligand_start_conf,success,,27.32,35,15,15,5,0,412.52,29,53,6,5,3,2,7,107.85,2.91,C20H24N6O2S,223,21026,1,3,5,5,True,True,cuda,NVIDIA GeForce RTX 4070 Laptop GPU
2026-05-02T15:15:16.026050,7T3E_SLB_ligand_start_conf__Orai1WT-MDSnap-Fr400_cleaned,Orai1WT-MDSnap-Fr400_cleaned,7T3E_SLB_ligand_start_conf,success,,32.51,35,15,15,5,0,309.27,21,40,11,1,0,7,9,176.78,-3.87,C11H19NO9,223,21026,1,3,5,5,True,True,cuda,NVIDIA GeForce RTX 4070 Laptop GPU
2026-05-02T15:15:16.027405,7T3F_EM0_ligand_start_conf__Orai1WT-MDSnap-Fr400_cleaned,Orai1WT-MDSnap-Fr400_cleaned,7T3F_EM0_ligand_start_conf,success,,22.35,35,15,15,5,0,349.39,24,40,5,3,2,2,3,78.51,2.91,C16H16FN3O3S,223,21026,1,3,5,5,True,True,cuda,NVIDIA GeForce RTX 4070 Laptop GPU
2026-05-02T15:15:16.028657,7T9O_GEI_ligand_start_conf__Orai1WT-MDSnap-Fr400_cleaned,Orai1WT-MDSnap-Fr400_cleaned,7T9O_GEI_ligand_start_conf,success,,53.78,35,15,15,5,0,562.73,41,84,13,4,3,1,6,71.89,7.69,C34H43FN2O4,223,21026,1,3,5,5,True,True,cuda,NVIDIA GeForce RTX 4070 Laptop GPU
2026-05-02T15:15:16.029922,7TB0_UD1_ligand_start_conf__Orai1WT-MDSnap-Fr400_cleaned,Orai1WT-MDSnap-Fr400_cleaned,7TB0_UD1_ligand_start_conf,success,,42.76,35,15,15,5,0,607.36,39,66,18,3,1,9,18,305.86,-4.65,C17H27N3O17P2,223,21026,1,3,5,5,True,True,cuda,NVIDIA GeForce RTX 4070 Laptop GPU
2026-05-02T15:15:16.031172,7TBU_S3P_ligand_start_conf__Orai1WT-MDSnap-Fr400_cleaned,Orai1WT-MDSnap-Fr400_cleaned,7TBU_S3P_ligand_start_conf,success,,18.2,35,15,15,5,0,254.13,16,27,7,1,0,5,8,144.52,-1.4,C7H11O8P,223,21026,1,3,5,5,True,True,cuda,NVIDIA GeForce RTX 4070 Laptop GPU
2026-05-02T15:15:16.032579,7TE8_P0T_ligand_start_conf__Orai1WT-MDSnap-Fr400_cleaned,Orai1WT-MDSnap-Fr400_cleaned,7TE8_P0T_ligand_start_conf,success,,36.27,35,15,15,5,0,314.47,23,53,11,2,1,2,2,40.46,5.85,C21H30O2,223,21026,1,3,5,5,True,True,cuda,NVIDIA GeForce RTX 4070 Laptop GPU
2026-05-02T15:15:16.033935,7TH4_FFO_ligand_start_conf__Orai1WT-MDSnap-Fr400_cleaned,Orai1WT-MDSnap-Fr400_cleaned,7TH4_FFO_ligand_start_conf,success,,37.82,35,15,15,5,0,473.45,34,57,10,3,2,7,11,219.84,-0.73,C20H23N7O7,223,21026,1,3,5,5,True,True,cuda,NVIDIA GeForce RTX 4070 Laptop GPU
2026-05-02T15:15:16.035190,7THI_PGA_ligand_start_conf__Orai1WT-MDSnap-Fr400_cleaned,Orai1WT-MDSnap-Fr400_cleaned,7THI_PGA_ligand_start_conf,success,,12.78,35,15,15,5,0,156.03,9,14,5,0,0,3,6,104.06,-0.82,C2H5O6P,223,21026,1,3,5,5,True,True,cuda,NVIDIA GeForce RTX 4070 Laptop GPU
2026-05-02T15:15:16.036487,7TM6_GPJ_ligand_start_conf__Orai1WT-MDSnap-Fr400_cleaned,Orai1WT-MDSnap-Fr400_cleaned,7TM6_GPJ_ligand_start_conf,success,,21.73,35,15,15,5,0,170.08,10,19,6,0,0,4,5,111.44,-2.23,C3H9NO5P+,223,21026,1,3,5,5,True,True,cuda,NVIDIA GeForce RTX 4070 Laptop GPU
2026-05-02T15:15:16.038035,7TOM_5AD_ligand_start_conf__Orai1WT-MDSnap-Fr400_cleaned,Orai1WT-MDSnap-Fr400_cleaned,7TOM_5AD_ligand_start_conf,success,,20.89,35,15,15,5,0,251.25,18,31,5,3,2,3,8,119.31,-0.95,C10H13N5O3,223,21026,1,3,5,5,True,True,cuda,NVIDIA GeForce RTX 4070 Laptop GPU
2026-05-02T15:15:16.039469,7TS6_KMI_ligand_start_conf__Orai1WT-MDSnap-Fr400_cleaned,Orai1WT-MDSnap-Fr400_cleaned,7TS6_KMI_ligand_start_conf,success,,23.49,35,15,15,5,0,227.31,17,34,6,2,2,2,3,50.94,2.36,C14H17N3,223,21026,1,3,5,5,True,True,cuda,NVIDIA GeForce RTX 4070 Laptop GPU
2026-05-02T15:15:16.040759,7TSF_H4B_ligand_start_conf__Orai1WT-MDSnap-Fr400_cleaned,Orai1WT-MDSnap-Fr400_cleaned,7TSF_H4B_ligand_start_conf,success,,24.97,35,15,15,5,0,241.25,17,32,6,2,1,6,7,136.29,-1.7,C9H15N5O3,223,21026,1,3,5,5,True,True,cuda,NVIDIA GeForce RTX 4070 Laptop GPU
2026-05-02T15:15:16.041984,7TUO_KL9_ligand_start_conf__Orai1WT-MDSnap-Fr400_cleaned,Orai1WT-MDSnap-Fr400_cleaned,7TUO_KL9_ligand_start_conf,success,,30.51,35,15,15,5,0,421.57,30,57,7,5,3,3,6,92.93,3.55,C23H27N5OS,223,21026,1,3,5,5,True,True,cuda,NVIDIA GeForce RTX 4070 Laptop GPU
2026-05-02T15:15:16.043371,7TWC_CXS_ligand_start_conf__Orai1WT-MDSnap-Fr400_cleaned,Orai1WT-MDSnap-Fr400_cleaned,7TWC_CXS_ligand_start_conf,success,,26.09,35,15,15,5,0,221.32,14,33,6,1,0,2,4,66.4,1.19,C9H19NO3S,223,21026,1,3,5,5,True,True,cuda,NVIDIA GeForce RTX 4070 Laptop GPU
2026-05-02T15:15:16.044686,7TXK_LW8_ligand_start_conf__Orai1WT-MDSnap-Fr400_cleaned,Orai1WT-MDSnap-Fr400_cleaned,7TXK_LW8_ligand_start_conf,success,,29.99,35,15,15,5,0,230.31,15,31,7,1,1,3,3,68.88,0.77,C9H16N3O2S+,223,21026,1,3,5,5,True,True,cuda,NVIDIA GeForce RTX 4070 Laptop GPU
2026-05-02T15:15:16.046051,7TXP_0FX_ligand_start_conf__Orai1WT-MDSnap-Fr400_cleaned,Orai1WT-MDSnap-Fr400_cleaned,7TXP_0FX_ligand_start_conf,success,,37.19,35,15,15,5,0,547.35,35,62,16,3,1,7,16,262.32,-2.46,C16H27N3O14P2,223,21026,1,3,5,5,True,True,cuda,NVIDIA GeForce RTX 4070 Laptop GPU
2026-05-02T15:15:16.047877,7TYP_KUR_ligand_start_conf__Orai1WT-MDSnap-Fr400_cleaned,Orai1WT-MDSnap-Fr400_cleaned,7TYP_KUR_ligand_start_conf,success,,30.26,35,15,15,5,0,500.58,37,66,6,6,4,1,6,96.25,4.54,C28H29FN6O2,223,21026,1,3,5,5,True,True,cuda,NVIDIA GeForce RTX 4070 Laptop GPU
2026-05-02T15:15:16.049266,7U0U_FK5_ligand_start_conf__Orai1WT-MDSnap-Fr400_cleaned,Orai1WT-MDSnap-Fr400_cleaned,7U0U_FK5_ligand_start_conf,success,,55.34,35,15,15,5,0,804.03,57,126,18,4,0,3,12,178.36,4.64,C44H69NO12,223,21026,1,3,5,5,True,True,cuda,NVIDIA GeForce RTX 4070 Laptop GPU
2026-05-02T15:15:16.050805,7U3J_L6U_ligand_start_conf__Orai1WT-MDSnap-Fr400_cleaned,Orai1WT-MDSnap-Fr400_cleaned,7U3J_L6U_ligand_start_conf,success,,50.34,35,15,15,5,0,538.67,38,72,17,3,3,4,7,117.79,2.58,C28H34N4O5S,223,21026,1,3,5,5,True,True,cuda,NVIDIA GeForce RTX 4070 Laptop GPU
2026-05-02T15:15:16.052306,7UAS_MBU_ligand_start_conf__Orai1WT-MDSnap-Fr400_cleaned,Orai1WT-MDSnap-Fr400_cleaned,7UAS_MBU_ligand_start_conf,success,,40.43,35,15,15,5,0,548.61,40,71,10,6,4,0,6,68.84,6.0,C30H31F3N6O,223,21026,1,3,5,5,True,True,cuda,NVIDIA GeForce RTX 4070 Laptop GPU
2026-05-02T15:15:16.053698,7UAW_MF6_ligand_start_conf__Orai1WT-MDSnap-Fr400_cleaned,Orai1WT-MDSnap-Fr400_cleaned,7UAW_MF6_ligand_start_conf,success,,25.45,35,15,15,5,0,541.3,35,56,7,5,2,6,18,260.29,-2.24,C15H21N5O13P2,223,21026,1,3,5,5,True,True,cuda,NVIDIA GeForce RTX 4070 Laptop GPU
2026-05-02T15:15:16.055014,7UEY_N0R_ligand_start_conf__Orai1WT-MDSnap-Fr400_cleaned,Orai1WT-MDSnap-Fr400_cleaned,7UEY_N0R_ligand_start_conf,success,,26.6,35,15,15,5,0,389.84,27,47,6,3,2,2,6,98.66,0.95,C18H20ClN5O3,223,21026,1,3,5,5,True,True,cuda,NVIDIA GeForce RTX 4070 Laptop GPU
2026-05-02T15:15:16.056469,7UF2_5SP_ligand_start_conf__Orai1WT-MDSnap-Fr400_cleaned,Orai1WT-MDSnap-Fr400_cleaned,7UF2_5SP_ligand_start_conf,success,,24.49,35,15,15,5,0,230.11,14,25,11,0,0,5,8,144.52,-2.62,C5H11O8P,223,21026,1,3,5,5,True,True,cuda,NVIDIA GeForce RTX 4070 Laptop GPU
2026-05-02T15:15:16.057947,7UJ4_OQ4_ligand_start_conf__Orai1WT-MDSnap-Fr400_cleaned,Orai1WT-MDSnap-Fr400_cleaned,7UJ4_OQ4_ligand_start_conf,success,,56.82,35,15,15,5,0,630.83,44,91,15,5,2,1,8,107.97,4.68,C32H47FN6O4S,223,21026,1,3,5,5,True,True,cuda,NVIDIA GeForce RTX 4070 Laptop GPU
2026-05-02T15:15:16.059222,7UJ5_DGL_ligand_start_conf__Orai1WT-MDSnap-Fr400_cleaned,Orai1WT-MDSnap-Fr400_cleaned,7UJ5_DGL_ligand_start_conf,success,,19.39,35,15,15,5,0,147.13,10,19,5,0,0,3,5,100.62,-0.74,C5H9NO4,223,21026,1,3,5,5,True,True,cuda,NVIDIA GeForce RTX 4070 Laptop GPU
2026-05-02T15:15:16.060503,7UJF_R3V_ligand_start_conf__Orai1WT-MDSnap-Fr400_cleaned,Orai1WT-MDSnap-Fr400_cleaned,7UJF_R3V_ligand_start_conf,success,,32.35,35,15,15,5,0,427.59,32,65,8,5,3,1,3,32.7,5.97,C29H33NO2,223,21026,1,3,5,5,True,True,cuda,NVIDIA GeForce RTX 4070 Laptop GPU
2026-05-02T15:15:16.061760,7ULC_56B_ligand_start_conf__Orai1WT-MDSnap-Fr400_cleaned,Orai1WT-MDSnap-Fr400_cleaned,7ULC_56B_ligand_start_conf,success,,35.57,35,15,15,5,0,489.38,33,57,14,4,2,9,14,245.64,-3.21,C17H24N5O10P,223,21026,1,3,5,5,True,True,cuda,NVIDIA GeForce RTX 4070 Laptop GPU
2026-05-02T15:15:16.063095,7UMV_NUU_ligand_start_conf__Orai1WT-MDSnap-Fr400_cleaned,Orai1WT-MDSnap-Fr400_cleaned,7UMV_NUU_ligand_start_conf,success,,27.82,35,15,15,5,0,313.43,22,41,3,3,2,0,5,55.74,3.34,C17H19N3OS,223,21026,1,3,5,5,True,True,cuda,NVIDIA GeForce RTX 4070 Laptop GPU
2026-05-02T15:15:16.064502,7UMW_NAD_ligand_start_conf__Orai1WT-MDSnap-Fr400_cleaned,Orai1WT-MDSnap-Fr400_cleaned,7UMW_NAD_ligand_start_conf,success,,45.88,35,15,15,5,0,663.43,44,71,17,5,3,7,19,321.09,-3.65,C21H27N7O14P2,223,21026,1,3,5,5,True,True,cuda,NVIDIA GeForce RTX 4070 Laptop GPU
2026-05-02T15:15:16.065835,7UP3_NZ0_ligand_start_conf__Orai1WT-MDSnap-Fr400_cleaned,Orai1WT-MDSnap-Fr400_cleaned,7UP3_NZ0_ligand_start_conf,success,,23.01,35,15,15,5,0,332.34,23,35,6,3,3,3,7,147.74,0.07,C13H12N6O3S,223,21026,1,3,5,5,True,True,cuda,NVIDIA GeForce RTX 4070 Laptop GPU
2026-05-02T15:15:16.067076,7UQ3_O2U_ligand_start_conf__Orai1WT-MDSnap-Fr400_cleaned,Orai1WT-MDSnap-Fr400_cleaned,7UQ3_O2U_ligand_start_conf,success,,14.76,35,15,15,5,0,173.12,12,19,3,1,0,2,5,94.91,-0.77,C6H7NO5,223,21026,1,3,5,5,True,True,cuda,NVIDIA GeForce RTX 4070 Laptop GPU
2026-05-02T15:15:16.068480,7USH_82V_ligand_start_conf__Orai1WT-MDSnap-Fr400_cleaned,Orai1WT-MDSnap-Fr400_cleaned,7USH_82V_ligand_start_conf,success,,18.0,35,15,15,5,0,371.41,26,43,2,5,3,0,7,61.14,3.13,C19H17NO5S,223,21026,1,3,5,5,True,True,cuda,NVIDIA GeForce RTX 4070 Laptop GPU
2026-05-02T15:15:16.069819,7UTW_NAI_ligand_start_conf__Orai1WT-MDSnap-Fr400_cleaned,Orai1WT-MDSnap-Fr400_cleaned,7UTW_NAI_ligand_start_conf,success,,45.77,35,15,15,5,0,665.45,44,73,18,5,2,8,20,317.62,-2.69,C21H29N7O14P2,223,21026,1,3,5,5,True,True,cuda,NVIDIA GeForce RTX 4070 Laptop GPU
2026-05-02T15:15:16.071275,7UXS_OJC_ligand_start_conf__Orai1WT-MDSnap-Fr400_cleaned,Orai1WT-MDSnap-Fr400_cleaned,7UXS_OJC_ligand_start_conf,success,,25.58,35,15,15,5,0,541.3,35,56,7,5,2,6,18,260.29,-2.24,C15H21N5O13P2,223,21026,1,3,5,5,True,True,cuda,NVIDIA GeForce RTX 4070 Laptop GPU
2026-05-02T15:15:16.072548,7UY4_SMI_ligand_start_conf__Orai1WT-MDSnap-Fr400_cleaned,Orai1WT-MDSnap-Fr400_cleaned,7UY4_SMI_ligand_start_conf,success,,30.03,35,15,15,5,0,350.37,24,50,10,3,0,7,10,152.9,-3.81,C14H26N2O8,223,21026,1,3,5,5,True,True,cuda,NVIDIA GeForce RTX 4070 Laptop GPU
2026-05-02T15:15:16.073810,7UYB_OK0_ligand_start_conf__Orai1WT-MDSnap-Fr400_cleaned,Orai1WT-MDSnap-Fr400_cleaned,7UYB_OK0_ligand_start_conf,success,,27.6,35,15,15,5,0,452.46,31,50,5,4,3,3,6,126.65,2.67,C19H19F3N6O2S,223,21026,1,3,5,5,True,True,cuda,NVIDIA GeForce RTX 4070 Laptop GPU
2026-05-02T15:15:16.075238,7V14_ORU_ligand_start_conf__Orai1WT-MDSnap-Fr400_cleaned,Orai1WT-MDSnap-Fr400_cleaned,7V14_ORU_ligand_start_conf,success,,30.3,35,15,15,5,0,508.97,35,53,7,6,5,0,9,101.25,4.46,C23H18ClFN8OS,223,21026,1,3,5,5,True,True,cuda,NVIDIA GeForce RTX 4070 Laptop GPU
2026-05-02T15:15:16.076641,7V3N_AKG_ligand_start_conf__Orai1WT-MDSnap-Fr400_cleaned,Orai1WT-MDSnap-Fr400_cleaned,7V3N_AKG_ligand_start_conf,success,,16.72,35,15,15,5,0,146.1,10,16,4,0,0,2,5,91.67,-0.5,C5H6O5,223,21026,1,3,5,5,True,True,cuda,NVIDIA GeForce RTX 4070 Laptop GPU
2026-05-02T15:15:16.077923,7V3S_5I9_ligand_start_conf__Orai1WT-MDSnap-Fr400_cleaned,Orai1WT-MDSnap-Fr400_cleaned,7V3S_5I9_ligand_start_conf,success,,27.48,35,15,15,5,0,514.49,38,58,6,6,4,3,6,101.58,6.36,C28H20F2N4O4,223,21026,1,3,5,5,True,True,cuda,NVIDIA GeForce RTX 4070 Laptop GPU
2026-05-02T15:15:16.079136,7V43_C4O_ligand_start_conf__Orai1WT-MDSnap-Fr400_cleaned,Orai1WT-MDSnap-Fr400_cleaned,7V43_C4O_ligand_start_conf,success,,10.11,35,15,15,5,0,126.59,8,15,1,1,1,0,0,0.0,2.65,C7H7Cl,223,21026,1,3,5,5,True,True,cuda,NVIDIA GeForce RTX 4070 Laptop GPU
2026-05-02T15:15:16.080487,7V8Z_5YH_ligand_start_conf__Orai1WT-MDSnap-Fr400_cleaned,Orai1WT-MDSnap-Fr400_cleaned,7V8Z_5YH_ligand_start_conf,success,,25.24,35,15,15,5,0,345.35,25,42,5,4,3,2,3,57.5,2.46,C18H17F2N3O2,223,21026,1,3,5,5,True,True,cuda,NVIDIA GeForce RTX 4070 Laptop GPU
2026-05-02T15:15:16.081883,7VB8_STL_ligand_start_conf__Orai1WT-MDSnap-Fr400_cleaned,Orai1WT-MDSnap-Fr400_cleaned,7VB8_STL_ligand_start_conf,success,,14.05,35,15,15,5,0,228.25,17,29,5,2,2,3,3,60.69,2.97,C14H12O3,223,21026,1,3,5,5,True,True,cuda,NVIDIA GeForce RTX 4070 Laptop GPU
2026-05-02T15:15:16.083123,7VBU_6I4_ligand_start_conf__Orai1WT-MDSnap-Fr400_cleaned,Orai1WT-MDSnap-Fr400_cleaned,7VBU_6I4_ligand_start_conf,success,,17.97,35,15,15,5,0,222.29,17,31,2,4,3,1,1,28.68,3.9,C15H14N2,223,21026,1,3,5,5,True,True,cuda,NVIDIA GeForce RTX 4070 Laptop GPU
2026-05-02T15:15:16.084406,7VC5_9SF_ligand_start_conf__Orai1WT-MDSnap-Fr400_cleaned,Orai1WT-MDSnap-Fr400_cleaned,7VC5_9SF_ligand_start_conf,success,,24.28,35,15,15,5,0,301.35,22,41,5,3,2,2,6,84.22,0.47,C16H19N3O3,223,21026,1,3,5,5,True,True,cuda,NVIDIA GeForce RTX 4070 Laptop GPU
2026-05-02T15:15:16.085656,7VJT_7IJ_ligand_start_conf__Orai1WT-MDSnap-Fr400_cleaned,Orai1WT-MDSnap-Fr400_cleaned,7VJT_7IJ_ligand_start_conf,success,,20.98,35,15,15,5,0,365.38,27,46,4,5,4,2,6,87.05,4.09,C21H19NO5,223,21026,1,3,5,5,True,True,cuda,NVIDIA GeForce RTX 4070 Laptop GPU
2026-05-02T15:15:16.087040,7VKZ_NOJ_ligand_start_conf__Orai1WT-MDSnap-Fr400_cleaned,Orai1WT-MDSnap-Fr400_cleaned,7VKZ_NOJ_ligand_start_conf,success,,16.15,35,15,15,5,0,163.17,11,24,5,1,0,5,5,92.95,-2.97,C6H13NO4,223,21026,1,3,5,5,True,True,cuda,NVIDIA GeForce RTX 4070 Laptop GPU
2026-05-02T15:15:16.088456,7VQ9_ISY_ligand_start_conf__Orai1WT-MDSnap-Fr400_cleaned,Orai1WT-MDSnap-Fr400_cleaned,7VQ9_ISY_ligand_start_conf,success,,22.4,35,15,15,5,0,262.16,14,26,10,0,0,3,7,104.06,1.9,C5H12O6P2S,223,21026,1,3,5,5,True,True,cuda,NVIDIA GeForce RTX 4070 Laptop GPU
2026-05-02T15:15:16.089814,7VWF_K55_ligand_start_conf__Orai1WT-MDSnap-Fr400_cleaned,Orai1WT-MDSnap-Fr400_cleaned,7VWF_K55_ligand_start_conf,success,,44.37,35,15,15,5,0,469.47,33,60,13,2,2,2,4,75.63,5.61,C24H27F4NO4,223,21026,1,3,5,5,True,True,cuda,NVIDIA GeForce RTX 4070 Laptop GPU
2026-05-02T15:15:16.091112,7VYJ_CA0_ligand_start_conf__Orai1WT-MDSnap-Fr400_cleaned,Orai1WT-MDSnap-Fr400_cleaned,7VYJ_CA0_ligand_start_conf,success,,27.79,35,15,15,5,0,390.25,26,41,9,3,2,5,13,218.16,-1.76,C11H15N6O8P,223,21026,1,3,5,5,True,True,cuda,NVIDIA GeForce RTX 4070 Laptop GPU
2026-05-02T15:15:16.092376,7W05_GMP_ligand_start_conf__Orai1WT-MDSnap-Fr400_cleaned,Orai1WT-MDSnap-Fr400_cleaned,7W05_GMP_ligand_start_conf,success,,22.54,35,15,15,5,0,283.24,20,33,6,3,2,5,9,159.51,-2.69,C10H13N5O5,223,21026,1,3,5,5,True,True,cuda,NVIDIA GeForce RTX 4070 Laptop GPU
2026-05-02T15:15:16.093957,7W06_ITN_ligand_start_conf__Orai1WT-MDSnap-Fr400_cleaned,Orai1WT-MDSnap-Fr400_cleaned,7W06_ITN_ligand_start_conf,success,,13.98,35,15,15,5,0,130.1,9,15,3,0,0,2,4,74.6,0.1,C5H6O4,223,21026,1,3,5,5,True,True,cuda,NVIDIA GeForce RTX 4070 Laptop GPU
2026-05-02T15:15:16.095293,7W6F_8I6_ligand_start_conf__Orai1WT-MDSnap-Fr400_cleaned,Orai1WT-MDSnap-Fr400_cleaned,7W6F_8I6_ligand_start_conf,success,,40.12,35,15,15,5,0,280.36,20,44,12,1,1,3,4,77.76,4.09,C16H24O4,223,21026,1,3,5,5,True,True,cuda,NVIDIA GeForce RTX 4070 Laptop GPU
2026-05-02T15:15:16.096628,7WCF_ACP_ligand_start_conf__Orai1WT-MDSnap-Fr400_cleaned,Orai1WT-MDSnap-Fr400_cleaned,7WCF_ACP_ligand_start_conf,success,,34.76,35,15,15,5,0,505.21,31,49,15,3,2,7,17,269.9,-1.52,C11H18N5O12P3,223,21026,1,3,5,5,True,True,cuda,NVIDIA GeForce RTX 4070 Laptop GPU
2026-05-02T15:15:16.097837,7WDT_NGS_ligand_start_conf__Orai1WT-MDSnap-Fr400_cleaned,Orai1WT-MDSnap-Fr400_cleaned,7WDT_NGS_ligand_start_conf,success,,26.73,35,15,15,5,0,301.27,19,34,9,1,0,5,9,162.62,-3.25,C8H15NO9S,223,21026,1,3,5,5,True,True,cuda,NVIDIA GeForce RTX 4070 Laptop GPU
2026-05-02T15:15:16.099131,7WJB_BGC_ligand_start_conf__Orai1WT-MDSnap-Fr400_cleaned,Orai1WT-MDSnap-Fr400_cleaned,7WJB_BGC_ligand_start_conf,success,,17.07,35,15,15,5,0,180.16,12,24,6,1,0,5,6,110.38,-3.22,C6H12O6,223,21026,1,3,5,5,True,True,cuda,NVIDIA GeForce RTX 4070 Laptop GPU
2026-05-02T15:15:16.101071,7WKL_CAQ_ligand_start_conf__Orai1WT-MDSnap-Fr400_cleaned,Orai1WT-MDSnap-Fr400_cleaned,7WKL_CAQ_ligand_start_conf,success,,9.82,35,15,15,5,0,110.11,8,14,2,1,1,2,2,40.46,1.1,C6H6O2,223,21026,1,3,5,5,True,True,cuda,NVIDIA GeForce RTX 4070 Laptop GPU
2026-05-02T15:15:16.102320,7WL4_JFU_ligand_start_conf__Orai1WT-MDSnap-Fr400_cleaned,Orai1WT-MDSnap-Fr400_cleaned,7WL4_JFU_ligand_start_conf,success,,31.11,35,15,15,5,0,487.53,34,57,7,5,3,1,6,85.85,3.05,C23H23F2N5O3S,223,21026,1,3,5,5,True,True,cuda,NVIDIA GeForce RTX 4070 Laptop GPU
2026-05-02T15:15:16.103652,7WN5_JGL_ligand_start_conf__Orai1WT-MDSnap-Fr400_cleaned,Orai1WT-MDSnap-Fr400_cleaned,7WN5_JGL_ligand_start_conf,success,,31.2,35,15,15,5,0,526.52,37,57,9,5,5,2,7,119.22,5.02,C25H20F2N4O5S,223,21026,1,3,5,5,True,True,cuda,NVIDIA GeForce RTX 4070 Laptop GPU
2026-05-02T15:15:16.104906,7WPW_F15_ligand_start_conf__Orai1WT-MDSnap-Fr400_cleaned,Orai1WT-MDSnap-Fr400_cleaned,7WPW_F15_ligand_start_conf,success,,52.71,35,15,15,5,0,242.4,17,47,14,0,0,1,2,37.3,5.16,C15H30O2,223,21026,1,3,5,5,True,True,cuda,NVIDIA GeForce RTX 4070 Laptop GPU
2026-05-02T15:15:16.106251,7WQQ_5Z6_ligand_start_conf__Orai1WT-MDSnap-Fr400_cleaned,Orai1WT-MDSnap-Fr400_cleaned,7WQQ_5Z6_ligand_start_conf,success,,41.57,35,15,15,5,0,364.48,27,55,4,2,2,1,3,54.37,5.88,C24H28O3,223,21026,1,3,5,5,True,True,cuda,NVIDIA GeForce RTX 4070 Laptop GPU
2026-05-02T15:15:16.107680,7WUX_6OI_ligand_start_conf__Orai1WT-MDSnap-Fr400_cleaned,Orai1WT-MDSnap-Fr400_cleaned,7WUX_6OI_ligand_start_conf,success,,37.42,35,15,15,5,0,272.28,17,33,12,0,0,5,9,173.17,-2.31,C7H16N2O7S,223,21026,1,3,5,5,True,True,cuda,NVIDIA GeForce RTX 4070 Laptop GPU
2026-05-02T15:15:16.108994,7WUY_76N_ligand_start_conf__Orai1WT-MDSnap-Fr400_cleaned,Orai1WT-MDSnap-Fr400_cleaned,7WUY_76N_ligand_start_conf,success,,27.69,35,15,15,5,0,415.49,30,59,7,5,1,4,6,123.15,2.0,C23H29NO6,223,21026,1,3,5,5,True,True,cuda,NVIDIA GeForce RTX 4070 Laptop GPU
2026-05-02T15:15:16.110228,7WY1_D0L_ligand_start_conf__Orai1WT-MDSnap-Fr400_cleaned,Orai1WT-MDSnap-Fr400_cleaned,7WY1_D0L_ligand_start_conf,success,,46.09,35,15,15,5,0,360.5,26,58,12,2,1,2,4,69.64,3.23,C21H32N2O3,223,21026,1,3,5,5,True,True,cuda,NVIDIA GeForce RTX 4070 Laptop GPU
2026-05-02T15:15:16.111825,7X5N_5M5_ligand_start_conf__Orai1WT-MDSnap-Fr400_cleaned,Orai1WT-MDSnap-Fr400_cleaned,7X5N_5M5_ligand_start_conf,success,,31.91,35,15,15,5,0,400.48,30,54,9,4,3,3,5,107.95,3.91,C24H24N4O2,223,21026,1,3,5,5,True,True,cuda,NVIDIA GeForce RTX 4070 Laptop GPU
2026-05-02T15:15:16.113173,7X9K_8OG_ligand_start_conf__Orai1WT-MDSnap-Fr400_cleaned,Orai1WT-MDSnap-Fr400_cleaned,7X9K_8OG_ligand_start_conf,success,,25.28,35,15,15,5,0,363.22,24,38,8,3,2,6,11,205.78,-2.25,C10H14N5O8P,223,21026,1,3,5,5,True,True,cuda,NVIDIA GeForce RTX 4070 Laptop GPU
2026-05-02T15:15:16.115000,7XBV_APC_ligand_start_conf__Orai1WT-MDSnap-Fr400_cleaned,Orai1WT-MDSnap-Fr400_cleaned,7XBV_APC_ligand_start_conf,success,,37.02,35,15,15,5,0,505.21,31,49,15,3,2,7,17,269.9,-1.52,C11H18N5O12P3,223,21026,1,3,5,5,True,True,cuda,NVIDIA GeForce RTX 4070 Laptop GPU
2026-05-02T15:15:16.116364,7XEK_9YX_ligand_start_conf__Orai1WT-MDSnap-Fr400_cleaned,Orai1WT-MDSnap-Fr400_cleaned,7XEK_9YX_ligand_start_conf,success,,25.99,35,15,15,5,0,350.29,22,37,9,2,1,5,10,149.21,0.49,C11H15N2O7PS,223,21026,1,3,5,5,True,True,cuda,NVIDIA GeForce RTX 4070 Laptop GPU
2026-05-02T15:15:16.117719,7XFA_D9J_ligand_start_conf__Orai1WT-MDSnap-Fr400_cleaned,Orai1WT-MDSnap-Fr400_cleaned,7XFA_D9J_ligand_start_conf,success,,33.61,35,15,15,5,0,621.35,41,60,9,5,4,3,10,131.34,3.83,C24H19Cl2F5N6O4,223,21026,1,3,5,5,True,True,cuda,NVIDIA GeForce RTX 4070 Laptop GPU
2026-05-02T15:15:16.119939,7XG5_PLP_ligand_start_conf__Orai1WT-MDSnap-Fr400_cleaned,Orai1WT-MDSnap-Fr400_cleaned,7XG5_PLP_ligand_start_conf,success,,17.54,35,15,15,5,0,247.14,16,26,8,1,1,3,7,116.95,0.52,C8H10NO6P,223,21026,1,3,5,5,True,True,cuda,NVIDIA GeForce RTX 4070 Laptop GPU
2026-05-02T15:15:16.121202,7XI7_4RI_ligand_start_conf__Orai1WT-MDSnap-Fr400_cleaned,Orai1WT-MDSnap-Fr400_cleaned,7XI7_4RI_ligand_start_conf,success,,33.76,35,15,15,5,0,270.38,20,42,9,2,2,2,4,77.82,3.43,C16H22N4,223,21026,1,3,5,5,True,True,cuda,NVIDIA GeForce RTX 4070 Laptop GPU
2026-05-02T15:15:16.122415,7XIJ_EJ3_ligand_start_conf__Orai1WT-MDSnap-Fr400_cleaned,Orai1WT-MDSnap-Fr400_cleaned,7XIJ_EJ3_ligand_start_conf,success,,29.67,35,15,15,5,0,450.43,33,52,8,4,4,2,8,115.45,3.8,C23H19FN4O5,223,21026,1,3,5,5,True,True,cuda,NVIDIA GeForce RTX 4070 Laptop GPU
2026-05-02T15:15:16.123688,7XJN_NSD_ligand_start_conf__Orai1WT-MDSnap-Fr400_cleaned,Orai1WT-MDSnap-Fr400_cleaned,7XJN_NSD_ligand_start_conf,success,,26.41,35,15,15,5,0,131.22,9,26,8,0,0,3,3,64.07,-0.73,C6H17N3,223,21026,1,3,5,5,True,True,cuda,NVIDIA GeForce RTX 4070 Laptop GPU
2026-05-02T15:15:16.125207,7XPO_UPG_ligand_start_conf__Orai1WT-MDSnap-Fr400_cleaned,Orai1WT-MDSnap-Fr400_cleaned,7XPO_UPG_ligand_start_conf,success,,37.15,35,15,15,5,0,566.3,36,60,17,3,1,9,18,296.99,-4.79,C15H24N2O17P2,223,21026,1,3,5,5,True,True,cuda,NVIDIA GeForce RTX 4070 Laptop GPU
2026-05-02T15:15:16.126523,7XQZ_FPF_ligand_start_conf__Orai1WT-MDSnap-Fr400_cleaned,Orai1WT-MDSnap-Fr400_cleaned,7XQZ_FPF_ligand_start_conf,success,,45.29,35,15,15,5,0,400.32,25,52,18,0,0,3,7,113.29,4.93,C15H27FO7P2,223,21026,1,3,5,5,True,True,cuda,NVIDIA GeForce RTX 4070 Laptop GPU
2026-05-02T15:15:16.127751,7XRL_FWK_ligand_start_conf__Orai1WT-MDSnap-Fr400_cleaned,Orai1WT-MDSnap-Fr400_cleaned,7XRL_FWK_ligand_start_conf,success,,23.2,35,15,15,5,0,265.27,19,34,6,3,2,3,8,119.31,-0.56,C11H15N5O3,223,21026,1,3,5,5,True,True,cuda,NVIDIA GeForce RTX 4070 Laptop GPU
2026-05-02T15:15:16.128987,7YZU_DO7_ligand_start_conf__Orai1WT-MDSnap-Fr400_cleaned,Orai1WT-MDSnap-Fr400_cleaned,7YZU_DO7_ligand_start_conf,success,,23.95,35,15,15,5,0,258.25,16,30,8,1,0,4,8,133.52,-2.67,C7H14O8S,223,21026,1,3,5,5,True,True,cuda,NVIDIA GeForce RTX 4070 Laptop GPU
2026-05-02T15:15:16.130400,7Z1Q_NIO_ligand_start_conf__Orai1WT-MDSnap-Fr400_cleaned,Orai1WT-MDSnap-Fr400_cleaned,7Z1Q_NIO_ligand_start_conf,success,,10.33,35,15,15,5,0,123.11,9,14,1,1,1,1,3,50.19,0.78,C6H5NO2,223,21026,1,3,5,5,True,True,cuda,NVIDIA GeForce RTX 4070 Laptop GPU
2026-05-02T15:15:16.131844,7Z2O_IAJ_ligand_start_conf__Orai1WT-MDSnap-Fr400_cleaned,Orai1WT-MDSnap-Fr400_cleaned,7Z2O_IAJ_ligand_start_conf,success,,10.84,35,15,15,5,0,205.24,14,21,2,3,3,0,5,39.42,1.95,C9H7N3OS,223,21026,1,3,5,5,True,True,cuda,NVIDIA GeForce RTX 4070 Laptop GPU
2026-05-02T15:15:16.133230,7Z7F_IF3_ligand_start_conf__Orai1WT-MDSnap-Fr400_cleaned,Orai1WT-MDSnap-Fr400_cleaned,7Z7F_IF3_ligand_start_conf,success,,19.18,35,15,15,5,0,192.23,14,26,5,2,2,2,6,67.66,0.45,C8H12N6,223,21026,1,3,5,5,True,True,cuda,NVIDIA GeForce RTX 4070 Laptop GPU
2026-05-02T15:15:16.134460,7ZCC_OGA_ligand_start_conf__Orai1WT-MDSnap-Fr400_cleaned,Orai1WT-MDSnap-Fr400_cleaned,7ZCC_OGA_ligand_start_conf,success,,15.97,35,15,15,5,0,147.09,10,15,2,0,0,3,5,103.7,-1.73,C4H5NO5,223,21026,1,3,5,5,True,True,cuda,NVIDIA GeForce RTX 4070 Laptop GPU
2026-05-02T15:15:16.135839,7ZDY_6MJ_ligand_start_conf__Orai1WT-MDSnap-Fr400_cleaned,Orai1WT-MDSnap-Fr400_cleaned,7ZDY_6MJ_ligand_start_conf,success,,13.42,35,15,15,5,0,164.16,11,23,5,1,0,3,5,79.15,-1.93,C6H12O5,223,21026,1,3,5,5,True,True,cuda,NVIDIA GeForce RTX 4070 Laptop GPU
2026-05-02T15:15:16.137225,7ZF0_DHR_ligand_start_conf__Orai1WT-MDSnap-Fr400_cleaned,Orai1WT-MDSnap-Fr400_cleaned,7ZF0_DHR_ligand_start_conf,success,,12.17,35,15,15,5,0,149.15,11,18,3,1,1,2,3,64.25,0.95,C8H7NO2,223,21026,1,3,5,5,True,True,cuda,NVIDIA GeForce RTX 4070 Laptop GPU
2026-05-02T15:15:16.139251,7ZHP_IQY_ligand_start_conf__Orai1WT-MDSnap-Fr400_cleaned,Orai1WT-MDSnap-Fr400_cleaned,7ZHP_IQY_ligand_start_conf,success,,28.71,35,15,15,5,0,360.46,27,51,6,4,3,3,4,87.82,3.6,C22H24N4O,223,21026,1,3,5,5,True,True,cuda,NVIDIA GeForce RTX 4070 Laptop GPU
2026-05-02T15:15:16.140605,7ZL5_IWE_ligand_start_conf__Orai1WT-MDSnap-Fr400_cleaned,Orai1WT-MDSnap-Fr400_cleaned,7ZL5_IWE_ligand_start_conf,success,,23.3,35,15,15,5,0,370.85,23,34,6,3,3,3,7,126.65,1.84,C12H11ClN6O2S2,223,21026,1,3,5,5,True,True,cuda,NVIDIA GeForce RTX 4070 Laptop GPU
2026-05-02T15:15:16.141843,7ZOC_T8E_ligand_start_conf__Orai1WT-MDSnap-Fr400_cleaned,Orai1WT-MDSnap-Fr400_cleaned,7ZOC_T8E_ligand_start_conf,success,,20.98,35,15,15,5,0,223.3,15,28,6,1,1,2,3,46.17,2.15,C11H13NO2S,223,21026,1,3,5,5,True,True,cuda,NVIDIA GeForce RTX 4070 Laptop GPU
2026-05-02T15:15:16.143173,7ZTL_BCN_ligand_start_conf__Orai1WT-MDSnap-Fr400_cleaned,Orai1WT-MDSnap-Fr400_cleaned,7ZTL_BCN_ligand_start_conf,success,,25.18,35,15,15,5,0,163.17,11,24,8,0,0,3,5,81.0,-1.64,C6H13NO4,223,21026,1,3,5,5,True,True,cuda,NVIDIA GeForce RTX 4070 Laptop GPU
2026-05-02T15:15:16.144542,7ZU2_DHT_ligand_start_conf__Orai1WT-MDSnap-Fr400_cleaned,Orai1WT-MDSnap-Fr400_cleaned,7ZU2_DHT_ligand_start_conf,success,,21.9,35,15,15,5,0,290.45,21,51,3,4,0,1,2,37.3,3.96,C19H30O2,223,21026,1,3,5,5,True,True,cuda,NVIDIA GeForce RTX 4070 Laptop GPU
2026-05-02T15:15:16.145829,7ZXV_45D_ligand_start_conf__Orai1WT-MDSnap-Fr400_cleaned,Orai1WT-MDSnap-Fr400_cleaned,7ZXV_45D_ligand_start_conf,success,,53.62,35,15,15,5,0,564.85,42,94,20,2,0,0,2,34.14,10.96,C40H52O2,223,21026,1,3,5,5,True,True,cuda,NVIDIA GeForce RTX 4070 Laptop GPU
2026-05-02T15:15:16.147127,7ZXZ_K9R_ligand_start_conf__Orai1WT-MDSnap-Fr400_cleaned,Orai1WT-MDSnap-Fr400_cleaned,7ZXZ_K9R_ligand_start_conf,success,,38.09,35,15,15,5,0,507.7,33,62,11,4,1,5,7,104.37,2.38,C23H29N3O4S3,223,21026,1,3,5,5,True,True,cuda,NVIDIA GeForce RTX 4070 Laptop GPU
2026-05-02T15:15:16.148684,7ZYS_KNR_ligand_start_conf__Orai1WT-MDSnap-Fr400_cleaned,Orai1WT-MDSnap-Fr400_cleaned,7ZYS_KNR_ligand_start_conf,success,,48.38,35,15,15,5,0,615.78,44,93,10,2,1,9,7,233.42,-0.6,C30H49N9O5,223,21026,1,3,5,5,True,True,cuda,NVIDIA GeForce RTX 4070 Laptop GPU
2026-05-02T15:15:16.150037,7ZZB_KGX_ligand_start_conf__Orai1WT-MDSnap-Fr400_cleaned,Orai1WT-MDSnap-Fr400_cleaned,7ZZB_KGX_ligand_start_conf,success,,52.47,35,15,15,5,0,712.69,51,87,18,6,4,10,21,346.31,-4.93,C28H36N14O9,223,21026,1,3,5,5,True,True,cuda,NVIDIA GeForce RTX 4070 Laptop GPU
2026-05-02T15:15:16.151547,7ZZW_KKW_ligand_start_conf__Orai1WT-MDSnap-Fr400_cleaned,Orai1WT-MDSnap-Fr400_cleaned,7ZZW_KKW_ligand_start_conf,success,,22.3,35,15,15,5,0,426.97,29,52,3,5,3,1,5,48.47,3.74,C22H23ClN4OS,223,21026,1,3,5,5,True,True,cuda,NVIDIA GeForce RTX 4070 Laptop GPU
2026-05-02T15:15:16.152917,8A1H_DLZ_ligand_start_conf__Orai1WT-MDSnap-Fr400_cleaned,Orai1WT-MDSnap-Fr400_cleaned,8A1H_DLZ_ligand_start_conf,success,,33.11,35,15,15,5,0,326.31,23,41,11,2,0,5,9,161.56,-2.88,C13H18N4O6,223,21026,1,3,5,5,True,True,cuda,NVIDIA GeForce RTX 4070 Laptop GPU
2026-05-02T15:15:16.154459,8A2D_KXY_ligand_start_conf__Orai1WT-MDSnap-Fr400_cleaned,Orai1WT-MDSnap-Fr400_cleaned,8A2D_KXY_ligand_start_conf,success,,39.48,35,15,15,5,0,681.81,49,86,10,8,5,2,9,101.1,6.2,C37H37F2N7O2S,223,21026,1,3,5,5,True,True,cuda,NVIDIA GeForce RTX 4070 Laptop GPU
2026-05-02T15:15:16.155830,8AAU_LH0_ligand_start_conf__Orai1WT-MDSnap-Fr400_cleaned,Orai1WT-MDSnap-Fr400_cleaned,8AAU_LH0_ligand_start_conf,success,,27.55,35,15,15,5,0,431.29,27,41,7,3,3,1,5,59.81,5.83,C17H14Cl2F2N4OS,223,21026,1,3,5,5,True,True,cuda,NVIDIA GeForce RTX 4070 Laptop GPU
2026-05-02T15:15:16.157258,8ACL_LQL_ligand_start_conf__Orai1WT-MDSnap-Fr400_cleaned,Orai1WT-MDSnap-Fr400_cleaned,8ACL_LQL_ligand_start_conf,success,,25.19,35,15,15,5,0,475.4,31,51,5,4,3,1,5,65.54,4.1,C22H20Cl2N4O2S,223,21026,1,3,5,5,True,True,cuda,NVIDIA GeForce RTX 4070 Laptop GPU
2026-05-02T15:15:16.158565,8AEM_LVF_ligand_start_conf__Orai1WT-MDSnap-Fr400_cleaned,Orai1WT-MDSnap-Fr400_cleaned,8AEM_LVF_ligand_start_conf,success,,11.01,35,15,15,5,0,190.63,13,20,1,2,2,1,1,39.58,2.89,C10H7ClN2,223,21026,1,3,5,5,True,True,cuda,NVIDIA GeForce RTX 4070 Laptop GPU
2026-05-02T15:15:16.159857,8AEU_M0L_ligand_start_conf__Orai1WT-MDSnap-Fr400_cleaned,Orai1WT-MDSnap-Fr400_cleaned,8AEU_M0L_ligand_start_conf,success,,33.29,35,15,15,5,0,593.51,41,71,9,5,3,1,5,83.47,6.4,C31H30Cl2N4O4,223,21026,1,3,5,5,True,True,cuda,NVIDIA GeForce RTX 4070 Laptop GPU
2026-05-02T15:15:16.161203,8AIE_M7L_ligand_start_conf__Orai1WT-MDSnap-Fr400_cleaned,Orai1WT-MDSnap-Fr400_cleaned,8AIE_M7L_ligand_start_conf,success,,28.48,35,15,15,5,0,349.24,23,39,13,1,1,5,11,184.79,-0.38,C11H16N3O8P,223,21026,1,3,5,5,True,True,cuda,NVIDIA GeForce RTX 4070 Laptop GPU
2026-05-02T15:15:16.162510,8AIJ_M9I_ligand_start_conf__Orai1WT-MDSnap-Fr400_cleaned,Orai1WT-MDSnap-Fr400_cleaned,8AIJ_M9I_ligand_start_conf,success,,22.41,35,15,15,5,0,267.28,19,36,6,2,1,4,5,99.02,-0.76,C13H17NO5,223,21026,1,3,5,5,True,True,cuda,NVIDIA GeForce RTX 4070 Laptop GPU
2026-05-02T15:15:16.163934,8AJX_FUM_ligand_start_conf__Orai1WT-MDSnap-Fr400_cleaned,Orai1WT-MDSnap-Fr400_cleaned,8AJX_FUM_ligand_start_conf,success,,11.65,35,15,15,5,0,116.07,8,12,2,0,0,2,4,74.6,-0.29,C4H4O4,223,21026,1,3,5,5,True,True,cuda,NVIDIA GeForce RTX 4070 Laptop GPU
2026-05-02T15:15:16.165201,8AP0_PRP_ligand_start_conf__Orai1WT-MDSnap-Fr400_cleaned,Orai1WT-MDSnap-Fr400_cleaned,8AP0_PRP_ligand_start_conf,success,,27.34,35,15,15,5,0,390.07,22,35,14,1,0,7,14,229.74,-2.23,C5H13O14P3,223,21026,1,3,5,5,True,True,cuda,NVIDIA GeForce RTX 4070 Laptop GPU
2026-05-02T15:15:16.166516,8AQL_PLG_ligand_start_conf__Orai1WT-MDSnap-Fr400_cleaned,Orai1WT-MDSnap-Fr400_cleaned,8AQL_PLG_ligand_start_conf,success,,28.76,35,15,15,5,0,306.21,20,35,11,1,1,5,9,149.21,-0.12,C10H15N2O7P,223,21026,1,3,5,5,True,True,cuda,NVIDIA GeForce RTX 4070 Laptop GPU
2026-05-02T15:15:16.168139,8AUH_L9I_ligand_start_conf__Orai1WT-MDSnap-Fr400_cleaned,Orai1WT-MDSnap-Fr400_cleaned,8AUH_L9I_ligand_start_conf,success,,17.44,35,15,15,5,0,159.14,11,20,6,0,0,1,5,75.96,-0.03,C6H9NO4,223,21026,1,3,5,5,True,True,cuda,NVIDIA GeForce RTX 4070 Laptop GPU
2026-05-02T15:15:16.169564,8AY3_OE3_ligand_start_conf__Orai1WT-MDSnap-Fr400_cleaned,Orai1WT-MDSnap-Fr400_cleaned,8AY3_OE3_ligand_start_conf,success,,29.15,35,15,15,5,0,356.45,25,45,7,3,3,1,4,68.17,2.81,C19H20N2O3S,223,21026,1,3,5,5,True,True,cuda,NVIDIA GeForce RTX 4070 Laptop GPU
2026-05-02T15:15:16.170816,8B8H_OJQ_ligand_start_conf__Orai1WT-MDSnap-Fr400_cleaned,Orai1WT-MDSnap-Fr400_cleaned,8B8H_OJQ_ligand_start_conf,success,,27.58,35,15,15,5,0,332.23,22,37,11,2,2,5,9,162.75,-0.21,C11H15N3O7P+,223,21026,1,3,5,5,True,True,cuda,NVIDIA GeForce RTX 4070 Laptop GPU
2026-05-02T15:15:16.172024,8BN6_R53_ligand_start_conf__Orai1WT-MDSnap-Fr400_cleaned,Orai1WT-MDSnap-Fr400_cleaned,8BN6_R53_ligand_start_conf,success,,23.89,35,15,15,5,0,455.32,29,45,5,4,3,3,7,107.55,4.03,C18H16Cl2N4O4S,223,21026,1,3,5,5,True,True,cuda,NVIDIA GeForce RTX 4070 Laptop GPU
2026-05-02T15:15:16.173448,8BOM_QU6_ligand_start_conf__Orai1WT-MDSnap-Fr400_cleaned,Orai1WT-MDSnap-Fr400_cleaned,8BOM_QU6_ligand_start_conf,success,,29.31,35,15,15,5,0,465.52,35,58,9,5,5,2,8,106.85,4.74,C26H23N7O2,223,21026,1,3,5,5,True,True,cuda,NVIDIA GeForce RTX 4070 Laptop GPU
2026-05-02T15:15:16.175019,8BPL_CP_ligand_start_conf__Orai1WT-MDSnap-Fr400_cleaned,Orai1WT-MDSnap-Fr400_cleaned,8BPL_CP_ligand_start_conf,success,,12.13,35,15,15,5,0,141.02,8,12,3,0,0,3,5,109.85,-0.83,CH4NO5P,223,21026,1,3,5,5,True,True,cuda,NVIDIA GeForce RTX 4070 Laptop GPU
2026-05-02T15:15:16.176456,8BRO_R7E_ligand_start_conf__Orai1WT-MDSnap-Fr400_cleaned,Orai1WT-MDSnap-Fr400_cleaned,8BRO_R7E_ligand_start_conf,success,,29.1,35,15,15,5,0,362.38,26,48,9,3,2,5,7,138.18,-0.04,C18H22N2O6,223,21026,1,3,5,5,True,True,cuda,NVIDIA GeForce RTX 4070 Laptop GPU
2026-05-02T15:15:16.177688,8BTI_RFO_ligand_start_conf__Orai1WT-MDSnap-Fr400_cleaned,Orai1WT-MDSnap-Fr400_cleaned,8BTI_RFO_ligand_start_conf,success,,14.09,35,15,15,5,0,223.66,15,25,3,2,2,0,3,31.23,2.58,C11H10ClNO2,223,21026,1,3,5,5,True,True,cuda,NVIDIA GeForce RTX 4070 Laptop GPU
2026-05-02T15:15:16.178946,8C3N_ADP_ligand_start_conf__Orai1WT-MDSnap-Fr400_cleaned,Orai1WT-MDSnap-Fr400_cleaned,8C3N_ADP_ligand_start_conf,success,,27.75,35,15,15,5,0,427.2,27,42,12,3,2,6,15,232.6,-1.75,C10H15N5O10P2,223,21026,1,3,5,5,True,True,cuda,NVIDIA GeForce RTX 4070 Laptop GPU
2026-05-02T15:15:16.180278,8C5D_GTB_ligand_start_conf__Orai1WT-MDSnap-Fr400_cleaned,Orai1WT-MDSnap-Fr400_cleaned,8C5D_GTB_ligand_start_conf,success,,42.96,35,15,15,5,0,442.45,30,52,14,1,1,5,10,201.96,-0.29,C17H22N4O8S,223,21026,1,3,5,5,True,True,cuda,NVIDIA GeForce RTX 4070 Laptop GPU
2026-05-02T15:15:16.181533,8C5M_MTA_ligand_start_conf__Orai1WT-MDSnap-Fr400_cleaned,Orai1WT-MDSnap-Fr400_cleaned,8C5M_MTA_ligand_start_conf,success,,23.14,35,15,15,5,0,297.34,20,35,7,3,2,3,9,119.31,-0.61,C11H15N5O3S,223,21026,1,3,5,5,True,True,cuda,NVIDIA GeForce RTX 4070 Laptop GPU
2026-05-02T15:15:16.182903,8C7Y_TXV_ligand_start_conf__Orai1WT-MDSnap-Fr400_cleaned,Orai1WT-MDSnap-Fr400_cleaned,8C7Y_TXV_ligand_start_conf,success,,29.73,35,15,15,5,0,478.89,34,51,7,4,4,2,4,98.64,5.78,C25H17ClF2N4O2,223,21026,1,3,5,5,True,True,cuda,NVIDIA GeForce RTX 4070 Laptop GPU
2026-05-02T15:15:16.184331,8CGC_LMR_ligand_start_conf__Orai1WT-MDSnap-Fr400_cleaned,Orai1WT-MDSnap-Fr400_cleaned,8CGC_LMR_ligand_start_conf,success,,14.98,35,15,15,5,0,134.09,9,15,4,0,0,3,5,94.83,-1.09,C4H6O5,223,21026,1,3,5,5,True,True,cuda,NVIDIA GeForce RTX 4070 Laptop GPU
2026-05-02T15:15:16.186003,8CI0_8EL_ligand_start_conf__Orai1WT-MDSnap-Fr400_cleaned,Orai1WT-MDSnap-Fr400_cleaned,8CI0_8EL_ligand_start_conf,success,,34.61,35,15,15,5,0,426.33,26,46,14,2,1,4,12,168.33,1.72,C12H20N4O7P2S,223,21026,1,3,5,5,True,True,cuda,NVIDIA GeForce RTX 4070 Laptop GPU
2026-05-02T15:15:16.187563,8CNH_V6U_ligand_start_conf__Orai1WT-MDSnap-Fr400_cleaned,Orai1WT-MDSnap-Fr400_cleaned,8CNH_V6U_ligand_start_conf,success,,24.85,35,15,15,5,0,357.8,25,41,7,3,3,1,7,95.92,2.49,C17H16ClN5O2,223,21026,1,3,5,5,True,True,cuda,NVIDIA GeForce RTX 4070 Laptop GPU
2026-05-02T15:15:16.189098,8CSD_C5P_ligand_start_conf__Orai1WT-MDSnap-Fr400_cleaned,Orai1WT-MDSnap-Fr400_cleaned,8CSD_C5P_ligand_start_conf,success,,25.07,35,15,15,5,0,323.2,21,35,9,2,1,5,11,177.36,-2.45,C9H14N3O8P,223,21026,1,3,5,5,True,True,cuda,NVIDIA GeForce RTX 4070 Laptop GPU
2026-05-02T15:15:16.190576,8D19_GSH_ligand_start_conf__Orai1WT-MDSnap-Fr400_cleaned,Orai1WT-MDSnap-Fr400_cleaned,8D19_GSH_ligand_start_conf,success,,37.95,35,15,15,5,0,307.33,20,37,11,0,0,6,8,158.82,-2.21,C10H17N3O6S,223,21026,1,3,5,5,True,True,cuda,NVIDIA GeForce RTX 4070 Laptop GPU
2026-05-02T15:15:16.192312,8D39_QDB_ligand_start_conf__Orai1WT-MDSnap-Fr400_cleaned,Orai1WT-MDSnap-Fr400_cleaned,8D39_QDB_ligand_start_conf,success,,14.25,35,15,15,5,0,226.23,17,27,3,2,2,1,3,54.37,2.62,C14H10O3,223,21026,1,3,5,5,True,True,cuda,NVIDIA GeForce RTX 4070 Laptop GPU
2026-05-02T15:15:16.193988,8D5D_5DK_ligand_start_conf__Orai1WT-MDSnap-Fr400_cleaned,Orai1WT-MDSnap-Fr400_cleaned,8D5D_5DK_ligand_start_conf,success,,38.57,35,15,15,5,0,403.33,27,49,14,1,1,7,10,211.44,-0.16,C14H22N5O7P,223,21026,1,3,5,5,True,True,cuda,NVIDIA GeForce RTX 4070 Laptop GPU
2026-05-02T15:15:16.195482,8DHG_T78_ligand_start_conf__Orai1WT-MDSnap-Fr400_cleaned,Orai1WT-MDSnap-Fr400_cleaned,8DHG_T78_ligand_start_conf,success,,35.36,35,15,15,5,0,518.86,35,54,11,3,3,2,9,124.16,3.02,C20H19ClF4N6O4,223,21026,1,3,5,5,True,True,cuda,NVIDIA GeForce RTX 4070 Laptop GPU
2026-05-02T15:15:16.196967,8DKO_TFB_ligand_start_conf__Orai1WT-MDSnap-Fr400_cleaned,Orai1WT-MDSnap-Fr400_cleaned,8DKO_TFB_ligand_start_conf,success,,10.21,35,15,15,5,0,116.12,8,16,1,1,0,1,3,46.53,0.25,C5H8O3,223,21026,1,3,5,5,True,True,cuda,NVIDIA GeForce RTX 4070 Laptop GPU
2026-05-02T15:15:16.198471,8DP2_UMA_ligand_start_conf__Orai1WT-MDSnap-Fr400_cleaned,Orai1WT-MDSnap-Fr400_cleaned,8DP2_UMA_ligand_start_conf,success,,56.06,35,15,15,5,0,750.5,49,85,24,3,1,10,21,361.26,-4.65,C23H36N4O20P2,223,21026,1,3,5,5,True,True,cuda,NVIDIA GeForce RTX 4070 Laptop GPU
2026-05-02T15:15:16.199948,8DSC_NCA_ligand_start_conf__Orai1WT-MDSnap-Fr400_cleaned,Orai1WT-MDSnap-Fr400_cleaned,8DSC_NCA_ligand_start_conf,success,,10.1,35,15,15,5,0,122.13,9,15,1,1,1,1,2,55.98,0.18,C6H6N2O,223,21026,1,3,5,5,True,True,cuda,NVIDIA GeForce RTX 4070 Laptop GPU
2026-05-02T15:15:16.201300,8DW5_FQ7_ligand_start_conf__Orai1WT-MDSnap-Fr400_cleaned,Orai1WT-MDSnap-Fr400_cleaned,8DW5_FQ7_ligand_start_conf,success,,14.14,35,15,15,5,0,282.13,18,27,3,2,2,2,3,49.33,4.44,C13H9Cl2NO2,223,21026,1,3,5,5,True,True,cuda,NVIDIA GeForce RTX 4070 Laptop GPU
2026-05-02T15:15:16.202600,8DZT_G4P_ligand_start_conf__Orai1WT-MDSnap-Fr400_cleaned,Orai1WT-MDSnap-Fr400_cleaned,8DZT_G4P_ligand_start_conf,success,,34.26,35,15,15,5,0,603.16,36,53,18,3,2,9,21,345.63,-2.22,C10H17N5O17P4,223,21026,1,3,5,5,True,True,cuda,NVIDIA GeForce RTX 4070 Laptop GPU
2026-05-02T15:15:16.204012,8E77_ULP_ligand_start_conf__Orai1WT-MDSnap-Fr400_cleaned,Orai1WT-MDSnap-Fr400_cleaned,8E77_ULP_ligand_start_conf,success,,50.85,35,15,15,5,0,849.48,55,89,25,4,2,11,25,414.94,-3.41,C25H34N5O22P3,223,21026,1,3,5,5,True,True,cuda,NVIDIA GeForce RTX 4070 Laptop GPU
2026-05-02T15:15:16.205437,8EAB_VN2_ligand_start_conf__Orai1WT-MDSnap-Fr400_cleaned,Orai1WT-MDSnap-Fr400_cleaned,8EAB_VN2_ligand_start_conf,success,,36.86,35,15,15,5,0,688.55,49,70,7,5,5,2,4,83.98,8.98,C34H21F9N4O2,223,21026,1,3,5,5,True,True,cuda,NVIDIA GeForce RTX 4070 Laptop GPU
2026-05-02T15:15:16.206807,8EAD_UY0_ligand_start_conf__Orai1WT-MDSnap-Fr400_cleaned,Orai1WT-MDSnap-Fr400_cleaned,8EAD_UY0_ligand_start_conf,success,,42.82,35,15,15,5,0,559.14,38,73,11,4,3,3,8,108.48,5.94,C27H35ClN6O3S,223,21026,1,3,5,5,True,True,cuda,NVIDIA GeForce RTX 4070 Laptop GPU
2026-05-02T15:15:16.208084,8ERS_WQO_ligand_start_conf__Orai1WT-MDSnap-Fr400_cleaned,Orai1WT-MDSnap-Fr400_cleaned,8ERS_WQO_ligand_start_conf,success,,21.29,35,15,15,5,0,313.31,23,38,5,3,2,3,6,109.85,2.13,C17H15NO5,223,21026,1,3,5,5,True,True,cuda,NVIDIA GeForce RTX 4070 Laptop GPU
2026-05-02T15:15:16.209402,8EX2_Q2Q_ligand_start_conf__Orai1WT-MDSnap-Fr400_cleaned,Orai1WT-MDSnap-Fr400_cleaned,8EX2_Q2Q_ligand_start_conf,success,,18.68,35,15,15,5,0,355.32,26,38,2,4,3,0,4,47.25,4.73,C19H12F3N3O,223,21026,1,3,5,5,True,True,cuda,NVIDIA GeForce RTX 4070 Laptop GPU
2026-05-02T15:15:16.210919,8EXL_799_ligand_start_conf__Orai1WT-MDSnap-Fr400_cleaned,Orai1WT-MDSnap-Fr400_cleaned,8EXL_799_ligand_start_conf,success,,40.37,35,15,15,5,0,460.54,34,62,10,5,4,1,9,118.67,3.17,C24H28N8O2,223,21026,1,3,5,5,True,True,cuda,NVIDIA GeForce RTX 4070 Laptop GPU
2026-05-02T15:15:16.212254,8EYE_X4I_ligand_start_conf__Orai1WT-MDSnap-Fr400_cleaned,Orai1WT-MDSnap-Fr400_cleaned,8EYE_X4I_ligand_start_conf,success,,29.97,35,15,15,5,0,465.38,33,49,8,3,3,4,4,90.46,3.82,C22H16F5N3O3,223,21026,1,3,5,5,True,True,cuda,NVIDIA GeForce RTX 4070 Laptop GPU
2026-05-02T15:15:16.213527,8F4J_PHO_ligand_start_conf__Orai1WT-MDSnap-Fr400_cleaned,Orai1WT-MDSnap-Fr400_cleaned,8F4J_PHO_ligand_start_conf,success,,91.38,35,15,15,5,0,871.22,64,138,31,6,3,2,7,127.03,13.96,C55H74N4O5,223,21026,1,3,5,5,True,True,cuda,NVIDIA GeForce RTX 4070 Laptop GPU
2026-05-02T15:15:16.214794,8F8E_XJI_ligand_start_conf__Orai1WT-MDSnap-Fr400_cleaned,Orai1WT-MDSnap-Fr400_cleaned,8F8E_XJI_ligand_start_conf,success,,28.05,35,15,15,5,0,439.25,29,43,6,3,3,3,3,100.87,4.01,C19H14Cl2F2N4O2,223,21026,1,3,5,5,True,True,cuda,NVIDIA GeForce RTX 4070 Laptop GPU
2026-05-02T15:15:16.216163,8FAV_4Y5_ligand_start_conf__Orai1WT-MDSnap-Fr400_cleaned,Orai1WT-MDSnap-Fr400_cleaned,8FAV_4Y5_ligand_start_conf,success,,23.06,35,15,15,5,0,480.78,33,43,3,4,4,1,5,72.19,6.04,C22H10ClF5N2O3,223,21026,1,3,5,5,True,True,cuda,NVIDIA GeForce RTX 4070 Laptop GPU
2026-05-02T15:15:16.217498,8FLN_Y7W_ligand_start_conf__Orai1WT-MDSnap-Fr400_cleaned,Orai1WT-MDSnap-Fr400_cleaned,8FLN_Y7W_ligand_start_conf,success,,35.57,35,15,15,5,0,479.43,34,55,10,3,3,3,6,125.26,3.43,C22H21F4N5O3,223,21026,1,3,5,5,True,True,cuda,NVIDIA GeForce RTX 4070 Laptop GPU
2026-05-02T15:15:16.218733,8FLV_ZB9_ligand_start_conf__Orai1WT-MDSnap-Fr400_cleaned,Orai1WT-MDSnap-Fr400_cleaned,8FLV_ZB9_ligand_start_conf,success,,25.63,35,15,15,5,0,433.34,29,51,6,4,3,2,5,77.15,3.8,C20H22Cl2N6O,223,21026,1,3,5,5,True,True,cuda,NVIDIA GeForce RTX 4070 Laptop GPU
2026-05-02T15:15:16.220021,8FO5_Y4U_ligand_start_conf__Orai1WT-MDSnap-Fr400_cleaned,Orai1WT-MDSnap-Fr400_cleaned,8FO5_Y4U_ligand_start_conf,success,,15.91,35,15,15,5,0,249.29,17,28,4,2,2,0,4,56.14,1.93,C12H11NO3S,223,21026,1,3,5,5,True,True,cuda,NVIDIA GeForce RTX 4070 Laptop GPU
2026-05-02T15:15:16.221263,8FV9_80J_ligand_start_conf__Orai1WT-MDSnap-Fr400_cleaned,Orai1WT-MDSnap-Fr400_cleaned,8FV9_80J_ligand_start_conf,success,,29.1,35,15,15,5,0,485.15,29,44,14,2,1,6,16,250.19,-1.23,C9H15FN3O13P3,223,21026,1,3,5,5,True,True,cuda,NVIDIA GeForce RTX 4070 Laptop GPU
2026-05-02T15:15:16.223107,8G0V_YHT_ligand_start_conf__Orai1WT-MDSnap-Fr400_cleaned,Orai1WT-MDSnap-Fr400_cleaned,8G0V_YHT_ligand_start_conf,success,,26.02,35,15,15,5,0,385.27,26,42,10,3,2,4,12,175.07,-1.21,C13H16N5O7P,223,21026,1,3,5,5,True,True,cuda,NVIDIA GeForce RTX 4070 Laptop GPU
2026-05-02T15:15:16.224587,8G43_ZU6_ligand_start_conf__Orai1WT-MDSnap-Fr400_cleaned,Orai1WT-MDSnap-Fr400_cleaned,8G43_ZU6_ligand_start_conf,success,,25.73,35,15,15,5,0,289.29,21,36,6,2,2,2,6,101.29,0.16,C14H15N3O4,223,21026,1,3,5,5,True,True,cuda,NVIDIA GeForce RTX 4070 Laptop GPU
2026-05-02T15:15:16.225933,8G6P_API_ligand_start_conf__Orai1WT-MDSnap-Fr400_cleaned,Orai1WT-MDSnap-Fr400_cleaned,8G6P_API_ligand_start_conf,success,,30.25,35,15,15,5,0,190.2,13,27,8,0,0,4,6,126.64,-1.02,C7H14N2O4,223,21026,1,3,5,5,True,True,cuda,NVIDIA GeForce RTX 4070 Laptop GPU
2026-05-02T15:15:16.227216,8GFD_ZHR_ligand_start_conf__Orai1WT-MDSnap-Fr400_cleaned,Orai1WT-MDSnap-Fr400_cleaned,8GFD_ZHR_ligand_start_conf,success,,30.65,35,15,15,5,0,365.38,26,49,10,3,2,4,7,121.39,-0.06,C18H23NO7,223,21026,1,3,5,5,True,True,cuda,NVIDIA GeForce RTX 4070 Laptop GPU
2026-05-02T15:15:16.228753,8H0M_2EH_ligand_start_conf__Orai1WT-MDSnap-Fr400_cleaned,Orai1WT-MDSnap-Fr400_cleaned,8H0M_2EH_ligand_start_conf,success,,29.71,35,15,15,5,0,130.23,9,27,8,0,0,1,1,20.23,2.2,C8H18O,223,21026,1,3,5,5,True,True,cuda,NVIDIA GeForce RTX 4070 Laptop GPU
2026-05-02T15:15:16.230179,8HFN_XGC_ligand_start_conf__Orai1WT-MDSnap-Fr400_cleaned,Orai1WT-MDSnap-Fr400_cleaned,8HFN_XGC_ligand_start_conf,success,,28.88,35,15,15,5,0,367.45,24,41,9,2,2,3,7,111.38,0.82,C15H17N3O4S2,223,21026,1,3,5,5,True,True,cuda,NVIDIA GeForce RTX 4070 Laptop GPU
2026-05-02T15:15:16.231429,8HO0_3ZI_ligand_start_conf__Orai1WT-MDSnap-Fr400_cleaned,Orai1WT-MDSnap-Fr400_cleaned,8HO0_3ZI_ligand_start_conf,success,,18.15,35,15,15,5,0,301.32,22,38,2,4,2,2,2,65.2,1.34,C16H16FN3O2,223,21026,1,3,5,5,True,True,cuda,NVIDIA GeForce RTX 4070 Laptop GPU
2026-05-02T15:15:16.232671,8SLG_G5A_ligand_start_conf__Orai1WT-MDSnap-Fr400_cleaned,Orai1WT-MDSnap-Fr400_cleaned,8SLG_G5A_ligand_start_conf,success,,31.25,35,15,15,5,0,403.38,27,44,10,3,2,5,13,217.8,-3.64,C12H17N7O7S,223,21026,1,3,5,5,True,True,cuda,NVIDIA GeForce RTX 4070 Laptop GPU
2026-05-02T15:15:16.233901,5S8I_2LY_ligand_start_conf__Orai1WT-MDSnap-Fr499_cleaned,Orai1WT-MDSnap-Fr499_cleaned,5S8I_2LY_ligand_start_conf,success,,13.3,35,15,15,5,0,199.23,13,22,2,2,1,1,4,47.56,0.88,C8H9NO3S,223,21026,1,3,5,5,True,True,cuda,NVIDIA GeForce RTX 4070 Laptop GPU
2026-05-02T15:15:16.235496,5SAK_ZRY_ligand_start_conf__Orai1WT-MDSnap-Fr499_cleaned,Orai1WT-MDSnap-Fr499_cleaned,5SAK_ZRY_ligand_start_conf,success,,12.42,35,15,15,5,0,236.28,18,30,2,3,2,3,3,60.27,2.39,C14H12N4,223,21026,1,3,5,5,True,True,cuda,NVIDIA GeForce RTX 4070 Laptop GPU
2026-05-02T15:15:16.236833,5SB2_1K2_ligand_start_conf__Orai1WT-MDSnap-Fr499_cleaned,Orai1WT-MDSnap-Fr499_cleaned,5SB2_1K2_ligand_start_conf,success,,24.99,35,15,15,5,0,417.9,30,50,6,5,4,2,3,67.01,5.08,C24H20ClN3O2,223,21026,1,3,5,5,True,True,cuda,NVIDIA GeForce RTX 4070 Laptop GPU
2026-05-02T15:15:16.238065,5SD5_HWI_ligand_start_conf__Orai1WT-MDSnap-Fr499_cleaned,Orai1WT-MDSnap-Fr499_cleaned,5SD5_HWI_ligand_start_conf,success,,35.79,35,15,15,5,0,401.47,29,56,13,3,2,3,9,136.82,1.88,C20H27N5O4,223,21026,1,3,5,5,True,True,cuda,NVIDIA GeForce RTX 4070 Laptop GPU
2026-05-02T15:15:16.239450,5SIS_JSM_ligand_start_conf__Orai1WT-MDSnap-Fr499_cleaned,Orai1WT-MDSnap-Fr499_cleaned,5SIS_JSM_ligand_start_conf,success,,35.06,35,15,15,5,0,431.5,32,57,10,4,4,2,7,96.56,2.28,C23H25N7O2,223,21026,1,3,5,5,True,True,cuda,NVIDIA GeForce RTX 4070 Laptop GPU
2026-05-02T15:15:16.241045,6M2B_EZO_ligand_start_conf__Orai1WT-MDSnap-Fr499_cleaned,Orai1WT-MDSnap-Fr499_cleaned,6M2B_EZO_ligand_start_conf,success,,22.06,35,15,15,5,0,371.85,25,39,6,3,3,1,6,65.79,4.63,C18H14ClN3O2S,223,21026,1,3,5,5,True,True,cuda,NVIDIA GeForce RTX 4070 Laptop GPU
2026-05-02T15:15:16.242376,6M73_FNR_ligand_start_conf__Orai1WT-MDSnap-Fr499_cleaned,Orai1WT-MDSnap-Fr499_cleaned,6M73_FNR_ligand_start_conf,success,,40.1,35,15,15,5,0,458.36,31,54,14,3,2,8,11,208.44,-0.93,C17H23N4O9P,223,21026,1,3,5,5,True,True,cuda,NVIDIA GeForce RTX 4070 Laptop GPU
2026-05-02T15:15:16.243635,6T88_MWQ_ligand_start_conf__Orai1WT-MDSnap-Fr499_cleaned,Orai1WT-MDSnap-Fr499_cleaned,6T88_MWQ_ligand_start_conf,success,,15.7,35,15,15,5,0,140.14,10,18,3,1,1,2,3,65.98,0.43,C6H8N2O2,223,21026,1,3,5,5,True,True,cuda,NVIDIA GeForce RTX 4070 Laptop GPU
2026-05-02T15:15:16.244881,6TW5_9M2_ligand_start_conf__Orai1WT-MDSnap-Fr499_cleaned,Orai1WT-MDSnap-Fr499_cleaned,6TW5_9M2_ligand_start_conf,success,,35.38,35,15,15,5,0,421.52,31,59,12,4,4,1,5,58.97,4.4,C24H28FN5O,223,21026,1,3,5,5,True,True,cuda,NVIDIA GeForce RTX 4070 Laptop GPU
2026-05-02T15:15:16.246184,6TW7_NZB_ligand_start_conf__Orai1WT-MDSnap-Fr499_cleaned,Orai1WT-MDSnap-Fr499_cleaned,6TW7_NZB_ligand_start_conf,success,,30.98,35,15,15,5,0,390.46,29,52,9,4,4,1,4,54.04,4.45,C23H23FN4O,223,21026,1,3,5,5,True,True,cuda,NVIDIA GeForce RTX 4070 Laptop GPU
2026-05-02T15:15:16.247786,6VS3_R6V_ligand_start_conf__Orai1WT-MDSnap-Fr499_cleaned,Orai1WT-MDSnap-Fr499_cleaned,6VS3_R6V_ligand_start_conf,success,,30.91,35,15,15,5,0,480.62,36,68,7,6,4,3,7,107.24,5.68,C28H32N8,223,21026,1,3,5,5,True,True,cuda,NVIDIA GeForce RTX 4070 Laptop GPU
2026-05-02T15:15:16.249186,6VTA_AKN_ligand_start_conf__Orai1WT-MDSnap-Fr499_cleaned,Orai1WT-MDSnap-Fr499_cleaned,6VTA_AKN_ligand_start_conf,success,,52.27,35,15,15,5,0,585.61,40,83,22,3,0,13,17,331.94,-8.42,C22H43N5O13,223,21026,1,3,5,5,True,True,cuda,NVIDIA GeForce RTX 4070 Laptop GPU
2026-05-02T15:15:16.250452,6W59_SZD_ligand_start_conf__Orai1WT-MDSnap-Fr499_cleaned,Orai1WT-MDSnap-Fr499_cleaned,6W59_SZD_ligand_start_conf,success,,25.13,35,15,15,5,0,472.39,32,45,6,3,3,2,4,84.5,4.92,C20H13F5N2O4S,223,21026,1,3,5,5,True,True,cuda,NVIDIA GeForce RTX 4070 Laptop GPU
2026-05-02T15:15:16.251730,6WTN_RXT_ligand_start_conf__Orai1WT-MDSnap-Fr499_cleaned,Orai1WT-MDSnap-Fr499_cleaned,6WTN_RXT_ligand_start_conf,success,,22.17,35,15,15,5,0,306.37,23,41,4,4,3,1,5,83.18,3.47,C17H18N6,223,21026,1,3,5,5,True,True,cuda,NVIDIA GeForce RTX 4070 Laptop GPU
2026-05-02T15:15:16.253269,6X8D_ARA_ligand_start_conf__Orai1WT-MDSnap-Fr499_cleaned,Orai1WT-MDSnap-Fr499_cleaned,6X8D_ARA_ligand_start_conf,success,,11.99,35,15,15,5,0,150.13,10,20,4,1,0,4,5,90.15,-2.58,C5H10O5,223,21026,1,3,5,5,True,True,cuda,NVIDIA GeForce RTX 4070 Laptop GPU
2026-05-02T15:15:16.254621,6XAF_GDP_ligand_start_conf__Orai1WT-MDSnap-Fr499_cleaned,Orai1WT-MDSnap-Fr499_cleaned,6XAF_GDP_ligand_start_conf,success,,29.08,35,15,15,5,0,443.2,28,43,12,3,2,7,15,252.57,-2.45,C10H15N5O11P2,223,21026,1,3,5,5,True,True,cuda,NVIDIA GeForce RTX 4070 Laptop GPU
2026-05-02T15:15:16.255991,6XBO_5MC_ligand_start_conf__Orai1WT-MDSnap-Fr499_cleaned,Orai1WT-MDSnap-Fr499_cleaned,6XBO_5MC_ligand_start_conf,success,,26.8,35,15,15,5,0,337.22,22,38,10,2,1,5,11,177.36,-2.14,C10H16N3O8P,223,21026,1,3,5,5,True,True,cuda,NVIDIA GeForce RTX 4070 Laptop GPU
2026-05-02T15:15:16.257383,6XCT_478_ligand_start_conf__Orai1WT-MDSnap-Fr499_cleaned,Orai1WT-MDSnap-Fr499_cleaned,6XCT_478_ligand_start_conf,success,,48.27,35,15,15,5,0,505.64,35,70,15,3,2,3,7,131.19,2.4,C25H35N3O6S,223,21026,1,3,5,5,True,True,cuda,NVIDIA GeForce RTX 4070 Laptop GPU
2026-05-02T15:15:16.258699,6XG5_TOP_ligand_start_conf__Orai1WT-MDSnap-Fr499_cleaned,Orai1WT-MDSnap-Fr499_cleaned,6XG5_TOP_ligand_start_conf,success,,24.96,35,15,15,5,0,290.32,21,39,10,2,2,2,7,105.51,1.26,C14H18N4O3,223,21026,1,3,5,5,True,True,cuda,NVIDIA GeForce RTX 4070 Laptop GPU
2026-05-02T15:15:16.260248,6XHT_V2V_ligand_start_conf__Orai1WT-MDSnap-Fr499_cleaned,Orai1WT-MDSnap-Fr499_cleaned,6XHT_V2V_ligand_start_conf,success,,44.84,35,15,15,5,0,537.31,34,59,21,2,1,9,18,293.81,-4.23,C14H25N3O15P2,223,21026,1,3,5,5,True,True,cuda,NVIDIA GeForce RTX 4070 Laptop GPU
2026-05-02T15:15:16.261570,6XM9_V55_ligand_start_conf__Orai1WT-MDSnap-Fr499_cleaned,Orai1WT-MDSnap-Fr499_cleaned,6XM9_V55_ligand_start_conf,success,,11.94,35,15,15,5,0,152.15,11,19,4,1,1,1,3,46.53,1.21,C8H8O3,223,21026,1,3,5,5,True,True,cuda,NVIDIA GeForce RTX 4070 Laptop GPU
2026-05-02T15:15:16.262856,6XUM_30L_ligand_start_conf__Orai1WT-MDSnap-Fr499_cleaned,Orai1WT-MDSnap-Fr499_cleaned,6XUM_30L_ligand_start_conf,success,,26.03,35,15,15,5,0,348.29,25,38,7,2,2,2,6,118.77,2.13,C16H13FN2O6,223,21026,1,3,5,5,True,True,cuda,NVIDIA GeForce RTX 4070 Laptop GPU
2026-05-02T15:15:16.264105,6Y7L_QMG_ligand_start_conf__Orai1WT-MDSnap-Fr499_cleaned,Orai1WT-MDSnap-Fr499_cleaned,6Y7L_QMG_ligand_start_conf,success,,24.99,35,15,15,5,0,333.39,25,44,6,4,3,1,4,63.47,3.4,C20H19N3O2,223,21026,1,3,5,5,True,True,cuda,NVIDIA GeForce RTX 4070 Laptop GPU
2026-05-02T15:15:16.265445,6YDY_K73_ligand_start_conf__Orai1WT-MDSnap-Fr499_cleaned,Orai1WT-MDSnap-Fr499_cleaned,6YDY_K73_ligand_start_conf,success,,35.19,35,15,15,5,0,380.49,28,56,9,3,2,3,4,101.45,1.32,C22H28N4O2,223,21026,1,3,5,5,True,True,cuda,NVIDIA GeForce RTX 4070 Laptop GPU
2026-05-02T15:15:16.266947,6YJA_2BA_ligand_start_conf__Orai1WT-MDSnap-Fr499_cleaned,Orai1WT-MDSnap-Fr499_cleaned,6YJA_2BA_ligand_start_conf,success,,28.89,35,15,15,5,0,658.42,44,68,8,7,4,6,22,309.68,-1.63,C20H24N10O12P2,223,21026,1,3,5,5,True,True,cuda,NVIDIA GeForce RTX 4070 Laptop GPU
2026-05-02T15:15:16.268260,6YMS_OZH_ligand_start_conf__Orai1WT-MDSnap-Fr499_cleaned,Orai1WT-MDSnap-Fr499_cleaned,6YMS_OZH_ligand_start_conf,success,,51.86,35,15,15,5,0,505.51,35,67,16,2,2,5,7,154.06,2.87,C24H32N3O7P,223,21026,1,3,5,5,True,True,cuda,NVIDIA GeForce RTX 4070 Laptop GPU
2026-05-02T15:15:16.269516,6YQV_8K2_ligand_start_conf__Orai1WT-MDSnap-Fr499_cleaned,Orai1WT-MDSnap-Fr499_cleaned,6YQV_8K2_ligand_start_conf,success,,11.4,35,15,15,5,0,197.67,10,14,2,1,1,1,3,60.16,1.05,C4H4ClNO2S2,223,21026,1,3,5,5,True,True,cuda,NVIDIA GeForce RTX 4070 Laptop GPU
2026-05-02T15:15:16.270881,6YQW_82I_ligand_start_conf__Orai1WT-MDSnap-Fr499_cleaned,Orai1WT-MDSnap-Fr499_cleaned,6YQW_82I_ligand_start_conf,success,,13.03,35,15,15,5,0,173.6,11,19,3,1,1,1,4,46.92,0.48,C6H8ClN3O,223,21026,1,3,5,5,True,True,cuda,NVIDIA GeForce RTX 4070 Laptop GPU
2026-05-02T15:15:16.272484,6YR2_T1C_ligand_start_conf__Orai1WT-MDSnap-Fr499_cleaned,Orai1WT-MDSnap-Fr499_cleaned,6YR2_T1C_ligand_start_conf,success,,52.81,35,15,15,5,0,587.67,42,83,14,4,1,9,9,208.16,-2.19,C29H41N5O8+2,223,21026,1,3,5,5,True,True,cuda,NVIDIA GeForce RTX 4070 Laptop GPU
2026-05-02T15:15:16.273849,6YRV_PJ8_ligand_start_conf__Orai1WT-MDSnap-Fr499_cleaned,Orai1WT-MDSnap-Fr499_cleaned,6YRV_PJ8_ligand_start_conf,success,,58.31,35,15,15,5,0,240.48,17,53,16,0,0,0,0,0.0,6.88,C17H36,223,21026,1,3,5,5,True,True,cuda,NVIDIA GeForce RTX 4070 Laptop GPU
2026-05-02T15:15:16.275228,6YSP_PAL_ligand_start_conf__Orai1WT-MDSnap-Fr499_cleaned,Orai1WT-MDSnap-Fr499_cleaned,6YSP_PAL_ligand_start_conf,success,,24.98,35,15,15,5,0,255.12,16,26,8,0,0,5,8,161.23,-1.79,C6H10NO8P,223,21026,1,3,5,5,True,True,cuda,NVIDIA GeForce RTX 4070 Laptop GPU
2026-05-02T15:15:16.276565,6YT6_PKE_ligand_start_conf__Orai1WT-MDSnap-Fr499_cleaned,Orai1WT-MDSnap-Fr499_cleaned,6YT6_PKE_ligand_start_conf,success,,30.09,35,15,15,5,0,439.5,31,52,9,4,3,3,8,129.21,2.12,C20H21N7O3S,223,21026,1,3,5,5,True,True,cuda,NVIDIA GeForce RTX 4070 Laptop GPU
2026-05-02T15:15:16.277919,6YYO_Q1K_ligand_start_conf__Orai1WT-MDSnap-Fr499_cleaned,Orai1WT-MDSnap-Fr499_cleaned,6YYO_Q1K_ligand_start_conf,success,,19.46,35,15,15,5,0,282.33,19,33,3,3,2,0,7,83.7,-0.79,C10H14N6O2S,223,21026,1,3,5,5,True,True,cuda,NVIDIA GeForce RTX 4070 Laptop GPU
2026-05-02T15:15:16.279343,6Z0R_Q4H_ligand_start_conf__Orai1WT-MDSnap-Fr499_cleaned,Orai1WT-MDSnap-Fr499_cleaned,6Z0R_Q4H_ligand_start_conf,success,,8.75,35,15,15,5,0,120.11,9,13,1,1,1,1,4,75.59,-0.07,C5H4N4,223,21026,1,3,5,5,True,True,cuda,NVIDIA GeForce RTX 4070 Laptop GPU
2026-05-02T15:15:16.280589,6Z14_Q4Z_ligand_start_conf__Orai1WT-MDSnap-Fr499_cleaned,Orai1WT-MDSnap-Fr499_cleaned,6Z14_Q4Z_ligand_start_conf,success,,20.17,35,15,15,5,0,283.26,18,31,6,2,0,3,8,139.32,-4.19,C8H13NO8S,223,21026,1,3,5,5,True,True,cuda,NVIDIA GeForce RTX 4070 Laptop GPU
2026-05-02T15:15:16.281842,6Z1C_7EY_ligand_start_conf__Orai1WT-MDSnap-Fr499_cleaned,Orai1WT-MDSnap-Fr499_cleaned,6Z1C_7EY_ligand_start_conf,success,,22.95,35,15,15,5,0,330.43,22,36,6,3,3,1,6,63.08,4.23,C16H14N2O2S2,223,21026,1,3,5,5,True,True,cuda,NVIDIA GeForce RTX 4070 Laptop GPU
2026-05-02T15:15:16.283099,6Z2C_Q5E_ligand_start_conf__Orai1WT-MDSnap-Fr499_cleaned,Orai1WT-MDSnap-Fr499_cleaned,6Z2C_Q5E_ligand_start_conf,success,,27.83,35,15,15,5,0,483.99,26,39,6,3,0,1,4,74.68,4.08,C15H13Cl6NO4,223,21026,1,3,5,5,True,True,cuda,NVIDIA GeForce RTX 4070 Laptop GPU
2026-05-02T15:15:16.284403,6Z4N_Q7B_ligand_start_conf__Orai1WT-MDSnap-Fr499_cleaned,Orai1WT-MDSnap-Fr499_cleaned,6Z4N_Q7B_ligand_start_conf,success,,23.79,35,15,15,5,0,266.34,20,38,5,3,2,1,2,37.3,3.8,C18H18O2,223,21026,1,3,5,5,True,True,cuda,NVIDIA GeForce RTX 4070 Laptop GPU
2026-05-02T15:15:16.285757,6Z5Z_BDF_ligand_start_conf__Orai1WT-MDSnap-Fr499_cleaned,Orai1WT-MDSnap-Fr499_cleaned,6Z5Z_BDF_ligand_start_conf,success,,17.36,35,15,15,5,0,180.16,12,24,6,1,0,5,6,110.38,-3.22,C6H12O6,223,21026,1,3,5,5,True,True,cuda,NVIDIA GeForce RTX 4070 Laptop GPU
2026-05-02T15:15:16.287039,6ZAE_ACV_ligand_start_conf__Orai1WT-MDSnap-Fr499_cleaned,Orai1WT-MDSnap-Fr499_cleaned,6ZAE_ACV_ligand_start_conf,success,,46.53,35,15,15,5,0,363.44,24,49,15,0,0,6,8,158.82,-0.79,C14H25N3O6S,223,21026,1,3,5,5,True,True,cuda,NVIDIA GeForce RTX 4070 Laptop GPU
2026-05-02T15:15:16.288256,6ZC3_JOR_ligand_start_conf__Orai1WT-MDSnap-Fr499_cleaned,Orai1WT-MDSnap-Fr499_cleaned,6ZC3_JOR_ligand_start_conf,success,,16.6,35,15,15,5,0,233.22,15,23,4,1,1,2,4,83.47,0.9,C8H8FNO4S,223,21026,1,3,5,5,True,True,cuda,NVIDIA GeForce RTX 4070 Laptop GPU
2026-05-02T15:15:16.289557,6ZCY_QF8_ligand_start_conf__Orai1WT-MDSnap-Fr499_cleaned,Orai1WT-MDSnap-Fr499_cleaned,6ZCY_QF8_ligand_start_conf,success,,31.37,35,15,15,5,0,446.52,33,59,9,5,4,4,10,126.61,1.73,C22H26N10O,223,21026,1,3,5,5,True,True,cuda,NVIDIA GeForce RTX 4070 Laptop GPU
2026-05-02T15:15:16.290907,6ZK5_IMH_ligand_start_conf__Orai1WT-MDSnap-Fr499_cleaned,Orai1WT-MDSnap-Fr499_cleaned,6ZK5_IMH_ligand_start_conf,success,,21.33,35,15,15,5,0,266.26,19,33,6,3,2,6,7,134.52,-1.61,C11H14N4O4,223,21026,1,3,5,5,True,True,cuda,NVIDIA GeForce RTX 4070 Laptop GPU
2026-05-02T15:15:16.292197,6ZPB_3D1_ligand_start_conf__Orai1WT-MDSnap-Fr499_cleaned,Orai1WT-MDSnap-Fr499_cleaned,6ZPB_3D1_ligand_start_conf,success,,20.04,35,15,15,5,0,251.25,18,31,5,3,2,3,8,119.31,-0.95,C10H13N5O3,223,21026,1,3,5,5,True,True,cuda,NVIDIA GeForce RTX 4070 Laptop GPU
2026-05-02T15:15:16.293460,6ZR8_QOZ_ligand_start_conf__Orai1WT-MDSnap-Fr499_cleaned,Orai1WT-MDSnap-Fr499_cleaned,6ZR8_QOZ_ligand_start_conf,success,,32.3,35,15,15,5,0,464.59,33,61,8,4,3,2,5,95.74,2.68,C25H28N4O3S,223,21026,1,3,5,5,True,True,cuda,NVIDIA GeForce RTX 4070 Laptop GPU
2026-05-02T15:15:16.294694,6ZT2_QPK_ligand_start_conf__Orai1WT-MDSnap-Fr499_cleaned,Orai1WT-MDSnap-Fr499_cleaned,6ZT2_QPK_ligand_start_conf,success,,8.12,35,15,15,5,0,164.54,10,13,1,1,1,1,1,20.23,2.32,C6H3ClF2O,223,21026,1,3,5,5,True,True,cuda,NVIDIA GeForce RTX 4070 Laptop GPU
2026-05-02T15:15:16.296134,6ZX3_QRZ_ligand_start_conf__Orai1WT-MDSnap-Fr499_cleaned,Orai1WT-MDSnap-Fr499_cleaned,6ZX3_QRZ_ligand_start_conf,success,,24.32,35,15,15,5,0,383.27,24,38,9,2,1,6,11,197.33,-3.1,C10H14N3O9PS,223,21026,1,3,5,5,True,True,cuda,NVIDIA GeForce RTX 4070 Laptop GPU
2026-05-02T15:15:16.297460,6ZXQ_IMO_ligand_start_conf__Orai1WT-MDSnap-Fr499_cleaned,Orai1WT-MDSnap-Fr499_cleaned,6ZXQ_IMO_ligand_start_conf,success,,27.02,35,15,15,5,0,428.19,27,41,12,3,2,6,15,226.81,-1.97,C10H14N4O11P2,223,21026,1,3,5,5,True,True,cuda,NVIDIA GeForce RTX 4070 Laptop GPU
2026-05-02T15:15:16.298753,7A1P_QW2_ligand_start_conf__Orai1WT-MDSnap-Fr499_cleaned,Orai1WT-MDSnap-Fr499_cleaned,7A1P_QW2_ligand_start_conf,success,,24.98,35,15,15,5,0,188.18,13,25,7,0,0,2,5,91.67,0.53,C8H12O5,223,21026,1,3,5,5,True,True,cuda,NVIDIA GeForce RTX 4070 Laptop GPU
2026-05-02T15:15:16.300173,7A9E_R4W_ligand_start_conf__Orai1WT-MDSnap-Fr499_cleaned,Orai1WT-MDSnap-Fr499_cleaned,7A9E_R4W_ligand_start_conf,success,,14.69,35,15,15,5,0,108.16,6,14,3,0,0,0,2,34.14,0.05,C3H8O2S,223,21026,1,3,5,5,True,True,cuda,NVIDIA GeForce RTX 4070 Laptop GPU
2026-05-02T15:15:16.301537,7A9H_TPP_ligand_start_conf__Orai1WT-MDSnap-Fr499_cleaned,Orai1WT-MDSnap-Fr499_cleaned,7A9H_TPP_ligand_start_conf,success,,33.85,35,15,15,5,0,425.32,26,45,14,2,2,4,11,168.97,0.84,C12H19N4O7P2S+,223,21026,1,3,5,5,True,True,cuda,NVIDIA GeForce RTX 4070 Laptop GPU
2026-05-02T15:15:16.303060,7AA0_R6B_ligand_start_conf__Orai1WT-MDSnap-Fr499_cleaned,Orai1WT-MDSnap-Fr499_cleaned,7AA0_R6B_ligand_start_conf,success,,31.72,35,15,15,5,0,349.47,26,53,8,3,2,1,3,40.54,5.35,C23H27NO2,223,21026,1,3,5,5,True,True,cuda,NVIDIA GeForce RTX 4070 Laptop GPU
2026-05-02T15:15:16.304361,7AFX_R9K_ligand_start_conf__Orai1WT-MDSnap-Fr499_cleaned,Orai1WT-MDSnap-Fr499_cleaned,7AFX_R9K_ligand_start_conf,success,,17.88,35,15,15,5,0,285.73,20,32,3,3,3,2,2,53.09,4.49,C16H12ClNO2,223,21026,1,3,5,5,True,True,cuda,NVIDIA GeForce RTX 4070 Laptop GPU
2026-05-02T15:15:16.305634,7AKL_RK5_ligand_start_conf__Orai1WT-MDSnap-Fr499_cleaned,Orai1WT-MDSnap-Fr499_cleaned,7AKL_RK5_ligand_start_conf,success,,20.47,35,15,15,5,0,253.31,19,34,5,3,3,2,4,78.07,3.28,C15H15N3O,223,21026,1,3,5,5,True,True,cuda,NVIDIA GeForce RTX 4070 Laptop GPU
2026-05-02T15:15:16.306957,7AMC_73B_ligand_start_conf__Orai1WT-MDSnap-Fr499_cleaned,Orai1WT-MDSnap-Fr499_cleaned,7AMC_73B_ligand_start_conf,success,,26.83,35,15,15,5,0,434.92,31,54,6,4,3,2,4,69.64,6.0,C25H23ClN2O3,223,21026,1,3,5,5,True,True,cuda,NVIDIA GeForce RTX 4070 Laptop GPU
2026-05-02T15:15:16.308376,7AN5_RDH_ligand_start_conf__Orai1WT-MDSnap-Fr499_cleaned,Orai1WT-MDSnap-Fr499_cleaned,7AN5_RDH_ligand_start_conf,success,,13.5,35,15,15,5,0,208.17,15,23,4,1,1,2,5,83.83,1.36,C10H8O5,223,21026,1,3,5,5,True,True,cuda,NVIDIA GeForce RTX 4070 Laptop GPU
2026-05-02T15:15:16.309890,7AS1_21G_ligand_start_conf__Orai1WT-MDSnap-Fr499_cleaned,Orai1WT-MDSnap-Fr499_cleaned,7AS1_21G_ligand_start_conf,success,,22.75,35,15,15,5,0,399.4,29,48,4,6,3,3,6,103.79,3.6,C20H19F2N5O2,223,21026,1,3,5,5,True,True,cuda,NVIDIA GeForce RTX 4070 Laptop GPU
2026-05-02T15:15:16.311380,7AVI_S2Q_ligand_start_conf__Orai1WT-MDSnap-Fr499_cleaned,Orai1WT-MDSnap-Fr499_cleaned,7AVI_S2Q_ligand_start_conf,success,,33.61,35,15,15,5,0,388.45,27,47,9,3,3,2,6,128.18,2.48,C18H20N4O4S,223,21026,1,3,5,5,True,True,cuda,NVIDIA GeForce RTX 4070 Laptop GPU
2026-05-02T15:15:16.312694,7B0E_C2E_ligand_start_conf__Orai1WT-MDSnap-Fr499_cleaned,Orai1WT-MDSnap-Fr499_cleaned,7B0E_C2E_ligand_start_conf,success,,30.24,35,15,15,5,0,690.42,46,70,8,7,4,8,22,349.62,-3.05,C20H24N10O14P2,223,21026,1,3,5,5,True,True,cuda,NVIDIA GeForce RTX 4070 Laptop GPU
2026-05-02T15:15:16.314034,7B2C_TP7_ligand_start_conf__Orai1WT-MDSnap-Fr499_cleaned,Orai1WT-MDSnap-Fr499_cleaned,7B2C_TP7_ligand_start_conf,success,,43.57,35,15,15,5,0,343.34,21,43,15,0,0,5,8,133.16,0.93,C11H22NO7PS,223,21026,1,3,5,5,True,True,cuda,NVIDIA GeForce RTX 4070 Laptop GPU
2026-05-02T15:15:16.315458,7B94_ANP_ligand_start_conf__Orai1WT-MDSnap-Fr499_cleaned,Orai1WT-MDSnap-Fr499_cleaned,7B94_ANP_ligand_start_conf,success,,34.7,35,15,15,5,0,506.2,31,48,15,3,2,8,17,281.93,-2.06,C10H17N6O12P3,223,21026,1,3,5,5,True,True,cuda,NVIDIA GeForce RTX 4070 Laptop GPU
2026-05-02T15:15:16.316949,7BA0_T5H_ligand_start_conf__Orai1WT-MDSnap-Fr499_cleaned,Orai1WT-MDSnap-Fr499_cleaned,7BA0_T5H_ligand_start_conf,success,,43.1,35,15,15,5,0,761.91,55,110,14,7,3,2,11,142.45,6.18,C43H55NO11,223,21026,1,3,5,5,True,True,cuda,NVIDIA GeForce RTX 4070 Laptop GPU
2026-05-02T15:15:16.318237,7BCP_GCO_ligand_start_conf__Orai1WT-MDSnap-Fr499_cleaned,Orai1WT-MDSnap-Fr499_cleaned,7BCP_GCO_ligand_start_conf,success,,28.13,35,15,15,5,0,196.16,13,25,10,0,0,6,7,138.45,-3.49,C6H12O7,223,21026,1,3,5,5,True,True,cuda,NVIDIA GeForce RTX 4070 Laptop GPU
2026-05-02T15:15:16.319453,7BHX_TO5_ligand_start_conf__Orai1WT-MDSnap-Fr499_cleaned,Orai1WT-MDSnap-Fr499_cleaned,7BHX_TO5_ligand_start_conf,success,,20.18,35,15,15,5,0,300.75,21,34,4,3,3,0,5,51.02,2.5,C15H13ClN4O,223,21026,1,3,5,5,True,True,cuda,NVIDIA GeForce RTX 4070 Laptop GPU
2026-05-02T15:15:16.320787,7BJ6_TVK_ligand_start_conf__Orai1WT-MDSnap-Fr499_cleaned,Orai1WT-MDSnap-Fr499_cleaned,7BJ6_TVK_ligand_start_conf,success,,38.47,35,15,15,5,0,545.44,37,64,12,5,3,2,5,82.89,5.4,C28H27Cl2FN2O4,223,21026,1,3,5,5,True,True,cuda,NVIDIA GeForce RTX 4070 Laptop GPU
2026-05-02T15:15:16.322135,7BJJ_TVW_ligand_start_conf__Orai1WT-MDSnap-Fr499_cleaned,Orai1WT-MDSnap-Fr499_cleaned,7BJJ_TVW_ligand_start_conf,success,,8.88,35,15,15,5,0,135.13,10,15,1,2,2,2,4,80.48,-0.06,C5H5N5,223,21026,1,3,5,5,True,True,cuda,NVIDIA GeForce RTX 4070 Laptop GPU
2026-05-02T15:15:16.323387,7BKA_4JC_ligand_start_conf__Orai1WT-MDSnap-Fr499_cleaned,Orai1WT-MDSnap-Fr499_cleaned,7BKA_4JC_ligand_start_conf,success,,17.07,35,15,15,5,0,185.25,12,23,4,1,1,1,2,60.16,0.9,C8H11NO2S,223,21026,1,3,5,5,True,True,cuda,NVIDIA GeForce RTX 4070 Laptop GPU
2026-05-02T15:15:16.324677,7BLA_WCS_ligand_start_conf__Orai1WT-MDSnap-Fr499_cleaned,Orai1WT-MDSnap-Fr499_cleaned,7BLA_WCS_ligand_start_conf,success,,44.79,35,15,15,5,0,458.59,32,62,15,3,3,1,9,102.24,2.58,C22H30N6O3S,223,21026,1,3,5,5,True,True,cuda,NVIDIA GeForce RTX 4070 Laptop GPU
2026-05-02T15:15:16.326058,7BLG_GAL_ligand_start_conf__Orai1WT-MDSnap-Fr499_cleaned,Orai1WT-MDSnap-Fr499_cleaned,7BLG_GAL_ligand_start_conf,success,,16.77,35,15,15,5,0,180.16,12,24,6,1,0,5,6,110.38,-3.22,C6H12O6,223,21026,1,3,5,5,True,True,cuda,NVIDIA GeForce RTX 4070 Laptop GPU
2026-05-02T15:15:16.327552,7BMI_U4B_ligand_start_conf__Orai1WT-MDSnap-Fr499_cleaned,Orai1WT-MDSnap-Fr499_cleaned,7BMI_U4B_ligand_start_conf,success,,11.55,35,15,15,5,0,185.11,13,17,2,1,1,2,5,87.49,0.62,C7H4FNO4,223,21026,1,3,5,5,True,True,cuda,NVIDIA GeForce RTX 4070 Laptop GPU
2026-05-02T15:15:16.329392,7BNH_BEZ_ligand_start_conf__Orai1WT-MDSnap-Fr499_cleaned,Orai1WT-MDSnap-Fr499_cleaned,7BNH_BEZ_ligand_start_conf,success,,9.16,35,15,15,5,0,122.12,9,15,1,1,1,1,2,37.3,1.38,C7H6O2,223,21026,1,3,5,5,True,True,cuda,NVIDIA GeForce RTX 4070 Laptop GPU
2026-05-02T15:15:16.330985,7BTT_F8R_ligand_start_conf__Orai1WT-MDSnap-Fr499_cleaned,Orai1WT-MDSnap-Fr499_cleaned,7BTT_F8R_ligand_start_conf,success,,43.38,35,15,15,5,0,563.68,40,73,14,5,4,3,9,132.55,4.09,C28H33N7O4S,223,21026,1,3,5,5,True,True,cuda,NVIDIA GeForce RTX 4070 Laptop GPU
2026-05-02T15:15:16.332641,7C0U_FGO_ligand_start_conf__Orai1WT-MDSnap-Fr499_cleaned,Orai1WT-MDSnap-Fr499_cleaned,7C0U_FGO_ligand_start_conf,success,,36.64,35,15,15,5,0,629.48,43,71,14,6,3,8,18,299.59,-3.39,C22H28N7O13P,223,21026,1,3,5,5,True,True,cuda,NVIDIA GeForce RTX 4070 Laptop GPU
2026-05-02T15:15:16.334160,7C3U_AZG_ligand_start_conf__Orai1WT-MDSnap-Fr499_cleaned,Orai1WT-MDSnap-Fr499_cleaned,7C3U_AZG_ligand_start_conf,success,,9.74,35,15,15,5,0,152.12,11,15,2,2,2,3,6,113.6,-0.96,C4H4N6O,223,21026,1,3,5,5,True,True,cuda,NVIDIA GeForce RTX 4070 Laptop GPU
2026-05-02T15:15:16.335726,7C6P_SQH_ligand_start_conf__Orai1WT-MDSnap-Fr499_cleaned,Orai1WT-MDSnap-Fr499_cleaned,7C6P_SQH_ligand_start_conf,success,,16.77,35,15,15,5,0,286.24,21,31,5,3,3,4,6,111.13,2.28,C15H10O6,223,21026,1,3,5,5,True,True,cuda,NVIDIA GeForce RTX 4070 Laptop GPU
2026-05-02T15:15:16.337200,7C8Q_DSG_ligand_start_conf__Orai1WT-MDSnap-Fr499_cleaned,Orai1WT-MDSnap-Fr499_cleaned,7C8Q_DSG_ligand_start_conf,success,,17.4,35,15,15,5,0,132.12,9,17,4,0,0,3,4,106.41,-1.73,C4H8N2O3,223,21026,1,3,5,5,True,True,cuda,NVIDIA GeForce RTX 4070 Laptop GPU
2026-05-02T15:15:16.338614,7CD9_FVR_ligand_start_conf__Orai1WT-MDSnap-Fr499_cleaned,Orai1WT-MDSnap-Fr499_cleaned,7CD9_FVR_ligand_start_conf,success,,31.09,35,15,15,5,0,443.55,33,62,8,5,4,2,6,75.18,3.74,C26H29N5O2,223,21026,1,3,5,5,True,True,cuda,NVIDIA GeForce RTX 4070 Laptop GPU
2026-05-02T15:15:16.340221,7CIJ_G0C_ligand_start_conf__Orai1WT-MDSnap-Fr499_cleaned,Orai1WT-MDSnap-Fr499_cleaned,7CIJ_G0C_ligand_start_conf,success,,30.8,35,15,15,5,0,334.33,21,40,13,1,1,3,8,112.24,1.88,C12H19N2O5PS,223,21026,1,3,5,5,True,True,cuda,NVIDIA GeForce RTX 4070 Laptop GPU
2026-05-02T15:15:16.341667,7CL8_TES_ligand_start_conf__Orai1WT-MDSnap-Fr499_cleaned,Orai1WT-MDSnap-Fr499_cleaned,7CL8_TES_ligand_start_conf,success,,22.44,35,15,15,5,0,288.43,21,49,3,4,0,1,2,37.3,3.88,C19H28O2,223,21026,1,3,5,5,True,True,cuda,NVIDIA GeForce RTX 4070 Laptop GPU
2026-05-02T15:15:16.343068,7CNQ_G8X_ligand_start_conf__Orai1WT-MDSnap-Fr499_cleaned,Orai1WT-MDSnap-Fr499_cleaned,7CNQ_G8X_ligand_start_conf,success,,11.56,35,15,15,5,0,131.13,9,18,2,1,0,3,4,69.56,-1.21,C5H9NO3,223,21026,1,3,5,5,True,True,cuda,NVIDIA GeForce RTX 4070 Laptop GPU
2026-05-02T15:15:16.344434,7CNS_PMV_ligand_start_conf__Orai1WT-MDSnap-Fr499_cleaned,Orai1WT-MDSnap-Fr499_cleaned,7CNS_PMV_ligand_start_conf,success,,27.82,35,15,15,5,0,228.14,14,27,10,0,0,4,7,124.29,-0.29,C6H13O7P,223,21026,1,3,5,5,True,True,cuda,NVIDIA GeForce RTX 4070 Laptop GPU
2026-05-02T15:15:16.346575,7CTM_BDP_ligand_start_conf__Orai1WT-MDSnap-Fr499_cleaned,Orai1WT-MDSnap-Fr499_cleaned,7CTM_BDP_ligand_start_conf,success,,14.99,35,15,15,5,0,194.14,13,23,5,1,0,5,7,127.45,-3.13,C6H10O7,223,21026,1,3,5,5,True,True,cuda,NVIDIA GeForce RTX 4070 Laptop GPU
2026-05-02T15:15:16.348099,7CUO_PHB_ligand_start_conf__Orai1WT-MDSnap-Fr499_cleaned,Orai1WT-MDSnap-Fr499_cleaned,7CUO_PHB_ligand_start_conf,success,,10.26,35,15,15,5,0,138.12,10,16,2,1,1,2,3,57.53,1.09,C7H6O3,223,21026,1,3,5,5,True,True,cuda,NVIDIA GeForce RTX 4070 Laptop GPU
2026-05-02T15:15:16.349509,7D0P_1VU_ligand_start_conf__Orai1WT-MDSnap-Fr499_cleaned,Orai1WT-MDSnap-Fr499_cleaned,7D0P_1VU_ligand_start_conf,success,,74.09,35,15,15,5,0,823.61,52,92,30,3,2,9,23,363.63,-0.93,C24H40N7O17P3S,223,21026,1,3,5,5,True,True,cuda,NVIDIA GeForce RTX 4070 Laptop GPU
2026-05-02T15:15:16.350908,7D5C_GV6_ligand_start_conf__Orai1WT-MDSnap-Fr499_cleaned,Orai1WT-MDSnap-Fr499_cleaned,7D5C_GV6_ligand_start_conf,success,,42.08,35,15,15,5,0,460.38,31,56,15,3,2,5,14,218.16,-0.94,C16H25N6O8P,223,21026,1,3,5,5,True,True,cuda,NVIDIA GeForce RTX 4070 Laptop GPU
2026-05-02T15:15:16.352390,7D6O_MTE_ligand_start_conf__Orai1WT-MDSnap-Fr499_cleaned,Orai1WT-MDSnap-Fr499_cleaned,7D6O_MTE_ligand_start_conf,success,,24.67,35,15,15,5,0,395.36,24,38,8,3,1,8,12,171.82,-0.54,C10H14N5O6PS2,223,21026,1,3,5,5,True,True,cuda,NVIDIA GeForce RTX 4070 Laptop GPU
2026-05-02T15:15:16.353897,7D8Q_GZF_ligand_start_conf__Orai1WT-MDSnap-Fr499_cleaned,Orai1WT-MDSnap-Fr499_cleaned,7D8Q_GZF_ligand_start_conf,success,,31.59,35,15,15,5,0,459.27,28,43,13,3,2,7,16,235.76,-1.92,C10H15N5O10P2S,223,21026,1,3,5,5,True,True,cuda,NVIDIA GeForce RTX 4070 Laptop GPU
2026-05-02T15:15:16.355270,7D9L_GSF_ligand_start_conf__Orai1WT-MDSnap-Fr499_cleaned,Orai1WT-MDSnap-Fr499_cleaned,7D9L_GSF_ligand_start_conf,success,,43.18,35,15,15,5,0,339.33,22,39,12,0,0,6,9,196.12,-2.91,C10H17N3O8S,223,21026,1,3,5,5,True,True,cuda,NVIDIA GeForce RTX 4070 Laptop GPU
2026-05-02T15:15:16.356646,7DIN_MPO_ligand_start_conf__Orai1WT-MDSnap-Fr499_cleaned,Orai1WT-MDSnap-Fr499_cleaned,7DIN_MPO_ligand_start_conf,success,,23.6,35,15,15,5,0,209.27,13,28,5,1,0,1,5,66.84,-0.4,C7H15NO4S,223,21026,1,3,5,5,True,True,cuda,NVIDIA GeForce RTX 4070 Laptop GPU
2026-05-02T15:15:16.358049,7DKT_GLF_ligand_start_conf__Orai1WT-MDSnap-Fr499_cleaned,Orai1WT-MDSnap-Fr499_cleaned,7DKT_GLF_ligand_start_conf,success,,14.87,35,15,15,5,0,182.15,12,23,5,1,0,4,5,90.15,-2.24,C6H11FO5,223,21026,1,3,5,5,True,True,cuda,NVIDIA GeForce RTX 4070 Laptop GPU
2026-05-02T15:15:16.359575,7DQL_4CL_ligand_start_conf__Orai1WT-MDSnap-Fr499_cleaned,Orai1WT-MDSnap-Fr499_cleaned,7DQL_4CL_ligand_start_conf,success,,9.15,35,15,15,5,0,144.56,9,14,2,1,1,2,2,40.46,1.75,C6H5ClO2,223,21026,1,3,5,5,True,True,cuda,NVIDIA GeForce RTX 4070 Laptop GPU
2026-05-02T15:15:16.361235,7DUA_HJ0_ligand_start_conf__Orai1WT-MDSnap-Fr499_cleaned,Orai1WT-MDSnap-Fr499_cleaned,7DUA_HJ0_ligand_start_conf,success,,25.69,35,15,15,5,0,311.35,23,40,6,4,3,3,6,114.51,1.81,C15H17N7O,223,21026,1,3,5,5,True,True,cuda,NVIDIA GeForce RTX 4070 Laptop GPU
2026-05-02T15:15:16.362765,7E2S_BLA_ligand_start_conf__Orai1WT-MDSnap-Fr499_cleaned,Orai1WT-MDSnap-Fr499_cleaned,7E2S_BLA_ligand_start_conf,success,,46.07,35,15,15,5,0,582.66,43,77,15,4,1,5,7,160.95,4.81,C33H34N4O6,223,21026,1,3,5,5,True,True,cuda,NVIDIA GeForce RTX 4070 Laptop GPU
2026-05-02T15:15:16.364954,7E4L_MDN_ligand_start_conf__Orai1WT-MDSnap-Fr499_cleaned,Orai1WT-MDSnap-Fr499_cleaned,7E4L_MDN_ligand_start_conf,success,,16.2,35,15,15,5,0,176.0,9,15,6,0,0,4,6,115.06,-0.7,CH6O6P2,223,21026,1,3,5,5,True,True,cuda,NVIDIA GeForce RTX 4070 Laptop GPU
2026-05-02T15:15:16.366387,7EBG_J0L_ligand_start_conf__Orai1WT-MDSnap-Fr499_cleaned,Orai1WT-MDSnap-Fr499_cleaned,7EBG_J0L_ligand_start_conf,success,,21.71,35,15,15,5,0,190.25,14,28,4,2,1,2,2,41.13,1.96,C11H14N2O,223,21026,1,3,5,5,True,True,cuda,NVIDIA GeForce RTX 4070 Laptop GPU
2026-05-02T15:15:16.367733,7ECR_SIN_ligand_start_conf__Orai1WT-MDSnap-Fr499_cleaned,Orai1WT-MDSnap-Fr499_cleaned,7ECR_SIN_ligand_start_conf,success,,14.89,35,15,15,5,0,118.09,8,14,3,0,0,2,4,74.6,-0.06,C4H6O4,223,21026,1,3,5,5,True,True,cuda,NVIDIA GeForce RTX 4070 Laptop GPU
2026-05-02T15:15:16.369033,7ED2_A3P_ligand_start_conf__Orai1WT-MDSnap-Fr499_cleaned,Orai1WT-MDSnap-Fr499_cleaned,7ED2_A3P_ligand_start_conf,success,,30.75,35,15,15,5,0,427.2,27,42,12,3,2,6,15,232.6,-1.75,C10H15N5O10P2,223,21026,1,3,5,5,True,True,cuda,NVIDIA GeForce RTX 4070 Laptop GPU
2026-05-02T15:15:16.370455,7ELT_TYM_ligand_start_conf__Orai1WT-MDSnap-Fr499_cleaned,Orai1WT-MDSnap-Fr499_cleaned,7ELT_TYM_ligand_start_conf,success,,37.11,35,15,15,5,0,533.44,37,61,13,5,4,6,14,233.95,-0.26,C21H24N7O8P,223,21026,1,3,5,5,True,True,cuda,NVIDIA GeForce RTX 4070 Laptop GPU
2026-05-02T15:15:16.371805,7EN7_J79_ligand_start_conf__Orai1WT-MDSnap-Fr499_cleaned,Orai1WT-MDSnap-Fr499_cleaned,7EN7_J79_ligand_start_conf,success,,33.6,35,15,15,5,0,373.25,24,44,13,1,0,6,11,192.08,-2.46,C11H20NO11P,223,21026,1,3,5,5,True,True,cuda,NVIDIA GeForce RTX 4070 Laptop GPU
2026-05-02T15:15:16.373601,7EPV_FDA_ligand_start_conf__Orai1WT-MDSnap-Fr499_cleaned,Orai1WT-MDSnap-Fr499_cleaned,7EPV_FDA_ligand_start_conf,success,,53.3,35,15,15,5,0,787.57,53,88,23,6,4,11,22,363.28,-1.75,C27H35N9O15P2,223,21026,1,3,5,5,True,True,cuda,NVIDIA GeForce RTX 4070 Laptop GPU
2026-05-02T15:15:16.375183,7ES1_UDP_ligand_start_conf__Orai1WT-MDSnap-Fr499_cleaned,Orai1WT-MDSnap-Fr499_cleaned,7ES1_UDP_ligand_start_conf,success,,28.13,35,15,15,5,0,404.16,25,39,11,2,1,6,13,217.84,-2.62,C9H14N2O12P2,223,21026,1,3,5,5,True,True,cuda,NVIDIA GeForce RTX 4070 Laptop GPU
2026-05-02T15:15:16.376703,7F51_BA7_ligand_start_conf__Orai1WT-MDSnap-Fr499_cleaned,Orai1WT-MDSnap-Fr499_cleaned,7F51_BA7_ligand_start_conf,success,,42.19,35,15,15,5,0,663.43,44,71,18,5,3,7,20,297.59,-1.42,C22H27N5O15P2,223,21026,1,3,5,5,True,True,cuda,NVIDIA GeForce RTX 4070 Laptop GPU
2026-05-02T15:15:16.378142,7F5D_EUO_ligand_start_conf__Orai1WT-MDSnap-Fr499_cleaned,Orai1WT-MDSnap-Fr499_cleaned,7F5D_EUO_ligand_start_conf,success,,24.49,35,15,15,5,0,302.36,21,35,5,3,3,2,5,87.74,2.07,C14H14N4O2S,223,21026,1,3,5,5,True,True,cuda,NVIDIA GeForce RTX 4070 Laptop GPU
2026-05-02T15:15:16.379581,7F8T_FAD_ligand_start_conf__Orai1WT-MDSnap-Fr499_cleaned,Orai1WT-MDSnap-Fr499_cleaned,7F8T_FAD_ligand_start_conf,success,,52.62,35,15,15,5,0,785.56,53,86,23,6,3,9,23,362.93,-2.42,C27H33N9O15P2,223,21026,1,3,5,5,True,True,cuda,NVIDIA GeForce RTX 4070 Laptop GPU
2026-05-02T15:15:16.381028,7FB7_8NF_ligand_start_conf__Orai1WT-MDSnap-Fr499_cleaned,Orai1WT-MDSnap-Fr499_cleaned,7FB7_8NF_ligand_start_conf,success,,13.49,35,15,15,5,0,122.17,9,19,3,1,1,1,2,38.91,1.28,C7H10N2,223,21026,1,3,5,5,True,True,cuda,NVIDIA GeForce RTX 4070 Laptop GPU
2026-05-02T15:15:16.382467,7FHA_ADX_ligand_start_conf__Orai1WT-MDSnap-Fr499_cleaned,Orai1WT-MDSnap-Fr499_cleaned,7FHA_ADX_ligand_start_conf,success,,28.11,35,15,15,5,0,427.29,27,41,11,3,2,5,15,229.44,-2.04,C10H14N5O10PS,223,21026,1,3,5,5,True,True,cuda,NVIDIA GeForce RTX 4070 Laptop GPU
2026-05-02T15:15:16.383900,7FRX_O88_ligand_start_conf__Orai1WT-MDSnap-Fr499_cleaned,Orai1WT-MDSnap-Fr499_cleaned,7FRX_O88_ligand_start_conf,success,,30.29,35,15,15,5,0,451.48,30,47,10,3,3,5,8,161.23,1.82,C19H17NO8S2,223,21026,1,3,5,5,True,True,cuda,NVIDIA GeForce RTX 4070 Laptop GPU
2026-05-02T15:15:16.385379,7FT9_4MB_ligand_start_conf__Orai1WT-MDSnap-Fr499_cleaned,Orai1WT-MDSnap-Fr499_cleaned,7FT9_4MB_ligand_start_conf,success,,17.24,35,15,15,5,0,215.23,14,23,4,1,1,2,4,83.47,0.76,C8H9NO4S,223,21026,1,3,5,5,True,True,cuda,NVIDIA GeForce RTX 4070 Laptop GPU
2026-05-02T15:15:16.386903,7JG0_GAR_ligand_start_conf__Orai1WT-MDSnap-Fr499_cleaned,Orai1WT-MDSnap-Fr499_cleaned,7JG0_GAR_ligand_start_conf,success,,27.71,35,15,15,5,0,284.16,18,31,8,1,0,4,9,177.23,-4.65,C7H13N2O8P-2,223,21026,1,3,5,5,True,True,cuda,NVIDIA GeForce RTX 4070 Laptop GPU
2026-05-02T15:15:16.388432,7JGW_V9S_ligand_start_conf__Orai1WT-MDSnap-Fr499_cleaned,Orai1WT-MDSnap-Fr499_cleaned,7JGW_V9S_ligand_start_conf,success,,38.42,35,15,15,5,0,617.73,45,76,11,6,5,3,9,125.8,6.61,C35H31N5O4S,223,21026,1,3,5,5,True,True,cuda,NVIDIA GeForce RTX 4070 Laptop GPU
2026-05-02T15:15:16.390091,7JHQ_VAJ_ligand_start_conf__Orai1WT-MDSnap-Fr499_cleaned,Orai1WT-MDSnap-Fr499_cleaned,7JHQ_VAJ_ligand_start_conf,success,,15.01,35,15,15,5,0,242.23,18,28,3,2,2,2,4,74.6,2.75,C14H10O4,223,21026,1,3,5,5,True,True,cuda,NVIDIA GeForce RTX 4070 Laptop GPU
2026-05-02T15:15:16.391628,7JMV_4NC_ligand_start_conf__Orai1WT-MDSnap-Fr499_cleaned,Orai1WT-MDSnap-Fr499_cleaned,7JMV_4NC_ligand_start_conf,success,,11.64,35,15,15,5,0,155.11,11,16,3,1,1,2,4,83.6,1.01,C6H5NO4,223,21026,1,3,5,5,True,True,cuda,NVIDIA GeForce RTX 4070 Laptop GPU
2026-05-02T15:15:16.393243,7JNB_A2G_ligand_start_conf__Orai1WT-MDSnap-Fr499_cleaned,Orai1WT-MDSnap-Fr499_cleaned,7JNB_A2G_ligand_start_conf,success,,23.53,35,15,15,5,0,221.21,15,30,7,1,0,5,6,119.25,-3.08,C8H15NO6,223,21026,1,3,5,5,True,True,cuda,NVIDIA GeForce RTX 4070 Laptop GPU
2026-05-02T15:15:16.394795,7JR8_VH7_ligand_start_conf__Orai1WT-MDSnap-Fr499_cleaned,Orai1WT-MDSnap-Fr499_cleaned,7JR8_VH7_ligand_start_conf,success,,30.04,35,15,15,5,0,377.49,28,55,7,4,3,2,4,66.63,4.06,C23H27N3O2,223,21026,1,3,5,5,True,True,cuda,NVIDIA GeForce RTX 4070 Laptop GPU
2026-05-02T15:15:16.396382,7JUD_MMA_ligand_start_conf__Orai1WT-MDSnap-Fr499_cleaned,Orai1WT-MDSnap-Fr499_cleaned,7JUD_MMA_ligand_start_conf,success,,20.17,35,15,15,5,0,194.18,13,27,7,1,0,4,6,99.38,-2.57,C7H14O6,223,21026,1,3,5,5,True,True,cuda,NVIDIA GeForce RTX 4070 Laptop GPU
2026-05-02T15:15:16.397929,7JXX_VP7_ligand_start_conf__Orai1WT-MDSnap-Fr499_cleaned,Orai1WT-MDSnap-Fr499_cleaned,7JXX_VP7_ligand_start_conf,success,,23.33,35,15,15,5,0,332.41,25,45,4,4,3,3,4,87.82,2.82,C20H20N4O,223,21026,1,3,5,5,True,True,cuda,NVIDIA GeForce RTX 4070 Laptop GPU
2026-05-02T15:15:16.399443,7JY3_VUD_ligand_start_conf__Orai1WT-MDSnap-Fr499_cleaned,Orai1WT-MDSnap-Fr499_cleaned,7JY3_VUD_ligand_start_conf,success,,23.26,35,15,15,5,0,365.37,27,43,6,4,4,2,6,98.82,2.97,C19H16FN5O2,223,21026,1,3,5,5,True,True,cuda,NVIDIA GeForce RTX 4070 Laptop GPU
2026-05-02T15:15:16.401027,7K0V_VQP_ligand_start_conf__Orai1WT-MDSnap-Fr499_cleaned,Orai1WT-MDSnap-Fr499_cleaned,7K0V_VQP_ligand_start_conf,success,,40.7,35,15,15,5,0,443.5,32,59,7,3,3,3,5,88.05,4.82,C23H27F2N5O2,223,21026,1,3,5,5,True,True,cuda,NVIDIA GeForce RTX 4070 Laptop GPU
2026-05-02T15:15:16.402542,7K41_VUA_ligand_start_conf__Orai1WT-MDSnap-Fr499_cleaned,Orai1WT-MDSnap-Fr499_cleaned,7K41_VUA_ligand_start_conf,success,,27.89,35,15,15,5,0,296.42,22,46,6,3,2,1,4,41.05,3.37,C18H24N4,223,21026,1,3,5,5,True,True,cuda,NVIDIA GeForce RTX 4070 Laptop GPU
2026-05-02T15:15:16.404081,7KB1_WBJ_ligand_start_conf__Orai1WT-MDSnap-Fr499_cleaned,Orai1WT-MDSnap-Fr499_cleaned,7KB1_WBJ_ligand_start_conf,success,,26.92,35,15,15,5,0,330.23,22,37,11,1,1,4,9,149.54,0.92,C12H15N2O7P,223,21026,1,3,5,5,True,True,cuda,NVIDIA GeForce RTX 4070 Laptop GPU
2026-05-02T15:15:16.405583,7KC5_BJZ_ligand_start_conf__Orai1WT-MDSnap-Fr499_cleaned,Orai1WT-MDSnap-Fr499_cleaned,7KC5_BJZ_ligand_start_conf,success,,25.02,35,15,15,5,0,536.38,37,56,5,5,3,1,7,117.84,4.4,C26H19Cl2N5O4,223,21026,1,3,5,5,True,True,cuda,NVIDIA GeForce RTX 4070 Laptop GPU
2026-05-02T15:15:16.407198,7KFO_IAC_ligand_start_conf__Orai1WT-MDSnap-Fr499_cleaned,Orai1WT-MDSnap-Fr499_cleaned,7KFO_IAC_ligand_start_conf,success,,14.7,35,15,15,5,0,175.19,13,22,2,2,2,2,2,53.09,1.79,C10H9NO2,223,21026,1,3,5,5,True,True,cuda,NVIDIA GeForce RTX 4070 Laptop GPU
2026-05-02T15:15:16.408737,7KLX_WOV_ligand_start_conf__Orai1WT-MDSnap-Fr499_cleaned,Orai1WT-MDSnap-Fr499_cleaned,7KLX_WOV_ligand_start_conf,success,,19.6,35,15,15,5,0,231.25,17,30,5,2,2,2,4,62.46,2.5,C13H13NO3,223,21026,1,3,5,5,True,True,cuda,NVIDIA GeForce RTX 4070 Laptop GPU
2026-05-02T15:15:16.410299,7KM8_WPD_ligand_start_conf__Orai1WT-MDSnap-Fr499_cleaned,Orai1WT-MDSnap-Fr499_cleaned,7KM8_WPD_ligand_start_conf,success,,39.24,35,15,15,5,0,410.42,29,53,14,2,2,3,8,133.58,2.56,C19H24F2N4O4,223,21026,1,3,5,5,True,True,cuda,NVIDIA GeForce RTX 4070 Laptop GPU
2026-05-02T15:15:16.411800,7KP6_WTP_ligand_start_conf__Orai1WT-MDSnap-Fr499_cleaned,Orai1WT-MDSnap-Fr499_cleaned,7KP6_WTP_ligand_start_conf,success,,27.01,35,15,15,5,0,402.93,28,55,7,4,2,2,7,65.55,3.22,C20H27ClN6O,223,21026,1,3,5,5,True,True,cuda,NVIDIA GeForce RTX 4070 Laptop GPU
2026-05-02T15:15:16.413362,7KQU_YOF_ligand_start_conf__Orai1WT-MDSnap-Fr499_cleaned,Orai1WT-MDSnap-Fr499_cleaned,7KQU_YOF_ligand_start_conf,success,,19.22,35,15,15,5,0,199.18,14,24,5,1,1,3,4,83.55,0.49,C9H10FNO3,223,21026,1,3,5,5,True,True,cuda,NVIDIA GeForce RTX 4070 Laptop GPU
2026-05-02T15:15:16.414863,7KRU_ATP_ligand_start_conf__Orai1WT-MDSnap-Fr499_cleaned,Orai1WT-MDSnap-Fr499_cleaned,7KRU_ATP_ligand_start_conf,success,,30.72,35,15,15,5,0,507.18,31,47,15,3,2,7,18,279.13,-1.63,C10H16N5O13P3,223,21026,1,3,5,5,True,True,cuda,NVIDIA GeForce RTX 4070 Laptop GPU
2026-05-02T15:15:16.416387,7KZ9_XN7_ligand_start_conf__Orai1WT-MDSnap-Fr499_cleaned,Orai1WT-MDSnap-Fr499_cleaned,7KZ9_XN7_ligand_start_conf,success,,23.11,35,15,15,5,0,162.19,11,25,8,0,0,4,4,81.59,-2.32,C6H14N2O3,223,21026,1,3,5,5,True,True,cuda,NVIDIA GeForce RTX 4070 Laptop GPU
2026-05-02T15:15:16.417840,7L00_XCJ_ligand_start_conf__Orai1WT-MDSnap-Fr499_cleaned,Orai1WT-MDSnap-Fr499_cleaned,7L00_XCJ_ligand_start_conf,success,,27.93,35,15,15,5,0,418.52,27,41,6,4,4,1,8,93.95,3.13,C17H14N4O3S3,223,21026,1,3,5,5,True,True,cuda,NVIDIA GeForce RTX 4070 Laptop GPU
2026-05-02T15:15:16.419346,7L03_F9F_ligand_start_conf__Orai1WT-MDSnap-Fr499_cleaned,Orai1WT-MDSnap-Fr499_cleaned,7L03_F9F_ligand_start_conf,success,,27.2,35,15,15,5,0,365.22,22,33,9,1,1,3,7,122.16,0.97,C9H11F3NO7PS,223,21026,1,3,5,5,True,True,cuda,NVIDIA GeForce RTX 4070 Laptop GPU
2026-05-02T15:15:16.420905,7L5F_XNG_ligand_start_conf__Orai1WT-MDSnap-Fr499_cleaned,Orai1WT-MDSnap-Fr499_cleaned,7L5F_XNG_ligand_start_conf,success,,45.9,35,15,15,5,0,257.37,18,45,13,0,0,2,3,66.4,3.11,C14H27NO3,223,21026,1,3,5,5,True,True,cuda,NVIDIA GeForce RTX 4070 Laptop GPU
2026-05-02T15:15:16.422398,7L6D_BMF_ligand_start_conf__Orai1WT-MDSnap-Fr499_cleaned,Orai1WT-MDSnap-Fr499_cleaned,7L6D_BMF_ligand_start_conf,success,,32.04,35,15,15,5,0,404.45,28,48,9,3,3,2,8,127.58,2.35,C17H20N6O4S,223,21026,1,3,5,5,True,True,cuda,NVIDIA GeForce RTX 4070 Laptop GPU
2026-05-02T15:15:16.423881,7L7C_XQ1_ligand_start_conf__Orai1WT-MDSnap-Fr499_cleaned,Orai1WT-MDSnap-Fr499_cleaned,7L7C_XQ1_ligand_start_conf,success,,20.53,35,15,15,5,0,282.29,21,35,5,3,3,1,4,59.67,3.74,C17H14O4,223,21026,1,3,5,5,True,True,cuda,NVIDIA GeForce RTX 4070 Laptop GPU
2026-05-02T15:15:16.425375,7L81_UD4_ligand_start_conf__Orai1WT-MDSnap-Fr499_cleaned,Orai1WT-MDSnap-Fr499_cleaned,7L81_UD4_ligand_start_conf,success,,39.09,35,15,15,5,0,590.37,38,66,17,3,1,8,17,291.42,-3.66,C17H28N4O15P2,223,21026,1,3,5,5,True,True,cuda,NVIDIA GeForce RTX 4070 Laptop GPU
2026-05-02T15:15:16.426896,7LB3_XXS_ligand_start_conf__Orai1WT-MDSnap-Fr499_cleaned,Orai1WT-MDSnap-Fr499_cleaned,7LB3_XXS_ligand_start_conf,success,,28.49,35,15,15,5,0,412.52,29,53,6,5,3,2,7,107.85,2.91,C20H24N6O2S,223,21026,1,3,5,5,True,True,cuda,NVIDIA GeForce RTX 4070 Laptop GPU
2026-05-02T15:15:16.428314,7LCU_XTA_ligand_start_conf__Orai1WT-MDSnap-Fr499_cleaned,Orai1WT-MDSnap-Fr499_cleaned,7LCU_XTA_ligand_start_conf,success,,31.64,35,15,15,5,0,571.51,39,71,9,5,3,1,9,94.92,5.08,C28H32Cl2N6O3,223,21026,1,3,5,5,True,True,cuda,NVIDIA GeForce RTX 4070 Laptop GPU
2026-05-02T15:15:16.429734,7LEV_0JO_ligand_start_conf__Orai1WT-MDSnap-Fr499_cleaned,Orai1WT-MDSnap-Fr499_cleaned,7LEV_0JO_ligand_start_conf,success,,23.76,35,15,15,5,0,316.21,21,34,10,1,1,4,9,149.54,0.72,C11H13N2O7P,223,21026,1,3,5,5,True,True,cuda,NVIDIA GeForce RTX 4070 Laptop GPU
2026-05-02T15:15:16.431171,7LJN_GTP_ligand_start_conf__Orai1WT-MDSnap-Fr499_cleaned,Orai1WT-MDSnap-Fr499_cleaned,7LJN_GTP_ligand_start_conf,success,,30.8,35,15,15,5,0,523.18,32,48,15,3,2,8,18,299.1,-2.34,C10H16N5O14P3,223,21026,1,3,5,5,True,True,cuda,NVIDIA GeForce RTX 4070 Laptop GPU
2026-05-02T15:15:16.432584,7LMO_NYO_ligand_start_conf__Orai1WT-MDSnap-Fr499_cleaned,Orai1WT-MDSnap-Fr499_cleaned,7LMO_NYO_ligand_start_conf,success,,36.44,35,15,15,5,0,506.56,37,67,10,5,3,2,7,131.85,2.05,C26H30N6O5,223,21026,1,3,5,5,True,True,cuda,NVIDIA GeForce RTX 4070 Laptop GPU
2026-05-02T15:15:16.434047,7LOE_Y84_ligand_start_conf__Orai1WT-MDSnap-Fr499_cleaned,Orai1WT-MDSnap-Fr499_cleaned,7LOE_Y84_ligand_start_conf,success,,8.61,35,15,15,5,0,146.16,11,18,0,2,2,0,0,0.0,2.98,C10H7F,223,21026,1,3,5,5,True,True,cuda,NVIDIA GeForce RTX 4070 Laptop GPU
2026-05-02T15:15:16.435525,7LOU_IFM_ligand_start_conf__Orai1WT-MDSnap-Fr499_cleaned,Orai1WT-MDSnap-Fr499_cleaned,7LOU_IFM_ligand_start_conf,success,,15.14,35,15,15,5,0,147.17,10,23,4,1,0,4,4,72.72,-2.08,C6H13NO3,223,21026,1,3,5,5,True,True,cuda,NVIDIA GeForce RTX 4070 Laptop GPU
2026-05-02T15:15:16.437191,7LT0_ONJ_ligand_start_conf__Orai1WT-MDSnap-Fr499_cleaned,Orai1WT-MDSnap-Fr499_cleaned,7LT0_ONJ_ligand_start_conf,success,,22.69,35,15,15,5,0,375.49,27,48,6,4,3,1,3,40.54,5.32,C23H21NO2S,223,21026,1,3,5,5,True,True,cuda,NVIDIA GeForce RTX 4070 Laptop GPU
2026-05-02T15:15:16.438766,7LZD_YHY_ligand_start_conf__Orai1WT-MDSnap-Fr499_cleaned,Orai1WT-MDSnap-Fr499_cleaned,7LZD_YHY_ligand_start_conf,success,,28.97,35,15,15,5,0,394.49,29,56,7,4,3,2,3,51.37,4.4,C23H27FN4O,223,21026,1,3,5,5,True,True,cuda,NVIDIA GeForce RTX 4070 Laptop GPU
2026-05-02T15:15:16.440218,7LZQ_YJV_ligand_start_conf__Orai1WT-MDSnap-Fr499_cleaned,Orai1WT-MDSnap-Fr499_cleaned,7LZQ_YJV_ligand_start_conf,success,,21.17,35,15,15,5,0,316.75,22,35,4,3,3,1,5,68.92,2.03,C15H13ClN4O2,223,21026,1,3,5,5,True,True,cuda,NVIDIA GeForce RTX 4070 Laptop GPU
2026-05-02T15:15:16.441687,7M31_TDR_ligand_start_conf__Orai1WT-MDSnap-Fr499_cleaned,Orai1WT-MDSnap-Fr499_cleaned,7M31_TDR_ligand_start_conf,success,,9.77,35,15,15,5,0,126.11,9,15,1,1,1,2,2,65.72,-0.63,C5H6N2O2,223,21026,1,3,5,5,True,True,cuda,NVIDIA GeForce RTX 4070 Laptop GPU
2026-05-02T15:15:16.443123,7M3H_YPV_ligand_start_conf__Orai1WT-MDSnap-Fr499_cleaned,Orai1WT-MDSnap-Fr499_cleaned,7M3H_YPV_ligand_start_conf,success,,30.04,35,15,15,5,0,349.41,24,43,9,2,2,3,5,103.7,3.23,C17H19NO5S,223,21026,1,3,5,5,True,True,cuda,NVIDIA GeForce RTX 4070 Laptop GPU
2026-05-02T15:15:16.444816,7M41_YQG_ligand_start_conf__Orai1WT-MDSnap-Fr499_cleaned,Orai1WT-MDSnap-Fr499_cleaned,7M41_YQG_ligand_start_conf,success,,24.87,35,15,15,5,0,469.91,32,48,6,5,5,3,7,137.9,3.03,C20H16ClN7O3S,223,21026,1,3,5,5,True,True,cuda,NVIDIA GeForce RTX 4070 Laptop GPU
2026-05-02T15:15:16.446268,7M6K_YRJ_ligand_start_conf__Orai1WT-MDSnap-Fr499_cleaned,Orai1WT-MDSnap-Fr499_cleaned,7M6K_YRJ_ligand_start_conf,success,,32.61,35,15,15,5,0,485.37,33,55,12,3,2,6,10,204.6,-0.07,C18H22N4O10P+,223,21026,1,3,5,5,True,True,cuda,NVIDIA GeForce RTX 4070 Laptop GPU
2026-05-02T15:15:16.447630,7MAE_XUS_ligand_start_conf__Orai1WT-MDSnap-Fr499_cleaned,Orai1WT-MDSnap-Fr499_cleaned,7MAE_XUS_ligand_start_conf,success,,63.04,35,15,15,5,0,727.81,49,99,25,4,2,3,12,185.18,4.37,C33H50N3O11PS,223,21026,1,3,5,5,True,True,cuda,NVIDIA GeForce RTX 4070 Laptop GPU
2026-05-02T15:15:16.448908,7MEU_MGP_ligand_start_conf__Orai1WT-MDSnap-Fr499_cleaned,Orai1WT-MDSnap-Fr499_cleaned,7MEU_MGP_ligand_start_conf,success,,32.46,35,15,15,5,0,538.22,33,52,16,3,2,8,17,290.09,-2.91,C11H19N5O14P3+,223,21026,1,3,5,5,True,True,cuda,NVIDIA GeForce RTX 4070 Laptop GPU
2026-05-02T15:15:16.450477,7MFP_Z7P_ligand_start_conf__Orai1WT-MDSnap-Fr499_cleaned,Orai1WT-MDSnap-Fr499_cleaned,7MFP_Z7P_ligand_start_conf,success,,44.86,35,15,15,5,0,778.45,50,83,24,4,2,10,23,368.77,-2.62,C23H33N4O20P3,223,21026,1,3,5,5,True,True,cuda,NVIDIA GeForce RTX 4070 Laptop GPU
2026-05-02T15:15:16.451885,7MGT_ZD4_ligand_start_conf__Orai1WT-MDSnap-Fr499_cleaned,Orai1WT-MDSnap-Fr499_cleaned,7MGT_ZD4_ligand_start_conf,success,,27.58,35,15,15,5,0,461.65,28,42,12,3,2,6,15,232.6,-1.09,C10H14ClN5O10P2,223,21026,1,3,5,5,True,True,cuda,NVIDIA GeForce RTX 4070 Laptop GPU
2026-05-02T15:15:16.453155,7MGY_ZD1_ligand_start_conf__Orai1WT-MDSnap-Fr499_cleaned,Orai1WT-MDSnap-Fr499_cleaned,7MGY_ZD1_ligand_start_conf,success,,29.34,35,15,15,5,0,337.32,23,46,12,2,0,8,10,186.09,-4.85,C13H23NO9,223,21026,1,3,5,5,True,True,cuda,NVIDIA GeForce RTX 4070 Laptop GPU
2026-05-02T15:15:16.454419,7MMH_ZJY_ligand_start_conf__Orai1WT-MDSnap-Fr499_cleaned,Orai1WT-MDSnap-Fr499_cleaned,7MMH_ZJY_ligand_start_conf,success,,48.95,35,15,15,5,0,820.89,57,104,12,7,2,3,11,195.22,4.13,C38H47F3N6O9S,223,21026,1,3,5,5,True,True,cuda,NVIDIA GeForce RTX 4070 Laptop GPU
2026-05-02T15:15:16.455885,7MOI_HPS_ligand_start_conf__Orai1WT-MDSnap-Fr499_cleaned,Orai1WT-MDSnap-Fr499_cleaned,7MOI_HPS_ligand_start_conf,success,,12.09,35,15,15,5,0,174.09,11,18,4,1,1,2,4,66.76,1.16,C6H7O4P,223,21026,1,3,5,5,True,True,cuda,NVIDIA GeForce RTX 4070 Laptop GPU
2026-05-02T15:15:16.457224,7MRH_ZMJ_ligand_start_conf__Orai1WT-MDSnap-Fr499_cleaned,Orai1WT-MDSnap-Fr499_cleaned,7MRH_ZMJ_ligand_start_conf,success,,25.65,35,15,15,5,0,342.42,24,42,6,3,3,1,4,68.17,2.97,C18H18N2O3S,223,21026,1,3,5,5,True,True,cuda,NVIDIA GeForce RTX 4070 Laptop GPU
2026-05-02T15:15:16.458471,7MS7_ZQ1_ligand_start_conf__Orai1WT-MDSnap-Fr499_cleaned,Orai1WT-MDSnap-Fr499_cleaned,7MS7_ZQ1_ligand_start_conf,success,,27.64,35,15,15,5,0,437.9,29,49,6,3,2,2,6,116.67,2.12,C19H20ClN3O5S,223,21026,1,3,5,5,True,True,cuda,NVIDIA GeForce RTX 4070 Laptop GPU
2026-05-02T15:15:16.459836,7MSR_DCA_ligand_start_conf__Orai1WT-MDSnap-Fr499_cleaned,Orai1WT-MDSnap-Fr499_cleaned,7MSR_DCA_ligand_start_conf,success,,58.93,35,15,15,5,0,735.47,47,83,27,3,2,9,21,346.56,-1.58,C21H36N7O16P3,223,21026,1,3,5,5,True,True,cuda,NVIDIA GeForce RTX 4070 Laptop GPU
2026-05-02T15:15:16.461085,7MWN_WI5_ligand_start_conf__Orai1WT-MDSnap-Fr499_cleaned,Orai1WT-MDSnap-Fr499_cleaned,7MWN_WI5_ligand_start_conf,success,,26.0,35,15,15,5,0,426.52,32,58,5,6,4,0,5,43.7,4.6,C27H26N2O3,223,21026,1,3,5,5,True,True,cuda,NVIDIA GeForce RTX 4070 Laptop GPU
2026-05-02T15:15:16.462413,7MWU_ZPM_ligand_start_conf__Orai1WT-MDSnap-Fr499_cleaned,Orai1WT-MDSnap-Fr499_cleaned,7MWU_ZPM_ligand_start_conf,success,,10.71,35,15,15,5,0,100.12,7,15,1,1,0,1,2,37.3,0.87,C5H8O2,223,21026,1,3,5,5,True,True,cuda,NVIDIA GeForce RTX 4070 Laptop GPU
2026-05-02T15:15:16.463737,7MY1_IPE_ligand_start_conf__Orai1WT-MDSnap-Fr499_cleaned,Orai1WT-MDSnap-Fr499_cleaned,7MY1_IPE_ligand_start_conf,success,,20.46,35,15,15,5,0,246.09,14,26,10,0,0,3,7,113.29,1.18,C5H12O7P2,223,21026,1,3,5,5,True,True,cuda,NVIDIA GeForce RTX 4070 Laptop GPU
2026-05-02T15:15:16.465031,7MYU_ZR7_ligand_start_conf__Orai1WT-MDSnap-Fr499_cleaned,Orai1WT-MDSnap-Fr499_cleaned,7MYU_ZR7_ligand_start_conf,success,,27.19,35,15,15,5,0,498.52,35,55,6,5,3,2,10,131.51,2.2,C22H20F2N8O2S,223,21026,1,3,5,5,True,True,cuda,NVIDIA GeForce RTX 4070 Laptop GPU
2026-05-02T15:15:16.466429,7MZS_GLA_ligand_start_conf__Orai1WT-MDSnap-Fr499_cleaned,Orai1WT-MDSnap-Fr499_cleaned,7MZS_GLA_ligand_start_conf,success,,16.45,35,15,15,5,0,180.16,12,24,6,1,0,5,6,110.38,-3.22,C6H12O6,223,21026,1,3,5,5,True,True,cuda,NVIDIA GeForce RTX 4070 Laptop GPU
2026-05-02T15:15:16.467704,7N03_ZRP_ligand_start_conf__Orai1WT-MDSnap-Fr499_cleaned,Orai1WT-MDSnap-Fr499_cleaned,7N03_ZRP_ligand_start_conf,success,,38.43,35,15,15,5,0,376.5,28,56,11,3,3,3,4,66.05,5.33,C23H28N4O,223,21026,1,3,5,5,True,True,cuda,NVIDIA GeForce RTX 4070 Laptop GPU
2026-05-02T15:15:16.469103,7N4N_0BK_ligand_start_conf__Orai1WT-MDSnap-Fr499_cleaned,Orai1WT-MDSnap-Fr499_cleaned,7N4N_0BK_ligand_start_conf,success,,35.09,35,15,15,5,0,467.5,32,55,9,3,2,2,8,136.63,2.0,C20H23F2N5O4S,223,21026,1,3,5,5,True,True,cuda,NVIDIA GeForce RTX 4070 Laptop GPU
2026-05-02T15:15:16.470416,7N4W_P4V_ligand_start_conf__Orai1WT-MDSnap-Fr499_cleaned,Orai1WT-MDSnap-Fr499_cleaned,7N4W_P4V_ligand_start_conf,success,,22.63,35,15,15,5,0,355.43,26,51,8,4,2,0,5,40.16,3.38,C21H25NO4,223,21026,1,3,5,5,True,True,cuda,NVIDIA GeForce RTX 4070 Laptop GPU
2026-05-02T15:15:16.471773,7N6F_0I1_ligand_start_conf__Orai1WT-MDSnap-Fr499_cleaned,Orai1WT-MDSnap-Fr499_cleaned,7N6F_0I1_ligand_start_conf,success,,21.37,35,15,15,5,0,358.39,26,46,3,4,2,0,4,49.33,2.68,C19H20F2N4O,223,21026,1,3,5,5,True,True,cuda,NVIDIA GeForce RTX 4070 Laptop GPU
2026-05-02T15:15:16.473506,7N7B_T3F_ligand_start_conf__Orai1WT-MDSnap-Fr499_cleaned,Orai1WT-MDSnap-Fr499_cleaned,7N7B_T3F_ligand_start_conf,success,,37.07,35,15,15,5,0,547.35,35,62,16,3,1,7,16,262.32,-2.46,C16H27N3O14P2,223,21026,1,3,5,5,True,True,cuda,NVIDIA GeForce RTX 4070 Laptop GPU
2026-05-02T15:15:16.475743,7N7H_CTP_ligand_start_conf__Orai1WT-MDSnap-Fr499_cleaned,Orai1WT-MDSnap-Fr499_cleaned,7N7H_CTP_ligand_start_conf,success,,30.56,35,15,15,5,0,483.16,29,45,15,2,1,7,17,270.42,-2.21,C9H16N3O14P3,223,21026,1,3,5,5,True,True,cuda,NVIDIA GeForce RTX 4070 Laptop GPU
2026-05-02T15:15:16.477490,7NA4_1I9_ligand_start_conf__Orai1WT-MDSnap-Fr499_cleaned,Orai1WT-MDSnap-Fr499_cleaned,7NA4_1I9_ligand_start_conf,success,,37.98,35,15,15,5,0,537.06,38,71,11,6,4,1,8,111.72,6.36,C28H33ClN6O3,223,21026,1,3,5,5,True,True,cuda,NVIDIA GeForce RTX 4070 Laptop GPU
2026-05-02T15:15:16.479044,7NB4_U6Q_ligand_start_conf__Orai1WT-MDSnap-Fr499_cleaned,Orai1WT-MDSnap-Fr499_cleaned,7NB4_U6Q_ligand_start_conf,success,,32.24,35,15,15,5,0,451.98,31,53,9,4,4,2,6,75.11,5.99,C24H22ClN3O2S,223,21026,1,3,5,5,True,True,cuda,NVIDIA GeForce RTX 4070 Laptop GPU
2026-05-02T15:15:16.480689,7NF0_BYN_ligand_start_conf__Orai1WT-MDSnap-Fr499_cleaned,Orai1WT-MDSnap-Fr499_cleaned,7NF0_BYN_ligand_start_conf,success,,47.22,35,15,15,5,0,542.48,37,68,18,4,2,8,13,220.14,-0.13,C22H31N4O10P,223,21026,1,3,5,5,True,True,cuda,NVIDIA GeForce RTX 4070 Laptop GPU
2026-05-02T15:15:16.482237,7NF3_4LU_ligand_start_conf__Orai1WT-MDSnap-Fr499_cleaned,Orai1WT-MDSnap-Fr499_cleaned,7NF3_4LU_ligand_start_conf,success,,42.96,35,15,15,5,0,525.48,36,66,16,4,2,7,10,199.42,-0.09,C22H30N4O9P+,223,21026,1,3,5,5,True,True,cuda,NVIDIA GeForce RTX 4070 Laptop GPU
2026-05-02T15:15:16.483651,7NFB_GEN_ligand_start_conf__Orai1WT-MDSnap-Fr499_cleaned,Orai1WT-MDSnap-Fr499_cleaned,7NFB_GEN_ligand_start_conf,success,,13.7,35,15,15,5,0,270.24,20,30,4,3,3,3,5,90.9,2.58,C15H10O5,223,21026,1,3,5,5,True,True,cuda,NVIDIA GeForce RTX 4070 Laptop GPU
2026-05-02T15:15:16.485010,7NGW_UAW_ligand_start_conf__Orai1WT-MDSnap-Fr499_cleaned,Orai1WT-MDSnap-Fr499_cleaned,7NGW_UAW_ligand_start_conf,success,,21.01,35,15,15,5,0,234.3,17,35,3,2,1,2,2,52.57,2.66,C13H18N2O2,223,21026,1,3,5,5,True,True,cuda,NVIDIA GeForce RTX 4070 Laptop GPU
2026-05-02T15:15:16.486377,7NLK_UHK_ligand_start_conf__Orai1WT-MDSnap-Fr499_cleaned,Orai1WT-MDSnap-Fr499_cleaned,7NLK_UHK_ligand_start_conf,success,,31.05,35,15,15,5,0,237.37,16,35,8,1,1,2,2,29.1,3.28,C13H19NOS,223,21026,1,3,5,5,True,True,cuda,NVIDIA GeForce RTX 4070 Laptop GPU
2026-05-02T15:15:16.487731,7NLV_UJE_ligand_start_conf__Orai1WT-MDSnap-Fr499_cleaned,Orai1WT-MDSnap-Fr499_cleaned,7NLV_UJE_ligand_start_conf,success,,29.52,35,15,15,5,0,312.44,21,45,6,3,0,4,4,82.26,0.19,C14H24N4O2S,223,21026,1,3,5,5,True,True,cuda,NVIDIA GeForce RTX 4070 Laptop GPU
2026-05-02T15:15:16.489089,7NML_I7B_ligand_start_conf__Orai1WT-MDSnap-Fr499_cleaned,Orai1WT-MDSnap-Fr499_cleaned,7NML_I7B_ligand_start_conf,success,,17.32,35,15,15,5,0,285.73,16,24,5,1,1,3,5,146.34,-0.78,C6H8ClN3O4S2,223,21026,1,3,5,5,True,True,cuda,NVIDIA GeForce RTX 4070 Laptop GPU
2026-05-02T15:15:16.490418,7NP6_UK8_ligand_start_conf__Orai1WT-MDSnap-Fr499_cleaned,Orai1WT-MDSnap-Fr499_cleaned,7NP6_UK8_ligand_start_conf,success,,26.58,35,15,15,5,0,463.8,32,45,6,4,4,2,6,101.24,5.68,C21H13ClF3N3O4,223,21026,1,3,5,5,True,True,cuda,NVIDIA GeForce RTX 4070 Laptop GPU
2026-05-02T15:15:16.491728,7NPL_UKZ_ligand_start_conf__Orai1WT-MDSnap-Fr499_cleaned,Orai1WT-MDSnap-Fr499_cleaned,7NPL_UKZ_ligand_start_conf,success,,34.09,35,15,15,5,0,386.88,27,50,9,3,2,3,3,78.43,3.78,C21H23ClN2O3,223,21026,1,3,5,5,True,True,cuda,NVIDIA GeForce RTX 4070 Laptop GPU
2026-05-02T15:15:16.493086,7NR6_UO8_ligand_start_conf__Orai1WT-MDSnap-Fr499_cleaned,Orai1WT-MDSnap-Fr499_cleaned,7NR6_UO8_ligand_start_conf,success,,16.39,35,15,15,5,0,249.34,17,32,2,3,2,2,5,72.52,2.58,C11H15N5S,223,21026,1,3,5,5,True,True,cuda,NVIDIA GeForce RTX 4070 Laptop GPU
2026-05-02T15:15:16.494543,7NR8_UOE_ligand_start_conf__Orai1WT-MDSnap-Fr499_cleaned,Orai1WT-MDSnap-Fr499_cleaned,7NR8_UOE_ligand_start_conf,success,,40.86,35,15,15,5,0,635.17,45,84,12,6,3,3,10,136.05,2.73,C32H39ClN8O4,223,21026,1,3,5,5,True,True,cuda,NVIDIA GeForce RTX 4070 Laptop GPU
2026-05-02T15:15:16.495975,7NSW_HC4_ligand_start_conf__Orai1WT-MDSnap-Fr499_cleaned,Orai1WT-MDSnap-Fr499_cleaned,7NSW_HC4_ligand_start_conf,success,,11.58,35,15,15,5,0,164.16,12,20,3,1,1,2,3,57.53,1.49,C9H8O3,223,21026,1,3,5,5,True,True,cuda,NVIDIA GeForce RTX 4070 Laptop GPU
2026-05-02T15:15:16.497363,7NTG_F6R_ligand_start_conf__Orai1WT-MDSnap-Fr499_cleaned,Orai1WT-MDSnap-Fr499_cleaned,7NTG_F6R_ligand_start_conf,success,,29.56,35,15,15,5,0,260.13,16,29,13,0,0,6,9,164.75,-3.26,C6H13O9P,223,21026,1,3,5,5,True,True,cuda,NVIDIA GeForce RTX 4070 Laptop GPU
2026-05-02T15:15:16.498910,7NU0_DCL_ligand_start_conf__Orai1WT-MDSnap-Fr499_cleaned,Orai1WT-MDSnap-Fr499_cleaned,7NU0_DCL_ligand_start_conf,success,,23.85,35,15,15,5,0,117.19,8,23,7,0,0,2,2,46.25,0.35,C6H15NO,223,21026,1,3,5,5,True,True,cuda,NVIDIA GeForce RTX 4070 Laptop GPU
2026-05-02T15:15:16.500473,7NUT_GLP_ligand_start_conf__Orai1WT-MDSnap-Fr499_cleaned,Orai1WT-MDSnap-Fr499_cleaned,7NUT_GLP_ligand_start_conf,success,,23.44,35,15,15,5,0,259.15,16,30,9,1,0,6,9,162.7,-3.14,C6H14NO8P,223,21026,1,3,5,5,True,True,cuda,NVIDIA GeForce RTX 4070 Laptop GPU
2026-05-02T15:15:16.501877,7NXO_UU8_ligand_start_conf__Orai1WT-MDSnap-Fr499_cleaned,Orai1WT-MDSnap-Fr499_cleaned,7NXO_UU8_ligand_start_conf,success,,23.43,35,15,15,5,0,477.47,34,50,6,4,4,1,7,122.02,3.47,C24H16FN3O5S,223,21026,1,3,5,5,True,True,cuda,NVIDIA GeForce RTX 4070 Laptop GPU
2026-05-02T15:15:16.503239,7O0N_CDP_ligand_start_conf__Orai1WT-MDSnap-Fr499_cleaned,Orai1WT-MDSnap-Fr499_cleaned,7O0N_CDP_ligand_start_conf,success,,27.25,35,15,15,5,0,403.18,25,40,12,2,1,6,14,223.89,-2.33,C9H15N3O11P2,223,21026,1,3,5,5,True,True,cuda,NVIDIA GeForce RTX 4070 Laptop GPU
2026-05-02T15:15:16.504609,7O1T_5X8_ligand_start_conf__Orai1WT-MDSnap-Fr499_cleaned,Orai1WT-MDSnap-Fr499_cleaned,7O1T_5X8_ligand_start_conf,success,,29.85,35,15,15,5,0,370.39,25,43,10,3,2,5,12,182.63,-1.83,C13H18N6O5S,223,21026,1,3,5,5,True,True,cuda,NVIDIA GeForce RTX 4070 Laptop GPU
2026-05-02T15:15:16.506099,7OCB_V88_ligand_start_conf__Orai1WT-MDSnap-Fr499_cleaned,Orai1WT-MDSnap-Fr499_cleaned,7OCB_V88_ligand_start_conf,success,,62.79,35,15,15,5,0,561.78,41,88,18,5,3,2,9,78.02,4.68,C32H47N7O2,223,21026,1,3,5,5,True,True,cuda,NVIDIA GeForce RTX 4070 Laptop GPU
2026-05-02T15:15:16.507629,7ODX_DGP_ligand_start_conf__Orai1WT-MDSnap-Fr499_cleaned,Orai1WT-MDSnap-Fr499_cleaned,7ODX_DGP_ligand_start_conf,success,,23.59,35,15,15,5,0,347.22,23,37,8,3,2,5,11,185.81,-1.54,C10H14N5O7P,223,21026,1,3,5,5,True,True,cuda,NVIDIA GeForce RTX 4070 Laptop GPU
2026-05-02T15:15:16.508965,7ODY_DGI_ligand_start_conf__Orai1WT-MDSnap-Fr499_cleaned,Orai1WT-MDSnap-Fr499_cleaned,7ODY_DGI_ligand_start_conf,success,,27.74,35,15,15,5,0,427.2,27,42,11,3,2,6,14,232.34,-1.42,C10H15N5O10P2,223,21026,1,3,5,5,True,True,cuda,NVIDIA GeForce RTX 4070 Laptop GPU
2026-05-02T15:15:16.510286,7OEO_V9Z_ligand_start_conf__Orai1WT-MDSnap-Fr499_cleaned,Orai1WT-MDSnap-Fr499_cleaned,7OEO_V9Z_ligand_start_conf,success,,38.23,35,15,15,5,0,430.55,32,62,12,3,3,1,3,58.64,4.33,C27H30N2O3,223,21026,1,3,5,5,True,True,cuda,NVIDIA GeForce RTX 4070 Laptop GPU
2026-05-02T15:15:16.511635,7OFF_VCB_ligand_start_conf__Orai1WT-MDSnap-Fr499_cleaned,Orai1WT-MDSnap-Fr499_cleaned,7OFF_VCB_ligand_start_conf,success,,23.27,35,15,15,5,0,357.36,27,42,4,4,3,2,4,83.47,3.45,C22H15NO4,223,21026,1,3,5,5,True,True,cuda,NVIDIA GeForce RTX 4070 Laptop GPU
2026-05-02T15:15:16.513064,7OFK_VCH_ligand_start_conf__Orai1WT-MDSnap-Fr499_cleaned,Orai1WT-MDSnap-Fr499_cleaned,7OFK_VCH_ligand_start_conf,success,,34.1,35,15,15,5,0,524.44,35,53,7,3,2,2,5,103.78,3.44,C21H18F6N2O5S,223,21026,1,3,5,5,True,True,cuda,NVIDIA GeForce RTX 4070 Laptop GPU
2026-05-02T15:15:16.514446,7OKC_VFE_ligand_start_conf__Orai1WT-MDSnap-Fr499_cleaned,Orai1WT-MDSnap-Fr499_cleaned,7OKC_VFE_ligand_start_conf,success,,30.79,35,15,15,5,0,429.93,29,49,9,3,3,1,6,80.12,2.79,C20H20ClN5O2S,223,21026,1,3,5,5,True,True,cuda,NVIDIA GeForce RTX 4070 Laptop GPU
2026-05-02T15:15:16.515772,7OKF_VH5_ligand_start_conf__Orai1WT-MDSnap-Fr499_cleaned,Orai1WT-MDSnap-Fr499_cleaned,7OKF_VH5_ligand_start_conf,success,,20.32,35,15,15,5,0,394.87,28,47,4,4,3,2,6,88.05,2.94,C20H19ClN6O,223,21026,1,3,5,5,True,True,cuda,NVIDIA GeForce RTX 4070 Laptop GPU
2026-05-02T15:15:16.517368,7OLI_8HG_ligand_start_conf__Orai1WT-MDSnap-Fr499_cleaned,Orai1WT-MDSnap-Fr499_cleaned,7OLI_8HG_ligand_start_conf,success,,20.76,35,15,15,5,0,283.24,20,33,5,3,2,5,8,159.25,-2.36,C10H13N5O5,223,21026,1,3,5,5,True,True,cuda,NVIDIA GeForce RTX 4070 Laptop GPU
2026-05-02T15:15:16.519008,7OLT_58J_ligand_start_conf__Orai1WT-MDSnap-Fr499_cleaned,Orai1WT-MDSnap-Fr499_cleaned,7OLT_58J_ligand_start_conf,success,,18.55,35,15,15,5,0,308.34,23,39,4,3,2,1,3,58.64,2.76,C18H16N2O3,223,21026,1,3,5,5,True,True,cuda,NVIDIA GeForce RTX 4070 Laptop GPU
2026-05-02T15:15:16.520418,7OMJ_GCP_ligand_start_conf__Orai1WT-MDSnap-Fr499_cleaned,Orai1WT-MDSnap-Fr499_cleaned,7OMJ_GCP_ligand_start_conf,success,,37.03,35,15,15,5,0,521.21,32,50,15,3,2,8,17,289.87,-2.22,C11H18N5O13P3,223,21026,1,3,5,5,True,True,cuda,NVIDIA GeForce RTX 4070 Laptop GPU
2026-05-02T15:15:16.521780,7OMX_CNA_ligand_start_conf__Orai1WT-MDSnap-Fr499_cleaned,Orai1WT-MDSnap-Fr499_cleaned,7OMX_CNA_ligand_start_conf,success,,42.64,35,15,15,5,0,662.47,44,74,18,5,3,8,18,309.03,-2.35,C22H30N7O13P2+,223,21026,1,3,5,5,True,True,cuda,NVIDIA GeForce RTX 4070 Laptop GPU
2026-05-02T15:15:16.523141,7OP9_06K_ligand_start_conf__Orai1WT-MDSnap-Fr499_cleaned,Orai1WT-MDSnap-Fr499_cleaned,7OP9_06K_ligand_start_conf,success,,7.37,35,15,15,5,0,189.01,11,13,0,2,2,1,3,54.46,1.66,C5H2Cl2N4,223,21026,1,3,5,5,True,True,cuda,NVIDIA GeForce RTX 4070 Laptop GPU
2026-05-02T15:15:16.524532,7OPG_06N_ligand_start_conf__Orai1WT-MDSnap-Fr499_cleaned,Orai1WT-MDSnap-Fr499_cleaned,7OPG_06N_ligand_start_conf,success,,22.09,35,15,15,5,0,274.35,19,33,6,3,3,2,6,62.45,2.99,C13H14N4OS,223,21026,1,3,5,5,True,True,cuda,NVIDIA GeForce RTX 4070 Laptop GPU
2026-05-02T15:15:16.526017,7ORW_7WA_ligand_start_conf__Orai1WT-MDSnap-Fr499_cleaned,Orai1WT-MDSnap-Fr499_cleaned,7ORW_7WA_ligand_start_conf,success,,9.5,35,15,15,5,0,133.15,10,17,1,2,2,2,2,54.7,1.15,C7H7N3,223,21026,1,3,5,5,True,True,cuda,NVIDIA GeForce RTX 4070 Laptop GPU
2026-05-02T15:15:16.527403,7OSO_0V1_ligand_start_conf__Orai1WT-MDSnap-Fr499_cleaned,Orai1WT-MDSnap-Fr499_cleaned,7OSO_0V1_ligand_start_conf,success,,18.15,35,15,15,5,0,106.12,7,17,6,0,0,3,3,60.69,-1.28,C4H10O3,223,21026,1,3,5,5,True,True,cuda,NVIDIA GeForce RTX 4070 Laptop GPU
2026-05-02T15:15:16.528773,7OU8_1XI_ligand_start_conf__Orai1WT-MDSnap-Fr499_cleaned,Orai1WT-MDSnap-Fr499_cleaned,7OU8_1XI_ligand_start_conf,success,,23.87,35,15,15,5,0,335.43,23,44,6,3,1,3,5,85.16,0.2,C16H21N3O3S,223,21026,1,3,5,5,True,True,cuda,NVIDIA GeForce RTX 4070 Laptop GPU
2026-05-02T15:15:16.530197,7OZ9_NGK_ligand_start_conf__Orai1WT-MDSnap-Fr499_cleaned,Orai1WT-MDSnap-Fr499_cleaned,7OZ9_NGK_ligand_start_conf,success,,26.94,35,15,15,5,0,301.27,19,34,9,1,0,5,9,162.62,-3.25,C8H15NO9S,223,21026,1,3,5,5,True,True,cuda,NVIDIA GeForce RTX 4070 Laptop GPU
2026-05-02T15:15:16.531698,7OZC_G6S_ligand_start_conf__Orai1WT-MDSnap-Fr499_cleaned,Orai1WT-MDSnap-Fr499_cleaned,7OZC_G6S_ligand_start_conf,success,,21.34,35,15,15,5,0,260.22,16,28,8,1,0,5,9,153.75,-3.39,C6H12O9S,223,21026,1,3,5,5,True,True,cuda,NVIDIA GeForce RTX 4070 Laptop GPU
2026-05-02T15:15:16.533138,7P1F_KFN_ligand_start_conf__Orai1WT-MDSnap-Fr499_cleaned,Orai1WT-MDSnap-Fr499_cleaned,7P1F_KFN_ligand_start_conf,success,,26.46,35,15,15,5,0,250.2,17,31,9,1,0,6,8,147.68,-3.21,C9H14O8,223,21026,1,3,5,5,True,True,cuda,NVIDIA GeForce RTX 4070 Laptop GPU
2026-05-02T15:15:16.534559,7P1M_4IU_ligand_start_conf__Orai1WT-MDSnap-Fr499_cleaned,Orai1WT-MDSnap-Fr499_cleaned,7P1M_4IU_ligand_start_conf,success,,34.39,35,15,15,5,0,334.33,24,42,8,3,2,3,8,114.04,0.42,C16H18N2O6,223,21026,1,3,5,5,True,True,cuda,NVIDIA GeForce RTX 4070 Laptop GPU
2026-05-02T15:15:16.536446,7P2I_MFU_ligand_start_conf__Orai1WT-MDSnap-Fr499_cleaned,Orai1WT-MDSnap-Fr499_cleaned,7P2I_MFU_ligand_start_conf,success,,18.41,35,15,15,5,0,178.18,12,26,6,1,0,3,5,79.15,-1.54,C7H14O5,223,21026,1,3,5,5,True,True,cuda,NVIDIA GeForce RTX 4070 Laptop GPU
2026-05-02T15:15:16.538073,7P2W_4QR_ligand_start_conf__Orai1WT-MDSnap-Fr499_cleaned,Orai1WT-MDSnap-Fr499_cleaned,7P2W_4QR_ligand_start_conf,success,,27.89,35,15,15,5,0,520.35,34,49,8,4,4,4,8,141.61,5.47,C22H15Cl2N3O6S,223,21026,1,3,5,5,True,True,cuda,NVIDIA GeForce RTX 4070 Laptop GPU
2026-05-02T15:15:16.539547,7P4C_5OV_ligand_start_conf__Orai1WT-MDSnap-Fr499_cleaned,Orai1WT-MDSnap-Fr499_cleaned,7P4C_5OV_ligand_start_conf,success,,21.39,35,15,15,5,0,255.25,16,29,5,2,0,5,7,136.32,-3.71,C7H13NO7S,223,21026,1,3,5,5,True,True,cuda,NVIDIA GeForce RTX 4070 Laptop GPU
2026-05-02T15:15:16.540968,7P4J_5JK_ligand_start_conf__Orai1WT-MDSnap-Fr499_cleaned,Orai1WT-MDSnap-Fr499_cleaned,7P4J_5JK_ligand_start_conf,success,,47.52,35,15,15,5,0,402.66,29,75,12,4,0,2,2,40.46,6.36,C27H46O2,223,21026,1,3,5,5,True,True,cuda,NVIDIA GeForce RTX 4070 Laptop GPU
2026-05-02T15:15:16.542369,7P4V_DAT_ligand_start_conf__Orai1WT-MDSnap-Fr499_cleaned,Orai1WT-MDSnap-Fr499_cleaned,7P4V_DAT_ligand_start_conf,success,,29.12,35,15,15,5,0,411.2,26,41,11,3,2,5,14,212.37,-0.72,C10H15N5O9P2,223,21026,1,3,5,5,True,True,cuda,NVIDIA GeForce RTX 4070 Laptop GPU
2026-05-02T15:15:16.543847,7P5T_5YG_ligand_start_conf__Orai1WT-MDSnap-Fr499_cleaned,Orai1WT-MDSnap-Fr499_cleaned,7P5T_5YG_ligand_start_conf,success,,26.18,35,15,15,5,0,304.39,23,43,7,3,3,1,3,34.15,4.29,C20H20N2O,223,21026,1,3,5,5,True,True,cuda,NVIDIA GeForce RTX 4070 Laptop GPU
2026-05-02T15:15:16.545303,7P85_5ZG_ligand_start_conf__Orai1WT-MDSnap-Fr499_cleaned,Orai1WT-MDSnap-Fr499_cleaned,7P85_5ZG_ligand_start_conf,success,,23.89,35,15,15,5,0,214.2,14,29,7,1,1,1,3,46.53,2.72,C10H15O3P,223,21026,1,3,5,5,True,True,cuda,NVIDIA GeForce RTX 4070 Laptop GPU
2026-05-02T15:15:16.546719,7PA4_C_ligand_start_conf__Orai1WT-MDSnap-Fr499_cleaned,Orai1WT-MDSnap-Fr499_cleaned,7PA4_C_ligand_start_conf,success,,24.79,35,15,15,5,0,323.2,21,35,9,2,1,5,11,177.36,-2.45,C9H14N3O8P,223,21026,1,3,5,5,True,True,cuda,NVIDIA GeForce RTX 4070 Laptop GPU
2026-05-02T15:15:16.548176,7PGX_FMN_ligand_start_conf__Orai1WT-MDSnap-Fr499_cleaned,Orai1WT-MDSnap-Fr499_cleaned,7PGX_FMN_ligand_start_conf,success,,39.28,35,15,15,5,0,456.35,31,52,14,3,1,6,12,208.09,-1.61,C17H21N4O9P,223,21026,1,3,5,5,True,True,cuda,NVIDIA GeForce RTX 4070 Laptop GPU
2026-05-02T15:15:16.549683,7PIH_7QW_ligand_start_conf__Orai1WT-MDSnap-Fr499_cleaned,Orai1WT-MDSnap-Fr499_cleaned,7PIH_7QW_ligand_start_conf,success,,23.35,35,15,15,5,0,319.41,24,45,5,4,3,2,4,62.38,3.14,C20H21N3O,223,21026,1,3,5,5,True,True,cuda,NVIDIA GeForce RTX 4070 Laptop GPU
2026-05-02T15:15:16.551136,7PJQ_OWH_ligand_start_conf__Orai1WT-MDSnap-Fr499_cleaned,Orai1WT-MDSnap-Fr499_cleaned,7PJQ_OWH_ligand_start_conf,success,,12.63,35,15,15,5,0,152.22,10,18,2,1,1,1,2,24.92,0.98,C7H8N2S,223,21026,1,3,5,5,True,True,cuda,NVIDIA GeForce RTX 4070 Laptop GPU
2026-05-02T15:15:16.552565,7PK0_BYC_ligand_start_conf__Orai1WT-MDSnap-Fr499_cleaned,Orai1WT-MDSnap-Fr499_cleaned,7PK0_BYC_ligand_start_conf,success,,65.44,35,15,15,5,0,871.65,56,96,29,4,3,9,23,363.63,-0.02,C28H40N7O17P3S,223,21026,1,3,5,5,True,True,cuda,NVIDIA GeForce RTX 4070 Laptop GPU
2026-05-02T15:15:16.554357,7PL1_SFG_ligand_start_conf__Orai1WT-MDSnap-Fr499_cleaned,Orai1WT-MDSnap-Fr499_cleaned,7PL1_SFG_ligand_start_conf,success,,38.23,35,15,15,5,0,381.39,27,50,12,3,2,6,12,208.65,-2.06,C15H23N7O5,223,21026,1,3,5,5,True,True,cuda,NVIDIA GeForce RTX 4070 Laptop GPU
2026-05-02T15:15:16.556012,7POM_7VZ_ligand_start_conf__Orai1WT-MDSnap-Fr499_cleaned,Orai1WT-MDSnap-Fr499_cleaned,7POM_7VZ_ligand_start_conf,success,,22.12,35,15,15,5,0,363.89,22,40,6,2,1,1,5,86.46,3.2,C14H18ClNO4S2,223,21026,1,3,5,5,True,True,cuda,NVIDIA GeForce RTX 4070 Laptop GPU
2026-05-02T15:15:16.557460,7PRI_7TI_ligand_start_conf__Orai1WT-MDSnap-Fr499_cleaned,Orai1WT-MDSnap-Fr499_cleaned,7PRI_7TI_ligand_start_conf,success,,19.28,35,15,15,5,0,380.66,20,28,6,1,1,3,5,146.34,0.91,C8H8Cl3N3O4S2,223,21026,1,3,5,5,True,True,cuda,NVIDIA GeForce RTX 4070 Laptop GPU
2026-05-02T15:15:16.558878,7PRM_81I_ligand_start_conf__Orai1WT-MDSnap-Fr499_cleaned,Orai1WT-MDSnap-Fr499_cleaned,7PRM_81I_ligand_start_conf,success,,24.56,35,15,15,5,0,433.48,32,56,4,5,3,0,4,57.0,3.65,C25H24FN3O3,223,21026,1,3,5,5,True,True,cuda,NVIDIA GeForce RTX 4070 Laptop GPU
2026-05-02T15:15:16.560557,7PT3_3KK_ligand_start_conf__Orai1WT-MDSnap-Fr499_cleaned,Orai1WT-MDSnap-Fr499_cleaned,7PT3_3KK_ligand_start_conf,success,,68.08,35,15,15,5,0,853.63,54,96,32,3,2,10,24,383.86,-1.56,C25H42N7O18P3S,223,21026,1,3,5,5,True,True,cuda,NVIDIA GeForce RTX 4070 Laptop GPU
2026-05-02T15:15:16.562102,7PUV_84Z_ligand_start_conf__Orai1WT-MDSnap-Fr499_cleaned,Orai1WT-MDSnap-Fr499_cleaned,7PUV_84Z_ligand_start_conf,success,,22.75,35,15,15,5,0,389.84,24,36,6,2,2,1,6,120.6,1.61,C14H12ClNO6S2,223,21026,1,3,5,5,True,True,cuda,NVIDIA GeForce RTX 4070 Laptop GPU
2026-05-02T15:15:16.563538,7Q19_DSM_ligand_start_conf__Orai1WT-MDSnap-Fr499_cleaned,Orai1WT-MDSnap-Fr499_cleaned,7Q19_DSM_ligand_start_conf,success,,26.14,35,15,15,5,0,266.39,20,42,5,3,2,1,2,15.27,3.53,C18H22N2,223,21026,1,3,5,5,True,True,cuda,NVIDIA GeForce RTX 4070 Laptop GPU
2026-05-02T15:15:16.564913,7Q25_8J9_ligand_start_conf__Orai1WT-MDSnap-Fr499_cleaned,Orai1WT-MDSnap-Fr499_cleaned,7Q25_8J9_ligand_start_conf,success,,50.37,35,15,15,5,0,456.54,33,65,16,2,2,5,7,135.96,2.74,C25H32N2O6,223,21026,1,3,5,5,True,True,cuda,NVIDIA GeForce RTX 4070 Laptop GPU
2026-05-02T15:15:16.566408,7Q27_8KC_ligand_start_conf__Orai1WT-MDSnap-Fr499_cleaned,Orai1WT-MDSnap-Fr499_cleaned,7Q27_8KC_ligand_start_conf,success,,49.7,35,15,15,5,0,479.58,35,68,15,3,3,5,6,131.52,3.51,C27H33N3O5,223,21026,1,3,5,5,True,True,cuda,NVIDIA GeForce RTX 4070 Laptop GPU
2026-05-02T15:15:16.567815,7Q2B_M6H_ligand_start_conf__Orai1WT-MDSnap-Fr499_cleaned,Orai1WT-MDSnap-Fr499_cleaned,7Q2B_M6H_ligand_start_conf,success,,13.89,35,15,15,5,0,162.24,12,26,2,2,1,2,2,24.06,0.75,C10H14N2,223,21026,1,3,5,5,True,True,cuda,NVIDIA GeForce RTX 4070 Laptop GPU
2026-05-02T15:15:16.569347,7Q5I_I0F_ligand_start_conf__Orai1WT-MDSnap-Fr499_cleaned,Orai1WT-MDSnap-Fr499_cleaned,7Q5I_I0F_ligand_start_conf,success,,30.92,35,15,15,5,0,377.4,27,50,11,2,1,5,8,146.28,-1.42,C18H23N3O6,223,21026,1,3,5,5,True,True,cuda,NVIDIA GeForce RTX 4070 Laptop GPU
2026-05-02T15:15:16.570708,7QE4_NGA_ligand_start_conf__Orai1WT-MDSnap-Fr499_cleaned,Orai1WT-MDSnap-Fr499_cleaned,7QE4_NGA_ligand_start_conf,success,,22.71,35,15,15,5,0,221.21,15,30,7,1,0,5,6,119.25,-3.08,C8H15NO6,223,21026,1,3,5,5,True,True,cuda,NVIDIA GeForce RTX 4070 Laptop GPU
2026-05-02T15:15:16.572069,7QF4_RBF_ligand_start_conf__Orai1WT-MDSnap-Fr499_cleaned,Orai1WT-MDSnap-Fr499_cleaned,7QF4_RBF_ligand_start_conf,success,,33.1,35,15,15,5,0,376.37,27,47,11,3,1,5,9,161.56,-1.72,C17H20N4O6,223,21026,1,3,5,5,True,True,cuda,NVIDIA GeForce RTX 4070 Laptop GPU
2026-05-02T15:15:16.573563,7QFM_AY3_ligand_start_conf__Orai1WT-MDSnap-Fr499_cleaned,Orai1WT-MDSnap-Fr499_cleaned,7QFM_AY3_ligand_start_conf,success,,17.37,35,15,15,5,0,265.27,20,31,2,3,2,2,3,66.4,2.88,C16H11NO3,223,21026,1,3,5,5,True,True,cuda,NVIDIA GeForce RTX 4070 Laptop GPU
2026-05-02T15:15:16.574936,7QGP_DJ8_ligand_start_conf__Orai1WT-MDSnap-Fr499_cleaned,Orai1WT-MDSnap-Fr499_cleaned,7QGP_DJ8_ligand_start_conf,success,,27.05,35,15,15,5,0,492.97,35,60,4,5,4,3,7,101.81,4.5,C25H25ClN6O3,223,21026,1,3,5,5,True,True,cuda,NVIDIA GeForce RTX 4070 Laptop GPU
2026-05-02T15:15:16.576423,7QHG_T3B_ligand_start_conf__Orai1WT-MDSnap-Fr499_cleaned,Orai1WT-MDSnap-Fr499_cleaned,7QHG_T3B_ligand_start_conf,success,,43.79,35,15,15,5,0,605.74,42,73,14,4,4,3,7,137.57,4.61,C30H31N5O5S2,223,21026,1,3,5,5,True,True,cuda,NVIDIA GeForce RTX 4070 Laptop GPU
2026-05-02T15:15:16.577653,7QHL_D5P_ligand_start_conf__Orai1WT-MDSnap-Fr499_cleaned,Orai1WT-MDSnap-Fr499_cleaned,7QHL_D5P_ligand_start_conf,success,,30.73,35,15,15,5,0,420.55,30,54,9,5,4,3,8,110.33,3.47,C21H24N8S,223,21026,1,3,5,5,True,True,cuda,NVIDIA GeForce RTX 4070 Laptop GPU
2026-05-02T15:15:16.579173,7QK0_EBL_ligand_start_conf__Orai1WT-MDSnap-Fr499_cleaned,Orai1WT-MDSnap-Fr499_cleaned,7QK0_EBL_ligand_start_conf,success,,29.16,35,15,15,5,0,547.01,38,67,7,6,3,3,9,104.54,4.15,C26H29ClF2N6O3,223,21026,1,3,5,5,True,True,cuda,NVIDIA GeForce RTX 4070 Laptop GPU
2026-05-02T15:15:16.580551,7QPP_VDX_ligand_start_conf__Orai1WT-MDSnap-Fr499_cleaned,Orai1WT-MDSnap-Fr499_cleaned,7QPP_VDX_ligand_start_conf,success,,42.72,35,15,15,5,0,416.65,30,74,13,3,0,3,3,60.69,5.7,C27H44O3,223,21026,1,3,5,5,True,True,cuda,NVIDIA GeForce RTX 4070 Laptop GPU
2026-05-02T15:15:16.581798,7QSW_CAP_ligand_start_conf__Orai1WT-MDSnap-Fr499_cleaned,Orai1WT-MDSnap-Fr499_cleaned,7QSW_CAP_ligand_start_conf,success,,33.94,35,15,15,5,0,356.11,21,35,16,0,0,8,13,231.51,-3.26,C6H14O13P2,223,21026,1,3,5,5,True,True,cuda,NVIDIA GeForce RTX 4070 Laptop GPU
2026-05-02T15:15:16.583041,7QTA_URI_ligand_start_conf__Orai1WT-MDSnap-Fr499_cleaned,Orai1WT-MDSnap-Fr499_cleaned,7QTA_URI_ligand_start_conf,success,,19.37,35,15,15,5,0,244.2,17,29,5,2,1,4,7,124.78,-2.85,C9H12N2O6,223,21026,1,3,5,5,True,True,cuda,NVIDIA GeForce RTX 4070 Laptop GPU
2026-05-02T15:15:16.584281,7R3D_APR_ligand_start_conf__Orai1WT-MDSnap-Fr499_cleaned,Orai1WT-MDSnap-Fr499_cleaned,7R3D_APR_ligand_start_conf,success,,34.75,35,15,15,5,0,559.32,36,59,17,4,2,8,19,291.52,-3.28,C15H23N5O14P2,223,21026,1,3,5,5,True,True,cuda,NVIDIA GeForce RTX 4070 Laptop GPU
2026-05-02T15:15:16.585622,7R59_I5F_ligand_start_conf__Orai1WT-MDSnap-Fr499_cleaned,Orai1WT-MDSnap-Fr499_cleaned,7R59_I5F_ligand_start_conf,success,,9.26,35,15,15,5,0,191.22,13,18,1,3,3,1,5,50.42,1.65,C8H5N3OS,223,21026,1,3,5,5,True,True,cuda,NVIDIA GeForce RTX 4070 Laptop GPU
2026-05-02T15:15:16.586915,7R6J_2I7_ligand_start_conf__Orai1WT-MDSnap-Fr499_cleaned,Orai1WT-MDSnap-Fr499_cleaned,7R6J_2I7_ligand_start_conf,success,,34.24,35,15,15,5,0,450.54,33,63,12,4,3,5,8,121.97,1.32,C25H30N4O4,223,21026,1,3,5,5,True,True,cuda,NVIDIA GeForce RTX 4070 Laptop GPU
2026-05-02T15:15:16.588228,7R7R_AWJ_ligand_start_conf__Orai1WT-MDSnap-Fr499_cleaned,Orai1WT-MDSnap-Fr499_cleaned,7R7R_AWJ_ligand_start_conf,success,,35.18,35,15,15,5,0,472.55,33,58,13,4,3,5,10,128.79,2.88,C22H25FN6O3S,223,21026,1,3,5,5,True,True,cuda,NVIDIA GeForce RTX 4070 Laptop GPU
2026-05-02T15:15:16.589531,7R9N_F97_ligand_start_conf__Orai1WT-MDSnap-Fr499_cleaned,Orai1WT-MDSnap-Fr499_cleaned,7R9N_F97_ligand_start_conf,success,,28.2,35,15,15,5,0,428.49,31,57,7,5,3,2,8,83.79,3.47,C21H26F2N8,223,21026,1,3,5,5,True,True,cuda,NVIDIA GeForce RTX 4070 Laptop GPU
2026-05-02T15:15:16.590927,7RC3_SAH_ligand_start_conf__Orai1WT-MDSnap-Fr499_cleaned,Orai1WT-MDSnap-Fr499_cleaned,7RC3_SAH_ligand_start_conf,success,,32.22,35,15,15,5,0,384.42,26,46,11,3,2,5,12,182.63,-1.44,C14H20N6O5S,223,21026,1,3,5,5,True,True,cuda,NVIDIA GeForce RTX 4070 Laptop GPU
2026-05-02T15:15:16.592403,7REE_4LY_ligand_start_conf__Orai1WT-MDSnap-Fr499_cleaned,Orai1WT-MDSnap-Fr499_cleaned,7REE_4LY_ligand_start_conf,success,,35.65,35,15,15,5,0,593.66,42,71,10,6,4,2,9,135.83,3.84,C28H29F2N9O2S,223,21026,1,3,5,5,True,True,cuda,NVIDIA GeForce RTX 4070 Laptop GPU
2026-05-02T15:15:16.593851,7RH3_59O_ligand_start_conf__Orai1WT-MDSnap-Fr499_cleaned,Orai1WT-MDSnap-Fr499_cleaned,7RH3_59O_ligand_start_conf,success,,30.39,35,15,15,5,0,495.87,34,56,11,3,2,2,10,154.66,2.03,C22H22ClNO10,223,21026,1,3,5,5,True,True,cuda,NVIDIA GeForce RTX 4070 Laptop GPU
2026-05-02T15:15:16.595100,7RH8_UTP_ligand_start_conf__Orai1WT-MDSnap-Fr499_cleaned,Orai1WT-MDSnap-Fr499_cleaned,7RH8_UTP_ligand_start_conf,success,,28.49,35,15,15,5,0,484.14,29,44,14,2,1,7,16,264.37,-2.5,C9H15N2O15P3,223,21026,1,3,5,5,True,True,cuda,NVIDIA GeForce RTX 4070 Laptop GPU
2026-05-02T15:15:16.596522,7RKW_5TV_ligand_start_conf__Orai1WT-MDSnap-Fr499_cleaned,Orai1WT-MDSnap-Fr499_cleaned,7RKW_5TV_ligand_start_conf,success,,22.47,35,15,15,5,0,379.22,25,38,5,3,3,0,4,44.12,4.93,C18H13Cl2FN2O2,223,21026,1,3,5,5,True,True,cuda,NVIDIA GeForce RTX 4070 Laptop GPU
2026-05-02T15:15:16.597833,7RNI_60I_ligand_start_conf__Orai1WT-MDSnap-Fr499_cleaned,Orai1WT-MDSnap-Fr499_cleaned,7RNI_60I_ligand_start_conf,success,,39.8,35,15,15,5,0,422.58,31,65,7,4,3,0,6,59.19,3.39,C24H34N6O,223,21026,1,3,5,5,True,True,cuda,NVIDIA GeForce RTX 4070 Laptop GPU
2026-05-02T15:15:16.599130,7ROR_69X_ligand_start_conf__Orai1WT-MDSnap-Fr499_cleaned,Orai1WT-MDSnap-Fr499_cleaned,7ROR_69X_ligand_start_conf,success,,34.95,35,15,15,5,0,510.4,35,58,14,4,3,6,15,238.39,-1.04,C19H23N6O9P,223,21026,1,3,5,5,True,True,cuda,NVIDIA GeForce RTX 4070 Laptop GPU
2026-05-02T15:15:16.600353,7ROU_66I_ligand_start_conf__Orai1WT-MDSnap-Fr499_cleaned,Orai1WT-MDSnap-Fr499_cleaned,7ROU_66I_ligand_start_conf,success,,37.71,35,15,15,5,0,575.51,39,62,15,4,3,6,15,247.26,-1.72,C20H23F2N7O9S,223,21026,1,3,5,5,True,True,cuda,NVIDIA GeForce RTX 4070 Laptop GPU
2026-05-02T15:15:16.601587,7RPZ_6IC_ligand_start_conf__Orai1WT-MDSnap-Fr499_cleaned,Orai1WT-MDSnap-Fr499_cleaned,7RPZ_6IC_ligand_start_conf,success,,27.12,35,15,15,5,0,600.65,44,75,6,8,4,2,8,86.64,4.71,C33H31F3N6O2,223,21026,1,3,5,5,True,True,cuda,NVIDIA GeForce RTX 4070 Laptop GPU
2026-05-02T15:15:16.602822,7RSV_7IQ_ligand_start_conf__Orai1WT-MDSnap-Fr499_cleaned,Orai1WT-MDSnap-Fr499_cleaned,7RSV_7IQ_ligand_start_conf,success,,17.98,35,15,15,5,0,276.34,20,40,2,4,1,1,5,59.39,0.95,C14H20N4O2,223,21026,1,3,5,5,True,True,cuda,NVIDIA GeForce RTX 4070 Laptop GPU
2026-05-02T15:15:16.604159,7RUI_7QZ_ligand_start_conf__Orai1WT-MDSnap-Fr499_cleaned,Orai1WT-MDSnap-Fr499_cleaned,7RUI_7QZ_ligand_start_conf,success,,45.14,35,15,15,5,0,719.72,51,80,11,6,6,3,8,140.01,6.7,C35H29F4N7O4S,223,21026,1,3,5,5,True,True,cuda,NVIDIA GeForce RTX 4070 Laptop GPU
2026-05-02T15:15:16.605555,7RWO_7WN_ligand_start_conf__Orai1WT-MDSnap-Fr499_cleaned,Orai1WT-MDSnap-Fr499_cleaned,7RWO_7WN_ligand_start_conf,success,,18.09,35,15,15,5,0,290.75,20,35,3,3,2,2,5,58.95,1.82,C14H15ClN4O,223,21026,1,3,5,5,True,True,cuda,NVIDIA GeForce RTX 4070 Laptop GPU
2026-05-02T15:15:16.607427,7RWS_4UR_ligand_start_conf__Orai1WT-MDSnap-Fr499_cleaned,Orai1WT-MDSnap-Fr499_cleaned,7RWS_4UR_ligand_start_conf,success,,29.71,35,15,15,5,0,674.42,45,69,8,7,4,7,22,329.65,-2.34,C20H24N10O13P2,223,21026,1,3,5,5,True,True,cuda,NVIDIA GeForce RTX 4070 Laptop GPU
2026-05-02T15:15:16.608985,7RZL_NPO_ligand_start_conf__Orai1WT-MDSnap-Fr499_cleaned,Orai1WT-MDSnap-Fr499_cleaned,7RZL_NPO_ligand_start_conf,success,,9.83,35,15,15,5,0,139.11,10,15,2,1,1,1,3,63.37,1.3,C6H5NO3,223,21026,1,3,5,5,True,True,cuda,NVIDIA GeForce RTX 4070 Laptop GPU
2026-05-02T15:15:16.610767,7S45_ACO_ligand_start_conf__Orai1WT-MDSnap-Fr499_cleaned,Orai1WT-MDSnap-Fr499_cleaned,7S45_ACO_ligand_start_conf,success,,65.72,35,15,15,5,0,809.58,51,89,29,3,2,9,23,363.63,-1.32,C23H38N7O17P3S,223,21026,1,3,5,5,True,True,cuda,NVIDIA GeForce RTX 4070 Laptop GPU
2026-05-02T15:15:16.612544,7S9H_7PP_ligand_start_conf__Orai1WT-MDSnap-Fr499_cleaned,Orai1WT-MDSnap-Fr499_cleaned,7S9H_7PP_ligand_start_conf,success,,35.11,35,15,15,5,0,413.91,29,53,11,3,3,2,7,99.08,3.25,C21H24ClN5O2,223,21026,1,3,5,5,True,True,cuda,NVIDIA GeForce RTX 4070 Laptop GPU
2026-05-02T15:15:16.614136,7SCW_GSP_ligand_start_conf__Orai1WT-MDSnap-Fr499_cleaned,Orai1WT-MDSnap-Fr499_cleaned,7SCW_GSP_ligand_start_conf,success,,31.28,35,15,15,5,0,539.25,32,48,15,3,2,8,18,282.03,-2.22,C10H16N5O13P3S,223,21026,1,3,5,5,True,True,cuda,NVIDIA GeForce RTX 4070 Laptop GPU
2026-05-02T15:15:16.615777,7SDD_4IP_ligand_start_conf__Orai1WT-MDSnap-Fr499_cleaned,Orai1WT-MDSnap-Fr499_cleaned,7SDD_4IP_ligand_start_conf,success,,32.05,35,15,15,5,0,500.07,28,44,18,1,0,10,18,307.5,-3.37,C6H16O18P4,223,21026,1,3,5,5,True,True,cuda,NVIDIA GeForce RTX 4070 Laptop GPU
2026-05-02T15:15:16.617419,7SED_8VD_ligand_start_conf__Orai1WT-MDSnap-Fr499_cleaned,Orai1WT-MDSnap-Fr499_cleaned,7SED_8VD_ligand_start_conf,success,,17.29,35,15,15,5,0,246.24,17,30,2,2,1,2,4,49.84,1.66,C10H13F3N4,223,21026,1,3,5,5,True,True,cuda,NVIDIA GeForce RTX 4070 Laptop GPU
2026-05-02T15:15:16.618929,7SFO_98L_ligand_start_conf__Orai1WT-MDSnap-Fr499_cleaned,Orai1WT-MDSnap-Fr499_cleaned,7SFO_98L_ligand_start_conf,success,,22.23,35,15,15,5,0,367.86,25,39,5,4,4,2,5,58.04,5.33,C19H14ClN3OS,223,21026,1,3,5,5,True,True,cuda,NVIDIA GeForce RTX 4070 Laptop GPU
2026-05-02T15:15:16.620464,7SGV_L30_ligand_start_conf__Orai1WT-MDSnap-Fr499_cleaned,Orai1WT-MDSnap-Fr499_cleaned,7SGV_L30_ligand_start_conf,success,,17.76,35,15,15,5,0,248.29,19,31,2,3,3,1,2,41.99,3.49,C16H12N2O,223,21026,1,3,5,5,True,True,cuda,NVIDIA GeForce RTX 4070 Laptop GPU
2026-05-02T15:15:16.621925,7SIU_9ID_ligand_start_conf__Orai1WT-MDSnap-Fr499_cleaned,Orai1WT-MDSnap-Fr499_cleaned,7SIU_9ID_ligand_start_conf,success,,28.56,35,15,15,5,0,417.47,31,54,7,4,3,3,7,127.82,2.42,C22H23N7O2,223,21026,1,3,5,5,True,True,cuda,NVIDIA GeForce RTX 4070 Laptop GPU
2026-05-02T15:15:16.624111,7SNE_9XR_ligand_start_conf__Orai1WT-MDSnap-Fr499_cleaned,Orai1WT-MDSnap-Fr499_cleaned,7SNE_9XR_ligand_start_conf,success,,42.56,35,15,15,5,0,677.46,45,74,19,5,3,9,20,326.41,-2.06,C22H29N7O14P2,223,21026,1,3,5,5,True,True,cuda,NVIDIA GeForce RTX 4070 Laptop GPU
2026-05-02T15:15:16.625638,7SSM_B7L_ligand_start_conf__Orai1WT-MDSnap-Fr499_cleaned,Orai1WT-MDSnap-Fr499_cleaned,7SSM_B7L_ligand_start_conf,success,,22.57,35,15,15,5,0,336.31,25,37,4,4,4,2,7,109.73,2.1,C17H12N4O4,223,21026,1,3,5,5,True,True,cuda,NVIDIA GeForce RTX 4070 Laptop GPU
2026-05-02T15:15:16.627061,7SUC_COM_ligand_start_conf__Orai1WT-MDSnap-Fr499_cleaned,Orai1WT-MDSnap-Fr499_cleaned,7SUC_COM_ligand_start_conf,success,,15.08,35,15,15,5,0,142.2,7,13,4,0,0,2,4,54.37,-0.2,C2H6O3S2,223,21026,1,3,5,5,True,True,cuda,NVIDIA GeForce RTX 4070 Laptop GPU
2026-05-02T15:15:16.628646,7SZA_DUI_ligand_start_conf__Orai1WT-MDSnap-Fr499_cleaned,Orai1WT-MDSnap-Fr499_cleaned,7SZA_DUI_ligand_start_conf,success,,15.98,35,15,15,5,0,273.25,20,31,2,3,1,2,5,109.57,-0.33,C13H11N3O4,223,21026,1,3,5,5,True,True,cuda,NVIDIA GeForce RTX 4070 Laptop GPU
2026-05-02T15:15:16.630146,7T0D_FPP_ligand_start_conf__Orai1WT-MDSnap-Fr499_cleaned,Orai1WT-MDSnap-Fr499_cleaned,7T0D_FPP_ligand_start_conf,success,,41.46,35,15,15,5,0,382.33,24,52,18,0,0,3,7,113.29,4.63,C15H28O7P2,223,21026,1,3,5,5,True,True,cuda,NVIDIA GeForce RTX 4070 Laptop GPU
2026-05-02T15:15:16.631559,7T0U_E3I_ligand_start_conf__Orai1WT-MDSnap-Fr499_cleaned,Orai1WT-MDSnap-Fr499_cleaned,7T0U_E3I_ligand_start_conf,success,,37.92,35,15,15,5,0,709.51,48,77,10,6,4,3,11,160.84,3.48,C30H29Cl2F3N8O5,223,21026,1,3,5,5,True,True,cuda,NVIDIA GeForce RTX 4070 Laptop GPU
2026-05-02T15:15:16.632910,7T1D_E7K_ligand_start_conf__Orai1WT-MDSnap-Fr499_cleaned,Orai1WT-MDSnap-Fr499_cleaned,7T1D_E7K_ligand_start_conf,success,,28.34,35,15,15,5,0,466.61,34,60,7,6,5,0,7,51.77,5.28,C27H26N6S,223,21026,1,3,5,5,True,True,cuda,NVIDIA GeForce RTX 4070 Laptop GPU
2026-05-02T15:15:16.634491,7T2I_E9F_ligand_start_conf__Orai1WT-MDSnap-Fr499_cleaned,Orai1WT-MDSnap-Fr499_cleaned,7T2I_E9F_ligand_start_conf,success,,28.2,35,15,15,5,0,412.52,29,53,6,5,3,2,7,107.85,2.91,C20H24N6O2S,223,21026,1,3,5,5,True,True,cuda,NVIDIA GeForce RTX 4070 Laptop GPU
2026-05-02T15:15:16.636161,7T3E_SLB_ligand_start_conf__Orai1WT-MDSnap-Fr499_cleaned,Orai1WT-MDSnap-Fr499_cleaned,7T3E_SLB_ligand_start_conf,success,,32.17,35,15,15,5,0,309.27,21,40,11,1,0,7,9,176.78,-3.87,C11H19NO9,223,21026,1,3,5,5,True,True,cuda,NVIDIA GeForce RTX 4070 Laptop GPU
2026-05-02T15:15:16.637595,7T3F_EM0_ligand_start_conf__Orai1WT-MDSnap-Fr499_cleaned,Orai1WT-MDSnap-Fr499_cleaned,7T3F_EM0_ligand_start_conf,success,,22.07,35,15,15,5,0,349.39,24,40,5,3,2,2,3,78.51,2.91,C16H16FN3O3S,223,21026,1,3,5,5,True,True,cuda,NVIDIA GeForce RTX 4070 Laptop GPU
2026-05-02T15:15:16.638913,7T9O_GEI_ligand_start_conf__Orai1WT-MDSnap-Fr499_cleaned,Orai1WT-MDSnap-Fr499_cleaned,7T9O_GEI_ligand_start_conf,success,,48.27,35,15,15,5,0,562.73,41,84,13,4,3,1,6,71.89,7.69,C34H43FN2O4,223,21026,1,3,5,5,True,True,cuda,NVIDIA GeForce RTX 4070 Laptop GPU
2026-05-02T15:15:16.640214,7TB0_UD1_ligand_start_conf__Orai1WT-MDSnap-Fr499_cleaned,Orai1WT-MDSnap-Fr499_cleaned,7TB0_UD1_ligand_start_conf,success,,40.44,35,15,15,5,0,607.36,39,66,18,3,1,9,18,305.86,-4.65,C17H27N3O17P2,223,21026,1,3,5,5,True,True,cuda,NVIDIA GeForce RTX 4070 Laptop GPU
2026-05-02T15:15:16.641537,7TBU_S3P_ligand_start_conf__Orai1WT-MDSnap-Fr499_cleaned,Orai1WT-MDSnap-Fr499_cleaned,7TBU_S3P_ligand_start_conf,success,,18.75,35,15,15,5,0,254.13,16,27,7,1,0,5,8,144.52,-1.4,C7H11O8P,223,21026,1,3,5,5,True,True,cuda,NVIDIA GeForce RTX 4070 Laptop GPU
2026-05-02T15:15:16.642922,7TE8_P0T_ligand_start_conf__Orai1WT-MDSnap-Fr499_cleaned,Orai1WT-MDSnap-Fr499_cleaned,7TE8_P0T_ligand_start_conf,success,,36.28,35,15,15,5,0,314.47,23,53,11,2,1,2,2,40.46,5.85,C21H30O2,223,21026,1,3,5,5,True,True,cuda,NVIDIA GeForce RTX 4070 Laptop GPU
2026-05-02T15:15:16.644417,7TH4_FFO_ligand_start_conf__Orai1WT-MDSnap-Fr499_cleaned,Orai1WT-MDSnap-Fr499_cleaned,7TH4_FFO_ligand_start_conf,success,,38.0,35,15,15,5,0,473.45,34,57,10,3,2,7,11,219.84,-0.73,C20H23N7O7,223,21026,1,3,5,5,True,True,cuda,NVIDIA GeForce RTX 4070 Laptop GPU
2026-05-02T15:15:16.645901,7THI_PGA_ligand_start_conf__Orai1WT-MDSnap-Fr499_cleaned,Orai1WT-MDSnap-Fr499_cleaned,7THI_PGA_ligand_start_conf,success,,14.48,35,15,15,5,0,156.03,9,14,5,0,0,3,6,104.06,-0.82,C2H5O6P,223,21026,1,3,5,5,True,True,cuda,NVIDIA GeForce RTX 4070 Laptop GPU
2026-05-02T15:15:16.647491,7TM6_GPJ_ligand_start_conf__Orai1WT-MDSnap-Fr499_cleaned,Orai1WT-MDSnap-Fr499_cleaned,7TM6_GPJ_ligand_start_conf,success,,21.63,35,15,15,5,0,170.08,10,19,6,0,0,4,5,111.44,-2.23,C3H9NO5P+,223,21026,1,3,5,5,True,True,cuda,NVIDIA GeForce RTX 4070 Laptop GPU
2026-05-02T15:15:16.649035,7TOM_5AD_ligand_start_conf__Orai1WT-MDSnap-Fr499_cleaned,Orai1WT-MDSnap-Fr499_cleaned,7TOM_5AD_ligand_start_conf,success,,21.02,35,15,15,5,0,251.25,18,31,5,3,2,3,8,119.31,-0.95,C10H13N5O3,223,21026,1,3,5,5,True,True,cuda,NVIDIA GeForce RTX 4070 Laptop GPU
2026-05-02T15:15:16.650463,7TS6_KMI_ligand_start_conf__Orai1WT-MDSnap-Fr499_cleaned,Orai1WT-MDSnap-Fr499_cleaned,7TS6_KMI_ligand_start_conf,success,,22.57,35,15,15,5,0,227.31,17,34,6,2,2,2,3,50.94,2.36,C14H17N3,223,21026,1,3,5,5,True,True,cuda,NVIDIA GeForce RTX 4070 Laptop GPU
2026-05-02T15:15:16.651877,7TSF_H4B_ligand_start_conf__Orai1WT-MDSnap-Fr499_cleaned,Orai1WT-MDSnap-Fr499_cleaned,7TSF_H4B_ligand_start_conf,success,,23.53,35,15,15,5,0,241.25,17,32,6,2,1,6,7,136.29,-1.7,C9H15N5O3,223,21026,1,3,5,5,True,True,cuda,NVIDIA GeForce RTX 4070 Laptop GPU
2026-05-02T15:15:16.653739,7TUO_KL9_ligand_start_conf__Orai1WT-MDSnap-Fr499_cleaned,Orai1WT-MDSnap-Fr499_cleaned,7TUO_KL9_ligand_start_conf,success,,29.7,35,15,15,5,0,421.57,30,57,7,5,3,3,6,92.93,3.55,C23H27N5OS,223,21026,1,3,5,5,True,True,cuda,NVIDIA GeForce RTX 4070 Laptop GPU
2026-05-02T15:15:16.655366,7TWC_CXS_ligand_start_conf__Orai1WT-MDSnap-Fr499_cleaned,Orai1WT-MDSnap-Fr499_cleaned,7TWC_CXS_ligand_start_conf,success,,25.71,35,15,15,5,0,221.32,14,33,6,1,0,2,4,66.4,1.19,C9H19NO3S,223,21026,1,3,5,5,True,True,cuda,NVIDIA GeForce RTX 4070 Laptop GPU
2026-05-02T15:15:16.656843,7TXK_LW8_ligand_start_conf__Orai1WT-MDSnap-Fr499_cleaned,Orai1WT-MDSnap-Fr499_cleaned,7TXK_LW8_ligand_start_conf,success,,28.53,35,15,15,5,0,230.31,15,31,7,1,1,3,3,68.88,0.77,C9H16N3O2S+,223,21026,1,3,5,5,True,True,cuda,NVIDIA GeForce RTX 4070 Laptop GPU
2026-05-02T15:15:16.658232,7TXP_0FX_ligand_start_conf__Orai1WT-MDSnap-Fr499_cleaned,Orai1WT-MDSnap-Fr499_cleaned,7TXP_0FX_ligand_start_conf,success,,36.99,35,15,15,5,0,547.35,35,62,16,3,1,7,16,262.32,-2.46,C16H27N3O14P2,223,21026,1,3,5,5,True,True,cuda,NVIDIA GeForce RTX 4070 Laptop GPU
2026-05-02T15:15:16.659641,7TYP_KUR_ligand_start_conf__Orai1WT-MDSnap-Fr499_cleaned,Orai1WT-MDSnap-Fr499_cleaned,7TYP_KUR_ligand_start_conf,success,,29.67,35,15,15,5,0,500.58,37,66,6,6,4,1,6,96.25,4.54,C28H29FN6O2,223,21026,1,3,5,5,True,True,cuda,NVIDIA GeForce RTX 4070 Laptop GPU
2026-05-02T15:15:16.661047,7U0U_FK5_ligand_start_conf__Orai1WT-MDSnap-Fr499_cleaned,Orai1WT-MDSnap-Fr499_cleaned,7U0U_FK5_ligand_start_conf,success,,55.1,35,15,15,5,0,804.03,57,126,18,4,0,3,12,178.36,4.64,C44H69NO12,223,21026,1,3,5,5,True,True,cuda,NVIDIA GeForce RTX 4070 Laptop GPU
2026-05-02T15:15:16.662425,7U3J_L6U_ligand_start_conf__Orai1WT-MDSnap-Fr499_cleaned,Orai1WT-MDSnap-Fr499_cleaned,7U3J_L6U_ligand_start_conf,success,,48.05,35,15,15,5,0,538.67,38,72,17,3,3,4,7,117.79,2.58,C28H34N4O5S,223,21026,1,3,5,5,True,True,cuda,NVIDIA GeForce RTX 4070 Laptop GPU
2026-05-02T15:15:16.663809,7UAS_MBU_ligand_start_conf__Orai1WT-MDSnap-Fr499_cleaned,Orai1WT-MDSnap-Fr499_cleaned,7UAS_MBU_ligand_start_conf,success,,38.21,35,15,15,5,0,548.61,40,71,10,6,4,0,6,68.84,6.0,C30H31F3N6O,223,21026,1,3,5,5,True,True,cuda,NVIDIA GeForce RTX 4070 Laptop GPU
2026-05-02T15:15:16.665405,7UAW_MF6_ligand_start_conf__Orai1WT-MDSnap-Fr499_cleaned,Orai1WT-MDSnap-Fr499_cleaned,7UAW_MF6_ligand_start_conf,success,,24.79,35,15,15,5,0,541.3,35,56,7,5,2,6,18,260.29,-2.24,C15H21N5O13P2,223,21026,1,3,5,5,True,True,cuda,NVIDIA GeForce RTX 4070 Laptop GPU
2026-05-02T15:15:16.666935,7UEY_N0R_ligand_start_conf__Orai1WT-MDSnap-Fr499_cleaned,Orai1WT-MDSnap-Fr499_cleaned,7UEY_N0R_ligand_start_conf,success,,25.9,35,15,15,5,0,389.84,27,47,6,3,2,2,6,98.66,0.95,C18H20ClN5O3,223,21026,1,3,5,5,True,True,cuda,NVIDIA GeForce RTX 4070 Laptop GPU
2026-05-02T15:15:16.668305,7UF2_5SP_ligand_start_conf__Orai1WT-MDSnap-Fr499_cleaned,Orai1WT-MDSnap-Fr499_cleaned,7UF2_5SP_ligand_start_conf,success,,23.53,35,15,15,5,0,230.11,14,25,11,0,0,5,8,144.52,-2.62,C5H11O8P,223,21026,1,3,5,5,True,True,cuda,NVIDIA GeForce RTX 4070 Laptop GPU
2026-05-02T15:15:16.669638,7UJ4_OQ4_ligand_start_conf__Orai1WT-MDSnap-Fr499_cleaned,Orai1WT-MDSnap-Fr499_cleaned,7UJ4_OQ4_ligand_start_conf,success,,48.07,35,15,15,5,0,630.83,44,91,15,5,2,1,8,107.97,4.68,C32H47FN6O4S,223,21026,1,3,5,5,True,True,cuda,NVIDIA GeForce RTX 4070 Laptop GPU
2026-05-02T15:15:16.671311,7UJ5_DGL_ligand_start_conf__Orai1WT-MDSnap-Fr499_cleaned,Orai1WT-MDSnap-Fr499_cleaned,7UJ5_DGL_ligand_start_conf,success,,19.18,35,15,15,5,0,147.13,10,19,5,0,0,3,5,100.62,-0.74,C5H9NO4,223,21026,1,3,5,5,True,True,cuda,NVIDIA GeForce RTX 4070 Laptop GPU
2026-05-02T15:15:16.672711,7UJF_R3V_ligand_start_conf__Orai1WT-MDSnap-Fr499_cleaned,Orai1WT-MDSnap-Fr499_cleaned,7UJF_R3V_ligand_start_conf,success,,30.31,35,15,15,5,0,427.59,32,65,8,5,3,1,3,32.7,5.97,C29H33NO2,223,21026,1,3,5,5,True,True,cuda,NVIDIA GeForce RTX 4070 Laptop GPU
2026-05-02T15:15:16.674097,7ULC_56B_ligand_start_conf__Orai1WT-MDSnap-Fr499_cleaned,Orai1WT-MDSnap-Fr499_cleaned,7ULC_56B_ligand_start_conf,success,,35.48,35,15,15,5,0,489.38,33,57,14,4,2,9,14,245.64,-3.21,C17H24N5O10P,223,21026,1,3,5,5,True,True,cuda,NVIDIA GeForce RTX 4070 Laptop GPU
2026-05-02T15:15:16.675470,7UMV_NUU_ligand_start_conf__Orai1WT-MDSnap-Fr499_cleaned,Orai1WT-MDSnap-Fr499_cleaned,7UMV_NUU_ligand_start_conf,success,,26.44,35,15,15,5,0,313.43,22,41,3,3,2,0,5,55.74,3.34,C17H19N3OS,223,21026,1,3,5,5,True,True,cuda,NVIDIA GeForce RTX 4070 Laptop GPU
2026-05-02T15:15:16.676908,7UMW_NAD_ligand_start_conf__Orai1WT-MDSnap-Fr499_cleaned,Orai1WT-MDSnap-Fr499_cleaned,7UMW_NAD_ligand_start_conf,success,,38.88,35,15,15,5,0,663.43,44,71,17,5,3,7,19,321.09,-3.65,C21H27N7O14P2,223,21026,1,3,5,5,True,True,cuda,NVIDIA GeForce RTX 4070 Laptop GPU
2026-05-02T15:15:16.678368,7UP3_NZ0_ligand_start_conf__Orai1WT-MDSnap-Fr499_cleaned,Orai1WT-MDSnap-Fr499_cleaned,7UP3_NZ0_ligand_start_conf,success,,21.61,35,15,15,5,0,332.34,23,35,6,3,3,3,7,147.74,0.07,C13H12N6O3S,223,21026,1,3,5,5,True,True,cuda,NVIDIA GeForce RTX 4070 Laptop GPU
2026-05-02T15:15:16.679761,7UQ3_O2U_ligand_start_conf__Orai1WT-MDSnap-Fr499_cleaned,Orai1WT-MDSnap-Fr499_cleaned,7UQ3_O2U_ligand_start_conf,success,,13.78,35,15,15,5,0,173.12,12,19,3,1,0,2,5,94.91,-0.77,C6H7NO5,223,21026,1,3,5,5,True,True,cuda,NVIDIA GeForce RTX 4070 Laptop GPU
2026-05-02T15:15:16.681178,7USH_82V_ligand_start_conf__Orai1WT-MDSnap-Fr499_cleaned,Orai1WT-MDSnap-Fr499_cleaned,7USH_82V_ligand_start_conf,success,,17.67,35,15,15,5,0,371.41,26,43,2,5,3,0,7,61.14,3.13,C19H17NO5S,223,21026,1,3,5,5,True,True,cuda,NVIDIA GeForce RTX 4070 Laptop GPU
2026-05-02T15:15:16.682773,7UTW_NAI_ligand_start_conf__Orai1WT-MDSnap-Fr499_cleaned,Orai1WT-MDSnap-Fr499_cleaned,7UTW_NAI_ligand_start_conf,success,,42.71,35,15,15,5,0,665.45,44,73,18,5,2,8,20,317.62,-2.69,C21H29N7O14P2,223,21026,1,3,5,5,True,True,cuda,NVIDIA GeForce RTX 4070 Laptop GPU
2026-05-02T15:15:16.684368,7UXS_OJC_ligand_start_conf__Orai1WT-MDSnap-Fr499_cleaned,Orai1WT-MDSnap-Fr499_cleaned,7UXS_OJC_ligand_start_conf,success,,24.95,35,15,15,5,0,541.3,35,56,7,5,2,6,18,260.29,-2.24,C15H21N5O13P2,223,21026,1,3,5,5,True,True,cuda,NVIDIA GeForce RTX 4070 Laptop GPU
2026-05-02T15:15:16.685924,7UY4_SMI_ligand_start_conf__Orai1WT-MDSnap-Fr499_cleaned,Orai1WT-MDSnap-Fr499_cleaned,7UY4_SMI_ligand_start_conf,success,,31.07,35,15,15,5,0,350.37,24,50,10,3,0,7,10,152.9,-3.81,C14H26N2O8,223,21026,1,3,5,5,True,True,cuda,NVIDIA GeForce RTX 4070 Laptop GPU
2026-05-02T15:15:16.687378,7UYB_OK0_ligand_start_conf__Orai1WT-MDSnap-Fr499_cleaned,Orai1WT-MDSnap-Fr499_cleaned,7UYB_OK0_ligand_start_conf,success,,24.76,35,15,15,5,0,452.46,31,50,5,4,3,3,6,126.65,2.67,C19H19F3N6O2S,223,21026,1,3,5,5,True,True,cuda,NVIDIA GeForce RTX 4070 Laptop GPU
2026-05-02T15:15:16.688797,7V14_ORU_ligand_start_conf__Orai1WT-MDSnap-Fr499_cleaned,Orai1WT-MDSnap-Fr499_cleaned,7V14_ORU_ligand_start_conf,success,,29.37,35,15,15,5,0,508.97,35,53,7,6,5,0,9,101.25,4.46,C23H18ClFN8OS,223,21026,1,3,5,5,True,True,cuda,NVIDIA GeForce RTX 4070 Laptop GPU
2026-05-02T15:15:16.690195,7V3N_AKG_ligand_start_conf__Orai1WT-MDSnap-Fr499_cleaned,Orai1WT-MDSnap-Fr499_cleaned,7V3N_AKG_ligand_start_conf,success,,17.09,35,15,15,5,0,146.1,10,16,4,0,0,2,5,91.67,-0.5,C5H6O5,223,21026,1,3,5,5,True,True,cuda,NVIDIA GeForce RTX 4070 Laptop GPU
2026-05-02T15:15:16.691654,7V3S_5I9_ligand_start_conf__Orai1WT-MDSnap-Fr499_cleaned,Orai1WT-MDSnap-Fr499_cleaned,7V3S_5I9_ligand_start_conf,success,,27.16,35,15,15,5,0,514.49,38,58,6,6,4,3,6,101.58,6.36,C28H20F2N4O4,223,21026,1,3,5,5,True,True,cuda,NVIDIA GeForce RTX 4070 Laptop GPU
2026-05-02T15:15:16.693068,7V43_C4O_ligand_start_conf__Orai1WT-MDSnap-Fr499_cleaned,Orai1WT-MDSnap-Fr499_cleaned,7V43_C4O_ligand_start_conf,success,,9.54,35,15,15,5,0,126.59,8,15,1,1,1,0,0,0.0,2.65,C7H7Cl,223,21026,1,3,5,5,True,True,cuda,NVIDIA GeForce RTX 4070 Laptop GPU
2026-05-02T15:15:16.694468,7V8Z_5YH_ligand_start_conf__Orai1WT-MDSnap-Fr499_cleaned,Orai1WT-MDSnap-Fr499_cleaned,7V8Z_5YH_ligand_start_conf,success,,23.63,35,15,15,5,0,345.35,25,42,5,4,3,2,3,57.5,2.46,C18H17F2N3O2,223,21026,1,3,5,5,True,True,cuda,NVIDIA GeForce RTX 4070 Laptop GPU
2026-05-02T15:15:16.695890,7VB8_STL_ligand_start_conf__Orai1WT-MDSnap-Fr499_cleaned,Orai1WT-MDSnap-Fr499_cleaned,7VB8_STL_ligand_start_conf,success,,14.53,35,15,15,5,0,228.25,17,29,5,2,2,3,3,60.69,2.97,C14H12O3,223,21026,1,3,5,5,True,True,cuda,NVIDIA GeForce RTX 4070 Laptop GPU
2026-05-02T15:15:16.697386,7VBU_6I4_ligand_start_conf__Orai1WT-MDSnap-Fr499_cleaned,Orai1WT-MDSnap-Fr499_cleaned,7VBU_6I4_ligand_start_conf,success,,17.06,35,15,15,5,0,222.29,17,31,2,4,3,1,1,28.68,3.9,C15H14N2,223,21026,1,3,5,5,True,True,cuda,NVIDIA GeForce RTX 4070 Laptop GPU
2026-05-02T15:15:16.698817,7VC5_9SF_ligand_start_conf__Orai1WT-MDSnap-Fr499_cleaned,Orai1WT-MDSnap-Fr499_cleaned,7VC5_9SF_ligand_start_conf,success,,23.87,35,15,15,5,0,301.35,22,41,5,3,2,2,6,84.22,0.47,C16H19N3O3,223,21026,1,3,5,5,True,True,cuda,NVIDIA GeForce RTX 4070 Laptop GPU
2026-05-02T15:15:16.700316,7VJT_7IJ_ligand_start_conf__Orai1WT-MDSnap-Fr499_cleaned,Orai1WT-MDSnap-Fr499_cleaned,7VJT_7IJ_ligand_start_conf,success,,21.25,35,15,15,5,0,365.38,27,46,4,5,4,2,6,87.05,4.09,C21H19NO5,223,21026,1,3,5,5,True,True,cuda,NVIDIA GeForce RTX 4070 Laptop GPU
2026-05-02T15:15:16.701870,7VKZ_NOJ_ligand_start_conf__Orai1WT-MDSnap-Fr499_cleaned,Orai1WT-MDSnap-Fr499_cleaned,7VKZ_NOJ_ligand_start_conf,success,,16.89,35,15,15,5,0,163.17,11,24,5,1,0,5,5,92.95,-2.97,C6H13NO4,223,21026,1,3,5,5,True,True,cuda,NVIDIA GeForce RTX 4070 Laptop GPU
2026-05-02T15:15:16.703410,7VQ9_ISY_ligand_start_conf__Orai1WT-MDSnap-Fr499_cleaned,Orai1WT-MDSnap-Fr499_cleaned,7VQ9_ISY_ligand_start_conf,success,,21.77,35,15,15,5,0,262.16,14,26,10,0,0,3,7,104.06,1.9,C5H12O6P2S,223,21026,1,3,5,5,True,True,cuda,NVIDIA GeForce RTX 4070 Laptop GPU
2026-05-02T15:15:16.704860,7VWF_K55_ligand_start_conf__Orai1WT-MDSnap-Fr499_cleaned,Orai1WT-MDSnap-Fr499_cleaned,7VWF_K55_ligand_start_conf,success,,45.25,35,15,15,5,0,469.47,33,60,13,2,2,2,4,75.63,5.61,C24H27F4NO4,223,21026,1,3,5,5,True,True,cuda,NVIDIA GeForce RTX 4070 Laptop GPU
2026-05-02T15:15:16.706309,7VYJ_CA0_ligand_start_conf__Orai1WT-MDSnap-Fr499_cleaned,Orai1WT-MDSnap-Fr499_cleaned,7VYJ_CA0_ligand_start_conf,success,,27.67,35,15,15,5,0,390.25,26,41,9,3,2,5,13,218.16,-1.76,C11H15N6O8P,223,21026,1,3,5,5,True,True,cuda,NVIDIA GeForce RTX 4070 Laptop GPU
2026-05-02T15:15:16.707799,7W05_GMP_ligand_start_conf__Orai1WT-MDSnap-Fr499_cleaned,Orai1WT-MDSnap-Fr499_cleaned,7W05_GMP_ligand_start_conf,success,,22.51,35,15,15,5,0,283.24,20,33,6,3,2,5,9,159.51,-2.69,C10H13N5O5,223,21026,1,3,5,5,True,True,cuda,NVIDIA GeForce RTX 4070 Laptop GPU
2026-05-02T15:15:16.709236,7W06_ITN_ligand_start_conf__Orai1WT-MDSnap-Fr499_cleaned,Orai1WT-MDSnap-Fr499_cleaned,7W06_ITN_ligand_start_conf,success,,13.83,35,15,15,5,0,130.1,9,15,3,0,0,2,4,74.6,0.1,C5H6O4,223,21026,1,3,5,5,True,True,cuda,NVIDIA GeForce RTX 4070 Laptop GPU
2026-05-02T15:15:16.710625,7W6F_8I6_ligand_start_conf__Orai1WT-MDSnap-Fr499_cleaned,Orai1WT-MDSnap-Fr499_cleaned,7W6F_8I6_ligand_start_conf,success,,39.51,35,15,15,5,0,280.36,20,44,12,1,1,3,4,77.76,4.09,C16H24O4,223,21026,1,3,5,5,True,True,cuda,NVIDIA GeForce RTX 4070 Laptop GPU
2026-05-02T15:15:16.712066,7WCF_ACP_ligand_start_conf__Orai1WT-MDSnap-Fr499_cleaned,Orai1WT-MDSnap-Fr499_cleaned,7WCF_ACP_ligand_start_conf,success,,35.64,35,15,15,5,0,505.21,31,49,15,3,2,7,17,269.9,-1.52,C11H18N5O12P3,223,21026,1,3,5,5,True,True,cuda,NVIDIA GeForce RTX 4070 Laptop GPU
2026-05-02T15:15:16.713362,7WDT_NGS_ligand_start_conf__Orai1WT-MDSnap-Fr499_cleaned,Orai1WT-MDSnap-Fr499_cleaned,7WDT_NGS_ligand_start_conf,success,,26.02,35,15,15,5,0,301.27,19,34,9,1,0,5,9,162.62,-3.25,C8H15NO9S,223,21026,1,3,5,5,True,True,cuda,NVIDIA GeForce RTX 4070 Laptop GPU
2026-05-02T15:15:16.714799,7WJB_BGC_ligand_start_conf__Orai1WT-MDSnap-Fr499_cleaned,Orai1WT-MDSnap-Fr499_cleaned,7WJB_BGC_ligand_start_conf,success,,17.39,35,15,15,5,0,180.16,12,24,6,1,0,5,6,110.38,-3.22,C6H12O6,223,21026,1,3,5,5,True,True,cuda,NVIDIA GeForce RTX 4070 Laptop GPU
2026-05-02T15:15:16.716519,7WKL_CAQ_ligand_start_conf__Orai1WT-MDSnap-Fr499_cleaned,Orai1WT-MDSnap-Fr499_cleaned,7WKL_CAQ_ligand_start_conf,success,,9.19,35,15,15,5,0,110.11,8,14,2,1,1,2,2,40.46,1.1,C6H6O2,223,21026,1,3,5,5,True,True,cuda,NVIDIA GeForce RTX 4070 Laptop GPU
2026-05-02T15:15:16.717962,7WL4_JFU_ligand_start_conf__Orai1WT-MDSnap-Fr499_cleaned,Orai1WT-MDSnap-Fr499_cleaned,7WL4_JFU_ligand_start_conf,success,,29.91,35,15,15,5,0,487.53,34,57,7,5,3,1,6,85.85,3.05,C23H23F2N5O3S,223,21026,1,3,5,5,True,True,cuda,NVIDIA GeForce RTX 4070 Laptop GPU
2026-05-02T15:15:16.719270,7WN5_JGL_ligand_start_conf__Orai1WT-MDSnap-Fr499_cleaned,Orai1WT-MDSnap-Fr499_cleaned,7WN5_JGL_ligand_start_conf,success,,31.0,35,15,15,5,0,526.52,37,57,9,5,5,2,7,119.22,5.02,C25H20F2N4O5S,223,21026,1,3,5,5,True,True,cuda,NVIDIA GeForce RTX 4070 Laptop GPU
2026-05-02T15:15:16.720762,7WPW_F15_ligand_start_conf__Orai1WT-MDSnap-Fr499_cleaned,Orai1WT-MDSnap-Fr499_cleaned,7WPW_F15_ligand_start_conf,success,,49.04,35,15,15,5,0,242.4,17,47,14,0,0,1,2,37.3,5.16,C15H30O2,223,21026,1,3,5,5,True,True,cuda,NVIDIA GeForce RTX 4070 Laptop GPU
2026-05-02T15:15:16.722216,7WQQ_5Z6_ligand_start_conf__Orai1WT-MDSnap-Fr499_cleaned,Orai1WT-MDSnap-Fr499_cleaned,7WQQ_5Z6_ligand_start_conf,success,,38.88,35,15,15,5,0,364.48,27,55,4,2,2,1,3,54.37,5.88,C24H28O3,223,21026,1,3,5,5,True,True,cuda,NVIDIA GeForce RTX 4070 Laptop GPU
2026-05-02T15:15:16.723539,7WUX_6OI_ligand_start_conf__Orai1WT-MDSnap-Fr499_cleaned,Orai1WT-MDSnap-Fr499_cleaned,7WUX_6OI_ligand_start_conf,success,,35.25,35,15,15,5,0,272.28,17,33,12,0,0,5,9,173.17,-2.31,C7H16N2O7S,223,21026,1,3,5,5,True,True,cuda,NVIDIA GeForce RTX 4070 Laptop GPU
2026-05-02T15:15:16.724788,7WUY_76N_ligand_start_conf__Orai1WT-MDSnap-Fr499_cleaned,Orai1WT-MDSnap-Fr499_cleaned,7WUY_76N_ligand_start_conf,success,,29.3,35,15,15,5,0,415.49,30,59,7,5,1,4,6,123.15,2.0,C23H29NO6,223,21026,1,3,5,5,True,True,cuda,NVIDIA GeForce RTX 4070 Laptop GPU
2026-05-02T15:15:16.726343,7WY1_D0L_ligand_start_conf__Orai1WT-MDSnap-Fr499_cleaned,Orai1WT-MDSnap-Fr499_cleaned,7WY1_D0L_ligand_start_conf,success,,46.41,35,15,15,5,0,360.5,26,58,12,2,1,2,4,69.64,3.23,C21H32N2O3,223,21026,1,3,5,5,True,True,cuda,NVIDIA GeForce RTX 4070 Laptop GPU
2026-05-02T15:15:16.727722,7X5N_5M5_ligand_start_conf__Orai1WT-MDSnap-Fr499_cleaned,Orai1WT-MDSnap-Fr499_cleaned,7X5N_5M5_ligand_start_conf,success,,32.01,35,15,15,5,0,400.48,30,54,9,4,3,3,5,107.95,3.91,C24H24N4O2,223,21026,1,3,5,5,True,True,cuda,NVIDIA GeForce RTX 4070 Laptop GPU
2026-05-02T15:15:16.729121,7X9K_8OG_ligand_start_conf__Orai1WT-MDSnap-Fr499_cleaned,Orai1WT-MDSnap-Fr499_cleaned,7X9K_8OG_ligand_start_conf,success,,24.41,35,15,15,5,0,363.22,24,38,8,3,2,6,11,205.78,-2.25,C10H14N5O8P,223,21026,1,3,5,5,True,True,cuda,NVIDIA GeForce RTX 4070 Laptop GPU
2026-05-02T15:15:16.730471,7XBV_APC_ligand_start_conf__Orai1WT-MDSnap-Fr499_cleaned,Orai1WT-MDSnap-Fr499_cleaned,7XBV_APC_ligand_start_conf,success,,34.83,35,15,15,5,0,505.21,31,49,15,3,2,7,17,269.9,-1.52,C11H18N5O12P3,223,21026,1,3,5,5,True,True,cuda,NVIDIA GeForce RTX 4070 Laptop GPU
2026-05-02T15:15:16.731724,7XEK_9YX_ligand_start_conf__Orai1WT-MDSnap-Fr499_cleaned,Orai1WT-MDSnap-Fr499_cleaned,7XEK_9YX_ligand_start_conf,success,,26.71,35,15,15,5,0,350.29,22,37,9,2,1,5,10,149.21,0.49,C11H15N2O7PS,223,21026,1,3,5,5,True,True,cuda,NVIDIA GeForce RTX 4070 Laptop GPU
2026-05-02T15:15:16.733049,7XFA_D9J_ligand_start_conf__Orai1WT-MDSnap-Fr499_cleaned,Orai1WT-MDSnap-Fr499_cleaned,7XFA_D9J_ligand_start_conf,success,,31.25,35,15,15,5,0,621.35,41,60,9,5,4,3,10,131.34,3.83,C24H19Cl2F5N6O4,223,21026,1,3,5,5,True,True,cuda,NVIDIA GeForce RTX 4070 Laptop GPU
2026-05-02T15:15:16.734504,7XG5_PLP_ligand_start_conf__Orai1WT-MDSnap-Fr499_cleaned,Orai1WT-MDSnap-Fr499_cleaned,7XG5_PLP_ligand_start_conf,success,,18.38,35,15,15,5,0,247.14,16,26,8,1,1,3,7,116.95,0.52,C8H10NO6P,223,21026,1,3,5,5,True,True,cuda,NVIDIA GeForce RTX 4070 Laptop GPU
2026-05-02T15:15:16.735828,7XI7_4RI_ligand_start_conf__Orai1WT-MDSnap-Fr499_cleaned,Orai1WT-MDSnap-Fr499_cleaned,7XI7_4RI_ligand_start_conf,success,,31.43,35,15,15,5,0,270.38,20,42,9,2,2,2,4,77.82,3.43,C16H22N4,223,21026,1,3,5,5,True,True,cuda,NVIDIA GeForce RTX 4070 Laptop GPU
2026-05-02T15:15:16.737076,7XIJ_EJ3_ligand_start_conf__Orai1WT-MDSnap-Fr499_cleaned,Orai1WT-MDSnap-Fr499_cleaned,7XIJ_EJ3_ligand_start_conf,success,,29.1,35,15,15,5,0,450.43,33,52,8,4,4,2,8,115.45,3.8,C23H19FN4O5,223,21026,1,3,5,5,True,True,cuda,NVIDIA GeForce RTX 4070 Laptop GPU
2026-05-02T15:15:16.738387,7XJN_NSD_ligand_start_conf__Orai1WT-MDSnap-Fr499_cleaned,Orai1WT-MDSnap-Fr499_cleaned,7XJN_NSD_ligand_start_conf,success,,27.15,35,15,15,5,0,131.22,9,26,8,0,0,3,3,64.07,-0.73,C6H17N3,223,21026,1,3,5,5,True,True,cuda,NVIDIA GeForce RTX 4070 Laptop GPU
2026-05-02T15:15:16.739894,7XPO_UPG_ligand_start_conf__Orai1WT-MDSnap-Fr499_cleaned,Orai1WT-MDSnap-Fr499_cleaned,7XPO_UPG_ligand_start_conf,success,,35.91,35,15,15,5,0,566.3,36,60,17,3,1,9,18,296.99,-4.79,C15H24N2O17P2,223,21026,1,3,5,5,True,True,cuda,NVIDIA GeForce RTX 4070 Laptop GPU
2026-05-02T15:15:16.741158,7XQZ_FPF_ligand_start_conf__Orai1WT-MDSnap-Fr499_cleaned,Orai1WT-MDSnap-Fr499_cleaned,7XQZ_FPF_ligand_start_conf,success,,40.1,35,15,15,5,0,400.32,25,52,18,0,0,3,7,113.29,4.93,C15H27FO7P2,223,21026,1,3,5,5,True,True,cuda,NVIDIA GeForce RTX 4070 Laptop GPU
2026-05-02T15:15:16.742456,7XRL_FWK_ligand_start_conf__Orai1WT-MDSnap-Fr499_cleaned,Orai1WT-MDSnap-Fr499_cleaned,7XRL_FWK_ligand_start_conf,success,,23.69,35,15,15,5,0,265.27,19,34,6,3,2,3,8,119.31,-0.56,C11H15N5O3,223,21026,1,3,5,5,True,True,cuda,NVIDIA GeForce RTX 4070 Laptop GPU
2026-05-02T15:15:16.743713,7YZU_DO7_ligand_start_conf__Orai1WT-MDSnap-Fr499_cleaned,Orai1WT-MDSnap-Fr499_cleaned,7YZU_DO7_ligand_start_conf,success,,22.58,35,15,15,5,0,258.25,16,30,8,1,0,4,8,133.52,-2.67,C7H14O8S,223,21026,1,3,5,5,True,True,cuda,NVIDIA GeForce RTX 4070 Laptop GPU
2026-05-02T15:15:16.745039,7Z1Q_NIO_ligand_start_conf__Orai1WT-MDSnap-Fr499_cleaned,Orai1WT-MDSnap-Fr499_cleaned,7Z1Q_NIO_ligand_start_conf,success,,9.35,35,15,15,5,0,123.11,9,14,1,1,1,1,3,50.19,0.78,C6H5NO2,223,21026,1,3,5,5,True,True,cuda,NVIDIA GeForce RTX 4070 Laptop GPU
2026-05-02T15:15:16.746521,7Z2O_IAJ_ligand_start_conf__Orai1WT-MDSnap-Fr499_cleaned,Orai1WT-MDSnap-Fr499_cleaned,7Z2O_IAJ_ligand_start_conf,success,,10.21,35,15,15,5,0,205.24,14,21,2,3,3,0,5,39.42,1.95,C9H7N3OS,223,21026,1,3,5,5,True,True,cuda,NVIDIA GeForce RTX 4070 Laptop GPU
2026-05-02T15:15:16.747928,7Z7F_IF3_ligand_start_conf__Orai1WT-MDSnap-Fr499_cleaned,Orai1WT-MDSnap-Fr499_cleaned,7Z7F_IF3_ligand_start_conf,success,,16.92,35,15,15,5,0,192.23,14,26,5,2,2,2,6,67.66,0.45,C8H12N6,223,21026,1,3,5,5,True,True,cuda,NVIDIA GeForce RTX 4070 Laptop GPU
2026-05-02T15:15:16.749453,7ZCC_OGA_ligand_start_conf__Orai1WT-MDSnap-Fr499_cleaned,Orai1WT-MDSnap-Fr499_cleaned,7ZCC_OGA_ligand_start_conf,success,,15.03,35,15,15,5,0,147.09,10,15,2,0,0,3,5,103.7,-1.73,C4H5NO5,223,21026,1,3,5,5,True,True,cuda,NVIDIA GeForce RTX 4070 Laptop GPU
2026-05-02T15:15:16.750916,7ZDY_6MJ_ligand_start_conf__Orai1WT-MDSnap-Fr499_cleaned,Orai1WT-MDSnap-Fr499_cleaned,7ZDY_6MJ_ligand_start_conf,success,,12.87,35,15,15,5,0,164.16,11,23,5,1,0,3,5,79.15,-1.93,C6H12O5,223,21026,1,3,5,5,True,True,cuda,NVIDIA GeForce RTX 4070 Laptop GPU
2026-05-02T15:15:16.752484,7ZF0_DHR_ligand_start_conf__Orai1WT-MDSnap-Fr499_cleaned,Orai1WT-MDSnap-Fr499_cleaned,7ZF0_DHR_ligand_start_conf,success,,11.23,35,15,15,5,0,149.15,11,18,3,1,1,2,3,64.25,0.95,C8H7NO2,223,21026,1,3,5,5,True,True,cuda,NVIDIA GeForce RTX 4070 Laptop GPU
2026-05-02T15:15:16.754051,7ZHP_IQY_ligand_start_conf__Orai1WT-MDSnap-Fr499_cleaned,Orai1WT-MDSnap-Fr499_cleaned,7ZHP_IQY_ligand_start_conf,success,,27.61,35,15,15,5,0,360.46,27,51,6,4,3,3,4,87.82,3.6,C22H24N4O,223,21026,1,3,5,5,True,True,cuda,NVIDIA GeForce RTX 4070 Laptop GPU
2026-05-02T15:15:16.755478,7ZL5_IWE_ligand_start_conf__Orai1WT-MDSnap-Fr499_cleaned,Orai1WT-MDSnap-Fr499_cleaned,7ZL5_IWE_ligand_start_conf,success,,21.94,35,15,15,5,0,370.85,23,34,6,3,3,3,7,126.65,1.84,C12H11ClN6O2S2,223,21026,1,3,5,5,True,True,cuda,NVIDIA GeForce RTX 4070 Laptop GPU
2026-05-02T15:15:16.756986,7ZOC_T8E_ligand_start_conf__Orai1WT-MDSnap-Fr499_cleaned,Orai1WT-MDSnap-Fr499_cleaned,7ZOC_T8E_ligand_start_conf,success,,19.51,35,15,15,5,0,223.3,15,28,6,1,1,2,3,46.17,2.15,C11H13NO2S,223,21026,1,3,5,5,True,True,cuda,NVIDIA GeForce RTX 4070 Laptop GPU
2026-05-02T15:15:16.758386,7ZTL_BCN_ligand_start_conf__Orai1WT-MDSnap-Fr499_cleaned,Orai1WT-MDSnap-Fr499_cleaned,7ZTL_BCN_ligand_start_conf,success,,23.05,35,15,15,5,0,163.17,11,24,8,0,0,3,5,81.0,-1.64,C6H13NO4,223,21026,1,3,5,5,True,True,cuda,NVIDIA GeForce RTX 4070 Laptop GPU
2026-05-02T15:15:16.759808,7ZU2_DHT_ligand_start_conf__Orai1WT-MDSnap-Fr499_cleaned,Orai1WT-MDSnap-Fr499_cleaned,7ZU2_DHT_ligand_start_conf,success,,22.2,35,15,15,5,0,290.45,21,51,3,4,0,1,2,37.3,3.96,C19H30O2,223,21026,1,3,5,5,True,True,cuda,NVIDIA GeForce RTX 4070 Laptop GPU
2026-05-02T15:15:16.761181,7ZXV_45D_ligand_start_conf__Orai1WT-MDSnap-Fr499_cleaned,Orai1WT-MDSnap-Fr499_cleaned,7ZXV_45D_ligand_start_conf,success,,52.44,35,15,15,5,0,564.85,42,94,20,2,0,0,2,34.14,10.96,C40H52O2,223,21026,1,3,5,5,True,True,cuda,NVIDIA GeForce RTX 4070 Laptop GPU
2026-05-02T15:15:16.762571,7ZXZ_K9R_ligand_start_conf__Orai1WT-MDSnap-Fr499_cleaned,Orai1WT-MDSnap-Fr499_cleaned,7ZXZ_K9R_ligand_start_conf,success,,39.13,35,15,15,5,0,507.7,33,62,11,4,1,5,7,104.37,2.38,C23H29N3O4S3,223,21026,1,3,5,5,True,True,cuda,NVIDIA GeForce RTX 4070 Laptop GPU
2026-05-02T15:15:16.764028,7ZYS_KNR_ligand_start_conf__Orai1WT-MDSnap-Fr499_cleaned,Orai1WT-MDSnap-Fr499_cleaned,7ZYS_KNR_ligand_start_conf,success,,47.2,35,15,15,5,0,615.78,44,93,10,2,1,9,7,233.42,-0.6,C30H49N9O5,223,21026,1,3,5,5,True,True,cuda,NVIDIA GeForce RTX 4070 Laptop GPU
2026-05-02T15:15:16.765477,7ZZB_KGX_ligand_start_conf__Orai1WT-MDSnap-Fr499_cleaned,Orai1WT-MDSnap-Fr499_cleaned,7ZZB_KGX_ligand_start_conf,success,,52.2,35,15,15,5,0,712.69,51,87,18,6,4,10,21,346.31,-4.93,C28H36N14O9,223,21026,1,3,5,5,True,True,cuda,NVIDIA GeForce RTX 4070 Laptop GPU
2026-05-02T15:15:16.766948,7ZZW_KKW_ligand_start_conf__Orai1WT-MDSnap-Fr499_cleaned,Orai1WT-MDSnap-Fr499_cleaned,7ZZW_KKW_ligand_start_conf,success,,22.26,35,15,15,5,0,426.97,29,52,3,5,3,1,5,48.47,3.74,C22H23ClN4OS,223,21026,1,3,5,5,True,True,cuda,NVIDIA GeForce RTX 4070 Laptop GPU
2026-05-02T15:15:16.768488,8A1H_DLZ_ligand_start_conf__Orai1WT-MDSnap-Fr499_cleaned,Orai1WT-MDSnap-Fr499_cleaned,8A1H_DLZ_ligand_start_conf,success,,31.6,35,15,15,5,0,326.31,23,41,11,2,0,5,9,161.56,-2.88,C13H18N4O6,223,21026,1,3,5,5,True,True,cuda,NVIDIA GeForce RTX 4070 Laptop GPU
2026-05-02T15:15:16.770073,8A2D_KXY_ligand_start_conf__Orai1WT-MDSnap-Fr499_cleaned,Orai1WT-MDSnap-Fr499_cleaned,8A2D_KXY_ligand_start_conf,success,,40.28,35,15,15,5,0,681.81,49,86,10,8,5,2,9,101.1,6.2,C37H37F2N7O2S,223,21026,1,3,5,5,True,True,cuda,NVIDIA GeForce RTX 4070 Laptop GPU
2026-05-02T15:15:16.771609,8AAU_LH0_ligand_start_conf__Orai1WT-MDSnap-Fr499_cleaned,Orai1WT-MDSnap-Fr499_cleaned,8AAU_LH0_ligand_start_conf,success,,28.2,35,15,15,5,0,431.29,27,41,7,3,3,1,5,59.81,5.83,C17H14Cl2F2N4OS,223,21026,1,3,5,5,True,True,cuda,NVIDIA GeForce RTX 4070 Laptop GPU
2026-05-02T15:15:16.773272,8ACL_LQL_ligand_start_conf__Orai1WT-MDSnap-Fr499_cleaned,Orai1WT-MDSnap-Fr499_cleaned,8ACL_LQL_ligand_start_conf,success,,25.03,35,15,15,5,0,475.4,31,51,5,4,3,1,5,65.54,4.1,C22H20Cl2N4O2S,223,21026,1,3,5,5,True,True,cuda,NVIDIA GeForce RTX 4070 Laptop GPU
2026-05-02T15:15:16.774774,8AEM_LVF_ligand_start_conf__Orai1WT-MDSnap-Fr499_cleaned,Orai1WT-MDSnap-Fr499_cleaned,8AEM_LVF_ligand_start_conf,success,,10.41,35,15,15,5,0,190.63,13,20,1,2,2,1,1,39.58,2.89,C10H7ClN2,223,21026,1,3,5,5,True,True,cuda,NVIDIA GeForce RTX 4070 Laptop GPU
2026-05-02T15:15:16.776579,8AEU_M0L_ligand_start_conf__Orai1WT-MDSnap-Fr499_cleaned,Orai1WT-MDSnap-Fr499_cleaned,8AEU_M0L_ligand_start_conf,success,,36.31,35,15,15,5,0,593.51,41,71,9,5,3,1,5,83.47,6.4,C31H30Cl2N4O4,223,21026,1,3,5,5,True,True,cuda,NVIDIA GeForce RTX 4070 Laptop GPU
2026-05-02T15:15:16.778085,8AIE_M7L_ligand_start_conf__Orai1WT-MDSnap-Fr499_cleaned,Orai1WT-MDSnap-Fr499_cleaned,8AIE_M7L_ligand_start_conf,success,,29.84,35,15,15,5,0,349.24,23,39,13,1,1,5,11,184.79,-0.38,C11H16N3O8P,223,21026,1,3,5,5,True,True,cuda,NVIDIA GeForce RTX 4070 Laptop GPU
2026-05-02T15:15:16.779627,8AIJ_M9I_ligand_start_conf__Orai1WT-MDSnap-Fr499_cleaned,Orai1WT-MDSnap-Fr499_cleaned,8AIJ_M9I_ligand_start_conf,success,,22.09,35,15,15,5,0,267.28,19,36,6,2,1,4,5,99.02,-0.76,C13H17NO5,223,21026,1,3,5,5,True,True,cuda,NVIDIA GeForce RTX 4070 Laptop GPU
2026-05-02T15:15:16.781143,8AJX_FUM_ligand_start_conf__Orai1WT-MDSnap-Fr499_cleaned,Orai1WT-MDSnap-Fr499_cleaned,8AJX_FUM_ligand_start_conf,success,,10.61,35,15,15,5,0,116.07,8,12,2,0,0,2,4,74.6,-0.29,C4H4O4,223,21026,1,3,5,5,True,True,cuda,NVIDIA GeForce RTX 4070 Laptop GPU
2026-05-02T15:15:16.782566,8AP0_PRP_ligand_start_conf__Orai1WT-MDSnap-Fr499_cleaned,Orai1WT-MDSnap-Fr499_cleaned,8AP0_PRP_ligand_start_conf,success,,26.02,35,15,15,5,0,390.07,22,35,14,1,0,7,14,229.74,-2.23,C5H13O14P3,223,21026,1,3,5,5,True,True,cuda,NVIDIA GeForce RTX 4070 Laptop GPU
2026-05-02T15:15:16.784024,8AQL_PLG_ligand_start_conf__Orai1WT-MDSnap-Fr499_cleaned,Orai1WT-MDSnap-Fr499_cleaned,8AQL_PLG_ligand_start_conf,success,,27.21,35,15,15,5,0,306.21,20,35,11,1,1,5,9,149.21,-0.12,C10H15N2O7P,223,21026,1,3,5,5,True,True,cuda,NVIDIA GeForce RTX 4070 Laptop GPU
2026-05-02T15:15:16.785379,8AUH_L9I_ligand_start_conf__Orai1WT-MDSnap-Fr499_cleaned,Orai1WT-MDSnap-Fr499_cleaned,8AUH_L9I_ligand_start_conf,success,,16.68,35,15,15,5,0,159.14,11,20,6,0,0,1,5,75.96,-0.03,C6H9NO4,223,21026,1,3,5,5,True,True,cuda,NVIDIA GeForce RTX 4070 Laptop GPU
2026-05-02T15:15:16.786750,8AY3_OE3_ligand_start_conf__Orai1WT-MDSnap-Fr499_cleaned,Orai1WT-MDSnap-Fr499_cleaned,8AY3_OE3_ligand_start_conf,success,,28.17,35,15,15,5,0,356.45,25,45,7,3,3,1,4,68.17,2.81,C19H20N2O3S,223,21026,1,3,5,5,True,True,cuda,NVIDIA GeForce RTX 4070 Laptop GPU
2026-05-02T15:15:16.788254,8B8H_OJQ_ligand_start_conf__Orai1WT-MDSnap-Fr499_cleaned,Orai1WT-MDSnap-Fr499_cleaned,8B8H_OJQ_ligand_start_conf,success,,28.03,35,15,15,5,0,332.23,22,37,11,2,2,5,9,162.75,-0.21,C11H15N3O7P+,223,21026,1,3,5,5,True,True,cuda,NVIDIA GeForce RTX 4070 Laptop GPU
2026-05-02T15:15:16.789663,8BN6_R53_ligand_start_conf__Orai1WT-MDSnap-Fr499_cleaned,Orai1WT-MDSnap-Fr499_cleaned,8BN6_R53_ligand_start_conf,success,,24.58,35,15,15,5,0,455.32,29,45,5,4,3,3,7,107.55,4.03,C18H16Cl2N4O4S,223,21026,1,3,5,5,True,True,cuda,NVIDIA GeForce RTX 4070 Laptop GPU
2026-05-02T15:15:16.790986,8BOM_QU6_ligand_start_conf__Orai1WT-MDSnap-Fr499_cleaned,Orai1WT-MDSnap-Fr499_cleaned,8BOM_QU6_ligand_start_conf,success,,28.96,35,15,15,5,0,465.52,35,58,9,5,5,2,8,106.85,4.74,C26H23N7O2,223,21026,1,3,5,5,True,True,cuda,NVIDIA GeForce RTX 4070 Laptop GPU
2026-05-02T15:15:16.792402,8BPL_CP_ligand_start_conf__Orai1WT-MDSnap-Fr499_cleaned,Orai1WT-MDSnap-Fr499_cleaned,8BPL_CP_ligand_start_conf,success,,11.55,35,15,15,5,0,141.02,8,12,3,0,0,3,5,109.85,-0.83,CH4NO5P,223,21026,1,3,5,5,True,True,cuda,NVIDIA GeForce RTX 4070 Laptop GPU
2026-05-02T15:15:16.793822,8BRO_R7E_ligand_start_conf__Orai1WT-MDSnap-Fr499_cleaned,Orai1WT-MDSnap-Fr499_cleaned,8BRO_R7E_ligand_start_conf,success,,30.99,35,15,15,5,0,362.38,26,48,9,3,2,5,7,138.18,-0.04,C18H22N2O6,223,21026,1,3,5,5,True,True,cuda,NVIDIA GeForce RTX 4070 Laptop GPU
2026-05-02T15:15:16.795473,8BTI_RFO_ligand_start_conf__Orai1WT-MDSnap-Fr499_cleaned,Orai1WT-MDSnap-Fr499_cleaned,8BTI_RFO_ligand_start_conf,success,,13.71,35,15,15,5,0,223.66,15,25,3,2,2,0,3,31.23,2.58,C11H10ClNO2,223,21026,1,3,5,5,True,True,cuda,NVIDIA GeForce RTX 4070 Laptop GPU
2026-05-02T15:15:16.796866,8C3N_ADP_ligand_start_conf__Orai1WT-MDSnap-Fr499_cleaned,Orai1WT-MDSnap-Fr499_cleaned,8C3N_ADP_ligand_start_conf,success,,28.32,35,15,15,5,0,427.2,27,42,12,3,2,6,15,232.6,-1.75,C10H15N5O10P2,223,21026,1,3,5,5,True,True,cuda,NVIDIA GeForce RTX 4070 Laptop GPU
2026-05-02T15:15:16.798277,8C5D_GTB_ligand_start_conf__Orai1WT-MDSnap-Fr499_cleaned,Orai1WT-MDSnap-Fr499_cleaned,8C5D_GTB_ligand_start_conf,success,,42.64,35,15,15,5,0,442.45,30,52,14,1,1,5,10,201.96,-0.29,C17H22N4O8S,223,21026,1,3,5,5,True,True,cuda,NVIDIA GeForce RTX 4070 Laptop GPU
2026-05-02T15:15:16.799530,8C5M_MTA_ligand_start_conf__Orai1WT-MDSnap-Fr499_cleaned,Orai1WT-MDSnap-Fr499_cleaned,8C5M_MTA_ligand_start_conf,success,,22.47,35,15,15,5,0,297.34,20,35,7,3,2,3,9,119.31,-0.61,C11H15N5O3S,223,21026,1,3,5,5,True,True,cuda,NVIDIA GeForce RTX 4070 Laptop GPU
2026-05-02T15:15:16.800905,8C7Y_TXV_ligand_start_conf__Orai1WT-MDSnap-Fr499_cleaned,Orai1WT-MDSnap-Fr499_cleaned,8C7Y_TXV_ligand_start_conf,success,,28.49,35,15,15,5,0,478.89,34,51,7,4,4,2,4,98.64,5.78,C25H17ClF2N4O2,223,21026,1,3,5,5,True,True,cuda,NVIDIA GeForce RTX 4070 Laptop GPU
2026-05-02T15:15:16.802310,8CGC_LMR_ligand_start_conf__Orai1WT-MDSnap-Fr499_cleaned,Orai1WT-MDSnap-Fr499_cleaned,8CGC_LMR_ligand_start_conf,success,,15.43,35,15,15,5,0,134.09,9,15,4,0,0,3,5,94.83,-1.09,C4H6O5,223,21026,1,3,5,5,True,True,cuda,NVIDIA GeForce RTX 4070 Laptop GPU
2026-05-02T15:15:16.803549,8CI0_8EL_ligand_start_conf__Orai1WT-MDSnap-Fr499_cleaned,Orai1WT-MDSnap-Fr499_cleaned,8CI0_8EL_ligand_start_conf,success,,33.03,35,15,15,5,0,426.33,26,46,14,2,1,4,12,168.33,1.72,C12H20N4O7P2S,223,21026,1,3,5,5,True,True,cuda,NVIDIA GeForce RTX 4070 Laptop GPU
2026-05-02T15:15:16.804742,8CNH_V6U_ligand_start_conf__Orai1WT-MDSnap-Fr499_cleaned,Orai1WT-MDSnap-Fr499_cleaned,8CNH_V6U_ligand_start_conf,success,,24.09,35,15,15,5,0,357.8,25,41,7,3,3,1,7,95.92,2.49,C17H16ClN5O2,223,21026,1,3,5,5,True,True,cuda,NVIDIA GeForce RTX 4070 Laptop GPU
2026-05-02T15:15:16.806069,8CSD_C5P_ligand_start_conf__Orai1WT-MDSnap-Fr499_cleaned,Orai1WT-MDSnap-Fr499_cleaned,8CSD_C5P_ligand_start_conf,success,,24.02,35,15,15,5,0,323.2,21,35,9,2,1,5,11,177.36,-2.45,C9H14N3O8P,223,21026,1,3,5,5,True,True,cuda,NVIDIA GeForce RTX 4070 Laptop GPU
2026-05-02T15:15:16.807551,8D19_GSH_ligand_start_conf__Orai1WT-MDSnap-Fr499_cleaned,Orai1WT-MDSnap-Fr499_cleaned,8D19_GSH_ligand_start_conf,success,,35.72,35,15,15,5,0,307.33,20,37,11,0,0,6,8,158.82,-2.21,C10H17N3O6S,223,21026,1,3,5,5,True,True,cuda,NVIDIA GeForce RTX 4070 Laptop GPU
2026-05-02T15:15:16.808956,8D39_QDB_ligand_start_conf__Orai1WT-MDSnap-Fr499_cleaned,Orai1WT-MDSnap-Fr499_cleaned,8D39_QDB_ligand_start_conf,success,,13.15,35,15,15,5,0,226.23,17,27,3,2,2,1,3,54.37,2.62,C14H10O3,223,21026,1,3,5,5,True,True,cuda,NVIDIA GeForce RTX 4070 Laptop GPU
2026-05-02T15:15:16.810218,8D5D_5DK_ligand_start_conf__Orai1WT-MDSnap-Fr499_cleaned,Orai1WT-MDSnap-Fr499_cleaned,8D5D_5DK_ligand_start_conf,success,,38.68,35,15,15,5,0,403.33,27,49,14,1,1,7,10,211.44,-0.16,C14H22N5O7P,223,21026,1,3,5,5,True,True,cuda,NVIDIA GeForce RTX 4070 Laptop GPU
2026-05-02T15:15:16.811459,8DHG_T78_ligand_start_conf__Orai1WT-MDSnap-Fr499_cleaned,Orai1WT-MDSnap-Fr499_cleaned,8DHG_T78_ligand_start_conf,success,,34.13,35,15,15,5,0,518.86,35,54,11,3,3,2,9,124.16,3.02,C20H19ClF4N6O4,223,21026,1,3,5,5,True,True,cuda,NVIDIA GeForce RTX 4070 Laptop GPU
2026-05-02T15:15:16.812792,8DKO_TFB_ligand_start_conf__Orai1WT-MDSnap-Fr499_cleaned,Orai1WT-MDSnap-Fr499_cleaned,8DKO_TFB_ligand_start_conf,success,,10.43,35,15,15,5,0,116.12,8,16,1,1,0,1,3,46.53,0.25,C5H8O3,223,21026,1,3,5,5,True,True,cuda,NVIDIA GeForce RTX 4070 Laptop GPU
2026-05-02T15:15:16.814577,8DP2_UMA_ligand_start_conf__Orai1WT-MDSnap-Fr499_cleaned,Orai1WT-MDSnap-Fr499_cleaned,8DP2_UMA_ligand_start_conf,success,,52.31,35,15,15,5,0,750.5,49,85,24,3,1,10,21,361.26,-4.65,C23H36N4O20P2,223,21026,1,3,5,5,True,True,cuda,NVIDIA GeForce RTX 4070 Laptop GPU
2026-05-02T15:15:16.815934,8DSC_NCA_ligand_start_conf__Orai1WT-MDSnap-Fr499_cleaned,Orai1WT-MDSnap-Fr499_cleaned,8DSC_NCA_ligand_start_conf,success,,10.25,35,15,15,5,0,122.13,9,15,1,1,1,1,2,55.98,0.18,C6H6N2O,223,21026,1,3,5,5,True,True,cuda,NVIDIA GeForce RTX 4070 Laptop GPU
2026-05-02T15:15:16.817297,8DW5_FQ7_ligand_start_conf__Orai1WT-MDSnap-Fr499_cleaned,Orai1WT-MDSnap-Fr499_cleaned,8DW5_FQ7_ligand_start_conf,success,,13.62,35,15,15,5,0,282.13,18,27,3,2,2,2,3,49.33,4.44,C13H9Cl2NO2,223,21026,1,3,5,5,True,True,cuda,NVIDIA GeForce RTX 4070 Laptop GPU
2026-05-02T15:15:16.818727,8DZT_G4P_ligand_start_conf__Orai1WT-MDSnap-Fr499_cleaned,Orai1WT-MDSnap-Fr499_cleaned,8DZT_G4P_ligand_start_conf,success,,33.5,35,15,15,5,0,603.16,36,53,18,3,2,9,21,345.63,-2.22,C10H17N5O17P4,223,21026,1,3,5,5,True,True,cuda,NVIDIA GeForce RTX 4070 Laptop GPU
2026-05-02T15:15:16.820055,8E77_ULP_ligand_start_conf__Orai1WT-MDSnap-Fr499_cleaned,Orai1WT-MDSnap-Fr499_cleaned,8E77_ULP_ligand_start_conf,success,,49.03,35,15,15,5,0,849.48,55,89,25,4,2,11,25,414.94,-3.41,C25H34N5O22P3,223,21026,1,3,5,5,True,True,cuda,NVIDIA GeForce RTX 4070 Laptop GPU
2026-05-02T15:15:16.821344,8EAB_VN2_ligand_start_conf__Orai1WT-MDSnap-Fr499_cleaned,Orai1WT-MDSnap-Fr499_cleaned,8EAB_VN2_ligand_start_conf,success,,34.78,35,15,15,5,0,688.55,49,70,7,5,5,2,4,83.98,8.98,C34H21F9N4O2,223,21026,1,3,5,5,True,True,cuda,NVIDIA GeForce RTX 4070 Laptop GPU
2026-05-02T15:15:16.822586,8EAD_UY0_ligand_start_conf__Orai1WT-MDSnap-Fr499_cleaned,Orai1WT-MDSnap-Fr499_cleaned,8EAD_UY0_ligand_start_conf,success,,41.48,35,15,15,5,0,559.14,38,73,11,4,3,3,8,108.48,5.94,C27H35ClN6O3S,223,21026,1,3,5,5,True,True,cuda,NVIDIA GeForce RTX 4070 Laptop GPU
2026-05-02T15:15:16.823932,8ERS_WQO_ligand_start_conf__Orai1WT-MDSnap-Fr499_cleaned,Orai1WT-MDSnap-Fr499_cleaned,8ERS_WQO_ligand_start_conf,success,,20.43,35,15,15,5,0,313.31,23,38,5,3,2,3,6,109.85,2.13,C17H15NO5,223,21026,1,3,5,5,True,True,cuda,NVIDIA GeForce RTX 4070 Laptop GPU
2026-05-02T15:15:16.825467,8EX2_Q2Q_ligand_start_conf__Orai1WT-MDSnap-Fr499_cleaned,Orai1WT-MDSnap-Fr499_cleaned,8EX2_Q2Q_ligand_start_conf,success,,18.37,35,15,15,5,0,355.32,26,38,2,4,3,0,4,47.25,4.73,C19H12F3N3O,223,21026,1,3,5,5,True,True,cuda,NVIDIA GeForce RTX 4070 Laptop GPU
2026-05-02T15:15:16.827067,8EXL_799_ligand_start_conf__Orai1WT-MDSnap-Fr499_cleaned,Orai1WT-MDSnap-Fr499_cleaned,8EXL_799_ligand_start_conf,success,,36.89,35,15,15,5,0,460.54,34,62,10,5,4,1,9,118.67,3.17,C24H28N8O2,223,21026,1,3,5,5,True,True,cuda,NVIDIA GeForce RTX 4070 Laptop GPU
2026-05-02T15:15:16.828395,8EYE_X4I_ligand_start_conf__Orai1WT-MDSnap-Fr499_cleaned,Orai1WT-MDSnap-Fr499_cleaned,8EYE_X4I_ligand_start_conf,success,,28.71,35,15,15,5,0,465.38,33,49,8,3,3,4,4,90.46,3.82,C22H16F5N3O3,223,21026,1,3,5,5,True,True,cuda,NVIDIA GeForce RTX 4070 Laptop GPU
2026-05-02T15:15:16.829670,8F4J_PHO_ligand_start_conf__Orai1WT-MDSnap-Fr499_cleaned,Orai1WT-MDSnap-Fr499_cleaned,8F4J_PHO_ligand_start_conf,success,,93.1,35,15,15,5,0,871.22,64,138,31,6,3,2,7,127.03,13.96,C55H74N4O5,223,21026,1,3,5,5,True,True,cuda,NVIDIA GeForce RTX 4070 Laptop GPU
2026-05-02T15:15:16.830960,8F8E_XJI_ligand_start_conf__Orai1WT-MDSnap-Fr499_cleaned,Orai1WT-MDSnap-Fr499_cleaned,8F8E_XJI_ligand_start_conf,success,,26.17,35,15,15,5,0,439.25,29,43,6,3,3,3,3,100.87,4.01,C19H14Cl2F2N4O2,223,21026,1,3,5,5,True,True,cuda,NVIDIA GeForce RTX 4070 Laptop GPU
2026-05-02T15:15:16.832398,8FAV_4Y5_ligand_start_conf__Orai1WT-MDSnap-Fr499_cleaned,Orai1WT-MDSnap-Fr499_cleaned,8FAV_4Y5_ligand_start_conf,success,,21.22,35,15,15,5,0,480.78,33,43,3,4,4,1,5,72.19,6.04,C22H10ClF5N2O3,223,21026,1,3,5,5,True,True,cuda,NVIDIA GeForce RTX 4070 Laptop GPU
2026-05-02T15:15:16.833711,8FLN_Y7W_ligand_start_conf__Orai1WT-MDSnap-Fr499_cleaned,Orai1WT-MDSnap-Fr499_cleaned,8FLN_Y7W_ligand_start_conf,success,,34.22,35,15,15,5,0,479.43,34,55,10,3,3,3,6,125.26,3.43,C22H21F4N5O3,223,21026,1,3,5,5,True,True,cuda,NVIDIA GeForce RTX 4070 Laptop GPU
2026-05-02T15:15:16.834977,8FLV_ZB9_ligand_start_conf__Orai1WT-MDSnap-Fr499_cleaned,Orai1WT-MDSnap-Fr499_cleaned,8FLV_ZB9_ligand_start_conf,success,,25.67,35,15,15,5,0,433.34,29,51,6,4,3,2,5,77.15,3.8,C20H22Cl2N6O,223,21026,1,3,5,5,True,True,cuda,NVIDIA GeForce RTX 4070 Laptop GPU
2026-05-02T15:15:16.836264,8FO5_Y4U_ligand_start_conf__Orai1WT-MDSnap-Fr499_cleaned,Orai1WT-MDSnap-Fr499_cleaned,8FO5_Y4U_ligand_start_conf,success,,15.83,35,15,15,5,0,249.29,17,28,4,2,2,0,4,56.14,1.93,C12H11NO3S,223,21026,1,3,5,5,True,True,cuda,NVIDIA GeForce RTX 4070 Laptop GPU
2026-05-02T15:15:16.837744,8FV9_80J_ligand_start_conf__Orai1WT-MDSnap-Fr499_cleaned,Orai1WT-MDSnap-Fr499_cleaned,8FV9_80J_ligand_start_conf,success,,29.38,35,15,15,5,0,485.15,29,44,14,2,1,6,16,250.19,-1.23,C9H15FN3O13P3,223,21026,1,3,5,5,True,True,cuda,NVIDIA GeForce RTX 4070 Laptop GPU
2026-05-02T15:15:16.839282,8G0V_YHT_ligand_start_conf__Orai1WT-MDSnap-Fr499_cleaned,Orai1WT-MDSnap-Fr499_cleaned,8G0V_YHT_ligand_start_conf,success,,26.32,35,15,15,5,0,385.27,26,42,10,3,2,4,12,175.07,-1.21,C13H16N5O7P,223,21026,1,3,5,5,True,True,cuda,NVIDIA GeForce RTX 4070 Laptop GPU
2026-05-02T15:15:16.840565,8G43_ZU6_ligand_start_conf__Orai1WT-MDSnap-Fr499_cleaned,Orai1WT-MDSnap-Fr499_cleaned,8G43_ZU6_ligand_start_conf,success,,27.06,35,15,15,5,0,289.29,21,36,6,2,2,2,6,101.29,0.16,C14H15N3O4,223,21026,1,3,5,5,True,True,cuda,NVIDIA GeForce RTX 4070 Laptop GPU
2026-05-02T15:15:16.841791,8G6P_API_ligand_start_conf__Orai1WT-MDSnap-Fr499_cleaned,Orai1WT-MDSnap-Fr499_cleaned,8G6P_API_ligand_start_conf,success,,29.0,35,15,15,5,0,190.2,13,27,8,0,0,4,6,126.64,-1.02,C7H14N2O4,223,21026,1,3,5,5,True,True,cuda,NVIDIA GeForce RTX 4070 Laptop GPU
2026-05-02T15:15:16.843169,8GFD_ZHR_ligand_start_conf__Orai1WT-MDSnap-Fr499_cleaned,Orai1WT-MDSnap-Fr499_cleaned,8GFD_ZHR_ligand_start_conf,success,,30.42,35,15,15,5,0,365.38,26,49,10,3,2,4,7,121.39,-0.06,C18H23NO7,223,21026,1,3,5,5,True,True,cuda,NVIDIA GeForce RTX 4070 Laptop GPU
2026-05-02T15:15:16.844536,8H0M_2EH_ligand_start_conf__Orai1WT-MDSnap-Fr499_cleaned,Orai1WT-MDSnap-Fr499_cleaned,8H0M_2EH_ligand_start_conf,success,,28.22,35,15,15,5,0,130.23,9,27,8,0,0,1,1,20.23,2.2,C8H18O,223,21026,1,3,5,5,True,True,cuda,NVIDIA GeForce RTX 4070 Laptop GPU
2026-05-02T15:15:16.845768,8HFN_XGC_ligand_start_conf__Orai1WT-MDSnap-Fr499_cleaned,Orai1WT-MDSnap-Fr499_cleaned,8HFN_XGC_ligand_start_conf,success,,27.53,35,15,15,5,0,367.45,24,41,9,2,2,3,7,111.38,0.82,C15H17N3O4S2,223,21026,1,3,5,5,True,True,cuda,NVIDIA GeForce RTX 4070 Laptop GPU
2026-05-02T15:15:16.847032,8HO0_3ZI_ligand_start_conf__Orai1WT-MDSnap-Fr499_cleaned,Orai1WT-MDSnap-Fr499_cleaned,8HO0_3ZI_ligand_start_conf,success,,18.19,35,15,15,5,0,301.32,22,38,2,4,2,2,2,65.2,1.34,C16H16FN3O2,223,21026,1,3,5,5,True,True,cuda,NVIDIA GeForce RTX 4070 Laptop GPU
2026-05-02T15:15:16.848281,8SLG_G5A_ligand_start_conf__Orai1WT-MDSnap-Fr499_cleaned,Orai1WT-MDSnap-Fr499_cleaned,8SLG_G5A_ligand_start_conf,success,,30.1,35,15,15,5,0,403.38,27,44,10,3,2,5,13,217.8,-3.64,C12H17N7O7S,223,21026,1,3,5,5,True,True,cuda,NVIDIA GeForce RTX 4070 Laptop GPU
2026-05-02T15:15:16.849940,5S8I_2LY_ligand_start_conf__Orai1WT-START-Fr0_cleaned,Orai1WT-START-Fr0_cleaned,5S8I_2LY_ligand_start_conf,success,,12.92,35,15,15,5,0,199.23,13,22,2,2,1,1,4,47.56,0.88,C8H9NO3S,223,21026,1,3,5,5,True,True,cuda,NVIDIA GeForce RTX 4070 Laptop GPU
2026-05-02T15:15:16.851505,5SAK_ZRY_ligand_start_conf__Orai1WT-START-Fr0_cleaned,Orai1WT-START-Fr0_cleaned,5SAK_ZRY_ligand_start_conf,success,,11.58,35,15,15,5,0,236.28,18,30,2,3,2,3,3,60.27,2.39,C14H12N4,223,21026,1,3,5,5,True,True,cuda,NVIDIA GeForce RTX 4070 Laptop GPU
2026-05-02T15:15:16.852851,5SB2_1K2_ligand_start_conf__Orai1WT-START-Fr0_cleaned,Orai1WT-START-Fr0_cleaned,5SB2_1K2_ligand_start_conf,success,,25.9,35,15,15,5,0,417.9,30,50,6,5,4,2,3,67.01,5.08,C24H20ClN3O2,223,21026,1,3,5,5,True,True,cuda,NVIDIA GeForce RTX 4070 Laptop GPU
2026-05-02T15:15:16.854051,5SD5_HWI_ligand_start_conf__Orai1WT-START-Fr0_cleaned,Orai1WT-START-Fr0_cleaned,5SD5_HWI_ligand_start_conf,success,,35.56,35,15,15,5,0,401.47,29,56,13,3,2,3,9,136.82,1.88,C20H27N5O4,223,21026,1,3,5,5,True,True,cuda,NVIDIA GeForce RTX 4070 Laptop GPU
2026-05-02T15:15:16.855352,5SIS_JSM_ligand_start_conf__Orai1WT-START-Fr0_cleaned,Orai1WT-START-Fr0_cleaned,5SIS_JSM_ligand_start_conf,success,,35.33,35,15,15,5,0,431.5,32,57,10,4,4,2,7,96.56,2.28,C23H25N7O2,223,21026,1,3,5,5,True,True,cuda,NVIDIA GeForce RTX 4070 Laptop GPU
2026-05-02T15:15:16.856830,6M2B_EZO_ligand_start_conf__Orai1WT-START-Fr0_cleaned,Orai1WT-START-Fr0_cleaned,6M2B_EZO_ligand_start_conf,success,,23.1,35,15,15,5,0,371.85,25,39,6,3,3,1,6,65.79,4.63,C18H14ClN3O2S,223,21026,1,3,5,5,True,True,cuda,NVIDIA GeForce RTX 4070 Laptop GPU
2026-05-02T15:15:16.858193,6M73_FNR_ligand_start_conf__Orai1WT-START-Fr0_cleaned,Orai1WT-START-Fr0_cleaned,6M73_FNR_ligand_start_conf,success,,37.94,35,15,15,5,0,458.36,31,54,14,3,2,8,11,208.44,-0.93,C17H23N4O9P,223,21026,1,3,5,5,True,True,cuda,NVIDIA GeForce RTX 4070 Laptop GPU
2026-05-02T15:15:16.859442,6T88_MWQ_ligand_start_conf__Orai1WT-START-Fr0_cleaned,Orai1WT-START-Fr0_cleaned,6T88_MWQ_ligand_start_conf,success,,14.99,35,15,15,5,0,140.14,10,18,3,1,1,2,3,65.98,0.43,C6H8N2O2,223,21026,1,3,5,5,True,True,cuda,NVIDIA GeForce RTX 4070 Laptop GPU
2026-05-02T15:15:16.860687,6TW5_9M2_ligand_start_conf__Orai1WT-START-Fr0_cleaned,Orai1WT-START-Fr0_cleaned,6TW5_9M2_ligand_start_conf,success,,36.98,35,15,15,5,0,421.52,31,59,12,4,4,1,5,58.97,4.4,C24H28FN5O,223,21026,1,3,5,5,True,True,cuda,NVIDIA GeForce RTX 4070 Laptop GPU
2026-05-02T15:15:16.862238,6TW7_NZB_ligand_start_conf__Orai1WT-START-Fr0_cleaned,Orai1WT-START-Fr0_cleaned,6TW7_NZB_ligand_start_conf,success,,30.06,35,15,15,5,0,390.46,29,52,9,4,4,1,4,54.04,4.45,C23H23FN4O,223,21026,1,3,5,5,True,True,cuda,NVIDIA GeForce RTX 4070 Laptop GPU
2026-05-02T15:15:16.863650,6VS3_R6V_ligand_start_conf__Orai1WT-START-Fr0_cleaned,Orai1WT-START-Fr0_cleaned,6VS3_R6V_ligand_start_conf,success,,31.18,35,15,15,5,0,480.62,36,68,7,6,4,3,7,107.24,5.68,C28H32N8,223,21026,1,3,5,5,True,True,cuda,NVIDIA GeForce RTX 4070 Laptop GPU
2026-05-02T15:15:16.864925,6VTA_AKN_ligand_start_conf__Orai1WT-START-Fr0_cleaned,Orai1WT-START-Fr0_cleaned,6VTA_AKN_ligand_start_conf,success,,50.38,35,15,15,5,0,585.61,40,83,22,3,0,13,17,331.94,-8.42,C22H43N5O13,223,21026,1,3,5,5,True,True,cuda,NVIDIA GeForce RTX 4070 Laptop GPU
2026-05-02T15:15:16.866185,6W59_SZD_ligand_start_conf__Orai1WT-START-Fr0_cleaned,Orai1WT-START-Fr0_cleaned,6W59_SZD_ligand_start_conf,success,,25.44,35,15,15,5,0,472.39,32,45,6,3,3,2,4,84.5,4.92,C20H13F5N2O4S,223,21026,1,3,5,5,True,True,cuda,NVIDIA GeForce RTX 4070 Laptop GPU
2026-05-02T15:15:16.867506,6WTN_RXT_ligand_start_conf__Orai1WT-START-Fr0_cleaned,Orai1WT-START-Fr0_cleaned,6WTN_RXT_ligand_start_conf,success,,23.25,35,15,15,5,0,306.37,23,41,4,4,3,1,5,83.18,3.47,C17H18N6,223,21026,1,3,5,5,True,True,cuda,NVIDIA GeForce RTX 4070 Laptop GPU
2026-05-02T15:15:16.869020,6X8D_ARA_ligand_start_conf__Orai1WT-START-Fr0_cleaned,Orai1WT-START-Fr0_cleaned,6X8D_ARA_ligand_start_conf,success,,11.93,35,15,15,5,0,150.13,10,20,4,1,0,4,5,90.15,-2.58,C5H10O5,223,21026,1,3,5,5,True,True,cuda,NVIDIA GeForce RTX 4070 Laptop GPU
2026-05-02T15:15:16.870403,6XAF_GDP_ligand_start_conf__Orai1WT-START-Fr0_cleaned,Orai1WT-START-Fr0_cleaned,6XAF_GDP_ligand_start_conf,success,,29.01,35,15,15,5,0,443.2,28,43,12,3,2,7,15,252.57,-2.45,C10H15N5O11P2,223,21026,1,3,5,5,True,True,cuda,NVIDIA GeForce RTX 4070 Laptop GPU
2026-05-02T15:15:16.871648,6XBO_5MC_ligand_start_conf__Orai1WT-START-Fr0_cleaned,Orai1WT-START-Fr0_cleaned,6XBO_5MC_ligand_start_conf,success,,26.24,35,15,15,5,0,337.22,22,38,10,2,1,5,11,177.36,-2.14,C10H16N3O8P,223,21026,1,3,5,5,True,True,cuda,NVIDIA GeForce RTX 4070 Laptop GPU
2026-05-02T15:15:16.872870,6XCT_478_ligand_start_conf__Orai1WT-START-Fr0_cleaned,Orai1WT-START-Fr0_cleaned,6XCT_478_ligand_start_conf,success,,45.95,35,15,15,5,0,505.64,35,70,15,3,2,3,7,131.19,2.4,C25H35N3O6S,223,21026,1,3,5,5,True,True,cuda,NVIDIA GeForce RTX 4070 Laptop GPU
2026-05-02T15:15:16.874205,6XG5_TOP_ligand_start_conf__Orai1WT-START-Fr0_cleaned,Orai1WT-START-Fr0_cleaned,6XG5_TOP_ligand_start_conf,success,,24.95,35,15,15,5,0,290.32,21,39,10,2,2,2,7,105.51,1.26,C14H18N4O3,223,21026,1,3,5,5,True,True,cuda,NVIDIA GeForce RTX 4070 Laptop GPU
2026-05-02T15:15:16.875715,6XHT_V2V_ligand_start_conf__Orai1WT-START-Fr0_cleaned,Orai1WT-START-Fr0_cleaned,6XHT_V2V_ligand_start_conf,success,,45.39,35,15,15,5,0,537.31,34,59,21,2,1,9,18,293.81,-4.23,C14H25N3O15P2,223,21026,1,3,5,5,True,True,cuda,NVIDIA GeForce RTX 4070 Laptop GPU
2026-05-02T15:15:16.877188,6XM9_V55_ligand_start_conf__Orai1WT-START-Fr0_cleaned,Orai1WT-START-Fr0_cleaned,6XM9_V55_ligand_start_conf,success,,12.86,35,15,15,5,0,152.15,11,19,4,1,1,1,3,46.53,1.21,C8H8O3,223,21026,1,3,5,5,True,True,cuda,NVIDIA GeForce RTX 4070 Laptop GPU
2026-05-02T15:15:16.878528,6XUM_30L_ligand_start_conf__Orai1WT-START-Fr0_cleaned,Orai1WT-START-Fr0_cleaned,6XUM_30L_ligand_start_conf,success,,24.4,35,15,15,5,0,348.29,25,38,7,2,2,2,6,118.77,2.13,C16H13FN2O6,223,21026,1,3,5,5,True,True,cuda,NVIDIA GeForce RTX 4070 Laptop GPU
2026-05-02T15:15:16.880109,6Y7L_QMG_ligand_start_conf__Orai1WT-START-Fr0_cleaned,Orai1WT-START-Fr0_cleaned,6Y7L_QMG_ligand_start_conf,success,,25.18,35,15,15,5,0,333.39,25,44,6,4,3,1,4,63.47,3.4,C20H19N3O2,223,21026,1,3,5,5,True,True,cuda,NVIDIA GeForce RTX 4070 Laptop GPU
2026-05-02T15:15:16.882061,6YDY_K73_ligand_start_conf__Orai1WT-START-Fr0_cleaned,Orai1WT-START-Fr0_cleaned,6YDY_K73_ligand_start_conf,success,,34.64,35,15,15,5,0,380.49,28,56,9,3,2,3,4,101.45,1.32,C22H28N4O2,223,21026,1,3,5,5,True,True,cuda,NVIDIA GeForce RTX 4070 Laptop GPU
2026-05-02T15:15:16.883569,6YJA_2BA_ligand_start_conf__Orai1WT-START-Fr0_cleaned,Orai1WT-START-Fr0_cleaned,6YJA_2BA_ligand_start_conf,success,,27.74,35,15,15,5,0,658.42,44,68,8,7,4,6,22,309.68,-1.63,C20H24N10O12P2,223,21026,1,3,5,5,True,True,cuda,NVIDIA GeForce RTX 4070 Laptop GPU
2026-05-02T15:15:16.885068,6YMS_OZH_ligand_start_conf__Orai1WT-START-Fr0_cleaned,Orai1WT-START-Fr0_cleaned,6YMS_OZH_ligand_start_conf,success,,50.91,35,15,15,5,0,505.51,35,67,16,2,2,5,7,154.06,2.87,C24H32N3O7P,223,21026,1,3,5,5,True,True,cuda,NVIDIA GeForce RTX 4070 Laptop GPU
2026-05-02T15:15:16.886716,6YQV_8K2_ligand_start_conf__Orai1WT-START-Fr0_cleaned,Orai1WT-START-Fr0_cleaned,6YQV_8K2_ligand_start_conf,success,,11.69,35,15,15,5,0,197.67,10,14,2,1,1,1,3,60.16,1.05,C4H4ClNO2S2,223,21026,1,3,5,5,True,True,cuda,NVIDIA GeForce RTX 4070 Laptop GPU
2026-05-02T15:15:16.888194,6YQW_82I_ligand_start_conf__Orai1WT-START-Fr0_cleaned,Orai1WT-START-Fr0_cleaned,6YQW_82I_ligand_start_conf,success,,12.91,35,15,15,5,0,173.6,11,19,3,1,1,1,4,46.92,0.48,C6H8ClN3O,223,21026,1,3,5,5,True,True,cuda,NVIDIA GeForce RTX 4070 Laptop GPU
2026-05-02T15:15:16.889617,6YR2_T1C_ligand_start_conf__Orai1WT-START-Fr0_cleaned,Orai1WT-START-Fr0_cleaned,6YR2_T1C_ligand_start_conf,success,,51.58,35,15,15,5,0,587.67,42,83,14,4,1,9,9,208.16,-2.19,C29H41N5O8+2,223,21026,1,3,5,5,True,True,cuda,NVIDIA GeForce RTX 4070 Laptop GPU
2026-05-02T15:15:16.890908,6YRV_PJ8_ligand_start_conf__Orai1WT-START-Fr0_cleaned,Orai1WT-START-Fr0_cleaned,6YRV_PJ8_ligand_start_conf,success,,52.41,35,15,15,5,0,240.48,17,53,16,0,0,0,0,0.0,6.88,C17H36,223,21026,1,3,5,5,True,True,cuda,NVIDIA GeForce RTX 4070 Laptop GPU
2026-05-02T15:15:16.892290,6YSP_PAL_ligand_start_conf__Orai1WT-START-Fr0_cleaned,Orai1WT-START-Fr0_cleaned,6YSP_PAL_ligand_start_conf,success,,26.73,35,15,15,5,0,255.12,16,26,8,0,0,5,8,161.23,-1.79,C6H10NO8P,223,21026,1,3,5,5,True,True,cuda,NVIDIA GeForce RTX 4070 Laptop GPU
2026-05-02T15:15:16.893707,6YT6_PKE_ligand_start_conf__Orai1WT-START-Fr0_cleaned,Orai1WT-START-Fr0_cleaned,6YT6_PKE_ligand_start_conf,success,,28.65,35,15,15,5,0,439.5,31,52,9,4,3,3,8,129.21,2.12,C20H21N7O3S,223,21026,1,3,5,5,True,True,cuda,NVIDIA GeForce RTX 4070 Laptop GPU
2026-05-02T15:15:16.895061,6YYO_Q1K_ligand_start_conf__Orai1WT-START-Fr0_cleaned,Orai1WT-START-Fr0_cleaned,6YYO_Q1K_ligand_start_conf,success,,18.61,35,15,15,5,0,282.33,19,33,3,3,2,0,7,83.7,-0.79,C10H14N6O2S,223,21026,1,3,5,5,True,True,cuda,NVIDIA GeForce RTX 4070 Laptop GPU
2026-05-02T15:15:16.896390,6Z0R_Q4H_ligand_start_conf__Orai1WT-START-Fr0_cleaned,Orai1WT-START-Fr0_cleaned,6Z0R_Q4H_ligand_start_conf,success,,8.79,35,15,15,5,0,120.11,9,13,1,1,1,1,4,75.59,-0.07,C5H4N4,223,21026,1,3,5,5,True,True,cuda,NVIDIA GeForce RTX 4070 Laptop GPU
2026-05-02T15:15:16.897654,6Z14_Q4Z_ligand_start_conf__Orai1WT-START-Fr0_cleaned,Orai1WT-START-Fr0_cleaned,6Z14_Q4Z_ligand_start_conf,success,,20.79,35,15,15,5,0,283.26,18,31,6,2,0,3,8,139.32,-4.19,C8H13NO8S,223,21026,1,3,5,5,True,True,cuda,NVIDIA GeForce RTX 4070 Laptop GPU
2026-05-02T15:15:16.899310,6Z1C_7EY_ligand_start_conf__Orai1WT-START-Fr0_cleaned,Orai1WT-START-Fr0_cleaned,6Z1C_7EY_ligand_start_conf,success,,22.51,35,15,15,5,0,330.43,22,36,6,3,3,1,6,63.08,4.23,C16H14N2O2S2,223,21026,1,3,5,5,True,True,cuda,NVIDIA GeForce RTX 4070 Laptop GPU
2026-05-02T15:15:16.900737,6Z2C_Q5E_ligand_start_conf__Orai1WT-START-Fr0_cleaned,Orai1WT-START-Fr0_cleaned,6Z2C_Q5E_ligand_start_conf,success,,27.34,35,15,15,5,0,483.99,26,39,6,3,0,1,4,74.68,4.08,C15H13Cl6NO4,223,21026,1,3,5,5,True,True,cuda,NVIDIA GeForce RTX 4070 Laptop GPU
2026-05-02T15:15:16.902001,6Z4N_Q7B_ligand_start_conf__Orai1WT-START-Fr0_cleaned,Orai1WT-START-Fr0_cleaned,6Z4N_Q7B_ligand_start_conf,success,,24.0,35,15,15,5,0,266.34,20,38,5,3,2,1,2,37.3,3.8,C18H18O2,223,21026,1,3,5,5,True,True,cuda,NVIDIA GeForce RTX 4070 Laptop GPU
2026-05-02T15:15:16.903297,6Z5Z_BDF_ligand_start_conf__Orai1WT-START-Fr0_cleaned,Orai1WT-START-Fr0_cleaned,6Z5Z_BDF_ligand_start_conf,success,,17.05,35,15,15,5,0,180.16,12,24,6,1,0,5,6,110.38,-3.22,C6H12O6,223,21026,1,3,5,5,True,True,cuda,NVIDIA GeForce RTX 4070 Laptop GPU
2026-05-02T15:15:16.904687,6ZAE_ACV_ligand_start_conf__Orai1WT-START-Fr0_cleaned,Orai1WT-START-Fr0_cleaned,6ZAE_ACV_ligand_start_conf,success,,46.58,35,15,15,5,0,363.44,24,49,15,0,0,6,8,158.82,-0.79,C14H25N3O6S,223,21026,1,3,5,5,True,True,cuda,NVIDIA GeForce RTX 4070 Laptop GPU
2026-05-02T15:15:16.906308,6ZC3_JOR_ligand_start_conf__Orai1WT-START-Fr0_cleaned,Orai1WT-START-Fr0_cleaned,6ZC3_JOR_ligand_start_conf,success,,16.03,35,15,15,5,0,233.22,15,23,4,1,1,2,4,83.47,0.9,C8H8FNO4S,223,21026,1,3,5,5,True,True,cuda,NVIDIA GeForce RTX 4070 Laptop GPU
2026-05-02T15:15:16.907897,6ZCY_QF8_ligand_start_conf__Orai1WT-START-Fr0_cleaned,Orai1WT-START-Fr0_cleaned,6ZCY_QF8_ligand_start_conf,success,,30.72,35,15,15,5,0,446.52,33,59,9,5,4,4,10,126.61,1.73,C22H26N10O,223,21026,1,3,5,5,True,True,cuda,NVIDIA GeForce RTX 4070 Laptop GPU
2026-05-02T15:15:16.909509,6ZK5_IMH_ligand_start_conf__Orai1WT-START-Fr0_cleaned,Orai1WT-START-Fr0_cleaned,6ZK5_IMH_ligand_start_conf,success,,21.3,35,15,15,5,0,266.26,19,33,6,3,2,6,7,134.52,-1.61,C11H14N4O4,223,21026,1,3,5,5,True,True,cuda,NVIDIA GeForce RTX 4070 Laptop GPU
2026-05-02T15:15:16.911052,6ZPB_3D1_ligand_start_conf__Orai1WT-START-Fr0_cleaned,Orai1WT-START-Fr0_cleaned,6ZPB_3D1_ligand_start_conf,success,,20.84,35,15,15,5,0,251.25,18,31,5,3,2,3,8,119.31,-0.95,C10H13N5O3,223,21026,1,3,5,5,True,True,cuda,NVIDIA GeForce RTX 4070 Laptop GPU
2026-05-02T15:15:16.912477,6ZR8_QOZ_ligand_start_conf__Orai1WT-START-Fr0_cleaned,Orai1WT-START-Fr0_cleaned,6ZR8_QOZ_ligand_start_conf,success,,31.55,35,15,15,5,0,464.59,33,61,8,4,3,2,5,95.74,2.68,C25H28N4O3S,223,21026,1,3,5,5,True,True,cuda,NVIDIA GeForce RTX 4070 Laptop GPU
2026-05-02T15:15:16.913892,6ZT2_QPK_ligand_start_conf__Orai1WT-START-Fr0_cleaned,Orai1WT-START-Fr0_cleaned,6ZT2_QPK_ligand_start_conf,success,,8.27,35,15,15,5,0,164.54,10,13,1,1,1,1,1,20.23,2.32,C6H3ClF2O,223,21026,1,3,5,5,True,True,cuda,NVIDIA GeForce RTX 4070 Laptop GPU
2026-05-02T15:15:16.915137,6ZX3_QRZ_ligand_start_conf__Orai1WT-START-Fr0_cleaned,Orai1WT-START-Fr0_cleaned,6ZX3_QRZ_ligand_start_conf,success,,24.86,35,15,15,5,0,383.27,24,38,9,2,1,6,11,197.33,-3.1,C10H14N3O9PS,223,21026,1,3,5,5,True,True,cuda,NVIDIA GeForce RTX 4070 Laptop GPU
2026-05-02T15:15:16.916503,6ZXQ_IMO_ligand_start_conf__Orai1WT-START-Fr0_cleaned,Orai1WT-START-Fr0_cleaned,6ZXQ_IMO_ligand_start_conf,success,,27.43,35,15,15,5,0,428.19,27,41,12,3,2,6,15,226.81,-1.97,C10H14N4O11P2,223,21026,1,3,5,5,True,True,cuda,NVIDIA GeForce RTX 4070 Laptop GPU
2026-05-02T15:15:16.918093,7A1P_QW2_ligand_start_conf__Orai1WT-START-Fr0_cleaned,Orai1WT-START-Fr0_cleaned,7A1P_QW2_ligand_start_conf,success,,22.78,35,15,15,5,0,188.18,13,25,7,0,0,2,5,91.67,0.53,C8H12O5,223,21026,1,3,5,5,True,True,cuda,NVIDIA GeForce RTX 4070 Laptop GPU
2026-05-02T15:15:16.919480,7A9E_R4W_ligand_start_conf__Orai1WT-START-Fr0_cleaned,Orai1WT-START-Fr0_cleaned,7A9E_R4W_ligand_start_conf,success,,15.71,35,15,15,5,0,108.16,6,14,3,0,0,0,2,34.14,0.05,C3H8O2S,223,21026,1,3,5,5,True,True,cuda,NVIDIA GeForce RTX 4070 Laptop GPU
2026-05-02T15:15:16.920741,7A9H_TPP_ligand_start_conf__Orai1WT-START-Fr0_cleaned,Orai1WT-START-Fr0_cleaned,7A9H_TPP_ligand_start_conf,success,,33.8,35,15,15,5,0,425.32,26,45,14,2,2,4,11,168.97,0.84,C12H19N4O7P2S+,223,21026,1,3,5,5,True,True,cuda,NVIDIA GeForce RTX 4070 Laptop GPU
2026-05-02T15:15:16.921965,7AA0_R6B_ligand_start_conf__Orai1WT-START-Fr0_cleaned,Orai1WT-START-Fr0_cleaned,7AA0_R6B_ligand_start_conf,success,,32.29,35,15,15,5,0,349.47,26,53,8,3,2,1,3,40.54,5.35,C23H27NO2,223,21026,1,3,5,5,True,True,cuda,NVIDIA GeForce RTX 4070 Laptop GPU
2026-05-02T15:15:16.923420,7AFX_R9K_ligand_start_conf__Orai1WT-START-Fr0_cleaned,Orai1WT-START-Fr0_cleaned,7AFX_R9K_ligand_start_conf,success,,17.71,35,15,15,5,0,285.73,20,32,3,3,3,2,2,53.09,4.49,C16H12ClNO2,223,21026,1,3,5,5,True,True,cuda,NVIDIA GeForce RTX 4070 Laptop GPU
2026-05-02T15:15:16.925011,7AKL_RK5_ligand_start_conf__Orai1WT-START-Fr0_cleaned,Orai1WT-START-Fr0_cleaned,7AKL_RK5_ligand_start_conf,success,,20.25,35,15,15,5,0,253.31,19,34,5,3,3,2,4,78.07,3.28,C15H15N3O,223,21026,1,3,5,5,True,True,cuda,NVIDIA GeForce RTX 4070 Laptop GPU
2026-05-02T15:15:16.926605,7AMC_73B_ligand_start_conf__Orai1WT-START-Fr0_cleaned,Orai1WT-START-Fr0_cleaned,7AMC_73B_ligand_start_conf,success,,27.71,35,15,15,5,0,434.92,31,54,6,4,3,2,4,69.64,6.0,C25H23ClN2O3,223,21026,1,3,5,5,True,True,cuda,NVIDIA GeForce RTX 4070 Laptop GPU
2026-05-02T15:15:16.927878,7AN5_RDH_ligand_start_conf__Orai1WT-START-Fr0_cleaned,Orai1WT-START-Fr0_cleaned,7AN5_RDH_ligand_start_conf,success,,13.6,35,15,15,5,0,208.17,15,23,4,1,1,2,5,83.83,1.36,C10H8O5,223,21026,1,3,5,5,True,True,cuda,NVIDIA GeForce RTX 4070 Laptop GPU
2026-05-02T15:15:16.929126,7AS1_21G_ligand_start_conf__Orai1WT-START-Fr0_cleaned,Orai1WT-START-Fr0_cleaned,7AS1_21G_ligand_start_conf,success,,21.23,35,15,15,5,0,399.4,29,48,4,6,3,3,6,103.79,3.6,C20H19F2N5O2,223,21026,1,3,5,5,True,True,cuda,NVIDIA GeForce RTX 4070 Laptop GPU
2026-05-02T15:15:16.930455,7AVI_S2Q_ligand_start_conf__Orai1WT-START-Fr0_cleaned,Orai1WT-START-Fr0_cleaned,7AVI_S2Q_ligand_start_conf,success,,34.52,35,15,15,5,0,388.45,27,47,9,3,3,2,6,128.18,2.48,C18H20N4O4S,223,21026,1,3,5,5,True,True,cuda,NVIDIA GeForce RTX 4070 Laptop GPU
2026-05-02T15:15:16.931854,7B0E_C2E_ligand_start_conf__Orai1WT-START-Fr0_cleaned,Orai1WT-START-Fr0_cleaned,7B0E_C2E_ligand_start_conf,success,,29.54,35,15,15,5,0,690.42,46,70,8,7,4,8,22,349.62,-3.05,C20H24N10O14P2,223,21026,1,3,5,5,True,True,cuda,NVIDIA GeForce RTX 4070 Laptop GPU
2026-05-02T15:15:16.933258,7B2C_TP7_ligand_start_conf__Orai1WT-START-Fr0_cleaned,Orai1WT-START-Fr0_cleaned,7B2C_TP7_ligand_start_conf,success,,42.86,35,15,15,5,0,343.34,21,43,15,0,0,5,8,133.16,0.93,C11H22NO7PS,223,21026,1,3,5,5,True,True,cuda,NVIDIA GeForce RTX 4070 Laptop GPU
2026-05-02T15:15:16.934720,7B94_ANP_ligand_start_conf__Orai1WT-START-Fr0_cleaned,Orai1WT-START-Fr0_cleaned,7B94_ANP_ligand_start_conf,success,,33.05,35,15,15,5,0,506.2,31,48,15,3,2,8,17,281.93,-2.06,C10H17N6O12P3,223,21026,1,3,5,5,True,True,cuda,NVIDIA GeForce RTX 4070 Laptop GPU
2026-05-02T15:15:16.936330,7BA0_T5H_ligand_start_conf__Orai1WT-START-Fr0_cleaned,Orai1WT-START-Fr0_cleaned,7BA0_T5H_ligand_start_conf,success,,40.92,35,15,15,5,0,761.91,55,110,14,7,3,2,11,142.45,6.18,C43H55NO11,223,21026,1,3,5,5,True,True,cuda,NVIDIA GeForce RTX 4070 Laptop GPU
2026-05-02T15:15:16.938045,7BCP_GCO_ligand_start_conf__Orai1WT-START-Fr0_cleaned,Orai1WT-START-Fr0_cleaned,7BCP_GCO_ligand_start_conf,success,,27.01,35,15,15,5,0,196.16,13,25,10,0,0,6,7,138.45,-3.49,C6H12O7,223,21026,1,3,5,5,True,True,cuda,NVIDIA GeForce RTX 4070 Laptop GPU
2026-05-02T15:15:16.939710,7BHX_TO5_ligand_start_conf__Orai1WT-START-Fr0_cleaned,Orai1WT-START-Fr0_cleaned,7BHX_TO5_ligand_start_conf,success,,19.29,35,15,15,5,0,300.75,21,34,4,3,3,0,5,51.02,2.5,C15H13ClN4O,223,21026,1,3,5,5,True,True,cuda,NVIDIA GeForce RTX 4070 Laptop GPU
2026-05-02T15:15:16.941205,7BJ6_TVK_ligand_start_conf__Orai1WT-START-Fr0_cleaned,Orai1WT-START-Fr0_cleaned,7BJ6_TVK_ligand_start_conf,success,,37.55,35,15,15,5,0,545.44,37,64,12,5,3,2,5,82.89,5.4,C28H27Cl2FN2O4,223,21026,1,3,5,5,True,True,cuda,NVIDIA GeForce RTX 4070 Laptop GPU
2026-05-02T15:15:16.942866,7BJJ_TVW_ligand_start_conf__Orai1WT-START-Fr0_cleaned,Orai1WT-START-Fr0_cleaned,7BJJ_TVW_ligand_start_conf,success,,9.28,35,15,15,5,0,135.13,10,15,1,2,2,2,4,80.48,-0.06,C5H5N5,223,21026,1,3,5,5,True,True,cuda,NVIDIA GeForce RTX 4070 Laptop GPU
2026-05-02T15:15:16.944407,7BKA_4JC_ligand_start_conf__Orai1WT-START-Fr0_cleaned,Orai1WT-START-Fr0_cleaned,7BKA_4JC_ligand_start_conf,success,,16.25,35,15,15,5,0,185.25,12,23,4,1,1,1,2,60.16,0.9,C8H11NO2S,223,21026,1,3,5,5,True,True,cuda,NVIDIA GeForce RTX 4070 Laptop GPU
2026-05-02T15:15:16.945973,7BLA_WCS_ligand_start_conf__Orai1WT-START-Fr0_cleaned,Orai1WT-START-Fr0_cleaned,7BLA_WCS_ligand_start_conf,success,,43.26,35,15,15,5,0,458.59,32,62,15,3,3,1,9,102.24,2.58,C22H30N6O3S,223,21026,1,3,5,5,True,True,cuda,NVIDIA GeForce RTX 4070 Laptop GPU
2026-05-02T15:15:16.947434,7BLG_GAL_ligand_start_conf__Orai1WT-START-Fr0_cleaned,Orai1WT-START-Fr0_cleaned,7BLG_GAL_ligand_start_conf,success,,17.69,35,15,15,5,0,180.16,12,24,6,1,0,5,6,110.38,-3.22,C6H12O6,223,21026,1,3,5,5,True,True,cuda,NVIDIA GeForce RTX 4070 Laptop GPU
2026-05-02T15:15:16.948881,7BMI_U4B_ligand_start_conf__Orai1WT-START-Fr0_cleaned,Orai1WT-START-Fr0_cleaned,7BMI_U4B_ligand_start_conf,success,,12.23,35,15,15,5,0,185.11,13,17,2,1,1,2,5,87.49,0.62,C7H4FNO4,223,21026,1,3,5,5,True,True,cuda,NVIDIA GeForce RTX 4070 Laptop GPU
2026-05-02T15:15:16.950342,7BNH_BEZ_ligand_start_conf__Orai1WT-START-Fr0_cleaned,Orai1WT-START-Fr0_cleaned,7BNH_BEZ_ligand_start_conf,success,,9.69,35,15,15,5,0,122.12,9,15,1,1,1,1,2,37.3,1.38,C7H6O2,223,21026,1,3,5,5,True,True,cuda,NVIDIA GeForce RTX 4070 Laptop GPU
2026-05-02T15:15:16.951760,7BTT_F8R_ligand_start_conf__Orai1WT-START-Fr0_cleaned,Orai1WT-START-Fr0_cleaned,7BTT_F8R_ligand_start_conf,success,,41.19,35,15,15,5,0,563.68,40,73,14,5,4,3,9,132.55,4.09,C28H33N7O4S,223,21026,1,3,5,5,True,True,cuda,NVIDIA GeForce RTX 4070 Laptop GPU
2026-05-02T15:15:16.953180,7C0U_FGO_ligand_start_conf__Orai1WT-START-Fr0_cleaned,Orai1WT-START-Fr0_cleaned,7C0U_FGO_ligand_start_conf,success,,35.89,35,15,15,5,0,629.48,43,71,14,6,3,8,18,299.59,-3.39,C22H28N7O13P,223,21026,1,3,5,5,True,True,cuda,NVIDIA GeForce RTX 4070 Laptop GPU
2026-05-02T15:15:16.954766,7C3U_AZG_ligand_start_conf__Orai1WT-START-Fr0_cleaned,Orai1WT-START-Fr0_cleaned,7C3U_AZG_ligand_start_conf,success,,9.96,35,15,15,5,0,152.12,11,15,2,2,2,3,6,113.6,-0.96,C4H4N6O,223,21026,1,3,5,5,True,True,cuda,NVIDIA GeForce RTX 4070 Laptop GPU
2026-05-02T15:15:16.956403,7C6P_SQH_ligand_start_conf__Orai1WT-START-Fr0_cleaned,Orai1WT-START-Fr0_cleaned,7C6P_SQH_ligand_start_conf,success,,16.67,35,15,15,5,0,286.24,21,31,5,3,3,4,6,111.13,2.28,C15H10O6,223,21026,1,3,5,5,True,True,cuda,NVIDIA GeForce RTX 4070 Laptop GPU
2026-05-02T15:15:16.957839,7C8Q_DSG_ligand_start_conf__Orai1WT-START-Fr0_cleaned,Orai1WT-START-Fr0_cleaned,7C8Q_DSG_ligand_start_conf,success,,17.65,35,15,15,5,0,132.12,9,17,4,0,0,3,4,106.41,-1.73,C4H8N2O3,223,21026,1,3,5,5,True,True,cuda,NVIDIA GeForce RTX 4070 Laptop GPU
2026-05-02T15:15:16.959225,7CD9_FVR_ligand_start_conf__Orai1WT-START-Fr0_cleaned,Orai1WT-START-Fr0_cleaned,7CD9_FVR_ligand_start_conf,success,,29.36,35,15,15,5,0,443.55,33,62,8,5,4,2,6,75.18,3.74,C26H29N5O2,223,21026,1,3,5,5,True,True,cuda,NVIDIA GeForce RTX 4070 Laptop GPU
2026-05-02T15:15:16.960588,7CIJ_G0C_ligand_start_conf__Orai1WT-START-Fr0_cleaned,Orai1WT-START-Fr0_cleaned,7CIJ_G0C_ligand_start_conf,success,,30.21,35,15,15,5,0,334.33,21,40,13,1,1,3,8,112.24,1.88,C12H19N2O5PS,223,21026,1,3,5,5,True,True,cuda,NVIDIA GeForce RTX 4070 Laptop GPU
2026-05-02T15:15:16.961964,7CL8_TES_ligand_start_conf__Orai1WT-START-Fr0_cleaned,Orai1WT-START-Fr0_cleaned,7CL8_TES_ligand_start_conf,success,,22.29,35,15,15,5,0,288.43,21,49,3,4,0,1,2,37.3,3.88,C19H28O2,223,21026,1,3,5,5,True,True,cuda,NVIDIA GeForce RTX 4070 Laptop GPU
2026-05-02T15:15:16.963329,7CNQ_G8X_ligand_start_conf__Orai1WT-START-Fr0_cleaned,Orai1WT-START-Fr0_cleaned,7CNQ_G8X_ligand_start_conf,success,,11.3,35,15,15,5,0,131.13,9,18,2,1,0,3,4,69.56,-1.21,C5H9NO3,223,21026,1,3,5,5,True,True,cuda,NVIDIA GeForce RTX 4070 Laptop GPU
2026-05-02T15:15:16.964705,7CNS_PMV_ligand_start_conf__Orai1WT-START-Fr0_cleaned,Orai1WT-START-Fr0_cleaned,7CNS_PMV_ligand_start_conf,success,,28.6,35,15,15,5,0,228.14,14,27,10,0,0,4,7,124.29,-0.29,C6H13O7P,223,21026,1,3,5,5,True,True,cuda,NVIDIA GeForce RTX 4070 Laptop GPU
2026-05-02T15:15:16.966168,7CTM_BDP_ligand_start_conf__Orai1WT-START-Fr0_cleaned,Orai1WT-START-Fr0_cleaned,7CTM_BDP_ligand_start_conf,success,,15.2,35,15,15,5,0,194.14,13,23,5,1,0,5,7,127.45,-3.13,C6H10O7,223,21026,1,3,5,5,True,True,cuda,NVIDIA GeForce RTX 4070 Laptop GPU
2026-05-02T15:15:16.967695,7CUO_PHB_ligand_start_conf__Orai1WT-START-Fr0_cleaned,Orai1WT-START-Fr0_cleaned,7CUO_PHB_ligand_start_conf,success,,10.74,35,15,15,5,0,138.12,10,16,2,1,1,2,3,57.53,1.09,C7H6O3,223,21026,1,3,5,5,True,True,cuda,NVIDIA GeForce RTX 4070 Laptop GPU
2026-05-02T15:15:16.969109,7D0P_1VU_ligand_start_conf__Orai1WT-START-Fr0_cleaned,Orai1WT-START-Fr0_cleaned,7D0P_1VU_ligand_start_conf,success,,65.55,35,15,15,5,0,823.61,52,92,30,3,2,9,23,363.63,-0.93,C24H40N7O17P3S,223,21026,1,3,5,5,True,True,cuda,NVIDIA GeForce RTX 4070 Laptop GPU
2026-05-02T15:15:16.970597,7D5C_GV6_ligand_start_conf__Orai1WT-START-Fr0_cleaned,Orai1WT-START-Fr0_cleaned,7D5C_GV6_ligand_start_conf,success,,39.6,35,15,15,5,0,460.38,31,56,15,3,2,5,14,218.16,-0.94,C16H25N6O8P,223,21026,1,3,5,5,True,True,cuda,NVIDIA GeForce RTX 4070 Laptop GPU
2026-05-02T15:15:16.972099,7D6O_MTE_ligand_start_conf__Orai1WT-START-Fr0_cleaned,Orai1WT-START-Fr0_cleaned,7D6O_MTE_ligand_start_conf,success,,22.28,35,15,15,5,0,395.36,24,38,8,3,1,8,12,171.82,-0.54,C10H14N5O6PS2,223,21026,1,3,5,5,True,True,cuda,NVIDIA GeForce RTX 4070 Laptop GPU
2026-05-02T15:15:16.973799,7D8Q_GZF_ligand_start_conf__Orai1WT-START-Fr0_cleaned,Orai1WT-START-Fr0_cleaned,7D8Q_GZF_ligand_start_conf,success,,27.44,35,15,15,5,0,459.27,28,43,13,3,2,7,16,235.76,-1.92,C10H15N5O10P2S,223,21026,1,3,5,5,True,True,cuda,NVIDIA GeForce RTX 4070 Laptop GPU
2026-05-02T15:15:16.975356,7D9L_GSF_ligand_start_conf__Orai1WT-START-Fr0_cleaned,Orai1WT-START-Fr0_cleaned,7D9L_GSF_ligand_start_conf,success,,37.91,35,15,15,5,0,339.33,22,39,12,0,0,6,9,196.12,-2.91,C10H17N3O8S,223,21026,1,3,5,5,True,True,cuda,NVIDIA GeForce RTX 4070 Laptop GPU
2026-05-02T15:15:16.976828,7DIN_MPO_ligand_start_conf__Orai1WT-START-Fr0_cleaned,Orai1WT-START-Fr0_cleaned,7DIN_MPO_ligand_start_conf,success,,24.33,35,15,15,5,0,209.27,13,28,5,1,0,1,5,66.84,-0.4,C7H15NO4S,223,21026,1,3,5,5,True,True,cuda,NVIDIA GeForce RTX 4070 Laptop GPU
2026-05-02T15:15:16.978297,7DKT_GLF_ligand_start_conf__Orai1WT-START-Fr0_cleaned,Orai1WT-START-Fr0_cleaned,7DKT_GLF_ligand_start_conf,success,,14.47,35,15,15,5,0,182.15,12,23,5,1,0,4,5,90.15,-2.24,C6H11FO5,223,21026,1,3,5,5,True,True,cuda,NVIDIA GeForce RTX 4070 Laptop GPU
2026-05-02T15:15:16.979799,7DQL_4CL_ligand_start_conf__Orai1WT-START-Fr0_cleaned,Orai1WT-START-Fr0_cleaned,7DQL_4CL_ligand_start_conf,success,,9.1,35,15,15,5,0,144.56,9,14,2,1,1,2,2,40.46,1.75,C6H5ClO2,223,21026,1,3,5,5,True,True,cuda,NVIDIA GeForce RTX 4070 Laptop GPU
2026-05-02T15:15:16.981322,7DUA_HJ0_ligand_start_conf__Orai1WT-START-Fr0_cleaned,Orai1WT-START-Fr0_cleaned,7DUA_HJ0_ligand_start_conf,success,,24.45,35,15,15,5,0,311.35,23,40,6,4,3,3,6,114.51,1.81,C15H17N7O,223,21026,1,3,5,5,True,True,cuda,NVIDIA GeForce RTX 4070 Laptop GPU
2026-05-02T15:15:16.982769,7E2S_BLA_ligand_start_conf__Orai1WT-START-Fr0_cleaned,Orai1WT-START-Fr0_cleaned,7E2S_BLA_ligand_start_conf,success,,43.83,35,15,15,5,0,582.66,43,77,15,4,1,5,7,160.95,4.81,C33H34N4O6,223,21026,1,3,5,5,True,True,cuda,NVIDIA GeForce RTX 4070 Laptop GPU
2026-05-02T15:15:16.984155,7E4L_MDN_ligand_start_conf__Orai1WT-START-Fr0_cleaned,Orai1WT-START-Fr0_cleaned,7E4L_MDN_ligand_start_conf,success,,16.0,35,15,15,5,0,176.0,9,15,6,0,0,4,6,115.06,-0.7,CH6O6P2,223,21026,1,3,5,5,True,True,cuda,NVIDIA GeForce RTX 4070 Laptop GPU
2026-05-02T15:15:16.985701,7EBG_J0L_ligand_start_conf__Orai1WT-START-Fr0_cleaned,Orai1WT-START-Fr0_cleaned,7EBG_J0L_ligand_start_conf,success,,20.63,35,15,15,5,0,190.25,14,28,4,2,1,2,2,41.13,1.96,C11H14N2O,223,21026,1,3,5,5,True,True,cuda,NVIDIA GeForce RTX 4070 Laptop GPU
2026-05-02T15:15:16.987211,7ECR_SIN_ligand_start_conf__Orai1WT-START-Fr0_cleaned,Orai1WT-START-Fr0_cleaned,7ECR_SIN_ligand_start_conf,success,,14.78,35,15,15,5,0,118.09,8,14,3,0,0,2,4,74.6,-0.06,C4H6O4,223,21026,1,3,5,5,True,True,cuda,NVIDIA GeForce RTX 4070 Laptop GPU
2026-05-02T15:15:16.989005,7ED2_A3P_ligand_start_conf__Orai1WT-START-Fr0_cleaned,Orai1WT-START-Fr0_cleaned,7ED2_A3P_ligand_start_conf,success,,28.55,35,15,15,5,0,427.2,27,42,12,3,2,6,15,232.6,-1.75,C10H15N5O10P2,223,21026,1,3,5,5,True,True,cuda,NVIDIA GeForce RTX 4070 Laptop GPU
2026-05-02T15:15:16.990865,7ELT_TYM_ligand_start_conf__Orai1WT-START-Fr0_cleaned,Orai1WT-START-Fr0_cleaned,7ELT_TYM_ligand_start_conf,success,,34.78,35,15,15,5,0,533.44,37,61,13,5,4,6,14,233.95,-0.26,C21H24N7O8P,223,21026,1,3,5,5,True,True,cuda,NVIDIA GeForce RTX 4070 Laptop GPU
2026-05-02T15:15:16.992446,7EN7_J79_ligand_start_conf__Orai1WT-START-Fr0_cleaned,Orai1WT-START-Fr0_cleaned,7EN7_J79_ligand_start_conf,success,,33.91,35,15,15,5,0,373.25,24,44,13,1,0,6,11,192.08,-2.46,C11H20NO11P,223,21026,1,3,5,5,True,True,cuda,NVIDIA GeForce RTX 4070 Laptop GPU
2026-05-02T15:15:16.993894,7EPV_FDA_ligand_start_conf__Orai1WT-START-Fr0_cleaned,Orai1WT-START-Fr0_cleaned,7EPV_FDA_ligand_start_conf,success,,53.29,35,15,15,5,0,787.57,53,88,23,6,4,11,22,363.28,-1.75,C27H35N9O15P2,223,21026,1,3,5,5,True,True,cuda,NVIDIA GeForce RTX 4070 Laptop GPU
2026-05-02T15:15:16.995286,7ES1_UDP_ligand_start_conf__Orai1WT-START-Fr0_cleaned,Orai1WT-START-Fr0_cleaned,7ES1_UDP_ligand_start_conf,success,,26.8,35,15,15,5,0,404.16,25,39,11,2,1,6,13,217.84,-2.62,C9H14N2O12P2,223,21026,1,3,5,5,True,True,cuda,NVIDIA GeForce RTX 4070 Laptop GPU
2026-05-02T15:15:16.997196,7F51_BA7_ligand_start_conf__Orai1WT-START-Fr0_cleaned,Orai1WT-START-Fr0_cleaned,7F51_BA7_ligand_start_conf,success,,38.67,35,15,15,5,0,663.43,44,71,18,5,3,7,20,297.59,-1.42,C22H27N5O15P2,223,21026,1,3,5,5,True,True,cuda,NVIDIA GeForce RTX 4070 Laptop GPU
2026-05-02T15:15:16.998843,7F5D_EUO_ligand_start_conf__Orai1WT-START-Fr0_cleaned,Orai1WT-START-Fr0_cleaned,7F5D_EUO_ligand_start_conf,success,,22.28,35,15,15,5,0,302.36,21,35,5,3,3,2,5,87.74,2.07,C14H14N4O2S,223,21026,1,3,5,5,True,True,cuda,NVIDIA GeForce RTX 4070 Laptop GPU
2026-05-02T15:15:17.000230,7F8T_FAD_ligand_start_conf__Orai1WT-START-Fr0_cleaned,Orai1WT-START-Fr0_cleaned,7F8T_FAD_ligand_start_conf,success,,52.48,35,15,15,5,0,785.56,53,86,23,6,3,9,23,362.93,-2.42,C27H33N9O15P2,223,21026,1,3,5,5,True,True,cuda,NVIDIA GeForce RTX 4070 Laptop GPU
2026-05-02T15:15:17.001557,7FB7_8NF_ligand_start_conf__Orai1WT-START-Fr0_cleaned,Orai1WT-START-Fr0_cleaned,7FB7_8NF_ligand_start_conf,success,,12.74,35,15,15,5,0,122.17,9,19,3,1,1,1,2,38.91,1.28,C7H10N2,223,21026,1,3,5,5,True,True,cuda,NVIDIA GeForce RTX 4070 Laptop GPU
2026-05-02T15:15:17.002908,7FHA_ADX_ligand_start_conf__Orai1WT-START-Fr0_cleaned,Orai1WT-START-Fr0_cleaned,7FHA_ADX_ligand_start_conf,success,,26.5,35,15,15,5,0,427.29,27,41,11,3,2,5,15,229.44,-2.04,C10H14N5O10PS,223,21026,1,3,5,5,True,True,cuda,NVIDIA GeForce RTX 4070 Laptop GPU
2026-05-02T15:15:17.004240,7FRX_O88_ligand_start_conf__Orai1WT-START-Fr0_cleaned,Orai1WT-START-Fr0_cleaned,7FRX_O88_ligand_start_conf,success,,28.74,35,15,15,5,0,451.48,30,47,10,3,3,5,8,161.23,1.82,C19H17NO8S2,223,21026,1,3,5,5,True,True,cuda,NVIDIA GeForce RTX 4070 Laptop GPU
2026-05-02T15:15:17.005607,7FT9_4MB_ligand_start_conf__Orai1WT-START-Fr0_cleaned,Orai1WT-START-Fr0_cleaned,7FT9_4MB_ligand_start_conf,success,,16.59,35,15,15,5,0,215.23,14,23,4,1,1,2,4,83.47,0.76,C8H9NO4S,223,21026,1,3,5,5,True,True,cuda,NVIDIA GeForce RTX 4070 Laptop GPU
2026-05-02T15:15:17.007062,7JG0_GAR_ligand_start_conf__Orai1WT-START-Fr0_cleaned,Orai1WT-START-Fr0_cleaned,7JG0_GAR_ligand_start_conf,success,,25.39,35,15,15,5,0,284.16,18,31,8,1,0,4,9,177.23,-4.65,C7H13N2O8P-2,223,21026,1,3,5,5,True,True,cuda,NVIDIA GeForce RTX 4070 Laptop GPU
2026-05-02T15:15:17.008506,7JGW_V9S_ligand_start_conf__Orai1WT-START-Fr0_cleaned,Orai1WT-START-Fr0_cleaned,7JGW_V9S_ligand_start_conf,success,,37.47,35,15,15,5,0,617.73,45,76,11,6,5,3,9,125.8,6.61,C35H31N5O4S,223,21026,1,3,5,5,True,True,cuda,NVIDIA GeForce RTX 4070 Laptop GPU
2026-05-02T15:15:17.010076,7JHQ_VAJ_ligand_start_conf__Orai1WT-START-Fr0_cleaned,Orai1WT-START-Fr0_cleaned,7JHQ_VAJ_ligand_start_conf,success,,14.88,35,15,15,5,0,242.23,18,28,3,2,2,2,4,74.6,2.75,C14H10O4,223,21026,1,3,5,5,True,True,cuda,NVIDIA GeForce RTX 4070 Laptop GPU
2026-05-02T15:15:17.011700,7JMV_4NC_ligand_start_conf__Orai1WT-START-Fr0_cleaned,Orai1WT-START-Fr0_cleaned,7JMV_4NC_ligand_start_conf,success,,10.96,35,15,15,5,0,155.11,11,16,3,1,1,2,4,83.6,1.01,C6H5NO4,223,21026,1,3,5,5,True,True,cuda,NVIDIA GeForce RTX 4070 Laptop GPU
2026-05-02T15:15:17.013130,7JNB_A2G_ligand_start_conf__Orai1WT-START-Fr0_cleaned,Orai1WT-START-Fr0_cleaned,7JNB_A2G_ligand_start_conf,success,,24.9,35,15,15,5,0,221.21,15,30,7,1,0,5,6,119.25,-3.08,C8H15NO6,223,21026,1,3,5,5,True,True,cuda,NVIDIA GeForce RTX 4070 Laptop GPU
2026-05-02T15:15:17.014601,7JR8_VH7_ligand_start_conf__Orai1WT-START-Fr0_cleaned,Orai1WT-START-Fr0_cleaned,7JR8_VH7_ligand_start_conf,success,,30.29,35,15,15,5,0,377.49,28,55,7,4,3,2,4,66.63,4.06,C23H27N3O2,223,21026,1,3,5,5,True,True,cuda,NVIDIA GeForce RTX 4070 Laptop GPU
2026-05-02T15:15:17.016188,7JUD_MMA_ligand_start_conf__Orai1WT-START-Fr0_cleaned,Orai1WT-START-Fr0_cleaned,7JUD_MMA_ligand_start_conf,success,,19.97,35,15,15,5,0,194.18,13,27,7,1,0,4,6,99.38,-2.57,C7H14O6,223,21026,1,3,5,5,True,True,cuda,NVIDIA GeForce RTX 4070 Laptop GPU
2026-05-02T15:15:17.017710,7JXX_VP7_ligand_start_conf__Orai1WT-START-Fr0_cleaned,Orai1WT-START-Fr0_cleaned,7JXX_VP7_ligand_start_conf,success,,22.85,35,15,15,5,0,332.41,25,45,4,4,3,3,4,87.82,2.82,C20H20N4O,223,21026,1,3,5,5,True,True,cuda,NVIDIA GeForce RTX 4070 Laptop GPU
2026-05-02T15:15:17.019035,7JY3_VUD_ligand_start_conf__Orai1WT-START-Fr0_cleaned,Orai1WT-START-Fr0_cleaned,7JY3_VUD_ligand_start_conf,success,,23.33,35,15,15,5,0,365.37,27,43,6,4,4,2,6,98.82,2.97,C19H16FN5O2,223,21026,1,3,5,5,True,True,cuda,NVIDIA GeForce RTX 4070 Laptop GPU
2026-05-02T15:15:17.020320,7K0V_VQP_ligand_start_conf__Orai1WT-START-Fr0_cleaned,Orai1WT-START-Fr0_cleaned,7K0V_VQP_ligand_start_conf,success,,39.66,35,15,15,5,0,443.5,32,59,7,3,3,3,5,88.05,4.82,C23H27F2N5O2,223,21026,1,3,5,5,True,True,cuda,NVIDIA GeForce RTX 4070 Laptop GPU
2026-05-02T15:15:17.021643,7K41_VUA_ligand_start_conf__Orai1WT-START-Fr0_cleaned,Orai1WT-START-Fr0_cleaned,7K41_VUA_ligand_start_conf,success,,26.31,35,15,15,5,0,296.42,22,46,6,3,2,1,4,41.05,3.37,C18H24N4,223,21026,1,3,5,5,True,True,cuda,NVIDIA GeForce RTX 4070 Laptop GPU
2026-05-02T15:15:17.022975,7KB1_WBJ_ligand_start_conf__Orai1WT-START-Fr0_cleaned,Orai1WT-START-Fr0_cleaned,7KB1_WBJ_ligand_start_conf,success,,27.09,35,15,15,5,0,330.23,22,37,11,1,1,4,9,149.54,0.92,C12H15N2O7P,223,21026,1,3,5,5,True,True,cuda,NVIDIA GeForce RTX 4070 Laptop GPU
2026-05-02T15:15:17.024242,7KC5_BJZ_ligand_start_conf__Orai1WT-START-Fr0_cleaned,Orai1WT-START-Fr0_cleaned,7KC5_BJZ_ligand_start_conf,success,,24.2,35,15,15,5,0,536.38,37,56,5,5,3,1,7,117.84,4.4,C26H19Cl2N5O4,223,21026,1,3,5,5,True,True,cuda,NVIDIA GeForce RTX 4070 Laptop GPU
2026-05-02T15:15:17.025499,7KFO_IAC_ligand_start_conf__Orai1WT-START-Fr0_cleaned,Orai1WT-START-Fr0_cleaned,7KFO_IAC_ligand_start_conf,success,,13.11,35,15,15,5,0,175.19,13,22,2,2,2,2,2,53.09,1.79,C10H9NO2,223,21026,1,3,5,5,True,True,cuda,NVIDIA GeForce RTX 4070 Laptop GPU
2026-05-02T15:15:17.026840,7KLX_WOV_ligand_start_conf__Orai1WT-START-Fr0_cleaned,Orai1WT-START-Fr0_cleaned,7KLX_WOV_ligand_start_conf,success,,20.31,35,15,15,5,0,231.25,17,30,5,2,2,2,4,62.46,2.5,C13H13NO3,223,21026,1,3,5,5,True,True,cuda,NVIDIA GeForce RTX 4070 Laptop GPU
2026-05-02T15:15:17.028303,7KM8_WPD_ligand_start_conf__Orai1WT-START-Fr0_cleaned,Orai1WT-START-Fr0_cleaned,7KM8_WPD_ligand_start_conf,success,,43.31,35,15,15,5,0,410.42,29,53,14,2,2,3,8,133.58,2.56,C19H24F2N4O4,223,21026,1,3,5,5,True,True,cuda,NVIDIA GeForce RTX 4070 Laptop GPU
2026-05-02T15:15:17.029900,7KP6_WTP_ligand_start_conf__Orai1WT-START-Fr0_cleaned,Orai1WT-START-Fr0_cleaned,7KP6_WTP_ligand_start_conf,success,,28.87,35,15,15,5,0,402.93,28,55,7,4,2,2,7,65.55,3.22,C20H27ClN6O,223,21026,1,3,5,5,True,True,cuda,NVIDIA GeForce RTX 4070 Laptop GPU
2026-05-02T15:15:17.031225,7KQU_YOF_ligand_start_conf__Orai1WT-START-Fr0_cleaned,Orai1WT-START-Fr0_cleaned,7KQU_YOF_ligand_start_conf,success,,18.39,35,15,15,5,0,199.18,14,24,5,1,1,3,4,83.55,0.49,C9H10FNO3,223,21026,1,3,5,5,True,True,cuda,NVIDIA GeForce RTX 4070 Laptop GPU
2026-05-02T15:15:17.032586,7KRU_ATP_ligand_start_conf__Orai1WT-START-Fr0_cleaned,Orai1WT-START-Fr0_cleaned,7KRU_ATP_ligand_start_conf,success,,34.6,35,15,15,5,0,507.18,31,47,15,3,2,7,18,279.13,-1.63,C10H16N5O13P3,223,21026,1,3,5,5,True,True,cuda,NVIDIA GeForce RTX 4070 Laptop GPU
2026-05-02T15:15:17.034005,7KZ9_XN7_ligand_start_conf__Orai1WT-START-Fr0_cleaned,Orai1WT-START-Fr0_cleaned,7KZ9_XN7_ligand_start_conf,success,,23.14,35,15,15,5,0,162.19,11,25,8,0,0,4,4,81.59,-2.32,C6H14N2O3,223,21026,1,3,5,5,True,True,cuda,NVIDIA GeForce RTX 4070 Laptop GPU
2026-05-02T15:15:17.035368,7L00_XCJ_ligand_start_conf__Orai1WT-START-Fr0_cleaned,Orai1WT-START-Fr0_cleaned,7L00_XCJ_ligand_start_conf,success,,28.31,35,15,15,5,0,418.52,27,41,6,4,4,1,8,93.95,3.13,C17H14N4O3S3,223,21026,1,3,5,5,True,True,cuda,NVIDIA GeForce RTX 4070 Laptop GPU
2026-05-02T15:15:17.036672,7L03_F9F_ligand_start_conf__Orai1WT-START-Fr0_cleaned,Orai1WT-START-Fr0_cleaned,7L03_F9F_ligand_start_conf,success,,26.81,35,15,15,5,0,365.22,22,33,9,1,1,3,7,122.16,0.97,C9H11F3NO7PS,223,21026,1,3,5,5,True,True,cuda,NVIDIA GeForce RTX 4070 Laptop GPU
2026-05-02T15:15:17.037907,7L5F_XNG_ligand_start_conf__Orai1WT-START-Fr0_cleaned,Orai1WT-START-Fr0_cleaned,7L5F_XNG_ligand_start_conf,success,,47.27,35,15,15,5,0,257.37,18,45,13,0,0,2,3,66.4,3.11,C14H27NO3,223,21026,1,3,5,5,True,True,cuda,NVIDIA GeForce RTX 4070 Laptop GPU
2026-05-02T15:15:17.039147,7L6D_BMF_ligand_start_conf__Orai1WT-START-Fr0_cleaned,Orai1WT-START-Fr0_cleaned,7L6D_BMF_ligand_start_conf,success,,32.71,35,15,15,5,0,404.45,28,48,9,3,3,2,8,127.58,2.35,C17H20N6O4S,223,21026,1,3,5,5,True,True,cuda,NVIDIA GeForce RTX 4070 Laptop GPU
2026-05-02T15:15:17.040492,7L7C_XQ1_ligand_start_conf__Orai1WT-START-Fr0_cleaned,Orai1WT-START-Fr0_cleaned,7L7C_XQ1_ligand_start_conf,success,,21.87,35,15,15,5,0,282.29,21,35,5,3,3,1,4,59.67,3.74,C17H14O4,223,21026,1,3,5,5,True,True,cuda,NVIDIA GeForce RTX 4070 Laptop GPU
2026-05-02T15:15:17.041864,7L81_UD4_ligand_start_conf__Orai1WT-START-Fr0_cleaned,Orai1WT-START-Fr0_cleaned,7L81_UD4_ligand_start_conf,success,,43.48,35,15,15,5,0,590.37,38,66,17,3,1,8,17,291.42,-3.66,C17H28N4O15P2,223,21026,1,3,5,5,True,True,cuda,NVIDIA GeForce RTX 4070 Laptop GPU
2026-05-02T15:15:17.043119,7LB3_XXS_ligand_start_conf__Orai1WT-START-Fr0_cleaned,Orai1WT-START-Fr0_cleaned,7LB3_XXS_ligand_start_conf,success,,28.72,35,15,15,5,0,412.52,29,53,6,5,3,2,7,107.85,2.91,C20H24N6O2S,223,21026,1,3,5,5,True,True,cuda,NVIDIA GeForce RTX 4070 Laptop GPU
2026-05-02T15:15:17.044380,7LCU_XTA_ligand_start_conf__Orai1WT-START-Fr0_cleaned,Orai1WT-START-Fr0_cleaned,7LCU_XTA_ligand_start_conf,success,,32.58,35,15,15,5,0,571.51,39,71,9,5,3,1,9,94.92,5.08,C28H32Cl2N6O3,223,21026,1,3,5,5,True,True,cuda,NVIDIA GeForce RTX 4070 Laptop GPU
2026-05-02T15:15:17.045906,7LEV_0JO_ligand_start_conf__Orai1WT-START-Fr0_cleaned,Orai1WT-START-Fr0_cleaned,7LEV_0JO_ligand_start_conf,success,,24.46,35,15,15,5,0,316.21,21,34,10,1,1,4,9,149.54,0.72,C11H13N2O7P,223,21026,1,3,5,5,True,True,cuda,NVIDIA GeForce RTX 4070 Laptop GPU
2026-05-02T15:15:17.047257,7LJN_GTP_ligand_start_conf__Orai1WT-START-Fr0_cleaned,Orai1WT-START-Fr0_cleaned,7LJN_GTP_ligand_start_conf,success,,34.27,35,15,15,5,0,523.18,32,48,15,3,2,8,18,299.1,-2.34,C10H16N5O14P3,223,21026,1,3,5,5,True,True,cuda,NVIDIA GeForce RTX 4070 Laptop GPU
2026-05-02T15:15:17.048509,7LMO_NYO_ligand_start_conf__Orai1WT-START-Fr0_cleaned,Orai1WT-START-Fr0_cleaned,7LMO_NYO_ligand_start_conf,success,,39.22,35,15,15,5,0,506.56,37,67,10,5,3,2,7,131.85,2.05,C26H30N6O5,223,21026,1,3,5,5,True,True,cuda,NVIDIA GeForce RTX 4070 Laptop GPU
2026-05-02T15:15:17.049743,7LOE_Y84_ligand_start_conf__Orai1WT-START-Fr0_cleaned,Orai1WT-START-Fr0_cleaned,7LOE_Y84_ligand_start_conf,success,,8.23,35,15,15,5,0,146.16,11,18,0,2,2,0,0,0.0,2.98,C10H7F,223,21026,1,3,5,5,True,True,cuda,NVIDIA GeForce RTX 4070 Laptop GPU
2026-05-02T15:15:17.050952,7LOU_IFM_ligand_start_conf__Orai1WT-START-Fr0_cleaned,Orai1WT-START-Fr0_cleaned,7LOU_IFM_ligand_start_conf,success,,14.36,35,15,15,5,0,147.17,10,23,4,1,0,4,4,72.72,-2.08,C6H13NO3,223,21026,1,3,5,5,True,True,cuda,NVIDIA GeForce RTX 4070 Laptop GPU
2026-05-02T15:15:17.052570,7LT0_ONJ_ligand_start_conf__Orai1WT-START-Fr0_cleaned,Orai1WT-START-Fr0_cleaned,7LT0_ONJ_ligand_start_conf,success,,23.18,35,15,15,5,0,375.49,27,48,6,4,3,1,3,40.54,5.32,C23H21NO2S,223,21026,1,3,5,5,True,True,cuda,NVIDIA GeForce RTX 4070 Laptop GPU
2026-05-02T15:15:17.054056,7LZD_YHY_ligand_start_conf__Orai1WT-START-Fr0_cleaned,Orai1WT-START-Fr0_cleaned,7LZD_YHY_ligand_start_conf,success,,29.0,35,15,15,5,0,394.49,29,56,7,4,3,2,3,51.37,4.4,C23H27FN4O,223,21026,1,3,5,5,True,True,cuda,NVIDIA GeForce RTX 4070 Laptop GPU
2026-05-02T15:15:17.055349,7LZQ_YJV_ligand_start_conf__Orai1WT-START-Fr0_cleaned,Orai1WT-START-Fr0_cleaned,7LZQ_YJV_ligand_start_conf,success,,21.71,35,15,15,5,0,316.75,22,35,4,3,3,1,5,68.92,2.03,C15H13ClN4O2,223,21026,1,3,5,5,True,True,cuda,NVIDIA GeForce RTX 4070 Laptop GPU
2026-05-02T15:15:17.056684,7M31_TDR_ligand_start_conf__Orai1WT-START-Fr0_cleaned,Orai1WT-START-Fr0_cleaned,7M31_TDR_ligand_start_conf,success,,10.51,35,15,15,5,0,126.11,9,15,1,1,1,2,2,65.72,-0.63,C5H6N2O2,223,21026,1,3,5,5,True,True,cuda,NVIDIA GeForce RTX 4070 Laptop GPU
2026-05-02T15:15:17.058068,7M3H_YPV_ligand_start_conf__Orai1WT-START-Fr0_cleaned,Orai1WT-START-Fr0_cleaned,7M3H_YPV_ligand_start_conf,success,,31.91,35,15,15,5,0,349.41,24,43,9,2,2,3,5,103.7,3.23,C17H19NO5S,223,21026,1,3,5,5,True,True,cuda,NVIDIA GeForce RTX 4070 Laptop GPU
2026-05-02T15:15:17.059740,7M41_YQG_ligand_start_conf__Orai1WT-START-Fr0_cleaned,Orai1WT-START-Fr0_cleaned,7M41_YQG_ligand_start_conf,success,,24.98,35,15,15,5,0,469.91,32,48,6,5,5,3,7,137.9,3.03,C20H16ClN7O3S,223,21026,1,3,5,5,True,True,cuda,NVIDIA GeForce RTX 4070 Laptop GPU
2026-05-02T15:15:17.061419,7M6K_YRJ_ligand_start_conf__Orai1WT-START-Fr0_cleaned,Orai1WT-START-Fr0_cleaned,7M6K_YRJ_ligand_start_conf,success,,34.81,35,15,15,5,0,485.37,33,55,12,3,2,6,10,204.6,-0.07,C18H22N4O10P+,223,21026,1,3,5,5,True,True,cuda,NVIDIA GeForce RTX 4070 Laptop GPU
2026-05-02T15:15:17.063083,7MAE_XUS_ligand_start_conf__Orai1WT-START-Fr0_cleaned,Orai1WT-START-Fr0_cleaned,7MAE_XUS_ligand_start_conf,success,,67.44,35,15,15,5,0,727.81,49,99,25,4,2,3,12,185.18,4.37,C33H50N3O11PS,223,21026,1,3,5,5,True,True,cuda,NVIDIA GeForce RTX 4070 Laptop GPU
2026-05-02T15:15:17.064801,7MEU_MGP_ligand_start_conf__Orai1WT-START-Fr0_cleaned,Orai1WT-START-Fr0_cleaned,7MEU_MGP_ligand_start_conf,success,,33.52,35,15,15,5,0,538.22,33,52,16,3,2,8,17,290.09,-2.91,C11H19N5O14P3+,223,21026,1,3,5,5,True,True,cuda,NVIDIA GeForce RTX 4070 Laptop GPU
2026-05-02T15:15:17.066576,7MFP_Z7P_ligand_start_conf__Orai1WT-START-Fr0_cleaned,Orai1WT-START-Fr0_cleaned,7MFP_Z7P_ligand_start_conf,success,,46.57,35,15,15,5,0,778.45,50,83,24,4,2,10,23,368.77,-2.62,C23H33N4O20P3,223,21026,1,3,5,5,True,True,cuda,NVIDIA GeForce RTX 4070 Laptop GPU
2026-05-02T15:15:17.068270,7MGT_ZD4_ligand_start_conf__Orai1WT-START-Fr0_cleaned,Orai1WT-START-Fr0_cleaned,7MGT_ZD4_ligand_start_conf,success,,27.47,35,15,15,5,0,461.65,28,42,12,3,2,6,15,232.6,-1.09,C10H14ClN5O10P2,223,21026,1,3,5,5,True,True,cuda,NVIDIA GeForce RTX 4070 Laptop GPU
2026-05-02T15:15:17.069880,7MGY_ZD1_ligand_start_conf__Orai1WT-START-Fr0_cleaned,Orai1WT-START-Fr0_cleaned,7MGY_ZD1_ligand_start_conf,success,,28.55,35,15,15,5,0,337.32,23,46,12,2,0,8,10,186.09,-4.85,C13H23NO9,223,21026,1,3,5,5,True,True,cuda,NVIDIA GeForce RTX 4070 Laptop GPU
2026-05-02T15:15:17.071637,7MMH_ZJY_ligand_start_conf__Orai1WT-START-Fr0_cleaned,Orai1WT-START-Fr0_cleaned,7MMH_ZJY_ligand_start_conf,success,,47.03,35,15,15,5,0,820.89,57,104,12,7,2,3,11,195.22,4.13,C38H47F3N6O9S,223,21026,1,3,5,5,True,True,cuda,NVIDIA GeForce RTX 4070 Laptop GPU
2026-05-02T15:15:17.073097,7MOI_HPS_ligand_start_conf__Orai1WT-START-Fr0_cleaned,Orai1WT-START-Fr0_cleaned,7MOI_HPS_ligand_start_conf,success,,12.03,35,15,15,5,0,174.09,11,18,4,1,1,2,4,66.76,1.16,C6H7O4P,223,21026,1,3,5,5,True,True,cuda,NVIDIA GeForce RTX 4070 Laptop GPU
2026-05-02T15:15:17.074537,7MRH_ZMJ_ligand_start_conf__Orai1WT-START-Fr0_cleaned,Orai1WT-START-Fr0_cleaned,7MRH_ZMJ_ligand_start_conf,success,,26.63,35,15,15,5,0,342.42,24,42,6,3,3,1,4,68.17,2.97,C18H18N2O3S,223,21026,1,3,5,5,True,True,cuda,NVIDIA GeForce RTX 4070 Laptop GPU
2026-05-02T15:15:17.076027,7MS7_ZQ1_ligand_start_conf__Orai1WT-START-Fr0_cleaned,Orai1WT-START-Fr0_cleaned,7MS7_ZQ1_ligand_start_conf,success,,26.81,35,15,15,5,0,437.9,29,49,6,3,2,2,6,116.67,2.12,C19H20ClN3O5S,223,21026,1,3,5,5,True,True,cuda,NVIDIA GeForce RTX 4070 Laptop GPU
2026-05-02T15:15:17.077372,7MSR_DCA_ligand_start_conf__Orai1WT-START-Fr0_cleaned,Orai1WT-START-Fr0_cleaned,7MSR_DCA_ligand_start_conf,success,,60.73,35,15,15,5,0,735.47,47,83,27,3,2,9,21,346.56,-1.58,C21H36N7O16P3,223,21026,1,3,5,5,True,True,cuda,NVIDIA GeForce RTX 4070 Laptop GPU
2026-05-02T15:15:17.078788,7MWN_WI5_ligand_start_conf__Orai1WT-START-Fr0_cleaned,Orai1WT-START-Fr0_cleaned,7MWN_WI5_ligand_start_conf,success,,26.6,35,15,15,5,0,426.52,32,58,5,6,4,0,5,43.7,4.6,C27H26N2O3,223,21026,1,3,5,5,True,True,cuda,NVIDIA GeForce RTX 4070 Laptop GPU
2026-05-02T15:15:17.080173,7MWU_ZPM_ligand_start_conf__Orai1WT-START-Fr0_cleaned,Orai1WT-START-Fr0_cleaned,7MWU_ZPM_ligand_start_conf,success,,10.68,35,15,15,5,0,100.12,7,15,1,1,0,1,2,37.3,0.87,C5H8O2,223,21026,1,3,5,5,True,True,cuda,NVIDIA GeForce RTX 4070 Laptop GPU
2026-05-02T15:15:17.081478,7MY1_IPE_ligand_start_conf__Orai1WT-START-Fr0_cleaned,Orai1WT-START-Fr0_cleaned,7MY1_IPE_ligand_start_conf,success,,21.44,35,15,15,5,0,246.09,14,26,10,0,0,3,7,113.29,1.18,C5H12O7P2,223,21026,1,3,5,5,True,True,cuda,NVIDIA GeForce RTX 4070 Laptop GPU
2026-05-02T15:15:17.082863,7MYU_ZR7_ligand_start_conf__Orai1WT-START-Fr0_cleaned,Orai1WT-START-Fr0_cleaned,7MYU_ZR7_ligand_start_conf,success,,26.06,35,15,15,5,0,498.52,35,55,6,5,3,2,10,131.51,2.2,C22H20F2N8O2S,223,21026,1,3,5,5,True,True,cuda,NVIDIA GeForce RTX 4070 Laptop GPU
2026-05-02T15:15:17.084461,7MZS_GLA_ligand_start_conf__Orai1WT-START-Fr0_cleaned,Orai1WT-START-Fr0_cleaned,7MZS_GLA_ligand_start_conf,success,,16.73,35,15,15,5,0,180.16,12,24,6,1,0,5,6,110.38,-3.22,C6H12O6,223,21026,1,3,5,5,True,True,cuda,NVIDIA GeForce RTX 4070 Laptop GPU
2026-05-02T15:15:17.085854,7N03_ZRP_ligand_start_conf__Orai1WT-START-Fr0_cleaned,Orai1WT-START-Fr0_cleaned,7N03_ZRP_ligand_start_conf,success,,38.44,35,15,15,5,0,376.5,28,56,11,3,3,3,4,66.05,5.33,C23H28N4O,223,21026,1,3,5,5,True,True,cuda,NVIDIA GeForce RTX 4070 Laptop GPU
2026-05-02T15:15:17.087142,7N4N_0BK_ligand_start_conf__Orai1WT-START-Fr0_cleaned,Orai1WT-START-Fr0_cleaned,7N4N_0BK_ligand_start_conf,success,,34.99,35,15,15,5,0,467.5,32,55,9,3,2,2,8,136.63,2.0,C20H23F2N5O4S,223,21026,1,3,5,5,True,True,cuda,NVIDIA GeForce RTX 4070 Laptop GPU
2026-05-02T15:15:17.088512,7N4W_P4V_ligand_start_conf__Orai1WT-START-Fr0_cleaned,Orai1WT-START-Fr0_cleaned,7N4W_P4V_ligand_start_conf,success,,22.44,35,15,15,5,0,355.43,26,51,8,4,2,0,5,40.16,3.38,C21H25NO4,223,21026,1,3,5,5,True,True,cuda,NVIDIA GeForce RTX 4070 Laptop GPU
2026-05-02T15:15:17.089878,7N6F_0I1_ligand_start_conf__Orai1WT-START-Fr0_cleaned,Orai1WT-START-Fr0_cleaned,7N6F_0I1_ligand_start_conf,success,,20.71,35,15,15,5,0,358.39,26,46,3,4,2,0,4,49.33,2.68,C19H20F2N4O,223,21026,1,3,5,5,True,True,cuda,NVIDIA GeForce RTX 4070 Laptop GPU
2026-05-02T15:15:17.091280,7N7B_T3F_ligand_start_conf__Orai1WT-START-Fr0_cleaned,Orai1WT-START-Fr0_cleaned,7N7B_T3F_ligand_start_conf,success,,36.94,35,15,15,5,0,547.35,35,62,16,3,1,7,16,262.32,-2.46,C16H27N3O14P2,223,21026,1,3,5,5,True,True,cuda,NVIDIA GeForce RTX 4070 Laptop GPU
2026-05-02T15:15:17.092571,7N7H_CTP_ligand_start_conf__Orai1WT-START-Fr0_cleaned,Orai1WT-START-Fr0_cleaned,7N7H_CTP_ligand_start_conf,success,,31.85,35,15,15,5,0,483.16,29,45,15,2,1,7,17,270.42,-2.21,C9H16N3O14P3,223,21026,1,3,5,5,True,True,cuda,NVIDIA GeForce RTX 4070 Laptop GPU
2026-05-02T15:15:17.093848,7NA4_1I9_ligand_start_conf__Orai1WT-START-Fr0_cleaned,Orai1WT-START-Fr0_cleaned,7NA4_1I9_ligand_start_conf,success,,39.37,35,15,15,5,0,537.06,38,71,11,6,4,1,8,111.72,6.36,C28H33ClN6O3,223,21026,1,3,5,5,True,True,cuda,NVIDIA GeForce RTX 4070 Laptop GPU
2026-05-02T15:15:17.095148,7NB4_U6Q_ligand_start_conf__Orai1WT-START-Fr0_cleaned,Orai1WT-START-Fr0_cleaned,7NB4_U6Q_ligand_start_conf,success,,31.97,35,15,15,5,0,451.98,31,53,9,4,4,2,6,75.11,5.99,C24H22ClN3O2S,223,21026,1,3,5,5,True,True,cuda,NVIDIA GeForce RTX 4070 Laptop GPU
2026-05-02T15:15:17.096533,7NF0_BYN_ligand_start_conf__Orai1WT-START-Fr0_cleaned,Orai1WT-START-Fr0_cleaned,7NF0_BYN_ligand_start_conf,success,,44.79,35,15,15,5,0,542.48,37,68,18,4,2,8,13,220.14,-0.13,C22H31N4O10P,223,21026,1,3,5,5,True,True,cuda,NVIDIA GeForce RTX 4070 Laptop GPU
2026-05-02T15:15:17.097872,7NF3_4LU_ligand_start_conf__Orai1WT-START-Fr0_cleaned,Orai1WT-START-Fr0_cleaned,7NF3_4LU_ligand_start_conf,success,,44.22,35,15,15,5,0,525.48,36,66,16,4,2,7,10,199.42,-0.09,C22H30N4O9P+,223,21026,1,3,5,5,True,True,cuda,NVIDIA GeForce RTX 4070 Laptop GPU
2026-05-02T15:15:17.099199,7NFB_GEN_ligand_start_conf__Orai1WT-START-Fr0_cleaned,Orai1WT-START-Fr0_cleaned,7NFB_GEN_ligand_start_conf,success,,14.42,35,15,15,5,0,270.24,20,30,4,3,3,3,5,90.9,2.58,C15H10O5,223,21026,1,3,5,5,True,True,cuda,NVIDIA GeForce RTX 4070 Laptop GPU
2026-05-02T15:15:17.100535,7NGW_UAW_ligand_start_conf__Orai1WT-START-Fr0_cleaned,Orai1WT-START-Fr0_cleaned,7NGW_UAW_ligand_start_conf,success,,20.44,35,15,15,5,0,234.3,17,35,3,2,1,2,2,52.57,2.66,C13H18N2O2,223,21026,1,3,5,5,True,True,cuda,NVIDIA GeForce RTX 4070 Laptop GPU
2026-05-02T15:15:17.101863,7NLK_UHK_ligand_start_conf__Orai1WT-START-Fr0_cleaned,Orai1WT-START-Fr0_cleaned,7NLK_UHK_ligand_start_conf,success,,30.3,35,15,15,5,0,237.37,16,35,8,1,1,2,2,29.1,3.28,C13H19NOS,223,21026,1,3,5,5,True,True,cuda,NVIDIA GeForce RTX 4070 Laptop GPU
2026-05-02T15:15:17.103216,7NLV_UJE_ligand_start_conf__Orai1WT-START-Fr0_cleaned,Orai1WT-START-Fr0_cleaned,7NLV_UJE_ligand_start_conf,success,,29.77,35,15,15,5,0,312.44,21,45,6,3,0,4,4,82.26,0.19,C14H24N4O2S,223,21026,1,3,5,5,True,True,cuda,NVIDIA GeForce RTX 4070 Laptop GPU
2026-05-02T15:15:17.104491,7NML_I7B_ligand_start_conf__Orai1WT-START-Fr0_cleaned,Orai1WT-START-Fr0_cleaned,7NML_I7B_ligand_start_conf,success,,18.36,35,15,15,5,0,285.73,16,24,5,1,1,3,5,146.34,-0.78,C6H8ClN3O4S2,223,21026,1,3,5,5,True,True,cuda,NVIDIA GeForce RTX 4070 Laptop GPU
2026-05-02T15:15:17.105799,7NP6_UK8_ligand_start_conf__Orai1WT-START-Fr0_cleaned,Orai1WT-START-Fr0_cleaned,7NP6_UK8_ligand_start_conf,success,,24.49,35,15,15,5,0,463.8,32,45,6,4,4,2,6,101.24,5.68,C21H13ClF3N3O4,223,21026,1,3,5,5,True,True,cuda,NVIDIA GeForce RTX 4070 Laptop GPU
2026-05-02T15:15:17.107451,7NPL_UKZ_ligand_start_conf__Orai1WT-START-Fr0_cleaned,Orai1WT-START-Fr0_cleaned,7NPL_UKZ_ligand_start_conf,success,,33.99,35,15,15,5,0,386.88,27,50,9,3,2,3,3,78.43,3.78,C21H23ClN2O3,223,21026,1,3,5,5,True,True,cuda,NVIDIA GeForce RTX 4070 Laptop GPU
2026-05-02T15:15:17.109195,7NR6_UO8_ligand_start_conf__Orai1WT-START-Fr0_cleaned,Orai1WT-START-Fr0_cleaned,7NR6_UO8_ligand_start_conf,success,,16.51,35,15,15,5,0,249.34,17,32,2,3,2,2,5,72.52,2.58,C11H15N5S,223,21026,1,3,5,5,True,True,cuda,NVIDIA GeForce RTX 4070 Laptop GPU
2026-05-02T15:15:17.110705,7NR8_UOE_ligand_start_conf__Orai1WT-START-Fr0_cleaned,Orai1WT-START-Fr0_cleaned,7NR8_UOE_ligand_start_conf,success,,41.13,35,15,15,5,0,635.17,45,84,12,6,3,3,10,136.05,2.73,C32H39ClN8O4,223,21026,1,3,5,5,True,True,cuda,NVIDIA GeForce RTX 4070 Laptop GPU
2026-05-02T15:15:17.112171,7NSW_HC4_ligand_start_conf__Orai1WT-START-Fr0_cleaned,Orai1WT-START-Fr0_cleaned,7NSW_HC4_ligand_start_conf,success,,11.71,35,15,15,5,0,164.16,12,20,3,1,1,2,3,57.53,1.49,C9H8O3,223,21026,1,3,5,5,True,True,cuda,NVIDIA GeForce RTX 4070 Laptop GPU
2026-05-02T15:15:17.113622,7NTG_F6R_ligand_start_conf__Orai1WT-START-Fr0_cleaned,Orai1WT-START-Fr0_cleaned,7NTG_F6R_ligand_start_conf,success,,31.18,35,15,15,5,0,260.13,16,29,13,0,0,6,9,164.75,-3.26,C6H13O9P,223,21026,1,3,5,5,True,True,cuda,NVIDIA GeForce RTX 4070 Laptop GPU
2026-05-02T15:15:17.115042,7NU0_DCL_ligand_start_conf__Orai1WT-START-Fr0_cleaned,Orai1WT-START-Fr0_cleaned,7NU0_DCL_ligand_start_conf,success,,22.97,35,15,15,5,0,117.19,8,23,7,0,0,2,2,46.25,0.35,C6H15NO,223,21026,1,3,5,5,True,True,cuda,NVIDIA GeForce RTX 4070 Laptop GPU
2026-05-02T15:15:17.116492,7NUT_GLP_ligand_start_conf__Orai1WT-START-Fr0_cleaned,Orai1WT-START-Fr0_cleaned,7NUT_GLP_ligand_start_conf,success,,23.5,35,15,15,5,0,259.15,16,30,9,1,0,6,9,162.7,-3.14,C6H14NO8P,223,21026,1,3,5,5,True,True,cuda,NVIDIA GeForce RTX 4070 Laptop GPU
2026-05-02T15:15:17.117889,7NXO_UU8_ligand_start_conf__Orai1WT-START-Fr0_cleaned,Orai1WT-START-Fr0_cleaned,7NXO_UU8_ligand_start_conf,success,,24.06,35,15,15,5,0,477.47,34,50,6,4,4,1,7,122.02,3.47,C24H16FN3O5S,223,21026,1,3,5,5,True,True,cuda,NVIDIA GeForce RTX 4070 Laptop GPU
2026-05-02T15:15:17.119288,7O0N_CDP_ligand_start_conf__Orai1WT-START-Fr0_cleaned,Orai1WT-START-Fr0_cleaned,7O0N_CDP_ligand_start_conf,success,,26.96,35,15,15,5,0,403.18,25,40,12,2,1,6,14,223.89,-2.33,C9H15N3O11P2,223,21026,1,3,5,5,True,True,cuda,NVIDIA GeForce RTX 4070 Laptop GPU
2026-05-02T15:15:17.120811,7O1T_5X8_ligand_start_conf__Orai1WT-START-Fr0_cleaned,Orai1WT-START-Fr0_cleaned,7O1T_5X8_ligand_start_conf,success,,29.91,35,15,15,5,0,370.39,25,43,10,3,2,5,12,182.63,-1.83,C13H18N6O5S,223,21026,1,3,5,5,True,True,cuda,NVIDIA GeForce RTX 4070 Laptop GPU
2026-05-02T15:15:17.122270,7OCB_V88_ligand_start_conf__Orai1WT-START-Fr0_cleaned,Orai1WT-START-Fr0_cleaned,7OCB_V88_ligand_start_conf,success,,49.41,35,15,15,5,0,561.78,41,88,18,5,3,2,9,78.02,4.68,C32H47N7O2,223,21026,1,3,5,5,True,True,cuda,NVIDIA GeForce RTX 4070 Laptop GPU
2026-05-02T15:15:17.123716,7ODX_DGP_ligand_start_conf__Orai1WT-START-Fr0_cleaned,Orai1WT-START-Fr0_cleaned,7ODX_DGP_ligand_start_conf,success,,24.14,35,15,15,5,0,347.22,23,37,8,3,2,5,11,185.81,-1.54,C10H14N5O7P,223,21026,1,3,5,5,True,True,cuda,NVIDIA GeForce RTX 4070 Laptop GPU
2026-05-02T15:15:17.125344,7ODY_DGI_ligand_start_conf__Orai1WT-START-Fr0_cleaned,Orai1WT-START-Fr0_cleaned,7ODY_DGI_ligand_start_conf,success,,26.87,35,15,15,5,0,427.2,27,42,11,3,2,6,14,232.34,-1.42,C10H15N5O10P2,223,21026,1,3,5,5,True,True,cuda,NVIDIA GeForce RTX 4070 Laptop GPU
2026-05-02T15:15:17.127074,7OEO_V9Z_ligand_start_conf__Orai1WT-START-Fr0_cleaned,Orai1WT-START-Fr0_cleaned,7OEO_V9Z_ligand_start_conf,success,,40.43,35,15,15,5,0,430.55,32,62,12,3,3,1,3,58.64,4.33,C27H30N2O3,223,21026,1,3,5,5,True,True,cuda,NVIDIA GeForce RTX 4070 Laptop GPU
2026-05-02T15:15:17.128569,7OFF_VCB_ligand_start_conf__Orai1WT-START-Fr0_cleaned,Orai1WT-START-Fr0_cleaned,7OFF_VCB_ligand_start_conf,success,,24.11,35,15,15,5,0,357.36,27,42,4,4,3,2,4,83.47,3.45,C22H15NO4,223,21026,1,3,5,5,True,True,cuda,NVIDIA GeForce RTX 4070 Laptop GPU
2026-05-02T15:15:17.129984,7OFK_VCH_ligand_start_conf__Orai1WT-START-Fr0_cleaned,Orai1WT-START-Fr0_cleaned,7OFK_VCH_ligand_start_conf,success,,34.27,35,15,15,5,0,524.44,35,53,7,3,2,2,5,103.78,3.44,C21H18F6N2O5S,223,21026,1,3,5,5,True,True,cuda,NVIDIA GeForce RTX 4070 Laptop GPU
2026-05-02T15:15:17.131371,7OKC_VFE_ligand_start_conf__Orai1WT-START-Fr0_cleaned,Orai1WT-START-Fr0_cleaned,7OKC_VFE_ligand_start_conf,success,,30.88,35,15,15,5,0,429.93,29,49,9,3,3,1,6,80.12,2.79,C20H20ClN5O2S,223,21026,1,3,5,5,True,True,cuda,NVIDIA GeForce RTX 4070 Laptop GPU
2026-05-02T15:15:17.132769,7OKF_VH5_ligand_start_conf__Orai1WT-START-Fr0_cleaned,Orai1WT-START-Fr0_cleaned,7OKF_VH5_ligand_start_conf,success,,21.92,35,15,15,5,0,394.87,28,47,4,4,3,2,6,88.05,2.94,C20H19ClN6O,223,21026,1,3,5,5,True,True,cuda,NVIDIA GeForce RTX 4070 Laptop GPU
2026-05-02T15:15:17.134220,7OLI_8HG_ligand_start_conf__Orai1WT-START-Fr0_cleaned,Orai1WT-START-Fr0_cleaned,7OLI_8HG_ligand_start_conf,success,,21.64,35,15,15,5,0,283.24,20,33,5,3,2,5,8,159.25,-2.36,C10H13N5O5,223,21026,1,3,5,5,True,True,cuda,NVIDIA GeForce RTX 4070 Laptop GPU
2026-05-02T15:15:17.135626,7OLT_58J_ligand_start_conf__Orai1WT-START-Fr0_cleaned,Orai1WT-START-Fr0_cleaned,7OLT_58J_ligand_start_conf,success,,19.22,35,15,15,5,0,308.34,23,39,4,3,2,1,3,58.64,2.76,C18H16N2O3,223,21026,1,3,5,5,True,True,cuda,NVIDIA GeForce RTX 4070 Laptop GPU
2026-05-02T15:15:17.137102,7OMJ_GCP_ligand_start_conf__Orai1WT-START-Fr0_cleaned,Orai1WT-START-Fr0_cleaned,7OMJ_GCP_ligand_start_conf,success,,35.2,35,15,15,5,0,521.21,32,50,15,3,2,8,17,289.87,-2.22,C11H18N5O13P3,223,21026,1,3,5,5,True,True,cuda,NVIDIA GeForce RTX 4070 Laptop GPU
2026-05-02T15:15:17.138749,7OMX_CNA_ligand_start_conf__Orai1WT-START-Fr0_cleaned,Orai1WT-START-Fr0_cleaned,7OMX_CNA_ligand_start_conf,success,,40.01,35,15,15,5,0,662.47,44,74,18,5,3,8,18,309.03,-2.35,C22H30N7O13P2+,223,21026,1,3,5,5,True,True,cuda,NVIDIA GeForce RTX 4070 Laptop GPU
2026-05-02T15:15:17.140246,7OP9_06K_ligand_start_conf__Orai1WT-START-Fr0_cleaned,Orai1WT-START-Fr0_cleaned,7OP9_06K_ligand_start_conf,success,,7.3,35,15,15,5,0,189.01,11,13,0,2,2,1,3,54.46,1.66,C5H2Cl2N4,223,21026,1,3,5,5,True,True,cuda,NVIDIA GeForce RTX 4070 Laptop GPU
2026-05-02T15:15:17.141785,7OPG_06N_ligand_start_conf__Orai1WT-START-Fr0_cleaned,Orai1WT-START-Fr0_cleaned,7OPG_06N_ligand_start_conf,success,,24.07,35,15,15,5,0,274.35,19,33,6,3,3,2,6,62.45,2.99,C13H14N4OS,223,21026,1,3,5,5,True,True,cuda,NVIDIA GeForce RTX 4070 Laptop GPU
2026-05-02T15:15:17.143128,7ORW_7WA_ligand_start_conf__Orai1WT-START-Fr0_cleaned,Orai1WT-START-Fr0_cleaned,7ORW_7WA_ligand_start_conf,success,,9.36,35,15,15,5,0,133.15,10,17,1,2,2,2,2,54.7,1.15,C7H7N3,223,21026,1,3,5,5,True,True,cuda,NVIDIA GeForce RTX 4070 Laptop GPU
2026-05-02T15:15:17.144486,7OSO_0V1_ligand_start_conf__Orai1WT-START-Fr0_cleaned,Orai1WT-START-Fr0_cleaned,7OSO_0V1_ligand_start_conf,success,,18.64,35,15,15,5,0,106.12,7,17,6,0,0,3,3,60.69,-1.28,C4H10O3,223,21026,1,3,5,5,True,True,cuda,NVIDIA GeForce RTX 4070 Laptop GPU
2026-05-02T15:15:17.145819,7OU8_1XI_ligand_start_conf__Orai1WT-START-Fr0_cleaned,Orai1WT-START-Fr0_cleaned,7OU8_1XI_ligand_start_conf,success,,24.77,35,15,15,5,0,335.43,23,44,6,3,1,3,5,85.16,0.2,C16H21N3O3S,223,21026,1,3,5,5,True,True,cuda,NVIDIA GeForce RTX 4070 Laptop GPU
2026-05-02T15:15:17.147112,7OZ9_NGK_ligand_start_conf__Orai1WT-START-Fr0_cleaned,Orai1WT-START-Fr0_cleaned,7OZ9_NGK_ligand_start_conf,success,,26.36,35,15,15,5,0,301.27,19,34,9,1,0,5,9,162.62,-3.25,C8H15NO9S,223,21026,1,3,5,5,True,True,cuda,NVIDIA GeForce RTX 4070 Laptop GPU
2026-05-02T15:15:17.148389,7OZC_G6S_ligand_start_conf__Orai1WT-START-Fr0_cleaned,Orai1WT-START-Fr0_cleaned,7OZC_G6S_ligand_start_conf,success,,22.34,35,15,15,5,0,260.22,16,28,8,1,0,5,9,153.75,-3.39,C6H12O9S,223,21026,1,3,5,5,True,True,cuda,NVIDIA GeForce RTX 4070 Laptop GPU
2026-05-02T15:15:17.149663,7P1F_KFN_ligand_start_conf__Orai1WT-START-Fr0_cleaned,Orai1WT-START-Fr0_cleaned,7P1F_KFN_ligand_start_conf,success,,26.74,35,15,15,5,0,250.2,17,31,9,1,0,6,8,147.68,-3.21,C9H14O8,223,21026,1,3,5,5,True,True,cuda,NVIDIA GeForce RTX 4070 Laptop GPU
2026-05-02T15:15:17.151181,7P1M_4IU_ligand_start_conf__Orai1WT-START-Fr0_cleaned,Orai1WT-START-Fr0_cleaned,7P1M_4IU_ligand_start_conf,success,,26.68,35,15,15,5,0,334.33,24,42,8,3,2,3,8,114.04,0.42,C16H18N2O6,223,21026,1,3,5,5,True,True,cuda,NVIDIA GeForce RTX 4070 Laptop GPU
2026-05-02T15:15:17.152503,7P2I_MFU_ligand_start_conf__Orai1WT-START-Fr0_cleaned,Orai1WT-START-Fr0_cleaned,7P2I_MFU_ligand_start_conf,success,,19.52,35,15,15,5,0,178.18,12,26,6,1,0,3,5,79.15,-1.54,C7H14O5,223,21026,1,3,5,5,True,True,cuda,NVIDIA GeForce RTX 4070 Laptop GPU
2026-05-02T15:15:17.153789,7P2W_4QR_ligand_start_conf__Orai1WT-START-Fr0_cleaned,Orai1WT-START-Fr0_cleaned,7P2W_4QR_ligand_start_conf,success,,28.34,35,15,15,5,0,520.35,34,49,8,4,4,4,8,141.61,5.47,C22H15Cl2N3O6S,223,21026,1,3,5,5,True,True,cuda,NVIDIA GeForce RTX 4070 Laptop GPU
2026-05-02T15:15:17.154990,7P4C_5OV_ligand_start_conf__Orai1WT-START-Fr0_cleaned,Orai1WT-START-Fr0_cleaned,7P4C_5OV_ligand_start_conf,success,,19.14,35,15,15,5,0,255.25,16,29,5,2,0,5,7,136.32,-3.71,C7H13NO7S,223,21026,1,3,5,5,True,True,cuda,NVIDIA GeForce RTX 4070 Laptop GPU
2026-05-02T15:15:17.156475,7P4J_5JK_ligand_start_conf__Orai1WT-START-Fr0_cleaned,Orai1WT-START-Fr0_cleaned,7P4J_5JK_ligand_start_conf,success,,45.17,35,15,15,5,0,402.66,29,75,12,4,0,2,2,40.46,6.36,C27H46O2,223,21026,1,3,5,5,True,True,cuda,NVIDIA GeForce RTX 4070 Laptop GPU
2026-05-02T15:15:17.157830,7P4V_DAT_ligand_start_conf__Orai1WT-START-Fr0_cleaned,Orai1WT-START-Fr0_cleaned,7P4V_DAT_ligand_start_conf,success,,25.96,35,15,15,5,0,411.2,26,41,11,3,2,5,14,212.37,-0.72,C10H15N5O9P2,223,21026,1,3,5,5,True,True,cuda,NVIDIA GeForce RTX 4070 Laptop GPU
2026-05-02T15:15:17.159056,7P5T_5YG_ligand_start_conf__Orai1WT-START-Fr0_cleaned,Orai1WT-START-Fr0_cleaned,7P5T_5YG_ligand_start_conf,success,,24.28,35,15,15,5,0,304.39,23,43,7,3,3,1,3,34.15,4.29,C20H20N2O,223,21026,1,3,5,5,True,True,cuda,NVIDIA GeForce RTX 4070 Laptop GPU
2026-05-02T15:15:17.160289,7P85_5ZG_ligand_start_conf__Orai1WT-START-Fr0_cleaned,Orai1WT-START-Fr0_cleaned,7P85_5ZG_ligand_start_conf,success,,22.11,35,15,15,5,0,214.2,14,29,7,1,1,1,3,46.53,2.72,C10H15O3P,223,21026,1,3,5,5,True,True,cuda,NVIDIA GeForce RTX 4070 Laptop GPU
2026-05-02T15:15:17.161538,7PA4_C_ligand_start_conf__Orai1WT-START-Fr0_cleaned,Orai1WT-START-Fr0_cleaned,7PA4_C_ligand_start_conf,success,,23.88,35,15,15,5,0,323.2,21,35,9,2,1,5,11,177.36,-2.45,C9H14N3O8P,223,21026,1,3,5,5,True,True,cuda,NVIDIA GeForce RTX 4070 Laptop GPU
2026-05-02T15:15:17.162856,7PGX_FMN_ligand_start_conf__Orai1WT-START-Fr0_cleaned,Orai1WT-START-Fr0_cleaned,7PGX_FMN_ligand_start_conf,success,,36.76,35,15,15,5,0,456.35,31,52,14,3,1,6,12,208.09,-1.61,C17H21N4O9P,223,21026,1,3,5,5,True,True,cuda,NVIDIA GeForce RTX 4070 Laptop GPU
2026-05-02T15:15:17.164147,7PIH_7QW_ligand_start_conf__Orai1WT-START-Fr0_cleaned,Orai1WT-START-Fr0_cleaned,7PIH_7QW_ligand_start_conf,success,,22.52,35,15,15,5,0,319.41,24,45,5,4,3,2,4,62.38,3.14,C20H21N3O,223,21026,1,3,5,5,True,True,cuda,NVIDIA GeForce RTX 4070 Laptop GPU
2026-05-02T15:15:17.165323,7PJQ_OWH_ligand_start_conf__Orai1WT-START-Fr0_cleaned,Orai1WT-START-Fr0_cleaned,7PJQ_OWH_ligand_start_conf,success,,12.35,35,15,15,5,0,152.22,10,18,2,1,1,1,2,24.92,0.98,C7H8N2S,223,21026,1,3,5,5,True,True,cuda,NVIDIA GeForce RTX 4070 Laptop GPU
2026-05-02T15:15:17.166619,7PK0_BYC_ligand_start_conf__Orai1WT-START-Fr0_cleaned,Orai1WT-START-Fr0_cleaned,7PK0_BYC_ligand_start_conf,success,,72.43,35,15,15,5,0,871.65,56,96,29,4,3,9,23,363.63,-0.02,C28H40N7O17P3S,223,21026,1,3,5,5,True,True,cuda,NVIDIA GeForce RTX 4070 Laptop GPU
2026-05-02T15:15:17.167973,7PL1_SFG_ligand_start_conf__Orai1WT-START-Fr0_cleaned,Orai1WT-START-Fr0_cleaned,7PL1_SFG_ligand_start_conf,success,,37.57,35,15,15,5,0,381.39,27,50,12,3,2,6,12,208.65,-2.06,C15H23N7O5,223,21026,1,3,5,5,True,True,cuda,NVIDIA GeForce RTX 4070 Laptop GPU
2026-05-02T15:15:17.169372,7POM_7VZ_ligand_start_conf__Orai1WT-START-Fr0_cleaned,Orai1WT-START-Fr0_cleaned,7POM_7VZ_ligand_start_conf,success,,21.48,35,15,15,5,0,363.89,22,40,6,2,1,1,5,86.46,3.2,C14H18ClNO4S2,223,21026,1,3,5,5,True,True,cuda,NVIDIA GeForce RTX 4070 Laptop GPU
2026-05-02T15:15:17.170684,7PRI_7TI_ligand_start_conf__Orai1WT-START-Fr0_cleaned,Orai1WT-START-Fr0_cleaned,7PRI_7TI_ligand_start_conf,success,,18.78,35,15,15,5,0,380.66,20,28,6,1,1,3,5,146.34,0.91,C8H8Cl3N3O4S2,223,21026,1,3,5,5,True,True,cuda,NVIDIA GeForce RTX 4070 Laptop GPU
2026-05-02T15:15:17.171992,7PRM_81I_ligand_start_conf__Orai1WT-START-Fr0_cleaned,Orai1WT-START-Fr0_cleaned,7PRM_81I_ligand_start_conf,success,,23.0,35,15,15,5,0,433.48,32,56,4,5,3,0,4,57.0,3.65,C25H24FN3O3,223,21026,1,3,5,5,True,True,cuda,NVIDIA GeForce RTX 4070 Laptop GPU
2026-05-02T15:15:17.173265,7PT3_3KK_ligand_start_conf__Orai1WT-START-Fr0_cleaned,Orai1WT-START-Fr0_cleaned,7PT3_3KK_ligand_start_conf,success,,70.43,35,15,15,5,0,853.63,54,96,32,3,2,10,24,383.86,-1.56,C25H42N7O18P3S,223,21026,1,3,5,5,True,True,cuda,NVIDIA GeForce RTX 4070 Laptop GPU
2026-05-02T15:15:17.174652,7PUV_84Z_ligand_start_conf__Orai1WT-START-Fr0_cleaned,Orai1WT-START-Fr0_cleaned,7PUV_84Z_ligand_start_conf,success,,22.62,35,15,15,5,0,389.84,24,36,6,2,2,1,6,120.6,1.61,C14H12ClNO6S2,223,21026,1,3,5,5,True,True,cuda,NVIDIA GeForce RTX 4070 Laptop GPU
2026-05-02T15:15:17.176004,7Q19_DSM_ligand_start_conf__Orai1WT-START-Fr0_cleaned,Orai1WT-START-Fr0_cleaned,7Q19_DSM_ligand_start_conf,success,,24.4,35,15,15,5,0,266.39,20,42,5,3,2,1,2,15.27,3.53,C18H22N2,223,21026,1,3,5,5,True,True,cuda,NVIDIA GeForce RTX 4070 Laptop GPU
2026-05-02T15:15:17.177224,7Q25_8J9_ligand_start_conf__Orai1WT-START-Fr0_cleaned,Orai1WT-START-Fr0_cleaned,7Q25_8J9_ligand_start_conf,success,,48.77,35,15,15,5,0,456.54,33,65,16,2,2,5,7,135.96,2.74,C25H32N2O6,223,21026,1,3,5,5,True,True,cuda,NVIDIA GeForce RTX 4070 Laptop GPU
2026-05-02T15:15:17.178462,7Q27_8KC_ligand_start_conf__Orai1WT-START-Fr0_cleaned,Orai1WT-START-Fr0_cleaned,7Q27_8KC_ligand_start_conf,success,,52.3,35,15,15,5,0,479.58,35,68,15,3,3,5,6,131.52,3.51,C27H33N3O5,223,21026,1,3,5,5,True,True,cuda,NVIDIA GeForce RTX 4070 Laptop GPU
2026-05-02T15:15:17.179661,7Q2B_M6H_ligand_start_conf__Orai1WT-START-Fr0_cleaned,Orai1WT-START-Fr0_cleaned,7Q2B_M6H_ligand_start_conf,success,,13.55,35,15,15,5,0,162.24,12,26,2,2,1,2,2,24.06,0.75,C10H14N2,223,21026,1,3,5,5,True,True,cuda,NVIDIA GeForce RTX 4070 Laptop GPU
2026-05-02T15:15:17.181100,7Q5I_I0F_ligand_start_conf__Orai1WT-START-Fr0_cleaned,Orai1WT-START-Fr0_cleaned,7Q5I_I0F_ligand_start_conf,success,,30.88,35,15,15,5,0,377.4,27,50,11,2,1,5,8,146.28,-1.42,C18H23N3O6,223,21026,1,3,5,5,True,True,cuda,NVIDIA GeForce RTX 4070 Laptop GPU
2026-05-02T15:15:17.182568,7QE4_NGA_ligand_start_conf__Orai1WT-START-Fr0_cleaned,Orai1WT-START-Fr0_cleaned,7QE4_NGA_ligand_start_conf,success,,22.84,35,15,15,5,0,221.21,15,30,7,1,0,5,6,119.25,-3.08,C8H15NO6,223,21026,1,3,5,5,True,True,cuda,NVIDIA GeForce RTX 4070 Laptop GPU
2026-05-02T15:15:17.183925,7QF4_RBF_ligand_start_conf__Orai1WT-START-Fr0_cleaned,Orai1WT-START-Fr0_cleaned,7QF4_RBF_ligand_start_conf,success,,33.7,35,15,15,5,0,376.37,27,47,11,3,1,5,9,161.56,-1.72,C17H20N4O6,223,21026,1,3,5,5,True,True,cuda,NVIDIA GeForce RTX 4070 Laptop GPU
2026-05-02T15:15:17.185159,7QFM_AY3_ligand_start_conf__Orai1WT-START-Fr0_cleaned,Orai1WT-START-Fr0_cleaned,7QFM_AY3_ligand_start_conf,success,,16.92,35,15,15,5,0,265.27,20,31,2,3,2,2,3,66.4,2.88,C16H11NO3,223,21026,1,3,5,5,True,True,cuda,NVIDIA GeForce RTX 4070 Laptop GPU
2026-05-02T15:15:17.186461,7QGP_DJ8_ligand_start_conf__Orai1WT-START-Fr0_cleaned,Orai1WT-START-Fr0_cleaned,7QGP_DJ8_ligand_start_conf,success,,28.04,35,15,15,5,0,492.97,35,60,4,5,4,3,7,101.81,4.5,C25H25ClN6O3,223,21026,1,3,5,5,True,True,cuda,NVIDIA GeForce RTX 4070 Laptop GPU
2026-05-02T15:15:17.188010,7QHG_T3B_ligand_start_conf__Orai1WT-START-Fr0_cleaned,Orai1WT-START-Fr0_cleaned,7QHG_T3B_ligand_start_conf,success,,45.09,35,15,15,5,0,605.74,42,73,14,4,4,3,7,137.57,4.61,C30H31N5O5S2,223,21026,1,3,5,5,True,True,cuda,NVIDIA GeForce RTX 4070 Laptop GPU
2026-05-02T15:15:17.189391,7QHL_D5P_ligand_start_conf__Orai1WT-START-Fr0_cleaned,Orai1WT-START-Fr0_cleaned,7QHL_D5P_ligand_start_conf,success,,30.05,35,15,15,5,0,420.55,30,54,9,5,4,3,8,110.33,3.47,C21H24N8S,223,21026,1,3,5,5,True,True,cuda,NVIDIA GeForce RTX 4070 Laptop GPU
2026-05-02T15:15:17.190659,7QK0_EBL_ligand_start_conf__Orai1WT-START-Fr0_cleaned,Orai1WT-START-Fr0_cleaned,7QK0_EBL_ligand_start_conf,success,,30.25,35,15,15,5,0,547.01,38,67,7,6,3,3,9,104.54,4.15,C26H29ClF2N6O3,223,21026,1,3,5,5,True,True,cuda,NVIDIA GeForce RTX 4070 Laptop GPU
2026-05-02T15:15:17.191870,7QPP_VDX_ligand_start_conf__Orai1WT-START-Fr0_cleaned,Orai1WT-START-Fr0_cleaned,7QPP_VDX_ligand_start_conf,success,,45.29,35,15,15,5,0,416.65,30,74,13,3,0,3,3,60.69,5.7,C27H44O3,223,21026,1,3,5,5,True,True,cuda,NVIDIA GeForce RTX 4070 Laptop GPU
2026-05-02T15:15:17.193151,7QSW_CAP_ligand_start_conf__Orai1WT-START-Fr0_cleaned,Orai1WT-START-Fr0_cleaned,7QSW_CAP_ligand_start_conf,success,,36.04,35,15,15,5,0,356.11,21,35,16,0,0,8,13,231.51,-3.26,C6H14O13P2,223,21026,1,3,5,5,True,True,cuda,NVIDIA GeForce RTX 4070 Laptop GPU
2026-05-02T15:15:17.194592,7QTA_URI_ligand_start_conf__Orai1WT-START-Fr0_cleaned,Orai1WT-START-Fr0_cleaned,7QTA_URI_ligand_start_conf,success,,19.85,35,15,15,5,0,244.2,17,29,5,2,1,4,7,124.78,-2.85,C9H12N2O6,223,21026,1,3,5,5,True,True,cuda,NVIDIA GeForce RTX 4070 Laptop GPU
2026-05-02T15:15:17.195848,7R3D_APR_ligand_start_conf__Orai1WT-START-Fr0_cleaned,Orai1WT-START-Fr0_cleaned,7R3D_APR_ligand_start_conf,success,,34.75,35,15,15,5,0,559.32,36,59,17,4,2,8,19,291.52,-3.28,C15H23N5O14P2,223,21026,1,3,5,5,True,True,cuda,NVIDIA GeForce RTX 4070 Laptop GPU
2026-05-02T15:15:17.197070,7R59_I5F_ligand_start_conf__Orai1WT-START-Fr0_cleaned,Orai1WT-START-Fr0_cleaned,7R59_I5F_ligand_start_conf,success,,9.09,35,15,15,5,0,191.22,13,18,1,3,3,1,5,50.42,1.65,C8H5N3OS,223,21026,1,3,5,5,True,True,cuda,NVIDIA GeForce RTX 4070 Laptop GPU
2026-05-02T15:15:17.198362,7R6J_2I7_ligand_start_conf__Orai1WT-START-Fr0_cleaned,Orai1WT-START-Fr0_cleaned,7R6J_2I7_ligand_start_conf,success,,35.06,35,15,15,5,0,450.54,33,63,12,4,3,5,8,121.97,1.32,C25H30N4O4,223,21026,1,3,5,5,True,True,cuda,NVIDIA GeForce RTX 4070 Laptop GPU
2026-05-02T15:15:17.199885,7R7R_AWJ_ligand_start_conf__Orai1WT-START-Fr0_cleaned,Orai1WT-START-Fr0_cleaned,7R7R_AWJ_ligand_start_conf,success,,35.37,35,15,15,5,0,472.55,33,58,13,4,3,5,10,128.79,2.88,C22H25FN6O3S,223,21026,1,3,5,5,True,True,cuda,NVIDIA GeForce RTX 4070 Laptop GPU
2026-05-02T15:15:17.201227,7R9N_F97_ligand_start_conf__Orai1WT-START-Fr0_cleaned,Orai1WT-START-Fr0_cleaned,7R9N_F97_ligand_start_conf,success,,29.3,35,15,15,5,0,428.49,31,57,7,5,3,2,8,83.79,3.47,C21H26F2N8,223,21026,1,3,5,5,True,True,cuda,NVIDIA GeForce RTX 4070 Laptop GPU
2026-05-02T15:15:17.202909,7RC3_SAH_ligand_start_conf__Orai1WT-START-Fr0_cleaned,Orai1WT-START-Fr0_cleaned,7RC3_SAH_ligand_start_conf,success,,33.7,35,15,15,5,0,384.42,26,46,11,3,2,5,12,182.63,-1.44,C14H20N6O5S,223,21026,1,3,5,5,True,True,cuda,NVIDIA GeForce RTX 4070 Laptop GPU
2026-05-02T15:15:17.204254,7REE_4LY_ligand_start_conf__Orai1WT-START-Fr0_cleaned,Orai1WT-START-Fr0_cleaned,7REE_4LY_ligand_start_conf,success,,36.73,35,15,15,5,0,593.66,42,71,10,6,4,2,9,135.83,3.84,C28H29F2N9O2S,223,21026,1,3,5,5,True,True,cuda,NVIDIA GeForce RTX 4070 Laptop GPU
2026-05-02T15:15:17.205587,7RH3_59O_ligand_start_conf__Orai1WT-START-Fr0_cleaned,Orai1WT-START-Fr0_cleaned,7RH3_59O_ligand_start_conf,success,,31.53,35,15,15,5,0,495.87,34,56,11,3,2,2,10,154.66,2.03,C22H22ClNO10,223,21026,1,3,5,5,True,True,cuda,NVIDIA GeForce RTX 4070 Laptop GPU
2026-05-02T15:15:17.206949,7RH8_UTP_ligand_start_conf__Orai1WT-START-Fr0_cleaned,Orai1WT-START-Fr0_cleaned,7RH8_UTP_ligand_start_conf,success,,29.96,35,15,15,5,0,484.14,29,44,14,2,1,7,16,264.37,-2.5,C9H15N2O15P3,223,21026,1,3,5,5,True,True,cuda,NVIDIA GeForce RTX 4070 Laptop GPU
2026-05-02T15:15:17.208249,7RKW_5TV_ligand_start_conf__Orai1WT-START-Fr0_cleaned,Orai1WT-START-Fr0_cleaned,7RKW_5TV_ligand_start_conf,success,,23.48,35,15,15,5,0,379.22,25,38,5,3,3,0,4,44.12,4.93,C18H13Cl2FN2O2,223,21026,1,3,5,5,True,True,cuda,NVIDIA GeForce RTX 4070 Laptop GPU
2026-05-02T15:15:17.209520,7RNI_60I_ligand_start_conf__Orai1WT-START-Fr0_cleaned,Orai1WT-START-Fr0_cleaned,7RNI_60I_ligand_start_conf,success,,39.23,35,15,15,5,0,422.58,31,65,7,4,3,0,6,59.19,3.39,C24H34N6O,223,21026,1,3,5,5,True,True,cuda,NVIDIA GeForce RTX 4070 Laptop GPU
2026-05-02T15:15:17.210768,7ROR_69X_ligand_start_conf__Orai1WT-START-Fr0_cleaned,Orai1WT-START-Fr0_cleaned,7ROR_69X_ligand_start_conf,success,,37.02,35,15,15,5,0,510.4,35,58,14,4,3,6,15,238.39,-1.04,C19H23N6O9P,223,21026,1,3,5,5,True,True,cuda,NVIDIA GeForce RTX 4070 Laptop GPU
2026-05-02T15:15:17.212055,7ROU_66I_ligand_start_conf__Orai1WT-START-Fr0_cleaned,Orai1WT-START-Fr0_cleaned,7ROU_66I_ligand_start_conf,success,,40.84,35,15,15,5,0,575.51,39,62,15,4,3,6,15,247.26,-1.72,C20H23F2N7O9S,223,21026,1,3,5,5,True,True,cuda,NVIDIA GeForce RTX 4070 Laptop GPU
2026-05-02T15:15:17.213265,7RPZ_6IC_ligand_start_conf__Orai1WT-START-Fr0_cleaned,Orai1WT-START-Fr0_cleaned,7RPZ_6IC_ligand_start_conf,success,,27.39,35,15,15,5,0,600.65,44,75,6,8,4,2,8,86.64,4.71,C33H31F3N6O2,223,21026,1,3,5,5,True,True,cuda,NVIDIA GeForce RTX 4070 Laptop GPU
2026-05-02T15:15:17.214529,7RSV_7IQ_ligand_start_conf__Orai1WT-START-Fr0_cleaned,Orai1WT-START-Fr0_cleaned,7RSV_7IQ_ligand_start_conf,success,,18.92,35,15,15,5,0,276.34,20,40,2,4,1,1,5,59.39,0.95,C14H20N4O2,223,21026,1,3,5,5,True,True,cuda,NVIDIA GeForce RTX 4070 Laptop GPU
2026-05-02T15:15:17.215977,7RUI_7QZ_ligand_start_conf__Orai1WT-START-Fr0_cleaned,Orai1WT-START-Fr0_cleaned,7RUI_7QZ_ligand_start_conf,success,,43.53,35,15,15,5,0,719.72,51,80,11,6,6,3,8,140.01,6.7,C35H29F4N7O4S,223,21026,1,3,5,5,True,True,cuda,NVIDIA GeForce RTX 4070 Laptop GPU
2026-05-02T15:15:17.220251,7RWO_7WN_ligand_start_conf__Orai1WT-START-Fr0_cleaned,Orai1WT-START-Fr0_cleaned,7RWO_7WN_ligand_start_conf,success,,18.2,35,15,15,5,0,290.75,20,35,3,3,2,2,5,58.95,1.82,C14H15ClN4O,223,21026,1,3,5,5,True,True,cuda,NVIDIA GeForce RTX 4070 Laptop GPU
2026-05-02T15:15:17.222004,7RWS_4UR_ligand_start_conf__Orai1WT-START-Fr0_cleaned,Orai1WT-START-Fr0_cleaned,7RWS_4UR_ligand_start_conf,success,,29.03,35,15,15,5,0,674.42,45,69,8,7,4,7,22,329.65,-2.34,C20H24N10O13P2,223,21026,1,3,5,5,True,True,cuda,NVIDIA GeForce RTX 4070 Laptop GPU
2026-05-02T15:15:17.223689,7RZL_NPO_ligand_start_conf__Orai1WT-START-Fr0_cleaned,Orai1WT-START-Fr0_cleaned,7RZL_NPO_ligand_start_conf,success,,10.52,35,15,15,5,0,139.11,10,15,2,1,1,1,3,63.37,1.3,C6H5NO3,223,21026,1,3,5,5,True,True,cuda,NVIDIA GeForce RTX 4070 Laptop GPU
2026-05-02T15:15:17.225307,7S45_ACO_ligand_start_conf__Orai1WT-START-Fr0_cleaned,Orai1WT-START-Fr0_cleaned,7S45_ACO_ligand_start_conf,success,,66.45,35,15,15,5,0,809.58,51,89,29,3,2,9,23,363.63,-1.32,C23H38N7O17P3S,223,21026,1,3,5,5,True,True,cuda,NVIDIA GeForce RTX 4070 Laptop GPU
2026-05-02T15:15:17.226712,7S9H_7PP_ligand_start_conf__Orai1WT-START-Fr0_cleaned,Orai1WT-START-Fr0_cleaned,7S9H_7PP_ligand_start_conf,success,,34.53,35,15,15,5,0,413.91,29,53,11,3,3,2,7,99.08,3.25,C21H24ClN5O2,223,21026,1,3,5,5,True,True,cuda,NVIDIA GeForce RTX 4070 Laptop GPU
2026-05-02T15:15:17.228201,7SCW_GSP_ligand_start_conf__Orai1WT-START-Fr0_cleaned,Orai1WT-START-Fr0_cleaned,7SCW_GSP_ligand_start_conf,success,,32.21,35,15,15,5,0,539.25,32,48,15,3,2,8,18,282.03,-2.22,C10H16N5O13P3S,223,21026,1,3,5,5,True,True,cuda,NVIDIA GeForce RTX 4070 Laptop GPU
2026-05-02T15:15:17.229792,7SDD_4IP_ligand_start_conf__Orai1WT-START-Fr0_cleaned,Orai1WT-START-Fr0_cleaned,7SDD_4IP_ligand_start_conf,success,,31.8,35,15,15,5,0,500.07,28,44,18,1,0,10,18,307.5,-3.37,C6H16O18P4,223,21026,1,3,5,5,True,True,cuda,NVIDIA GeForce RTX 4070 Laptop GPU
2026-05-02T15:15:17.231328,7SED_8VD_ligand_start_conf__Orai1WT-START-Fr0_cleaned,Orai1WT-START-Fr0_cleaned,7SED_8VD_ligand_start_conf,success,,18.07,35,15,15,5,0,246.24,17,30,2,2,1,2,4,49.84,1.66,C10H13F3N4,223,21026,1,3,5,5,True,True,cuda,NVIDIA GeForce RTX 4070 Laptop GPU
2026-05-02T15:15:17.232909,7SFO_98L_ligand_start_conf__Orai1WT-START-Fr0_cleaned,Orai1WT-START-Fr0_cleaned,7SFO_98L_ligand_start_conf,success,,21.65,35,15,15,5,0,367.86,25,39,5,4,4,2,5,58.04,5.33,C19H14ClN3OS,223,21026,1,3,5,5,True,True,cuda,NVIDIA GeForce RTX 4070 Laptop GPU
2026-05-02T15:15:17.234355,7SGV_L30_ligand_start_conf__Orai1WT-START-Fr0_cleaned,Orai1WT-START-Fr0_cleaned,7SGV_L30_ligand_start_conf,success,,17.17,35,15,15,5,0,248.29,19,31,2,3,3,1,2,41.99,3.49,C16H12N2O,223,21026,1,3,5,5,True,True,cuda,NVIDIA GeForce RTX 4070 Laptop GPU
2026-05-02T15:15:17.235961,7SIU_9ID_ligand_start_conf__Orai1WT-START-Fr0_cleaned,Orai1WT-START-Fr0_cleaned,7SIU_9ID_ligand_start_conf,success,,28.75,35,15,15,5,0,417.47,31,54,7,4,3,3,7,127.82,2.42,C22H23N7O2,223,21026,1,3,5,5,True,True,cuda,NVIDIA GeForce RTX 4070 Laptop GPU
2026-05-02T15:15:17.237572,7SNE_9XR_ligand_start_conf__Orai1WT-START-Fr0_cleaned,Orai1WT-START-Fr0_cleaned,7SNE_9XR_ligand_start_conf,success,,42.92,35,15,15,5,0,677.46,45,74,19,5,3,9,20,326.41,-2.06,C22H29N7O14P2,223,21026,1,3,5,5,True,True,cuda,NVIDIA GeForce RTX 4070 Laptop GPU
2026-05-02T15:15:17.239068,7SSM_B7L_ligand_start_conf__Orai1WT-START-Fr0_cleaned,Orai1WT-START-Fr0_cleaned,7SSM_B7L_ligand_start_conf,success,,22.09,35,15,15,5,0,336.31,25,37,4,4,4,2,7,109.73,2.1,C17H12N4O4,223,21026,1,3,5,5,True,True,cuda,NVIDIA GeForce RTX 4070 Laptop GPU
2026-05-02T15:15:17.240439,7SUC_COM_ligand_start_conf__Orai1WT-START-Fr0_cleaned,Orai1WT-START-Fr0_cleaned,7SUC_COM_ligand_start_conf,success,,14.05,35,15,15,5,0,142.2,7,13,4,0,0,2,4,54.37,-0.2,C2H6O3S2,223,21026,1,3,5,5,True,True,cuda,NVIDIA GeForce RTX 4070 Laptop GPU
2026-05-02T15:15:17.242106,7SZA_DUI_ligand_start_conf__Orai1WT-START-Fr0_cleaned,Orai1WT-START-Fr0_cleaned,7SZA_DUI_ligand_start_conf,success,,16.7,35,15,15,5,0,273.25,20,31,2,3,1,2,5,109.57,-0.33,C13H11N3O4,223,21026,1,3,5,5,True,True,cuda,NVIDIA GeForce RTX 4070 Laptop GPU
2026-05-02T15:15:17.243623,7T0D_FPP_ligand_start_conf__Orai1WT-START-Fr0_cleaned,Orai1WT-START-Fr0_cleaned,7T0D_FPP_ligand_start_conf,success,,41.67,35,15,15,5,0,382.33,24,52,18,0,0,3,7,113.29,4.63,C15H28O7P2,223,21026,1,3,5,5,True,True,cuda,NVIDIA GeForce RTX 4070 Laptop GPU
2026-05-02T15:15:17.245022,7T0U_E3I_ligand_start_conf__Orai1WT-START-Fr0_cleaned,Orai1WT-START-Fr0_cleaned,7T0U_E3I_ligand_start_conf,success,,38.3,35,15,15,5,0,709.51,48,77,10,6,4,3,11,160.84,3.48,C30H29Cl2F3N8O5,223,21026,1,3,5,5,True,True,cuda,NVIDIA GeForce RTX 4070 Laptop GPU
2026-05-02T15:15:17.246437,7T1D_E7K_ligand_start_conf__Orai1WT-START-Fr0_cleaned,Orai1WT-START-Fr0_cleaned,7T1D_E7K_ligand_start_conf,success,,29.07,35,15,15,5,0,466.61,34,60,7,6,5,0,7,51.77,5.28,C27H26N6S,223,21026,1,3,5,5,True,True,cuda,NVIDIA GeForce RTX 4070 Laptop GPU
2026-05-02T15:15:17.247855,7T2I_E9F_ligand_start_conf__Orai1WT-START-Fr0_cleaned,Orai1WT-START-Fr0_cleaned,7T2I_E9F_ligand_start_conf,success,,28.27,35,15,15,5,0,412.52,29,53,6,5,3,2,7,107.85,2.91,C20H24N6O2S,223,21026,1,3,5,5,True,True,cuda,NVIDIA GeForce RTX 4070 Laptop GPU
2026-05-02T15:15:17.249174,7T3E_SLB_ligand_start_conf__Orai1WT-START-Fr0_cleaned,Orai1WT-START-Fr0_cleaned,7T3E_SLB_ligand_start_conf,success,,34.01,35,15,15,5,0,309.27,21,40,11,1,0,7,9,176.78,-3.87,C11H19NO9,223,21026,1,3,5,5,True,True,cuda,NVIDIA GeForce RTX 4070 Laptop GPU
2026-05-02T15:15:17.250495,7T3F_EM0_ligand_start_conf__Orai1WT-START-Fr0_cleaned,Orai1WT-START-Fr0_cleaned,7T3F_EM0_ligand_start_conf,success,,23.09,35,15,15,5,0,349.39,24,40,5,3,2,2,3,78.51,2.91,C16H16FN3O3S,223,21026,1,3,5,5,True,True,cuda,NVIDIA GeForce RTX 4070 Laptop GPU
2026-05-02T15:15:17.251845,7T9O_GEI_ligand_start_conf__Orai1WT-START-Fr0_cleaned,Orai1WT-START-Fr0_cleaned,7T9O_GEI_ligand_start_conf,success,,50.04,35,15,15,5,0,562.73,41,84,13,4,3,1,6,71.89,7.69,C34H43FN2O4,223,21026,1,3,5,5,True,True,cuda,NVIDIA GeForce RTX 4070 Laptop GPU
2026-05-02T15:15:17.253112,7TB0_UD1_ligand_start_conf__Orai1WT-START-Fr0_cleaned,Orai1WT-START-Fr0_cleaned,7TB0_UD1_ligand_start_conf,success,,39.9,35,15,15,5,0,607.36,39,66,18,3,1,9,18,305.86,-4.65,C17H27N3O17P2,223,21026,1,3,5,5,True,True,cuda,NVIDIA GeForce RTX 4070 Laptop GPU
2026-05-02T15:15:17.254781,7TBU_S3P_ligand_start_conf__Orai1WT-START-Fr0_cleaned,Orai1WT-START-Fr0_cleaned,7TBU_S3P_ligand_start_conf,success,,19.99,35,15,15,5,0,254.13,16,27,7,1,0,5,8,144.52,-1.4,C7H11O8P,223,21026,1,3,5,5,True,True,cuda,NVIDIA GeForce RTX 4070 Laptop GPU
2026-05-02T15:15:17.256175,7TE8_P0T_ligand_start_conf__Orai1WT-START-Fr0_cleaned,Orai1WT-START-Fr0_cleaned,7TE8_P0T_ligand_start_conf,success,,35.56,35,15,15,5,0,314.47,23,53,11,2,1,2,2,40.46,5.85,C21H30O2,223,21026,1,3,5,5,True,True,cuda,NVIDIA GeForce RTX 4070 Laptop GPU
2026-05-02T15:15:17.257442,7TH4_FFO_ligand_start_conf__Orai1WT-START-Fr0_cleaned,Orai1WT-START-Fr0_cleaned,7TH4_FFO_ligand_start_conf,success,,37.42,35,15,15,5,0,473.45,34,57,10,3,2,7,11,219.84,-0.73,C20H23N7O7,223,21026,1,3,5,5,True,True,cuda,NVIDIA GeForce RTX 4070 Laptop GPU
2026-05-02T15:15:17.258686,7THI_PGA_ligand_start_conf__Orai1WT-START-Fr0_cleaned,Orai1WT-START-Fr0_cleaned,7THI_PGA_ligand_start_conf,success,,15.16,35,15,15,5,0,156.03,9,14,5,0,0,3,6,104.06,-0.82,C2H5O6P,223,21026,1,3,5,5,True,True,cuda,NVIDIA GeForce RTX 4070 Laptop GPU
2026-05-02T15:15:17.259997,7TM6_GPJ_ligand_start_conf__Orai1WT-START-Fr0_cleaned,Orai1WT-START-Fr0_cleaned,7TM6_GPJ_ligand_start_conf,success,,20.36,35,15,15,5,0,170.08,10,19,6,0,0,4,5,111.44,-2.23,C3H9NO5P+,223,21026,1,3,5,5,True,True,cuda,NVIDIA GeForce RTX 4070 Laptop GPU
2026-05-02T15:15:17.261456,7TOM_5AD_ligand_start_conf__Orai1WT-START-Fr0_cleaned,Orai1WT-START-Fr0_cleaned,7TOM_5AD_ligand_start_conf,success,,20.75,35,15,15,5,0,251.25,18,31,5,3,2,3,8,119.31,-0.95,C10H13N5O3,223,21026,1,3,5,5,True,True,cuda,NVIDIA GeForce RTX 4070 Laptop GPU
2026-05-02T15:15:17.262755,7TS6_KMI_ligand_start_conf__Orai1WT-START-Fr0_cleaned,Orai1WT-START-Fr0_cleaned,7TS6_KMI_ligand_start_conf,success,,22.99,35,15,15,5,0,227.31,17,34,6,2,2,2,3,50.94,2.36,C14H17N3,223,21026,1,3,5,5,True,True,cuda,NVIDIA GeForce RTX 4070 Laptop GPU
2026-05-02T15:15:17.263982,7TSF_H4B_ligand_start_conf__Orai1WT-START-Fr0_cleaned,Orai1WT-START-Fr0_cleaned,7TSF_H4B_ligand_start_conf,success,,24.35,35,15,15,5,0,241.25,17,32,6,2,1,6,7,136.29,-1.7,C9H15N5O3,223,21026,1,3,5,5,True,True,cuda,NVIDIA GeForce RTX 4070 Laptop GPU
2026-05-02T15:15:17.265229,7TUO_KL9_ligand_start_conf__Orai1WT-START-Fr0_cleaned,Orai1WT-START-Fr0_cleaned,7TUO_KL9_ligand_start_conf,success,,32.42,35,15,15,5,0,421.57,30,57,7,5,3,3,6,92.93,3.55,C23H27N5OS,223,21026,1,3,5,5,True,True,cuda,NVIDIA GeForce RTX 4070 Laptop GPU
2026-05-02T15:15:17.266581,7TWC_CXS_ligand_start_conf__Orai1WT-START-Fr0_cleaned,Orai1WT-START-Fr0_cleaned,7TWC_CXS_ligand_start_conf,success,,25.56,35,15,15,5,0,221.32,14,33,6,1,0,2,4,66.4,1.19,C9H19NO3S,223,21026,1,3,5,5,True,True,cuda,NVIDIA GeForce RTX 4070 Laptop GPU
2026-05-02T15:15:17.267856,7TXK_LW8_ligand_start_conf__Orai1WT-START-Fr0_cleaned,Orai1WT-START-Fr0_cleaned,7TXK_LW8_ligand_start_conf,success,,28.91,35,15,15,5,0,230.31,15,31,7,1,1,3,3,68.88,0.77,C9H16N3O2S+,223,21026,1,3,5,5,True,True,cuda,NVIDIA GeForce RTX 4070 Laptop GPU
2026-05-02T15:15:17.269124,7TXP_0FX_ligand_start_conf__Orai1WT-START-Fr0_cleaned,Orai1WT-START-Fr0_cleaned,7TXP_0FX_ligand_start_conf,success,,37.11,35,15,15,5,0,547.35,35,62,16,3,1,7,16,262.32,-2.46,C16H27N3O14P2,223,21026,1,3,5,5,True,True,cuda,NVIDIA GeForce RTX 4070 Laptop GPU
2026-05-02T15:15:17.270372,7TYP_KUR_ligand_start_conf__Orai1WT-START-Fr0_cleaned,Orai1WT-START-Fr0_cleaned,7TYP_KUR_ligand_start_conf,success,,31.25,35,15,15,5,0,500.58,37,66,6,6,4,1,6,96.25,4.54,C28H29FN6O2,223,21026,1,3,5,5,True,True,cuda,NVIDIA GeForce RTX 4070 Laptop GPU
2026-05-02T15:15:17.271598,7U0U_FK5_ligand_start_conf__Orai1WT-START-Fr0_cleaned,Orai1WT-START-Fr0_cleaned,7U0U_FK5_ligand_start_conf,success,,53.33,35,15,15,5,0,804.03,57,126,18,4,0,3,12,178.36,4.64,C44H69NO12,223,21026,1,3,5,5,True,True,cuda,NVIDIA GeForce RTX 4070 Laptop GPU
2026-05-02T15:15:17.272934,7U3J_L6U_ligand_start_conf__Orai1WT-START-Fr0_cleaned,Orai1WT-START-Fr0_cleaned,7U3J_L6U_ligand_start_conf,success,,50.24,35,15,15,5,0,538.67,38,72,17,3,3,4,7,117.79,2.58,C28H34N4O5S,223,21026,1,3,5,5,True,True,cuda,NVIDIA GeForce RTX 4070 Laptop GPU
2026-05-02T15:15:17.274260,7UAS_MBU_ligand_start_conf__Orai1WT-START-Fr0_cleaned,Orai1WT-START-Fr0_cleaned,7UAS_MBU_ligand_start_conf,success,,39.1,35,15,15,5,0,548.61,40,71,10,6,4,0,6,68.84,6.0,C30H31F3N6O,223,21026,1,3,5,5,True,True,cuda,NVIDIA GeForce RTX 4070 Laptop GPU
2026-05-02T15:15:17.275478,7UAW_MF6_ligand_start_conf__Orai1WT-START-Fr0_cleaned,Orai1WT-START-Fr0_cleaned,7UAW_MF6_ligand_start_conf,success,,25.19,35,15,15,5,0,541.3,35,56,7,5,2,6,18,260.29,-2.24,C15H21N5O13P2,223,21026,1,3,5,5,True,True,cuda,NVIDIA GeForce RTX 4070 Laptop GPU
2026-05-02T15:15:17.276757,7UEY_N0R_ligand_start_conf__Orai1WT-START-Fr0_cleaned,Orai1WT-START-Fr0_cleaned,7UEY_N0R_ligand_start_conf,success,,26.68,35,15,15,5,0,389.84,27,47,6,3,2,2,6,98.66,0.95,C18H20ClN5O3,223,21026,1,3,5,5,True,True,cuda,NVIDIA GeForce RTX 4070 Laptop GPU
2026-05-02T15:15:17.277984,7UF2_5SP_ligand_start_conf__Orai1WT-START-Fr0_cleaned,Orai1WT-START-Fr0_cleaned,7UF2_5SP_ligand_start_conf,success,,23.44,35,15,15,5,0,230.11,14,25,11,0,0,5,8,144.52,-2.62,C5H11O8P,223,21026,1,3,5,5,True,True,cuda,NVIDIA GeForce RTX 4070 Laptop GPU
2026-05-02T15:15:17.279516,7UJ4_OQ4_ligand_start_conf__Orai1WT-START-Fr0_cleaned,Orai1WT-START-Fr0_cleaned,7UJ4_OQ4_ligand_start_conf,success,,48.68,35,15,15,5,0,630.83,44,91,15,5,2,1,8,107.97,4.68,C32H47FN6O4S,223,21026,1,3,5,5,True,True,cuda,NVIDIA GeForce RTX 4070 Laptop GPU
2026-05-02T15:15:17.281002,7UJ5_DGL_ligand_start_conf__Orai1WT-START-Fr0_cleaned,Orai1WT-START-Fr0_cleaned,7UJ5_DGL_ligand_start_conf,success,,19.41,35,15,15,5,0,147.13,10,19,5,0,0,3,5,100.62,-0.74,C5H9NO4,223,21026,1,3,5,5,True,True,cuda,NVIDIA GeForce RTX 4070 Laptop GPU
2026-05-02T15:15:17.282237,7UJF_R3V_ligand_start_conf__Orai1WT-START-Fr0_cleaned,Orai1WT-START-Fr0_cleaned,7UJF_R3V_ligand_start_conf,success,,31.43,35,15,15,5,0,427.59,32,65,8,5,3,1,3,32.7,5.97,C29H33NO2,223,21026,1,3,5,5,True,True,cuda,NVIDIA GeForce RTX 4070 Laptop GPU
2026-05-02T15:15:17.283442,7ULC_56B_ligand_start_conf__Orai1WT-START-Fr0_cleaned,Orai1WT-START-Fr0_cleaned,7ULC_56B_ligand_start_conf,success,,33.78,35,15,15,5,0,489.38,33,57,14,4,2,9,14,245.64,-3.21,C17H24N5O10P,223,21026,1,3,5,5,True,True,cuda,NVIDIA GeForce RTX 4070 Laptop GPU
2026-05-02T15:15:17.284716,7UMV_NUU_ligand_start_conf__Orai1WT-START-Fr0_cleaned,Orai1WT-START-Fr0_cleaned,7UMV_NUU_ligand_start_conf,success,,27.2,35,15,15,5,0,313.43,22,41,3,3,2,0,5,55.74,3.34,C17H19N3OS,223,21026,1,3,5,5,True,True,cuda,NVIDIA GeForce RTX 4070 Laptop GPU
2026-05-02T15:15:17.286101,7UMW_NAD_ligand_start_conf__Orai1WT-START-Fr0_cleaned,Orai1WT-START-Fr0_cleaned,7UMW_NAD_ligand_start_conf,success,,39.3,35,15,15,5,0,663.43,44,71,17,5,3,7,19,321.09,-3.65,C21H27N7O14P2,223,21026,1,3,5,5,True,True,cuda,NVIDIA GeForce RTX 4070 Laptop GPU
2026-05-02T15:15:17.287428,7UP3_NZ0_ligand_start_conf__Orai1WT-START-Fr0_cleaned,Orai1WT-START-Fr0_cleaned,7UP3_NZ0_ligand_start_conf,success,,22.6,35,15,15,5,0,332.34,23,35,6,3,3,3,7,147.74,0.07,C13H12N6O3S,223,21026,1,3,5,5,True,True,cuda,NVIDIA GeForce RTX 4070 Laptop GPU
2026-05-02T15:15:17.288725,7UQ3_O2U_ligand_start_conf__Orai1WT-START-Fr0_cleaned,Orai1WT-START-Fr0_cleaned,7UQ3_O2U_ligand_start_conf,success,,14.68,35,15,15,5,0,173.12,12,19,3,1,0,2,5,94.91,-0.77,C6H7NO5,223,21026,1,3,5,5,True,True,cuda,NVIDIA GeForce RTX 4070 Laptop GPU
2026-05-02T15:15:17.289997,7USH_82V_ligand_start_conf__Orai1WT-START-Fr0_cleaned,Orai1WT-START-Fr0_cleaned,7USH_82V_ligand_start_conf,success,,18.28,35,15,15,5,0,371.41,26,43,2,5,3,0,7,61.14,3.13,C19H17NO5S,223,21026,1,3,5,5,True,True,cuda,NVIDIA GeForce RTX 4070 Laptop GPU
2026-05-02T15:15:17.291673,7UTW_NAI_ligand_start_conf__Orai1WT-START-Fr0_cleaned,Orai1WT-START-Fr0_cleaned,7UTW_NAI_ligand_start_conf,success,,41.2,35,15,15,5,0,665.45,44,73,18,5,2,8,20,317.62,-2.69,C21H29N7O14P2,223,21026,1,3,5,5,True,True,cuda,NVIDIA GeForce RTX 4070 Laptop GPU
2026-05-02T15:15:17.293133,7UXS_OJC_ligand_start_conf__Orai1WT-START-Fr0_cleaned,Orai1WT-START-Fr0_cleaned,7UXS_OJC_ligand_start_conf,success,,25.82,35,15,15,5,0,541.3,35,56,7,5,2,6,18,260.29,-2.24,C15H21N5O13P2,223,21026,1,3,5,5,True,True,cuda,NVIDIA GeForce RTX 4070 Laptop GPU
2026-05-02T15:15:17.294421,7UY4_SMI_ligand_start_conf__Orai1WT-START-Fr0_cleaned,Orai1WT-START-Fr0_cleaned,7UY4_SMI_ligand_start_conf,success,,28.86,35,15,15,5,0,350.37,24,50,10,3,0,7,10,152.9,-3.81,C14H26N2O8,223,21026,1,3,5,5,True,True,cuda,NVIDIA GeForce RTX 4070 Laptop GPU
2026-05-02T15:15:17.295712,7UYB_OK0_ligand_start_conf__Orai1WT-START-Fr0_cleaned,Orai1WT-START-Fr0_cleaned,7UYB_OK0_ligand_start_conf,success,,26.98,35,15,15,5,0,452.46,31,50,5,4,3,3,6,126.65,2.67,C19H19F3N6O2S,223,21026,1,3,5,5,True,True,cuda,NVIDIA GeForce RTX 4070 Laptop GPU
2026-05-02T15:15:17.297238,7V14_ORU_ligand_start_conf__Orai1WT-START-Fr0_cleaned,Orai1WT-START-Fr0_cleaned,7V14_ORU_ligand_start_conf,success,,28.31,35,15,15,5,0,508.97,35,53,7,6,5,0,9,101.25,4.46,C23H18ClFN8OS,223,21026,1,3,5,5,True,True,cuda,NVIDIA GeForce RTX 4070 Laptop GPU
2026-05-02T15:15:17.298532,7V3N_AKG_ligand_start_conf__Orai1WT-START-Fr0_cleaned,Orai1WT-START-Fr0_cleaned,7V3N_AKG_ligand_start_conf,success,,16.56,35,15,15,5,0,146.1,10,16,4,0,0,2,5,91.67,-0.5,C5H6O5,223,21026,1,3,5,5,True,True,cuda,NVIDIA GeForce RTX 4070 Laptop GPU
2026-05-02T15:15:17.299819,7V3S_5I9_ligand_start_conf__Orai1WT-START-Fr0_cleaned,Orai1WT-START-Fr0_cleaned,7V3S_5I9_ligand_start_conf,success,,27.01,35,15,15,5,0,514.49,38,58,6,6,4,3,6,101.58,6.36,C28H20F2N4O4,223,21026,1,3,5,5,True,True,cuda,NVIDIA GeForce RTX 4070 Laptop GPU
2026-05-02T15:15:17.301114,7V43_C4O_ligand_start_conf__Orai1WT-START-Fr0_cleaned,Orai1WT-START-Fr0_cleaned,7V43_C4O_ligand_start_conf,success,,9.86,35,15,15,5,0,126.59,8,15,1,1,1,0,0,0.0,2.65,C7H7Cl,223,21026,1,3,5,5,True,True,cuda,NVIDIA GeForce RTX 4070 Laptop GPU
2026-05-02T15:15:17.302390,7V8Z_5YH_ligand_start_conf__Orai1WT-START-Fr0_cleaned,Orai1WT-START-Fr0_cleaned,7V8Z_5YH_ligand_start_conf,success,,23.93,35,15,15,5,0,345.35,25,42,5,4,3,2,3,57.5,2.46,C18H17F2N3O2,223,21026,1,3,5,5,True,True,cuda,NVIDIA GeForce RTX 4070 Laptop GPU
2026-05-02T15:15:17.303729,7VB8_STL_ligand_start_conf__Orai1WT-START-Fr0_cleaned,Orai1WT-START-Fr0_cleaned,7VB8_STL_ligand_start_conf,success,,14.42,35,15,15,5,0,228.25,17,29,5,2,2,3,3,60.69,2.97,C14H12O3,223,21026,1,3,5,5,True,True,cuda,NVIDIA GeForce RTX 4070 Laptop GPU
2026-05-02T15:15:17.305074,7VBU_6I4_ligand_start_conf__Orai1WT-START-Fr0_cleaned,Orai1WT-START-Fr0_cleaned,7VBU_6I4_ligand_start_conf,success,,17.15,35,15,15,5,0,222.29,17,31,2,4,3,1,1,28.68,3.9,C15H14N2,223,21026,1,3,5,5,True,True,cuda,NVIDIA GeForce RTX 4070 Laptop GPU
2026-05-02T15:15:17.306389,7VC5_9SF_ligand_start_conf__Orai1WT-START-Fr0_cleaned,Orai1WT-START-Fr0_cleaned,7VC5_9SF_ligand_start_conf,success,,23.73,35,15,15,5,0,301.35,22,41,5,3,2,2,6,84.22,0.47,C16H19N3O3,223,21026,1,3,5,5,True,True,cuda,NVIDIA GeForce RTX 4070 Laptop GPU
2026-05-02T15:15:17.307799,7VJT_7IJ_ligand_start_conf__Orai1WT-START-Fr0_cleaned,Orai1WT-START-Fr0_cleaned,7VJT_7IJ_ligand_start_conf,success,,20.58,35,15,15,5,0,365.38,27,46,4,5,4,2,6,87.05,4.09,C21H19NO5,223,21026,1,3,5,5,True,True,cuda,NVIDIA GeForce RTX 4070 Laptop GPU
2026-05-02T15:15:17.309124,7VKZ_NOJ_ligand_start_conf__Orai1WT-START-Fr0_cleaned,Orai1WT-START-Fr0_cleaned,7VKZ_NOJ_ligand_start_conf,success,,16.31,35,15,15,5,0,163.17,11,24,5,1,0,5,5,92.95,-2.97,C6H13NO4,223,21026,1,3,5,5,True,True,cuda,NVIDIA GeForce RTX 4070 Laptop GPU
2026-05-02T15:15:17.310465,7VQ9_ISY_ligand_start_conf__Orai1WT-START-Fr0_cleaned,Orai1WT-START-Fr0_cleaned,7VQ9_ISY_ligand_start_conf,success,,21.54,35,15,15,5,0,262.16,14,26,10,0,0,3,7,104.06,1.9,C5H12O6P2S,223,21026,1,3,5,5,True,True,cuda,NVIDIA GeForce RTX 4070 Laptop GPU
2026-05-02T15:15:17.311841,7VWF_K55_ligand_start_conf__Orai1WT-START-Fr0_cleaned,Orai1WT-START-Fr0_cleaned,7VWF_K55_ligand_start_conf,success,,42.66,35,15,15,5,0,469.47,33,60,13,2,2,2,4,75.63,5.61,C24H27F4NO4,223,21026,1,3,5,5,True,True,cuda,NVIDIA GeForce RTX 4070 Laptop GPU
2026-05-02T15:15:17.313405,7VYJ_CA0_ligand_start_conf__Orai1WT-START-Fr0_cleaned,Orai1WT-START-Fr0_cleaned,7VYJ_CA0_ligand_start_conf,success,,26.0,35,15,15,5,0,390.25,26,41,9,3,2,5,13,218.16,-1.76,C11H15N6O8P,223,21026,1,3,5,5,True,True,cuda,NVIDIA GeForce RTX 4070 Laptop GPU
2026-05-02T15:15:17.314931,7W05_GMP_ligand_start_conf__Orai1WT-START-Fr0_cleaned,Orai1WT-START-Fr0_cleaned,7W05_GMP_ligand_start_conf,success,,20.68,35,15,15,5,0,283.24,20,33,6,3,2,5,9,159.51,-2.69,C10H13N5O5,223,21026,1,3,5,5,True,True,cuda,NVIDIA GeForce RTX 4070 Laptop GPU
2026-05-02T15:15:17.316618,7W06_ITN_ligand_start_conf__Orai1WT-START-Fr0_cleaned,Orai1WT-START-Fr0_cleaned,7W06_ITN_ligand_start_conf,success,,13.06,35,15,15,5,0,130.1,9,15,3,0,0,2,4,74.6,0.1,C5H6O4,223,21026,1,3,5,5,True,True,cuda,NVIDIA GeForce RTX 4070 Laptop GPU
2026-05-02T15:15:17.318105,7W6F_8I6_ligand_start_conf__Orai1WT-START-Fr0_cleaned,Orai1WT-START-Fr0_cleaned,7W6F_8I6_ligand_start_conf,success,,38.27,35,15,15,5,0,280.36,20,44,12,1,1,3,4,77.76,4.09,C16H24O4,223,21026,1,3,5,5,True,True,cuda,NVIDIA GeForce RTX 4070 Laptop GPU
2026-05-02T15:15:17.319672,7WCF_ACP_ligand_start_conf__Orai1WT-START-Fr0_cleaned,Orai1WT-START-Fr0_cleaned,7WCF_ACP_ligand_start_conf,success,,33.38,35,15,15,5,0,505.21,31,49,15,3,2,7,17,269.9,-1.52,C11H18N5O12P3,223,21026,1,3,5,5,True,True,cuda,NVIDIA GeForce RTX 4070 Laptop GPU
2026-05-02T15:15:17.321170,7WDT_NGS_ligand_start_conf__Orai1WT-START-Fr0_cleaned,Orai1WT-START-Fr0_cleaned,7WDT_NGS_ligand_start_conf,success,,25.32,35,15,15,5,0,301.27,19,34,9,1,0,5,9,162.62,-3.25,C8H15NO9S,223,21026,1,3,5,5,True,True,cuda,NVIDIA GeForce RTX 4070 Laptop GPU
2026-05-02T15:15:17.322806,7WJB_BGC_ligand_start_conf__Orai1WT-START-Fr0_cleaned,Orai1WT-START-Fr0_cleaned,7WJB_BGC_ligand_start_conf,success,,15.73,35,15,15,5,0,180.16,12,24,6,1,0,5,6,110.38,-3.22,C6H12O6,223,21026,1,3,5,5,True,True,cuda,NVIDIA GeForce RTX 4070 Laptop GPU
2026-05-02T15:15:17.324458,7WKL_CAQ_ligand_start_conf__Orai1WT-START-Fr0_cleaned,Orai1WT-START-Fr0_cleaned,7WKL_CAQ_ligand_start_conf,success,,9.36,35,15,15,5,0,110.11,8,14,2,1,1,2,2,40.46,1.1,C6H6O2,223,21026,1,3,5,5,True,True,cuda,NVIDIA GeForce RTX 4070 Laptop GPU
2026-05-02T15:15:17.325953,7WL4_JFU_ligand_start_conf__Orai1WT-START-Fr0_cleaned,Orai1WT-START-Fr0_cleaned,7WL4_JFU_ligand_start_conf,success,,30.43,35,15,15,5,0,487.53,34,57,7,5,3,1,6,85.85,3.05,C23H23F2N5O3S,223,21026,1,3,5,5,True,True,cuda,NVIDIA GeForce RTX 4070 Laptop GPU
2026-05-02T15:15:17.327392,7WN5_JGL_ligand_start_conf__Orai1WT-START-Fr0_cleaned,Orai1WT-START-Fr0_cleaned,7WN5_JGL_ligand_start_conf,success,,32.62,35,15,15,5,0,526.52,37,57,9,5,5,2,7,119.22,5.02,C25H20F2N4O5S,223,21026,1,3,5,5,True,True,cuda,NVIDIA GeForce RTX 4070 Laptop GPU
2026-05-02T15:15:17.328929,7WPW_F15_ligand_start_conf__Orai1WT-START-Fr0_cleaned,Orai1WT-START-Fr0_cleaned,7WPW_F15_ligand_start_conf,success,,48.99,35,15,15,5,0,242.4,17,47,14,0,0,1,2,37.3,5.16,C15H30O2,223,21026,1,3,5,5,True,True,cuda,NVIDIA GeForce RTX 4070 Laptop GPU
2026-05-02T15:15:17.330391,7WQQ_5Z6_ligand_start_conf__Orai1WT-START-Fr0_cleaned,Orai1WT-START-Fr0_cleaned,7WQQ_5Z6_ligand_start_conf,success,,38.47,35,15,15,5,0,364.48,27,55,4,2,2,1,3,54.37,5.88,C24H28O3,223,21026,1,3,5,5,True,True,cuda,NVIDIA GeForce RTX 4070 Laptop GPU
2026-05-02T15:15:17.331839,7WUX_6OI_ligand_start_conf__Orai1WT-START-Fr0_cleaned,Orai1WT-START-Fr0_cleaned,7WUX_6OI_ligand_start_conf,success,,34.21,35,15,15,5,0,272.28,17,33,12,0,0,5,9,173.17,-2.31,C7H16N2O7S,223,21026,1,3,5,5,True,True,cuda,NVIDIA GeForce RTX 4070 Laptop GPU
2026-05-02T15:15:17.333253,7WUY_76N_ligand_start_conf__Orai1WT-START-Fr0_cleaned,Orai1WT-START-Fr0_cleaned,7WUY_76N_ligand_start_conf,success,,26.04,35,15,15,5,0,415.49,30,59,7,5,1,4,6,123.15,2.0,C23H29NO6,223,21026,1,3,5,5,True,True,cuda,NVIDIA GeForce RTX 4070 Laptop GPU
2026-05-02T15:15:17.335012,7WY1_D0L_ligand_start_conf__Orai1WT-START-Fr0_cleaned,Orai1WT-START-Fr0_cleaned,7WY1_D0L_ligand_start_conf,success,,42.11,35,15,15,5,0,360.5,26,58,12,2,1,2,4,69.64,3.23,C21H32N2O3,223,21026,1,3,5,5,True,True,cuda,NVIDIA GeForce RTX 4070 Laptop GPU
2026-05-02T15:15:17.336495,7X5N_5M5_ligand_start_conf__Orai1WT-START-Fr0_cleaned,Orai1WT-START-Fr0_cleaned,7X5N_5M5_ligand_start_conf,success,,31.57,35,15,15,5,0,400.48,30,54,9,4,3,3,5,107.95,3.91,C24H24N4O2,223,21026,1,3,5,5,True,True,cuda,NVIDIA GeForce RTX 4070 Laptop GPU
2026-05-02T15:15:17.337991,7X9K_8OG_ligand_start_conf__Orai1WT-START-Fr0_cleaned,Orai1WT-START-Fr0_cleaned,7X9K_8OG_ligand_start_conf,success,,23.48,35,15,15,5,0,363.22,24,38,8,3,2,6,11,205.78,-2.25,C10H14N5O8P,223,21026,1,3,5,5,True,True,cuda,NVIDIA GeForce RTX 4070 Laptop GPU
2026-05-02T15:15:17.339385,7XBV_APC_ligand_start_conf__Orai1WT-START-Fr0_cleaned,Orai1WT-START-Fr0_cleaned,7XBV_APC_ligand_start_conf,success,,33.99,35,15,15,5,0,505.21,31,49,15,3,2,7,17,269.9,-1.52,C11H18N5O12P3,223,21026,1,3,5,5,True,True,cuda,NVIDIA GeForce RTX 4070 Laptop GPU
2026-05-02T15:15:17.341032,7XEK_9YX_ligand_start_conf__Orai1WT-START-Fr0_cleaned,Orai1WT-START-Fr0_cleaned,7XEK_9YX_ligand_start_conf,success,,25.29,35,15,15,5,0,350.29,22,37,9,2,1,5,10,149.21,0.49,C11H15N2O7PS,223,21026,1,3,5,5,True,True,cuda,NVIDIA GeForce RTX 4070 Laptop GPU
2026-05-02T15:15:17.342507,7XFA_D9J_ligand_start_conf__Orai1WT-START-Fr0_cleaned,Orai1WT-START-Fr0_cleaned,7XFA_D9J_ligand_start_conf,success,,31.07,35,15,15,5,0,621.35,41,60,9,5,4,3,10,131.34,3.83,C24H19Cl2F5N6O4,223,21026,1,3,5,5,True,True,cuda,NVIDIA GeForce RTX 4070 Laptop GPU
2026-05-02T15:15:17.343960,7XG5_PLP_ligand_start_conf__Orai1WT-START-Fr0_cleaned,Orai1WT-START-Fr0_cleaned,7XG5_PLP_ligand_start_conf,success,,17.65,35,15,15,5,0,247.14,16,26,8,1,1,3,7,116.95,0.52,C8H10NO6P,223,21026,1,3,5,5,True,True,cuda,NVIDIA GeForce RTX 4070 Laptop GPU
2026-05-02T15:15:17.345351,7XI7_4RI_ligand_start_conf__Orai1WT-START-Fr0_cleaned,Orai1WT-START-Fr0_cleaned,7XI7_4RI_ligand_start_conf,success,,30.33,35,15,15,5,0,270.38,20,42,9,2,2,2,4,77.82,3.43,C16H22N4,223,21026,1,3,5,5,True,True,cuda,NVIDIA GeForce RTX 4070 Laptop GPU
2026-05-02T15:15:17.346856,7XIJ_EJ3_ligand_start_conf__Orai1WT-START-Fr0_cleaned,Orai1WT-START-Fr0_cleaned,7XIJ_EJ3_ligand_start_conf,success,,29.02,35,15,15,5,0,450.43,33,52,8,4,4,2,8,115.45,3.8,C23H19FN4O5,223,21026,1,3,5,5,True,True,cuda,NVIDIA GeForce RTX 4070 Laptop GPU
2026-05-02T15:15:17.348255,7XJN_NSD_ligand_start_conf__Orai1WT-START-Fr0_cleaned,Orai1WT-START-Fr0_cleaned,7XJN_NSD_ligand_start_conf,success,,26.26,35,15,15,5,0,131.22,9,26,8,0,0,3,3,64.07,-0.73,C6H17N3,223,21026,1,3,5,5,True,True,cuda,NVIDIA GeForce RTX 4070 Laptop GPU
2026-05-02T15:15:17.349726,7XPO_UPG_ligand_start_conf__Orai1WT-START-Fr0_cleaned,Orai1WT-START-Fr0_cleaned,7XPO_UPG_ligand_start_conf,success,,35.08,35,15,15,5,0,566.3,36,60,17,3,1,9,18,296.99,-4.79,C15H24N2O17P2,223,21026,1,3,5,5,True,True,cuda,NVIDIA GeForce RTX 4070 Laptop GPU
2026-05-02T15:15:17.351170,7XQZ_FPF_ligand_start_conf__Orai1WT-START-Fr0_cleaned,Orai1WT-START-Fr0_cleaned,7XQZ_FPF_ligand_start_conf,success,,41.25,35,15,15,5,0,400.32,25,52,18,0,0,3,7,113.29,4.93,C15H27FO7P2,223,21026,1,3,5,5,True,True,cuda,NVIDIA GeForce RTX 4070 Laptop GPU
2026-05-02T15:15:17.352678,7XRL_FWK_ligand_start_conf__Orai1WT-START-Fr0_cleaned,Orai1WT-START-Fr0_cleaned,7XRL_FWK_ligand_start_conf,success,,22.37,35,15,15,5,0,265.27,19,34,6,3,2,3,8,119.31,-0.56,C11H15N5O3,223,21026,1,3,5,5,True,True,cuda,NVIDIA GeForce RTX 4070 Laptop GPU
2026-05-02T15:15:17.354276,7YZU_DO7_ligand_start_conf__Orai1WT-START-Fr0_cleaned,Orai1WT-START-Fr0_cleaned,7YZU_DO7_ligand_start_conf,success,,22.88,35,15,15,5,0,258.25,16,30,8,1,0,4,8,133.52,-2.67,C7H14O8S,223,21026,1,3,5,5,True,True,cuda,NVIDIA GeForce RTX 4070 Laptop GPU
2026-05-02T15:15:17.355826,7Z1Q_NIO_ligand_start_conf__Orai1WT-START-Fr0_cleaned,Orai1WT-START-Fr0_cleaned,7Z1Q_NIO_ligand_start_conf,success,,9.37,35,15,15,5,0,123.11,9,14,1,1,1,1,3,50.19,0.78,C6H5NO2,223,21026,1,3,5,5,True,True,cuda,NVIDIA GeForce RTX 4070 Laptop GPU
2026-05-02T15:15:17.357214,7Z2O_IAJ_ligand_start_conf__Orai1WT-START-Fr0_cleaned,Orai1WT-START-Fr0_cleaned,7Z2O_IAJ_ligand_start_conf,success,,10.13,35,15,15,5,0,205.24,14,21,2,3,3,0,5,39.42,1.95,C9H7N3OS,223,21026,1,3,5,5,True,True,cuda,NVIDIA GeForce RTX 4070 Laptop GPU
2026-05-02T15:15:17.358888,7Z7F_IF3_ligand_start_conf__Orai1WT-START-Fr0_cleaned,Orai1WT-START-Fr0_cleaned,7Z7F_IF3_ligand_start_conf,success,,17.79,35,15,15,5,0,192.23,14,26,5,2,2,2,6,67.66,0.45,C8H12N6,223,21026,1,3,5,5,True,True,cuda,NVIDIA GeForce RTX 4070 Laptop GPU
2026-05-02T15:15:17.360409,7ZCC_OGA_ligand_start_conf__Orai1WT-START-Fr0_cleaned,Orai1WT-START-Fr0_cleaned,7ZCC_OGA_ligand_start_conf,success,,15.88,35,15,15,5,0,147.09,10,15,2,0,0,3,5,103.7,-1.73,C4H5NO5,223,21026,1,3,5,5,True,True,cuda,NVIDIA GeForce RTX 4070 Laptop GPU
2026-05-02T15:15:17.361816,7ZDY_6MJ_ligand_start_conf__Orai1WT-START-Fr0_cleaned,Orai1WT-START-Fr0_cleaned,7ZDY_6MJ_ligand_start_conf,success,,14.38,35,15,15,5,0,164.16,11,23,5,1,0,3,5,79.15,-1.93,C6H12O5,223,21026,1,3,5,5,True,True,cuda,NVIDIA GeForce RTX 4070 Laptop GPU
2026-05-02T15:15:17.363145,7ZF0_DHR_ligand_start_conf__Orai1WT-START-Fr0_cleaned,Orai1WT-START-Fr0_cleaned,7ZF0_DHR_ligand_start_conf,success,,12.76,35,15,15,5,0,149.15,11,18,3,1,1,2,3,64.25,0.95,C8H7NO2,223,21026,1,3,5,5,True,True,cuda,NVIDIA GeForce RTX 4070 Laptop GPU
2026-05-02T15:15:17.364571,7ZHP_IQY_ligand_start_conf__Orai1WT-START-Fr0_cleaned,Orai1WT-START-Fr0_cleaned,7ZHP_IQY_ligand_start_conf,success,,27.8,35,15,15,5,0,360.46,27,51,6,4,3,3,4,87.82,3.6,C22H24N4O,223,21026,1,3,5,5,True,True,cuda,NVIDIA GeForce RTX 4070 Laptop GPU
2026-05-02T15:15:17.365994,7ZL5_IWE_ligand_start_conf__Orai1WT-START-Fr0_cleaned,Orai1WT-START-Fr0_cleaned,7ZL5_IWE_ligand_start_conf,success,,22.75,35,15,15,5,0,370.85,23,34,6,3,3,3,7,126.65,1.84,C12H11ClN6O2S2,223,21026,1,3,5,5,True,True,cuda,NVIDIA GeForce RTX 4070 Laptop GPU
2026-05-02T15:15:17.367440,7ZOC_T8E_ligand_start_conf__Orai1WT-START-Fr0_cleaned,Orai1WT-START-Fr0_cleaned,7ZOC_T8E_ligand_start_conf,success,,20.13,35,15,15,5,0,223.3,15,28,6,1,1,2,3,46.17,2.15,C11H13NO2S,223,21026,1,3,5,5,True,True,cuda,NVIDIA GeForce RTX 4070 Laptop GPU
2026-05-02T15:15:17.368794,7ZTL_BCN_ligand_start_conf__Orai1WT-START-Fr0_cleaned,Orai1WT-START-Fr0_cleaned,7ZTL_BCN_ligand_start_conf,success,,22.18,35,15,15,5,0,163.17,11,24,8,0,0,3,5,81.0,-1.64,C6H13NO4,223,21026,1,3,5,5,True,True,cuda,NVIDIA GeForce RTX 4070 Laptop GPU
2026-05-02T15:15:17.370161,7ZU2_DHT_ligand_start_conf__Orai1WT-START-Fr0_cleaned,Orai1WT-START-Fr0_cleaned,7ZU2_DHT_ligand_start_conf,success,,21.98,35,15,15,5,0,290.45,21,51,3,4,0,1,2,37.3,3.96,C19H30O2,223,21026,1,3,5,5,True,True,cuda,NVIDIA GeForce RTX 4070 Laptop GPU
2026-05-02T15:15:17.371564,7ZXV_45D_ligand_start_conf__Orai1WT-START-Fr0_cleaned,Orai1WT-START-Fr0_cleaned,7ZXV_45D_ligand_start_conf,success,,51.1,35,15,15,5,0,564.85,42,94,20,2,0,0,2,34.14,10.96,C40H52O2,223,21026,1,3,5,5,True,True,cuda,NVIDIA GeForce RTX 4070 Laptop GPU
2026-05-02T15:15:17.372967,7ZXZ_K9R_ligand_start_conf__Orai1WT-START-Fr0_cleaned,Orai1WT-START-Fr0_cleaned,7ZXZ_K9R_ligand_start_conf,success,,38.81,35,15,15,5,0,507.7,33,62,11,4,1,5,7,104.37,2.38,C23H29N3O4S3,223,21026,1,3,5,5,True,True,cuda,NVIDIA GeForce RTX 4070 Laptop GPU
2026-05-02T15:15:17.374367,7ZYS_KNR_ligand_start_conf__Orai1WT-START-Fr0_cleaned,Orai1WT-START-Fr0_cleaned,7ZYS_KNR_ligand_start_conf,success,,45.85,35,15,15,5,0,615.78,44,93,10,2,1,9,7,233.42,-0.6,C30H49N9O5,223,21026,1,3,5,5,True,True,cuda,NVIDIA GeForce RTX 4070 Laptop GPU
2026-05-02T15:15:17.375819,7ZZB_KGX_ligand_start_conf__Orai1WT-START-Fr0_cleaned,Orai1WT-START-Fr0_cleaned,7ZZB_KGX_ligand_start_conf,success,,50.37,35,15,15,5,0,712.69,51,87,18,6,4,10,21,346.31,-4.93,C28H36N14O9,223,21026,1,3,5,5,True,True,cuda,NVIDIA GeForce RTX 4070 Laptop GPU
2026-05-02T15:15:17.377440,7ZZW_KKW_ligand_start_conf__Orai1WT-START-Fr0_cleaned,Orai1WT-START-Fr0_cleaned,7ZZW_KKW_ligand_start_conf,success,,22.04,35,15,15,5,0,426.97,29,52,3,5,3,1,5,48.47,3.74,C22H23ClN4OS,223,21026,1,3,5,5,True,True,cuda,NVIDIA GeForce RTX 4070 Laptop GPU
2026-05-02T15:15:17.378960,8A1H_DLZ_ligand_start_conf__Orai1WT-START-Fr0_cleaned,Orai1WT-START-Fr0_cleaned,8A1H_DLZ_ligand_start_conf,success,,33.49,35,15,15,5,0,326.31,23,41,11,2,0,5,9,161.56,-2.88,C13H18N4O6,223,21026,1,3,5,5,True,True,cuda,NVIDIA GeForce RTX 4070 Laptop GPU
2026-05-02T15:15:17.380407,8A2D_KXY_ligand_start_conf__Orai1WT-START-Fr0_cleaned,Orai1WT-START-Fr0_cleaned,8A2D_KXY_ligand_start_conf,success,,37.74,35,15,15,5,0,681.81,49,86,10,8,5,2,9,101.1,6.2,C37H37F2N7O2S,223,21026,1,3,5,5,True,True,cuda,NVIDIA GeForce RTX 4070 Laptop GPU
2026-05-02T15:15:17.381771,8AAU_LH0_ligand_start_conf__Orai1WT-START-Fr0_cleaned,Orai1WT-START-Fr0_cleaned,8AAU_LH0_ligand_start_conf,success,,26.88,35,15,15,5,0,431.29,27,41,7,3,3,1,5,59.81,5.83,C17H14Cl2F2N4OS,223,21026,1,3,5,5,True,True,cuda,NVIDIA GeForce RTX 4070 Laptop GPU
2026-05-02T15:15:17.383315,8ACL_LQL_ligand_start_conf__Orai1WT-START-Fr0_cleaned,Orai1WT-START-Fr0_cleaned,8ACL_LQL_ligand_start_conf,success,,25.59,35,15,15,5,0,475.4,31,51,5,4,3,1,5,65.54,4.1,C22H20Cl2N4O2S,223,21026,1,3,5,5,True,True,cuda,NVIDIA GeForce RTX 4070 Laptop GPU
2026-05-02T15:15:17.384880,8AEM_LVF_ligand_start_conf__Orai1WT-START-Fr0_cleaned,Orai1WT-START-Fr0_cleaned,8AEM_LVF_ligand_start_conf,success,,10.6,35,15,15,5,0,190.63,13,20,1,2,2,1,1,39.58,2.89,C10H7ClN2,223,21026,1,3,5,5,True,True,cuda,NVIDIA GeForce RTX 4070 Laptop GPU
2026-05-02T15:15:17.386327,8AEU_M0L_ligand_start_conf__Orai1WT-START-Fr0_cleaned,Orai1WT-START-Fr0_cleaned,8AEU_M0L_ligand_start_conf,success,,33.89,35,15,15,5,0,593.51,41,71,9,5,3,1,5,83.47,6.4,C31H30Cl2N4O4,223,21026,1,3,5,5,True,True,cuda,NVIDIA GeForce RTX 4070 Laptop GPU
2026-05-02T15:15:17.387676,8AIE_M7L_ligand_start_conf__Orai1WT-START-Fr0_cleaned,Orai1WT-START-Fr0_cleaned,8AIE_M7L_ligand_start_conf,success,,28.9,35,15,15,5,0,349.24,23,39,13,1,1,5,11,184.79,-0.38,C11H16N3O8P,223,21026,1,3,5,5,True,True,cuda,NVIDIA GeForce RTX 4070 Laptop GPU
2026-05-02T15:15:17.389045,8AIJ_M9I_ligand_start_conf__Orai1WT-START-Fr0_cleaned,Orai1WT-START-Fr0_cleaned,8AIJ_M9I_ligand_start_conf,success,,22.7,35,15,15,5,0,267.28,19,36,6,2,1,4,5,99.02,-0.76,C13H17NO5,223,21026,1,3,5,5,True,True,cuda,NVIDIA GeForce RTX 4070 Laptop GPU
2026-05-02T15:15:17.390478,8AJX_FUM_ligand_start_conf__Orai1WT-START-Fr0_cleaned,Orai1WT-START-Fr0_cleaned,8AJX_FUM_ligand_start_conf,success,,10.64,35,15,15,5,0,116.07,8,12,2,0,0,2,4,74.6,-0.29,C4H4O4,223,21026,1,3,5,5,True,True,cuda,NVIDIA GeForce RTX 4070 Laptop GPU
2026-05-02T15:15:17.391943,8AP0_PRP_ligand_start_conf__Orai1WT-START-Fr0_cleaned,Orai1WT-START-Fr0_cleaned,8AP0_PRP_ligand_start_conf,success,,26.66,35,15,15,5,0,390.07,22,35,14,1,0,7,14,229.74,-2.23,C5H13O14P3,223,21026,1,3,5,5,True,True,cuda,NVIDIA GeForce RTX 4070 Laptop GPU
2026-05-02T15:15:17.393334,8AQL_PLG_ligand_start_conf__Orai1WT-START-Fr0_cleaned,Orai1WT-START-Fr0_cleaned,8AQL_PLG_ligand_start_conf,success,,28.84,35,15,15,5,0,306.21,20,35,11,1,1,5,9,149.21,-0.12,C10H15N2O7P,223,21026,1,3,5,5,True,True,cuda,NVIDIA GeForce RTX 4070 Laptop GPU
2026-05-02T15:15:17.394939,8AUH_L9I_ligand_start_conf__Orai1WT-START-Fr0_cleaned,Orai1WT-START-Fr0_cleaned,8AUH_L9I_ligand_start_conf,success,,16.68,35,15,15,5,0,159.14,11,20,6,0,0,1,5,75.96,-0.03,C6H9NO4,223,21026,1,3,5,5,True,True,cuda,NVIDIA GeForce RTX 4070 Laptop GPU
2026-05-02T15:15:17.396676,8AY3_OE3_ligand_start_conf__Orai1WT-START-Fr0_cleaned,Orai1WT-START-Fr0_cleaned,8AY3_OE3_ligand_start_conf,success,,27.74,35,15,15,5,0,356.45,25,45,7,3,3,1,4,68.17,2.81,C19H20N2O3S,223,21026,1,3,5,5,True,True,cuda,NVIDIA GeForce RTX 4070 Laptop GPU
2026-05-02T15:15:17.398144,8B8H_OJQ_ligand_start_conf__Orai1WT-START-Fr0_cleaned,Orai1WT-START-Fr0_cleaned,8B8H_OJQ_ligand_start_conf,success,,27.27,35,15,15,5,0,332.23,22,37,11,2,2,5,9,162.75,-0.21,C11H15N3O7P+,223,21026,1,3,5,5,True,True,cuda,NVIDIA GeForce RTX 4070 Laptop GPU
2026-05-02T15:15:17.399495,8BN6_R53_ligand_start_conf__Orai1WT-START-Fr0_cleaned,Orai1WT-START-Fr0_cleaned,8BN6_R53_ligand_start_conf,success,,24.05,35,15,15,5,0,455.32,29,45,5,4,3,3,7,107.55,4.03,C18H16Cl2N4O4S,223,21026,1,3,5,5,True,True,cuda,NVIDIA GeForce RTX 4070 Laptop GPU
2026-05-02T15:15:17.400836,8BOM_QU6_ligand_start_conf__Orai1WT-START-Fr0_cleaned,Orai1WT-START-Fr0_cleaned,8BOM_QU6_ligand_start_conf,success,,28.9,35,15,15,5,0,465.52,35,58,9,5,5,2,8,106.85,4.74,C26H23N7O2,223,21026,1,3,5,5,True,True,cuda,NVIDIA GeForce RTX 4070 Laptop GPU
2026-05-02T15:15:17.402199,8BPL_CP_ligand_start_conf__Orai1WT-START-Fr0_cleaned,Orai1WT-START-Fr0_cleaned,8BPL_CP_ligand_start_conf,success,,11.44,35,15,15,5,0,141.02,8,12,3,0,0,3,5,109.85,-0.83,CH4NO5P,223,21026,1,3,5,5,True,True,cuda,NVIDIA GeForce RTX 4070 Laptop GPU
2026-05-02T15:15:17.403547,8BRO_R7E_ligand_start_conf__Orai1WT-START-Fr0_cleaned,Orai1WT-START-Fr0_cleaned,8BRO_R7E_ligand_start_conf,success,,29.69,35,15,15,5,0,362.38,26,48,9,3,2,5,7,138.18,-0.04,C18H22N2O6,223,21026,1,3,5,5,True,True,cuda,NVIDIA GeForce RTX 4070 Laptop GPU
2026-05-02T15:15:17.404842,8BTI_RFO_ligand_start_conf__Orai1WT-START-Fr0_cleaned,Orai1WT-START-Fr0_cleaned,8BTI_RFO_ligand_start_conf,success,,14.42,35,15,15,5,0,223.66,15,25,3,2,2,0,3,31.23,2.58,C11H10ClNO2,223,21026,1,3,5,5,True,True,cuda,NVIDIA GeForce RTX 4070 Laptop GPU
2026-05-02T15:15:17.406150,8C3N_ADP_ligand_start_conf__Orai1WT-START-Fr0_cleaned,Orai1WT-START-Fr0_cleaned,8C3N_ADP_ligand_start_conf,success,,27.37,35,15,15,5,0,427.2,27,42,12,3,2,6,15,232.6,-1.75,C10H15N5O10P2,223,21026,1,3,5,5,True,True,cuda,NVIDIA GeForce RTX 4070 Laptop GPU
2026-05-02T15:15:17.407453,8C5D_GTB_ligand_start_conf__Orai1WT-START-Fr0_cleaned,Orai1WT-START-Fr0_cleaned,8C5D_GTB_ligand_start_conf,success,,40.77,35,15,15,5,0,442.45,30,52,14,1,1,5,10,201.96,-0.29,C17H22N4O8S,223,21026,1,3,5,5,True,True,cuda,NVIDIA GeForce RTX 4070 Laptop GPU
2026-05-02T15:15:17.408814,8C5M_MTA_ligand_start_conf__Orai1WT-START-Fr0_cleaned,Orai1WT-START-Fr0_cleaned,8C5M_MTA_ligand_start_conf,success,,22.78,35,15,15,5,0,297.34,20,35,7,3,2,3,9,119.31,-0.61,C11H15N5O3S,223,21026,1,3,5,5,True,True,cuda,NVIDIA GeForce RTX 4070 Laptop GPU
2026-05-02T15:15:17.410135,8C7Y_TXV_ligand_start_conf__Orai1WT-START-Fr0_cleaned,Orai1WT-START-Fr0_cleaned,8C7Y_TXV_ligand_start_conf,success,,27.76,35,15,15,5,0,478.89,34,51,7,4,4,2,4,98.64,5.78,C25H17ClF2N4O2,223,21026,1,3,5,5,True,True,cuda,NVIDIA GeForce RTX 4070 Laptop GPU
2026-05-02T15:15:17.411473,8CGC_LMR_ligand_start_conf__Orai1WT-START-Fr0_cleaned,Orai1WT-START-Fr0_cleaned,8CGC_LMR_ligand_start_conf,success,,16.63,35,15,15,5,0,134.09,9,15,4,0,0,3,5,94.83,-1.09,C4H6O5,223,21026,1,3,5,5,True,True,cuda,NVIDIA GeForce RTX 4070 Laptop GPU
2026-05-02T15:15:17.412742,8CI0_8EL_ligand_start_conf__Orai1WT-START-Fr0_cleaned,Orai1WT-START-Fr0_cleaned,8CI0_8EL_ligand_start_conf,success,,31.58,35,15,15,5,0,426.33,26,46,14,2,1,4,12,168.33,1.72,C12H20N4O7P2S,223,21026,1,3,5,5,True,True,cuda,NVIDIA GeForce RTX 4070 Laptop GPU
2026-05-02T15:15:17.414233,8CNH_V6U_ligand_start_conf__Orai1WT-START-Fr0_cleaned,Orai1WT-START-Fr0_cleaned,8CNH_V6U_ligand_start_conf,success,,23.91,35,15,15,5,0,357.8,25,41,7,3,3,1,7,95.92,2.49,C17H16ClN5O2,223,21026,1,3,5,5,True,True,cuda,NVIDIA GeForce RTX 4070 Laptop GPU
2026-05-02T15:15:17.415560,8CSD_C5P_ligand_start_conf__Orai1WT-START-Fr0_cleaned,Orai1WT-START-Fr0_cleaned,8CSD_C5P_ligand_start_conf,success,,24.0,35,15,15,5,0,323.2,21,35,9,2,1,5,11,177.36,-2.45,C9H14N3O8P,223,21026,1,3,5,5,True,True,cuda,NVIDIA GeForce RTX 4070 Laptop GPU
2026-05-02T15:15:17.416897,8D19_GSH_ligand_start_conf__Orai1WT-START-Fr0_cleaned,Orai1WT-START-Fr0_cleaned,8D19_GSH_ligand_start_conf,success,,36.83,35,15,15,5,0,307.33,20,37,11,0,0,6,8,158.82,-2.21,C10H17N3O6S,223,21026,1,3,5,5,True,True,cuda,NVIDIA GeForce RTX 4070 Laptop GPU
2026-05-02T15:15:17.418140,8D39_QDB_ligand_start_conf__Orai1WT-START-Fr0_cleaned,Orai1WT-START-Fr0_cleaned,8D39_QDB_ligand_start_conf,success,,13.66,35,15,15,5,0,226.23,17,27,3,2,2,1,3,54.37,2.62,C14H10O3,223,21026,1,3,5,5,True,True,cuda,NVIDIA GeForce RTX 4070 Laptop GPU
2026-05-02T15:15:17.419424,8D5D_5DK_ligand_start_conf__Orai1WT-START-Fr0_cleaned,Orai1WT-START-Fr0_cleaned,8D5D_5DK_ligand_start_conf,success,,37.4,35,15,15,5,0,403.33,27,49,14,1,1,7,10,211.44,-0.16,C14H22N5O7P,223,21026,1,3,5,5,True,True,cuda,NVIDIA GeForce RTX 4070 Laptop GPU
2026-05-02T15:15:17.420769,8DHG_T78_ligand_start_conf__Orai1WT-START-Fr0_cleaned,Orai1WT-START-Fr0_cleaned,8DHG_T78_ligand_start_conf,success,,34.36,35,15,15,5,0,518.86,35,54,11,3,3,2,9,124.16,3.02,C20H19ClF4N6O4,223,21026,1,3,5,5,True,True,cuda,NVIDIA GeForce RTX 4070 Laptop GPU
2026-05-02T15:15:17.422112,8DKO_TFB_ligand_start_conf__Orai1WT-START-Fr0_cleaned,Orai1WT-START-Fr0_cleaned,8DKO_TFB_ligand_start_conf,success,,10.45,35,15,15,5,0,116.12,8,16,1,1,0,1,3,46.53,0.25,C5H8O3,223,21026,1,3,5,5,True,True,cuda,NVIDIA GeForce RTX 4070 Laptop GPU
2026-05-02T15:15:17.423461,8DP2_UMA_ligand_start_conf__Orai1WT-START-Fr0_cleaned,Orai1WT-START-Fr0_cleaned,8DP2_UMA_ligand_start_conf,success,,52.26,35,15,15,5,0,750.5,49,85,24,3,1,10,21,361.26,-4.65,C23H36N4O20P2,223,21026,1,3,5,5,True,True,cuda,NVIDIA GeForce RTX 4070 Laptop GPU
2026-05-02T15:15:17.424770,8DSC_NCA_ligand_start_conf__Orai1WT-START-Fr0_cleaned,Orai1WT-START-Fr0_cleaned,8DSC_NCA_ligand_start_conf,success,,9.85,35,15,15,5,0,122.13,9,15,1,1,1,1,2,55.98,0.18,C6H6N2O,223,21026,1,3,5,5,True,True,cuda,NVIDIA GeForce RTX 4070 Laptop GPU
2026-05-02T15:15:17.426416,8DW5_FQ7_ligand_start_conf__Orai1WT-START-Fr0_cleaned,Orai1WT-START-Fr0_cleaned,8DW5_FQ7_ligand_start_conf,success,,13.65,35,15,15,5,0,282.13,18,27,3,2,2,2,3,49.33,4.44,C13H9Cl2NO2,223,21026,1,3,5,5,True,True,cuda,NVIDIA GeForce RTX 4070 Laptop GPU
2026-05-02T15:15:17.427943,8DZT_G4P_ligand_start_conf__Orai1WT-START-Fr0_cleaned,Orai1WT-START-Fr0_cleaned,8DZT_G4P_ligand_start_conf,success,,33.36,35,15,15,5,0,603.16,36,53,18,3,2,9,21,345.63,-2.22,C10H17N5O17P4,223,21026,1,3,5,5,True,True,cuda,NVIDIA GeForce RTX 4070 Laptop GPU
2026-05-02T15:15:17.429347,8E77_ULP_ligand_start_conf__Orai1WT-START-Fr0_cleaned,Orai1WT-START-Fr0_cleaned,8E77_ULP_ligand_start_conf,success,,48.53,35,15,15,5,0,849.48,55,89,25,4,2,11,25,414.94,-3.41,C25H34N5O22P3,223,21026,1,3,5,5,True,True,cuda,NVIDIA GeForce RTX 4070 Laptop GPU
2026-05-02T15:15:17.430761,8EAB_VN2_ligand_start_conf__Orai1WT-START-Fr0_cleaned,Orai1WT-START-Fr0_cleaned,8EAB_VN2_ligand_start_conf,success,,34.11,35,15,15,5,0,688.55,49,70,7,5,5,2,4,83.98,8.98,C34H21F9N4O2,223,21026,1,3,5,5,True,True,cuda,NVIDIA GeForce RTX 4070 Laptop GPU
2026-05-02T15:15:17.432317,8EAD_UY0_ligand_start_conf__Orai1WT-START-Fr0_cleaned,Orai1WT-START-Fr0_cleaned,8EAD_UY0_ligand_start_conf,success,,40.93,35,15,15,5,0,559.14,38,73,11,4,3,3,8,108.48,5.94,C27H35ClN6O3S,223,21026,1,3,5,5,True,True,cuda,NVIDIA GeForce RTX 4070 Laptop GPU
2026-05-02T15:15:17.433814,8ERS_WQO_ligand_start_conf__Orai1WT-START-Fr0_cleaned,Orai1WT-START-Fr0_cleaned,8ERS_WQO_ligand_start_conf,success,,20.03,35,15,15,5,0,313.31,23,38,5,3,2,3,6,109.85,2.13,C17H15NO5,223,21026,1,3,5,5,True,True,cuda,NVIDIA GeForce RTX 4070 Laptop GPU
2026-05-02T15:15:17.435322,8EX2_Q2Q_ligand_start_conf__Orai1WT-START-Fr0_cleaned,Orai1WT-START-Fr0_cleaned,8EX2_Q2Q_ligand_start_conf,success,,18.06,35,15,15,5,0,355.32,26,38,2,4,3,0,4,47.25,4.73,C19H12F3N3O,223,21026,1,3,5,5,True,True,cuda,NVIDIA GeForce RTX 4070 Laptop GPU
2026-05-02T15:15:17.436801,8EXL_799_ligand_start_conf__Orai1WT-START-Fr0_cleaned,Orai1WT-START-Fr0_cleaned,8EXL_799_ligand_start_conf,success,,34.87,35,15,15,5,0,460.54,34,62,10,5,4,1,9,118.67,3.17,C24H28N8O2,223,21026,1,3,5,5,True,True,cuda,NVIDIA GeForce RTX 4070 Laptop GPU
2026-05-02T15:15:17.438252,8EYE_X4I_ligand_start_conf__Orai1WT-START-Fr0_cleaned,Orai1WT-START-Fr0_cleaned,8EYE_X4I_ligand_start_conf,success,,27.98,35,15,15,5,0,465.38,33,49,8,3,3,4,4,90.46,3.82,C22H16F5N3O3,223,21026,1,3,5,5,True,True,cuda,NVIDIA GeForce RTX 4070 Laptop GPU
2026-05-02T15:15:17.439740,8F4J_PHO_ligand_start_conf__Orai1WT-START-Fr0_cleaned,Orai1WT-START-Fr0_cleaned,8F4J_PHO_ligand_start_conf,success,,68.03,35,15,15,5,0,871.22,64,138,31,6,3,2,7,127.03,13.96,C55H74N4O5,223,21026,1,3,5,5,True,True,cuda,NVIDIA GeForce RTX 4070 Laptop GPU
2026-05-02T15:15:17.441248,8F8E_XJI_ligand_start_conf__Orai1WT-START-Fr0_cleaned,Orai1WT-START-Fr0_cleaned,8F8E_XJI_ligand_start_conf,success,,25.44,35,15,15,5,0,439.25,29,43,6,3,3,3,3,100.87,4.01,C19H14Cl2F2N4O2,223,21026,1,3,5,5,True,True,cuda,NVIDIA GeForce RTX 4070 Laptop GPU
2026-05-02T15:15:17.442665,8FAV_4Y5_ligand_start_conf__Orai1WT-START-Fr0_cleaned,Orai1WT-START-Fr0_cleaned,8FAV_4Y5_ligand_start_conf,success,,20.69,35,15,15,5,0,480.78,33,43,3,4,4,1,5,72.19,6.04,C22H10ClF5N2O3,223,21026,1,3,5,5,True,True,cuda,NVIDIA GeForce RTX 4070 Laptop GPU
2026-05-02T15:15:17.444226,8FLN_Y7W_ligand_start_conf__Orai1WT-START-Fr0_cleaned,Orai1WT-START-Fr0_cleaned,8FLN_Y7W_ligand_start_conf,success,,32.0,35,15,15,5,0,479.43,34,55,10,3,3,3,6,125.26,3.43,C22H21F4N5O3,223,21026,1,3,5,5,True,True,cuda,NVIDIA GeForce RTX 4070 Laptop GPU
2026-05-02T15:15:17.445890,8FLV_ZB9_ligand_start_conf__Orai1WT-START-Fr0_cleaned,Orai1WT-START-Fr0_cleaned,8FLV_ZB9_ligand_start_conf,success,,25.24,35,15,15,5,0,433.34,29,51,6,4,3,2,5,77.15,3.8,C20H22Cl2N6O,223,21026,1,3,5,5,True,True,cuda,NVIDIA GeForce RTX 4070 Laptop GPU
2026-05-02T15:15:17.447397,8FO5_Y4U_ligand_start_conf__Orai1WT-START-Fr0_cleaned,Orai1WT-START-Fr0_cleaned,8FO5_Y4U_ligand_start_conf,success,,15.6,35,15,15,5,0,249.29,17,28,4,2,2,0,4,56.14,1.93,C12H11NO3S,223,21026,1,3,5,5,True,True,cuda,NVIDIA GeForce RTX 4070 Laptop GPU
2026-05-02T15:15:17.448810,8FV9_80J_ligand_start_conf__Orai1WT-START-Fr0_cleaned,Orai1WT-START-Fr0_cleaned,8FV9_80J_ligand_start_conf,success,,27.6,35,15,15,5,0,485.15,29,44,14,2,1,6,16,250.19,-1.23,C9H15FN3O13P3,223,21026,1,3,5,5,True,True,cuda,NVIDIA GeForce RTX 4070 Laptop GPU
2026-05-02T15:15:17.450348,8G0V_YHT_ligand_start_conf__Orai1WT-START-Fr0_cleaned,Orai1WT-START-Fr0_cleaned,8G0V_YHT_ligand_start_conf,success,,24.08,35,15,15,5,0,385.27,26,42,10,3,2,4,12,175.07,-1.21,C13H16N5O7P,223,21026,1,3,5,5,True,True,cuda,NVIDIA GeForce RTX 4070 Laptop GPU
2026-05-02T15:15:17.451890,8G43_ZU6_ligand_start_conf__Orai1WT-START-Fr0_cleaned,Orai1WT-START-Fr0_cleaned,8G43_ZU6_ligand_start_conf,success,,24.93,35,15,15,5,0,289.29,21,36,6,2,2,2,6,101.29,0.16,C14H15N3O4,223,21026,1,3,5,5,True,True,cuda,NVIDIA GeForce RTX 4070 Laptop GPU
2026-05-02T15:15:17.453401,8G6P_API_ligand_start_conf__Orai1WT-START-Fr0_cleaned,Orai1WT-START-Fr0_cleaned,8G6P_API_ligand_start_conf,success,,28.87,35,15,15,5,0,190.2,13,27,8,0,0,4,6,126.64,-1.02,C7H14N2O4,223,21026,1,3,5,5,True,True,cuda,NVIDIA GeForce RTX 4070 Laptop GPU
2026-05-02T15:15:17.454785,8GFD_ZHR_ligand_start_conf__Orai1WT-START-Fr0_cleaned,Orai1WT-START-Fr0_cleaned,8GFD_ZHR_ligand_start_conf,success,,27.75,35,15,15,5,0,365.38,26,49,10,3,2,4,7,121.39,-0.06,C18H23NO7,223,21026,1,3,5,5,True,True,cuda,NVIDIA GeForce RTX 4070 Laptop GPU
2026-05-02T15:15:17.456205,8H0M_2EH_ligand_start_conf__Orai1WT-START-Fr0_cleaned,Orai1WT-START-Fr0_cleaned,8H0M_2EH_ligand_start_conf,success,,27.96,35,15,15,5,0,130.23,9,27,8,0,0,1,1,20.23,2.2,C8H18O,223,21026,1,3,5,5,True,True,cuda,NVIDIA GeForce RTX 4070 Laptop GPU
2026-05-02T15:15:17.457611,8HFN_XGC_ligand_start_conf__Orai1WT-START-Fr0_cleaned,Orai1WT-START-Fr0_cleaned,8HFN_XGC_ligand_start_conf,success,,23.38,35,15,15,5,0,367.45,24,41,9,2,2,3,7,111.38,0.82,C15H17N3O4S2,223,21026,1,3,5,5,True,True,cuda,NVIDIA GeForce RTX 4070 Laptop GPU
2026-05-02T15:15:17.459053,8HO0_3ZI_ligand_start_conf__Orai1WT-START-Fr0_cleaned,Orai1WT-START-Fr0_cleaned,8HO0_3ZI_ligand_start_conf,success,,14.89,35,15,15,5,0,301.32,22,38,2,4,2,2,2,65.2,1.34,C16H16FN3O2,223,21026,1,3,5,5,True,True,cuda,NVIDIA GeForce RTX 4070 Laptop GPU
2026-05-02T15:15:17.460437,8SLG_G5A_ligand_start_conf__Orai1WT-START-Fr0_cleaned,Orai1WT-START-Fr0_cleaned,8SLG_G5A_ligand_start_conf,success,,24.18,35,15,15,5,0,403.38,27,44,10,3,2,5,13,217.8,-3.64,C12H17N7O7S,223,21026,1,3,5,5,True,True,cuda,NVIDIA GeForce RTX 4070 Laptop GPU
