key,expected,actual,ok,source
cohort.benchmark_ids,308,308,True,body_main_short.tex:192
cohort.analysed_complexes,303,303,True,body_main_short.tex:192
determinism.benchmark,'0 (sign)',0,True,"body_appendix_short.tex, ""Orai1 Panels"""
determinism.orai_control,'0 (sign)',0,True,"body_appendix_short.tex, ""Orai1 Panels"""
determinism.orai_experimental,'24 (sign)',24,True,"body_appendix_short.tex, ""Orai1 Panels"""
table_1[autodock_mgltools_exh128].poses,8976,8976,True,"body_main_short.tex:261, tab:results-pose-production"
table_1[autodock_mgltools_exh128].valid_complexes,303,303,True,"body_main_short.tex:261, tab:results-pose-production"
table_1[autodock_mgltools_exh128].valid_poses,8943,8943,True,"body_main_short.tex:261, tab:results-pose-production"
table_1[autodock_mgltools_exh128].valid_pct,99.6,np.float64(99.6),True,"body_main_short.tex:261, tab:results-pose-production"
table_1[autodock_mgltools_exh128].near_complexes,202,202,True,"body_main_short.tex:261, tab:results-pose-production"
table_1[autodock_mgltools_exh128].near_poses,307,307,True,"body_main_short.tex:261, tab:results-pose-production"
table_1[autodock_mgltools_exh128].near_pct,3.4,np.float64(3.4),True,"body_main_short.tex:261, tab:results-pose-production"
table_1[autodock_mgltools_exh128].form_complexes,225,225,True,"body_main_short.tex:261, tab:results-pose-production"
table_1[autodock_mgltools_exh128].form_poses,2848,2848,True,"body_main_short.tex:261, tab:results-pose-production"
table_1[autodock_mgltools_exh128].form_pct,31.7,np.float64(31.7),True,"body_main_short.tex:261, tab:results-pose-production"
table_1[autodock_mgltools_exh128].triple_complexes,164,164,True,"body_main_short.tex:261, tab:results-pose-production"
table_1[autodock_mgltools_exh128].triple_poses,221,221,True,"body_main_short.tex:261, tab:results-pose-production"
table_1[autodock_mgltools_exh128].triple_pct,2.5,np.float64(2.5),True,"body_main_short.tex:261, tab:results-pose-production"
table_1[autodock_mgltools_exh128_gnina].poses,8976,8976,True,"body_main_short.tex:261, tab:results-pose-production"
table_1[autodock_mgltools_exh128_gnina].valid_complexes,301,301,True,"body_main_short.tex:261, tab:results-pose-production"
table_1[autodock_mgltools_exh128_gnina].valid_poses,8880,8880,True,"body_main_short.tex:261, tab:results-pose-production"
table_1[autodock_mgltools_exh128_gnina].valid_pct,98.9,np.float64(98.9),True,"body_main_short.tex:261, tab:results-pose-production"
table_1[autodock_mgltools_exh128_gnina].near_complexes,202,202,True,"body_main_short.tex:261, tab:results-pose-production"
table_1[autodock_mgltools_exh128_gnina].near_poses,319,319,True,"body_main_short.tex:261, tab:results-pose-production"
table_1[autodock_mgltools_exh128_gnina].near_pct,3.6,np.float64(3.6),True,"body_main_short.tex:261, tab:results-pose-production"
table_1[autodock_mgltools_exh128_gnina].form_complexes,227,227,True,"body_main_short.tex:261, tab:results-pose-production"
table_1[autodock_mgltools_exh128_gnina].form_poses,2836,2836,True,"body_main_short.tex:261, tab:results-pose-production"
table_1[autodock_mgltools_exh128_gnina].form_pct,31.6,np.float64(31.6),True,"body_main_short.tex:261, tab:results-pose-production"
table_1[autodock_mgltools_exh128_gnina].triple_complexes,160,160,True,"body_main_short.tex:261, tab:results-pose-production"
table_1[autodock_mgltools_exh128_gnina].triple_poses,221,221,True,"body_main_short.tex:261, tab:results-pose-production"
table_1[autodock_mgltools_exh128_gnina].triple_pct,2.5,np.float64(2.5),True,"body_main_short.tex:261, tab:results-pose-production"
table_1[diffdock].poses,9013,9013,True,"body_main_short.tex:261, tab:results-pose-production"
table_1[diffdock].valid_complexes,242,242,True,"body_main_short.tex:261, tab:results-pose-production"
table_1[diffdock].valid_poses,2198,2198,True,"body_main_short.tex:261, tab:results-pose-production"
table_1[diffdock].valid_pct,24.4,np.float64(24.4),True,"body_main_short.tex:261, tab:results-pose-production"
table_1[diffdock].near_complexes,152,152,True,"body_main_short.tex:261, tab:results-pose-production"
table_1[diffdock].near_poses,1683,1683,True,"body_main_short.tex:261, tab:results-pose-production"
table_1[diffdock].near_pct,18.7,np.float64(18.7),True,"body_main_short.tex:261, tab:results-pose-production"
table_1[diffdock].form_complexes,225,225,True,"body_main_short.tex:261, tab:results-pose-production"
table_1[diffdock].form_poses,4012,4012,True,"body_main_short.tex:261, tab:results-pose-production"
table_1[diffdock].form_pct,44.5,np.float64(44.5),True,"body_main_short.tex:261, tab:results-pose-production"
table_1[diffdock].triple_complexes,83,83,True,"body_main_short.tex:261, tab:results-pose-production"
table_1[diffdock].triple_poses,722,722,True,"body_main_short.tex:261, tab:results-pose-production"
table_1[diffdock].triple_pct,8.0,np.float64(8.0),True,"body_main_short.tex:261, tab:results-pose-production"
table_1[diffdock_smina].poses,8993,8993,True,"body_main_short.tex:261, tab:results-pose-production"
table_1[diffdock_smina].valid_complexes,300,300,True,"body_main_short.tex:261, tab:results-pose-production"
table_1[diffdock_smina].valid_poses,7597,7597,True,"body_main_short.tex:261, tab:results-pose-production"
table_1[diffdock_smina].valid_pct,84.5,np.float64(84.5),True,"body_main_short.tex:261, tab:results-pose-production"
table_1[diffdock_smina].near_complexes,173,173,True,"body_main_short.tex:261, tab:results-pose-production"
table_1[diffdock_smina].near_poses,1715,1715,True,"body_main_short.tex:261, tab:results-pose-production"
table_1[diffdock_smina].near_pct,19.1,np.float64(19.1),True,"body_main_short.tex:261, tab:results-pose-production"
table_1[diffdock_smina].form_complexes,237,237,True,"body_main_short.tex:261, tab:results-pose-production"
table_1[diffdock_smina].form_poses,3903,3903,True,"body_main_short.tex:261, tab:results-pose-production"
table_1[diffdock_smina].form_pct,43.4,np.float64(43.4),True,"body_main_short.tex:261, tab:results-pose-production"
table_1[diffdock_smina].triple_complexes,138,138,True,"body_main_short.tex:261, tab:results-pose-production"
table_1[diffdock_smina].triple_poses,1227,1227,True,"body_main_short.tex:261, tab:results-pose-production"
table_1[diffdock_smina].triple_pct,13.6,np.float64(13.6),True,"body_main_short.tex:261, tab:results-pose-production"
table_1[diffdock_gnina].poses,8993,8993,True,"body_main_short.tex:261, tab:results-pose-production"
table_1[diffdock_gnina].valid_complexes,300,300,True,"body_main_short.tex:261, tab:results-pose-production"
table_1[diffdock_gnina].valid_poses,7831,7831,True,"body_main_short.tex:261, tab:results-pose-production"
table_1[diffdock_gnina].valid_pct,87.1,np.float64(87.1),True,"body_main_short.tex:261, tab:results-pose-production"
table_1[diffdock_gnina].near_complexes,176,176,True,"body_main_short.tex:261, tab:results-pose-production"
table_1[diffdock_gnina].near_poses,1716,1716,True,"body_main_short.tex:261, tab:results-pose-production"
table_1[diffdock_gnina].near_pct,19.1,np.float64(19.1),True,"body_main_short.tex:261, tab:results-pose-production"
table_1[diffdock_gnina].form_complexes,235,235,True,"body_main_short.tex:261, tab:results-pose-production"
table_1[diffdock_gnina].form_poses,3873,3873,True,"body_main_short.tex:261, tab:results-pose-production"
table_1[diffdock_gnina].form_pct,43.1,np.float64(43.1),True,"body_main_short.tex:261, tab:results-pose-production"
table_1[diffdock_gnina].triple_complexes,138,138,True,"body_main_short.tex:261, tab:results-pose-production"
table_1[diffdock_gnina].triple_poses,1219,1219,True,"body_main_short.tex:261, tab:results-pose-production"
table_1[diffdock_gnina].triple_pct,13.6,np.float64(13.6),True,"body_main_short.tex:261, tab:results-pose-production"
table_1[equibind_unguided_raw].poses,9090,9090,True,"body_main_short.tex:261, tab:results-pose-production"
table_1[equibind_unguided_raw].valid_complexes,35,35,True,"body_main_short.tex:261, tab:results-pose-production"
table_1[equibind_unguided_raw].valid_poses,263,263,True,"body_main_short.tex:261, tab:results-pose-production"
table_1[equibind_unguided_raw].valid_pct,2.9,np.float64(2.9),True,"body_main_short.tex:261, tab:results-pose-production"
table_1[equibind_unguided_raw].near_complexes,19,19,True,"body_main_short.tex:261, tab:results-pose-production"
table_1[equibind_unguided_raw].near_poses,103,103,True,"body_main_short.tex:261, tab:results-pose-production"
table_1[equibind_unguided_raw].near_pct,1.1,np.float64(1.1),True,"body_main_short.tex:261, tab:results-pose-production"
table_1[equibind_unguided_raw].form_complexes,185,185,True,"body_main_short.tex:261, tab:results-pose-production"
table_1[equibind_unguided_raw].form_poses,2479,2479,True,"body_main_short.tex:261, tab:results-pose-production"
table_1[equibind_unguided_raw].form_pct,27.3,np.float64(27.3),True,"body_main_short.tex:261, tab:results-pose-production"
table_1[equibind_unguided_raw].triple_complexes,2,2,True,"body_main_short.tex:261, tab:results-pose-production"
table_1[equibind_unguided_raw].triple_poses,21,21,True,"body_main_short.tex:261, tab:results-pose-production"
table_1[equibind_unguided_raw].triple_pct,0.2,np.float64(0.2),True,"body_main_short.tex:261, tab:results-pose-production"
table_1[equibind_unguided_smina].poses,9090,9090,True,"body_main_short.tex:261, tab:results-pose-production"
table_1[equibind_unguided_smina].valid_complexes,236,236,True,"body_main_short.tex:261, tab:results-pose-production"
table_1[equibind_unguided_smina].valid_poses,4664,4664,True,"body_main_short.tex:261, tab:results-pose-production"
table_1[equibind_unguided_smina].valid_pct,51.3,np.float64(51.3),True,"body_main_short.tex:261, tab:results-pose-production"
table_1[equibind_unguided_smina].near_complexes,64,64,True,"body_main_short.tex:261, tab:results-pose-production"
table_1[equibind_unguided_smina].near_poses,453,453,True,"body_main_short.tex:261, tab:results-pose-production"
table_1[equibind_unguided_smina].near_pct,5.0,np.float64(5.0),True,"body_main_short.tex:261, tab:results-pose-production"
table_1[equibind_unguided_smina].form_complexes,191,191,True,"body_main_short.tex:261, tab:results-pose-production"
table_1[equibind_unguided_smina].form_poses,2610,2610,True,"body_main_short.tex:261, tab:results-pose-production"
table_1[equibind_unguided_smina].form_pct,28.7,np.float64(28.7),True,"body_main_short.tex:261, tab:results-pose-production"
table_1[equibind_unguided_smina].triple_complexes,48,48,True,"body_main_short.tex:261, tab:results-pose-production"
table_1[equibind_unguided_smina].triple_poses,249,249,True,"body_main_short.tex:261, tab:results-pose-production"
table_1[equibind_unguided_smina].triple_pct,2.7,np.float64(2.7),True,"body_main_short.tex:261, tab:results-pose-production"
table_1[equibind_unguided_gnina].poses,9088,9088,True,"body_main_short.tex:261, tab:results-pose-production"
table_1[equibind_unguided_gnina].valid_complexes,266,266,True,"body_main_short.tex:261, tab:results-pose-production"
table_1[equibind_unguided_gnina].valid_poses,5633,5633,True,"body_main_short.tex:261, tab:results-pose-production"
table_1[equibind_unguided_gnina].valid_pct,62.0,np.float64(62.0),True,"body_main_short.tex:261, tab:results-pose-production"
table_1[equibind_unguided_gnina].near_complexes,83,83,True,"body_main_short.tex:261, tab:results-pose-production"
table_1[equibind_unguided_gnina].near_poses,498,498,True,"body_main_short.tex:261, tab:results-pose-production"
table_1[equibind_unguided_gnina].near_pct,5.5,np.float64(5.5),True,"body_main_short.tex:261, tab:results-pose-production"
table_1[equibind_unguided_gnina].form_complexes,200,200,True,"body_main_short.tex:261, tab:results-pose-production"
table_1[equibind_unguided_gnina].form_poses,2661,2661,True,"body_main_short.tex:261, tab:results-pose-production"
table_1[equibind_unguided_gnina].form_pct,29.3,np.float64(29.3),True,"body_main_short.tex:261, tab:results-pose-production"
table_1[equibind_unguided_gnina].triple_complexes,55,55,True,"body_main_short.tex:261, tab:results-pose-production"
table_1[equibind_unguided_gnina].triple_poses,282,282,True,"body_main_short.tex:261, tab:results-pose-production"
table_1[equibind_unguided_gnina].triple_pct,3.1,np.float64(3.1),True,"body_main_short.tex:261, tab:results-pose-production"
table_1[equibind_fpocket_raw].poses,9090,9090,True,"body_main_short.tex:261, tab:results-pose-production"
table_1[equibind_fpocket_raw].valid_complexes,13,13,True,"body_main_short.tex:261, tab:results-pose-production"
table_1[equibind_fpocket_raw].valid_poses,27,27,True,"body_main_short.tex:261, tab:results-pose-production"
table_1[equibind_fpocket_raw].valid_pct,0.3,np.float64(0.3),True,"body_main_short.tex:261, tab:results-pose-production"
table_1[equibind_fpocket_raw].near_complexes,0,0,True,"body_main_short.tex:261, tab:results-pose-production"
table_1[equibind_fpocket_raw].near_poses,0,0,True,"body_main_short.tex:261, tab:results-pose-production"
table_1[equibind_fpocket_raw].near_pct,0.0,np.float64(0.0),True,"body_main_short.tex:261, tab:results-pose-production"
table_1[equibind_fpocket_raw].form_complexes,180,180,True,"body_main_short.tex:261, tab:results-pose-production"
table_1[equibind_fpocket_raw].form_poses,2449,2449,True,"body_main_short.tex:261, tab:results-pose-production"
table_1[equibind_fpocket_raw].form_pct,26.9,np.float64(26.9),True,"body_main_short.tex:261, tab:results-pose-production"
table_1[equibind_fpocket_raw].triple_complexes,0,0,True,"body_main_short.tex:261, tab:results-pose-production"
table_1[equibind_fpocket_raw].triple_poses,0,0,True,"body_main_short.tex:261, tab:results-pose-production"
table_1[equibind_fpocket_raw].triple_pct,0.0,np.float64(0.0),True,"body_main_short.tex:261, tab:results-pose-production"
table_1[equibind_p2rank_raw].poses,8520,8520,True,"body_main_short.tex:261, tab:results-pose-production"
table_1[equibind_p2rank_raw].valid_complexes,12,12,True,"body_main_short.tex:261, tab:results-pose-production"
table_1[equibind_p2rank_raw].valid_poses,47,47,True,"body_main_short.tex:261, tab:results-pose-production"
table_1[equibind_p2rank_raw].valid_pct,0.6,np.float64(0.6),True,"body_main_short.tex:261, tab:results-pose-production"
table_1[equibind_p2rank_raw].near_complexes,0,0,True,"body_main_short.tex:261, tab:results-pose-production"
table_1[equibind_p2rank_raw].near_poses,0,0,True,"body_main_short.tex:261, tab:results-pose-production"
table_1[equibind_p2rank_raw].near_pct,0.0,np.float64(0.0),True,"body_main_short.tex:261, tab:results-pose-production"
table_1[equibind_p2rank_raw].form_complexes,181,181,True,"body_main_short.tex:261, tab:results-pose-production"
table_1[equibind_p2rank_raw].form_poses,2336,2336,True,"body_main_short.tex:261, tab:results-pose-production"
table_1[equibind_p2rank_raw].form_pct,27.4,np.float64(27.4),True,"body_main_short.tex:261, tab:results-pose-production"
table_1[equibind_p2rank_raw].triple_complexes,0,0,True,"body_main_short.tex:261, tab:results-pose-production"
table_1[equibind_p2rank_raw].triple_poses,0,0,True,"body_main_short.tex:261, tab:results-pose-production"
table_1[equibind_p2rank_raw].triple_pct,0.0,np.float64(0.0),True,"body_main_short.tex:261, tab:results-pose-production"
table_2[AutoDock].rank1,111,111,True,"body_main_short.tex:336, tab:results-depth-recovery"
table_2[AutoDock].top15,198,198,True,"body_main_short.tex:336, tab:results-depth-recovery"
table_2[AutoDock].top30,199,199,True,"body_main_short.tex:336, tab:results-depth-recovery"
table_2[DiffDock].rank1,103,103,True,"body_main_short.tex:336, tab:results-depth-recovery"
table_2[DiffDock].top15,167,167,True,"body_main_short.tex:336, tab:results-depth-recovery"
table_2[DiffDock].top30,169,169,True,"body_main_short.tex:336, tab:results-depth-recovery"
table_2[EquiBind].rank1,55,55,True,"body_main_short.tex:336, tab:results-depth-recovery"
table_2[EquiBind].top15,80,80,True,"body_main_short.tex:336, tab:results-depth-recovery"
table_2[EquiBind].top30,80,80,True,"body_main_short.tex:336, tab:results-depth-recovery"
table_3[AutoDock reach].top1,"[59, 53, 64]","[59, 53, 64]",True,"body_main_short.tex, tab:results-cluster-recovery"
table_3[AutoDock reach].top5,"[79, 74, 83]","[79, 74, 83]",True,"body_main_short.tex, tab:results-cluster-recovery"
table_3[AutoDock reach].top10,"[81, 76, 85]","[81, 76, 85]",True,"body_main_short.tex, tab:results-cluster-recovery"
table_3[AutoDock reach].top15,"[83, 79, 87]","[83, 79, 87]",True,"body_main_short.tex, tab:results-cluster-recovery"
table_3[DiffDock reach].top1,"[54, 49, 60]","[54, 49, 60]",True,"body_main_short.tex, tab:results-cluster-recovery"
table_3[DiffDock reach].top5,"[76, 70, 80]","[76, 70, 80]",True,"body_main_short.tex, tab:results-cluster-recovery"
table_3[DiffDock reach].top10,"[79, 74, 83]","[79, 74, 83]",True,"body_main_short.tex, tab:results-cluster-recovery"
table_3[DiffDock reach].top15,"[81, 76, 85]","[81, 76, 85]",True,"body_main_short.tex, tab:results-cluster-recovery"
table_3[EquiBind reach].top1,"[43, 37, 49]","[43, 37, 49]",True,"body_main_short.tex, tab:results-cluster-recovery"
table_3[EquiBind reach].top5,"[46, 40, 51]","[46, 40, 51]",True,"body_main_short.tex, tab:results-cluster-recovery"
table_3[EquiBind reach].top10,"[47, 41, 52]","[47, 41, 52]",True,"body_main_short.tex, tab:results-cluster-recovery"
table_3[EquiBind reach].top15,"[47, 42, 53]","[47, 42, 53]",True,"body_main_short.tex, tab:results-cluster-recovery"
table_3[AutoDock+DiffDock phi].top1,0.33,0.33,True,"body_main_short.tex, tab:results-cluster-recovery"
table_3[AutoDock+DiffDock phi].top5,0.23,0.23,True,"body_main_short.tex, tab:results-cluster-recovery"
table_3[AutoDock+DiffDock phi].top10,0.24,0.24,True,"body_main_short.tex, tab:results-cluster-recovery"
table_3[AutoDock+DiffDock phi].top15,0.23,0.23,True,"body_main_short.tex, tab:results-cluster-recovery"
table_3[AutoDock+EquiBind phi].top1,0.45,0.45,True,"body_main_short.tex, tab:results-cluster-recovery"
table_3[AutoDock+EquiBind phi].top5,0.27,0.27,True,"body_main_short.tex, tab:results-cluster-recovery"
table_3[AutoDock+EquiBind phi].top10,0.29,0.29,True,"body_main_short.tex, tab:results-cluster-recovery"
table_3[AutoDock+EquiBind phi].top15,0.28,0.28,True,"body_main_short.tex, tab:results-cluster-recovery"
table_3[DiffDock+EquiBind phi].top1,0.42,0.42,True,"body_main_short.tex, tab:results-cluster-recovery"
table_3[DiffDock+EquiBind phi].top5,0.3,0.3,True,"body_main_short.tex, tab:results-cluster-recovery"
table_3[DiffDock+EquiBind phi].top10,0.29,0.29,True,"body_main_short.tex, tab:results-cluster-recovery"
table_3[DiffDock+EquiBind phi].top15,0.26,0.26,True,"body_main_short.tex, tab:results-cluster-recovery"
table_3[all three].top1,'89/42','89/42',True,"body_main_short.tex, tab:results-cluster-recovery"
table_3[all three].top5,'114/82','114/82',True,"body_main_short.tex, tab:results-cluster-recovery"
table_3[all three].top10,'121/90','121/90',True,"body_main_short.tex, tab:results-cluster-recovery"
table_3[all three].top15,'125/96','125/96',True,"body_main_short.tex, tab:results-cluster-recovery"
table_4[AutoDock.n].k1,298,298,True,"body_main_short.tex, tab:results-native-recovery-rank"
table_4[AutoDock.n].k2,298,298,True,"body_main_short.tex, tab:results-native-recovery-rank"
table_4[AutoDock.n].k3,299,299,True,"body_main_short.tex, tab:results-native-recovery-rank"
table_4[AutoDock.n].k4,296,296,True,"body_main_short.tex, tab:results-native-recovery-rank"
table_4[AutoDock.n].k5,299,299,True,"body_main_short.tex, tab:results-native-recovery-rank"
table_4[AutoDock.precision].k1,0.561,0.5613,True,"body_main_short.tex, tab:results-native-recovery-rank"
table_4[AutoDock.precision].k2,0.55,0.5503,True,"body_main_short.tex, tab:results-native-recovery-rank"
table_4[AutoDock.precision].k3,0.485,0.4854,True,"body_main_short.tex, tab:results-native-recovery-rank"
table_4[AutoDock.precision].k4,0.497,0.4972,True,"body_main_short.tex, tab:results-native-recovery-rank"
table_4[AutoDock.precision].k5,0.439,0.4393,True,"body_main_short.tex, tab:results-native-recovery-rank"
table_4[AutoDock.recall].k1,0.572,0.5725,True,"body_main_short.tex, tab:results-native-recovery-rank"
table_4[AutoDock.recall].k2,0.548,0.5476,True,"body_main_short.tex, tab:results-native-recovery-rank"
table_4[AutoDock.recall].k3,0.477,0.4774,True,"body_main_short.tex, tab:results-native-recovery-rank"
table_4[AutoDock.recall].k4,0.479,0.4793,True,"body_main_short.tex, tab:results-native-recovery-rank"
table_4[AutoDock.recall].k5,0.414,0.4139,True,"body_main_short.tex, tab:results-native-recovery-rank"
table_4[AutoDock.f1].k1,0.565,0.565,True,"body_main_short.tex, tab:results-native-recovery-rank"
table_4[AutoDock.f1].k2,0.546,0.5465,True,"body_main_short.tex, tab:results-native-recovery-rank"
table_4[AutoDock.f1].k3,0.479,0.4791,True,"body_main_short.tex, tab:results-native-recovery-rank"
table_4[AutoDock.f1].k4,0.485,0.4847,True,"body_main_short.tex, tab:results-native-recovery-rank"
table_4[AutoDock.f1].k5,0.423,0.4231,True,"body_main_short.tex, tab:results-native-recovery-rank"
table_4[DiffDock.n].k1,282,282,True,"body_main_short.tex, tab:results-native-recovery-rank"
table_4[DiffDock.n].k2,267,267,True,"body_main_short.tex, tab:results-native-recovery-rank"
table_4[DiffDock.n].k3,277,277,True,"body_main_short.tex, tab:results-native-recovery-rank"
table_4[DiffDock.n].k4,270,270,True,"body_main_short.tex, tab:results-native-recovery-rank"
table_4[DiffDock.n].k5,275,275,True,"body_main_short.tex, tab:results-native-recovery-rank"
table_4[DiffDock.precision].k1,0.536,0.5364,True,"body_main_short.tex, tab:results-native-recovery-rank"
table_4[DiffDock.precision].k2,0.529,0.529,True,"body_main_short.tex, tab:results-native-recovery-rank"
table_4[DiffDock.precision].k3,0.52,0.5196,True,"body_main_short.tex, tab:results-native-recovery-rank"
table_4[DiffDock.precision].k4,0.497,0.4969,True,"body_main_short.tex, tab:results-native-recovery-rank"
table_4[DiffDock.precision].k5,0.528,0.528,True,"body_main_short.tex, tab:results-native-recovery-rank"
table_4[DiffDock.recall].k1,0.526,0.5262,True,"body_main_short.tex, tab:results-native-recovery-rank"
table_4[DiffDock.recall].k2,0.511,0.5106,True,"body_main_short.tex, tab:results-native-recovery-rank"
table_4[DiffDock.recall].k3,0.496,0.4961,True,"body_main_short.tex, tab:results-native-recovery-rank"
table_4[DiffDock.recall].k4,0.471,0.4705,True,"body_main_short.tex, tab:results-native-recovery-rank"
table_4[DiffDock.recall].k5,0.504,0.5035,True,"body_main_short.tex, tab:results-native-recovery-rank"
table_4[DiffDock.f1].k1,0.529,0.5286,True,"body_main_short.tex, tab:results-native-recovery-rank"
table_4[DiffDock.f1].k2,0.517,0.5166,True,"body_main_short.tex, tab:results-native-recovery-rank"
table_4[DiffDock.f1].k3,0.503,0.5032,True,"body_main_short.tex, tab:results-native-recovery-rank"
table_4[DiffDock.f1].k4,0.479,0.479,True,"body_main_short.tex, tab:results-native-recovery-rank"
table_4[DiffDock.f1].k5,0.512,0.5119,True,"body_main_short.tex, tab:results-native-recovery-rank"
table_4[EquiBind.n].k1,266,266,True,"body_main_short.tex, tab:results-native-recovery-rank"
table_4[EquiBind.n].k2,256,256,True,"body_main_short.tex, tab:results-native-recovery-rank"
table_4[EquiBind.n].k3,247,247,True,"body_main_short.tex, tab:results-native-recovery-rank"
table_4[EquiBind.n].k4,245,245,True,"body_main_short.tex, tab:results-native-recovery-rank"
table_4[EquiBind.n].k5,243,243,True,"body_main_short.tex, tab:results-native-recovery-rank"
table_4[EquiBind.precision].k1,0.493,0.4928,True,"body_main_short.tex, tab:results-native-recovery-rank"
table_4[EquiBind.precision].k2,0.489,0.4887,True,"body_main_short.tex, tab:results-native-recovery-rank"
table_4[EquiBind.precision].k3,0.488,0.488,True,"body_main_short.tex, tab:results-native-recovery-rank"
table_4[EquiBind.precision].k4,0.476,0.4759,True,"body_main_short.tex, tab:results-native-recovery-rank"
table_4[EquiBind.precision].k5,0.472,0.4721,True,"body_main_short.tex, tab:results-native-recovery-rank"
table_4[EquiBind.recall].k1,0.459,0.4592,True,"body_main_short.tex, tab:results-native-recovery-rank"
table_4[EquiBind.recall].k2,0.451,0.4505,True,"body_main_short.tex, tab:results-native-recovery-rank"
table_4[EquiBind.recall].k3,0.45,0.4497,True,"body_main_short.tex, tab:results-native-recovery-rank"
table_4[EquiBind.recall].k4,0.433,0.4328,True,"body_main_short.tex, tab:results-native-recovery-rank"
table_4[EquiBind.recall].k5,0.423,0.4235,True,"body_main_short.tex, tab:results-native-recovery-rank"
table_4[EquiBind.f1].k1,0.471,0.471,True,"body_main_short.tex, tab:results-native-recovery-rank"
table_4[EquiBind.f1].k2,0.465,0.4645,True,"body_main_short.tex, tab:results-native-recovery-rank"
table_4[EquiBind.f1].k3,0.463,0.4635,True,"body_main_short.tex, tab:results-native-recovery-rank"
table_4[EquiBind.f1].k4,0.449,0.4487,True,"body_main_short.tex, tab:results-native-recovery-rank"
table_4[EquiBind.f1].k5,0.441,0.441,True,"body_main_short.tex, tab:results-native-recovery-rank"
table_5[AutoDock].poses,120,120,True,"body_main_short.tex, tab:results-orai-yield"
table_5[AutoDock].pb_valid,120,120,True,"body_main_short.tex, tab:results-orai-yield"
table_5[AutoDock].pb_valid_pct,100.0,100.0,True,"body_main_short.tex, tab:results-orai-yield"
table_5[AutoDock].usable,65,65,True,"body_main_short.tex, tab:results-orai-yield"
table_5[AutoDock].usable_pct,54.2,54.2,True,"body_main_short.tex, tab:results-orai-yield"
table_5[DiffDock].poses,120,120,True,"body_main_short.tex, tab:results-orai-yield"
table_5[DiffDock].pb_valid,112,112,True,"body_main_short.tex, tab:results-orai-yield"
table_5[DiffDock].pb_valid_pct,93.3,93.3,True,"body_main_short.tex, tab:results-orai-yield"
table_5[DiffDock].usable,82,82,True,"body_main_short.tex, tab:results-orai-yield"
table_5[DiffDock].usable_pct,68.3,68.3,True,"body_main_short.tex, tab:results-orai-yield"
table_5[EquiBind].poses,120,120,True,"body_main_short.tex, tab:results-orai-yield"
table_5[EquiBind].pb_valid,107,107,True,"body_main_short.tex, tab:results-orai-yield"
table_5[EquiBind].pb_valid_pct,89.2,89.2,True,"body_main_short.tex, tab:results-orai-yield"
table_5[EquiBind].usable,1,1,True,"body_main_short.tex, tab:results-orai-yield"
table_5[EquiBind].usable_pct,0.8,0.8,True,"body_main_short.tex, tab:results-orai-yield"
table_6[autodock].cpu_core_s_per_near2,1752.8,1752.76,True,"body_main_short.tex, tab:results-cost-per-qualifying-pose"
table_6[autodock].gpu_s_per_near2,118.9,118.88,True,"body_main_short.tex, tab:results-cost-per-qualifying-pose"
table_6[autodock].poses_near2,311,311.0,True,"body_main_short.tex, tab:results-cost-per-qualifying-pose"
table_6[diffdock].cpu_core_s_per_near2,2.93,2.93,True,"body_main_short.tex, tab:results-cost-per-qualifying-pose"
table_6[diffdock].gpu_s_per_near2,49.9,49.85,True,"body_main_short.tex, tab:results-cost-per-qualifying-pose"
table_6[diffdock].poses_near2,1622,1622.0,True,"body_main_short.tex, tab:results-cost-per-qualifying-pose"
table_6[equibind].cpu_core_s_per_near2,165.3,165.26,True,"body_main_short.tex, tab:results-cost-per-qualifying-pose"
table_6[equibind].gpu_s_per_near2,1.4,1.4,True,"body_main_short.tex, tab:results-cost-per-qualifying-pose"
table_6[equibind].poses_near2,466,466.0,True,"body_main_short.tex, tab:results-cost-per-qualifying-pose"
table_6[autodock].complexes,199,199,True,"body_main_short.tex, tab:results-cost-per-qualifying-pose"
table_6[diffdock].complexes,169,169,True,"body_main_short.tex, tab:results-cost-per-qualifying-pose"
table_6[equibind].complexes,80,80,True,"body_main_short.tex, tab:results-cost-per-qualifying-pose"
table_8[autodock_mgltools_exh18].d1,72,72,True,"body_appendix_short.tex, tab:appendix-exhaustiveness-ladder"
table_8[autodock_mgltools_exh18].d5,108,108,True,"body_appendix_short.tex, tab:appendix-exhaustiveness-ladder"
table_8[autodock_mgltools_exh18].d15,121,121,True,"body_appendix_short.tex, tab:appendix-exhaustiveness-ladder"
table_8[autodock_mgltools_exh18].d30,125,125,True,"body_appendix_short.tex, tab:appendix-exhaustiveness-ladder"
table_8[autodock_mgltools].d1,85,85,True,"body_appendix_short.tex, tab:appendix-exhaustiveness-ladder"
table_8[autodock_mgltools].d5,130,130,True,"body_appendix_short.tex, tab:appendix-exhaustiveness-ladder"
table_8[autodock_mgltools].d15,148,148,True,"body_appendix_short.tex, tab:appendix-exhaustiveness-ladder"
table_8[autodock_mgltools].d30,154,154,True,"body_appendix_short.tex, tab:appendix-exhaustiveness-ladder"
table_8[autodock_mgltools_exh64].d1,94,94,True,"body_appendix_short.tex, tab:appendix-exhaustiveness-ladder"
table_8[autodock_mgltools_exh64].d5,145,145,True,"body_appendix_short.tex, tab:appendix-exhaustiveness-ladder"
table_8[autodock_mgltools_exh64].d15,175,175,True,"body_appendix_short.tex, tab:appendix-exhaustiveness-ladder"
table_8[autodock_mgltools_exh64].d30,182,182,True,"body_appendix_short.tex, tab:appendix-exhaustiveness-ladder"
table_8[autodock_mgltools_exh92].d1,91,91,True,"body_appendix_short.tex, tab:appendix-exhaustiveness-ladder"
table_8[autodock_mgltools_exh92].d5,150,150,True,"body_appendix_short.tex, tab:appendix-exhaustiveness-ladder"
table_8[autodock_mgltools_exh92].d15,182,182,True,"body_appendix_short.tex, tab:appendix-exhaustiveness-ladder"
table_8[autodock_mgltools_exh92].d30,194,194,True,"body_appendix_short.tex, tab:appendix-exhaustiveness-ladder"
table_8[autodock_mgltools_exh128].d1,94,94,True,"body_appendix_short.tex, tab:appendix-exhaustiveness-ladder"
table_8[autodock_mgltools_exh128].d5,153,153,True,"body_appendix_short.tex, tab:appendix-exhaustiveness-ladder"
table_8[autodock_mgltools_exh128].d15,185,185,True,"body_appendix_short.tex, tab:appendix-exhaustiveness-ladder"
table_8[autodock_mgltools_exh128].d30,202,202,True,"body_appendix_short.tex, tab:appendix-exhaustiveness-ladder"
table_8[autodock_mgltools_gnina].d1,100,100,True,"body_appendix_short.tex, tab:appendix-exhaustiveness-ladder"
table_8[autodock_mgltools_gnina].d5,144,144,True,"body_appendix_short.tex, tab:appendix-exhaustiveness-ladder"
table_8[autodock_mgltools_gnina].d15,154,154,True,"body_appendix_short.tex, tab:appendix-exhaustiveness-ladder"
table_8[autodock_mgltools_gnina].d30,154,154,True,"body_appendix_short.tex, tab:appendix-exhaustiveness-ladder"
table_8[autodock_mgltools_exh64_gnina].d1,110,110,True,"body_appendix_short.tex, tab:appendix-exhaustiveness-ladder"
table_8[autodock_mgltools_exh64_gnina].d5,169,169,True,"body_appendix_short.tex, tab:appendix-exhaustiveness-ladder"
table_8[autodock_mgltools_exh64_gnina].d15,182,182,True,"body_appendix_short.tex, tab:appendix-exhaustiveness-ladder"
table_8[autodock_mgltools_exh64_gnina].d30,182,182,True,"body_appendix_short.tex, tab:appendix-exhaustiveness-ladder"
table_8[autodock_mgltools_exh128_gnina].d1,111,111,True,"body_appendix_short.tex, tab:appendix-exhaustiveness-ladder"
table_8[autodock_mgltools_exh128_gnina].d5,184,184,True,"body_appendix_short.tex, tab:appendix-exhaustiveness-ladder"
table_8[autodock_mgltools_exh128_gnina].d15,198,198,True,"body_appendix_short.tex, tab:appendix-exhaustiveness-ladder"
table_8[autodock_mgltools_exh128_gnina].d30,199,199,True,"body_appendix_short.tex, tab:appendix-exhaustiveness-ladder"
table_9[autodock].exhaustiveness,128,128,True,"body_appendix_short.tex, tab:appendix-protocols"
table_9[autodock].num_modes,30,30,True,"body_appendix_short.tex, tab:appendix-protocols"
table_9[autodock].energy_range,6,6,True,"body_appendix_short.tex, tab:appendix-protocols"
table_9[autodock].seed,42,42,True,"body_appendix_short.tex, tab:appendix-protocols"
table_9[diffdock].num_samples,30,30,True,"body_appendix_short.tex, tab:appendix-protocols"
table_9[diffdock].inference_steps,20,20,True,"body_appendix_short.tex, tab:appendix-protocols"
table_9[equibind].n_unguided_poses,30,30,True,"body_appendix_short.tex, tab:appendix-protocols"
table_9[equibind].n_rdkit_seeds,30,30,True,"body_appendix_short.tex, tab:appendix-protocols"
table_9[equibind].conformers_per_seed,1,1,True,"body_appendix_short.tex, tab:appendix-protocols"
table_9[equibind].uff_minimize,False,False,True,"body_appendix_short.tex, tab:appendix-protocols"
table_9[ladder].18,18,18,True,"body_appendix_short.tex, tab:appendix-protocols"
table_9[ladder].32,32,32,True,"body_appendix_short.tex, tab:appendix-protocols"
table_9[ladder].64,64,64,True,"body_appendix_short.tex, tab:appendix-protocols"
table_9[ladder].92,92,92,True,"body_appendix_short.tex, tab:appendix-protocols"
table_9[ladder].128,128,128,True,"body_appendix_short.tex, tab:appendix-protocols"
table_10[autodock.charged],6.02,6.017,True,"body_appendix_short.tex, tab:appendix-cost-per-pose"
table_10[autodock.gpu],4.12,4.119,True,"body_appendix_short.tex, tab:appendix-cost-per-pose"
table_10[autodock.cpu_core],60.73,60.73,True,"body_appendix_short.tex, tab:appendix-cost-per-pose"
table_10[diffdock.charged],9.01,9.008,True,"body_appendix_short.tex, tab:appendix-cost-per-pose"
table_10[diffdock.gpu],8.99,8.991,True,"body_appendix_short.tex, tab:appendix-cost-per-pose"
table_10[diffdock.cpu_core],0.53,0.529,True,"body_appendix_short.tex, tab:appendix-cost-per-pose"
table_10[equibind.charged],0.34,0.337,True,"body_appendix_short.tex, tab:appendix-cost-per-pose"
table_10[equibind.gpu],0.07,0.072,True,"body_appendix_short.tex, tab:appendix-cost-per-pose"
table_10[equibind.cpu_core],8.47,8.474,True,"body_appendix_short.tex, tab:appendix-cost-per-pose"
table_10[note.autodock_poses_generated],8976,8976,True,"body_appendix_short.tex, tab:appendix-cost-per-pose"
table_10[note.autodock_cpu_core_h],151.42,151.42,True,"body_appendix_short.tex, tab:appendix-cost-per-pose"
table_10[note.autodock_gpu_h],10.27,10.27,True,"body_appendix_short.tex, tab:appendix-cost-per-pose"
table_10[note.autodock_search_wall_h],4.73,4.73,True,"body_appendix_short.tex, tab:appendix-cost-per-pose"
table_10[note.autodock_charged_h],15.0,15.0,True,"body_appendix_short.tex, tab:appendix-cost-per-pose"
table_10[note.autodock_rescoring_share_pct],68.5,68.5,True,"body_appendix_short.tex, tab:appendix-cost-per-pose"
table_10[note.equibind_full_run_wall_h],11.39,11.39,True,"body_appendix_short.tex, tab:appendix-cost-per-pose"
table_11[experimental_autodock].exhaustiveness,128,128,True,"body_appendix_short.tex, tab:appendix-orai-protocols and the two paragraphs after it"
table_11[experimental_autodock].num_modes,30,30,True,"body_appendix_short.tex, tab:appendix-orai-protocols and the two paragraphs after it"
table_11[experimental_autodock].energy_range,6,6,True,"body_appendix_short.tex, tab:appendix-orai-protocols and the two paragraphs after it"
table_11[experimental_autodock].seed,42,42,True,"body_appendix_short.tex, tab:appendix-orai-protocols and the two paragraphs after it"
table_11[control_autodock].exhaustiveness,128,128,True,"body_appendix_short.tex, tab:appendix-orai-protocols and the two paragraphs after it"
table_11[control_autodock].num_modes,10,10,True,"body_appendix_short.tex, tab:appendix-orai-protocols and the two paragraphs after it"
table_11[control_autodock].energy_range,6,6,True,"body_appendix_short.tex, tab:appendix-orai-protocols and the two paragraphs after it"
table_11[control_autodock].seed,42,42,True,"body_appendix_short.tex, tab:appendix-orai-protocols and the two paragraphs after it"
table_11[experimental_diffdock].num_samples,30,30,True,"body_appendix_short.tex, tab:appendix-orai-protocols and the two paragraphs after it"
table_11[experimental_diffdock].inference_steps,20,20,True,"body_appendix_short.tex, tab:appendix-orai-protocols and the two paragraphs after it"
table_11[control_diffdock].num_samples,10,10,True,"body_appendix_short.tex, tab:appendix-orai-protocols and the two paragraphs after it"
table_11[control_diffdock].inference_steps,20,20,True,"body_appendix_short.tex, tab:appendix-orai-protocols and the two paragraphs after it"
table_11[control_equibind].n_unguided_poses,10,10,True,"body_appendix_short.tex, tab:appendix-orai-protocols and the two paragraphs after it"
table_11[control_equibind].uff_minimize,False,False,True,"body_appendix_short.tex, tab:appendix-orai-protocols and the two paragraphs after it"
table_11[poses].autodock,12315,12315,True,"body_appendix_short.tex, tab:appendix-orai-protocols and the two paragraphs after it"
table_11[poses].diffdock,11673,11673,True,"body_appendix_short.tex, tab:appendix-orai-protocols and the two paragraphs after it"
table_11[poses].equibind,12320,12320,True,"body_appendix_short.tex, tab:appendix-orai-protocols and the two paragraphs after it"
table_11[units].autodock,1232,1232,True,"body_appendix_short.tex, tab:appendix-orai-protocols and the two paragraphs after it"
table_11[units].diffdock,1215,1215,True,"body_appendix_short.tex, tab:appendix-orai-protocols and the two paragraphs after it"
table_11[units].equibind,1232,1232,True,"body_appendix_short.tex, tab:appendix-orai-protocols and the two paragraphs after it"
table_11[gap].units_missing,17,17,True,"body_appendix_short.tex, tab:appendix-orai-protocols and the two paragraphs after it"
table_11[gap].Orai1WT-MDSnap-Fr300,6,6,True,"body_appendix_short.tex, tab:appendix-orai-protocols and the two paragraphs after it"
table_11[gap].Orai1WT-MDSnap-Fr400,5,5,True,"body_appendix_short.tex, tab:appendix-orai-protocols and the two paragraphs after it"
table_11[gap].Orai1WT-MDSnap-Fr499,5,5,True,"body_appendix_short.tex, tab:appendix-orai-protocols and the two paragraphs after it"
table_11[gap].Orai1WT-START-Fr0,1,1,True,"body_appendix_short.tex, tab:appendix-orai-protocols and the two paragraphs after it"
table_11[gap].units_full_ten,1037,1037,True,"body_appendix_short.tex, tab:appendix-orai-protocols and the two paragraphs after it"
table_11[gap].units_under_ten,178,178,True,"body_appendix_short.tex, tab:appendix-orai-protocols and the two paragraphs after it"
table_11[gap].units_with_nine,89,89,True,"body_appendix_short.tex, tab:appendix-orai-protocols and the two paragraphs after it"
table_11[gap].units_with_one,10,10,True,"body_appendix_short.tex, tab:appendix-orai-protocols and the two paragraphs after it"
table_12[Hydrogen bonds].AD bench,4.15,4.15,True,"body_appendix_short.tex, tab:appendix-orai-interaction"
table_12[Hydrogen bonds].AD exp,2.53,2.53,True,"body_appendix_short.tex, tab:appendix-orai-interaction"
table_12[Hydrogen bonds].AD delta,0.45,0.45,True,"body_appendix_short.tex, tab:appendix-orai-interaction"
table_12[Hydrogen bonds].DD bench,2.47,2.47,True,"body_appendix_short.tex, tab:appendix-orai-interaction"
table_12[Hydrogen bonds].DD exp,1.31,1.31,True,"body_appendix_short.tex, tab:appendix-orai-interaction"
table_12[Halogen bonds].AD bench,0.19,0.19,True,"body_appendix_short.tex, tab:appendix-orai-interaction"
table_12[Halogen bonds].AD exp,1.26,1.26,True,"body_appendix_short.tex, tab:appendix-orai-interaction"
table_12[Halogen bonds].AD delta,-0.52,-0.52,True,"body_appendix_short.tex, tab:appendix-orai-interaction"
table_12[Halogen bonds].DD bench,0.16,0.16,True,"body_appendix_short.tex, tab:appendix-orai-interaction"
table_12[Halogen bonds].DD exp,1.17,1.17,True,"body_appendix_short.tex, tab:appendix-orai-interaction"
table_12[Hydrophobic].AD bench,3.75,3.75,True,"body_appendix_short.tex, tab:appendix-orai-interaction"
table_12[Hydrophobic].AD exp,5.95,5.95,True,"body_appendix_short.tex, tab:appendix-orai-interaction"
table_12[Hydrophobic].AD delta,-0.59,-0.59,True,"body_appendix_short.tex, tab:appendix-orai-interaction"
table_12[Hydrophobic].DD bench,2.36,2.36,True,"body_appendix_short.tex, tab:appendix-orai-interaction"
table_12[Hydrophobic].DD exp,3.42,3.42,True,"body_appendix_short.tex, tab:appendix-orai-interaction"
table_12[Alkyl-pi].AD bench,4.9,4.9,True,"body_appendix_short.tex, tab:appendix-orai-interaction"
table_12[Alkyl-pi].AD exp,6.67,6.67,True,"body_appendix_short.tex, tab:appendix-orai-interaction"
table_12[Alkyl-pi].AD delta,-0.42,-0.42,True,"body_appendix_short.tex, tab:appendix-orai-interaction"
table_12[Alkyl-pi].DD bench,3.31,3.31,True,"body_appendix_short.tex, tab:appendix-orai-interaction"
table_12[Alkyl-pi].DD exp,5.06,5.06,True,"body_appendix_short.tex, tab:appendix-orai-interaction"
table_12[Carbon-pi].AD bench,2.55,2.55,True,"body_appendix_short.tex, tab:appendix-orai-interaction"
table_12[Carbon-pi].AD exp,3.55,3.55,True,"body_appendix_short.tex, tab:appendix-orai-interaction"
table_12[Carbon-pi].AD delta,-0.5,-0.5,True,"body_appendix_short.tex, tab:appendix-orai-interaction"
table_12[Carbon-pi].DD bench,1.4,1.4,True,"body_appendix_short.tex, tab:appendix-orai-interaction"
table_12[Carbon-pi].DD exp,1.47,1.47,True,"body_appendix_short.tex, tab:appendix-orai-interaction"
table_12[pi-pi stacking].AD bench,2.39,2.39,True,"body_appendix_short.tex, tab:appendix-orai-interaction"
table_12[pi-pi stacking].AD exp,3.17,3.17,True,"body_appendix_short.tex, tab:appendix-orai-interaction"
table_12[pi-pi stacking].AD delta,-0.41,-0.41,True,"body_appendix_short.tex, tab:appendix-orai-interaction"
table_12[pi-pi stacking].DD bench,1.29,1.29,True,"body_appendix_short.tex, tab:appendix-orai-interaction"
table_12[pi-pi stacking].DD exp,1.19,1.19,True,"body_appendix_short.tex, tab:appendix-orai-interaction"
table_12[Amide-pi].AD bench,0.92,0.92,True,"body_appendix_short.tex, tab:appendix-orai-interaction"
table_12[Amide-pi].AD exp,0.95,0.95,True,"body_appendix_short.tex, tab:appendix-orai-interaction"
table_12[Amide-pi].AD delta,-0.04,-0.04,True,"body_appendix_short.tex, tab:appendix-orai-interaction"
table_12[Amide-pi].DD bench,0.56,0.56,True,"body_appendix_short.tex, tab:appendix-orai-interaction"
table_12[Amide-pi].DD exp,0.89,0.89,True,"body_appendix_short.tex, tab:appendix-orai-interaction"
table_12[Charged classes].AD bench,0.47,0.47,True,"body_appendix_short.tex, tab:appendix-orai-interaction"
table_12[Charged classes].AD exp,0.0,0.0,True,"body_appendix_short.tex, tab:appendix-orai-interaction"
table_12[Charged classes].AD delta,0.38,0.38,True,"body_appendix_short.tex, tab:appendix-orai-interaction"
table_12[Charged classes].DD bench,0.22,0.22,True,"body_appendix_short.tex, tab:appendix-orai-interaction"
table_12[Charged classes].DD exp,0.0,0.0,True,"body_appendix_short.tex, tab:appendix-orai-interaction"
table_12[Repulsion].AD bench,0.43,0.43,True,"body_appendix_short.tex, tab:appendix-orai-interaction"
table_12[Repulsion].AD exp,0.0,0.0,True,"body_appendix_short.tex, tab:appendix-orai-interaction"
table_12[Repulsion].AD delta,0.31,0.31,True,"body_appendix_short.tex, tab:appendix-orai-interaction"
table_12[Repulsion].DD bench,0.37,0.37,True,"body_appendix_short.tex, tab:appendix-orai-interaction"
table_12[Repulsion].DD exp,0.0,0.0,True,"body_appendix_short.tex, tab:appendix-orai-interaction"
table_12.footnote.cells_clearing_bh,14,14,True,"body_appendix_short.tex, tab:appendix-orai-interaction"
table_12.footnote.total_cells,26,26,True,"body_appendix_short.tex, tab:appendix-orai-interaction"
table_12.footnote.both_tools_clear,5,5,True,"body_appendix_short.tex, tab:appendix-orai-interaction"
table_12.footnote.clearing_types_all_printed,"'9 types, one row each'",'9 rows printed',True,"body_appendix_short.tex, tab:appendix-orai-interaction"
table_12.footnote.smallest_adjusted_autodock,0.089,0.089,True,"body_appendix_short.tex, tab:appendix-orai-interaction"
table_12.footnote.autodock_none_clears_at_ligand_unit,True,True,True,"body_appendix_short.tex, tab:appendix-orai-interaction"
table_12.footnote.smallest_adjusted_diffdock,0.106,0.106,True,"body_appendix_short.tex, tab:appendix-orai-interaction"
table_12.footnote.diffdock_none_clears_at_ligand_unit,True,True,True,"body_appendix_short.tex, tab:appendix-orai-interaction"
table_14[Fr0.subunits],6,6,True,"body_appendix_short.tex, tab:appendix-frame-geometry"
table_14[Fr300.subunits],6,6,True,"body_appendix_short.tex, tab:appendix-frame-geometry"
table_14[Fr400.subunits],6,6,True,"body_appendix_short.tex, tab:appendix-frame-geometry"
table_14[Fr499.subunits],6,6,True,"body_appendix_short.tex, tab:appendix-frame-geometry"
table_14[ARG 91 CZ].Fr0,4.48,4.48,True,"body_appendix_short.tex, tab:appendix-frame-geometry"
table_14[ARG 91 CZ].Fr300,4.82,4.82,True,"body_appendix_short.tex, tab:appendix-frame-geometry"
table_14[ARG 91 CZ].Fr400,4.86,4.86,True,"body_appendix_short.tex, tab:appendix-frame-geometry"
table_14[ARG 91 CZ].Fr499,4.72,4.72,True,"body_appendix_short.tex, tab:appendix-frame-geometry"
table_14[GLU 106 CD].Fr0,5.01,5.01,True,"body_appendix_short.tex, tab:appendix-frame-geometry"
table_14[GLU 106 CD].Fr300,5.83,5.83,True,"body_appendix_short.tex, tab:appendix-frame-geometry"
table_14[GLU 106 CD].Fr400,5.75,5.75,True,"body_appendix_short.tex, tab:appendix-frame-geometry"
table_14[GLU 106 CD].Fr499,5.76,5.76,True,"body_appendix_short.tex, tab:appendix-frame-geometry"
table_14[ASP 110 CG].Fr0,6.99,6.99,True,"body_appendix_short.tex, tab:appendix-frame-geometry"
table_14[ASP 110 CG].Fr300,10.5,10.5,True,"body_appendix_short.tex, tab:appendix-frame-geometry"
table_14[ASP 110 CG].Fr400,11.02,11.02,True,"body_appendix_short.tex, tab:appendix-frame-geometry"
table_14[ASP 110 CG].Fr499,10.95,10.95,True,"body_appendix_short.tex, tab:appendix-frame-geometry"
table_14[ASP 112 CG].Fr0,8.92,8.92,True,"body_appendix_short.tex, tab:appendix-frame-geometry"
table_14[ASP 112 CG].Fr300,14.08,14.08,True,"body_appendix_short.tex, tab:appendix-frame-geometry"
table_14[ASP 112 CG].Fr400,14.21,14.21,True,"body_appendix_short.tex, tab:appendix-frame-geometry"
table_14[ASP 112 CG].Fr499,14.19,14.19,True,"body_appendix_short.tex, tab:appendix-frame-geometry"
table_14[ASP 114 CG].Fr0,16.34,16.34,True,"body_appendix_short.tex, tab:appendix-frame-geometry"
table_14[ASP 114 CG].Fr300,19.26,19.26,True,"body_appendix_short.tex, tab:appendix-frame-geometry"
table_14[ASP 114 CG].Fr400,19.97,19.97,True,"body_appendix_short.tex, tab:appendix-frame-geometry"
table_14[ASP 114 CG].Fr499,20.22,20.22,True,"body_appendix_short.tex, tab:appendix-frame-geometry"
table_14[prose.later_frame_spread_arg91],0.14,0.14,True,the two paragraphs following the table
table_14[prose.later_frame_spread_glu106],0.08,0.08,True,the two paragraphs following the table
table_14[prose.later_frame_spread_asp114],0.96,0.96,True,the two paragraphs following the table
table_14[prose.fr0_offset_aspartates],"[3.5, 5.2]","[3.5, 5.2]",True,the two paragraphs following the table
table_14[prose.fr0_offset_gate_filter],"[0.3, 0.8]","[0.3, 0.8]",True,the two paragraphs following the table
table_16[heavy_atoms].n,308,308,True,"body_appendix_short.tex, tab:appendix-ligand-distribution"
table_16[heavy_atoms].median,24,24.0,True,"body_appendix_short.tex, tab:appendix-ligand-distribution"
table_16[heavy_atoms].q1,16,16.0,True,"body_appendix_short.tex, tab:appendix-ligand-distribution"
table_16[heavy_atoms].q3,32,32.0,True,"body_appendix_short.tex, tab:appendix-ligand-distribution"
table_16[heavy_atoms].min,6,6.0,True,"body_appendix_short.tex, tab:appendix-ligand-distribution"
table_16[heavy_atoms].max,64,64.0,True,"body_appendix_short.tex, tab:appendix-ligand-distribution"
table_16[mw].n,308,308,True,"body_appendix_short.tex, tab:appendix-ligand-distribution"
table_16[mw].median,359,359.43,True,"body_appendix_short.tex, tab:appendix-ligand-distribution"
table_16[mw].q1,236,235.78,True,"body_appendix_short.tex, tab:appendix-ligand-distribution"
table_16[mw].q3,462,462.19,True,"body_appendix_short.tex, tab:appendix-ligand-distribution"
table_16[mw].min,100,100.12,True,"body_appendix_short.tex, tab:appendix-ligand-distribution"
table_16[mw].max,872,871.65,True,"body_appendix_short.tex, tab:appendix-ligand-distribution"
table_16[rot_bonds].n,308,308,True,"body_appendix_short.tex, tab:appendix-ligand-distribution"
table_16[rot_bonds].median,5,5.0,True,"body_appendix_short.tex, tab:appendix-ligand-distribution"
table_16[rot_bonds].q1,2,2.0,True,"body_appendix_short.tex, tab:appendix-ligand-distribution"
table_16[rot_bonds].q3,7,7.0,True,"body_appendix_short.tex, tab:appendix-ligand-distribution"
table_16[rot_bonds].min,0,0.0,True,"body_appendix_short.tex, tab:appendix-ligand-distribution"
table_16[rot_bonds].max,20,20.0,True,"body_appendix_short.tex, tab:appendix-ligand-distribution"
table_16[hba].n,308,308,True,"body_appendix_short.tex, tab:appendix-ligand-distribution"
table_16[hba].median,6,6.0,True,"body_appendix_short.tex, tab:appendix-ligand-distribution"
table_16[hba].q1,3,3.0,True,"body_appendix_short.tex, tab:appendix-ligand-distribution"
table_16[hba].q3,9,9.0,True,"body_appendix_short.tex, tab:appendix-ligand-distribution"
table_16[hba].min,0,0.0,True,"body_appendix_short.tex, tab:appendix-ligand-distribution"
table_16[hba].max,21,21.0,True,"body_appendix_short.tex, tab:appendix-ligand-distribution"
table_16[hbd].n,308,308,True,"body_appendix_short.tex, tab:appendix-ligand-distribution"
table_16[hbd].median,3,3.0,True,"body_appendix_short.tex, tab:appendix-ligand-distribution"
table_16[hbd].q1,2,2.0,True,"body_appendix_short.tex, tab:appendix-ligand-distribution"
table_16[hbd].q3,5,5.0,True,"body_appendix_short.tex, tab:appendix-ligand-distribution"
table_16[hbd].min,0,0.0,True,"body_appendix_short.tex, tab:appendix-ligand-distribution"
table_16[hbd].max,13,13.0,True,"body_appendix_short.tex, tab:appendix-ligand-distribution"
table_16[tpsa].n,308,308,True,"body_appendix_short.tex, tab:appendix-ligand-distribution"
table_16[tpsa].median,107,106.63,True,"body_appendix_short.tex, tab:appendix-ligand-distribution"
table_16[tpsa].q1,66,66.03,True,"body_appendix_short.tex, tab:appendix-ligand-distribution"
table_16[tpsa].q3,160,159.94,True,"body_appendix_short.tex, tab:appendix-ligand-distribution"
table_16[tpsa].min,0,0.0,True,"body_appendix_short.tex, tab:appendix-ligand-distribution"
table_16[tpsa].max,384,383.86,True,"body_appendix_short.tex, tab:appendix-ligand-distribution"
table_16[logp].n,308,308,True,"body_appendix_short.tex, tab:appendix-ligand-distribution"
table_16[logp].median,0.9,0.93,True,"body_appendix_short.tex, tab:appendix-ligand-distribution"
table_16[logp].q1,-1.6,-1.57,True,"body_appendix_short.tex, tab:appendix-ligand-distribution"
table_16[logp].q3,3.2,3.18,True,"body_appendix_short.tex, tab:appendix-ligand-distribution"
table_16[logp].min,-8.4,-8.42,True,"body_appendix_short.tex, tab:appendix-ligand-distribution"
table_16[logp].max,14.0,13.96,True,"body_appendix_short.tex, tab:appendix-ligand-distribution"
table_16[fsp3].n,308,308,True,"body_appendix_short.tex, tab:appendix-ligand-distribution"
table_16[fsp3].median,0.41,0.41,True,"body_appendix_short.tex, tab:appendix-ligand-distribution"
table_16[fsp3].q1,0.23,0.23,True,"body_appendix_short.tex, tab:appendix-ligand-distribution"
table_16[fsp3].q3,0.57,0.57,True,"body_appendix_short.tex, tab:appendix-ligand-distribution"
table_16[fsp3].min,0.0,0.0,True,"body_appendix_short.tex, tab:appendix-ligand-distribution"
table_16[fsp3].max,1.0,1.0,True,"body_appendix_short.tex, tab:appendix-ligand-distribution"
table_16[qed].n,308,308,True,"body_appendix_short.tex, tab:appendix-ligand-distribution"
table_16[qed].median,0.43,0.43,True,"body_appendix_short.tex, tab:appendix-ligand-distribution"
table_16[qed].q1,0.29,0.29,True,"body_appendix_short.tex, tab:appendix-ligand-distribution"
table_16[qed].q3,0.6,0.6,True,"body_appendix_short.tex, tab:appendix-ligand-distribution"
table_16[qed].min,0.04,0.04,True,"body_appendix_short.tex, tab:appendix-ligand-distribution"
table_16[qed].max,0.91,0.91,True,"body_appendix_short.tex, tab:appendix-ligand-distribution"
table_16[n_rings].n,308,308,True,"body_appendix_short.tex, tab:appendix-ligand-distribution"
table_16[n_rings].median,3,3.0,True,"body_appendix_short.tex, tab:appendix-ligand-distribution"
table_16[n_rings].q1,1,1.0,True,"body_appendix_short.tex, tab:appendix-ligand-distribution"
table_16[n_rings].q3,4,4.0,True,"body_appendix_short.tex, tab:appendix-ligand-distribution"
table_16[n_rings].min,0,0.0,True,"body_appendix_short.tex, tab:appendix-ligand-distribution"
table_16[n_rings].max,8,8.0,True,"body_appendix_short.tex, tab:appendix-ligand-distribution"
table_17[2abp-NH2].formula,'C14H16BNO','C14H16BNO',True,"body_appendix_short.tex, tab:appendix-orai-descriptors"
table_17[2abp-NH2].mw,225.1,225.1,True,"body_appendix_short.tex, tab:appendix-orai-descriptors"
table_17[2abp-NH2].heavy_atoms,17,17,True,"body_appendix_short.tex, tab:appendix-orai-descriptors"
table_17[2abp-NH2].rot_bonds,5,5,True,"body_appendix_short.tex, tab:appendix-orai-descriptors"
table_17[2abp-NH2].arom_rings,2,2,True,"body_appendix_short.tex, tab:appendix-orai-descriptors"
table_17[2abp-NH2].hbd,1,1,True,"body_appendix_short.tex, tab:appendix-orai-descriptors"
table_17[2abp-NH2].hba,2,2,True,"body_appendix_short.tex, tab:appendix-orai-descriptors"
table_17[2abp-NH2].tpsa,35.3,35.25,True,"body_appendix_short.tex, tab:appendix-orai-descriptors"
table_17[2abp-NH2].clogp,0.77,0.7676,True,"body_appendix_short.tex, tab:appendix-orai-descriptors"
table_17[2abp-NH2].ro5_violations,0,0,True,"body_appendix_short.tex, tab:appendix-orai-descriptors"
table_17[Synta-66].formula,'C20H17FN2O3','C20H17FN2O3',True,"body_appendix_short.tex, tab:appendix-orai-descriptors"
table_17[Synta-66].mw,352.4,352.365,True,"body_appendix_short.tex, tab:appendix-orai-descriptors"
table_17[Synta-66].heavy_atoms,26,26,True,"body_appendix_short.tex, tab:appendix-orai-descriptors"
table_17[Synta-66].rot_bonds,5,5,True,"body_appendix_short.tex, tab:appendix-orai-descriptors"
table_17[Synta-66].arom_rings,3,3,True,"body_appendix_short.tex, tab:appendix-orai-descriptors"
table_17[Synta-66].hbd,1,1,True,"body_appendix_short.tex, tab:appendix-orai-descriptors"
table_17[Synta-66].hba,4,4,True,"body_appendix_short.tex, tab:appendix-orai-descriptors"
table_17[Synta-66].tpsa,60.5,60.45,True,"body_appendix_short.tex, tab:appendix-orai-descriptors"
table_17[Synta-66].clogp,4.16,4.1572,True,"body_appendix_short.tex, tab:appendix-orai-descriptors"
table_17[Synta-66].ro5_violations,0,0,True,"body_appendix_short.tex, tab:appendix-orai-descriptors"
table_17[GSK-7975A (neutral)].formula,'C18H12F5N3O2','C18H12F5N3O2',True,"body_appendix_short.tex, tab:appendix-orai-descriptors"
table_17[GSK-7975A (neutral)].mw,397.3,397.303,True,"body_appendix_short.tex, tab:appendix-orai-descriptors"
table_17[GSK-7975A (neutral)].heavy_atoms,28,28,True,"body_appendix_short.tex, tab:appendix-orai-descriptors"
table_17[GSK-7975A (neutral)].rot_bonds,4,4,True,"body_appendix_short.tex, tab:appendix-orai-descriptors"
table_17[GSK-7975A (neutral)].arom_rings,3,3,True,"body_appendix_short.tex, tab:appendix-orai-descriptors"
table_17[GSK-7975A (neutral)].hbd,2,2,True,"body_appendix_short.tex, tab:appendix-orai-descriptors"
table_17[GSK-7975A (neutral)].hba,4,4,True,"body_appendix_short.tex, tab:appendix-orai-descriptors"
table_17[GSK-7975A (neutral)].tpsa,67.2,67.15,True,"body_appendix_short.tex, tab:appendix-orai-descriptors"
table_17[GSK-7975A (neutral)].clogp,4.19,4.1863,True,"body_appendix_short.tex, tab:appendix-orai-descriptors"
table_17[GSK-7975A (neutral)].ro5_violations,0,0,True,"body_appendix_short.tex, tab:appendix-orai-descriptors"
table_17[wrong GSK file stays distinct],'C18H11F5N3O2-','C18H11F5N3O2-',True,"body_appendix_short.tex, tab:appendix-orai-descriptors"
table_18[AutoDock Vina].k1.near,31.4,np.float64(31.4),True,"body_appendix_short.tex, tab:appendix-top-k-recovery"
table_18[AutoDock Vina].k1.valid,31.0,np.float64(31.0),True,"body_appendix_short.tex, tab:appendix-top-k-recovery"
table_18[AutoDock Vina].k5.near,50.8,np.float64(50.8),True,"body_appendix_short.tex, tab:appendix-top-k-recovery"
table_18[AutoDock Vina].k5.valid,50.5,np.float64(50.5),True,"body_appendix_short.tex, tab:appendix-top-k-recovery"
table_18[AutoDock Vina].k10.near,58.7,np.float64(58.7),True,"body_appendix_short.tex, tab:appendix-top-k-recovery"
table_18[AutoDock Vina].k10.valid,58.7,np.float64(58.7),True,"body_appendix_short.tex, tab:appendix-top-k-recovery"
table_18[AutoDock Vina].k15.near,61.1,np.float64(61.1),True,"body_appendix_short.tex, tab:appendix-top-k-recovery"
table_18[AutoDock Vina].k15.valid,61.1,np.float64(61.1),True,"body_appendix_short.tex, tab:appendix-top-k-recovery"
table_18[AutoDock (gnina-opt)].k1.near,37.3,np.float64(37.3),True,"body_appendix_short.tex, tab:appendix-top-k-recovery"
table_18[AutoDock (gnina-opt)].k1.valid,36.6,np.float64(36.6),True,"body_appendix_short.tex, tab:appendix-top-k-recovery"
table_18[AutoDock (gnina-opt)].k5.near,62.0,np.float64(62.0),True,"body_appendix_short.tex, tab:appendix-top-k-recovery"
table_18[AutoDock (gnina-opt)].k5.valid,60.7,np.float64(60.7),True,"body_appendix_short.tex, tab:appendix-top-k-recovery"
table_18[AutoDock (gnina-opt)].k10.near,65.0,np.float64(65.0),True,"body_appendix_short.tex, tab:appendix-top-k-recovery"
table_18[AutoDock (gnina-opt)].k10.valid,64.0,np.float64(64.0),True,"body_appendix_short.tex, tab:appendix-top-k-recovery"
table_18[AutoDock (gnina-opt)].k15.near,66.3,np.float64(66.3),True,"body_appendix_short.tex, tab:appendix-top-k-recovery"
table_18[AutoDock (gnina-opt)].k15.valid,65.3,np.float64(65.3),True,"body_appendix_short.tex, tab:appendix-top-k-recovery"
table_18[DiffDock (raw)].k1.near,33.7,np.float64(33.7),True,"body_appendix_short.tex, tab:appendix-top-k-recovery"
table_18[DiffDock (raw)].k1.valid,18.2,np.float64(18.2),True,"body_appendix_short.tex, tab:appendix-top-k-recovery"
table_18[DiffDock (raw)].k5.near,44.6,np.float64(44.6),True,"body_appendix_short.tex, tab:appendix-top-k-recovery"
table_18[DiffDock (raw)].k5.valid,25.4,np.float64(25.4),True,"body_appendix_short.tex, tab:appendix-top-k-recovery"
table_18[DiffDock (raw)].k10.near,48.2,np.float64(48.2),True,"body_appendix_short.tex, tab:appendix-top-k-recovery"
table_18[DiffDock (raw)].k10.valid,28.7,np.float64(28.7),True,"body_appendix_short.tex, tab:appendix-top-k-recovery"
table_18[DiffDock (raw)].k15.near,49.8,np.float64(49.8),True,"body_appendix_short.tex, tab:appendix-top-k-recovery"
table_18[DiffDock (raw)].k15.valid,31.0,np.float64(31.0),True,"body_appendix_short.tex, tab:appendix-top-k-recovery"
table_18[DiffDock + smina].k1.near,35.3,np.float64(35.3),True,"body_appendix_short.tex, tab:appendix-top-k-recovery"
table_18[DiffDock + smina].k1.valid,34.0,np.float64(34.0),True,"body_appendix_short.tex, tab:appendix-top-k-recovery"
table_18[DiffDock + smina].k5.near,48.8,np.float64(48.8),True,"body_appendix_short.tex, tab:appendix-top-k-recovery"
table_18[DiffDock + smina].k5.valid,47.5,np.float64(47.5),True,"body_appendix_short.tex, tab:appendix-top-k-recovery"
table_18[DiffDock + smina].k10.near,53.5,np.float64(53.5),True,"body_appendix_short.tex, tab:appendix-top-k-recovery"
table_18[DiffDock + smina].k10.valid,52.5,np.float64(52.5),True,"body_appendix_short.tex, tab:appendix-top-k-recovery"
table_18[DiffDock + smina].k15.near,56.1,np.float64(56.1),True,"body_appendix_short.tex, tab:appendix-top-k-recovery"
table_18[DiffDock + smina].k15.valid,55.1,np.float64(55.1),True,"body_appendix_short.tex, tab:appendix-top-k-recovery"
table_18[DiffDock (gnina-opt)].k1.near,35.6,np.float64(35.6),True,"body_appendix_short.tex, tab:appendix-top-k-recovery"
table_18[DiffDock (gnina-opt)].k1.valid,34.3,np.float64(34.3),True,"body_appendix_short.tex, tab:appendix-top-k-recovery"
table_18[DiffDock (gnina-opt)].k5.near,49.2,np.float64(49.2),True,"body_appendix_short.tex, tab:appendix-top-k-recovery"
table_18[DiffDock (gnina-opt)].k5.valid,48.2,np.float64(48.2),True,"body_appendix_short.tex, tab:appendix-top-k-recovery"
table_18[DiffDock (gnina-opt)].k10.near,52.8,np.float64(52.8),True,"body_appendix_short.tex, tab:appendix-top-k-recovery"
table_18[DiffDock (gnina-opt)].k10.valid,51.8,np.float64(51.8),True,"body_appendix_short.tex, tab:appendix-top-k-recovery"
table_18[DiffDock (gnina-opt)].k15.near,56.1,np.float64(56.1),True,"body_appendix_short.tex, tab:appendix-top-k-recovery"
table_18[DiffDock (gnina-opt)].k15.valid,55.1,np.float64(55.1),True,"body_appendix_short.tex, tab:appendix-top-k-recovery"
table_18[EquiBind (raw)].k1.near,1.3,np.float64(1.3),True,"body_appendix_short.tex, tab:appendix-top-k-recovery"
table_18[EquiBind (raw)].k1.valid,0.7,np.float64(0.7),True,"body_appendix_short.tex, tab:appendix-top-k-recovery"
table_18[EquiBind (raw)].k5.near,3.0,np.float64(3.0),True,"body_appendix_short.tex, tab:appendix-top-k-recovery"
table_18[EquiBind (raw)].k5.valid,0.7,np.float64(0.7),True,"body_appendix_short.tex, tab:appendix-top-k-recovery"
table_18[EquiBind (raw)].k10.near,4.0,np.float64(4.0),True,"body_appendix_short.tex, tab:appendix-top-k-recovery"
table_18[EquiBind (raw)].k10.valid,0.7,np.float64(0.7),True,"body_appendix_short.tex, tab:appendix-top-k-recovery"
table_18[EquiBind (raw)].k15.near,5.9,np.float64(5.9),True,"body_appendix_short.tex, tab:appendix-top-k-recovery"
table_18[EquiBind (raw)].k15.valid,0.7,np.float64(0.7),True,"body_appendix_short.tex, tab:appendix-top-k-recovery"
table_18[EquiBind (gnina-opt)].k1.near,18.8,np.float64(18.8),True,"body_appendix_short.tex, tab:appendix-top-k-recovery"
table_18[EquiBind (gnina-opt)].k1.valid,18.2,np.float64(18.2),True,"body_appendix_short.tex, tab:appendix-top-k-recovery"
table_18[EquiBind (gnina-opt)].k5.near,25.1,np.float64(25.1),True,"body_appendix_short.tex, tab:appendix-top-k-recovery"
table_18[EquiBind (gnina-opt)].k5.valid,24.1,np.float64(24.1),True,"body_appendix_short.tex, tab:appendix-top-k-recovery"
table_18[EquiBind (gnina-opt)].k10.near,27.4,np.float64(27.4),True,"body_appendix_short.tex, tab:appendix-top-k-recovery"
table_18[EquiBind (gnina-opt)].k10.valid,26.4,np.float64(26.4),True,"body_appendix_short.tex, tab:appendix-top-k-recovery"
table_18[EquiBind (gnina-opt)].k15.near,27.4,np.float64(27.4),True,"body_appendix_short.tex, tab:appendix-top-k-recovery"
table_18[EquiBind (gnina-opt)].k15.valid,26.4,np.float64(26.4),True,"body_appendix_short.tex, tab:appendix-top-k-recovery"
table_19.family_size,16,16,True,"body_appendix_short.tex, tab:appendix-refinement-mcnemar"
table_19[AutoDock Vina -> AutoDock (gnina-opt)].k1.raw,31.4,np.float64(31.4),True,"body_appendix_short.tex, tab:appendix-refinement-mcnemar"
table_19[AutoDock Vina -> AutoDock (gnina-opt)].k1.opt,37.3,np.float64(37.3),True,"body_appendix_short.tex, tab:appendix-refinement-mcnemar"
table_19[AutoDock Vina -> AutoDock (gnina-opt)].k1.raw_wins,21,21,True,"body_appendix_short.tex, tab:appendix-refinement-mcnemar"
table_19[AutoDock Vina -> AutoDock (gnina-opt)].k1.opt_wins,39,39,True,"body_appendix_short.tex, tab:appendix-refinement-mcnemar"
table_19[AutoDock Vina -> AutoDock (gnina-opt)].k5.raw,50.8,np.float64(50.8),True,"body_appendix_short.tex, tab:appendix-refinement-mcnemar"
table_19[AutoDock Vina -> AutoDock (gnina-opt)].k5.opt,62.0,np.float64(62.0),True,"body_appendix_short.tex, tab:appendix-refinement-mcnemar"
table_19[AutoDock Vina -> AutoDock (gnina-opt)].k5.raw_wins,3,3,True,"body_appendix_short.tex, tab:appendix-refinement-mcnemar"
table_19[AutoDock Vina -> AutoDock (gnina-opt)].k5.opt_wins,37,37,True,"body_appendix_short.tex, tab:appendix-refinement-mcnemar"
table_19[AutoDock Vina -> AutoDock (gnina-opt)].k10.raw,58.7,np.float64(58.7),True,"body_appendix_short.tex, tab:appendix-refinement-mcnemar"
table_19[AutoDock Vina -> AutoDock (gnina-opt)].k10.opt,65.0,np.float64(65.0),True,"body_appendix_short.tex, tab:appendix-refinement-mcnemar"
table_19[AutoDock Vina -> AutoDock (gnina-opt)].k10.raw_wins,3,3,True,"body_appendix_short.tex, tab:appendix-refinement-mcnemar"
table_19[AutoDock Vina -> AutoDock (gnina-opt)].k10.opt_wins,22,22,True,"body_appendix_short.tex, tab:appendix-refinement-mcnemar"
table_19[AutoDock Vina -> AutoDock (gnina-opt)].k15.raw,61.1,np.float64(61.1),True,"body_appendix_short.tex, tab:appendix-refinement-mcnemar"
table_19[AutoDock Vina -> AutoDock (gnina-opt)].k15.opt,66.3,np.float64(66.3),True,"body_appendix_short.tex, tab:appendix-refinement-mcnemar"
table_19[AutoDock Vina -> AutoDock (gnina-opt)].k15.raw_wins,1,1,True,"body_appendix_short.tex, tab:appendix-refinement-mcnemar"
table_19[AutoDock Vina -> AutoDock (gnina-opt)].k15.opt_wins,17,17,True,"body_appendix_short.tex, tab:appendix-refinement-mcnemar"
table_19[DiffDock (raw) -> DiffDock + smina].k1.raw,33.7,np.float64(33.7),True,"body_appendix_short.tex, tab:appendix-refinement-mcnemar"
table_19[DiffDock (raw) -> DiffDock + smina].k1.opt,35.3,np.float64(35.3),True,"body_appendix_short.tex, tab:appendix-refinement-mcnemar"
table_19[DiffDock (raw) -> DiffDock + smina].k1.raw_wins,1,1,True,"body_appendix_short.tex, tab:appendix-refinement-mcnemar"
table_19[DiffDock (raw) -> DiffDock + smina].k1.opt_wins,6,6,True,"body_appendix_short.tex, tab:appendix-refinement-mcnemar"
table_19[DiffDock (raw) -> DiffDock + smina].k5.raw,44.6,np.float64(44.6),True,"body_appendix_short.tex, tab:appendix-refinement-mcnemar"
table_19[DiffDock (raw) -> DiffDock + smina].k5.opt,48.8,np.float64(48.8),True,"body_appendix_short.tex, tab:appendix-refinement-mcnemar"
table_19[DiffDock (raw) -> DiffDock + smina].k5.raw_wins,5,5,True,"body_appendix_short.tex, tab:appendix-refinement-mcnemar"
table_19[DiffDock (raw) -> DiffDock + smina].k5.opt_wins,18,18,True,"body_appendix_short.tex, tab:appendix-refinement-mcnemar"
table_19[DiffDock (raw) -> DiffDock + smina].k10.raw,48.2,np.float64(48.2),True,"body_appendix_short.tex, tab:appendix-refinement-mcnemar"
table_19[DiffDock (raw) -> DiffDock + smina].k10.opt,53.5,np.float64(53.5),True,"body_appendix_short.tex, tab:appendix-refinement-mcnemar"
table_19[DiffDock (raw) -> DiffDock + smina].k10.raw_wins,5,5,True,"body_appendix_short.tex, tab:appendix-refinement-mcnemar"
table_19[DiffDock (raw) -> DiffDock + smina].k10.opt_wins,21,21,True,"body_appendix_short.tex, tab:appendix-refinement-mcnemar"
table_19[DiffDock (raw) -> DiffDock + smina].k15.raw,49.8,np.float64(49.8),True,"body_appendix_short.tex, tab:appendix-refinement-mcnemar"
table_19[DiffDock (raw) -> DiffDock + smina].k15.opt,56.1,np.float64(56.1),True,"body_appendix_short.tex, tab:appendix-refinement-mcnemar"
table_19[DiffDock (raw) -> DiffDock + smina].k15.raw_wins,5,5,True,"body_appendix_short.tex, tab:appendix-refinement-mcnemar"
table_19[DiffDock (raw) -> DiffDock + smina].k15.opt_wins,24,24,True,"body_appendix_short.tex, tab:appendix-refinement-mcnemar"
table_19[DiffDock (raw) -> DiffDock (gnina-opt)].k1.raw,33.7,np.float64(33.7),True,"body_appendix_short.tex, tab:appendix-refinement-mcnemar"
table_19[DiffDock (raw) -> DiffDock (gnina-opt)].k1.opt,35.6,np.float64(35.6),True,"body_appendix_short.tex, tab:appendix-refinement-mcnemar"
table_19[DiffDock (raw) -> DiffDock (gnina-opt)].k1.raw_wins,2,2,True,"body_appendix_short.tex, tab:appendix-refinement-mcnemar"
table_19[DiffDock (raw) -> DiffDock (gnina-opt)].k1.opt_wins,8,8,True,"body_appendix_short.tex, tab:appendix-refinement-mcnemar"
table_19[DiffDock (raw) -> DiffDock (gnina-opt)].k5.raw,44.6,np.float64(44.6),True,"body_appendix_short.tex, tab:appendix-refinement-mcnemar"
table_19[DiffDock (raw) -> DiffDock (gnina-opt)].k5.opt,49.2,np.float64(49.2),True,"body_appendix_short.tex, tab:appendix-refinement-mcnemar"
table_19[DiffDock (raw) -> DiffDock (gnina-opt)].k5.raw_wins,5,5,True,"body_appendix_short.tex, tab:appendix-refinement-mcnemar"
table_19[DiffDock (raw) -> DiffDock (gnina-opt)].k5.opt_wins,19,19,True,"body_appendix_short.tex, tab:appendix-refinement-mcnemar"
table_19[DiffDock (raw) -> DiffDock (gnina-opt)].k10.raw,48.2,np.float64(48.2),True,"body_appendix_short.tex, tab:appendix-refinement-mcnemar"
table_19[DiffDock (raw) -> DiffDock (gnina-opt)].k10.opt,52.8,np.float64(52.8),True,"body_appendix_short.tex, tab:appendix-refinement-mcnemar"
table_19[DiffDock (raw) -> DiffDock (gnina-opt)].k10.raw_wins,6,6,True,"body_appendix_short.tex, tab:appendix-refinement-mcnemar"
table_19[DiffDock (raw) -> DiffDock (gnina-opt)].k10.opt_wins,20,20,True,"body_appendix_short.tex, tab:appendix-refinement-mcnemar"
table_19[DiffDock (raw) -> DiffDock (gnina-opt)].k15.raw,49.8,np.float64(49.8),True,"body_appendix_short.tex, tab:appendix-refinement-mcnemar"
table_19[DiffDock (raw) -> DiffDock (gnina-opt)].k15.opt,56.1,np.float64(56.1),True,"body_appendix_short.tex, tab:appendix-refinement-mcnemar"
table_19[DiffDock (raw) -> DiffDock (gnina-opt)].k15.raw_wins,6,6,True,"body_appendix_short.tex, tab:appendix-refinement-mcnemar"
table_19[DiffDock (raw) -> DiffDock (gnina-opt)].k15.opt_wins,25,25,True,"body_appendix_short.tex, tab:appendix-refinement-mcnemar"
table_19[EquiBind (raw) -> EquiBind (gnina-opt)].k1.raw,1.3,np.float64(1.3),True,"body_appendix_short.tex, tab:appendix-refinement-mcnemar"
table_19[EquiBind (raw) -> EquiBind (gnina-opt)].k1.opt,18.8,np.float64(18.8),True,"body_appendix_short.tex, tab:appendix-refinement-mcnemar"
table_19[EquiBind (raw) -> EquiBind (gnina-opt)].k1.raw_wins,2,2,True,"body_appendix_short.tex, tab:appendix-refinement-mcnemar"
table_19[EquiBind (raw) -> EquiBind (gnina-opt)].k1.opt_wins,55,55,True,"body_appendix_short.tex, tab:appendix-refinement-mcnemar"
table_19[EquiBind (raw) -> EquiBind (gnina-opt)].k5.raw,3.0,np.float64(3.0),True,"body_appendix_short.tex, tab:appendix-refinement-mcnemar"
table_19[EquiBind (raw) -> EquiBind (gnina-opt)].k5.opt,25.1,np.float64(25.1),True,"body_appendix_short.tex, tab:appendix-refinement-mcnemar"
table_19[EquiBind (raw) -> EquiBind (gnina-opt)].k5.raw_wins,2,2,True,"body_appendix_short.tex, tab:appendix-refinement-mcnemar"
table_19[EquiBind (raw) -> EquiBind (gnina-opt)].k5.opt_wins,69,69,True,"body_appendix_short.tex, tab:appendix-refinement-mcnemar"
table_19[EquiBind (raw) -> EquiBind (gnina-opt)].k10.raw,4.0,np.float64(4.0),True,"body_appendix_short.tex, tab:appendix-refinement-mcnemar"
table_19[EquiBind (raw) -> EquiBind (gnina-opt)].k10.opt,27.4,np.float64(27.4),True,"body_appendix_short.tex, tab:appendix-refinement-mcnemar"
table_19[EquiBind (raw) -> EquiBind (gnina-opt)].k10.raw_wins,1,1,True,"body_appendix_short.tex, tab:appendix-refinement-mcnemar"
table_19[EquiBind (raw) -> EquiBind (gnina-opt)].k10.opt_wins,72,72,True,"body_appendix_short.tex, tab:appendix-refinement-mcnemar"
table_19[EquiBind (raw) -> EquiBind (gnina-opt)].k15.raw,5.9,np.float64(5.9),True,"body_appendix_short.tex, tab:appendix-refinement-mcnemar"
table_19[EquiBind (raw) -> EquiBind (gnina-opt)].k15.opt,27.4,np.float64(27.4),True,"body_appendix_short.tex, tab:appendix-refinement-mcnemar"
table_19[EquiBind (raw) -> EquiBind (gnina-opt)].k15.raw_wins,1,1,True,"body_appendix_short.tex, tab:appendix-refinement-mcnemar"
table_19[EquiBind (raw) -> EquiBind (gnina-opt)].k15.opt_wins,66,66,True,"body_appendix_short.tex, tab:appendix-refinement-mcnemar"
table_20[DiffDock/near-native].1-10/smina,0.6,np.float64(0.61),True,"body_appendix_short.tex, tab:appendix-refinement-bands"
table_20[DiffDock/near-native].1-10/gnina,0.7,np.float64(0.71),True,"body_appendix_short.tex, tab:appendix-refinement-bands"
table_20[DiffDock/near-native].11-20/smina,0.1,np.float64(0.06),True,"body_appendix_short.tex, tab:appendix-refinement-bands"
table_20[DiffDock/near-native].11-20/gnina,0.1,np.float64(0.06),True,"body_appendix_short.tex, tab:appendix-refinement-bands"
table_20[DiffDock/near-native].21-30/smina,0.5,np.float64(0.49),True,"body_appendix_short.tex, tab:appendix-refinement-bands"
table_20[DiffDock/near-native].21-30/gnina,0.4,np.float64(0.42),True,"body_appendix_short.tex, tab:appendix-refinement-bands"
table_20[DiffDock/PoseBusters-valid].1-10/smina,57,np.float64(57.47),True,"body_appendix_short.tex, tab:appendix-refinement-bands"
table_20[DiffDock/PoseBusters-valid].1-10/gnina,59,np.float64(58.59),True,"body_appendix_short.tex, tab:appendix-refinement-bands"
table_20[DiffDock/PoseBusters-valid].11-20/smina,60,np.float64(59.74),True,"body_appendix_short.tex, tab:appendix-refinement-bands"
table_20[DiffDock/PoseBusters-valid].11-20/gnina,62,np.float64(62.13),True,"body_appendix_short.tex, tab:appendix-refinement-bands"
table_20[DiffDock/PoseBusters-valid].21-30/smina,63,np.float64(63.09),True,"body_appendix_short.tex, tab:appendix-refinement-bands"
table_20[DiffDock/PoseBusters-valid].21-30/gnina,67,np.float64(67.41),True,"body_appendix_short.tex, tab:appendix-refinement-bands"
table_20[DiffDock/near-native and PB-valid].1-10/smina,12.9,np.float64(12.93),True,"body_appendix_short.tex, tab:appendix-refinement-bands"
table_20[DiffDock/near-native and PB-valid].1-10/gnina,13.0,np.float64(12.99),True,"body_appendix_short.tex, tab:appendix-refinement-bands"
table_20[DiffDock/near-native and PB-valid].11-20/smina,7.7,np.float64(7.71),True,"body_appendix_short.tex, tab:appendix-refinement-bands"
table_20[DiffDock/near-native and PB-valid].11-20/gnina,7.6,np.float64(7.64),True,"body_appendix_short.tex, tab:appendix-refinement-bands"
table_20[DiffDock/near-native and PB-valid].21-30/smina,5.2,np.float64(5.22),True,"body_appendix_short.tex, tab:appendix-refinement-bands"
table_20[DiffDock/near-native and PB-valid].21-30/gnina,5.2,np.float64(5.22),True,"body_appendix_short.tex, tab:appendix-refinement-bands"
table_20[EquiBind/near-native].1-10/smina,4.4,np.float64(4.36),True,"body_appendix_short.tex, tab:appendix-refinement-bands"
table_20[EquiBind/near-native].1-10/gnina,4.6,np.float64(4.59),True,"body_appendix_short.tex, tab:appendix-refinement-bands"
table_20[EquiBind/near-native].11-20/smina,3.5,np.float64(3.5),True,"body_appendix_short.tex, tab:appendix-refinement-bands"
table_20[EquiBind/near-native].11-20/gnina,4.4,np.float64(4.36),True,"body_appendix_short.tex, tab:appendix-refinement-bands"
table_20[EquiBind/near-native].21-30/smina,3.7,np.float64(3.7),True,"body_appendix_short.tex, tab:appendix-refinement-bands"
table_20[EquiBind/near-native].21-30/gnina,4.1,np.float64(4.1),True,"body_appendix_short.tex, tab:appendix-refinement-bands"
table_20[EquiBind/PoseBusters-valid].1-10/smina,48,np.float64(48.18),True,"body_appendix_short.tex, tab:appendix-refinement-bands"
table_20[EquiBind/PoseBusters-valid].1-10/gnina,58,np.float64(58.25),True,"body_appendix_short.tex, tab:appendix-refinement-bands"
table_20[EquiBind/PoseBusters-valid].11-20/smina,49,np.float64(48.58),True,"body_appendix_short.tex, tab:appendix-refinement-bands"
table_20[EquiBind/PoseBusters-valid].11-20/gnina,59,np.float64(58.84),True,"body_appendix_short.tex, tab:appendix-refinement-bands"
table_20[EquiBind/PoseBusters-valid].21-30/smina,48,np.float64(48.48),True,"body_appendix_short.tex, tab:appendix-refinement-bands"
table_20[EquiBind/PoseBusters-valid].21-30/gnina,60,np.float64(60.17),True,"body_appendix_short.tex, tab:appendix-refinement-bands"
table_20[EquiBind/near-native and PB-valid].1-10/smina,4.8,np.float64(4.79),True,"body_appendix_short.tex, tab:appendix-refinement-bands"
table_20[EquiBind/near-native and PB-valid].1-10/gnina,5.0,np.float64(4.98),True,"body_appendix_short.tex, tab:appendix-refinement-bands"
table_20[EquiBind/near-native and PB-valid].11-20/smina,4.1,np.float64(4.06),True,"body_appendix_short.tex, tab:appendix-refinement-bands"
table_20[EquiBind/near-native and PB-valid].11-20/gnina,5.0,np.float64(5.02),True,"body_appendix_short.tex, tab:appendix-refinement-bands"
table_20[EquiBind/near-native and PB-valid].21-30/smina,4.2,np.float64(4.16),True,"body_appendix_short.tex, tab:appendix-refinement-bands"
table_20[EquiBind/near-native and PB-valid].21-30/gnina,4.7,np.float64(4.69),True,"body_appendix_short.tex, tab:appendix-refinement-bands"
table_21.family_size,16,16,True,"body_appendix_short.tex, tab:appendix-cross-tool-mcnemar"
table_21[AutoDock (gnina-opt) -> DiffDock (raw)].k1.base,37.3,np.float64(37.3),True,"body_appendix_short.tex, tab:appendix-cross-tool-mcnemar"
table_21[AutoDock (gnina-opt) -> DiffDock (raw)].k1.comp,33.7,np.float64(33.7),True,"body_appendix_short.tex, tab:appendix-cross-tool-mcnemar"
table_21[AutoDock (gnina-opt) -> DiffDock (raw)].k1.base_wins,62,62,True,"body_appendix_short.tex, tab:appendix-cross-tool-mcnemar"
table_21[AutoDock (gnina-opt) -> DiffDock (raw)].k1.comp_wins,51,51,True,"body_appendix_short.tex, tab:appendix-cross-tool-mcnemar"
table_21[AutoDock (gnina-opt) -> DiffDock (raw)].k1.p_holm,0.6938,0.6938,True,"body_appendix_short.tex, tab:appendix-cross-tool-mcnemar"
table_21[AutoDock (gnina-opt) -> DiffDock (raw)].k5.base,62.0,np.float64(62.0),True,"body_appendix_short.tex, tab:appendix-cross-tool-mcnemar"
table_21[AutoDock (gnina-opt) -> DiffDock (raw)].k5.comp,44.6,np.float64(44.6),True,"body_appendix_short.tex, tab:appendix-cross-tool-mcnemar"
table_21[AutoDock (gnina-opt) -> DiffDock (raw)].k5.base_wins,100,100,True,"body_appendix_short.tex, tab:appendix-cross-tool-mcnemar"
table_21[AutoDock (gnina-opt) -> DiffDock (raw)].k5.comp_wins,47,47,True,"body_appendix_short.tex, tab:appendix-cross-tool-mcnemar"
table_21[AutoDock (gnina-opt) -> DiffDock (raw)].k5.p_holm,0.0001176,0.0001176,True,"body_appendix_short.tex, tab:appendix-cross-tool-mcnemar"
table_21[AutoDock (gnina-opt) -> DiffDock (raw)].k10.base,65.0,np.float64(65.0),True,"body_appendix_short.tex, tab:appendix-cross-tool-mcnemar"
table_21[AutoDock (gnina-opt) -> DiffDock (raw)].k10.comp,48.2,np.float64(48.2),True,"body_appendix_short.tex, tab:appendix-cross-tool-mcnemar"
table_21[AutoDock (gnina-opt) -> DiffDock (raw)].k10.base_wins,99,99,True,"body_appendix_short.tex, tab:appendix-cross-tool-mcnemar"
table_21[AutoDock (gnina-opt) -> DiffDock (raw)].k10.comp_wins,48,48,True,"body_appendix_short.tex, tab:appendix-cross-tool-mcnemar"
table_21[AutoDock (gnina-opt) -> DiffDock (raw)].k10.p_holm,0.0002199,0.0002199,True,"body_appendix_short.tex, tab:appendix-cross-tool-mcnemar"
table_21[AutoDock (gnina-opt) -> DiffDock (raw)].k15.base,66.3,np.float64(66.3),True,"body_appendix_short.tex, tab:appendix-cross-tool-mcnemar"
table_21[AutoDock (gnina-opt) -> DiffDock (raw)].k15.comp,49.8,np.float64(49.8),True,"body_appendix_short.tex, tab:appendix-cross-tool-mcnemar"
table_21[AutoDock (gnina-opt) -> DiffDock (raw)].k15.base_wins,99,99,True,"body_appendix_short.tex, tab:appendix-cross-tool-mcnemar"
table_21[AutoDock (gnina-opt) -> DiffDock (raw)].k15.comp_wins,49,49,True,"body_appendix_short.tex, tab:appendix-cross-tool-mcnemar"
table_21[AutoDock (gnina-opt) -> DiffDock (raw)].k15.p_holm,0.0002897,0.0002897,True,"body_appendix_short.tex, tab:appendix-cross-tool-mcnemar"
table_21[AutoDock (gnina-opt) -> DiffDock (gnina-opt)].k1.base,37.3,np.float64(37.3),True,"body_appendix_short.tex, tab:appendix-cross-tool-mcnemar"
table_21[AutoDock (gnina-opt) -> DiffDock (gnina-opt)].k1.comp,35.6,np.float64(35.6),True,"body_appendix_short.tex, tab:appendix-cross-tool-mcnemar"
table_21[AutoDock (gnina-opt) -> DiffDock (gnina-opt)].k1.base_wins,60,60,True,"body_appendix_short.tex, tab:appendix-cross-tool-mcnemar"
table_21[AutoDock (gnina-opt) -> DiffDock (gnina-opt)].k1.comp_wins,55,55,True,"body_appendix_short.tex, tab:appendix-cross-tool-mcnemar"
table_21[AutoDock (gnina-opt) -> DiffDock (gnina-opt)].k1.p_holm,0.7093,0.7093,True,"body_appendix_short.tex, tab:appendix-cross-tool-mcnemar"
table_21[AutoDock (gnina-opt) -> DiffDock (gnina-opt)].k5.base,62.0,np.float64(62.0),True,"body_appendix_short.tex, tab:appendix-cross-tool-mcnemar"
table_21[AutoDock (gnina-opt) -> DiffDock (gnina-opt)].k5.comp,49.2,np.float64(49.2),True,"body_appendix_short.tex, tab:appendix-cross-tool-mcnemar"
table_21[AutoDock (gnina-opt) -> DiffDock (gnina-opt)].k5.base_wins,89,89,True,"body_appendix_short.tex, tab:appendix-cross-tool-mcnemar"
table_21[AutoDock (gnina-opt) -> DiffDock (gnina-opt)].k5.comp_wins,50,50,True,"body_appendix_short.tex, tab:appendix-cross-tool-mcnemar"
table_21[AutoDock (gnina-opt) -> DiffDock (gnina-opt)].k5.p_holm,0.00594,0.00594,True,"body_appendix_short.tex, tab:appendix-cross-tool-mcnemar"
table_21[AutoDock (gnina-opt) -> DiffDock (gnina-opt)].k10.base,65.0,np.float64(65.0),True,"body_appendix_short.tex, tab:appendix-cross-tool-mcnemar"
table_21[AutoDock (gnina-opt) -> DiffDock (gnina-opt)].k10.comp,52.8,np.float64(52.8),True,"body_appendix_short.tex, tab:appendix-cross-tool-mcnemar"
table_21[AutoDock (gnina-opt) -> DiffDock (gnina-opt)].k10.base_wins,87,87,True,"body_appendix_short.tex, tab:appendix-cross-tool-mcnemar"
table_21[AutoDock (gnina-opt) -> DiffDock (gnina-opt)].k10.comp_wins,50,50,True,"body_appendix_short.tex, tab:appendix-cross-tool-mcnemar"
table_21[AutoDock (gnina-opt) -> DiffDock (gnina-opt)].k10.p_holm,0.007955,0.007955,True,"body_appendix_short.tex, tab:appendix-cross-tool-mcnemar"
table_21[AutoDock (gnina-opt) -> DiffDock (gnina-opt)].k15.base,66.3,np.float64(66.3),True,"body_appendix_short.tex, tab:appendix-cross-tool-mcnemar"
table_21[AutoDock (gnina-opt) -> DiffDock (gnina-opt)].k15.comp,56.1,np.float64(56.1),True,"body_appendix_short.tex, tab:appendix-cross-tool-mcnemar"
table_21[AutoDock (gnina-opt) -> DiffDock (gnina-opt)].k15.base_wins,83,83,True,"body_appendix_short.tex, tab:appendix-cross-tool-mcnemar"
table_21[AutoDock (gnina-opt) -> DiffDock (gnina-opt)].k15.comp_wins,52,52,True,"body_appendix_short.tex, tab:appendix-cross-tool-mcnemar"
table_21[AutoDock (gnina-opt) -> DiffDock (gnina-opt)].k15.p_holm,0.02869,0.02869,True,"body_appendix_short.tex, tab:appendix-cross-tool-mcnemar"
table_21[DiffDock (gnina-opt) -> EquiBind (gnina-opt)].k1.base,35.6,np.float64(35.6),True,"body_appendix_short.tex, tab:appendix-cross-tool-mcnemar"
table_21[DiffDock (gnina-opt) -> EquiBind (gnina-opt)].k1.comp,18.8,np.float64(18.8),True,"body_appendix_short.tex, tab:appendix-cross-tool-mcnemar"
table_21[DiffDock (gnina-opt) -> EquiBind (gnina-opt)].k1.base_wins,68,68,True,"body_appendix_short.tex, tab:appendix-cross-tool-mcnemar"
table_21[DiffDock (gnina-opt) -> EquiBind (gnina-opt)].k1.comp_wins,17,17,True,"body_appendix_short.tex, tab:appendix-cross-tool-mcnemar"
table_21[DiffDock (gnina-opt) -> EquiBind (gnina-opt)].k1.p_holm,1.958e-07,1.958e-07,True,"body_appendix_short.tex, tab:appendix-cross-tool-mcnemar"
table_21[DiffDock (gnina-opt) -> EquiBind (gnina-opt)].k5.base,49.2,np.float64(49.2),True,"body_appendix_short.tex, tab:appendix-cross-tool-mcnemar"
table_21[DiffDock (gnina-opt) -> EquiBind (gnina-opt)].k5.comp,25.1,np.float64(25.1),True,"body_appendix_short.tex, tab:appendix-cross-tool-mcnemar"
table_21[DiffDock (gnina-opt) -> EquiBind (gnina-opt)].k5.base_wins,94,94,True,"body_appendix_short.tex, tab:appendix-cross-tool-mcnemar"
table_21[DiffDock (gnina-opt) -> EquiBind (gnina-opt)].k5.comp_wins,21,21,True,"body_appendix_short.tex, tab:appendix-cross-tool-mcnemar"
table_21[DiffDock (gnina-opt) -> EquiBind (gnina-opt)].k5.p_holm,3.564e-11,3.564e-11,True,"body_appendix_short.tex, tab:appendix-cross-tool-mcnemar"
table_21[DiffDock (gnina-opt) -> EquiBind (gnina-opt)].k10.base,52.8,np.float64(52.8),True,"body_appendix_short.tex, tab:appendix-cross-tool-mcnemar"
table_21[DiffDock (gnina-opt) -> EquiBind (gnina-opt)].k10.comp,27.4,np.float64(27.4),True,"body_appendix_short.tex, tab:appendix-cross-tool-mcnemar"
table_21[DiffDock (gnina-opt) -> EquiBind (gnina-opt)].k10.base_wins,98,98,True,"body_appendix_short.tex, tab:appendix-cross-tool-mcnemar"
table_21[DiffDock (gnina-opt) -> EquiBind (gnina-opt)].k10.comp_wins,21,21,True,"body_appendix_short.tex, tab:appendix-cross-tool-mcnemar"
table_21[DiffDock (gnina-opt) -> EquiBind (gnina-opt)].k10.p_holm,5.284e-12,5.284e-12,True,"body_appendix_short.tex, tab:appendix-cross-tool-mcnemar"
table_21[DiffDock (gnina-opt) -> EquiBind (gnina-opt)].k15.base,56.1,np.float64(56.1),True,"body_appendix_short.tex, tab:appendix-cross-tool-mcnemar"
table_21[DiffDock (gnina-opt) -> EquiBind (gnina-opt)].k15.comp,27.4,np.float64(27.4),True,"body_appendix_short.tex, tab:appendix-cross-tool-mcnemar"
table_21[DiffDock (gnina-opt) -> EquiBind (gnina-opt)].k15.base_wins,104,104,True,"body_appendix_short.tex, tab:appendix-cross-tool-mcnemar"
table_21[DiffDock (gnina-opt) -> EquiBind (gnina-opt)].k15.comp_wins,17,17,True,"body_appendix_short.tex, tab:appendix-cross-tool-mcnemar"
table_21[DiffDock (gnina-opt) -> EquiBind (gnina-opt)].k15.p_holm,2.572e-15,2.572e-15,True,"body_appendix_short.tex, tab:appendix-cross-tool-mcnemar"
table_21[AutoDock (gnina-opt) -> EquiBind (gnina-opt)].k1.base,37.3,np.float64(37.3),True,"body_appendix_short.tex, tab:appendix-cross-tool-mcnemar"
table_21[AutoDock (gnina-opt) -> EquiBind (gnina-opt)].k1.comp,18.8,np.float64(18.8),True,"body_appendix_short.tex, tab:appendix-cross-tool-mcnemar"
table_21[AutoDock (gnina-opt) -> EquiBind (gnina-opt)].k1.base_wins,75,75,True,"body_appendix_short.tex, tab:appendix-cross-tool-mcnemar"
table_21[AutoDock (gnina-opt) -> EquiBind (gnina-opt)].k1.comp_wins,19,19,True,"body_appendix_short.tex, tab:appendix-cross-tool-mcnemar"
table_21[AutoDock (gnina-opt) -> EquiBind (gnina-opt)].k1.p_holm,4.818e-08,4.818e-08,True,"body_appendix_short.tex, tab:appendix-cross-tool-mcnemar"
table_21[AutoDock (gnina-opt) -> EquiBind (gnina-opt)].k5.base,62.0,np.float64(62.0),True,"body_appendix_short.tex, tab:appendix-cross-tool-mcnemar"
table_21[AutoDock (gnina-opt) -> EquiBind (gnina-opt)].k5.comp,25.1,np.float64(25.1),True,"body_appendix_short.tex, tab:appendix-cross-tool-mcnemar"
table_21[AutoDock (gnina-opt) -> EquiBind (gnina-opt)].k5.base_wins,128,128,True,"body_appendix_short.tex, tab:appendix-cross-tool-mcnemar"
table_21[AutoDock (gnina-opt) -> EquiBind (gnina-opt)].k5.comp_wins,16,16,True,"body_appendix_short.tex, tab:appendix-cross-tool-mcnemar"
table_21[AutoDock (gnina-opt) -> EquiBind (gnina-opt)].k5.p_holm,9.847e-22,9.847e-22,True,"body_appendix_short.tex, tab:appendix-cross-tool-mcnemar"
table_21[AutoDock (gnina-opt) -> EquiBind (gnina-opt)].k10.base,65.0,np.float64(65.0),True,"body_appendix_short.tex, tab:appendix-cross-tool-mcnemar"
table_21[AutoDock (gnina-opt) -> EquiBind (gnina-opt)].k10.comp,27.4,np.float64(27.4),True,"body_appendix_short.tex, tab:appendix-cross-tool-mcnemar"
table_21[AutoDock (gnina-opt) -> EquiBind (gnina-opt)].k10.base_wins,129,129,True,"body_appendix_short.tex, tab:appendix-cross-tool-mcnemar"
table_21[AutoDock (gnina-opt) -> EquiBind (gnina-opt)].k10.comp_wins,15,15,True,"body_appendix_short.tex, tab:appendix-cross-tool-mcnemar"
table_21[AutoDock (gnina-opt) -> EquiBind (gnina-opt)].k10.p_holm,1.296e-22,1.296e-22,True,"body_appendix_short.tex, tab:appendix-cross-tool-mcnemar"
table_21[AutoDock (gnina-opt) -> EquiBind (gnina-opt)].k15.base,66.3,np.float64(66.3),True,"body_appendix_short.tex, tab:appendix-cross-tool-mcnemar"
table_21[AutoDock (gnina-opt) -> EquiBind (gnina-opt)].k15.comp,27.4,np.float64(27.4),True,"body_appendix_short.tex, tab:appendix-cross-tool-mcnemar"
table_21[AutoDock (gnina-opt) -> EquiBind (gnina-opt)].k15.base_wins,132,132,True,"body_appendix_short.tex, tab:appendix-cross-tool-mcnemar"
table_21[AutoDock (gnina-opt) -> EquiBind (gnina-opt)].k15.comp_wins,14,14,True,"body_appendix_short.tex, tab:appendix-cross-tool-mcnemar"
table_21[AutoDock (gnina-opt) -> EquiBind (gnina-opt)].k15.p_holm,4.827e-24,4.827e-24,True,"body_appendix_short.tex, tab:appendix-cross-tool-mcnemar"
table_22[AutoDock Vina + gnina].k1,"[0.7, 0.2, 2.4]","[0.7, np.float64(0.2), np.float64(2.4)]",True,"body_appendix_short.tex, tab:appendix-accurate-invalid"
table_22[AutoDock Vina + gnina].k5,"[1.3, 0.5, 3.3]","[1.3, np.float64(0.5), np.float64(3.3)]",True,"body_appendix_short.tex, tab:appendix-accurate-invalid"
table_22[AutoDock Vina + gnina].k10,"[1.0, 0.3, 2.9]","[1.0, np.float64(0.3), np.float64(2.9)]",True,"body_appendix_short.tex, tab:appendix-accurate-invalid"
table_22[AutoDock Vina + gnina].k15,"[1.0, 0.3, 2.9]","[1.0, np.float64(0.3), np.float64(2.9)]",True,"body_appendix_short.tex, tab:appendix-accurate-invalid"
table_22[DiffDock (raw)].k1,"[15.5, 11.9, 20.0]","[15.5, np.float64(11.9), np.float64(20.0)]",True,"body_appendix_short.tex, tab:appendix-accurate-invalid"
table_22[DiffDock (raw)].k5,"[19.1, 15.1, 23.9]","[19.1, np.float64(15.1), np.float64(23.9)]",True,"body_appendix_short.tex, tab:appendix-accurate-invalid"
table_22[DiffDock (raw)].k10,"[19.5, 15.4, 24.3]","[19.5, np.float64(15.4), np.float64(24.3)]",True,"body_appendix_short.tex, tab:appendix-accurate-invalid"
table_22[DiffDock (raw)].k15,"[18.8, 14.8, 23.6]","[18.8, np.float64(14.8), np.float64(23.6)]",True,"body_appendix_short.tex, tab:appendix-accurate-invalid"
table_22[DiffDock (gnina-opt)].k1,"[1.3, 0.5, 3.3]","[1.3, np.float64(0.5), np.float64(3.3)]",True,"body_appendix_short.tex, tab:appendix-accurate-invalid"
table_22[DiffDock (gnina-opt)].k5,"[1.0, 0.3, 2.9]","[1.0, np.float64(0.3), np.float64(2.9)]",True,"body_appendix_short.tex, tab:appendix-accurate-invalid"
table_22[DiffDock (gnina-opt)].k10,"[1.0, 0.3, 2.9]","[1.0, np.float64(0.3), np.float64(2.9)]",True,"body_appendix_short.tex, tab:appendix-accurate-invalid"
table_22[DiffDock (gnina-opt)].k15,"[1.0, 0.3, 2.9]","[1.0, np.float64(0.3), np.float64(2.9)]",True,"body_appendix_short.tex, tab:appendix-accurate-invalid"
table_22[EquiBind (raw)].k1,"[0.7, 0.2, 2.4]","[0.7, np.float64(0.2), np.float64(2.4)]",True,"body_appendix_short.tex, tab:appendix-accurate-invalid"
table_22[EquiBind (raw)].k5,"[2.3, 1.1, 4.7]","[2.3, np.float64(1.1), np.float64(4.7)]",True,"body_appendix_short.tex, tab:appendix-accurate-invalid"
table_22[EquiBind (raw)].k10,"[3.3, 1.8, 6.0]","[3.3, np.float64(1.8), np.float64(6.0)]",True,"body_appendix_short.tex, tab:appendix-accurate-invalid"
table_22[EquiBind (raw)].k15,"[5.3, 3.3, 8.4]","[5.3, np.float64(3.3), np.float64(8.4)]",True,"body_appendix_short.tex, tab:appendix-accurate-invalid"
table_22[EquiBind (gnina-opt)].k1,"[0.7, 0.2, 2.4]","[0.7, np.float64(0.2), np.float64(2.4)]",True,"body_appendix_short.tex, tab:appendix-accurate-invalid"
table_22[EquiBind (gnina-opt)].k5,"[1.0, 0.3, 2.9]","[1.0, np.float64(0.3), np.float64(2.9)]",True,"body_appendix_short.tex, tab:appendix-accurate-invalid"
table_22[EquiBind (gnina-opt)].k10,"[1.0, 0.3, 2.9]","[1.0, np.float64(0.3), np.float64(2.9)]",True,"body_appendix_short.tex, tab:appendix-accurate-invalid"
table_22[EquiBind (gnina-opt)].k15,"[1.0, 0.3, 2.9]","[1.0, np.float64(0.3), np.float64(2.9)]",True,"body_appendix_short.tex, tab:appendix-accurate-invalid"
table_22[AutoDock Vina].k1,"[0.3, 0.1, 1.8]","[0.3, np.float64(0.1), np.float64(1.8)]",True,"body_appendix_short.tex, tab:appendix-accurate-invalid"
table_22[AutoDock Vina].k5,"[0.3, 0.1, 1.8]","[0.3, np.float64(0.1), np.float64(1.8)]",True,"body_appendix_short.tex, tab:appendix-accurate-invalid"
table_22[AutoDock Vina].k10,"[0.0, 0.0, 1.3]","[0.0, 0.0, np.float64(1.3)]",True,"body_appendix_short.tex, tab:appendix-accurate-invalid"
table_22[AutoDock Vina].k15,"[0.0, 0.0, 1.3]","[0.0, 0.0, np.float64(1.3)]",True,"body_appendix_short.tex, tab:appendix-accurate-invalid"
table_24[applied checks],22,22,True,"body_appendix_short.tex, tab:appendix-pb-decomposition-full"
table_24[join],'every pose joined','0 unjoined',True,"body_appendix_short.tex, tab:appendix-pb-decomposition-full"
table_24[all/AutoDock (raw)].poses,8976,8976,True,"body_appendix_short.tex, tab:appendix-pb-decomposition-full"
table_24[all/AutoDock (raw)].valid_pct,99.6,np.float64(99.6),True,"body_appendix_short.tex, tab:appendix-pb-decomposition-full"
table_24[all/AutoDock (raw)].chem_pct,0.0,np.float64(0.0),True,"body_appendix_short.tex, tab:appendix-pb-decomposition-full"
table_24[all/AutoDock (raw)].intra_pct,0.1,np.float64(0.1),True,"body_appendix_short.tex, tab:appendix-pb-decomposition-full"
table_24[all/AutoDock (raw)].inter_pct,0.2,np.float64(0.2),True,"body_appendix_short.tex, tab:appendix-pb-decomposition-full"
table_24[all/AutoDock (raw)].mindist_pct,0.2,np.float64(0.2),True,"body_appendix_short.tex, tab:appendix-pb-decomposition-full"
table_24[all/AutoDock + gnina].poses,8976,8976,True,"body_appendix_short.tex, tab:appendix-pb-decomposition-full"
table_24[all/AutoDock + gnina].valid_pct,98.9,np.float64(98.9),True,"body_appendix_short.tex, tab:appendix-pb-decomposition-full"
table_24[all/AutoDock + gnina].chem_pct,0.0,np.float64(0.0),True,"body_appendix_short.tex, tab:appendix-pb-decomposition-full"
table_24[all/AutoDock + gnina].intra_pct,0.9,np.float64(0.9),True,"body_appendix_short.tex, tab:appendix-pb-decomposition-full"
table_24[all/AutoDock + gnina].inter_pct,0.2,np.float64(0.2),True,"body_appendix_short.tex, tab:appendix-pb-decomposition-full"
table_24[all/AutoDock + gnina].mindist_pct,0.2,np.float64(0.2),True,"body_appendix_short.tex, tab:appendix-pb-decomposition-full"
table_24[all/DiffDock (raw)].poses,9013,9013,True,"body_appendix_short.tex, tab:appendix-pb-decomposition-full"
table_24[all/DiffDock (raw)].valid_pct,24.4,np.float64(24.4),True,"body_appendix_short.tex, tab:appendix-pb-decomposition-full"
table_24[all/DiffDock (raw)].chem_pct,0.0,np.float64(0.0),True,"body_appendix_short.tex, tab:appendix-pb-decomposition-full"
table_24[all/DiffDock (raw)].intra_pct,3.8,np.float64(3.8),True,"body_appendix_short.tex, tab:appendix-pb-decomposition-full"
table_24[all/DiffDock (raw)].inter_pct,75.2,np.float64(75.2),True,"body_appendix_short.tex, tab:appendix-pb-decomposition-full"
table_24[all/DiffDock (raw)].mindist_pct,73.8,np.float64(73.8),True,"body_appendix_short.tex, tab:appendix-pb-decomposition-full"
table_24[all/DiffDock + smina].poses,8993,8993,True,"body_appendix_short.tex, tab:appendix-pb-decomposition-full"
table_24[all/DiffDock + smina].valid_pct,84.5,np.float64(84.5),True,"body_appendix_short.tex, tab:appendix-pb-decomposition-full"
table_24[all/DiffDock + smina].chem_pct,0.0,np.float64(0.0),True,"body_appendix_short.tex, tab:appendix-pb-decomposition-full"
table_24[all/DiffDock + smina].intra_pct,1.5,np.float64(1.5),True,"body_appendix_short.tex, tab:appendix-pb-decomposition-full"
table_24[all/DiffDock + smina].inter_pct,14.6,np.float64(14.6),True,"body_appendix_short.tex, tab:appendix-pb-decomposition-full"
table_24[all/DiffDock + smina].mindist_pct,13.4,np.float64(13.4),True,"body_appendix_short.tex, tab:appendix-pb-decomposition-full"
table_24[all/DiffDock + gnina].poses,8993,8993,True,"body_appendix_short.tex, tab:appendix-pb-decomposition-full"
table_24[all/DiffDock + gnina].valid_pct,87.1,np.float64(87.1),True,"body_appendix_short.tex, tab:appendix-pb-decomposition-full"
table_24[all/DiffDock + gnina].chem_pct,0.0,np.float64(0.0),True,"body_appendix_short.tex, tab:appendix-pb-decomposition-full"
table_24[all/DiffDock + gnina].intra_pct,1.4,np.float64(1.4),True,"body_appendix_short.tex, tab:appendix-pb-decomposition-full"
table_24[all/DiffDock + gnina].inter_pct,12.0,np.float64(12.0),True,"body_appendix_short.tex, tab:appendix-pb-decomposition-full"
table_24[all/DiffDock + gnina].mindist_pct,10.7,np.float64(10.7),True,"body_appendix_short.tex, tab:appendix-pb-decomposition-full"
table_24[all/EquiBind (raw)].poses,9090,9090,True,"body_appendix_short.tex, tab:appendix-pb-decomposition-full"
table_24[all/EquiBind (raw)].valid_pct,2.9,np.float64(2.9),True,"body_appendix_short.tex, tab:appendix-pb-decomposition-full"
table_24[all/EquiBind (raw)].chem_pct,0.0,np.float64(0.0),True,"body_appendix_short.tex, tab:appendix-pb-decomposition-full"
table_24[all/EquiBind (raw)].intra_pct,27.9,np.float64(27.9),True,"body_appendix_short.tex, tab:appendix-pb-decomposition-full"
table_24[all/EquiBind (raw)].inter_pct,96.8,np.float64(96.8),True,"body_appendix_short.tex, tab:appendix-pb-decomposition-full"
table_24[all/EquiBind (raw)].mindist_pct,96.5,np.float64(96.5),True,"body_appendix_short.tex, tab:appendix-pb-decomposition-full"
table_24[all/EquiBind + smina].poses,9090,9090,True,"body_appendix_short.tex, tab:appendix-pb-decomposition-full"
table_24[all/EquiBind + smina].valid_pct,51.3,np.float64(51.3),True,"body_appendix_short.tex, tab:appendix-pb-decomposition-full"
table_24[all/EquiBind + smina].chem_pct,0.0,np.float64(0.0),True,"body_appendix_short.tex, tab:appendix-pb-decomposition-full"
table_24[all/EquiBind + smina].intra_pct,4.8,np.float64(4.8),True,"body_appendix_short.tex, tab:appendix-pb-decomposition-full"
table_24[all/EquiBind + smina].inter_pct,47.6,np.float64(47.6),True,"body_appendix_short.tex, tab:appendix-pb-decomposition-full"
table_24[all/EquiBind + smina].mindist_pct,47.3,np.float64(47.3),True,"body_appendix_short.tex, tab:appendix-pb-decomposition-full"
table_24[all/EquiBind + gnina].poses,9088,9088,True,"body_appendix_short.tex, tab:appendix-pb-decomposition-full"
table_24[all/EquiBind + gnina].valid_pct,62.0,np.float64(62.0),True,"body_appendix_short.tex, tab:appendix-pb-decomposition-full"
table_24[all/EquiBind + gnina].chem_pct,0.0,np.float64(0.0),True,"body_appendix_short.tex, tab:appendix-pb-decomposition-full"
table_24[all/EquiBind + gnina].intra_pct,3.7,np.float64(3.7),True,"body_appendix_short.tex, tab:appendix-pb-decomposition-full"
table_24[all/EquiBind + gnina].inter_pct,37.0,np.float64(37.0),True,"body_appendix_short.tex, tab:appendix-pb-decomposition-full"
table_24[all/EquiBind + gnina].mindist_pct,36.6,np.float64(36.6),True,"body_appendix_short.tex, tab:appendix-pb-decomposition-full"
table_24[near_native/AutoDock (raw)].poses,307,307,True,"body_appendix_short.tex, tab:appendix-pb-decomposition-full"
table_24[near_native/AutoDock (raw)].valid_pct,98.4,np.float64(98.4),True,"body_appendix_short.tex, tab:appendix-pb-decomposition-full"
table_24[near_native/AutoDock (raw)].chem_pct,0.0,np.float64(0.0),True,"body_appendix_short.tex, tab:appendix-pb-decomposition-full"
table_24[near_native/AutoDock (raw)].intra_pct,0.0,np.float64(0.0),True,"body_appendix_short.tex, tab:appendix-pb-decomposition-full"
table_24[near_native/AutoDock (raw)].inter_pct,1.6,np.float64(1.6),True,"body_appendix_short.tex, tab:appendix-pb-decomposition-full"
table_24[near_native/AutoDock (raw)].mindist_pct,1.6,np.float64(1.6),True,"body_appendix_short.tex, tab:appendix-pb-decomposition-full"
table_24[near_native/AutoDock + gnina].poses,319,319,True,"body_appendix_short.tex, tab:appendix-pb-decomposition-full"
table_24[near_native/AutoDock + gnina].valid_pct,97.5,np.float64(97.5),True,"body_appendix_short.tex, tab:appendix-pb-decomposition-full"
table_24[near_native/AutoDock + gnina].chem_pct,0.0,np.float64(0.0),True,"body_appendix_short.tex, tab:appendix-pb-decomposition-full"
table_24[near_native/AutoDock + gnina].intra_pct,0.9,np.float64(0.9),True,"body_appendix_short.tex, tab:appendix-pb-decomposition-full"
table_24[near_native/AutoDock + gnina].inter_pct,1.6,np.float64(1.6),True,"body_appendix_short.tex, tab:appendix-pb-decomposition-full"
table_24[near_native/AutoDock + gnina].mindist_pct,1.6,np.float64(1.6),True,"body_appendix_short.tex, tab:appendix-pb-decomposition-full"
table_24[near_native/DiffDock (raw)].poses,1683,1683,True,"body_appendix_short.tex, tab:appendix-pb-decomposition-full"
table_24[near_native/DiffDock (raw)].valid_pct,50.3,np.float64(50.3),True,"body_appendix_short.tex, tab:appendix-pb-decomposition-full"
table_24[near_native/DiffDock (raw)].chem_pct,0.0,np.float64(0.0),True,"body_appendix_short.tex, tab:appendix-pb-decomposition-full"
table_24[near_native/DiffDock (raw)].intra_pct,2.2,np.float64(2.2),True,"body_appendix_short.tex, tab:appendix-pb-decomposition-full"
table_24[near_native/DiffDock (raw)].inter_pct,48.2,np.float64(48.2),True,"body_appendix_short.tex, tab:appendix-pb-decomposition-full"
table_24[near_native/DiffDock (raw)].mindist_pct,48.2,np.float64(48.2),True,"body_appendix_short.tex, tab:appendix-pb-decomposition-full"
table_24[near_native/DiffDock + smina].poses,1715,1715,True,"body_appendix_short.tex, tab:appendix-pb-decomposition-full"
table_24[near_native/DiffDock + smina].valid_pct,94.6,np.float64(94.6),True,"body_appendix_short.tex, tab:appendix-pb-decomposition-full"
table_24[near_native/DiffDock + smina].chem_pct,0.0,np.float64(0.0),True,"body_appendix_short.tex, tab:appendix-pb-decomposition-full"
table_24[near_native/DiffDock + smina].intra_pct,0.1,np.float64(0.1),True,"body_appendix_short.tex, tab:appendix-pb-decomposition-full"
table_24[near_native/DiffDock + smina].inter_pct,5.4,np.float64(5.4),True,"body_appendix_short.tex, tab:appendix-pb-decomposition-full"
table_24[near_native/DiffDock + smina].mindist_pct,5.4,np.float64(5.4),True,"body_appendix_short.tex, tab:appendix-pb-decomposition-full"
table_24[near_native/DiffDock + gnina].poses,1716,1716,True,"body_appendix_short.tex, tab:appendix-pb-decomposition-full"
table_24[near_native/DiffDock + gnina].valid_pct,94.5,np.float64(94.5),True,"body_appendix_short.tex, tab:appendix-pb-decomposition-full"
table_24[near_native/DiffDock + gnina].chem_pct,0.0,np.float64(0.0),True,"body_appendix_short.tex, tab:appendix-pb-decomposition-full"
table_24[near_native/DiffDock + gnina].intra_pct,0.2,np.float64(0.2),True,"body_appendix_short.tex, tab:appendix-pb-decomposition-full"
table_24[near_native/DiffDock + gnina].inter_pct,5.3,np.float64(5.3),True,"body_appendix_short.tex, tab:appendix-pb-decomposition-full"
table_24[near_native/DiffDock + gnina].mindist_pct,5.2,np.float64(5.2),True,"body_appendix_short.tex, tab:appendix-pb-decomposition-full"
table_24[near_native/EquiBind (raw)].poses,103,103,True,"body_appendix_short.tex, tab:appendix-pb-decomposition-full"
table_24[near_native/EquiBind (raw)].valid_pct,20.4,np.float64(20.4),True,"body_appendix_short.tex, tab:appendix-pb-decomposition-full"
table_24[near_native/EquiBind (raw)].chem_pct,0.0,np.float64(0.0),True,"body_appendix_short.tex, tab:appendix-pb-decomposition-full"
table_24[near_native/EquiBind (raw)].intra_pct,10.7,np.float64(10.7),True,"body_appendix_short.tex, tab:appendix-pb-decomposition-full"
table_24[near_native/EquiBind (raw)].inter_pct,78.6,np.float64(78.6),True,"body_appendix_short.tex, tab:appendix-pb-decomposition-full"
table_24[near_native/EquiBind (raw)].mindist_pct,78.6,np.float64(78.6),True,"body_appendix_short.tex, tab:appendix-pb-decomposition-full"
table_24[near_native/EquiBind + smina].poses,453,453,True,"body_appendix_short.tex, tab:appendix-pb-decomposition-full"
table_24[near_native/EquiBind + smina].valid_pct,91.6,np.float64(91.6),True,"body_appendix_short.tex, tab:appendix-pb-decomposition-full"
table_24[near_native/EquiBind + smina].chem_pct,0.0,np.float64(0.0),True,"body_appendix_short.tex, tab:appendix-pb-decomposition-full"
table_24[near_native/EquiBind + smina].intra_pct,0.2,np.float64(0.2),True,"body_appendix_short.tex, tab:appendix-pb-decomposition-full"
table_24[near_native/EquiBind + smina].inter_pct,8.2,np.float64(8.2),True,"body_appendix_short.tex, tab:appendix-pb-decomposition-full"
table_24[near_native/EquiBind + smina].mindist_pct,8.2,np.float64(8.2),True,"body_appendix_short.tex, tab:appendix-pb-decomposition-full"
table_24[near_native/EquiBind + gnina].poses,498,498,True,"body_appendix_short.tex, tab:appendix-pb-decomposition-full"
table_24[near_native/EquiBind + gnina].valid_pct,93.6,np.float64(93.6),True,"body_appendix_short.tex, tab:appendix-pb-decomposition-full"
table_24[near_native/EquiBind + gnina].chem_pct,0.0,np.float64(0.0),True,"body_appendix_short.tex, tab:appendix-pb-decomposition-full"
table_24[near_native/EquiBind + gnina].intra_pct,0.2,np.float64(0.2),True,"body_appendix_short.tex, tab:appendix-pb-decomposition-full"
table_24[near_native/EquiBind + gnina].inter_pct,6.2,np.float64(6.2),True,"body_appendix_short.tex, tab:appendix-pb-decomposition-full"
table_24[near_native/EquiBind + gnina].mindist_pct,6.2,np.float64(6.2),True,"body_appendix_short.tex, tab:appendix-pb-decomposition-full"
table_24[join Table 1].AutoDock (raw).poses,8976,8976,True,"The poses and valid-% columns must equal Table 1's produced-pose and PoseBusters-% columns, and the near-native counts must equal Table 1's near-native pose counts. Both joins are asserted, because they are what makes this table a decomposition of that one rather than a separate measurement."
table_24[join Table 1].AutoDock (raw).valid_pct,99.6,99.6,True,"The poses and valid-% columns must equal Table 1's produced-pose and PoseBusters-% columns, and the near-native counts must equal Table 1's near-native pose counts. Both joins are asserted, because they are what makes this table a decomposition of that one rather than a separate measurement."
table_24[join Table 1].AutoDock (raw).near_poses,307,307,True,"The poses and valid-% columns must equal Table 1's produced-pose and PoseBusters-% columns, and the near-native counts must equal Table 1's near-native pose counts. Both joins are asserted, because they are what makes this table a decomposition of that one rather than a separate measurement."
table_24[join Table 1].AutoDock + gnina.poses,8976,8976,True,"The poses and valid-% columns must equal Table 1's produced-pose and PoseBusters-% columns, and the near-native counts must equal Table 1's near-native pose counts. Both joins are asserted, because they are what makes this table a decomposition of that one rather than a separate measurement."
table_24[join Table 1].AutoDock + gnina.valid_pct,98.9,98.9,True,"The poses and valid-% columns must equal Table 1's produced-pose and PoseBusters-% columns, and the near-native counts must equal Table 1's near-native pose counts. Both joins are asserted, because they are what makes this table a decomposition of that one rather than a separate measurement."
table_24[join Table 1].AutoDock + gnina.near_poses,319,319,True,"The poses and valid-% columns must equal Table 1's produced-pose and PoseBusters-% columns, and the near-native counts must equal Table 1's near-native pose counts. Both joins are asserted, because they are what makes this table a decomposition of that one rather than a separate measurement."
table_24[join Table 1].DiffDock (raw).poses,9013,9013,True,"The poses and valid-% columns must equal Table 1's produced-pose and PoseBusters-% columns, and the near-native counts must equal Table 1's near-native pose counts. Both joins are asserted, because they are what makes this table a decomposition of that one rather than a separate measurement."
table_24[join Table 1].DiffDock (raw).valid_pct,24.4,24.4,True,"The poses and valid-% columns must equal Table 1's produced-pose and PoseBusters-% columns, and the near-native counts must equal Table 1's near-native pose counts. Both joins are asserted, because they are what makes this table a decomposition of that one rather than a separate measurement."
table_24[join Table 1].DiffDock (raw).near_poses,1683,1683,True,"The poses and valid-% columns must equal Table 1's produced-pose and PoseBusters-% columns, and the near-native counts must equal Table 1's near-native pose counts. Both joins are asserted, because they are what makes this table a decomposition of that one rather than a separate measurement."
table_24[join Table 1].DiffDock + smina.poses,8993,8993,True,"The poses and valid-% columns must equal Table 1's produced-pose and PoseBusters-% columns, and the near-native counts must equal Table 1's near-native pose counts. Both joins are asserted, because they are what makes this table a decomposition of that one rather than a separate measurement."
table_24[join Table 1].DiffDock + smina.valid_pct,84.5,84.5,True,"The poses and valid-% columns must equal Table 1's produced-pose and PoseBusters-% columns, and the near-native counts must equal Table 1's near-native pose counts. Both joins are asserted, because they are what makes this table a decomposition of that one rather than a separate measurement."
table_24[join Table 1].DiffDock + smina.near_poses,1715,1715,True,"The poses and valid-% columns must equal Table 1's produced-pose and PoseBusters-% columns, and the near-native counts must equal Table 1's near-native pose counts. Both joins are asserted, because they are what makes this table a decomposition of that one rather than a separate measurement."
table_24[join Table 1].DiffDock + gnina.poses,8993,8993,True,"The poses and valid-% columns must equal Table 1's produced-pose and PoseBusters-% columns, and the near-native counts must equal Table 1's near-native pose counts. Both joins are asserted, because they are what makes this table a decomposition of that one rather than a separate measurement."
table_24[join Table 1].DiffDock + gnina.valid_pct,87.1,87.1,True,"The poses and valid-% columns must equal Table 1's produced-pose and PoseBusters-% columns, and the near-native counts must equal Table 1's near-native pose counts. Both joins are asserted, because they are what makes this table a decomposition of that one rather than a separate measurement."
table_24[join Table 1].DiffDock + gnina.near_poses,1716,1716,True,"The poses and valid-% columns must equal Table 1's produced-pose and PoseBusters-% columns, and the near-native counts must equal Table 1's near-native pose counts. Both joins are asserted, because they are what makes this table a decomposition of that one rather than a separate measurement."
table_24[join Table 1].EquiBind (raw).poses,9090,9090,True,"The poses and valid-% columns must equal Table 1's produced-pose and PoseBusters-% columns, and the near-native counts must equal Table 1's near-native pose counts. Both joins are asserted, because they are what makes this table a decomposition of that one rather than a separate measurement."
table_24[join Table 1].EquiBind (raw).valid_pct,2.9,2.9,True,"The poses and valid-% columns must equal Table 1's produced-pose and PoseBusters-% columns, and the near-native counts must equal Table 1's near-native pose counts. Both joins are asserted, because they are what makes this table a decomposition of that one rather than a separate measurement."
table_24[join Table 1].EquiBind (raw).near_poses,103,103,True,"The poses and valid-% columns must equal Table 1's produced-pose and PoseBusters-% columns, and the near-native counts must equal Table 1's near-native pose counts. Both joins are asserted, because they are what makes this table a decomposition of that one rather than a separate measurement."
table_24[join Table 1].EquiBind + smina.poses,9090,9090,True,"The poses and valid-% columns must equal Table 1's produced-pose and PoseBusters-% columns, and the near-native counts must equal Table 1's near-native pose counts. Both joins are asserted, because they are what makes this table a decomposition of that one rather than a separate measurement."
table_24[join Table 1].EquiBind + smina.valid_pct,51.3,51.3,True,"The poses and valid-% columns must equal Table 1's produced-pose and PoseBusters-% columns, and the near-native counts must equal Table 1's near-native pose counts. Both joins are asserted, because they are what makes this table a decomposition of that one rather than a separate measurement."
table_24[join Table 1].EquiBind + smina.near_poses,453,453,True,"The poses and valid-% columns must equal Table 1's produced-pose and PoseBusters-% columns, and the near-native counts must equal Table 1's near-native pose counts. Both joins are asserted, because they are what makes this table a decomposition of that one rather than a separate measurement."
table_24[join Table 1].EquiBind + gnina.poses,9088,9088,True,"The poses and valid-% columns must equal Table 1's produced-pose and PoseBusters-% columns, and the near-native counts must equal Table 1's near-native pose counts. Both joins are asserted, because they are what makes this table a decomposition of that one rather than a separate measurement."
table_24[join Table 1].EquiBind + gnina.valid_pct,62.0,62.0,True,"The poses and valid-% columns must equal Table 1's produced-pose and PoseBusters-% columns, and the near-native counts must equal Table 1's near-native pose counts. Both joins are asserted, because they are what makes this table a decomposition of that one rather than a separate measurement."
table_24[join Table 1].EquiBind + gnina.near_poses,498,498,True,"The poses and valid-% columns must equal Table 1's produced-pose and PoseBusters-% columns, and the near-native counts must equal Table 1's near-native pose counts. Both joins are asserted, because they are what makes this table a decomposition of that one rather than a separate measurement."
table_25[AutoDock Vina + gnina].gained,88,88,True,"body_appendix_short.tex, tab:results-depth-gain"
table_25[AutoDock Vina + gnina].stay_invalid,2,2,True,"body_appendix_short.tex, tab:results-depth-gain"
table_25[AutoDock Vina + gnina].rescued,1,1,True,"body_appendix_short.tex, tab:results-depth-gain"
table_25[AutoDock Vina + gnina].net,87,87,True,"body_appendix_short.tex, tab:results-depth-gain"
table_25[AutoDock Vina + gnina].V1 within V15,'subset holds','holds',True,"body_appendix_short.tex, tab:results-depth-gain"
table_25[AutoDock Vina + gnina].N1 within N15,'subset holds','holds',True,"body_appendix_short.tex, tab:results-depth-gain"
table_25[AutoDock Vina + gnina].V15 within N15,'subset holds','holds',True,"body_appendix_short.tex, tab:results-depth-gain"
table_25[AutoDock Vina + gnina].V1 within N1,'subset holds','holds',True,"body_appendix_short.tex, tab:results-depth-gain"
table_25[DiffDock + smina].gained,63,63,True,"body_appendix_short.tex, tab:results-depth-gain"
table_25[DiffDock + smina].stay_invalid,1,1,True,"body_appendix_short.tex, tab:results-depth-gain"
table_25[DiffDock + smina].rescued,2,2,True,"body_appendix_short.tex, tab:results-depth-gain"
table_25[DiffDock + smina].net,64,64,True,"body_appendix_short.tex, tab:results-depth-gain"
table_25[DiffDock + smina].V1 within V15,'subset holds','holds',True,"body_appendix_short.tex, tab:results-depth-gain"
table_25[DiffDock + smina].N1 within N15,'subset holds','holds',True,"body_appendix_short.tex, tab:results-depth-gain"
table_25[DiffDock + smina].V15 within N15,'subset holds','holds',True,"body_appendix_short.tex, tab:results-depth-gain"
table_25[DiffDock + smina].V1 within N1,'subset holds','holds',True,"body_appendix_short.tex, tab:results-depth-gain"
table_25[EquiBind + gnina].gained,26,26,True,"body_appendix_short.tex, tab:results-depth-gain"
table_25[EquiBind + gnina].stay_invalid,2,2,True,"body_appendix_short.tex, tab:results-depth-gain"
table_25[EquiBind + gnina].rescued,1,1,True,"body_appendix_short.tex, tab:results-depth-gain"
table_25[EquiBind + gnina].net,25,25,True,"body_appendix_short.tex, tab:results-depth-gain"
table_25[EquiBind + gnina].V1 within V15,'subset holds','holds',True,"body_appendix_short.tex, tab:results-depth-gain"
table_25[EquiBind + gnina].N1 within N15,'subset holds','holds',True,"body_appendix_short.tex, tab:results-depth-gain"
table_25[EquiBind + gnina].V15 within N15,'subset holds','holds',True,"body_appendix_short.tex, tab:results-depth-gain"
table_25[EquiBind + gnina].V1 within N1,'subset holds','holds',True,"body_appendix_short.tex, tab:results-depth-gain"
table_26[RMSD/AutoDock Vina + gnina].d1.t0.25,0.0,0.0,True,"body_appendix_short.tex, tab:results-near-native-form"
table_26[RMSD/AutoDock Vina + gnina].d1.t0.5,5.9,5.9,True,"body_appendix_short.tex, tab:results-near-native-form"
table_26[RMSD/AutoDock Vina + gnina].d1.t0.75,13.5,13.5,True,"body_appendix_short.tex, tab:results-near-native-form"
table_26[RMSD/AutoDock Vina + gnina].d1.t1,22.1,22.1,True,"body_appendix_short.tex, tab:results-near-native-form"
table_26[RMSD/AutoDock Vina + gnina].d1.t1.25,27.1,27.1,True,"body_appendix_short.tex, tab:results-near-native-form"
table_26[RMSD/AutoDock Vina + gnina].d1.t1.5,30.4,30.4,True,"body_appendix_short.tex, tab:results-near-native-form"
table_26[RMSD/AutoDock Vina + gnina].d1.t1.75,32.7,32.7,True,"body_appendix_short.tex, tab:results-near-native-form"
table_26[RMSD/AutoDock Vina + gnina].d1.t2,36.6,36.6,True,"body_appendix_short.tex, tab:results-near-native-form"
table_26[RMSD/AutoDock Vina + gnina].d1.t2.25,37.0,37.0,True,"body_appendix_short.tex, tab:results-near-native-form"
table_26[RMSD/AutoDock Vina + gnina].d1.t2.5,38.9,38.9,True,"body_appendix_short.tex, tab:results-near-native-form"
table_26[RMSD/AutoDock Vina + gnina].d15.t0.25,0.0,0.0,True,"body_appendix_short.tex, tab:results-near-native-form"
table_26[RMSD/AutoDock Vina + gnina].d15.t0.5,11.2,11.2,True,"body_appendix_short.tex, tab:results-near-native-form"
table_26[RMSD/AutoDock Vina + gnina].d15.t0.75,20.1,20.1,True,"body_appendix_short.tex, tab:results-near-native-form"
table_26[RMSD/AutoDock Vina + gnina].d15.t1,34.7,34.7,True,"body_appendix_short.tex, tab:results-near-native-form"
table_26[RMSD/AutoDock Vina + gnina].d15.t1.25,45.5,45.5,True,"body_appendix_short.tex, tab:results-near-native-form"
table_26[RMSD/AutoDock Vina + gnina].d15.t1.5,52.1,52.1,True,"body_appendix_short.tex, tab:results-near-native-form"
table_26[RMSD/AutoDock Vina + gnina].d15.t1.75,59.4,59.4,True,"body_appendix_short.tex, tab:results-near-native-form"
table_26[RMSD/AutoDock Vina + gnina].d15.t2,65.3,65.3,True,"body_appendix_short.tex, tab:results-near-native-form"
table_26[RMSD/AutoDock Vina + gnina].d15.t2.25,67.0,67.0,True,"body_appendix_short.tex, tab:results-near-native-form"
table_26[RMSD/AutoDock Vina + gnina].d15.t2.5,69.6,69.6,True,"body_appendix_short.tex, tab:results-near-native-form"
table_26[RMSD/AutoDock Vina + gnina].d30.t0.25,0.0,0.0,True,"body_appendix_short.tex, tab:results-near-native-form"
table_26[RMSD/AutoDock Vina + gnina].d30.t0.5,11.2,11.2,True,"body_appendix_short.tex, tab:results-near-native-form"
table_26[RMSD/AutoDock Vina + gnina].d30.t0.75,20.1,20.1,True,"body_appendix_short.tex, tab:results-near-native-form"
table_26[RMSD/AutoDock Vina + gnina].d30.t1,34.7,34.7,True,"body_appendix_short.tex, tab:results-near-native-form"
table_26[RMSD/AutoDock Vina + gnina].d30.t1.25,45.9,45.9,True,"body_appendix_short.tex, tab:results-near-native-form"
table_26[RMSD/AutoDock Vina + gnina].d30.t1.5,52.8,52.8,True,"body_appendix_short.tex, tab:results-near-native-form"
table_26[RMSD/AutoDock Vina + gnina].d30.t1.75,60.1,60.1,True,"body_appendix_short.tex, tab:results-near-native-form"
table_26[RMSD/AutoDock Vina + gnina].d30.t2,65.7,65.7,True,"body_appendix_short.tex, tab:results-near-native-form"
table_26[RMSD/AutoDock Vina + gnina].d30.t2.25,67.7,67.7,True,"body_appendix_short.tex, tab:results-near-native-form"
table_26[RMSD/AutoDock Vina + gnina].d30.t2.5,70.6,70.6,True,"body_appendix_short.tex, tab:results-near-native-form"
table_26[RMSD/DiffDock + smina].d1.t0.25,0.3,0.3,True,"body_appendix_short.tex, tab:results-near-native-form"
table_26[RMSD/DiffDock + smina].d1.t0.5,4.0,4.0,True,"body_appendix_short.tex, tab:results-near-native-form"
table_26[RMSD/DiffDock + smina].d1.t0.75,10.9,10.9,True,"body_appendix_short.tex, tab:results-near-native-form"
table_26[RMSD/DiffDock + smina].d1.t1,15.5,15.5,True,"body_appendix_short.tex, tab:results-near-native-form"
table_26[RMSD/DiffDock + smina].d1.t1.25,21.5,21.5,True,"body_appendix_short.tex, tab:results-near-native-form"
table_26[RMSD/DiffDock + smina].d1.t1.5,26.1,26.1,True,"body_appendix_short.tex, tab:results-near-native-form"
table_26[RMSD/DiffDock + smina].d1.t1.75,31.4,31.4,True,"body_appendix_short.tex, tab:results-near-native-form"
table_26[RMSD/DiffDock + smina].d1.t2,34.0,34.0,True,"body_appendix_short.tex, tab:results-near-native-form"
table_26[RMSD/DiffDock + smina].d1.t2.25,35.3,35.3,True,"body_appendix_short.tex, tab:results-near-native-form"
table_26[RMSD/DiffDock + smina].d1.t2.5,37.6,37.6,True,"body_appendix_short.tex, tab:results-near-native-form"
table_26[RMSD/DiffDock + smina].d15.t0.25,1.0,1.0,True,"body_appendix_short.tex, tab:results-near-native-form"
table_26[RMSD/DiffDock + smina].d15.t0.5,9.6,9.6,True,"body_appendix_short.tex, tab:results-near-native-form"
table_26[RMSD/DiffDock + smina].d15.t0.75,20.5,20.5,True,"body_appendix_short.tex, tab:results-near-native-form"
table_26[RMSD/DiffDock + smina].d15.t1,30.0,30.0,True,"body_appendix_short.tex, tab:results-near-native-form"
table_26[RMSD/DiffDock + smina].d15.t1.25,40.6,40.6,True,"body_appendix_short.tex, tab:results-near-native-form"
table_26[RMSD/DiffDock + smina].d15.t1.5,46.5,46.5,True,"body_appendix_short.tex, tab:results-near-native-form"
table_26[RMSD/DiffDock + smina].d15.t1.75,51.8,51.8,True,"body_appendix_short.tex, tab:results-near-native-form"
table_26[RMSD/DiffDock + smina].d15.t2,55.1,55.1,True,"body_appendix_short.tex, tab:results-near-native-form"
table_26[RMSD/DiffDock + smina].d15.t2.25,58.1,58.1,True,"body_appendix_short.tex, tab:results-near-native-form"
table_26[RMSD/DiffDock + smina].d15.t2.5,60.1,60.1,True,"body_appendix_short.tex, tab:results-near-native-form"
table_26[RMSD/DiffDock + smina].d30.t0.25,1.0,1.0,True,"body_appendix_short.tex, tab:results-near-native-form"
table_26[RMSD/DiffDock + smina].d30.t0.5,10.9,10.9,True,"body_appendix_short.tex, tab:results-near-native-form"
table_26[RMSD/DiffDock + smina].d30.t0.75,21.8,21.8,True,"body_appendix_short.tex, tab:results-near-native-form"
table_26[RMSD/DiffDock + smina].d30.t1,31.7,31.7,True,"body_appendix_short.tex, tab:results-near-native-form"
table_26[RMSD/DiffDock + smina].d30.t1.25,41.6,41.6,True,"body_appendix_short.tex, tab:results-near-native-form"
table_26[RMSD/DiffDock + smina].d30.t1.5,48.2,48.2,True,"body_appendix_short.tex, tab:results-near-native-form"
table_26[RMSD/DiffDock + smina].d30.t1.75,53.1,53.1,True,"body_appendix_short.tex, tab:results-near-native-form"
table_26[RMSD/DiffDock + smina].d30.t2,55.8,55.8,True,"body_appendix_short.tex, tab:results-near-native-form"
table_26[RMSD/DiffDock + smina].d30.t2.25,59.4,59.4,True,"body_appendix_short.tex, tab:results-near-native-form"
table_26[RMSD/DiffDock + smina].d30.t2.5,61.7,61.7,True,"body_appendix_short.tex, tab:results-near-native-form"
table_26[RMSD/EquiBind + gnina].d1.t0.25,0.0,0.0,True,"body_appendix_short.tex, tab:results-near-native-form"
table_26[RMSD/EquiBind + gnina].d1.t0.5,1.3,1.3,True,"body_appendix_short.tex, tab:results-near-native-form"
table_26[RMSD/EquiBind + gnina].d1.t0.75,4.0,4.0,True,"body_appendix_short.tex, tab:results-near-native-form"
table_26[RMSD/EquiBind + gnina].d1.t1,6.9,6.9,True,"body_appendix_short.tex, tab:results-near-native-form"
table_26[RMSD/EquiBind + gnina].d1.t1.25,9.6,9.6,True,"body_appendix_short.tex, tab:results-near-native-form"
table_26[RMSD/EquiBind + gnina].d1.t1.5,12.5,12.5,True,"body_appendix_short.tex, tab:results-near-native-form"
table_26[RMSD/EquiBind + gnina].d1.t1.75,15.5,15.5,True,"body_appendix_short.tex, tab:results-near-native-form"
table_26[RMSD/EquiBind + gnina].d1.t2,18.2,18.2,True,"body_appendix_short.tex, tab:results-near-native-form"
table_26[RMSD/EquiBind + gnina].d1.t2.25,19.5,19.5,True,"body_appendix_short.tex, tab:results-near-native-form"
table_26[RMSD/EquiBind + gnina].d1.t2.5,20.5,20.5,True,"body_appendix_short.tex, tab:results-near-native-form"
table_26[RMSD/EquiBind + gnina].d15.t0.25,0.3,0.3,True,"body_appendix_short.tex, tab:results-near-native-form"
table_26[RMSD/EquiBind + gnina].d15.t0.5,3.0,3.0,True,"body_appendix_short.tex, tab:results-near-native-form"
table_26[RMSD/EquiBind + gnina].d15.t0.75,6.3,6.3,True,"body_appendix_short.tex, tab:results-near-native-form"
table_26[RMSD/EquiBind + gnina].d15.t1,10.2,10.2,True,"body_appendix_short.tex, tab:results-near-native-form"
table_26[RMSD/EquiBind + gnina].d15.t1.25,14.2,14.2,True,"body_appendix_short.tex, tab:results-near-native-form"
table_26[RMSD/EquiBind + gnina].d15.t1.5,17.8,17.8,True,"body_appendix_short.tex, tab:results-near-native-form"
table_26[RMSD/EquiBind + gnina].d15.t1.75,22.1,22.1,True,"body_appendix_short.tex, tab:results-near-native-form"
table_26[RMSD/EquiBind + gnina].d15.t2,26.4,26.4,True,"body_appendix_short.tex, tab:results-near-native-form"
table_26[RMSD/EquiBind + gnina].d15.t2.25,27.7,27.7,True,"body_appendix_short.tex, tab:results-near-native-form"
table_26[RMSD/EquiBind + gnina].d15.t2.5,29.4,29.4,True,"body_appendix_short.tex, tab:results-near-native-form"
table_26[RMSD/EquiBind + gnina].d30.t0.25,0.3,0.3,True,"body_appendix_short.tex, tab:results-near-native-form"
table_26[RMSD/EquiBind + gnina].d30.t0.5,3.0,3.0,True,"body_appendix_short.tex, tab:results-near-native-form"
table_26[RMSD/EquiBind + gnina].d30.t0.75,6.6,6.6,True,"body_appendix_short.tex, tab:results-near-native-form"
table_26[RMSD/EquiBind + gnina].d30.t1,10.6,10.6,True,"body_appendix_short.tex, tab:results-near-native-form"
table_26[RMSD/EquiBind + gnina].d30.t1.25,14.2,14.2,True,"body_appendix_short.tex, tab:results-near-native-form"
table_26[RMSD/EquiBind + gnina].d30.t1.5,17.8,17.8,True,"body_appendix_short.tex, tab:results-near-native-form"
table_26[RMSD/EquiBind + gnina].d30.t1.75,22.4,22.4,True,"body_appendix_short.tex, tab:results-near-native-form"
table_26[RMSD/EquiBind + gnina].d30.t2,26.4,26.4,True,"body_appendix_short.tex, tab:results-near-native-form"
table_26[RMSD/EquiBind + gnina].d30.t2.25,27.7,27.7,True,"body_appendix_short.tex, tab:results-near-native-form"
table_26[RMSD/EquiBind + gnina].d30.t2.5,29.4,29.4,True,"body_appendix_short.tex, tab:results-near-native-form"
table_26[Kabsch RMSD/AutoDock Vina + gnina].d1.t0.25,10.2,10.2,True,"body_appendix_short.tex, tab:results-near-native-form"
table_26[Kabsch RMSD/AutoDock Vina + gnina].d1.t0.5,25.7,25.7,True,"body_appendix_short.tex, tab:results-near-native-form"
table_26[Kabsch RMSD/AutoDock Vina + gnina].d1.t0.75,41.6,41.6,True,"body_appendix_short.tex, tab:results-near-native-form"
table_26[Kabsch RMSD/AutoDock Vina + gnina].d1.t1,52.5,52.5,True,"body_appendix_short.tex, tab:results-near-native-form"
table_26[Kabsch RMSD/AutoDock Vina + gnina].d1.t1.25,61.1,61.1,True,"body_appendix_short.tex, tab:results-near-native-form"
table_26[Kabsch RMSD/AutoDock Vina + gnina].d1.t1.5,66.7,66.7,True,"body_appendix_short.tex, tab:results-near-native-form"
table_26[Kabsch RMSD/AutoDock Vina + gnina].d1.t1.75,74.6,74.6,True,"body_appendix_short.tex, tab:results-near-native-form"
table_26[Kabsch RMSD/AutoDock Vina + gnina].d1.t2,78.9,78.9,True,"body_appendix_short.tex, tab:results-near-native-form"
table_26[Kabsch RMSD/AutoDock Vina + gnina].d1.t2.25,81.5,81.5,True,"body_appendix_short.tex, tab:results-near-native-form"
table_26[Kabsch RMSD/AutoDock Vina + gnina].d1.t2.5,84.8,84.8,True,"body_appendix_short.tex, tab:results-near-native-form"
table_26[Kabsch RMSD/AutoDock Vina + gnina].d15.t0.25,17.8,17.8,True,"body_appendix_short.tex, tab:results-near-native-form"
table_26[Kabsch RMSD/AutoDock Vina + gnina].d15.t0.5,35.3,35.3,True,"body_appendix_short.tex, tab:results-near-native-form"
table_26[Kabsch RMSD/AutoDock Vina + gnina].d15.t0.75,55.8,55.8,True,"body_appendix_short.tex, tab:results-near-native-form"
table_26[Kabsch RMSD/AutoDock Vina + gnina].d15.t1,71.9,71.9,True,"body_appendix_short.tex, tab:results-near-native-form"
table_26[Kabsch RMSD/AutoDock Vina + gnina].d15.t1.25,81.2,81.2,True,"body_appendix_short.tex, tab:results-near-native-form"
table_26[Kabsch RMSD/AutoDock Vina + gnina].d15.t1.5,87.1,87.1,True,"body_appendix_short.tex, tab:results-near-native-form"
table_26[Kabsch RMSD/AutoDock Vina + gnina].d15.t1.75,91.4,91.4,True,"body_appendix_short.tex, tab:results-near-native-form"
table_26[Kabsch RMSD/AutoDock Vina + gnina].d15.t2,93.4,93.4,True,"body_appendix_short.tex, tab:results-near-native-form"
table_26[Kabsch RMSD/AutoDock Vina + gnina].d15.t2.25,96.0,96.0,True,"body_appendix_short.tex, tab:results-near-native-form"
table_26[Kabsch RMSD/AutoDock Vina + gnina].d15.t2.5,97.4,97.4,True,"body_appendix_short.tex, tab:results-near-native-form"
table_26[Kabsch RMSD/AutoDock Vina + gnina].d30.t0.25,18.8,18.8,True,"body_appendix_short.tex, tab:results-near-native-form"
table_26[Kabsch RMSD/AutoDock Vina + gnina].d30.t0.5,37.0,37.0,True,"body_appendix_short.tex, tab:results-near-native-form"
table_26[Kabsch RMSD/AutoDock Vina + gnina].d30.t0.75,58.7,58.7,True,"body_appendix_short.tex, tab:results-near-native-form"
table_26[Kabsch RMSD/AutoDock Vina + gnina].d30.t1,74.3,74.3,True,"body_appendix_short.tex, tab:results-near-native-form"
table_26[Kabsch RMSD/AutoDock Vina + gnina].d30.t1.25,82.8,82.8,True,"body_appendix_short.tex, tab:results-near-native-form"
table_26[Kabsch RMSD/AutoDock Vina + gnina].d30.t1.5,88.4,88.4,True,"body_appendix_short.tex, tab:results-near-native-form"
table_26[Kabsch RMSD/AutoDock Vina + gnina].d30.t1.75,92.7,92.7,True,"body_appendix_short.tex, tab:results-near-native-form"
table_26[Kabsch RMSD/AutoDock Vina + gnina].d30.t2,95.4,95.4,True,"body_appendix_short.tex, tab:results-near-native-form"
table_26[Kabsch RMSD/AutoDock Vina + gnina].d30.t2.25,97.7,97.7,True,"body_appendix_short.tex, tab:results-near-native-form"
table_26[Kabsch RMSD/AutoDock Vina + gnina].d30.t2.5,97.7,97.7,True,"body_appendix_short.tex, tab:results-near-native-form"
table_26[Kabsch RMSD/DiffDock + smina].d1.t0.25,11.9,11.9,True,"body_appendix_short.tex, tab:results-near-native-form"
table_26[Kabsch RMSD/DiffDock + smina].d1.t0.5,25.1,25.1,True,"body_appendix_short.tex, tab:results-near-native-form"
table_26[Kabsch RMSD/DiffDock + smina].d1.t0.75,38.6,38.6,True,"body_appendix_short.tex, tab:results-near-native-form"
table_26[Kabsch RMSD/DiffDock + smina].d1.t1,52.1,52.1,True,"body_appendix_short.tex, tab:results-near-native-form"
table_26[Kabsch RMSD/DiffDock + smina].d1.t1.25,61.7,61.7,True,"body_appendix_short.tex, tab:results-near-native-form"
table_26[Kabsch RMSD/DiffDock + smina].d1.t1.5,70.0,70.0,True,"body_appendix_short.tex, tab:results-near-native-form"
table_26[Kabsch RMSD/DiffDock + smina].d1.t1.75,76.2,76.2,True,"body_appendix_short.tex, tab:results-near-native-form"
table_26[Kabsch RMSD/DiffDock + smina].d1.t2,82.5,82.5,True,"body_appendix_short.tex, tab:results-near-native-form"
table_26[Kabsch RMSD/DiffDock + smina].d1.t2.25,85.8,85.8,True,"body_appendix_short.tex, tab:results-near-native-form"
table_26[Kabsch RMSD/DiffDock + smina].d1.t2.5,88.1,88.1,True,"body_appendix_short.tex, tab:results-near-native-form"
table_26[Kabsch RMSD/DiffDock + smina].d15.t0.25,21.1,21.1,True,"body_appendix_short.tex, tab:results-near-native-form"
table_26[Kabsch RMSD/DiffDock + smina].d15.t0.5,39.3,39.3,True,"body_appendix_short.tex, tab:results-near-native-form"
table_26[Kabsch RMSD/DiffDock + smina].d15.t0.75,57.4,57.4,True,"body_appendix_short.tex, tab:results-near-native-form"
table_26[Kabsch RMSD/DiffDock + smina].d15.t1,72.3,72.3,True,"body_appendix_short.tex, tab:results-near-native-form"
table_26[Kabsch RMSD/DiffDock + smina].d15.t1.25,80.2,80.2,True,"body_appendix_short.tex, tab:results-near-native-form"
table_26[Kabsch RMSD/DiffDock + smina].d15.t1.5,87.8,87.8,True,"body_appendix_short.tex, tab:results-near-native-form"
table_26[Kabsch RMSD/DiffDock + smina].d15.t1.75,94.1,94.1,True,"body_appendix_short.tex, tab:results-near-native-form"
table_26[Kabsch RMSD/DiffDock + smina].d15.t2,95.7,95.7,True,"body_appendix_short.tex, tab:results-near-native-form"
table_26[Kabsch RMSD/DiffDock + smina].d15.t2.25,96.0,96.0,True,"body_appendix_short.tex, tab:results-near-native-form"
table_26[Kabsch RMSD/DiffDock + smina].d15.t2.5,96.4,96.4,True,"body_appendix_short.tex, tab:results-near-native-form"
table_26[Kabsch RMSD/DiffDock + smina].d30.t0.25,22.4,22.4,True,"body_appendix_short.tex, tab:results-near-native-form"
table_26[Kabsch RMSD/DiffDock + smina].d30.t0.5,42.6,42.6,True,"body_appendix_short.tex, tab:results-near-native-form"
table_26[Kabsch RMSD/DiffDock + smina].d30.t0.75,60.4,60.4,True,"body_appendix_short.tex, tab:results-near-native-form"
table_26[Kabsch RMSD/DiffDock + smina].d30.t1,74.6,74.6,True,"body_appendix_short.tex, tab:results-near-native-form"
table_26[Kabsch RMSD/DiffDock + smina].d30.t1.25,84.5,84.5,True,"body_appendix_short.tex, tab:results-near-native-form"
table_26[Kabsch RMSD/DiffDock + smina].d30.t1.5,92.7,92.7,True,"body_appendix_short.tex, tab:results-near-native-form"
table_26[Kabsch RMSD/DiffDock + smina].d30.t1.75,96.0,96.0,True,"body_appendix_short.tex, tab:results-near-native-form"
table_26[Kabsch RMSD/DiffDock + smina].d30.t2,97.0,97.0,True,"body_appendix_short.tex, tab:results-near-native-form"
table_26[Kabsch RMSD/DiffDock + smina].d30.t2.25,97.7,97.7,True,"body_appendix_short.tex, tab:results-near-native-form"
table_26[Kabsch RMSD/DiffDock + smina].d30.t2.5,98.0,98.0,True,"body_appendix_short.tex, tab:results-near-native-form"
table_26[Kabsch RMSD/EquiBind + gnina].d1.t0.25,5.6,5.6,True,"body_appendix_short.tex, tab:results-near-native-form"
table_26[Kabsch RMSD/EquiBind + gnina].d1.t0.5,15.5,15.5,True,"body_appendix_short.tex, tab:results-near-native-form"
table_26[Kabsch RMSD/EquiBind + gnina].d1.t0.75,21.8,21.8,True,"body_appendix_short.tex, tab:results-near-native-form"
table_26[Kabsch RMSD/EquiBind + gnina].d1.t1,33.3,33.3,True,"body_appendix_short.tex, tab:results-near-native-form"
table_26[Kabsch RMSD/EquiBind + gnina].d1.t1.25,42.9,42.9,True,"body_appendix_short.tex, tab:results-near-native-form"
table_26[Kabsch RMSD/EquiBind + gnina].d1.t1.5,48.5,48.5,True,"body_appendix_short.tex, tab:results-near-native-form"
table_26[Kabsch RMSD/EquiBind + gnina].d1.t1.75,53.1,53.1,True,"body_appendix_short.tex, tab:results-near-native-form"
table_26[Kabsch RMSD/EquiBind + gnina].d1.t2,61.4,61.4,True,"body_appendix_short.tex, tab:results-near-native-form"
table_26[Kabsch RMSD/EquiBind + gnina].d1.t2.25,66.3,66.3,True,"body_appendix_short.tex, tab:results-near-native-form"
table_26[Kabsch RMSD/EquiBind + gnina].d1.t2.5,71.0,71.0,True,"body_appendix_short.tex, tab:results-near-native-form"
table_26[Kabsch RMSD/EquiBind + gnina].d15.t0.25,15.2,15.2,True,"body_appendix_short.tex, tab:results-near-native-form"
table_26[Kabsch RMSD/EquiBind + gnina].d15.t0.5,27.7,27.7,True,"body_appendix_short.tex, tab:results-near-native-form"
table_26[Kabsch RMSD/EquiBind + gnina].d15.t0.75,40.3,40.3,True,"body_appendix_short.tex, tab:results-near-native-form"
table_26[Kabsch RMSD/EquiBind + gnina].d15.t1,51.2,51.2,True,"body_appendix_short.tex, tab:results-near-native-form"
table_26[Kabsch RMSD/EquiBind + gnina].d15.t1.25,62.0,62.0,True,"body_appendix_short.tex, tab:results-near-native-form"
table_26[Kabsch RMSD/EquiBind + gnina].d15.t1.5,71.0,71.0,True,"body_appendix_short.tex, tab:results-near-native-form"
table_26[Kabsch RMSD/EquiBind + gnina].d15.t1.75,75.9,75.9,True,"body_appendix_short.tex, tab:results-near-native-form"
table_26[Kabsch RMSD/EquiBind + gnina].d15.t2,79.9,79.9,True,"body_appendix_short.tex, tab:results-near-native-form"
table_26[Kabsch RMSD/EquiBind + gnina].d15.t2.25,82.5,82.5,True,"body_appendix_short.tex, tab:results-near-native-form"
table_26[Kabsch RMSD/EquiBind + gnina].d15.t2.5,85.1,85.1,True,"body_appendix_short.tex, tab:results-near-native-form"
table_26[Kabsch RMSD/EquiBind + gnina].d30.t0.25,17.2,17.2,True,"body_appendix_short.tex, tab:results-near-native-form"
table_26[Kabsch RMSD/EquiBind + gnina].d30.t0.5,31.0,31.0,True,"body_appendix_short.tex, tab:results-near-native-form"
table_26[Kabsch RMSD/EquiBind + gnina].d30.t0.75,43.9,43.9,True,"body_appendix_short.tex, tab:results-near-native-form"
table_26[Kabsch RMSD/EquiBind + gnina].d30.t1,54.1,54.1,True,"body_appendix_short.tex, tab:results-near-native-form"
table_26[Kabsch RMSD/EquiBind + gnina].d30.t1.25,64.4,64.4,True,"body_appendix_short.tex, tab:results-near-native-form"
table_26[Kabsch RMSD/EquiBind + gnina].d30.t1.5,72.6,72.6,True,"body_appendix_short.tex, tab:results-near-native-form"
table_26[Kabsch RMSD/EquiBind + gnina].d30.t1.75,77.6,77.6,True,"body_appendix_short.tex, tab:results-near-native-form"
table_26[Kabsch RMSD/EquiBind + gnina].d30.t2,81.8,81.8,True,"body_appendix_short.tex, tab:results-near-native-form"
table_26[Kabsch RMSD/EquiBind + gnina].d30.t2.25,83.5,83.5,True,"body_appendix_short.tex, tab:results-near-native-form"
table_26[Kabsch RMSD/EquiBind + gnina].d30.t2.5,85.5,85.5,True,"body_appendix_short.tex, tab:results-near-native-form"
table_26[join Table 2].AutoDock.d1,111,111,True,"The 2 A in-place column must equal Table 2's counts over 303 at the two shared depths. Asserted, because it is the one place the two tables can drift apart without either looking wrong on its own."
table_26[join Table 2].AutoDock.d15,198,198,True,"The 2 A in-place column must equal Table 2's counts over 303 at the two shared depths. Asserted, because it is the one place the two tables can drift apart without either looking wrong on its own."
table_26[join Table 2].DiffDock.d1,103,103,True,"The 2 A in-place column must equal Table 2's counts over 303 at the two shared depths. Asserted, because it is the one place the two tables can drift apart without either looking wrong on its own."
table_26[join Table 2].DiffDock.d15,167,167,True,"The 2 A in-place column must equal Table 2's counts over 303 at the two shared depths. Asserted, because it is the one place the two tables can drift apart without either looking wrong on its own."
table_26[join Table 2].EquiBind.d1,55,55,True,"The 2 A in-place column must equal Table 2's counts over 303 at the two shared depths. Asserted, because it is the one place the two tables can drift apart without either looking wrong on its own."
table_26[join Table 2].EquiBind.d15,80,80,True,"The 2 A in-place column must equal Table 2's counts over 303 at the two shared depths. Asserted, because it is the one place the two tables can drift apart without either looking wrong on its own."
table_27[AutoDock/1].n_poses,190,190,True,"body_appendix_short.tex, tab:results-placement-form"
table_27[AutoDock/1].n_valid_complexes,190,190,True,"body_appendix_short.tex, tab:results-placement-form"
table_27[AutoDock/1].coverage_pct,62.7,62.71,True,"body_appendix_short.tex, tab:results-placement-form"
table_27[AutoDock/1].inplace_median,1.49,1.49,True,"body_appendix_short.tex, tab:results-placement-form"
table_27[AutoDock/1].inplace_q1,0.758,0.758,True,"body_appendix_short.tex, tab:results-placement-form"
table_27[AutoDock/1].inplace_q3,4.22,4.22,True,"body_appendix_short.tex, tab:results-placement-form"
table_27[AutoDock/1].form_median,0.845,0.845,True,"body_appendix_short.tex, tab:results-placement-form"
table_27[AutoDock/1].form_q1,0.426,0.426,True,"body_appendix_short.tex, tab:results-placement-form"
table_27[AutoDock/1].form_q3,1.507,1.507,True,"body_appendix_short.tex, tab:results-placement-form"
table_27[AutoDock/1].median_r,0.365,0.365,True,"body_appendix_short.tex, tab:results-placement-form"
table_27[AutoDock/1].pct_placement_limited,47.9,47.89,True,"body_appendix_short.tex, tab:results-placement-form"
table_27[AutoDock/1].pct_mixed,25.3,25.26,True,"body_appendix_short.tex, tab:results-placement-form"
table_27[AutoDock/1].pct_form_limited,26.8,26.84,True,"body_appendix_short.tex, tab:results-placement-form"
table_27[AutoDock/5].n_poses,882,882,True,"body_appendix_short.tex, tab:results-placement-form"
table_27[AutoDock/5].n_valid_complexes,256,256,True,"body_appendix_short.tex, tab:results-placement-form"
table_27[AutoDock/5].coverage_pct,84.5,84.49,True,"body_appendix_short.tex, tab:results-placement-form"
table_27[AutoDock/5].inplace_median,3.476,3.476,True,"body_appendix_short.tex, tab:results-placement-form"
table_27[AutoDock/5].inplace_q1,1.791,1.791,True,"body_appendix_short.tex, tab:results-placement-form"
table_27[AutoDock/5].inplace_q3,6.035,6.035,True,"body_appendix_short.tex, tab:results-placement-form"
table_27[AutoDock/5].form_median,1.265,1.265,True,"body_appendix_short.tex, tab:results-placement-form"
table_27[AutoDock/5].form_q1,0.704,0.704,True,"body_appendix_short.tex, tab:results-placement-form"
table_27[AutoDock/5].form_q3,1.984,1.984,True,"body_appendix_short.tex, tab:results-placement-form"
table_27[AutoDock/5].median_r,0.172,0.172,True,"body_appendix_short.tex, tab:results-placement-form"
table_27[AutoDock/5].pct_placement_limited,65.1,65.08,True,"body_appendix_short.tex, tab:results-placement-form"
table_27[AutoDock/5].pct_mixed,19.4,19.39,True,"body_appendix_short.tex, tab:results-placement-form"
table_27[AutoDock/5].pct_form_limited,15.5,15.53,True,"body_appendix_short.tex, tab:results-placement-form"
table_27[AutoDock/15].n_poses,2200,2200,True,"body_appendix_short.tex, tab:results-placement-form"
table_27[AutoDock/15].n_valid_complexes,275,275,True,"body_appendix_short.tex, tab:results-placement-form"
table_27[AutoDock/15].coverage_pct,90.8,90.76,True,"body_appendix_short.tex, tab:results-placement-form"
table_27[AutoDock/15].inplace_median,5.043,5.043,True,"body_appendix_short.tex, tab:results-placement-form"
table_27[AutoDock/15].inplace_q1,2.937,2.937,True,"body_appendix_short.tex, tab:results-placement-form"
table_27[AutoDock/15].inplace_q3,7.414,7.414,True,"body_appendix_short.tex, tab:results-placement-form"
table_27[AutoDock/15].form_median,1.445,1.445,True,"body_appendix_short.tex, tab:results-placement-form"
table_27[AutoDock/15].form_q1,0.811,0.811,True,"body_appendix_short.tex, tab:results-placement-form"
table_27[AutoDock/15].form_q3,2.2,2.2,True,"body_appendix_short.tex, tab:results-placement-form"
table_27[AutoDock/15].median_r,0.094,0.094,True,"body_appendix_short.tex, tab:results-placement-form"
table_27[AutoDock/15].pct_placement_limited,77.8,77.77,True,"body_appendix_short.tex, tab:results-placement-form"
table_27[AutoDock/15].pct_mixed,13.9,13.91,True,"body_appendix_short.tex, tab:results-placement-form"
table_27[AutoDock/15].pct_form_limited,8.3,8.32,True,"body_appendix_short.tex, tab:results-placement-form"
table_27[DiffDock/1].n_poses,164,164,True,"body_appendix_short.tex, tab:results-placement-form"
table_27[DiffDock/1].n_valid_complexes,164,164,True,"body_appendix_short.tex, tab:results-placement-form"
table_27[DiffDock/1].coverage_pct,54.1,54.13,True,"body_appendix_short.tex, tab:results-placement-form"
table_27[DiffDock/1].inplace_median,1.467,1.467,True,"body_appendix_short.tex, tab:results-placement-form"
table_27[DiffDock/1].inplace_q1,0.753,0.753,True,"body_appendix_short.tex, tab:results-placement-form"
table_27[DiffDock/1].inplace_q3,3.068,3.068,True,"body_appendix_short.tex, tab:results-placement-form"
table_27[DiffDock/1].form_median,0.885,0.885,True,"body_appendix_short.tex, tab:results-placement-form"
table_27[DiffDock/1].form_q1,0.488,0.488,True,"body_appendix_short.tex, tab:results-placement-form"
table_27[DiffDock/1].form_q3,1.427,1.427,True,"body_appendix_short.tex, tab:results-placement-form"
table_27[DiffDock/1].median_r,0.458,0.458,True,"body_appendix_short.tex, tab:results-placement-form"
table_27[DiffDock/1].pct_placement_limited,40.9,40.85,True,"body_appendix_short.tex, tab:results-placement-form"
table_27[DiffDock/1].pct_mixed,28.7,28.66,True,"body_appendix_short.tex, tab:results-placement-form"
table_27[DiffDock/1].pct_form_limited,30.5,30.49,True,"body_appendix_short.tex, tab:results-placement-form"
table_27[DiffDock/5].n_poses,790,790,True,"body_appendix_short.tex, tab:results-placement-form"
table_27[DiffDock/5].n_valid_complexes,235,235,True,"body_appendix_short.tex, tab:results-placement-form"
table_27[DiffDock/5].coverage_pct,77.6,77.56,True,"body_appendix_short.tex, tab:results-placement-form"
table_27[DiffDock/5].inplace_median,1.646,1.646,True,"body_appendix_short.tex, tab:results-placement-form"
table_27[DiffDock/5].inplace_q1,0.863,0.863,True,"body_appendix_short.tex, tab:results-placement-form"
table_27[DiffDock/5].inplace_q3,4.0,4.0,True,"body_appendix_short.tex, tab:results-placement-form"
table_27[DiffDock/5].form_median,0.882,0.882,True,"body_appendix_short.tex, tab:results-placement-form"
table_27[DiffDock/5].form_q1,0.498,0.498,True,"body_appendix_short.tex, tab:results-placement-form"
table_27[DiffDock/5].form_q3,1.469,1.469,True,"body_appendix_short.tex, tab:results-placement-form"
table_27[DiffDock/5].median_r,0.406,0.406,True,"body_appendix_short.tex, tab:results-placement-form"
table_27[DiffDock/5].pct_placement_limited,44.2,44.18,True,"body_appendix_short.tex, tab:results-placement-form"
table_27[DiffDock/5].pct_mixed,32.5,32.53,True,"body_appendix_short.tex, tab:results-placement-form"
table_27[DiffDock/5].pct_form_limited,23.3,23.29,True,"body_appendix_short.tex, tab:results-placement-form"
table_27[DiffDock/15].n_poses,2139,2139,True,"body_appendix_short.tex, tab:results-placement-form"
table_27[DiffDock/15].n_valid_complexes,259,259,True,"body_appendix_short.tex, tab:results-placement-form"
table_27[DiffDock/15].coverage_pct,85.5,85.48,True,"body_appendix_short.tex, tab:results-placement-form"
table_27[DiffDock/15].inplace_median,1.929,1.929,True,"body_appendix_short.tex, tab:results-placement-form"
table_27[DiffDock/15].inplace_q1,0.921,0.921,True,"body_appendix_short.tex, tab:results-placement-form"
table_27[DiffDock/15].inplace_q3,4.893,4.893,True,"body_appendix_short.tex, tab:results-placement-form"
table_27[DiffDock/15].form_median,0.918,0.918,True,"body_appendix_short.tex, tab:results-placement-form"
table_27[DiffDock/15].form_q1,0.517,0.517,True,"body_appendix_short.tex, tab:results-placement-form"
table_27[DiffDock/15].form_q3,1.569,1.569,True,"body_appendix_short.tex, tab:results-placement-form"
table_27[DiffDock/15].median_r,0.363,0.363,True,"body_appendix_short.tex, tab:results-placement-form"
table_27[DiffDock/15].pct_placement_limited,47.9,47.87,True,"body_appendix_short.tex, tab:results-placement-form"
table_27[DiffDock/15].pct_mixed,30.8,30.81,True,"body_appendix_short.tex, tab:results-placement-form"
table_27[DiffDock/15].pct_form_limited,21.3,21.32,True,"body_appendix_short.tex, tab:results-placement-form"
table_27[EquiBind/1].n_poses,143,143,True,"body_appendix_short.tex, tab:results-placement-form"
table_27[EquiBind/1].n_valid_complexes,143,143,True,"body_appendix_short.tex, tab:results-placement-form"
table_27[EquiBind/1].coverage_pct,47.2,47.19,True,"body_appendix_short.tex, tab:results-placement-form"
table_27[EquiBind/1].inplace_median,2.977,2.977,True,"body_appendix_short.tex, tab:results-placement-form"
table_27[EquiBind/1].inplace_q1,1.347,1.347,True,"body_appendix_short.tex, tab:results-placement-form"
table_27[EquiBind/1].inplace_q3,5.476,5.476,True,"body_appendix_short.tex, tab:results-placement-form"
table_27[EquiBind/1].form_median,1.12,1.12,True,"body_appendix_short.tex, tab:results-placement-form"
table_27[EquiBind/1].form_q1,0.592,0.592,True,"body_appendix_short.tex, tab:results-placement-form"
table_27[EquiBind/1].form_q3,2.008,2.008,True,"body_appendix_short.tex, tab:results-placement-form"
table_27[EquiBind/1].median_r,0.214,0.214,True,"body_appendix_short.tex, tab:results-placement-form"
table_27[EquiBind/1].pct_placement_limited,59.4,59.44,True,"body_appendix_short.tex, tab:results-placement-form"
table_27[EquiBind/1].pct_mixed,23.8,23.78,True,"body_appendix_short.tex, tab:results-placement-form"
table_27[EquiBind/1].pct_form_limited,16.8,16.78,True,"body_appendix_short.tex, tab:results-placement-form"
table_27[EquiBind/5].n_poses,673,673,True,"body_appendix_short.tex, tab:results-placement-form"
table_27[EquiBind/5].n_valid_complexes,156,156,True,"body_appendix_short.tex, tab:results-placement-form"
table_27[EquiBind/5].coverage_pct,51.5,51.49,True,"body_appendix_short.tex, tab:results-placement-form"
table_27[EquiBind/5].inplace_median,3.64,3.64,True,"body_appendix_short.tex, tab:results-placement-form"
table_27[EquiBind/5].inplace_q1,1.77,1.77,True,"body_appendix_short.tex, tab:results-placement-form"
table_27[EquiBind/5].inplace_q3,6.191,6.191,True,"body_appendix_short.tex, tab:results-placement-form"
table_27[EquiBind/5].form_median,1.26,1.26,True,"body_appendix_short.tex, tab:results-placement-form"
table_27[EquiBind/5].form_q1,0.752,0.752,True,"body_appendix_short.tex, tab:results-placement-form"
table_27[EquiBind/5].form_q3,2.018,2.018,True,"body_appendix_short.tex, tab:results-placement-form"
table_27[EquiBind/5].median_r,0.154,0.154,True,"body_appendix_short.tex, tab:results-placement-form"
table_27[EquiBind/5].pct_placement_limited,64.3,64.34,True,"body_appendix_short.tex, tab:results-placement-form"
table_27[EquiBind/5].pct_mixed,20.8,20.8,True,"body_appendix_short.tex, tab:results-placement-form"
table_27[EquiBind/5].pct_form_limited,14.9,14.86,True,"body_appendix_short.tex, tab:results-placement-form"
table_27[EquiBind/15].n_poses,1830,1830,True,"body_appendix_short.tex, tab:results-placement-form"
table_27[EquiBind/15].n_valid_complexes,156,156,True,"body_appendix_short.tex, tab:results-placement-form"
table_27[EquiBind/15].coverage_pct,51.5,51.49,True,"body_appendix_short.tex, tab:results-placement-form"
table_27[EquiBind/15].inplace_median,4.065,4.065,True,"body_appendix_short.tex, tab:results-placement-form"
table_27[EquiBind/15].inplace_q1,2.334,2.334,True,"body_appendix_short.tex, tab:results-placement-form"
table_27[EquiBind/15].inplace_q3,6.453,6.453,True,"body_appendix_short.tex, tab:results-placement-form"
table_27[EquiBind/15].form_median,1.342,1.342,True,"body_appendix_short.tex, tab:results-placement-form"
table_27[EquiBind/15].form_q1,0.789,0.789,True,"body_appendix_short.tex, tab:results-placement-form"
table_27[EquiBind/15].form_q3,2.118,2.118,True,"body_appendix_short.tex, tab:results-placement-form"
table_27[EquiBind/15].median_r,0.133,0.133,True,"body_appendix_short.tex, tab:results-placement-form"
table_27[EquiBind/15].pct_placement_limited,70.2,70.22,True,"body_appendix_short.tex, tab:results-placement-form"
table_27[EquiBind/15].pct_mixed,18.5,18.52,True,"body_appendix_short.tex, tab:results-placement-form"
table_27[EquiBind/15].pct_form_limited,11.3,11.26,True,"body_appendix_short.tex, tab:results-placement-form"
figure[image2],'md5 of posebusters_results/benchmark_matched_equibind/dock/validity_report_mgltools/00_figure2_validity_yield.png','match',True,thesis figure asset
figure[image3],'md5 of posebusters_results/benchmark_matched_equibind/dock/pose_comparison_report/18_topn_within_thresholds_pbvalid_depths.png','match',True,thesis figure asset
figure[image4],'md5 of posebusters_results/benchmark_matched_equibind/dock/pose_comparison_report/18_topn_within_thresholds_kabsch_pbvalid_depths.png','match',True,thesis figure asset
figure[image5],'md5 of posebusters_results/benchmark_matched_equibind/dock/pose_comparison_report/20d_form_vs_placement_by_family__depth_filmstrip_pbvalid__rank1_top5_top15__thesis.png','match',True,thesis figure asset
figure[image6],'md5 of posebusters_results/cluster_crystal_pocket_matched_equibind/autodock_mgltools_exh128_gnina__diffdock_smina_allposes/topN_crystal_cluster_matrix.png','match',True,thesis figure asset
figure[image7],'md5 of posebusters_results/cluster_crystal_pocket_matched_equibind/autodock_mgltools_exh128_gnina__diffdock_smina_allposes/crystal_cluster_homogeneity.png','match',True,thesis figure asset
figure[image8],'md5 of posebusters_results/cluster_crystal_pocket_matched_equibind/autodock_mgltools_exh128_gnina__diffdock_smina_allposes/cluster_quality_metrics.png','match',True,thesis figure asset
figure[image9],'md5 of pandamap_results/benchmark_matched_equibind/report/05_fingerprint_similarity_top5.png','match',True,thesis figure asset
figure[image11],'md5 of pandamap_results/benchmark_matched_equibind/report/10b_contact_decomposition_by_rank.png','match',True,thesis figure asset
figure[image13],'md5 of posebusters_results/_orai_matched_root/orai_pbvalid_yield_compare/09f_pbvalid_yield_dominant_orai_benchmark_vs_experimental.png','match',True,thesis figure asset
figure[image15],'md5 of posebusters_results/_orai_matched_root/orai_pbvalid_tm_share_compare/fig_tm_loss_relative_compare.png','match',True,thesis figure asset
figure[image16],'md5 of posebusters_results/_orai_matched_root/orai_jku/pose_clusters/panels/orai_cross_tool_agreement_compare.png','match',True,thesis figure asset
figure[image17],'md5 of posebusters_results/_orai_matched_root/orai_jku/pose_clusters/panels/orai_tool_agreement_compare.png','match',True,thesis figure asset
figure[image18],'md5 of posebusters_results/_orai_matched_root/orai_jku/pose_clusters/panels/orai_cluster_quality_compare.png','match',True,thesis figure asset
figure[image19],'md5 of posebusters_results/_orai_matched_root/orai_benchmark/pose_clusters/orai_cluster_quality_filtering.png','match',True,thesis figure asset
figure[image21],'md5 of pandamap_results/orai_interaction_compare_matched/fig_type_profile_compare.png','match',True,thesis figure asset
figure[image23],'md5 of pandamap_results/orai_interaction_compare_matched/fig_fingerprint_overlap_compare.png','match',True,thesis figure asset
figure[image24],'md5 of posebusters_results/benchmark_matched_equibind/docking_effort_gnina_v2_charged/panels/effort_by_quality_near2.png','match',True,thesis figure asset
figure[image25],'md5 of posebusters_results/benchmark_matched_equibind/docking_effort_gnina_v2/panels/resource_per_near_native_valid_pose.png','match',True,thesis figure asset
figure[image43],'md5 of posebusters_results/_orai_matched_root/orai_pbvalid_tm_share_compare/fig_pbvalid_outside_tm_whisker.png','match',True,thesis figure asset
figure[image44],'md5 of posebusters_results/autodock_exhaustiveness_returns/figures/exh_raw_vs_rescored.png','match',True,thesis figure asset
figure[image45],'md5 of posebusters_results/autodock_exhaustiveness_returns/figures/exh_depth_sweep.png','match',True,thesis figure asset
figure[image46],'md5 of posebusters_results/autodock_exhaustiveness_returns/figures/exh_yield_vs_cost.png','match',True,thesis figure asset
figure[image47],'md5 of posebusters_results/autodock_exhaustiveness_returns/figures/exh_marginal_return.png','match',True,thesis figure asset
figure[image20],'md5 of pandamap_results/orai_interaction_compare_matched/fig_total_interactions_compare.png','match',True,thesis figure asset
figure[image22],'md5 of pandamap_results/orai_interaction_compare_matched/fig_residue_hotspots_compare.png','match',True,thesis figure asset
figure[image1],'md5 of docking_workflow.png','match',True,thesis figure asset
figure[image33],'md5 of PoseBusters_Benchmark_Analysis/figures/01_ligand_univariate_distributions.png','match',True,thesis figure asset
figure[image34],'md5 of PoseBusters_Benchmark_Analysis/figures/02_druglikeness_ro5_qed.png','match',True,thesis figure asset
figure[image35],'md5 of PoseBusters_Benchmark_Analysis/figures/03_elemental_charge_composition.png','match',True,thesis figure asset
figure[image36],'md5 of PoseBusters_Benchmark_Analysis/figures/04_ligand_correlation_heatmap.png','match',True,thesis figure asset
figure[image37],'md5 of PoseBusters_Benchmark_Analysis/figures/05_2d_attribute_mappings.png','match',True,thesis figure asset
figure[image38],'md5 of PoseBusters_Benchmark_Analysis/figures/06_pairplot_core_descriptors.png','match',True,thesis figure asset
figure[image39],'md5 of PoseBusters_Benchmark_Analysis/figures/09_pca_scree_loadings.png','match',True,thesis figure asset
figure[image40],'md5 of PoseBusters_Benchmark_Analysis/figures/10_pca_biplot.png','match',True,thesis figure asset
figure[image41],'md5 of PoseBusters_Benchmark_Analysis/figures/07_receptor_profile.png','match',True,thesis figure asset
figure[image42],'md5 of PoseBusters_Benchmark_Analysis/figures/08_startconf_rmsd.png','match',True,thesis figure asset
figure[image12],'no generator in the repository','still none',True,"Figure 27, The docking receptor, Fr300 cartoon"
figure[image14],'no generator in the repository','still none',True,"Figure 22, Orai Fr300 with docked ligands and transmembrane exclusion"
figures[coverage],'all 39 included images accounted for','complete',True,\includegraphics in the two body files
prose.fig23.compactness[autodock],0.62,0.623,True,"body_appendix_short.tex, the paragraph on fig:results-r17"
prose.fig23.compactness[diffdock],0.34,0.341,True,"body_appendix_short.tex, the paragraph on fig:results-r17"
prose.fig23.compactness[equibind],1.53,1.53,True,"body_appendix_short.tex, the paragraph on fig:results-r17"
prose.fig23.silhouette[autodock],0.776,0.776,True,"body_appendix_short.tex, the paragraph on fig:results-r17"
prose.fig23.silhouette[diffdock],0.174,0.174,True,"body_appendix_short.tex, the paragraph on fig:results-r17"
prose.fig23.silhouette[equibind],0.587,0.587,True,"body_appendix_short.tex, the paragraph on fig:results-r17"
prose.fig24.equibind_paired_stability_units,46,46,True,"body_appendix_short.tex, the paragraph on fig:results-r18"
prose.fig24.equibind_single_cluster_after_filtering,39,39,True,"body_appendix_short.tex, the paragraph on fig:results-r18"
prose.fig24.equibind_multicluster_units,7,7,True,"body_appendix_short.tex, the paragraph on fig:results-r18"
prose.fig24.equibind_multicluster_stability_raw,0.67,0.672,True,"body_appendix_short.tex, the paragraph on fig:results-r18"
prose.fig24.equibind_multicluster_stability_filtered,0.74,0.74,True,"body_appendix_short.tex, the paragraph on fig:results-r18"
prose.fig39.autodock_spurious_rank1,15.3,15.3,True,"body_appendix_short.tex, the paragraph on fig:results-r9"
prose.fig39.diffdock_spurious_rank1,14.1,14.1,True,"body_appendix_short.tex, the paragraph on fig:results-r9"
prose.fig39.autodock_spurious_rank5,17.6,17.6,True,"body_appendix_short.tex, the paragraph on fig:results-r9"
prose.fig39.equibind_matched_rank1,16.7,16.7,True,"body_appendix_short.tex, the paragraph on fig:results-r9"
prose.fig39.equibind_missed_rank1,18.9,18.9,True,"body_appendix_short.tex, the paragraph on fig:results-r9"
prose.fig39.equibind_spurious_min,12.0,12.0,True,"body_appendix_short.tex, the paragraph on fig:results-r9"
prose.fig39.equibind_spurious_max,12.6,12.6,True,"body_appendix_short.tex, the paragraph on fig:results-r9"
prose.audit.ids_file,'present','present',True,"body_appendix_short.tex, ""Interaction Fingerprints"""
prose.audit.profiled_poses,4253,4253.0,True,"body_appendix_short.tex, ""Interaction Fingerprints"""
prose.audit.median_rmsd,7.57,7.57,True,"body_appendix_short.tex, ""Interaction Fingerprints"""
prose.audit.within_2a_pct,21.3,21.3,True,"body_appendix_short.tex, ""Interaction Fingerprints"""
prose.audit.site_filtered_overlap[autodock],0.683,0.6827,True,"body_appendix_short.tex, ""Interaction Fingerprints"""
prose.audit.dropped_by_site_filter[autodock],44,44.0,True,"body_appendix_short.tex, ""Interaction Fingerprints"""
prose.audit.site_filtered_overlap[diffdock],0.714,0.7139,True,"body_appendix_short.tex, ""Interaction Fingerprints"""
prose.audit.dropped_by_site_filter[diffdock],60,60.0,True,"body_appendix_short.tex, ""Interaction Fingerprints"""
prose.audit.site_filtered_overlap[equibind],0.629,0.6292,True,"body_appendix_short.tex, ""Interaction Fingerprints"""
prose.audit.dropped_by_site_filter[equibind],111,111.0,True,"body_appendix_short.tex, ""Interaction Fingerprints"""
prose.audit.metal_records,6296,6296.0,True,"body_appendix_short.tex, ""Interaction Fingerprints"""
prose.audit.metal_complexes,121,121.0,True,"body_appendix_short.tex, ""Interaction Fingerprints"""
prose.refiners.equibind_near_top15.gnina,83,83,True,"body_main_short.tex, Discussion, 'Physical Validity and Post-Docking Optimisation'"
prose.refiners.equibind_near_top15.smina,61,61,True,"body_main_short.tex, Discussion, 'Physical Validity and Post-Docking Optimisation'"
prose.refiners.equibind_near_top15.mcnemar_p,0.0001131,0.0001131,True,"body_main_short.tex, Discussion, 'Physical Validity and Post-Docking Optimisation'"
prose.refiners.equibind_selection_top15.gnina,55,55,True,"body_main_short.tex, Discussion, 'Physical Validity and Post-Docking Optimisation'"
prose.refiners.equibind_selection_top15.smina,46,46,True,"body_main_short.tex, Discussion, 'Physical Validity and Post-Docking Optimisation'"
prose.refiners.equibind_selection_top15.mcnemar_p,0.1078,0.1078,True,"body_main_short.tex, Discussion, 'Physical Validity and Post-Docking Optimisation'"
prose.refiners.diffdock_triple_top15.smina,133,133,True,"body_main_short.tex, Discussion, 'Physical Validity and Post-Docking Optimisation'"
prose.refiners.diffdock_triple_top15.gnina,132,132,True,"body_main_short.tex, Discussion, 'Physical Validity and Post-Docking Optimisation'"
prose.refiners.diffdock_triple_top15.mcnemar_p,1.0,1.0,True,"body_main_short.tex, Discussion, 'Physical Validity and Post-Docking Optimisation'"
prose.refiners.diffdock_double_top15.smina,167,167,True,"body_main_short.tex, Discussion, 'Physical Validity and Post-Docking Optimisation'"
prose.refiners.diffdock_double_top15.gnina,167,167,True,"body_main_short.tex, Discussion, 'Physical Validity and Post-Docking Optimisation'"
prose.refiners.diffdock_double_top15.mcnemar_p,1.0,1.0,True,"body_main_short.tex, Discussion, 'Physical Validity and Post-Docking Optimisation'"
prose.refiners.diffdock_near_top15.smina,170,170,True,"body_main_short.tex, Discussion, 'Physical Validity and Post-Docking Optimisation'"
prose.refiners.diffdock_near_top15.gnina,170,170,True,"body_main_short.tex, Discussion, 'Physical Validity and Post-Docking Optimisation'"
prose.refiners.diffdock_near_top15.mcnemar_p,1.0,1.0,True,"body_main_short.tex, Discussion, 'Physical Validity and Post-Docking Optimisation'"
prose[h9].diff_pp.k1,2.6,2.64,True,"body_appendix_short.tex, 'Resolution of the Two-Pipeline Contrast'"
prose[h9].ci95_lo.k1,-4.2,-4.18,True,"body_appendix_short.tex, 'Resolution of the Two-Pipeline Contrast'"
prose[h9].ci95_hi.k1,9.4,9.43,True,"body_appendix_short.tex, 'Resolution of the Two-Pipeline Contrast'"
prose[h9].mcnemar_p.k1,0.5085,0.508513,True,"body_appendix_short.tex, 'Resolution of the Two-Pipeline Contrast'"
prose[h9].ci90_lo.k1,-3.1,-3.09,True,"body_appendix_short.tex, 'Resolution of the Two-Pipeline Contrast'"
prose[h9].ci90_hi.k1,8.3,8.35,True,"body_appendix_short.tex, 'Resolution of the Two-Pipeline Contrast'"
prose[h9].smallest_margin.k1,8.4,8.4,True,"body_appendix_short.tex, 'Resolution of the Two-Pipeline Contrast'"
prose[h9].both_recover,51,51,True,"body_appendix_short.tex, 'Resolution of the Two-Pipeline Contrast'"
prose[h9].neither_recovers,140,140,True,"body_appendix_short.tex, 'Resolution of the Two-Pipeline Contrast'"
prose[h9].discordant,112,112,True,"body_appendix_short.tex, 'Resolution of the Two-Pipeline Contrast'"
prose[h9].discordant_pct,37.0,37.0,True,"body_appendix_short.tex, 'Resolution of the Two-Pipeline Contrast'"
prose[h9].mde_pp,9.8,9.8,True,"body_appendix_short.tex, 'Resolution of the Two-Pipeline Contrast'"
prose[h9].observed_power,0.12,0.12,True,"body_appendix_short.tex, 'Resolution of the Two-Pipeline Contrast'"
prose[h9].n_needed,4200,4200,True,"body_appendix_short.tex, 'Resolution of the Two-Pipeline Contrast'"
prose[h9].mde_at_428,8.2,8.2,True,"body_appendix_short.tex, 'Resolution of the Two-Pipeline Contrast'"
prose[h9].equivalent_within_10pp.k1,True,True,True,"body_appendix_short.tex, 'Resolution of the Two-Pipeline Contrast'"
prose[h9].equivalent_within_5pp.k1,False,False,True,"body_appendix_short.tex, 'Resolution of the Two-Pipeline Contrast'"
prose[h9].diff_pp.k5,13.2,13.2,True,"body_appendix_short.tex, 'Resolution of the Two-Pipeline Contrast'"
prose[h9].ci95_lo.k5,5.7,5.74,True,"body_appendix_short.tex, 'Resolution of the Two-Pipeline Contrast'"
prose[h9].ci95_hi.k5,20.4,20.44,True,"body_appendix_short.tex, 'Resolution of the Two-Pipeline Contrast'"
prose[h9].mcnemar_p.k5,0.00076,0.000763,True,"body_appendix_short.tex, 'Resolution of the Two-Pipeline Contrast'"
prose[h9].ci90_lo.k5,6.9,6.94,True,"body_appendix_short.tex, 'Resolution of the Two-Pipeline Contrast'"
prose[h9].ci90_hi.k5,19.3,19.3,True,"body_appendix_short.tex, 'Resolution of the Two-Pipeline Contrast'"
prose[h9].smallest_margin.k5,19.4,19.4,True,"body_appendix_short.tex, 'Resolution of the Two-Pipeline Contrast'"
prose[h9].equivalent_within_10pp.k5,False,False,True,"body_appendix_short.tex, 'Resolution of the Two-Pipeline Contrast'"
prose[h9].equivalent_within_5pp.k5,False,False,True,"body_appendix_short.tex, 'Resolution of the Two-Pipeline Contrast'"
prose[h9].diff_pp.k15,10.2,10.23,True,"body_appendix_short.tex, 'Resolution of the Two-Pipeline Contrast'"
prose[h9].ci95_lo.k15,2.8,2.82,True,"body_appendix_short.tex, 'Resolution of the Two-Pipeline Contrast'"
prose[h9].ci95_hi.k15,17.5,17.48,True,"body_appendix_short.tex, 'Resolution of the Two-Pipeline Contrast'"
prose[h9].mcnemar_p.k15,0.009,0.00903,True,"body_appendix_short.tex, 'Resolution of the Two-Pipeline Contrast'"
prose[h9].ci90_lo.k15,4.0,4.01,True,"body_appendix_short.tex, 'Resolution of the Two-Pipeline Contrast'"
prose[h9].ci90_hi.k15,16.3,16.33,True,"body_appendix_short.tex, 'Resolution of the Two-Pipeline Contrast'"
prose[h9].smallest_margin.k15,16.4,16.4,True,"body_appendix_short.tex, 'Resolution of the Two-Pipeline Contrast'"
prose[h9].equivalent_within_10pp.k15,False,False,True,"body_appendix_short.tex, 'Resolution of the Two-Pipeline Contrast'"
prose[h9].equivalent_within_5pp.k15,False,False,True,"body_appendix_short.tex, 'Resolution of the Two-Pipeline Contrast'"
prose[h9].diff_pp.k30,9.9,9.9,True,"body_appendix_short.tex, 'Resolution of the Two-Pipeline Contrast'"
prose[h9].ci95_lo.k30,2.5,2.52,True,"body_appendix_short.tex, 'Resolution of the Two-Pipeline Contrast'"
prose[h9].ci95_hi.k30,17.1,17.13,True,"body_appendix_short.tex, 'Resolution of the Two-Pipeline Contrast'"
prose[h9].mcnemar_p.k30,0.0113,0.011315,True,"body_appendix_short.tex, 'Resolution of the Two-Pipeline Contrast'"
prose[h9].ci90_lo.k30,3.7,3.7,True,"body_appendix_short.tex, 'Resolution of the Two-Pipeline Contrast'"
prose[h9].ci90_hi.k30,16.0,15.99,True,"body_appendix_short.tex, 'Resolution of the Two-Pipeline Contrast'"
prose[h9].smallest_margin.k30,16.0,16.0,True,"body_appendix_short.tex, 'Resolution of the Two-Pipeline Contrast'"
prose[h9].equivalent_within_10pp.k30,False,False,True,"body_appendix_short.tex, 'Resolution of the Two-Pipeline Contrast'"
prose[h9].equivalent_within_5pp.k30,False,False,True,"body_appendix_short.tex, 'Resolution of the Two-Pipeline Contrast'"
