method,protein,n_conf,csv_pb_rmsd,csv_bestfit,csv_cd,csv_rmsd,pb_valid,probe_nearest,pb1_rmsd,pb1_kabsch,pb1_cd,pbN_rmsd,pbN_kabsch,pbN_cd
diffdock_smina,6TW5_9M2,4,0.6699484395182241,0.3162895479024657,0.4514849522661655,0.6699484395182242,True,0.6699484395182242,0.6699484395182241,0.3162895479024657,0.45148495226616553,0.6699484395182241,0.3162895479024657,0.45148495226616553
autodock_mgltools_exh128_gnina,6TW5_9M2,4,64.52814488298884,0.3171950672403832,64.25337478131688,64.52814488298885,True,0.6126228077015499,64.52814488298884,0.31719506724038327,64.25337478131688,0.6126228077015499,0.30357916703741294,0.46530130282877485
equibind_unguided_gnina,6TW5_9M2,4,43.67027173824982,2.9674107049631577,43.38529975637799,43.670271738249824,True,27.33355038661721,43.67027173824982,2.9674107049631577,43.38529975637799,27.333550386617212,2.967043486443381,26.2956018701278
diffdock_smina,6VTA_AKN,3,39.84708201658874,1.633208433192091,39.195545697738496,39.84708201658874,True,7.530476959446195,39.84708201658874,1.633208433192091,39.195545697738496,7.530476959446195,1.6314748808447197,3.75690534205098
autodock_mgltools_exh128_gnina,6VTA_AKN,3,38.61800496321308,3.026526055659032,38.18972274102885,38.61800496321308,True,6.097180785309716,38.618004963213075,3.026526055659032,38.18972274102885,6.097180785309716,3.0337856825636464,2.9463864332909955
equibind_unguided_gnina,6VTA_AKN,3,30.035824660241136,2.8986581655633965,29.17188513041657,30.035824660241143,True,30.035824660241143,30.035824660241136,2.8986581655633965,29.17188513041657,30.035824660241136,2.8986581655633965,29.17188513041657
diffdock_smina,6XHT_V2V,3,58.82022359559328,3.049385468466759,58.18944964706737,58.82022359559328,True,35.179775815177905,58.820223595593276,3.049385468466759,58.18944964706737,35.179775815177905,3.0473064738872555,34.60850256274725
autodock_mgltools_exh128_gnina,6XHT_V2V,3,44.17162354511961,3.541192635546461,43.538227964503584,44.17201163086924,True,44.17201163086924,44.17162354511961,3.541192635546461,43.538227964503584,44.17162354511961,3.541192635546461,43.538227964503584
equibind_unguided_gnina,6XHT_V2V,3,45.23727054623471,4.009922818101237,44.80738469920559,45.23749083958427,True,44.670417041301775,45.23727054623471,4.009922818101237,44.807384699205585,44.67029387980932,3.9892529915441686,44.253625656157276
diffdock_smina,6YJA_2BA,3,6.135806638754339,2.752831886974281,1.6749844654423338,6.135806638754339,True,6.135806638754339,6.135806638754339,2.752831886974281,1.6749844654423338,6.135806638754339,2.752831886974281,1.6749844654423338
autodock_mgltools_exh128_gnina,6YJA_2BA,3,11.942989958577453,2.88212772548822,10.835305742874793,11.942989958577453,True,7.424742869790172,11.942989958577451,2.88212772548822,10.835305742874791,7.396402239095709,2.8404230146906957,3.101049899964734
equibind_unguided_gnina,6YJA_2BA,3,13.13431364645329,3.979877870087481,12.292468686655331,13.13431364645329,True,5.352849780066179,13.13431364645329,3.9798778700874813,12.292468686655331,5.331160731513098,3.9691143686456174,1.6196310053518053
diffdock_smina,6YT6_PKE,3,45.675432829522194,1.7412692341639189,45.25278060762592,45.67543282952219,True,1.9906976382098296,45.675432829522194,1.7412692341639187,45.25278060762592,1.9906976382098296,1.752370228089087,0.6876581074993403
autodock_mgltools_exh128_gnina,6YT6_PKE,3,45.65218635224739,2.263326726755906,45.27812583324428,45.65218635224738,True,2.355511936343789,45.65218635224739,2.263326726755906,45.27812583324428,2.3555119363437886,2.2771345157866696,0.38408490654000643
equibind_unguided_gnina,6YT6_PKE,3,27.4122455905762,2.608726396616006,26.40055298006493,27.4122455905762,True,19.90131431343004,27.4122455905762,2.608726396616006,26.40055298006493,19.901314313430042,2.637116036550734,18.57868742315407
diffdock_smina,6YYO_Q1K,3,6.937829758687244,1.0040937336703522,5.414624294026049,6.937829758687245,True,6.937829758687245,6.937829758687244,1.0040937336703522,5.414624294026049,6.937829758687244,1.0040937336703522,5.414624294026049
autodock_mgltools_exh128_gnina,6YYO_Q1K,3,5.951275682264752,1.0411902019715016,5.525228839456839,5.951275682264752,True,5.951275682264752,5.951275682264752,1.0411902019715016,5.525228839456839,5.951275682264752,1.0411902019715016,5.525228839456839
equibind_unguided_gnina,6YYO_Q1K,3,8.209547761087633,1.0219851907809696,6.85748628427174,8.209547761087633,True,7.194359490857002,8.209547761087633,1.0219851907809696,6.85748628427174,7.194359490857001,1.0770993064957628,1.0903423378771053
diffdock_smina,6Z2C_Q5E,4,45.68772827191211,2.549846536739269,45.4484690792557,45.68889723783685,True,4.233805725939725,45.68772827191211,2.5498465367392695,45.4484690792557,4.233805725939725,2.0858689536287773,1.9524354613923505
autodock_mgltools_exh128_gnina,6Z2C_Q5E,4,2.8986010676239613,2.194999105564241,1.091916569289956,2.909720963888515,True,2.909720963888515,2.8986010676239613,2.1949991055642415,1.091916569289956,2.8986010676239613,2.1949991055642415,1.091916569289956
equibind_unguided_gnina,6Z2C_Q5E,4,37.4666310938352,2.2607250907563423,37.09729315116005,37.4674888573465,True,18.51519808008047,37.4666310938352,2.2607250907563423,37.09729315116005,18.51255207976885,1.9950309592805964,17.234145477918343
diffdock_smina,6Z4N_Q7B,3,13.54165298036026,1.2894958306596056,12.25651239997026,13.550681276987516,True,13.550681276987516,13.541652980360261,1.2894958306596056,12.25651239997026,13.541652980360261,1.2894958306596056,12.25651239997026
autodock_mgltools_exh128_gnina,6Z4N_Q7B,3,34.20240655216384,0.2670563626282956,33.78297690246783,34.20798862399688,True,0.7683483646758154,34.20240655216384,0.2670563626282956,33.78297690246783,0.3067733683030515,0.23499844533764713,0.15956915013560774
equibind_unguided_gnina,6Z4N_Q7B,3,10.784876918954614,1.4568354113784896,9.777433665213492,10.786137312170654,False,10.786137312170654,10.784876918954614,1.4568354113784896,9.777433665213492,10.784876918954614,1.4568354113784896,9.777433665213492
diffdock_smina,6ZC3_JOR,3,4.045407363748016,1.2477001218000223,1.3855898657250674,4.045407363748015,True,4.045407363748015,4.045407363748016,1.2477001218000225,1.3855898657250674,4.045407363748016,1.2477001218000225,1.3855898657250674
autodock_mgltools_exh128_gnina,6ZC3_JOR,3,0.5642036671273943,0.2793390597186884,0.1419331766086535,0.5642036671273943,True,0.5642036671273943,0.5642036671273943,0.2793390597186884,0.14193317660865357,0.5642036671273943,0.2793390597186884,0.14193317660865357
equibind_unguided_gnina,6ZC3_JOR,3,4.245866818134235,1.1566873741146189,2.605041519600875,4.2625704980289365,True,4.2625704980289365,4.245866818134235,1.1566873741146189,2.605041519600875,4.245866818134235,1.1566873741146189,2.605041519600875
diffdock_smina,6ZK5_IMH,3,1.9012233171247792,0.8191658102555366,1.3185999779733637,1.9012233171247788,True,1.9012233171247788,1.9012233171247792,0.8191658102555366,1.3185999779733637,1.9012233171247792,0.8191658102555366,1.3185999779733637
autodock_mgltools_exh128_gnina,6ZK5_IMH,3,36.83269959376058,1.763547300166104,36.36612605999986,36.83269959376057,True,2.074959171697247,36.83269959376058,1.763547300166104,36.36612605999986,2.074959171697247,1.7635735427654065,0.3280369770893992
equibind_unguided_gnina,6ZK5_IMH,3,18.70079376696981,2.1492666011867474,18.355059860329742,18.70079376696981,True,18.70079376696981,18.70079376696981,2.1492666011867474,18.355059860329742,18.70079376696981,2.1492666011867474,18.355059860329742
diffdock_smina,7A9E_R4W,3,21.874262877675825,0.7566956930360677,21.833498528745285,21.874262877675825,True,20.488742013806835,21.874262877675825,0.7566956930360677,21.833498528745285,20.488742013806835,0.653218544699351,20.30084013133584
autodock_mgltools_exh128_gnina,7A9E_R4W,3,19.827958141893145,0.6822943177531303,19.62499160438604,19.827958141893145,True,19.52041486179704,19.827958141893145,0.6822943177531303,19.624991604386036,19.52041486179704,0.5563507812586701,19.394285002002242
equibind_unguided_gnina,7A9E_R4W,3,17.396131590864297,0.6022162130404047,17.231177667111314,17.396131590864293,True,16.38384834097289,17.396131590864297,0.6022162130404047,17.231177667111314,16.38384834097289,0.684107442250079,16.287928366192624
diffdock_smina,7A9H_TPP,3,2.2938749895520263,2.0466690800409286,0.5790128212139877,2.2938749895520263,True,2.2938749895520263,2.2938749895520263,2.0466690800409286,0.5790128212139877,2.2938749895520263,2.0466690800409286,0.5790128212139877
autodock_mgltools_exh128_gnina,7A9H_TPP,3,30.43399538325648,1.5089817227161124,29.904113855786417,30.43552276376178,True,1.6788353917797625,30.43399538325648,1.5089817227161124,29.904113855786417,1.5954765467263523,1.5134328045783638,0.27201530557028863
equibind_unguided_gnina,7A9H_TPP,3,33.591057482398035,2.1790112886445634,32.6157756805898,33.59653257636865,True,7.044898433045226,33.591057482398035,2.1790112886445634,32.6157756805898,7.02919000703495,2.1718604304474614,4.513297090883443
diffdock_smina,7AFX_R9K,3,15.192282493983582,1.5915692683398532,14.01372993832121,15.192282493983583,True,1.6888986964883357,15.192282493983582,1.5915692683398532,14.01372993832121,1.6888986964883357,1.601150102392547,0.4979001166900844
autodock_mgltools_exh128_gnina,7AFX_R9K,3,0.3236411098732663,0.1273820179420178,0.2434720793027422,0.3236411098732663,True,0.3236411098732663,0.32364110987326633,0.12738201794201784,0.2434720793027422,0.32364110987326633,0.12738201794201784,0.2434720793027422
equibind_unguided_gnina,7AFX_R9K,3,6.752106144233813,0.3079174938693528,4.196368149120142,6.752106144233812,True,6.752106144233812,6.752106144233813,0.30791749386935285,4.196368149120142,6.752106144233813,0.30791749386935285,4.196368149120142
diffdock_smina,7AN5_RDH,3,5.383045109167611,1.3800210881000534,0.589207003088805,5.387820686882591,True,5.387820686882591,5.383045109167611,1.3800210881000534,0.589207003088805,5.383045109167611,1.3800210881000534,0.589207003088805
autodock_mgltools_exh128_gnina,7AN5_RDH,3,40.8338806388845,0.2299013323187345,40.66226861587752,40.840170726267374,True,0.4880511762783347,40.8338806388845,0.2299013323187345,40.66226861587752,0.4880511762783347,0.23693128543114694,0.39676692682508313
equibind_unguided_gnina,7AN5_RDH,3,19.76480266743553,1.1979703960839716,19.3687736698475,19.77011971880798,True,19.77011971880798,19.764802667435532,1.1979703960839716,19.3687736698475,19.764802667435532,1.1979703960839716,19.3687736698475
diffdock_smina,7B94_ANP,3,2.039508274386334,1.7579402120220426,0.8596371622723306,2.089203487981376,True,2.089203487981376,2.039508274386334,1.7579402120220426,0.8596371622723306,2.039508274386334,1.7579402120220426,0.8596371622723306
autodock_mgltools_exh128_gnina,7B94_ANP,3,2.269959751668199,1.9378581161742967,0.7286756816957036,2.344525936675032,True,2.344525936675032,2.269959751668199,1.9378581161742967,0.7286756816957036,2.269959751668199,1.9378581161742967,0.7286756816957036
equibind_unguided_gnina,7B94_ANP,3,13.8302480538014,2.360443736020667,13.323289486617185,13.840774777539751,True,13.840774777539751,13.8302480538014,2.360443736020667,13.323289486617185,13.8302480538014,2.360443736020667,13.323289486617185
diffdock_smina,7BKA_4JC,6,58.52454479741101,0.7561508043810059,58.36460313983779,58.52454479741101,True,27.652966831080413,58.524544797411004,0.7561508043810059,58.36460313983779,27.65296683108041,0.7506607324755428,27.396396354390752
autodock_mgltools_exh128_gnina,7BKA_4JC,6,44.18041068764715,0.8800777759182248,43.90038176865528,44.18041068764715,True,1.0888113147679288,44.18041068764715,0.8800777759182248,43.90038176865528,1.0888113147679288,0.8884880297183667,0.14953297782874958
equibind_unguided_gnina,7BKA_4JC,6,44.088776887151226,0.8908688395937925,43.8090997638238,44.08877688715122,True,1.0442141965771836,44.088776887151226,0.8908688395937925,43.809099763823795,1.0442141965771836,0.8991628621602805,0.044773659170943204
diffdock_smina,7C0U_FGO,3,6.239406291504435,3.816405994935498,1.9256853553008988,6.239406291504435,False,6.239406291504435,6.239406291504435,3.816405994935498,1.9256853553008988,6.239406291504435,3.816405994935498,1.9256853553008988
autodock_mgltools_exh128_gnina,7C0U_FGO,3,58.65242263075339,1.8298869167765743,57.886099186071554,58.65242263075338,True,3.74623142119688,58.65242263075339,1.8298869167765743,57.886099186071554,3.7198842731123825,1.8172403364763552,1.1488539580009645
equibind_unguided_gnina,7C0U_FGO,3,33.34726132007747,2.644214798231172,32.39286084299744,33.34726132007747,True,27.709820076136552,33.34726132007747,2.6442147982311717,32.39286084299744,27.705380083444794,2.6698633284857864,26.539440895189845
diffdock_smina,7C3U_AZG,3,37.92415564881379,0.0674752648097825,37.90285777544184,37.92415564881379,True,17.700809879853725,37.92415564881379,0.06747526480978251,37.90285777544184,17.700809879853725,0.09355145215818131,17.53185492993296
autodock_mgltools_exh128_gnina,7C3U_AZG,3,2.6264421351118523,0.0674201702269234,0.7472158475366346,2.6264421351118523,True,2.6264421351118523,2.6264421351118523,0.06742017022692347,0.7472158475366346,2.6264421351118523,0.06742017022692347,0.7472158475366346
equibind_unguided_gnina,7C3U_AZG,3,11.964951794873071,0.0474013846644901,11.698288419728634,11.964951794873071,False,11.447865596179131,11.964951794873071,0.04740138466449014,11.698288419728634,11.447865596179133,0.0852016620652668,11.349975194093114
diffdock_smina,7C8Q_DSG,3,35.74702265477659,1.1065897191064242,35.601190182305224,35.74702265477659,True,4.109759513510357,35.74702265477659,1.1065897191064242,35.601190182305224,4.089718470750768,1.1069551937298845,1.8207042116434895
autodock_mgltools_exh128_gnina,7C8Q_DSG,3,18.392021608325475,0.821056250259041,18.21821046100187,18.40942558875148,True,18.40942558875148,18.392021608325475,0.821056250259041,18.21821046100187,18.392021608325475,0.821056250259041,18.21821046100187
equibind_unguided_gnina,7C8Q_DSG,3,19.647303748125623,1.3473364372649117,19.5127181114343,19.647303748125623,True,17.32209113287295,19.647303748125623,1.3473364372649117,19.5127181114343,17.313618471981336,1.3381768053114358,17.187299018982056
diffdock_smina,7CD9_FVR,3,16.279725658007877,2.219070110101068,12.077600370874556,16.279725658007877,True,9.48152823204949,16.279725658007877,2.2190701101010673,12.077600370874555,9.48152823204949,2.230828636331887,7.9217888826853065
autodock_mgltools_exh128_gnina,7CD9_FVR,3,10.359297238420153,2.9621204540975943,3.8883798064124857,10.359297238420153,True,8.439015037744198,10.359297238420153,2.9621204540975943,3.8883798064124857,8.439015037744198,2.975770403541708,7.32392271153738
equibind_unguided_gnina,7CD9_FVR,3,8.99362625201365,3.988350443902835,2.4344863723509604,8.99362625201365,True,8.29190801946894,8.99362625201365,3.9883504439028354,2.4344863723509604,8.291908019468941,3.991555535691884,4.0671100864256955
diffdock_smina,7CIJ_G0C,3,26.757480502922647,0.5419931604695198,26.185365127097004,26.757480502922647,True,0.9731755371927898,26.757480502922647,0.5419931604695198,26.185365127097004,0.5925013542279073,0.5513477223182491,0.20982705312285588
autodock_mgltools_exh128_gnina,7CIJ_G0C,3,27.294891090868653,1.4065543754913203,26.6104991731138,27.294891090868653,True,5.655927374213795,27.294891090868653,1.4065543754913203,26.6104991731138,5.618098222157522,1.4005816099202077,0.9836272735468967
equibind_unguided_gnina,7CIJ_G0C,3,26.740450318099764,2.2735770801148507,26.16365485348632,26.740450318099764,True,6.235528907608324,26.740450318099764,2.2735770801148507,26.16365485348632,6.196620627829178,2.274082834442957,2.431947804093815
diffdock_smina,7CNQ_G8X,5,20.92062629652585,0.1201978139580884,20.708971839197297,20.925440517731307,True,20.925440517731307,20.92062629652585,0.12019781395808847,20.708971839197297,20.92062629652585,0.12019781395808847,20.708971839197297
autodock_mgltools_exh128_gnina,7CNQ_G8X,5,0.440182965746442,0.1294008299581083,0.4166288126508574,0.440182965746442,True,0.440182965746442,0.440182965746442,0.12940082995810837,0.41662881265085744,0.440182965746442,0.12940082995810837,0.41662881265085744
equibind_unguided_gnina,7CNQ_G8X,5,39.737630015166005,0.5832633479699812,39.637982897524495,39.73944444307752,True,26.58473906586258,39.737630015166005,0.5832633479699812,39.637982897524495,26.584739065862582,0.6130375862706569,26.391033724798593
diffdock_smina,7CUO_PHB,3,4.295123147361434,0.2195366692547611,1.249724236501795,4.336426905990691,True,4.336426905990691,4.295123147361434,0.21953666925476115,1.2497242365017953,4.295123147361434,0.21953666925476115,1.2497242365017953
autodock_mgltools_exh128_gnina,7CUO_PHB,3,3.331853143072183,0.2978981437251156,1.7725393311574182,3.3577444165689543,True,3.3577444165689543,3.331853143072183,0.29789814372511564,1.7725393311574182,3.331853143072183,0.29789814372511564,1.7725393311574182
equibind_unguided_gnina,7CUO_PHB,3,20.33919423372028,0.3308092218654919,19.973655390301,20.34525852666906,True,19.591266338779636,20.339194233720278,0.33080922186549194,19.973655390300998,19.591266338779633,0.3246481182474937,19.513794282468492
diffdock_smina,7DQL_4CL,3,11.330259964213823,0.0352175000204823,11.22312606192463,11.330259964213823,True,11.330259964213823,11.330259964213825,0.03521750002048233,11.22312606192463,11.330259964213825,0.03521750002048233,11.22312606192463
autodock_mgltools_exh128_gnina,7DQL_4CL,3,42.63291138542825,0.0351925170514314,42.54835581963563,42.63291138542825,True,2.479631007047442,42.63291138542825,0.03519251705143144,42.54835581963563,2.4796310070474417,0.03628813519998552,1.1908991742418304
equibind_unguided_gnina,7DQL_4CL,3,20.1143848707834,0.0370190131931464,20.06308682900694,20.1143848707834,True,20.1143848707834,20.114384870783397,0.03701901319314649,20.06308682900694,20.114384870783397,0.03701901319314649,20.06308682900694
diffdock_smina,7DUA_HJ0,3,0.5115789917330545,0.3084666296069705,0.3495853886403829,0.5115789917330547,True,0.5115789917330547,0.5115789917330545,0.3084666296069705,0.34958538864038297,0.5115789917330545,0.3084666296069705,0.34958538864038297
autodock_mgltools_exh128_gnina,7DUA_HJ0,3,31.947551012714577,0.8809082567614936,31.65448560388196,31.947551012714573,True,1.006616738300177,31.947551012714577,0.8809082567614936,31.65448560388196,1.006616738300177,0.8801040503052432,0.3849518653286901
equibind_unguided_gnina,7DUA_HJ0,3,17.145198370997914,1.270263348131421,16.084859904193834,17.145198370997914,True,16.40237288687219,17.145198370997914,1.270263348131421,16.084859904193834,16.402372886872193,1.2685380838433806,15.565934476872842
diffdock_smina,7E4L_MDN,3,38.41828639943339,0.488272671993872,38.32200144406943,38.41891389670226,True,2.899299180070169,38.41828639943339,0.48827267199387203,38.32200144406943,2.8559581816888624,0.4990961135032941,1.3676543405804833
autodock_mgltools_exh128_gnina,7E4L_MDN,3,2.7035673899909027,0.3000527365153019,1.505038815011546,2.884256200863963,True,2.884256200863963,2.7035673899909027,0.30005273651530195,1.5050388150115461,2.7035673899909027,0.30005273651530195,1.5050388150115461
equibind_unguided_gnina,7E4L_MDN,3,14.268994373349043,0.2699278496996138,14.002078104717787,14.268994373349043,True,14.268994373349043,14.268994373349045,0.2699278496996138,14.002078104717787,14.268994373349045,0.2699278496996138,14.002078104717787
diffdock_smina,7ECR_SIN,4,37.29444295426264,0.5675035969921196,37.22595626586752,37.29444295426264,True,2.2351608652958284,37.29444295426264,0.5675035969921196,37.22595626586752,2.2095098424198056,0.5637615613006796,1.7884706006896642
autodock_mgltools_exh128_gnina,7ECR_SIN,4,0.6769372995337157,0.5120167565584207,0.4372258337375593,0.6769372995337158,True,0.6769372995337158,0.6769372995337157,0.5120167565584207,0.43722583373755936,0.6769372995337157,0.5120167565584207,0.43722583373755936
equibind_unguided_gnina,7ECR_SIN,4,20.130660165280226,0.714429816655305,20.048427865584934,20.14874965760903,True,20.14874965760903,20.130660165280226,0.714429816655305,20.048427865584934,20.130660165280226,0.714429816655305,20.048427865584934
diffdock_smina,7ED2_A3P,3,17.748798742815325,1.7031287444031369,16.336695333246467,17.748798742815325,True,7.200058818561189,17.748798742815325,1.7031287444031367,16.336695333246467,7.159851067533408,1.6685098595857975,4.560265988146687
autodock_mgltools_exh128_gnina,7ED2_A3P,3,4.746659464999218,1.3756813544846542,0.5988926098626983,4.799230518068033,True,4.799230518068033,4.746659464999218,1.3756813544846542,0.5988926098626983,4.746659464999218,1.3756813544846542,0.5988926098626983
equibind_unguided_gnina,7ED2_A3P,3,16.988383874206733,1.900252099713836,15.959493771067365,16.988594160821876,True,6.133908974043538,16.988383874206733,1.9002520997138357,15.959493771067365,6.093677172860164,1.8973627613323163,3.6357709085207146
diffdock_smina,7FB7_8NF,3,50.44234192663277,0.0420330208454817,50.3488631569047,50.44234192663277,True,14.076184738731191,50.442341926632764,0.04203302084548179,50.3488631569047,14.07618473873119,0.048214286456462474,13.771268544637364
autodock_mgltools_exh128_gnina,7FB7_8NF,3,0.3292695569151683,0.0419500191967615,0.3015205782957533,0.3292695569151683,True,0.3292695569151683,0.3292695569151683,0.04195001919676151,0.30152057829575335,0.3292695569151683,0.04195001919676151,0.30152057829575335
equibind_unguided_gnina,7FB7_8NF,3,22.82788984183845,0.0541576349046511,22.66562186198232,22.82788984183845,True,15.52980445923973,22.82788984183845,0.05415763490465119,22.665621861982313,15.529804459239731,0.05710813159835403,15.312015267941668
diffdock_smina,7FHA_ADX,3,46.53011839823432,0.6380965032273717,45.97111958934008,46.5310944874301,True,0.8860302258450958,46.53011839823432,0.6380965032273717,45.97111958934008,0.666787648744725,0.6364396051383209,0.17679931742509522
autodock_mgltools_exh128_gnina,7FHA_ADX,3,46.52938466897379,0.6388218757911847,45.97038287243805,46.530361690127386,True,0.8860774228357583,46.52938466897379,0.6388218757911847,45.97038287243805,0.6668159993859156,0.636907496464415,0.1766000926663668
equibind_unguided_gnina,7FHA_ADX,3,24.426588560942267,1.5742611050926825,23.643293700851093,24.433821602511003,False,23.109755763081083,24.426588560942267,1.5742611050926825,23.643293700851093,23.109755763081083,1.5890173077269152,22.598256076572504
diffdock_smina,7JHQ_VAJ,5,28.32263382979533,0.5127109017983068,27.48398063358066,28.32331998589384,True,5.694099819696408,28.322633829795326,0.5127109017983068,27.48398063358066,5.631808547191766,0.49975814773856986,2.8846119983863656
autodock_mgltools_exh128_gnina,7JHQ_VAJ,5,42.73460179793159,0.5829496368619249,42.50392725166992,42.73460179793159,True,1.4911683469309855,42.73460179793159,0.5829496368619249,42.503927251669914,1.3147891825096691,0.6452642441038926,0.5386961767104451
equibind_unguided_gnina,7JHQ_VAJ,5,18.66392702205097,0.5148030509355852,18.64501333078428,18.67815508454253,True,18.67815508454253,18.66392702205097,0.5148030509355852,18.645013330784273,18.66392702205097,0.5148030509355852,18.645013330784273
diffdock_smina,7JY3_VUD,3,38.95070530997886,2.050746555579957,38.68647656464594,38.95070530997886,True,35.85486677834633,38.95070530997886,2.050746555579957,38.68647656464594,35.85486677834633,2.049830587313152,35.486083300943406
autodock_mgltools_exh128_gnina,7JY3_VUD,3,22.298959361610144,2.032817095200717,21.31337476584783,22.298959361610144,True,20.14180841571047,22.298959361610144,2.032817095200717,21.31337476584783,20.14180841571047,2.0254122567699047,19.647318234771763
equibind_unguided_gnina,7JY3_VUD,3,24.32168343687796,1.0683683404207138,23.831416592250413,24.32168343687796,True,23.85823964797068,24.32168343687796,1.0683683404207138,23.831416592250413,23.858239647970674,1.0617404872455,23.539929806364903
diffdock_smina,7K0V_VQP,5,39.330173665885965,0.4320116780619569,38.78639203247823,39.330173665885965,True,0.4148569874065037,39.330173665885965,0.4320116780619569,38.786392032478226,0.41485698740650373,0.395617405087488,0.08558018797723757
autodock_mgltools_exh128_gnina,7K0V_VQP,5,44.88753223010191,1.9346679682316024,43.98114205043272,44.887532230101904,True,12.325143278921242,44.88753223010191,1.9346679682316024,43.981142050432716,12.325143278921244,1.9015844679863934,6.673634888513564
equibind_unguided_gnina,7K0V_VQP,5,25.223587711616776,1.7911042967407758,24.43669214761453,25.223587711616776,True,17.198454170415285,25.223587711616776,1.7911042967407758,24.436692147614526,17.198454170415285,1.8049362172751366,16.76623411531263
diffdock_smina,7KB1_WBJ,4,0.3825878859223661,0.3513560575046263,0.0909021912154415,0.3825878859223661,True,0.3825878859223661,0.3825878859223661,0.35135605750462634,0.0909021912154415,0.3825878859223661,0.35135605750462634,0.0909021912154415
autodock_mgltools_exh128_gnina,7KB1_WBJ,4,0.6114939306916524,0.2706765731691815,0.3711838783813884,0.6114939306916524,True,0.6114939306916524,0.6114939306916524,0.2706765731691815,0.3711838783813884,0.6114939306916524,0.2706765731691815,0.3711838783813884
equibind_unguided_gnina,7KB1_WBJ,4,35.20373833989923,1.047523606127322,34.54817042524117,35.20636122278963,False,14.396932163880042,35.20373833989923,1.0475236061273219,34.54817042524117,14.386529138699036,0.9559541270974994,13.078340895899581
diffdock_smina,7KC5_BJZ,3,1.2712426016155065,0.8820014806662952,0.6762924295796802,1.3712739808442875,True,1.3712739808442875,1.2712426016155065,0.8820014806662952,0.6762924295796802,1.2712426016155065,0.8820014806662952,0.6762924295796802
autodock_mgltools_exh128_gnina,7KC5_BJZ,3,0.9537950471101702,0.6026590713689941,0.5690416027057483,0.9537950471101704,True,0.9537950471101704,0.9537950471101702,0.6026590713689941,0.5690416027057483,0.9537950471101702,0.6026590713689941,0.5690416027057483
equibind_unguided_gnina,7KC5_BJZ,3,24.22626159463924,1.8240201418923168,23.41218031442876,24.22626159463924,True,24.226261594639237,24.226261594639233,1.8240201418923168,23.412180314428756,24.226261594639233,1.8240201418923168,23.412180314428756
diffdock_smina,7KM8_WPD,3,1.8539427991213195,1.6647233835675372,0.5886701242700281,1.8721118185179224,True,1.8721118185179224,1.8539427991213193,1.6647233835675372,0.5886701242700281,1.8539427991213193,1.6647233835675372,0.5886701242700281
autodock_mgltools_exh128_gnina,7KM8_WPD,3,19.13123983969134,0.5736324060836921,17.481736382670537,19.13123983969134,True,0.8865027162180998,19.13123983969134,0.5736324060836921,17.481736382670537,0.6536295615967072,0.566191493491409,0.21518950868762665
equibind_unguided_gnina,7KM8_WPD,3,4.925432326412471,2.57511198989964,2.3386731601258406,4.931062504446544,True,4.931062504446544,4.925432326412471,2.57511198989964,2.3386731601258406,4.925432326412471,2.57511198989964,2.3386731601258406
diffdock_smina,7KQU_YOF,3,23.503911633203284,1.1583919760070254,22.94660009437396,23.503911633203284,True,23.503911633203284,23.503911633203284,1.1583919760070254,22.946600094373956,23.503911633203284,1.1583919760070254,22.946600094373956
autodock_mgltools_exh128_gnina,7KQU_YOF,3,14.933116711165347,0.8649386626014237,13.885605581528145,14.933116711165347,True,14.933116711165347,14.933116711165347,0.8649386626014237,13.885605581528143,14.933116711165347,0.8649386626014237,13.885605581528143
equibind_unguided_gnina,7KQU_YOF,3,14.500329309216198,0.6641616873497939,14.125132102369443,14.515468943903551,False,14.515468943903551,14.500329309216198,0.6641616873497939,14.125132102369443,14.500329309216198,0.6641616873497939,14.125132102369443
diffdock_smina,7KRU_ATP,3,0.9508811458580873,0.6522912260847262,0.3864802895278891,1.0804532973441918,True,1.0804532973441918,0.9508811458580873,0.6522912260847262,0.3864802895278891,0.9508811458580873,0.6522912260847262,0.3864802895278891
autodock_mgltools_exh128_gnina,7KRU_ATP,3,27.36018678378399,0.728224476892016,25.8146615084298,27.36529626331556,True,0.9980993768803942,27.36018678378399,0.728224476892016,25.8146615084298,0.8085035110742278,0.7187930445501922,0.12299049230192846
equibind_unguided_gnina,7KRU_ATP,3,5.931361109173791,3.054434959062036,4.191564195481043,5.996980977098177,True,5.996980977098177,5.931361109173791,3.0544349590620357,4.191564195481043,5.931361109173791,3.0544349590620357,4.191564195481043
diffdock_smina,7KZ9_XN7,3,0.6413615183909362,0.5617757199112939,0.2084576824487405,0.6413615183909361,True,0.6413615183909361,0.6413615183909362,0.5617757199112939,0.20845768244874058,0.6413615183909362,0.5617757199112939,0.20845768244874058
autodock_mgltools_exh128_gnina,7KZ9_XN7,3,5.550880845824873,1.2519811707671369,1.0642913201432187,5.550880845824873,True,5.550880845824873,5.550880845824873,1.2519811707671367,1.0642913201432187,5.550880845824873,1.2519811707671367,1.0642913201432187
equibind_unguided_gnina,7KZ9_XN7,3,25.207143405211728,0.7962940978374079,24.900533003890725,25.207143405211728,True,25.207143405211728,25.207143405211728,0.7962940978374079,24.900533003890725,25.207143405211728,0.7962940978374079,24.900533003890725
diffdock_smina,7L00_XCJ,5,5.821673851158209,1.4848230774645657,3.176974999094214,5.821673851158209,True,5.821673851158209,5.821673851158209,1.4848230774645657,3.176974999094214,5.821673851158209,1.4848230774645657,3.176974999094214
autodock_mgltools_exh128_gnina,7L00_XCJ,5,61.18237175827811,1.5936757616452772,60.73008176707789,61.18237175827812,True,7.45308601840726,61.18237175827811,1.5936757616452772,60.73008176707789,7.45308601840726,1.5718506666803116,5.071786845704171
equibind_unguided_gnina,7L00_XCJ,5,38.81007206552805,1.3528828243063462,38.72732088452638,38.81007206552806,True,23.041146787584967,38.810072065528054,1.3528828243063462,38.72732088452638,23.041146787584967,1.3439187125939516,21.125084890018634
diffdock_smina,7LJN_GTP,5,45.61155808614673,2.5078335550511013,45.30932296759818,45.6163484705833,True,4.0706835016907785,45.61155808614673,2.5078335550511013,45.30932296759818,4.062115919805526,2.500423291942926,1.8583648993433246
autodock_mgltools_exh128_gnina,7LJN_GTP,5,56.86011611457377,2.467152065608758,56.34765356957281,56.86356114727877,True,5.459247107002256,56.86011611457377,2.467152065608758,56.34765356957281,5.424283082842607,2.4692253385837186,3.3795907778158525
equibind_unguided_gnina,7LJN_GTP,5,37.967833930204165,2.9453128749806754,37.726565239811855,37.97199195181973,True,19.71362677316284,37.967833930204165,2.9453128749806754,37.726565239811855,19.701785510653913,2.964468253386406,18.994955431250304
diffdock_smina,7LOU_IFM,3,21.540999928810177,0.5926764551538339,21.2720976240544,21.540999928810173,True,21.540999928810173,21.540999928810177,0.5926764551538339,21.272097624054396,21.540999928810177,0.5926764551538339,21.272097624054396
autodock_mgltools_exh128_gnina,7LOU_IFM,3,44.85300888244846,0.1337117740165763,44.68419195254963,44.85300888244846,True,2.8831671073664817,44.85300888244846,0.13371177401657636,44.68419195254963,2.883167107366482,0.1542398917423472,0.4805674482317707
equibind_unguided_gnina,7LOU_IFM,3,27.306473641244857,0.420673076040746,27.04482532073373,27.306473641244853,True,20.693218522018267,27.306473641244857,0.420673076040746,27.04482532073373,20.69321852201827,0.40899291695404055,20.481045472021197
diffdock_smina,7M3H_YPV,3,33.41488304532752,1.2506627981227718,32.9353476582982,33.415552995692245,True,2.8379109231821684,33.41488304532752,1.2506627981227718,32.9353476582982,2.8271767114767807,1.2287096920400786,1.6576348346939869
autodock_mgltools_exh128_gnina,7M3H_YPV,3,0.669741405631059,0.4517169240609392,0.3975030989790112,0.669741405631059,True,0.669741405631059,0.669741405631059,0.4517169240609392,0.39750309897901126,0.669741405631059,0.4517169240609392,0.39750309897901126
equibind_unguided_gnina,7M3H_YPV,3,20.727650652148206,1.4101576202332018,19.989589502447373,20.733858445567563,False,18.96043962897925,20.727650652148206,1.4101576202332018,19.989589502447373,18.953618541697168,1.3717980249043982,17.57730945870015
diffdock_smina,7M6K_YRJ,3,30.190108928241564,2.255842320840185,29.32917044233422,30.190108928241564,True,15.270236143785391,30.190108928241564,2.2558423208401854,29.32917044233422,15.260561993374829,2.302582408312379,11.423649538214429
autodock_mgltools_exh128_gnina,7M6K_YRJ,3,33.74317742381638,0.6416115857395719,33.02806380431984,33.744221739890655,True,0.6783073277719259,33.74317742381638,0.6416115857395719,33.02806380431984,0.6783073277719259,0.6077511167584505,0.2638393909288266
equibind_unguided_gnina,7M6K_YRJ,3,8.87638866105587,2.0584969278358547,7.869714323247223,8.897702721642663,True,8.897702721642663,8.87638866105587,2.0584969278358547,7.869714323247223,8.87638866105587,2.0584969278358547,7.869714323247223
diffdock_smina,7MFP_Z7P,5,50.69314810260259,0.7459208623897791,50.68667783570811,50.69550498093889,True,0.9364500031501952,50.69314810260259,0.7459208623897791,50.68667783570811,0.7880789810672536,0.7109849706433721,0.3235176698481876
autodock_mgltools_exh128_gnina,7MFP_Z7P,5,50.73121233404344,3.984365139531809,50.29067890939613,50.73237662962184,True,7.716207384836154,50.731212334043434,3.984365139531809,50.29067890939613,7.709219243075138,3.9619388932306094,3.9402871859979935
equibind_unguided_gnina,7MFP_Z7P,5,31.63376144888875,3.4680849864980243,30.58535812620162,31.63436869383045,True,27.76563443520065,31.63376144888875,3.4680849864980243,30.58535812620162,27.764854352241798,3.476940375978375,26.651657818905175
diffdock_smina,7MGY_ZD1,3,72.03102528487291,0.8461705027255816,71.78204914316824,72.03102528487292,False,0.9211465674341156,72.03102528487291,0.8461705027255816,71.78204914316824,0.9211465674341157,0.8407191867581753,0.314238710059458
autodock_mgltools_exh128_gnina,7MGY_ZD1,3,3.104650608151532,1.6771786214649833,1.3423622649560616,3.104650608151532,True,3.104650608151532,3.1046506081515317,1.6771786214649833,1.3423622649560616,3.1046506081515317,1.6771786214649833,1.3423622649560616
equibind_unguided_gnina,7MGY_ZD1,3,30.604451558555983,1.887809603584222,30.43003666220746,30.604451558555983,True,30.604451558555983,30.604451558555986,1.887809603584222,30.43003666220746,30.604451558555986,1.887809603584222,30.43003666220746
diffdock_smina,7MOI_HPS,3,32.75539647652804,0.5824829331923106,32.57965434302633,32.75539647652804,True,28.16283060586321,32.75539647652804,0.5824829331923106,32.57965434302633,28.16283060586321,0.6215859044852795,27.880167217688655
autodock_mgltools_exh128_gnina,7MOI_HPS,3,0.6637273666745457,0.3331349665803599,0.4357472753977114,0.6637273666745457,True,0.6637273666745457,0.6637273666745457,0.33313496658035996,0.4357472753977114,0.6637273666745457,0.33313496658035996,0.4357472753977114
equibind_unguided_gnina,7MOI_HPS,3,16.739598201053912,0.6108155322921227,16.618608328717112,16.739598201053912,True,14.014898319158924,16.739598201053912,0.6108155322921227,16.618608328717112,14.014898319158924,0.6279889270147155,13.817616048698712
diffdock_smina,7MYU_ZR7,3,1.4390930231026966,1.0757889545263648,0.5309644527399798,1.4390930231026966,True,1.4390930231026966,1.4390930231026966,1.0757889545263648,0.5309644527399798,1.4390930231026966,1.0757889545263648,0.5309644527399798
autodock_mgltools_exh128_gnina,7MYU_ZR7,3,48.87515821580822,1.2005750036920018,48.72935009119214,48.87515821580822,True,1.8147779313970387,48.87515821580822,1.2005750036920018,48.72935009119214,1.814777931397039,1.2098153569015206,1.0792561881978202
equibind_unguided_gnina,7MYU_ZR7,3,22.134480979871327,3.483611258313022,21.70553378771885,22.13448097987133,False,22.13448097987133,22.134480979871327,3.483611258313022,21.705533787718846,22.134480979871327,3.483611258313022,21.705533787718846
diffdock_smina,7N7B_T3F,3,37.978722011971016,1.6186721677806586,37.15115560606667,37.97872201197101,True,2.0550662442572785,37.978722011971016,1.6186721677806586,37.15115560606667,2.055066244257278,1.4430814047596956,0.8572667801227558
autodock_mgltools_exh128_gnina,7N7B_T3F,3,3.733814381797023,1.9545242384672217,2.854369204427436,3.733814381797023,True,3.733814381797023,3.7338143817970226,1.9545242384672217,2.8543692044274356,3.7338143817970226,1.9545242384672217,2.8543692044274356
equibind_unguided_gnina,7N7B_T3F,3,20.206094230800765,2.5612483791690024,18.143342447759,20.206094230800765,True,20.206094230800765,20.206094230800765,2.5612483791690024,18.143342447758993,20.206094230800765,2.5612483791690024,18.143342447758993
diffdock_smina,7NF0_BYN,3,49.7844547788955,1.0100116809451145,49.12625796656005,49.787204198924506,True,1.2984548091294328,49.7844547788955,1.0100116809451145,49.126257966560054,1.2984548091294328,0.9985111088329507,0.6174880232053455
autodock_mgltools_exh128_gnina,7NF0_BYN,3,30.279066155076737,2.7986680016255536,29.608099825445567,30.28316726735221,True,23.676046312488086,30.279066155076737,2.7986680016255536,29.608099825445567,23.674303465121177,2.7866497136496684,22.419747068504087
equibind_unguided_gnina,7NF0_BYN,3,26.27811354262172,2.6406288841355807,25.402616972875183,26.28371521102095,False,26.28371521102095,26.27811354262172,2.6406288841355807,25.402616972875183,26.27811354262172,2.6406288841355807,25.402616972875183
diffdock_smina,7NFB_GEN,3,36.81726637663367,0.6412097713625404,36.57414366945725,36.81726637663367,True,13.507952213714706,36.81726637663367,0.6412097713625404,36.57414366945725,13.507952213714706,0.6402638922338875,13.20559214441367
autodock_mgltools_exh128_gnina,7NFB_GEN,3,29.205435389752363,0.161047347614417,28.874831887151306,29.205435389752367,True,0.5413720024160835,29.205435389752363,0.16104734761441708,28.874831887151302,0.5413720024160835,0.16392069747551916,0.3730100384037957
equibind_unguided_gnina,7NFB_GEN,3,17.088891947973103,0.5170145190552028,16.256613155713737,17.088891947973107,True,17.088891947973107,17.088891947973103,0.5170145190552028,16.256613155713737,17.088891947973103,0.5170145190552028,16.256613155713737
diffdock_smina,7NLV_UJE,5,29.614729394267886,0.2986739829962989,28.96316781111812,29.614729394267886,True,1.0733857294960254,29.614729394267886,0.29867398299629894,28.96316781111812,1.0733857294960254,0.9772018851122283,0.3253443236197091
autodock_mgltools_exh128_gnina,7NLV_UJE,5,20.53708878730428,0.2995868734196224,19.284324546034863,20.53708878730428,True,0.4265805796709234,20.537088787304278,0.2995868734196224,19.284324546034863,0.4265805796709234,0.3274527728675095,0.1214720126775901
equibind_unguided_gnina,7NLV_UJE,5,20.63118264837177,1.0582223228673877,19.499264659174354,20.63118264837177,True,1.139427414266022,20.631182648371766,1.0582223228673877,19.499264659174354,1.139427414266022,1.0240619842529117,0.2787434763785209
diffdock_smina,7NSW_HC4,3,16.694706639506027,0.3055210739182895,16.21312275405713,16.706864161550484,True,16.706864161550484,16.694706639506027,0.30552107391828953,16.21312275405713,16.694706639506027,0.30552107391828953,16.21312275405713
autodock_mgltools_exh128_gnina,7NSW_HC4,3,38.72366455243056,0.29989712332438,38.46197980342713,38.72863346030298,True,0.9806022227012676,38.723664552430556,0.29989712332438,38.46197980342713,0.34599123664239373,0.278643774799652,0.05383653821730055
equibind_unguided_gnina,7NSW_HC4,3,24.11201973962709,0.5347424821907448,23.507306497793,24.11646027248126,True,17.404638376713454,24.112019739627094,0.5347424821907448,23.507306497792996,17.404638376713454,0.570223356270697,16.74176917827626
diffdock_smina,7NUT_GLP,3,26.14930578570634,0.93184176041375,25.57553491466733,26.16478573769285,False,6.258093318805257,26.14930578570634,0.9318417604137501,25.57553491466733,6.200353337663508,0.897741691888317,5.57421786002796
autodock_mgltools_exh128_gnina,7NUT_GLP,3,31.19960935532687,1.003899214202131,30.723191237668136,31.20331673195976,False,2.5826480886872685,31.19960935532687,1.003899214202131,30.723191237668136,2.4597495375545866,1.0177193012372228,0.2558790603305168
equibind_unguided_gnina,7NUT_GLP,3,25.898098085103182,0.8658383291415073,25.799748702340985,25.899017018520706,True,7.726235113276388,25.898098085103182,0.8658383291415073,25.799748702340985,7.674203011591823,0.889266815367956,5.365842748934139
diffdock_smina,7NXO_UU8,3,31.88041748553583,1.9731220807502865,31.34321426045447,31.88041748553583,True,26.966703383971826,31.88041748553583,1.9731220807502863,31.34321426045447,26.96670338397183,2.017473467696113,25.865426077113664
autodock_mgltools_exh128_gnina,7NXO_UU8,3,0.5234257340995446,0.4261613846506292,0.2029877157421437,0.5234257340995447,True,0.5234257340995447,0.5234257340995446,0.4261613846506292,0.2029877157421437,0.5234257340995446,0.4261613846506292,0.2029877157421437
equibind_unguided_gnina,7NXO_UU8,3,18.15649621081213,1.2525277135324622,17.892627942215633,18.15649621081213,False,18.15649621081213,18.15649621081213,1.2525277135324622,17.892627942215633,18.15649621081213,1.2525277135324622,17.892627942215633
diffdock_smina,7O0N_CDP,3,2.105279312775386,1.5664535919244391,1.3296500657361017,2.207698889069793,False,2.207698889069793,2.105279312775386,1.5664535919244391,1.3296500657361017,2.105279312775386,1.5664535919244391,1.3296500657361017
autodock_mgltools_exh128_gnina,7O0N_CDP,3,12.690625157587789,1.482420224169226,10.269867786261717,12.690625157587789,True,1.6275127189671976,12.690625157587787,1.4824202241692261,10.269867786261715,1.615522150389774,1.494463457551449,0.5829697562790072
equibind_unguided_gnina,7O0N_CDP,3,7.454555055534838,1.6199702374705849,5.4445269975842745,7.497915518595819,True,7.497915518595819,7.454555055534838,1.6199702374705849,5.4445269975842745,7.454555055534838,1.6199702374705849,5.4445269975842745
diffdock_smina,7ODY_DGI,5,20.076544151543832,1.1297584903890532,18.36445140040712,20.086679257897,True,1.433428974328496,20.076544151543832,1.1297584903890532,18.36445140040712,1.3454028153514306,1.1441758975550445,0.3392420666030225
autodock_mgltools_exh128_gnina,7ODY_DGI,5,27.1004480115626,0.5674076310310355,25.92957915312105,27.11294328253984,True,0.8541134485318462,27.1004480115626,0.5674076310310355,25.92957915312105,0.5903351257893611,0.5652685464819999,0.036493317500911046
equibind_unguided_gnina,7ODY_DGI,5,21.320821023903683,3.02288023783585,20.24407283562122,21.326372374232903,False,18.95624702815915,21.320821023903683,3.02288023783585,20.24407283562122,18.943959056864223,3.028551256138307,18.627523321654042
diffdock_smina,7OLI_8HG,3,41.711967788525634,0.3300971825142419,41.49658132278791,41.711967788525634,True,0.7571192449013562,41.711967788525634,0.3300971825142419,41.49658132278791,0.7571192449013562,0.3232535111189134,0.461219971109232
autodock_mgltools_exh128_gnina,7OLI_8HG,3,43.36897642745907,2.036621605874462,43.16300186351124,43.36897642745907,True,5.44334366410022,43.36897642745907,2.036621605874462,43.16300186351124,5.443343664100219,2.033218640060346,2.9677078315553524
equibind_unguided_gnina,7OLI_8HG,3,5.421409433210149,2.05873006608406,3.622914390269937,5.421409433210149,True,5.421409433210149,5.421409433210149,2.0587300660840593,3.6229143902699366,5.421409433210149,2.0587300660840593,3.6229143902699366
diffdock_smina,7OP9_06K,13,40.84508658691676,0.065765091346871,40.74537607305129,40.84508658691676,True,3.430588953147048,40.84508658691676,0.06576509134687109,40.74537607305129,3.430588953147048,0.05705275143467704,0.6679565585666668
autodock_mgltools_exh128_gnina,7OP9_06K,13,69.70923661916885,0.0660478001408088,69.6156746446238,69.70923661916886,True,3.5385825706193312,69.70923661916885,0.06604780014080881,69.6156746446238,3.5385825706193312,0.06576298634533052,1.0131604800559029
equibind_unguided_gnina,7OP9_06K,13,47.73860028732229,0.0598980723541494,47.594997607695376,47.738600287322285,True,10.119980661677536,47.73860028732229,0.05989807235414945,47.594997607695376,10.119980661677534,0.06911693782611128,9.586783148827582
diffdock_smina,7OPG_06N,4,4.964162017002732,0.6273418813181326,1.413960537607524,4.964162017002732,True,4.964162017002732,4.964162017002732,0.6273418813181326,1.413960537607524,4.964162017002732,0.6273418813181326,1.413960537607524
autodock_mgltools_exh128_gnina,7OPG_06N,4,0.8112902186932665,0.6307296923106699,0.3091390056591763,0.8112902186932665,True,0.8112902186932665,0.8112902186932665,0.6307296923106699,0.3091390056591763,0.8112902186932665,0.6307296923106699,0.3091390056591763
equibind_unguided_gnina,7OPG_06N,4,32.455169399698995,1.0617533417392018,32.046734348684026,32.455169399698995,True,21.87483058208079,32.455169399698995,1.0617533417392018,32.046734348684026,21.87483058208079,1.0324057627691197,20.99195841975124
diffdock_smina,7OZ9_NGK,3,76.29046338240518,0.7183176853624543,76.17427992845168,76.29169623765023,True,4.912943470487984,76.29046338240518,0.7183176853624543,76.17427992845168,4.8852698009855136,0.7086529313135905,1.1375555815953986
autodock_mgltools_exh128_gnina,7OZ9_NGK,3,0.7599487974441724,0.7048966156342146,0.1952410239973177,1.1020222874811862,True,1.1020222874811862,0.7599487974441724,0.7048966156342146,0.19524102399731771,0.7599487974441724,0.7048966156342146,0.19524102399731771
equibind_unguided_gnina,7OZ9_NGK,3,45.72399686043596,0.8990234842107441,45.466517466080845,45.72399686043597,True,31.202884968819287,45.72399686043596,0.8990234842107441,45.466517466080845,31.202884968819287,0.8874512562492478,30.948587747968595
diffdock_smina,7P1F_KFN,3,46.233125836581465,0.3502435513752717,45.97835225204744,46.233125836581465,True,5.427413515500297,46.233125836581465,0.3502435513752717,45.97835225204744,5.3774077067585155,0.3712492503341235,3.1420534562618347
autodock_mgltools_exh128_gnina,7P1F_KFN,3,5.753393440498961,1.2790385116215088,2.7611311413482658,5.753393440498961,True,5.753393440498961,5.753393440498961,1.2790385116215088,2.7611311413482658,5.753393440498961,1.2790385116215088,2.7611311413482658
equibind_unguided_gnina,7P1F_KFN,3,29.30768175398629,0.8693677693967908,29.151233420372897,29.30768175398629,True,17.154697818039097,29.307681753986294,0.8693677693967908,29.151233420372897,17.154697818039093,0.8675566385913972,16.70559099722114
diffdock_smina,7P1M_4IU,3,2.509374021627041,1.7185788767103107,1.18212534293376,2.509374021627041,True,2.509374021627041,2.509374021627041,1.7185788767103107,1.18212534293376,2.509374021627041,1.7185788767103107,1.18212534293376
autodock_mgltools_exh128_gnina,7P1M_4IU,3,19.229076816092,2.0381201571895926,18.43466345392504,19.231721501835622,True,19.231721501835622,19.229076816091997,2.0381201571895926,18.43466345392504,19.229076816091997,2.0381201571895926,18.43466345392504
equibind_unguided_gnina,7P1M_4IU,3,24.05111353834093,1.9641954475444847,23.218771170000824,24.05111353834093,True,24.051113538340932,24.051113538340935,1.9641954475444847,23.218771170000824,24.051113538340935,1.9641954475444847,23.218771170000824
diffdock_smina,7P2I_MFU,7,3.1497384265734407,1.1711270234857258,0.589797912718605,3.1497384265734403,True,3.1497384265734403,3.1497384265734407,1.1711270234857258,0.589797912718605,3.1497384265734407,1.1711270234857258,0.589797912718605
autodock_mgltools_exh128_gnina,7P2I_MFU,7,19.203243559379057,1.2658883441791118,18.8030120326265,19.203243559379057,True,18.047429853975515,19.203243559379057,1.2658883441791118,18.8030120326265,18.047429853975515,1.2637848200977895,17.798147791715962
equibind_unguided_gnina,7P2I_MFU,7,18.142095006572426,0.9464955164960442,17.94126893642025,18.142095006572426,True,16.75462812710267,18.142095006572422,0.9464955164960442,17.94126893642025,16.75462812710267,0.9563351157800192,16.393283831862792
diffdock_smina,7PJQ_OWH,3,18.251519384369075,0.4564528020030316,17.8111874232068,18.251519384369075,True,18.251519384369075,18.251519384369075,0.4564528020030316,17.8111874232068,18.251519384369075,0.4564528020030316,17.8111874232068
autodock_mgltools_exh128_gnina,7PJQ_OWH,3,4.325187290858051,1.1739689768173196,0.9765206064902042,4.325187290858051,True,4.325187290858051,4.325187290858051,1.1739689768173196,0.9765206064902042,4.325187290858051,1.1739689768173196,0.9765206064902042
equibind_unguided_gnina,7PJQ_OWH,3,27.31482164992113,1.0070391238600207,27.057077876698,27.31482164992113,True,16.213550178384747,27.31482164992113,1.0070391238600207,27.057077876697996,16.213550178384747,1.0010824037443506,15.841098548071091
diffdock_smina,7POM_7VZ,5,34.320096086158934,0.6089372920729137,33.978329398505245,34.320096086158934,True,0.8731298609547775,34.320096086158934,0.6089372920729137,33.978329398505245,0.8731298609547776,0.68332322269136,0.367202694296138
autodock_mgltools_exh128_gnina,7POM_7VZ,5,28.1402735301528,0.6415124639006142,27.22455636013026,28.1402735301528,True,1.1012704882007045,28.140273530152797,0.6415124639006142,27.22455636013026,1.1012704882007045,0.7285271683143327,0.627475530555801
equibind_unguided_gnina,7POM_7VZ,5,21.37300732737228,1.1558159781544868,20.58995665318259,21.37300732737228,True,14.667623758019502,21.373007327372278,1.1558159781544868,20.58995665318259,14.667623758019504,1.134449343619176,13.773137593309492
diffdock_smina,7PRI_7TI,3,51.73814097882239,1.719544035004105,51.48565863822978,51.73814097882239,True,5.034396189663662,51.738140978822386,1.7195440350041047,51.48565863822978,5.034396189663662,1.5340003716463892,0.7434775106383418
autodock_mgltools_exh128_gnina,7PRI_7TI,3,3.684288172971816,1.6586979480497424,1.5166463861510382,3.684288172971816,True,3.684288172971816,3.684288172971816,1.6586979480497424,1.5166463861510382,3.684288172971816,1.6586979480497424,1.5166463861510382
equibind_unguided_gnina,7PRI_7TI,3,25.35867538334761,1.3107149719390965,25.09364981787524,25.35867538334761,False,25.35867538334761,25.358675383347606,1.3107149719390965,25.09364981787524,25.358675383347606,1.3107149719390965,25.09364981787524
diffdock_smina,7PT3_3KK,3,2.3340904395899456,1.9802640600633168,0.9813013972262604,2.4385190326872124,True,2.4385190326872124,2.3340904395899456,1.9802640600633175,0.9813013972262604,2.3340904395899456,1.9802640600633175,0.9813013972262604
autodock_mgltools_exh128_gnina,7PT3_3KK,3,45.97436251792144,5.794977362275099,44.68692041099983,45.97636295624976,True,22.22187472538581,45.974362517921435,5.794977362275099,44.686920410999825,22.217622606332284,5.770796742665179,21.325225030173826
equibind_unguided_gnina,7PT3_3KK,3,30.17594165227154,5.505367012766578,28.398369974128908,30.181945962491845,False,27.23977206187265,30.17594165227154,5.505367012766578,28.398369974128908,27.233939075702473,5.46618915103399,25.5493720751641
diffdock_smina,7PUV_84Z,5,36.377764329417865,0.4785691461938575,36.140831214320656,36.377764329417865,True,0.7540327125971836,36.377764329417865,0.47856914619385754,36.140831214320656,0.7540327125971835,0.5024249153190853,0.4209022021206345
autodock_mgltools_exh128_gnina,7PUV_84Z,5,36.6168105398611,1.839246540483154,36.30838899927476,36.61681053986111,True,2.2606844252165463,36.6168105398611,1.839246540483154,36.30838899927476,2.2606844252165468,1.8827642814217167,0.8293661102784899
equibind_unguided_gnina,7PUV_84Z,5,28.784805598679142,1.9411601878942468,28.67372416955676,28.78480559867914,True,24.642659334213167,28.784805598679142,1.9411601878942468,28.673724169556753,24.64265933421317,1.9590367061956646,24.33748401934254
diffdock_smina,7Q25_8J9,3,1.4798275712413458,1.3687669071829958,0.363003412192678,1.657702271948809,True,1.657702271948809,1.4798275712413458,1.3687669071829958,0.36300341219267807,1.4798275712413458,1.3687669071829958,0.36300341219267807
autodock_mgltools_exh128_gnina,7Q25_8J9,3,12.226123541628048,3.325169137008337,9.323004526244835,12.236993774244926,True,12.236993774244926,12.226123541628047,3.325169137008337,9.323004526244837,12.226123541628047,3.325169137008337,9.323004526244837
equibind_unguided_gnina,7Q25_8J9,3,27.679424906428352,4.243362588751325,26.678023044071832,27.689147558461286,True,27.689147558461286,27.679424906428352,4.243362588751325,26.678023044071832,27.679424906428352,4.243362588751325,26.678023044071832
diffdock_smina,7QE4_NGA,3,64.9822221413262,0.9285317695340232,64.95925726440639,64.9822221413262,True,64.9822221413262,64.9822221413262,0.9285317695340232,64.95925726440639,64.9822221413262,0.9285317695340232,64.95925726440639
autodock_mgltools_exh128_gnina,7QE4_NGA,3,24.559890683537933,1.077016012943287,24.117280679253845,24.559890683537933,True,24.559890683537933,24.559890683537933,1.077016012943287,24.117280679253845,24.559890683537933,1.077016012943287,24.117280679253845
equibind_unguided_gnina,7QE4_NGA,3,44.70773740007427,1.0319355372379826,44.5064867140605,44.70773740007427,True,44.70773740007427,44.70773740007427,1.0319355372379826,44.5064867140605,44.70773740007427,1.0319355372379826,44.5064867140605
diffdock_smina,7QHG_T3B,3,35.0801638845299,1.1983260981735582,34.37853693075495,35.0801638845299,True,1.4991165807298137,35.0801638845299,1.1983260981735582,34.37853693075495,1.499116580729814,1.22089802637704,0.8383042096515535
autodock_mgltools_exh128_gnina,7QHG_T3B,3,32.87302605780525,2.7006640281875054,32.59115762838997,32.87302605780525,True,8.043818486562332,32.87302605780525,2.7006640281875054,32.59115762838997,8.04381848656233,2.6772875266154625,4.138504953188103
equibind_unguided_gnina,7QHG_T3B,3,11.848848979783408,3.293846535328045,10.834037385177009,11.848848979783408,False,11.848848979783408,11.848848979783407,3.293846535328045,10.834037385177009,11.848848979783407,3.293846535328045,10.834037385177009
diffdock_smina,7QHL_D5P,3,51.66926113653714,0.9804011452944924,51.10623768759488,51.66926113653714,True,1.243779407960538,51.66926113653714,0.9804011452944924,51.106237687594884,1.2437794079605378,1.0102179305519714,0.6518806017549886
autodock_mgltools_exh128_gnina,7QHL_D5P,3,51.696384280482654,0.5743037978277111,51.17232209841632,51.69638428048265,True,1.0511130269068754,51.696384280482654,0.5743037978277111,51.172322098416316,1.0511130269068756,0.5500225361991175,0.7990559398162012
equibind_unguided_gnina,7QHL_D5P,3,23.01079510138665,1.7267360636942106,22.61837382635286,23.01079510138665,True,23.010795101386652,23.010795101386652,1.7267360636942106,22.61837382635286,23.010795101386652,1.7267360636942106,22.61837382635286
diffdock_smina,7QTA_URI,3,9.052253830790365,0.8758381539156223,8.846379292412513,9.052253830790365,True,9.052253830790365,9.052253830790365,0.8758381539156223,8.846379292412513,9.052253830790365,0.8758381539156223,8.846379292412513
autodock_mgltools_exh128_gnina,7QTA_URI,3,0.9717506361322998,0.731470657319329,0.173104772761879,0.9717506361322998,True,0.9717506361322998,0.9717506361322998,0.731470657319329,0.17310477276187902,0.9717506361322998,0.731470657319329,0.17310477276187902
equibind_unguided_gnina,7QTA_URI,3,14.952949894192628,0.843399050176905,14.65874429460811,14.952949894192626,True,14.952949894192626,14.952949894192628,0.843399050176905,14.65874429460811,14.952949894192628,0.843399050176905,14.65874429460811
diffdock_smina,7R3D_APR,3,10.715537665102122,2.1149477883191845,9.790612537577625,10.727956858756158,True,10.727956858756158,10.715537665102122,2.1149477883191845,9.790612537577623,10.715537665102122,2.1149477883191845,9.790612537577623
autodock_mgltools_exh128_gnina,7R3D_APR,3,13.409041257487427,2.5518021938512447,8.806308997513739,13.420540996940309,True,13.420540996940309,13.409041257487429,2.5518021938512447,8.806308997513739,13.409041257487429,2.5518021938512447,8.806308997513739
equibind_unguided_gnina,7R3D_APR,3,43.87948119263402,1.847662450411512,43.74497612566172,43.87948119263402,True,13.68297991814202,43.87948119263402,1.847662450411512,43.74497612566172,13.669869424770587,1.8639083414615292,8.115299971511574
diffdock_smina,7R6J_2I7,3,44.28289320173608,3.041106840666526,43.57109019207602,44.28289320173608,True,3.925163112765911,44.28289320173608,3.041106840666526,43.57109019207602,3.925163112765911,2.9136535924068694,1.6812969100006092
autodock_mgltools_exh128_gnina,7R6J_2I7,3,36.60510540750905,2.664112001517049,35.77137815081499,36.60510540750905,True,24.424683208596647,36.60510540750905,2.664112001517049,35.77137815081499,24.424683208596644,2.786692573706404,23.915685960238147
equibind_unguided_gnina,7R6J_2I7,3,39.61718899164091,2.258301226179054,39.34924628948607,39.61718899164092,True,9.51593520234094,39.61718899164091,2.258301226179054,39.34924628948607,9.515935202340941,1.5283697340592448,5.418342208208374
diffdock_smina,7R9N_F97,3,0.7340380365023738,0.5699280163514969,0.43021618451823,0.7340380365023738,True,0.7340380365023738,0.7340380365023738,0.5699280163514969,0.43021618451823,0.7340380365023738,0.5699280163514969,0.43021618451823
autodock_mgltools_exh128_gnina,7R9N_F97,3,58.343767599843225,1.468235998255685,57.725890026772014,58.34376759984323,True,2.4362564055428138,58.343767599843225,1.468235998255685,57.725890026772014,2.4362564055428138,1.4433978035534882,1.152022621721198
equibind_unguided_gnina,7R9N_F97,3,32.9487448743132,1.3837612051196988,32.559775738271675,32.9487448743132,True,26.815728340255596,32.9487448743132,1.3837612051196988,32.559775738271675,26.81572834025559,1.3085678541284778,25.766264346650868
diffdock_smina,7ROR_69X,3,42.5506733592112,0.4969188691360474,41.51747492255829,42.5506733592112,True,0.60157685365807,42.5506733592112,0.49691886913604744,41.51747492255829,0.6015768536580699,0.5058502577895868,0.2647142772955033
autodock_mgltools_exh128_gnina,7ROR_69X,3,6.091494251823603,3.3073693603236234,3.817097217599271,6.1175047894195735,True,6.1175047894195735,6.091494251823603,3.3073693603236234,3.817097217599271,6.091494251823603,3.3073693603236234,3.817097217599271
equibind_unguided_gnina,7ROR_69X,3,7.548192095462331,3.625466553814114,1.8365588859848203,7.548192095462329,False,7.548192095462329,7.548192095462331,3.625466553814114,1.8365588859848203,7.548192095462331,3.625466553814114,1.8365588859848203
diffdock_smina,7RSV_7IQ,3,27.20010571442692,0.206444960975299,26.563557930340394,27.20010571442692,True,0.3289007844320227,27.20010571442692,0.20644496097529905,26.563557930340394,0.3289007844320228,0.20473596836150337,0.15427136172990852
autodock_mgltools_exh128_gnina,7RSV_7IQ,3,27.19822646285967,0.2064894677384292,26.5615630051876,27.19822646285967,True,0.3289323562679715,27.19822646285967,0.20648946773842927,26.561563005187597,0.32893235626797146,0.20478532638342206,0.15545464306349552
equibind_unguided_gnina,7RSV_7IQ,3,10.19508175205084,0.7661305756454398,9.969273544393795,10.19508175205084,True,10.19508175205084,10.19508175205084,0.7661305756454398,9.969273544393795,10.19508175205084,0.7661305756454398,9.969273544393795
diffdock_smina,7RZL_NPO,3,30.310545874579688,0.0753669295745517,30.12756895763248,30.31054587457969,True,23.692211309099036,30.310545874579688,0.07536692957455171,30.127568957632473,23.692211309099033,0.07127581843174857,23.57041945975718
autodock_mgltools_exh128_gnina,7RZL_NPO,3,24.611581035297185,0.4538408115576728,24.47464635286688,24.62113466428792,True,14.256170268939693,24.611581035297185,0.45384081155767286,24.474646352866877,14.224843136463756,0.4357315743248446,14.149103695920111
equibind_unguided_gnina,7RZL_NPO,3,14.456784719293568,0.2418807583697332,14.381401688868854,14.48277187212448,False,14.48277187212448,14.456784719293568,0.24188075836973325,14.381401688868854,14.456784719293568,0.24188075836973325,14.381401688868854
diffdock_smina,7SFO_98L,3,1.3623716253651204,1.3049179981954833,0.1326702934043643,1.3623716253651204,True,1.3623716253651204,1.3623716253651204,1.3049179981954833,0.13267029340436437,1.3623716253651204,1.3049179981954833,0.13267029340436437
autodock_mgltools_exh128_gnina,7SFO_98L,3,29.57322598179644,0.1921629268244213,28.97854234610817,29.573225981796444,True,0.3320258459819055,29.573225981796437,0.19216292682442138,28.97854234610817,0.3320258459819055,0.19423786807122678,0.19537665588293762
equibind_unguided_gnina,7SFO_98L,3,19.52536058443992,1.3025654603454808,18.843169749312985,19.52536058443992,True,14.760912135786189,19.52536058443992,1.3025654603454808,18.843169749312985,14.760912135786189,1.3099227417560295,14.357990454471825
diffdock_smina,7SIU_9ID,3,0.3584134011571449,0.2663283797561016,0.2087026620199961,0.3584134011571449,True,0.3584134011571449,0.3584134011571449,0.2663283797561016,0.20870266201999615,0.3584134011571449,0.2663283797561016,0.20870266201999615
autodock_mgltools_exh128_gnina,7SIU_9ID,3,46.914461165030566,0.8260361690717715,46.18172652212011,46.91446116503057,True,0.8786917063673175,46.914461165030566,0.8260361690717715,46.18172652212011,0.8786917063673176,0.8124839365211676,0.24040367824134962
equibind_unguided_gnina,7SIU_9ID,3,33.32442528691569,1.82593649697658,32.418460244201455,33.32442528691569,True,17.495862113008876,33.32442528691569,1.8259364969765794,32.418460244201455,17.495862113008876,1.8008627755362048,14.354550248934965
diffdock_smina,7SUC_COM,3,14.855979624235967,0.1724668630552634,14.732469925158997,14.904748721560424,True,14.904748721560424,14.855979624235967,0.17246686305526343,14.732469925158997,14.855979624235967,0.17246686305526343,14.732469925158997
autodock_mgltools_exh128_gnina,7SUC_COM,3,14.863690372515164,0.2668364845803314,14.715043857715472,14.910324131908448,True,14.910324131908448,14.863690372515165,0.26683648458033143,14.715043857715473,14.863690372515165,0.26683648458033143,14.715043857715473
equibind_unguided_gnina,7SUC_COM,3,28.19525630805904,0.7649801924535401,28.003195918855333,28.19525630805904,True,28.19525630805904,28.195256308059037,0.7649801924535401,28.003195918855333,28.195256308059037,0.7649801924535401,28.003195918855333
diffdock_smina,7SZA_DUI,3,50.08396013443825,0.2530154268333435,49.70267483839325,50.08396013443825,True,6.141618784815612,50.08396013443825,0.25301542683334355,49.70267483839325,6.141618784815612,0.29300521492242465,1.686034119331518
autodock_mgltools_exh128_gnina,7SZA_DUI,3,2.3054421786286463,1.7369749309292415,0.195533322351974,2.3054421786286468,True,2.3054421786286468,2.3054421786286463,1.7369749309292415,0.19553332235197401,2.3054421786286463,1.7369749309292415,0.19553332235197401
equibind_unguided_gnina,7SZA_DUI,3,25.20468197636106,0.415570146674515,24.74179957285393,25.20468197636106,True,25.20468197636106,25.20468197636106,0.41557014667451503,24.74179957285393,25.20468197636106,0.41557014667451503,24.74179957285393
diffdock_smina,7T1D_E7K,3,11.297165309114964,2.085463128974268,1.8711929234880549,11.297165309114964,True,11.297165309114964,11.297165309114964,2.085463128974268,1.8711929234880547,11.297165309114964,2.085463128974268,1.8711929234880547
autodock_mgltools_exh128_gnina,7T1D_E7K,3,1.5223138114686592,1.3868472017833458,0.555688937079354,1.5223138114686592,True,1.5223138114686592,1.5223138114686592,1.3868472017833458,0.555688937079354,1.5223138114686592,1.3868472017833458,0.555688937079354
equibind_unguided_gnina,7T1D_E7K,3,23.17092842389562,3.6521149945878166,21.12754358695954,23.170928423895624,True,11.791430963976984,23.17092842389562,3.6521149945878166,21.12754358695954,11.791430963976987,3.6568104231206378,9.007275825946973
diffdock_smina,7T3E_SLB,3,0.3351623977374884,0.2245654367206993,0.2275434373821619,0.3351623977374884,True,0.3351623977374884,0.33516239773748846,0.22456543672069937,0.22754343738216193,0.33516239773748846,0.22456543672069937,0.22754343738216193
autodock_mgltools_exh128_gnina,7T3E_SLB,3,35.3787195001122,0.2717064910734181,35.21424251264295,35.380027547177626,True,0.8350923193903556,35.3787195001122,0.27170649107341815,35.21424251264295,0.45930537719888515,0.2640307906313075,0.34742923846008933
equibind_unguided_gnina,7T3E_SLB,3,18.46333147901021,1.9515943257531585,17.927547706755785,18.47438697865623,True,18.47438697865623,18.463331479010215,1.9515943257531583,17.927547706755785,18.463331479010215,1.9515943257531583,17.927547706755785
diffdock_smina,7TB0_UD1,5,26.871820663170364,1.348905644401568,25.26462669721948,26.877172550082776,True,1.5084517601050764,26.871820663170364,1.348905644401568,25.26462669721948,1.5084517601050764,1.35881560662794,0.6023630406121758
autodock_mgltools_exh128_gnina,7TB0_UD1,5,3.2744929363185378,3.0612857007251235,0.8984274022793011,3.2744929363185378,True,3.2744929363185378,3.2744929363185378,3.0612857007251235,0.8984274022793011,3.2744929363185378,3.0612857007251235,0.8984274022793011
equibind_unguided_gnina,7TB0_UD1,5,33.582784675580584,3.7589385633732975,32.83648199474916,33.584963541812456,False,13.404110469907623,33.582784675580584,3.7589385633732975,32.83648199474916,13.404110469907625,3.7627520496462123,12.71780419578888
diffdock_smina,7TBU_S3P,3,37.328232095694005,1.20980883834466,37.17479313055357,37.34087291414061,True,9.05055692775312,37.328232095694005,1.2098088383446601,37.174793130553574,9.003361864603688,1.2700206314598024,7.304327409910642
autodock_mgltools_exh128_gnina,7TBU_S3P,3,42.96019951563453,1.2023721479458376,42.72906806714463,42.96162072010465,True,1.701363041248105,42.96019951563453,1.2023721479458376,42.72906806714463,1.4003585650200454,1.2518176822849596,0.4465220432601248
equibind_unguided_gnina,7TBU_S3P,3,19.0384550174443,1.0046749889686848,18.460412129487988,19.056211222033355,True,19.056211222033355,19.0384550174443,1.0046749889686848,18.460412129487988,19.0384550174443,1.0046749889686848,18.460412129487988
diffdock_smina,7TE8_P0T,3,34.4937886518655,2.1343395916742325,33.902833013871344,34.4937886518655,True,2.7487054840098977,34.4937886518655,2.1343395916742325,33.902833013871344,2.7487054840098977,2.042305394696398,0.9788297766534938
autodock_mgltools_exh128_gnina,7TE8_P0T,3,33.90271418470798,0.3948243479545473,33.20890641675292,33.90271418470798,True,0.7324644069108774,33.90271418470798,0.3948243479545473,33.20890641675292,0.7324644069108774,0.6456700081795967,0.20618636948231206
equibind_unguided_gnina,7TE8_P0T,3,7.180345371946587,1.273588002253494,2.348415960476665,7.180345371946588,False,7.180345371946588,7.180345371946587,1.273588002253494,2.3484159604766646,7.180345371946587,1.273588002253494,2.3484159604766646
diffdock_smina,7TH4_FFO,3,15.378854120416737,2.609496268452756,11.865483111236042,15.382070750160434,True,15.382070750160434,15.378854120416737,2.6094962684527556,11.865483111236042,15.378854120416737,2.6094962684527556,11.865483111236042
autodock_mgltools_exh128_gnina,7TH4_FFO,3,15.42809616634344,2.995934486641798,11.836845406784963,15.431402330780305,True,15.431402330780305,15.42809616634344,2.995934486641798,11.836845406784965,15.42809616634344,2.995934486641798,11.836845406784965
equibind_unguided_gnina,7TH4_FFO,3,27.336970981658865,1.9122979237445363,26.72528100506841,27.33697098165886,True,26.774728658354864,27.336970981658865,1.9122979237445363,26.725281005068414,26.771364226796955,1.954510029873995,25.68731188003503
diffdock_smina,7THI_PGA,3,0.752067342581617,0.480625922171196,0.1652605608212667,0.9457248360678482,True,0.9457248360678482,0.752067342581617,0.48062592217119604,0.16526056082126672,0.752067342581617,0.48062592217119604,0.16526056082126672
autodock_mgltools_exh128_gnina,7THI_PGA,3,0.7621776681179926,0.4571061039571873,0.2402868917988864,0.9378150362530072,True,0.9378150362530072,0.7621776681179926,0.45710610395718737,0.24028689179888646,0.7621776681179926,0.45710610395718737,0.24028689179888646
equibind_unguided_gnina,7THI_PGA,3,5.835477475370422,0.5834326810404022,5.510365588787973,5.910086813519184,True,5.910086813519184,5.835477475370422,0.5834326810404022,5.510365588787973,5.835477475370422,0.5834326810404022,5.510365588787973
diffdock_smina,7TM6_GPJ,3,0.601153635105037,0.4947490919293782,0.2852128498157125,1.6227626791986562,True,1.6227626791986562,0.601153635105037,0.49474909192937827,0.2852128498157125,0.601153635105037,0.49474909192937827,0.2852128498157125
autodock_mgltools_exh128_gnina,7TM6_GPJ,3,0.8151694609098159,0.6081865675234153,0.4035978203608146,0.815169460909816,True,0.815169460909816,0.8151694609098159,0.6081865675234153,0.4035978203608146,0.8151694609098159,0.6081865675234153,0.4035978203608146
equibind_unguided_gnina,7TM6_GPJ,3,23.33155934981629,0.7633177473174444,23.19664911508988,23.359452704932963,True,23.359452704932963,23.331559349816292,0.7633177473174444,23.19664911508988,23.331559349816292,0.7633177473174444,23.19664911508988
diffdock_smina,7TS6_KMI,5,77.64979535132684,1.1807684291295382,77.6325846076632,77.64979535132686,True,21.724949707854872,77.64979535132684,1.1807684291295382,77.6325846076632,21.724949707854872,1.1704527655614945,21.059861602369768
autodock_mgltools_exh128_gnina,7TS6_KMI,5,7.1837001706477634,1.510728223591498,6.560538470781872,7.1837001706477634,True,7.1837001706477634,7.1837001706477634,1.510728223591498,6.560538470781872,7.1837001706477634,1.510728223591498,6.560538470781872
equibind_unguided_gnina,7TS6_KMI,5,44.34637464220789,1.8302437482334333,43.97588610719764,44.34637464220789,True,28.388551703128083,44.34637464220789,1.8302437482334333,43.97588610719764,28.388551703128083,1.8933205911940072,28.223180497164062
diffdock_smina,7TSF_H4B,3,18.92878275554112,0.5745762582050009,18.01138805774882,18.92878275554112,True,6.802927291679836,18.928782755541114,0.5745762582050009,18.01138805774882,6.802927291679836,0.573409290967898,6.665794296622047
autodock_mgltools_exh128_gnina,7TSF_H4B,3,0.328020963282747,0.143070289465036,0.2315681233329545,0.3280209632827471,True,0.3280209632827471,0.32802096328274705,0.143070289465036,0.2315681233329545,0.32802096328274705,0.143070289465036,0.2315681233329545
equibind_unguided_gnina,7TSF_H4B,3,16.643735321735925,0.9453990896445568,16.23264668860545,16.643735321735925,True,6.761821903895428,16.643735321735925,0.9453990896445567,16.23264668860545,6.761821903895429,0.9496877833117873,3.974591382727789
diffdock_smina,7TUO_KL9,3,11.93689196612753,1.3967012337743496,0.7061500774780254,11.936891966127533,True,11.936891966127533,11.93689196612753,1.3967012337743496,0.7061500774780254,11.93689196612753,1.3967012337743496,0.7061500774780254
autodock_mgltools_exh128_gnina,7TUO_KL9,3,0.8823865832691096,0.8317270203052235,0.2208385345047862,0.8823865832691096,True,0.8823865832691096,0.8823865832691096,0.8317270203052235,0.22083853450478624,0.8823865832691096,0.8317270203052235,0.22083853450478624
equibind_unguided_gnina,7TUO_KL9,3,11.297126101816044,3.384136692663247,5.392781867798437,11.297126101816042,False,11.297126101816042,11.297126101816044,3.384136692663247,5.392781867798437,11.297126101816044,3.384136692663247,5.392781867798437
diffdock_smina,7TXK_LW8,3,37.21538049427056,1.6196817434550057,36.97371632241356,37.21611794926135,True,3.768096883043215,37.215380494270555,1.6196817434550055,36.97371632241356,3.767410801421403,1.6261387331358284,1.8745597069060003
autodock_mgltools_exh128_gnina,7TXK_LW8,3,3.1483038895041044,1.275541676904467,1.5305090826402792,3.192851215971916,True,3.192851215971916,3.1483038895041044,1.275541676904467,1.5305090826402792,3.1483038895041044,1.275541676904467,1.5305090826402792
equibind_unguided_gnina,7TXK_LW8,3,26.48392345802764,1.1405169771311234,26.097427247718432,26.48392345802764,True,12.21943393713473,26.483923458027636,1.1405169771311234,26.097427247718432,12.21943393713473,1.1423054259656271,11.813090193348119
diffdock_smina,7TYP_KUR,3,4.175957014670814,1.5706912152066308,1.0392047315781534,4.175957014670814,True,4.175957014670814,4.175957014670814,1.5706912152066308,1.0392047315781534,4.175957014670814,1.5706912152066308,1.0392047315781534
autodock_mgltools_exh128_gnina,7TYP_KUR,3,0.6902933728064758,0.6197978550355452,0.2165742340978984,0.690293372806476,True,0.690293372806476,0.6902933728064758,0.6197978550355452,0.21657423409789842,0.6902933728064758,0.6197978550355452,0.21657423409789842
equibind_unguided_gnina,7TYP_KUR,3,0.9986394953243246,0.862649287229603,0.2830529962741508,0.9986394953243246,False,0.9986394953243246,0.9986394953243246,0.862649287229603,0.2830529962741508,0.9986394953243246,0.862649287229603,0.2830529962741508
diffdock_smina,7UAS_MBU,3,56.77606718866674,1.0611430162315032,56.30298162605123,56.77606718866674,True,1.0695848339425915,56.776067188666744,1.0611430162315032,56.30298162605123,1.0695848339425915,1.0496329224378427,0.11798065026732561
autodock_mgltools_exh128_gnina,7UAS_MBU,3,56.81997432107172,0.3712666643657064,56.329731978962776,56.81997432107172,True,0.4699287363526516,56.81997432107172,0.37126666436570643,56.329731978962776,0.4699287363526516,0.33997909557111805,0.08737669258017053
equibind_unguided_gnina,7UAS_MBU,3,35.08436211341885,3.204599983694938,34.06513076097334,35.08436211341885,True,23.208647553778317,35.08436211341885,3.204599983694938,34.06513076097334,23.20864755377832,3.1928645878724384,22.52678890464279
diffdock_smina,7UAW_MF6,3,38.13424291049788,3.098929964297124,37.41695225055573,38.13424291049788,True,16.320859869233082,38.134242910497875,3.098929964297124,37.416952250555724,16.312973394808022,3.073504262812408,15.505119750855433
autodock_mgltools_exh128_gnina,7UAW_MF6,3,31.82726830958008,3.318058939120313,31.39415391025754,31.82800963578644,False,5.120527749447038,31.827268309580074,3.3180589391203132,31.39415391025754,5.082201884307348,3.2956085538035618,2.141848880023316
equibind_unguided_gnina,7UAW_MF6,3,7.284848195712208,3.0236567386749367,3.756840153490912,7.284848195712208,False,7.284848195712208,7.284848195712208,3.0236567386749367,3.756840153490912,7.284848195712208,3.0236567386749367,3.756840153490912
diffdock_smina,7UJ4_OQ4,3,34.95704566069426,1.9429022558540563,32.88885118594718,34.95704566069426,True,2.269333476686292,34.95704566069426,1.9429022558540565,32.88885118594718,2.269333476686292,1.9879978362550157,0.8458740349673985
autodock_mgltools_exh128_gnina,7UJ4_OQ4,3,33.889473672852375,3.708600861614915,33.03557871994651,33.88947367285238,True,10.392873646059329,33.889473672852375,3.708600861614915,33.03557871994651,10.392873646059329,3.679827029505466,5.265174721138592
equibind_unguided_gnina,7UJ4_OQ4,3,19.58382178644357,2.170026250203604,17.665525847147304,19.58382178644357,True,19.217334823716275,19.58382178644357,2.170026250203604,17.665525847147304,19.217334823716275,2.1310104609718348,17.47494609592858
diffdock_smina,7UJ5_DGL,5,19.87082819547288,0.9218389843481016,19.38350582902381,19.894908940580752,True,1.8735469126765956,19.870828195472882,0.9218389843481016,19.38350582902381,1.284052722437829,0.9222683582799017,0.46311918530762736
autodock_mgltools_exh128_gnina,7UJ5_DGL,5,19.887922796360613,0.0986044978856746,19.446015566501018,19.88792279636061,True,0.2773022430489871,19.887922796360613,0.0986044978856746,19.446015566501018,0.27730224304898715,0.08860263829615857,0.1946446572603467
equibind_unguided_gnina,7UJ5_DGL,5,27.106326352384976,1.2583524115873106,27.0326751787092,27.11693856618037,True,16.900637236565967,27.106326352384976,1.2583524115873106,27.032675178709198,16.900637236565963,1.263720322593581,16.7129434047866
diffdock_smina,7UJF_R3V,5,31.28855681964654,1.8531290787666133,30.228696717722563,31.28855681964654,True,2.1141269548563058,31.28855681964654,1.8531290787666133,30.228696717722563,2.1141269548563053,1.8406668687906358,0.7596380361699133
autodock_mgltools_exh128_gnina,7UJF_R3V,5,52.40972363599085,2.6401663645360736,51.86086237857355,52.40972363599085,True,4.337867594041742,52.409723635990844,2.6401663645360736,51.86086237857355,4.337867594041743,2.628132646946951,0.5627588969563418
equibind_unguided_gnina,7UJF_R3V,5,24.50242234042253,2.1152935375723665,23.766736700574256,24.502422340422537,True,24.502422340422537,24.502422340422534,2.1152935375723665,23.766736700574256,24.502422340422534,2.1152935375723665,23.766736700574256
diffdock_smina,7ULC_56B,3,41.967266280252,2.2271600052939453,41.66771010580818,41.971620196537856,True,23.76980786133637,41.967266280252,2.2271600052939453,41.66771010580818,23.76686111925212,2.2173363014190617,22.89532008946068
autodock_mgltools_exh128_gnina,7ULC_56B,3,50.50914144465397,0.8479789261428946,49.92454656948501,50.511866384561735,True,1.0843488691376033,50.50914144465397,0.8479789261428946,49.92454656948501,0.8951009171139204,0.818525502335271,0.25707493608674
equibind_unguided_gnina,7ULC_56B,3,31.72264691183141,3.063148603262289,31.175330417184423,31.72264691183141,False,25.420762275758097,31.722646911831415,3.0631486032622894,31.175330417184426,25.41967772896113,3.0470056861635775,24.27611181515958
diffdock_smina,7UMW_NAD,3,34.71942849160775,0.9879693771057084,34.13817958965842,34.72302339779564,True,1.099696849652832,34.71942849160775,0.9879693771057083,34.13817958965842,1.099696849652832,0.9779269551028128,0.32301498779449195
autodock_mgltools_exh128_gnina,7UMW_NAD,3,2.445916368478472,2.259855507231342,0.3980915034366598,2.445916368478471,True,2.445916368478471,2.4459163684784713,2.259855507231342,0.39809150343665983,2.4459163684784713,2.259855507231342,0.39809150343665983
equibind_unguided_gnina,7UMW_NAD,3,22.700039057855864,4.502166870972755,21.54478833144401,22.70004366117147,False,20.78589058036944,22.700039057855864,4.502166870972755,21.54478833144401,20.785849739797854,4.5274218277633045,19.28016424258099
diffdock_smina,7UTW_NAI,3,1.0946541908292318,0.989702821538464,0.4394988767802803,1.0946541908292315,True,1.0946541908292315,1.0946541908292318,0.9897028215384641,0.4394988767802803,1.0946541908292318,0.9897028215384641,0.4394988767802803
autodock_mgltools_exh128_gnina,7UTW_NAI,3,11.106092173790351,3.89269703535189,2.2684279276367154,11.122292780513131,True,11.122292780513131,11.106092173790351,3.89269703535189,2.2684279276367154,11.106092173790351,3.89269703535189,2.2684279276367154
equibind_unguided_gnina,7UTW_NAI,3,38.77973431447035,3.0336370002509128,37.62540523981145,38.78174572329569,False,12.603888290054853,38.77973431447035,3.0336370002509128,37.62540523981145,12.599902685807466,3.031299033665422,10.558878658014764
diffdock_smina,7UXS_OJC,3,3.0180823928921674,2.106689069610279,1.6263420270192193,3.0542394403283346,False,3.0542394403283346,3.0180823928921674,2.106689069610279,1.6263420270192193,3.0180823928921674,2.106689069610279,1.6263420270192193
autodock_mgltools_exh128_gnina,7UXS_OJC,3,39.30792329778529,2.339564771116172,38.500166441152025,39.30792329778529,True,31.940082142062725,39.30792329778529,2.3395647711161716,38.500166441152025,31.93790046684794,2.3392146373570686,31.657442242158353
equibind_unguided_gnina,7UXS_OJC,3,11.641672102371842,1.5496929691502628,10.582491248636554,11.641672102371844,True,11.019258238025175,11.641672102371842,1.5496929691502628,10.582491248636554,11.001010901951561,1.5383301606881132,7.436067099468378
diffdock_smina,7UY4_SMI,3,48.11618088791701,0.253412414694625,47.78986150842011,48.11618088791701,True,26.91027912552655,48.11618088791701,0.253412414694625,47.78986150842011,26.910279125526554,0.28849838987627624,26.80742888767839
autodock_mgltools_exh128_gnina,7UY4_SMI,3,7.793924924874716,0.2122243692575112,5.238397361661599,7.793924924874715,True,7.793924924874715,7.793924924874716,0.2122243692575112,5.238397361661599,7.793924924874716,0.2122243692575112,5.238397361661599
equibind_unguided_gnina,7UY4_SMI,3,23.673381729865223,1.1434060591270447,23.32748411223583,23.673381729865223,False,18.6566375124132,23.673381729865223,1.1434060591270447,23.32748411223583,18.656637512413198,1.1542396972182427,17.822633075281793
diffdock_smina,7VB8_STL,3,29.38409943261632,0.2797449188503726,28.7139398972564,29.38409943261632,True,9.372933563379686,29.384099432616313,0.2797449188503726,28.7139398972564,9.372933563379686,0.3046677416708596,6.1379116051862175
autodock_mgltools_exh128_gnina,7VB8_STL,3,9.423745966034575,0.3380124084543416,6.43737267804886,9.423745966034575,True,9.423745966034575,9.423745966034577,0.3380124084543416,6.43737267804886,9.423745966034577,0.3380124084543416,6.43737267804886
equibind_unguided_gnina,7VB8_STL,3,26.758134503141942,0.4967509035459619,25.92747960250952,26.758134503141942,True,8.790798813666077,26.758134503141946,0.4967509035459619,25.927479602509514,8.790798813666077,0.507126075714046,5.465303935121321
diffdock_smina,7VKZ_NOJ,3,1.5742935656697234,0.8915341172317249,0.5503310347132805,1.5742935656697234,True,1.5742935656697234,1.5742935656697234,0.8915341172317249,0.5503310347132805,1.5742935656697234,0.8915341172317249,0.5503310347132805
autodock_mgltools_exh128_gnina,7VKZ_NOJ,3,3.566752736542915,0.948043236799232,0.8666001915913151,3.566752736542914,True,3.566752736542914,3.566752736542915,0.948043236799232,0.8666001915913151,3.566752736542915,0.948043236799232,0.8666001915913151
equibind_unguided_gnina,7VKZ_NOJ,3,18.75700678582903,0.5824142732822436,18.61804518437967,18.757006785829034,True,14.352845779274451,18.75700678582903,0.5824142732822436,18.61804518437967,14.352845779274451,0.5770332627916839,14.083199257646626
diffdock_smina,7VQ9_ISY,3,31.90003499224457,1.396989954059653,31.390485385319696,31.91494054703399,True,6.187834540970578,31.900034992244574,1.3969899540596533,31.390485385319696,6.1045398685264205,1.1903565810815764,5.696247500700324
autodock_mgltools_exh128_gnina,7VQ9_ISY,3,5.568145747528012,1.3284268548633642,4.471296122296681,5.646847586549003,True,5.646847586549003,5.568145747528012,1.3284268548633642,4.471296122296681,5.568145747528012,1.3284268548633642,4.471296122296681
equibind_unguided_gnina,7VQ9_ISY,3,15.118483212918076,1.3804794214156444,14.62535744807383,15.16139758500892,False,14.80990805901335,15.118483212918077,1.3804794214156444,14.62535744807383,14.782314237991097,1.1236104804727018,13.963572036941953
diffdock_smina,7VWF_K55,3,51.91548556213379,0.8184608668523754,51.12797654258514,51.91548556213378,True,1.2268633326372165,51.91548556213379,0.8184608668523754,51.12797654258514,1.2268633326372163,0.8432708495648183,0.7871363852592924
autodock_mgltools_exh128_gnina,7VWF_K55,3,51.64309959063733,0.8388238927966445,50.876070412032426,51.64309959063733,True,1.1029222868856583,51.64309959063733,0.8388238927966445,50.876070412032426,1.1029222868856587,0.8558531421133121,0.5970238795746419
equibind_unguided_gnina,7VWF_K55,3,27.56577285423378,2.4534618762701603,26.86836250574457,27.56577285423378,False,27.56577285423378,27.56577285423378,2.4534618762701603,26.868362505744578,27.56577285423378,2.4534618762701603,26.868362505744578
diffdock_smina,7VYJ_CA0,3,38.3497284468372,1.3964231802203992,37.495592732645214,38.354662436768514,True,4.860259097240361,38.3497284468372,1.3964231802203992,37.495592732645214,4.821055600974989,1.3777180982486132,3.0762099684562467
autodock_mgltools_exh128_gnina,7VYJ_CA0,3,1.1354286147665855,0.779200823333002,0.614324284220808,1.135428614766586,True,1.135428614766586,1.1354286147665857,0.779200823333002,0.614324284220808,1.1354286147665857,0.779200823333002,0.614324284220808
equibind_unguided_gnina,7VYJ_CA0,3,4.34940931197294,1.9061750040935808,1.7973932753249626,4.34940931197294,True,4.34940931197294,4.34940931197294,1.9061750040935814,1.7973932753249626,4.34940931197294,1.9061750040935814,1.7973932753249626
diffdock_smina,7WKL_CAQ,5,27.6034149676041,0.0566320707342517,27.487233722365893,27.6034149676041,True,27.6034149676041,27.6034149676041,0.05663207073425174,27.487233722365893,27.6034149676041,0.05663207073425174,27.487233722365893
autodock_mgltools_exh128_gnina,7WKL_CAQ,5,48.10931154853237,0.0566280116252501,48.03339337634841,48.10931154853237,True,0.2955669107833286,48.10931154853237,0.05662801162525011,48.03339337634841,0.2955669107833286,0.05668685426441266,0.2028765561400684
equibind_unguided_gnina,7WKL_CAQ,5,27.31638582051074,0.0185912308257674,27.27145410382209,27.31638582051074,True,26.81276745171971,27.31638582051074,0.018591230825767496,27.27145410382209,26.812767451719715,0.01841011291013507,26.68708111227463
diffdock_smina,7WL4_JFU,5,1.0902886223381405,0.7215179589608861,0.4121256439712111,1.0902886223381405,True,1.0902886223381405,1.0902886223381403,0.7215179589608861,0.4121256439712111,1.0902886223381403,0.7215179589608861,0.4121256439712111
autodock_mgltools_exh128_gnina,7WL4_JFU,5,30.65855109007349,3.017771724440763,30.24886258622667,30.6585510900735,True,7.156913475074704,30.658551090073498,3.017771724440763,30.24886258622667,7.156913475074704,3.0156059892870832,2.8217343578378244
equibind_unguided_gnina,7WL4_JFU,5,18.74062902190758,2.701454934479828,17.903226827959394,18.74062902190758,True,15.249225972304686,18.74062902190758,2.7014549344798273,17.903226827959394,15.249225972304686,2.698843880195404,14.439282401184304
diffdock_smina,7WUX_6OI,3,36.93078832405924,1.8516771882347467,36.5748629771103,36.93337109159428,True,28.582756677265483,36.93078832405924,1.8516771882347467,36.5748629771103,28.565758476992738,1.8561881667925018,28.18979846851397
autodock_mgltools_exh128_gnina,7WUX_6OI,3,6.498974510010384,1.2876193785108896,0.4381561268010361,6.545892634900687,False,6.545892634900687,6.498974510010384,1.2876193785108896,0.4381561268010361,6.498974510010384,1.2876193785108896,0.4381561268010361
equibind_unguided_gnina,7WUX_6OI,3,31.007247335990566,1.8028447998447368,30.489859267029303,31.01280653426524,True,31.01280653426524,31.007247335990566,1.8028447998447368,30.489859267029303,31.007247335990566,1.8028447998447368,30.489859267029303
diffdock_smina,7WY1_D0L,3,65.33224608081844,0.6780363310571291,65.0082292979835,65.33503136022465,True,0.9917678830483238,65.33224608081844,0.6780363310571291,65.0082292979835,0.9917678830483238,0.6765603318133813,0.5179432087451318
autodock_mgltools_exh128_gnina,7WY1_D0L,3,61.332788846034944,1.818823586664941,60.949321426433386,61.333079818893566,True,9.09663954655784,61.332788846034944,1.818823586664941,60.949321426433386,9.089024851731047,1.8211635857448445,8.102027190503064
equibind_unguided_gnina,7WY1_D0L,3,36.550746902780986,2.8191426709886542,35.69615683431585,36.550746902780986,True,34.769566369682686,36.550746902780986,2.8191426709886542,35.69615683431585,34.769566369682686,2.7855896707382937,34.177050584105935
diffdock_smina,7X5N_5M5,3,0.7534797365114291,0.6253911013402714,0.2001351791498562,0.7534797365114291,True,0.7534797365114291,0.7534797365114291,0.6253911013402714,0.20013517914985623,0.7534797365114291,0.6253911013402714,0.20013517914985623
autodock_mgltools_exh128_gnina,7X5N_5M5,3,37.62971560049318,0.4804694002515055,37.16242448892371,37.62971560049318,True,0.5209415456651546,37.62971560049318,0.4804694002515055,37.16242448892371,0.5209415456651546,0.5009281535869938,0.10850148211994023
equibind_unguided_gnina,7X5N_5M5,3,20.5492351668215,2.286585709666121,19.979580412054613,20.5492351668215,False,20.5492351668215,20.5492351668215,2.286585709666121,19.979580412054613,20.5492351668215,2.286585709666121,19.979580412054613
diffdock_smina,7XG5_PLP,3,0.6604956387062677,0.2804210604034927,0.4131060004140837,1.109805253749504,True,1.109805253749504,0.6604956387062677,0.2804210604034927,0.41310600041408374,0.6604956387062677,0.2804210604034927,0.41310600041408374
autodock_mgltools_exh128_gnina,7XG5_PLP,3,31.73699722303608,0.5543253572873073,31.3274431536884,31.741792750607203,True,0.6215851490343055,31.73699722303608,0.5543253572873073,31.327443153688396,0.6215851490343055,0.5319157800490778,0.2071775014555829
equibind_unguided_gnina,7XG5_PLP,3,19.14532889711613,1.1255562234869894,18.79306272131878,19.14532889711613,False,15.810361874930312,19.14532889711613,1.1255562234869894,18.79306272131878,15.805103005161024,1.1153075530861982,15.323965080361573
diffdock_smina,7XJN_NSD,5,50.889426154086486,0.4943573490995082,50.83945358397755,50.889426154086486,True,0.980434406554337,50.889426154086486,0.49435734909950824,50.83945358397755,0.980434406554337,0.5153225438883203,0.43617800350401026
autodock_mgltools_exh128_gnina,7XJN_NSD,5,51.03902931379518,0.7257717578438788,50.99320176683565,51.03902931379518,True,0.9943790385070588,51.03902931379518,0.7257717578438788,50.99320176683565,0.9943790385070589,0.7294091322211138,0.3155952926857995
equibind_unguided_gnina,7XJN_NSD,5,35.75257268418285,1.7071639232667342,35.61510610427845,35.75257268418285,True,14.48777723707509,35.75257268418285,1.7071639232667342,35.61510610427845,14.48777723707509,1.7078656757769013,14.098314369140418
diffdock_smina,7XPO_UPG,3,18.52483414003573,2.4255995768557184,16.627095400421865,18.529137197615423,True,18.529137197615423,18.52483414003573,2.4255995768557184,16.627095400421865,18.52483414003573,2.4255995768557184,16.627095400421865
autodock_mgltools_exh128_gnina,7XPO_UPG,3,8.999331222621182,2.8220275970361275,0.6131876251917214,8.999331222621182,True,8.999331222621182,8.999331222621182,2.8220275970361275,0.6131876251917214,8.999331222621182,2.8220275970361275,0.6131876251917214
equibind_unguided_gnina,7XPO_UPG,3,7.857492321133165,3.6999282317590168,5.704756247390865,7.876564828936816,False,7.876564828936816,7.857492321133165,3.6999282317590168,5.704756247390865,7.857492321133165,3.6999282317590168,5.704756247390865
diffdock_smina,7XRL_FWK,3,44.83213156698524,1.3623246349080824,44.79320572913922,44.83213156698524,True,32.686855850752835,44.83213156698524,1.3623246349080824,44.793205729139224,32.686855850752835,1.3643119029910775,32.304303105281846
autodock_mgltools_exh128_gnina,7XRL_FWK,3,66.64166384587286,1.193147904910657,66.55563996655319,66.64166384587284,True,27.31593014647988,66.64166384587286,1.193147904910657,66.55563996655319,27.315930146479882,1.1871705295623607,26.922724709818368
equibind_unguided_gnina,7XRL_FWK,3,40.86606408398436,2.0796706917338006,40.73787502946577,40.86606408398435,True,28.96618343899622,40.866064083984355,2.0796706917338006,40.73787502946577,28.966183438996218,2.0729506278499916,28.3754712326868
diffdock_smina,7Z1Q_NIO,3,1.2494513796062652,0.1052495232880821,0.4209954858853034,1.5770195500091655,True,1.5770195500091655,1.2494513796062652,0.10524952328808217,0.42099548588530344,1.2494513796062652,0.10524952328808217,0.42099548588530344
autodock_mgltools_exh128_gnina,7Z1Q_NIO,3,9.452865219721597,0.5991724056652754,9.170305347784494,9.502574236957525,True,9.502574236957525,9.452865219721597,0.5991724056652754,9.170305347784494,9.452865219721597,0.5991724056652754,9.170305347784494
equibind_unguided_gnina,7Z1Q_NIO,3,1.959202782596364,0.3784819021218771,0.9509882767903036,1.959202782596364,True,1.959202782596364,1.9592027825963638,0.3784819021218771,0.9509882767903037,1.9592027825963638,0.3784819021218771,0.9509882767903037
diffdock_smina,7ZCC_OGA,5,40.033340152615295,0.6198692713494237,39.92798125982456,40.04932907846272,True,2.637718103778339,40.033340152615295,0.6198692713494237,39.92798125982456,2.310696989005698,0.6048464605742291,1.299013055708062
autodock_mgltools_exh128_gnina,7ZCC_OGA,5,40.58191185778462,0.3878593589814603,40.49760817236126,40.58873051024138,True,1.2150721678155576,40.58191185778462,0.3878593589814603,40.49760817236126,0.6874496585205342,0.40450435421874364,0.5079653138748697
equibind_unguided_gnina,7ZCC_OGA,5,36.40802680445618,0.9291360236309724,36.34513045111547,36.41945682315979,True,19.190687991679717,36.40802680445618,0.9291360236309725,36.34513045111547,19.17206135849768,0.9367615307661069,18.991715703395528
diffdock_smina,7ZDY_6MJ,3,49.45844492008142,0.8993401455898804,49.29272865010341,49.45844492008142,True,4.597291916691034,49.45844492008142,0.8993401455898804,49.29272865010341,4.597291916691034,0.9082000967723797,4.432054217024495
autodock_mgltools_exh128_gnina,7ZDY_6MJ,3,2.5528842652611923,1.008116906610814,0.9070757256059092,2.5528842652611923,True,2.5528842652611923,2.5528842652611923,1.008116906610814,0.9070757256059093,2.5528842652611923,1.008116906610814,0.9070757256059093
equibind_unguided_gnina,7ZDY_6MJ,3,25.58844736406717,0.7067978243400069,25.4319916117736,25.58844736406717,True,22.405960309581587,25.588447364067175,0.7067978243400069,25.431991611773594,22.405960309581587,0.7221879264679831,22.216929718978196
diffdock_smina,7ZL5_IWE,3,49.60386445091096,0.997197316838888,49.12436697055091,49.60386445091096,True,0.6556502673251023,49.603864450910955,0.997197316838888,49.12436697055091,0.6556502673251023,0.4188323502541938,0.34332604205493056
autodock_mgltools_exh128_gnina,7ZL5_IWE,3,50.27719931318595,1.8127228729500977,49.84994181515472,50.27719931318595,True,2.265996952010691,50.27719931318595,1.8127228729500977,49.849941815154715,2.265996952010691,1.7082188507786247,1.0296890269729113
equibind_unguided_gnina,7ZL5_IWE,3,26.396390027450806,1.6132987292126972,25.7873707654078,26.396390027450806,True,24.767180670913117,26.396390027450806,1.6132987292126972,25.7873707654078,24.767180670913113,1.745085199760999,24.525287805563632
diffdock_smina,7ZZW_KKW,4,54.87282027548668,1.666056337007405,54.09186392236726,54.87282027548667,True,2.2232298901559324,54.87282027548668,1.666056337007405,54.09186392236726,2.2232298901559324,1.673969161563935,0.9801400957581101
autodock_mgltools_exh128_gnina,7ZZW_KKW,4,29.87165600800104,2.4552296995321057,29.126703738318863,29.871656008001043,True,28.66242558361394,29.87165600800104,2.4552296995321057,29.126703738318863,28.66242558361394,2.4436211706553292,27.413967489718377
equibind_unguided_gnina,7ZZW_KKW,4,30.05454467947717,2.1496214563793785,28.967675123503096,30.054544679477168,True,30.054544679477168,30.054544679477175,2.1496214563793785,28.967675123503096,30.054544679477175,2.1496214563793785,28.967675123503096
diffdock_smina,8AQL_PLG,5,26.697617383654293,0.2903119635894707,25.894490201916497,26.697617383654293,True,1.1445121205124915,26.697617383654293,0.2903119635894707,25.894490201916497,0.4481670603692338,0.31170861433765096,0.16086186978274797
autodock_mgltools_exh128_gnina,8AQL_PLG,5,55.101518247059225,0.2894850884999515,54.78659398912794,55.10151824705922,True,1.1368103452203455,55.101518247059225,0.2894850884999515,54.78659398912794,0.4096426747788857,0.3141110607086891,0.10847423680302694
equibind_unguided_gnina,8AQL_PLG,5,10.958923821457104,1.1850430033893613,10.70233211635787,10.978052987415394,True,10.978052987415394,10.958923821457105,1.1850430033893613,10.70233211635787,10.958923821457105,1.1850430033893613,10.70233211635787
diffdock_smina,8AUH_L9I,3,40.5564193533807,1.292035625160166,40.49542897002427,40.5564193533807,True,5.9841088927258,40.5564193533807,1.292035625160166,40.49542897002427,5.9841088927258,1.3930506287049236,4.570746917659003
autodock_mgltools_exh128_gnina,8AUH_L9I,3,4.187039435296408,1.601322015518417,3.4411698828275434,4.187039435296408,True,4.187039435296408,4.187039435296408,1.601322015518417,3.4411698828275434,4.187039435296408,1.601322015518417,3.4411698828275434
equibind_unguided_gnina,8AUH_L9I,3,1.6155380252129907,0.7678344640045911,1.0230327568816653,1.6155380252129905,True,1.6155380252129905,1.6155380252129907,0.7678344640045911,1.0230327568816653,1.6155380252129907,0.7678344640045911,1.0230327568816653
diffdock_smina,8CSD_C5P,3,57.06218108142664,0.7808148950843758,56.84387659607653,57.06218108142663,True,1.161153206740527,57.06218108142664,0.7808148950843758,56.84387659607653,0.930132042853517,0.7646807508169776,0.3983645815312803
autodock_mgltools_exh128_gnina,8CSD_C5P,3,0.920516266119441,0.7735345472403656,0.3385686116686752,1.2002306587842675,True,1.2002306587842675,0.920516266119441,0.7735345472403656,0.3385686116686752,0.920516266119441,0.7735345472403656,0.3385686116686752
equibind_unguided_gnina,8CSD_C5P,3,24.80736858553465,1.948880454989019,24.7046221389872,24.80736858553465,True,24.80736858553465,24.80736858553465,1.948880454989019,24.704622138987194,24.80736858553465,1.948880454989019,24.704622138987194
diffdock_smina,8D19_GSH,3,38.697574472258594,0.8226157375292826,38.37349690259608,38.70197362791722,True,1.4547405150060269,38.697574472258594,0.8226157375292826,38.37349690259608,1.0925407067931154,0.8347437603674398,0.5805261906666952
autodock_mgltools_exh128_gnina,8D19_GSH,3,24.9568037801418,2.301965384995582,24.544850123077246,24.9568037801418,True,24.9568037801418,24.956803780141797,2.301965384995582,24.544850123077246,24.956803780141797,2.301965384995582,24.544850123077246
equibind_unguided_gnina,8D19_GSH,3,18.278334685276995,2.1301806290989505,17.272843005138157,18.278481229494968,True,18.278481229494968,18.278334685276995,2.1301806290989505,17.272843005138157,18.278334685276995,2.1301806290989505,17.272843005138157
diffdock_smina,8D5D_5DK,3,32.77716137474837,0.6906436954845917,31.57960460976249,32.785670802863,True,0.9879422203452692,32.77716137474837,0.6906436954845917,31.724062220876768,0.7525152842055519,0.684052003512845,0.24235542681791977
autodock_mgltools_exh128_gnina,8D5D_5DK,3,32.63293855345138,0.5986020601384686,31.285142820707257,32.64434807192113,True,0.9453027518168942,32.63293855345138,0.5986020601384686,31.531114078917277,0.6638325508406132,0.6210380470075783,0.17232880119170005
equibind_unguided_gnina,8D5D_5DK,3,28.126490211140943,2.7542784449764524,28.04053735137538,28.136603224355543,True,9.007013539520806,28.126490211140943,2.7542784449764524,27.86099274294144,8.998754093453407,2.7710434736581875,5.339964615950404
diffdock_smina,8DKO_TFB,3,29.18309662499424,0.1909145237983991,29.1491196004726,29.192342672330184,True,3.855418634694552,29.18309662499424,0.19091452379839913,29.1491196004726,3.719784674379688,0.18068210245154168,2.5114962319862735
autodock_mgltools_exh128_gnina,8DKO_TFB,3,27.306502051777887,0.3204688197711322,27.14199698324132,27.309981484408773,True,1.1552854209025578,27.306502051777887,0.3204688197711322,27.14199698324132,0.7213018464900804,0.3434629393960751,0.3806136461771326
equibind_unguided_gnina,8DKO_TFB,3,11.395564817122931,0.4274488277423529,10.988386223880015,11.395564817122931,True,11.395564817122931,11.395564817122931,0.4274488277423529,10.988386223880015,11.395564817122931,0.4274488277423529,10.988386223880015
diffdock_smina,8DSC_NCA,3,3.612515968745944,0.064333282024202,0.8030161334725998,3.612515968745944,True,3.612515968745944,3.6125159687459436,0.06433328202420209,0.8030161334725998,3.6125159687459436,0.06433328202420209,0.8030161334725998
autodock_mgltools_exh128_gnina,8DSC_NCA,3,38.07827203658567,0.0531351365331571,37.898838452198,38.07827203658567,True,0.2658243843843778,38.07827203658567,0.053135136533157164,37.898838452198,0.2658243843843778,0.052856110209291596,0.21203712958109042
equibind_unguided_gnina,8DSC_NCA,3,5.74607108224587,0.3966294310713094,5.296853204416355,5.746071082245869,True,5.746071082245869,5.74607108224587,0.3966294310713094,5.296853204416355,5.74607108224587,0.3966294310713094,5.296853204416355
diffdock_smina,8F8E_XJI,3,40.59566804460706,2.7875197409579755,40.09947588203136,40.595668044607066,True,21.741427154445702,40.59566804460706,2.7875197409579755,40.099475882031356,21.741427154445702,2.7689427614551674,21.552981575958704
autodock_mgltools_exh128_gnina,8F8E_XJI,3,30.322824013336767,3.1280090522528483,29.51337304150005,30.32282401333677,True,20.78468225514264,30.322824013336767,3.1280090522528483,29.51337304150005,20.78468225514264,3.1123407721619016,20.453652953004234
equibind_unguided_gnina,8F8E_XJI,3,25.58265707335936,3.2845197869046663,24.79053680104317,25.58265707335936,True,23.144981257477088,25.582657073359357,3.2845197869046663,24.790536801043174,23.144981257477085,3.2965332447307087,22.184066793364053
diffdock_smina,8FAV_4Y5,3,70.92458586974298,0.2400828022112754,70.55908642239385,70.92562561752254,True,0.3781000677229787,70.92458586974298,0.24008280221127548,70.55908642239385,0.37810006772297877,0.2837160847987265,0.21389558084290902
autodock_mgltools_exh128_gnina,8FAV_4Y5,3,0.4154563212282186,0.3463861351341924,0.1990698178718022,0.6903019433771739,True,0.6903019433771739,0.41545632122821863,0.3463861351341924,0.19906981787180228,0.41545632122821863,0.3463861351341924,0.19906981787180228
equibind_unguided_gnina,8FAV_4Y5,3,38.65727062593358,2.3798142238181925,38.47388913709003,38.65727062593357,True,34.31364497032772,38.65727062593358,2.3798142238181925,38.47388913709003,34.31178818438792,2.398189572867612,33.76180770019954
diffdock_smina,8FO5_Y4U,3,47.78154635955798,0.8554196673643067,47.6880991120506,47.78154635955797,True,34.764938738603064,47.78154635955798,0.8554196673643067,47.6880991120506,34.764938738603064,0.873505323650662,34.34242716744422
autodock_mgltools_exh128_gnina,8FO5_Y4U,3,7.6626919667729725,0.2510843577270988,4.890885304304484,7.6626919667729725,True,7.6626919667729725,7.6626919667729725,0.2510843577270988,4.890885304304484,7.6626919667729725,0.2510843577270988,4.890885304304484
equibind_unguided_gnina,8FO5_Y4U,3,42.3833549036439,0.5246337160198551,41.97444323891734,42.3833549036439,True,31.18820151209145,42.3833549036439,0.5246337160198551,41.97444323891734,31.18820151209145,0.517477531390091,30.988783917345263
diffdock_smina,8G0V_YHT,4,0.907907066364089,0.6808942708083502,0.4267381156680304,1.1155427563091636,True,1.1155427563091636,0.907907066364089,0.6808942708083502,0.4267381156680304,0.907907066364089,0.6808942708083502,0.4267381156680304
autodock_mgltools_exh128_gnina,8G0V_YHT,4,41.505583069866816,1.8540509020859388,41.24113415163639,41.50558306986682,True,26.479119306910786,41.505583069866816,1.8540509020859388,41.24113415163639,26.479119306910782,1.8507095718245417,26.37082479252072
equibind_unguided_gnina,8G0V_YHT,4,41.19870494541341,2.569151910846484,40.80554281660714,41.20125772905669,True,28.69232381495629,41.198704945413404,2.569151910846484,40.805542816607144,28.683964791298667,2.562496526354354,27.910112286143146
diffdock_smina,8SLG_G5A,3,2.2725634058709345,1.925386933415204,0.6673435636932111,2.2725634058709345,True,2.2725634058709345,2.2725634058709345,1.925386933415204,0.6673435636932111,2.2725634058709345,1.925386933415204,0.6673435636932111
autodock_mgltools_exh128_gnina,8SLG_G5A,3,1.7756695220342888,1.5601052817520746,0.5861045948616802,1.7756695220342888,True,1.7756695220342888,1.7756695220342888,1.5601052817520746,0.5861045948616802,1.7756695220342888,1.5601052817520746,0.5861045948616802
equibind_unguided_gnina,8SLG_G5A,3,16.45196292595619,2.7572599840969523,15.764277606537966,16.45196292595619,False,16.45196292595619,16.45196292595619,2.7572599840969523,15.764277606537966,16.45196292595619,2.7572599840969523,15.764277606537966
